matcher,modality,pair_id,identity1,identity2,num_keypoints_image1,num_keypoints_image2,num_matches,num_inliers,inlier_ratio,is_same_person_pred,confidence,ground_truth,is_correct,reprojection_error
loftr,finger,FV-USM_genuine_0,080,080,384,384,384,384,1.0000,True,1.0000,True,True,0.1903
orb,finger,FV-USM_genuine_0,080,080,0,0,0,0,,False,,True,False,
sift,finger,FV-USM_genuine_0,080,080,0,0,0,0,,False,,True,False,
superglue,finger,FV-USM_genuine_0,080,080,166,174,64,28,0.4375,False,0.4258,True,False,2.0394
sgmnet,finger,FV-USM_genuine_0,080,080,741,592,334,96,0.2874,False,0.2853,True,False,1.6487
aspanformer,finger,FV-USM_genuine_0,080,080,185,185,185,182,0.9838,True,0.9838,True,True,0.1752
deepdetect,finger,FV-USM_genuine_0,080,080,225,126,0,0,,False,,True,False,
loftr,finger,FV-USM_genuine_1,014,014,69,69,69,63,0.9130,True,0.9130,True,True,0.1280
orb,finger,FV-USM_genuine_1,014,014,0,0,0,0,,False,,True,False,
sift,finger,FV-USM_genuine_1,014,014,0,0,0,0,,False,,True,False,
superglue,finger,FV-USM_genuine_1,014,014,176,129,87,39,0.4483,False,0.4336,True,False,2.1634
sgmnet,finger,FV-USM_genuine_1,014,014,954,863,344,87,0.2529,False,0.2495,True,False,1.7697
aspanformer,finger,FV-USM_genuine_1,014,014,25,25,25,24,0.9600,True,0.9598,True,True,0.1523
deepdetect,finger,FV-USM_genuine_1,014,014,170,104,3,0,,False,,True,False,
loftr,finger,FV-USM_genuine_2,004,004,8,8,8,6,0.7500,True,0.7097,True,True,0.2984
orb,finger,FV-USM_genuine_2,004,004,0,0,0,0,,False,,True,False,
sift,finger,FV-USM_genuine_2,004,004,0,0,0,0,,False,,True,False,
superglue,finger,FV-USM_genuine_2,004,004,130,212,1,0,,False,,True,False,
sgmnet,finger,FV-USM_genuine_2,004,004,778,871,18,7,0.3889,False,0.3727,True,False,0.5187
aspanformer,finger,FV-USM_genuine_2,004,004,0,0,0,0,,False,,True,False,
deepdetect,finger,FV-USM_genuine_2,004,004,100,209,2,0,,False,,True,False,
loftr,finger,FV-USM_genuine_3,093,093,55,55,55,39,0.7091,True,0.7060,True,True,1.5877
orb,finger,FV-USM_genuine_3,093,093,0,0,0,0,,False,,True,False,
sift,finger,FV-USM_genuine_3,093,093,0,0,0,0,,False,,True,False,
superglue,finger,FV-USM_genuine_3,093,093,214,208,4,4,1.0000,True,0.9165,True,True,0.0000
sgmnet,finger,FV-USM_genuine_3,093,093,694,662,214,30,0.1402,False,0.1401,True,False,1.5182
aspanformer,finger,FV-USM_genuine_3,093,093,3,3,3,0,,False,,True,False,
deepdetect,finger,FV-USM_genuine_3,093,093,258,626,14,12,0.8571,True,0.8571,True,True,0.5224
loftr,finger,FV-USM_genuine_4,035,035,168,168,168,130,0.7738,True,0.7738,True,True,1.4010
orb,finger,FV-USM_genuine_4,035,035,0,0,0,0,,False,,True,False,
sift,finger,FV-USM_genuine_4,035,035,0,0,0,0,,False,,True,False,
superglue,finger,FV-USM_genuine_4,035,035,117,107,7,5,0.7143,True,0.6658,True,True,1.2474
sgmnet,finger,FV-USM_genuine_4,035,035,725,699,270,65,0.2407,False,0.2376,True,False,1.7597
aspanformer,finger,FV-USM_genuine_4,035,035,12,12,12,0,,False,,True,False,
deepdetect,finger,FV-USM_genuine_4,035,035,1266,558,0,0,,False,,True,False,
loftr,finger,FV-USM_genuine_5,031,031,3,3,3,0,,False,,True,False,
orb,finger,FV-USM_genuine_5,031,031,0,0,0,0,,False,,True,False,
sift,finger,FV-USM_genuine_5,031,031,1,2,0,0,,False,,True,False,
superglue,finger,FV-USM_genuine_5,031,031,206,190,1,0,,False,,True,False,
sgmnet,finger,FV-USM_genuine_5,031,031,759,700,128,30,0.2344,False,0.2342,True,False,1.5113
aspanformer,finger,FV-USM_genuine_5,031,031,1,1,1,0,,False,,True,False,
deepdetect,finger,FV-USM_genuine_5,031,031,101,148,0,0,,False,,True,False,
loftr,finger,FV-USM_genuine_6,028,028,438,438,438,424,0.9680,True,0.9680,True,True,0.1823
orb,finger,FV-USM_genuine_6,028,028,0,0,0,0,,False,,True,False,
sift,finger,FV-USM_genuine_6,028,028,0,0,0,0,,False,,True,False,
superglue,finger,FV-USM_genuine_6,028,028,111,123,24,10,0.4167,False,0.4070,True,False,1.6118
sgmnet,finger,FV-USM_genuine_6,028,028,781,650,184,52,0.2826,False,0.2794,True,False,1.7255
aspanformer,finger,FV-USM_genuine_6,028,028,23,23,23,23,1.0000,True,0.9997,True,True,0.1408
deepdetect,finger,FV-USM_genuine_6,028,028,102,128,0,0,,False,,True,False,
loftr,finger,FV-USM_genuine_7,018,018,88,88,88,78,0.8864,True,0.8864,True,True,0.5003
orb,finger,FV-USM_genuine_7,018,018,0,0,0,0,,False,,True,False,
sift,finger,FV-USM_genuine_7,018,018,0,0,0,0,,False,,True,False,
superglue,finger,FV-USM_genuine_7,018,018,171,206,2,0,,False,,True,False,
sgmnet,finger,FV-USM_genuine_7,018,018,903,925,151,28,0.1854,False,0.1849,True,False,1.5607
aspanformer,finger,FV-USM_genuine_7,018,018,2,2,2,0,,False,,True,False,
deepdetect,finger,FV-USM_genuine_7,018,018,146,90,25,25,1.0000,True,1.0000,True,True,0.0000
loftr,finger,FV-USM_genuine_8,092,092,16,16,16,11,0.6875,True,0.6786,True,True,0.6216
orb,finger,FV-USM_genuine_8,092,092,0,0,0,0,,False,,True,False,
sift,finger,FV-USM_genuine_8,092,092,0,0,0,0,,False,,True,False,
superglue,finger,FV-USM_genuine_8,092,092,196,231,0,0,,False,,True,False,
sgmnet,finger,FV-USM_genuine_8,092,092,959,950,60,14,0.2333,False,0.2322,True,False,1.3407
aspanformer,finger,FV-USM_genuine_8,092,092,0,0,0,0,,False,,True,False,
deepdetect,finger,FV-USM_genuine_8,092,092,282,179,1,0,,False,,True,False,
loftr,finger,FV-USM_genuine_9,013,013,75,75,75,59,0.7867,True,0.7867,True,True,0.7649
orb,finger,FV-USM_genuine_9,013,013,0,0,0,0,,False,,True,False,
sift,finger,FV-USM_genuine_9,013,013,0,0,0,0,,False,,True,False,
superglue,finger,FV-USM_genuine_9,013,013,173,189,3,0,,False,,True,False,
sgmnet,finger,FV-USM_genuine_9,013,013,1044,897,91,26,0.2857,False,0.2852,True,False,1.5359
aspanformer,finger,FV-USM_genuine_9,013,013,1,1,1,0,,False,,True,False,
deepdetect,finger,FV-USM_genuine_9,013,013,671,271,22,0,,False,,True,False,
loftr,finger,FV-USM_genuine_10,084,084,66,66,66,60,0.9091,True,0.9091,True,True,0.1230
orb,finger,FV-USM_genuine_10,084,084,0,0,0,0,,False,,True,False,
sift,finger,FV-USM_genuine_10,084,084,0,0,0,0,,False,,True,False,
superglue,finger,FV-USM_genuine_10,084,084,171,155,20,11,0.5500,True,0.5396,True,True,1.6211
sgmnet,finger,FV-USM_genuine_10,084,084,1070,1090,410,91,0.2220,False,0.2187,True,False,1.7917
aspanformer,finger,FV-USM_genuine_10,084,084,4,4,4,0,,False,,True,False,
deepdetect,finger,FV-USM_genuine_10,084,084,308,215,1,0,,False,,True,False,
loftr,finger,FV-USM_genuine_11,092,092,75,75,75,62,0.8267,True,0.8267,True,True,1.4262
orb,finger,FV-USM_genuine_11,092,092,0,0,0,0,,False,,True,False,
sift,finger,FV-USM_genuine_11,092,092,0,0,0,0,,False,,True,False,
superglue,finger,FV-USM_genuine_11,092,092,200,214,4,4,1.0000,True,0.9165,True,True,0.0000
sgmnet,finger,FV-USM_genuine_11,092,092,943,881,247,41,0.1660,False,0.1646,True,False,1.6692
aspanformer,finger,FV-USM_genuine_11,092,092,3,3,0,0,,False,,True,False,
deepdetect,finger,FV-USM_genuine_11,092,092,197,154,14,0,,False,,True,False,
loftr,finger,FV-USM_genuine_12,111,111,29,29,29,22,0.7586,True,0.7584,True,True,1.2890
orb,finger,FV-USM_genuine_12,111,111,0,0,0,0,,False,,True,False,
sift,finger,FV-USM_genuine_12,111,111,0,0,0,0,,False,,True,False,
superglue,finger,FV-USM_genuine_12,111,111,223,214,6,0,,False,,True,False,
sgmnet,finger,FV-USM_genuine_12,111,111,934,679,41,10,0.2439,False,0.2396,True,False,1.3133
aspanformer,finger,FV-USM_genuine_12,111,111,1,1,0,0,,False,,True,False,
deepdetect,finger,FV-USM_genuine_12,111,111,272,263,0,0,,False,,True,False,
loftr,finger,FV-USM_genuine_13,068,068,426,426,426,426,1.0000,True,1.0000,True,True,0.1649
orb,finger,FV-USM_genuine_13,068,068,0,0,0,0,,False,,True,False,
sift,finger,FV-USM_genuine_13,068,068,0,0,0,0,,False,,True,False,
superglue,finger,FV-USM_genuine_13,068,068,181,171,16,10,0.6250,True,0.6140,True,True,1.1240
sgmnet,finger,FV-USM_genuine_13,068,068,1035,842,466,159,0.3412,False,0.3378,True,False,1.7023
aspanformer,finger,FV-USM_genuine_13,068,068,14,14,14,14,1.0000,True,0.9950,True,True,0.1595
deepdetect,finger,FV-USM_genuine_13,068,068,2261,543,17,0,,False,,True,False,
loftr,finger,FV-USM_genuine_14,011,011,181,181,181,118,0.6519,True,0.6519,True,True,0.2630
orb,finger,FV-USM_genuine_14,011,011,0,0,0,0,,False,,True,False,
sift,finger,FV-USM_genuine_14,011,011,0,0,0,0,,False,,True,False,
superglue,finger,FV-USM_genuine_14,011,011,201,155,0,0,,False,,True,False,
sgmnet,finger,FV-USM_genuine_14,011,011,909,948,115,23,0.2000,False,0.1959,True,False,1.9125
aspanformer,finger,FV-USM_genuine_14,011,011,1,1,1,0,,False,,True,False,
deepdetect,finger,FV-USM_genuine_14,011,011,455,347,14,11,0.7857,True,0.7857,True,True,1.5925
loftr,finger,FV-USM_genuine_15,074,074,585,585,585,583,0.9966,True,0.9966,True,True,0.2424
orb,finger,FV-USM_genuine_15,074,074,0,0,0,0,,False,,True,False,
sift,finger,FV-USM_genuine_15,074,074,0,0,0,0,,False,,True,False,
superglue,finger,FV-USM_genuine_15,074,074,137,139,71,22,0.3099,False,0.2940,True,False,2.5425
sgmnet,finger,FV-USM_genuine_15,074,074,921,919,459,111,0.2418,False,0.2370,True,False,1.9068
aspanformer,finger,FV-USM_genuine_15,074,074,10,10,10,0,,False,,True,False,
deepdetect,finger,FV-USM_genuine_15,074,074,199,164,0,0,,False,,True,False,
loftr,finger,FV-USM_genuine_16,053,053,50,50,50,42,0.8400,True,0.8400,True,True,0.8621
orb,finger,FV-USM_genuine_16,053,053,0,0,0,0,,False,,True,False,
sift,finger,FV-USM_genuine_16,053,053,0,0,0,0,,False,,True,False,
superglue,finger,FV-USM_genuine_16,053,053,200,184,7,4,0.5714,True,0.5237,True,True,0.0000
sgmnet,finger,FV-USM_genuine_16,053,053,915,661,144,36,0.2500,False,0.2500,True,False,1.4361
aspanformer,finger,FV-USM_genuine_16,053,053,2,2,2,0,,False,,True,False,
deepdetect,finger,FV-USM_genuine_16,053,053,1799,123,123,0,,False,,True,False,
loftr,finger,FV-USM_genuine_17,004,004,69,69,69,52,0.7536,True,0.7304,True,True,2.1263
orb,finger,FV-USM_genuine_17,004,004,0,0,0,0,,False,,True,False,
sift,finger,FV-USM_genuine_17,004,004,0,0,0,0,,False,,True,False,
superglue,finger,FV-USM_genuine_17,004,004,158,183,25,10,0.4000,False,0.3785,True,False,2.2481
sgmnet,finger,FV-USM_genuine_17,004,004,938,888,206,56,0.2718,False,0.2668,True,False,1.8717
aspanformer,finger,FV-USM_genuine_17,004,004,2,2,2,0,,False,,True,False,
deepdetect,finger,FV-USM_genuine_17,004,004,259,592,11,11,1.0000,True,1.0000,True,True,0.0000
loftr,finger,FV-USM_genuine_18,004,004,84,84,84,59,0.7024,True,0.7024,True,True,1.3989
orb,finger,FV-USM_genuine_18,004,004,0,0,0,0,,False,,True,False,
sift,finger,FV-USM_genuine_18,004,004,0,0,0,0,,False,,True,False,
superglue,finger,FV-USM_genuine_18,004,004,155,163,20,8,0.4000,False,0.3810,True,False,1.8265
sgmnet,finger,FV-USM_genuine_18,004,004,906,835,295,69,0.2339,False,0.2305,True,False,1.7949
aspanformer,finger,FV-USM_genuine_18,004,004,3,3,3,0,,False,,True,False,
deepdetect,finger,FV-USM_genuine_18,004,004,497,304,2,0,,False,,True,False,
loftr,finger,FV-USM_genuine_19,012,012,81,81,81,76,0.9383,True,0.9383,True,True,0.6890
orb,finger,FV-USM_genuine_19,012,012,0,0,0,0,,False,,True,False,
sift,finger,FV-USM_genuine_19,012,012,0,0,0,0,,False,,True,False,
superglue,finger,FV-USM_genuine_19,012,012,168,141,9,5,0.5556,True,0.5179,True,True,0.4450
sgmnet,finger,FV-USM_genuine_19,012,012,1032,934,183,51,0.2787,False,0.2769,True,False,1.6293
aspanformer,finger,FV-USM_genuine_19,012,012,3,3,3,0,,False,,True,False,
deepdetect,finger,FV-USM_genuine_19,012,012,277,492,6,0,,False,,True,False,
loftr,finger,FV-USM_genuine_20,028,028,232,232,232,194,0.8362,True,0.8269,True,True,1.7243
orb,finger,FV-USM_genuine_20,028,028,0,0,0,0,,False,,True,False,
sift,finger,FV-USM_genuine_20,028,028,0,0,0,0,,False,,True,False,
superglue,finger,FV-USM_genuine_20,028,028,175,197,43,18,0.4186,False,0.4126,True,False,1.7645
sgmnet,finger,FV-USM_genuine_20,028,028,891,688,136,40,0.2941,False,0.2941,True,False,1.4739
aspanformer,finger,FV-USM_genuine_20,028,028,2,2,2,0,,False,,True,False,
deepdetect,finger,FV-USM_genuine_20,028,028,197,160,0,0,,False,,True,False,
loftr,finger,FV-USM_genuine_21,029,029,282,282,282,247,0.8759,True,0.8759,True,True,1.1225
orb,finger,FV-USM_genuine_21,029,029,0,0,0,0,,False,,True,False,
sift,finger,FV-USM_genuine_21,029,029,0,0,0,0,,False,,True,False,
superglue,finger,FV-USM_genuine_21,029,029,124,127,60,20,0.3333,False,0.3217,True,False,2.1949
sgmnet,finger,FV-USM_genuine_21,029,029,708,727,287,87,0.3031,False,0.2988,True,False,1.7872
aspanformer,finger,FV-USM_genuine_21,029,029,18,18,18,18,1.0000,True,0.9987,True,True,0.0706
deepdetect,finger,FV-USM_genuine_21,029,029,109,93,3,0,,False,,True,False,
loftr,finger,FV-USM_genuine_22,063,063,162,162,162,145,0.8951,True,0.8951,True,True,0.4237
orb,finger,FV-USM_genuine_22,063,063,0,0,0,0,,False,,True,False,
sift,finger,FV-USM_genuine_22,063,063,0,1,0,0,,False,,True,False,
superglue,finger,FV-USM_genuine_22,063,063,122,139,15,8,0.5333,True,0.5164,True,True,1.3824
sgmnet,finger,FV-USM_genuine_22,063,063,880,907,406,122,0.3005,False,0.2975,True,False,1.7001
aspanformer,finger,FV-USM_genuine_22,063,063,14,14,14,14,1.0000,True,0.9950,True,True,0.1395
deepdetect,finger,FV-USM_genuine_22,063,063,105,211,3,0,,False,,True,False,
loftr,finger,FV-USM_genuine_23,075,075,134,134,134,105,0.7836,True,0.7836,True,True,1.1553
orb,finger,FV-USM_genuine_23,075,075,0,0,0,0,,False,,True,False,
sift,finger,FV-USM_genuine_23,075,075,0,0,0,0,,False,,True,False,
superglue,finger,FV-USM_genuine_23,075,075,144,140,5,4,0.8000,True,0.7332,True,True,0.0000
sgmnet,finger,FV-USM_genuine_23,075,075,824,795,384,93,0.2422,False,0.2388,True,False,1.7819
aspanformer,finger,FV-USM_genuine_23,075,075,4,4,4,4,1.0000,True,0.9165,True,True,0.0000
deepdetect,finger,FV-USM_genuine_23,075,075,401,801,1,0,,False,,True,False,
loftr,finger,FV-USM_genuine_24,004,004,36,36,36,28,0.7778,True,0.7767,True,True,1.5257
orb,finger,FV-USM_genuine_24,004,004,0,0,0,0,,False,,True,False,
sift,finger,FV-USM_genuine_24,004,004,0,0,0,0,,False,,True,False,
superglue,finger,FV-USM_genuine_24,004,004,153,206,38,16,0.4211,False,0.4200,True,False,1.3971
sgmnet,finger,FV-USM_genuine_24,004,004,811,952,199,36,0.1809,False,0.1792,True,False,1.6939
aspanformer,finger,FV-USM_genuine_24,004,004,2,2,2,0,,False,,True,False,
deepdetect,finger,FV-USM_genuine_24,004,004,143,195,14,14,1.0000,True,1.0000,True,True,0.1275
loftr,finger,FV-USM_genuine_25,070,070,456,456,456,455,0.9978,True,0.9978,True,True,0.1863
orb,finger,FV-USM_genuine_25,070,070,0,0,0,0,,False,,True,False,
sift,finger,FV-USM_genuine_25,070,070,0,0,0,0,,False,,True,False,
superglue,finger,FV-USM_genuine_25,070,070,161,150,35,13,0.3714,False,0.3620,True,False,1.8748
sgmnet,finger,FV-USM_genuine_25,070,070,935,948,399,123,0.3083,False,0.3060,True,False,1.6473
aspanformer,finger,FV-USM_genuine_25,070,070,10,10,10,10,1.0000,True,0.9823,True,True,0.1145
deepdetect,finger,FV-USM_genuine_25,070,070,556,563,12,12,1.0000,True,1.0000,True,True,0.4781
loftr,finger,FV-USM_genuine_26,025,025,36,36,36,33,0.9167,True,0.9167,True,True,0.1175
orb,finger,FV-USM_genuine_26,025,025,0,0,0,0,,False,,True,False,
sift,finger,FV-USM_genuine_26,025,025,0,0,0,0,,False,,True,False,
superglue,finger,FV-USM_genuine_26,025,025,192,236,0,0,,False,,True,False,
sgmnet,finger,FV-USM_genuine_26,025,025,1152,964,33,10,0.3030,False,0.2977,True,False,1.2725
aspanformer,finger,FV-USM_genuine_26,025,025,1,1,0,0,,False,,True,False,
deepdetect,finger,FV-USM_genuine_26,025,025,724,452,1,0,,False,,True,False,
loftr,finger,FV-USM_genuine_27,089,089,102,102,102,99,0.9706,True,0.9706,True,True,0.1267
orb,finger,FV-USM_genuine_27,089,089,0,0,0,0,,False,,True,False,
sift,finger,FV-USM_genuine_27,089,089,0,0,0,0,,False,,True,False,
superglue,finger,FV-USM_genuine_27,089,089,166,165,15,7,0.4667,False,0.4426,True,False,1.7069
sgmnet,finger,FV-USM_genuine_27,089,089,1017,989,370,79,0.2135,False,0.2106,True,False,1.7794
aspanformer,finger,FV-USM_genuine_27,089,089,4,4,4,0,,False,,True,False,
deepdetect,finger,FV-USM_genuine_27,089,089,151,160,4,0,,False,,True,False,
loftr,finger,FV-USM_genuine_28,081,081,494,494,494,462,0.9352,True,0.9352,True,True,0.3557
orb,finger,FV-USM_genuine_28,081,081,0,0,0,0,,False,,True,False,
sift,finger,FV-USM_genuine_28,081,081,0,0,0,0,,False,,True,False,
superglue,finger,FV-USM_genuine_28,081,081,145,116,72,25,0.3472,False,0.3436,True,False,1.7098
sgmnet,finger,FV-USM_genuine_28,081,081,718,701,253,68,0.2688,False,0.2682,True,False,1.5452
aspanformer,finger,FV-USM_genuine_28,081,081,132,132,132,129,0.9773,True,0.9773,True,True,0.1686
deepdetect,finger,FV-USM_genuine_28,081,081,297,320,1,0,,False,,True,False,
loftr,finger,FV-USM_genuine_29,088,088,303,303,303,279,0.9208,True,0.9208,True,True,1.2029
orb,finger,FV-USM_genuine_29,088,088,0,0,0,0,,False,,True,False,
sift,finger,FV-USM_genuine_29,088,088,0,0,0,0,,False,,True,False,
superglue,finger,FV-USM_genuine_29,088,088,132,181,57,21,0.3684,False,0.3604,True,False,1.9302
sgmnet,finger,FV-USM_genuine_29,088,088,1072,955,245,70,0.2857,False,0.2809,True,False,1.8425
aspanformer,finger,FV-USM_genuine_29,088,088,324,324,324,318,0.9815,True,0.9815,True,True,0.2926
deepdetect,finger,FV-USM_genuine_29,088,088,964,790,10,0,,False,,True,False,
loftr,finger,FV-USM_genuine_30,068,068,142,142,142,123,0.8662,True,0.8662,True,True,0.1956
orb,finger,FV-USM_genuine_30,068,068,0,0,0,0,,False,,True,False,
sift,finger,FV-USM_genuine_30,068,068,0,0,0,0,,False,,True,False,
superglue,finger,FV-USM_genuine_30,068,068,163,159,2,0,,False,,True,False,
sgmnet,finger,FV-USM_genuine_30,068,068,987,805,159,38,0.2390,False,0.2368,True,False,1.6884
aspanformer,finger,FV-USM_genuine_30,068,068,0,0,0,0,,False,,True,False,
deepdetect,finger,FV-USM_genuine_30,068,068,1964,449,143,0,,False,,True,False,
loftr,finger,FV-USM_genuine_31,053,053,114,114,114,72,0.6316,True,0.6231,True,True,1.7694
orb,finger,FV-USM_genuine_31,053,053,0,0,0,0,,False,,True,False,
sift,finger,FV-USM_genuine_31,053,053,0,0,0,0,,False,,True,False,
superglue,finger,FV-USM_genuine_31,053,053,209,244,51,21,0.4118,False,0.4037,True,False,1.8835
sgmnet,finger,FV-USM_genuine_31,053,053,950,692,121,45,0.3719,False,0.3699,True,False,1.6084
aspanformer,finger,FV-USM_genuine_31,053,053,2,2,2,0,,False,,True,False,
deepdetect,finger,FV-USM_genuine_31,053,053,303,38,0,0,,False,,True,False,
loftr,finger,FV-USM_genuine_32,028,028,38,38,38,31,0.8158,True,0.8078,True,True,1.6957
orb,finger,FV-USM_genuine_32,028,028,0,0,0,0,,False,,True,False,
sift,finger,FV-USM_genuine_32,028,028,0,0,0,0,,False,,True,False,
superglue,finger,FV-USM_genuine_32,028,028,150,130,52,22,0.4231,False,0.4159,True,False,1.8371
sgmnet,finger,FV-USM_genuine_32,028,028,857,685,120,34,0.2833,False,0.2794,True,False,1.7784
aspanformer,finger,FV-USM_genuine_32,028,028,5,5,5,0,,False,,True,False,
deepdetect,finger,FV-USM_genuine_32,028,028,204,46,2,0,,False,,True,False,
loftr,finger,FV-USM_genuine_33,056,056,128,128,128,127,0.9922,True,0.9922,True,True,0.1284
orb,finger,FV-USM_genuine_33,056,056,0,0,0,0,,False,,True,False,
sift,finger,FV-USM_genuine_33,056,056,0,0,0,0,,False,,True,False,
superglue,finger,FV-USM_genuine_33,056,056,194,212,20,9,0.4500,False,0.4339,True,False,1.7472
sgmnet,finger,FV-USM_genuine_33,056,056,964,627,120,30,0.2500,False,0.2453,True,False,1.8768
aspanformer,finger,FV-USM_genuine_33,056,056,2,2,2,0,,False,,True,False,
deepdetect,finger,FV-USM_genuine_33,056,056,341,105,0,0,,False,,True,False,
loftr,finger,FV-USM_genuine_34,074,074,121,121,121,89,0.7355,True,0.7355,True,True,1.1882
orb,finger,FV-USM_genuine_34,074,074,0,0,0,0,,False,,True,False,
sift,finger,FV-USM_genuine_34,074,074,0,0,0,0,,False,,True,False,
superglue,finger,FV-USM_genuine_34,074,074,148,145,96,24,0.2500,False,0.2466,True,False,1.7742
sgmnet,finger,FV-USM_genuine_34,074,074,785,879,222,64,0.2883,False,0.2836,True,False,1.8289
aspanformer,finger,FV-USM_genuine_34,074,074,1,1,1,0,,False,,True,False,
deepdetect,finger,FV-USM_genuine_34,074,074,155,317,0,0,,False,,True,False,
loftr,finger,FV-USM_genuine_35,035,035,110,110,110,94,0.8545,True,0.8545,True,True,1.0459
orb,finger,FV-USM_genuine_35,035,035,0,0,0,0,,False,,True,False,
sift,finger,FV-USM_genuine_35,035,035,0,0,0,0,,False,,True,False,
superglue,finger,FV-USM_genuine_35,035,035,137,110,16,7,0.4375,False,0.4082,True,False,2.0333
sgmnet,finger,FV-USM_genuine_35,035,035,731,627,231,51,0.2208,False,0.2190,True,False,1.6603
aspanformer,finger,FV-USM_genuine_35,035,035,8,8,8,0,,False,,True,False,
deepdetect,finger,FV-USM_genuine_35,035,035,390,99,22,0,,False,,True,False,
loftr,finger,FV-USM_genuine_36,101,101,44,44,44,30,0.6818,True,0.6818,True,True,1.1608
orb,finger,FV-USM_genuine_36,101,101,0,0,0,0,,False,,True,False,
sift,finger,FV-USM_genuine_36,101,101,0,0,0,0,,False,,True,False,
superglue,finger,FV-USM_genuine_36,101,101,127,138,28,11,0.3929,False,0.3775,True,False,2.0333
sgmnet,finger,FV-USM_genuine_36,101,101,836,841,248,73,0.2944,False,0.2927,True,False,1.6151
aspanformer,finger,FV-USM_genuine_36,101,101,1,1,1,0,,False,,True,False,
deepdetect,finger,FV-USM_genuine_36,101,101,124,174,0,0,,False,,True,False,
loftr,finger,FV-USM_genuine_37,108,108,156,156,156,135,0.8654,True,0.8654,True,True,1.2056
orb,finger,FV-USM_genuine_37,108,108,0,0,0,0,,False,,True,False,
sift,finger,FV-USM_genuine_37,108,108,0,0,0,0,,False,,True,False,
superglue,finger,FV-USM_genuine_37,108,108,180,202,21,9,0.4286,False,0.4047,True,False,2.1658
sgmnet,finger,FV-USM_genuine_37,108,108,649,649,199,41,0.2060,False,0.2060,True,False,1.4334
aspanformer,finger,FV-USM_genuine_37,108,108,2,2,2,0,,False,,True,False,
deepdetect,finger,FV-USM_genuine_37,108,108,151,88,0,0,,False,,True,False,
loftr,finger,FV-USM_genuine_38,001,001,174,174,174,141,0.8103,True,0.8103,True,True,0.2703
orb,finger,FV-USM_genuine_38,001,001,0,0,0,0,,False,,True,False,
sift,finger,FV-USM_genuine_38,001,001,0,0,0,0,,False,,True,False,
superglue,finger,FV-USM_genuine_38,001,001,153,132,25,9,0.3600,False,0.3398,True,False,2.1736
sgmnet,finger,FV-USM_genuine_38,001,001,810,812,275,47,0.1709,False,0.1683,True,False,1.8105
aspanformer,finger,FV-USM_genuine_38,001,001,7,7,7,0,,False,,True,False,
deepdetect,finger,FV-USM_genuine_38,001,001,359,200,0,0,,False,,True,False,
loftr,finger,FV-USM_genuine_39,095,095,18,18,18,17,0.9444,True,0.9427,True,True,0.1082
orb,finger,FV-USM_genuine_39,095,095,0,0,0,0,,False,,True,False,
sift,finger,FV-USM_genuine_39,095,095,0,0,0,0,,False,,True,False,
superglue,finger,FV-USM_genuine_39,095,095,204,219,1,0,,False,,True,False,
sgmnet,finger,FV-USM_genuine_39,095,095,895,826,141,30,0.2128,False,0.2113,True,False,1.6421
aspanformer,finger,FV-USM_genuine_39,095,095,3,3,3,0,,False,,True,False,
deepdetect,finger,FV-USM_genuine_39,095,095,393,499,0,0,,False,,True,False,
loftr,finger,FV-USM_genuine_40,101,101,207,207,207,198,0.9565,True,0.9565,True,True,0.1454
orb,finger,FV-USM_genuine_40,101,101,0,0,0,0,,False,,True,False,
sift,finger,FV-USM_genuine_40,101,101,0,0,0,0,,False,,True,False,
superglue,finger,FV-USM_genuine_40,101,101,123,143,18,9,0.5000,True,0.4881,True,True,1.2600
sgmnet,finger,FV-USM_genuine_40,101,101,799,600,117,32,0.2735,False,0.2717,True,False,1.6319
aspanformer,finger,FV-USM_genuine_40,101,101,7,7,7,7,1.0000,True,0.9583,True,True,0.1010
deepdetect,finger,FV-USM_genuine_40,101,101,367,242,0,0,,False,,True,False,
loftr,finger,FV-USM_genuine_41,020,020,128,128,128,110,0.8594,True,0.8594,True,True,1.0461
orb,finger,FV-USM_genuine_41,020,020,0,0,0,0,,False,,True,False,
sift,finger,FV-USM_genuine_41,020,020,0,0,0,0,,False,,True,False,
superglue,finger,FV-USM_genuine_41,020,020,163,166,88,24,0.2727,False,0.2637,True,False,2.1728
sgmnet,finger,FV-USM_genuine_41,020,020,1214,1251,584,174,0.2979,False,0.2943,True,False,1.7472
aspanformer,finger,FV-USM_genuine_41,020,020,74,74,74,73,0.9865,True,0.9865,True,True,0.1852
deepdetect,finger,FV-USM_genuine_41,020,020,1086,948,1,0,,False,,True,False,
loftr,finger,FV-USM_genuine_42,087,087,152,152,152,86,0.5658,True,0.5505,True,True,2.0475
orb,finger,FV-USM_genuine_42,087,087,0,0,0,0,,False,,True,False,
sift,finger,FV-USM_genuine_42,087,087,0,0,0,0,,False,,True,False,
superglue,finger,FV-USM_genuine_42,087,087,135,165,4,4,1.0000,True,0.9165,True,True,0.0000
sgmnet,finger,FV-USM_genuine_42,087,087,895,942,39,9,0.2308,False,0.2253,True,False,1.1548
aspanformer,finger,FV-USM_genuine_42,087,087,2,2,0,0,,False,,True,False,
deepdetect,finger,FV-USM_genuine_42,087,087,137,82,0,0,,False,,True,False,
loftr,finger,FV-USM_genuine_43,053,053,382,382,382,377,0.9869,True,0.9869,True,True,0.1695
orb,finger,FV-USM_genuine_43,053,053,0,0,0,0,,False,,True,False,
sift,finger,FV-USM_genuine_43,053,053,0,0,0,0,,False,,True,False,
superglue,finger,FV-USM_genuine_43,053,053,211,236,13,7,0.5385,True,0.5160,True,True,1.2025
sgmnet,finger,FV-USM_genuine_43,053,053,930,683,264,77,0.2917,False,0.2890,True,False,1.6836
aspanformer,finger,FV-USM_genuine_43,053,053,3,3,3,0,,False,,True,False,
deepdetect,finger,FV-USM_genuine_43,053,053,854,429,11,0,,False,,True,False,
loftr,finger,FV-USM_genuine_44,043,043,3,3,3,0,,False,,True,False,
orb,finger,FV-USM_genuine_44,043,043,0,0,0,0,,False,,True,False,
sift,finger,FV-USM_genuine_44,043,043,0,0,0,0,,False,,True,False,
superglue,finger,FV-USM_genuine_44,043,043,169,191,0,0,,False,,True,False,
sgmnet,finger,FV-USM_genuine_44,043,043,915,901,137,23,0.1679,False,0.1678,True,False,1.2001
aspanformer,finger,FV-USM_genuine_44,043,043,0,0,0,0,,False,,True,False,
deepdetect,finger,FV-USM_genuine_44,043,043,252,77,0,0,,False,,True,False,
loftr,finger,FV-USM_genuine_45,035,035,105,105,105,89,0.8476,True,0.8476,True,True,1.1511
orb,finger,FV-USM_genuine_45,035,035,0,0,0,0,,False,,True,False,
sift,finger,FV-USM_genuine_45,035,035,0,0,0,0,,False,,True,False,
superglue,finger,FV-USM_genuine_45,035,035,110,125,32,14,0.4375,False,0.4209,True,False,2.1714
sgmnet,finger,FV-USM_genuine_45,035,035,703,614,163,38,0.2331,False,0.2305,True,False,1.7232
aspanformer,finger,FV-USM_genuine_45,035,035,9,9,9,0,,False,,True,False,
deepdetect,finger,FV-USM_genuine_45,035,035,341,90,15,15,1.0000,True,1.0000,True,True,0.1605
loftr,finger,FV-USM_genuine_46,020,020,109,109,109,88,0.8073,True,0.7761,True,True,2.2880
orb,finger,FV-USM_genuine_46,020,020,0,0,0,0,,False,,True,False,
sift,finger,FV-USM_genuine_46,020,020,0,0,0,0,,False,,True,False,
superglue,finger,FV-USM_genuine_46,020,020,145,155,34,14,0.4118,False,0.4052,True,False,1.7205
sgmnet,finger,FV-USM_genuine_46,020,020,853,1137,174,43,0.2471,False,0.2441,True,False,1.7504
aspanformer,finger,FV-USM_genuine_46,020,020,2,2,2,0,,False,,True,False,
deepdetect,finger,FV-USM_genuine_46,020,020,282,397,21,0,,False,,True,False,
loftr,finger,FV-USM_genuine_47,027,027,303,303,303,300,0.9901,True,0.9901,True,True,0.1725
orb,finger,FV-USM_genuine_47,027,027,0,0,0,0,,False,,True,False,
sift,finger,FV-USM_genuine_47,027,027,0,0,0,0,,False,,True,False,
superglue,finger,FV-USM_genuine_47,027,027,177,135,33,11,0.3333,False,0.3102,True,False,2.6791
sgmnet,finger,FV-USM_genuine_47,027,027,903,868,412,128,0.3107,False,0.3083,True,False,1.6523
aspanformer,finger,FV-USM_genuine_47,027,027,356,356,356,340,0.9551,True,0.9551,True,True,0.1703
deepdetect,finger,FV-USM_genuine_47,027,027,141,115,26,0,,False,,True,False,
loftr,finger,FV-USM_genuine_48,119,119,292,292,292,263,0.9007,True,0.9007,True,True,0.2172
orb,finger,FV-USM_genuine_48,119,119,0,0,0,0,,False,,True,False,
sift,finger,FV-USM_genuine_48,119,119,0,0,0,0,,False,,True,False,
superglue,finger,FV-USM_genuine_48,119,119,126,123,68,19,0.2794,False,0.2714,True,False,2.0593
sgmnet,finger,FV-USM_genuine_48,119,119,1478,1553,414,74,0.1787,False,0.1755,True,False,1.8639
aspanformer,finger,FV-USM_genuine_48,119,119,211,211,211,211,1.0000,True,1.0000,True,True,0.1830
deepdetect,finger,FV-USM_genuine_48,119,119,1113,975,1,0,,False,,True,False,
loftr,finger,FV-USM_genuine_49,095,095,149,149,149,90,0.6040,True,0.5421,True,True,3.6649
orb,finger,FV-USM_genuine_49,095,095,0,0,0,0,,False,,True,False,
sift,finger,FV-USM_genuine_49,095,095,0,0,0,0,,False,,True,False,
superglue,finger,FV-USM_genuine_49,095,095,208,235,4,0,,False,,True,False,
sgmnet,finger,FV-USM_genuine_49,095,095,934,843,64,23,0.3594,False,0.3593,True,False,1.4561
aspanformer,finger,FV-USM_genuine_49,095,095,0,0,0,0,,False,,True,False,
deepdetect,finger,FV-USM_genuine_49,095,095,353,175,0,0,,False,,True,False,
loftr,finger,FV-USM_genuine_50,042,042,119,119,119,114,0.9580,True,0.9580,True,True,1.3604
orb,finger,FV-USM_genuine_50,042,042,0,0,0,0,,False,,True,False,
sift,finger,FV-USM_genuine_50,042,042,0,0,0,0,,False,,True,False,
superglue,finger,FV-USM_genuine_50,042,042,156,179,22,11,0.5000,True,0.4779,True,True,2.1408
sgmnet,finger,FV-USM_genuine_50,042,042,699,793,370,89,0.2405,False,0.2376,True,False,1.7482
aspanformer,finger,FV-USM_genuine_50,042,042,6,6,6,0,,False,,True,False,
deepdetect,finger,FV-USM_genuine_50,042,042,273,247,24,24,1.0000,True,1.0000,True,True,0.3755
loftr,finger,FV-USM_genuine_51,013,013,65,65,65,37,0.5692,True,0.5692,True,True,1.4547
orb,finger,FV-USM_genuine_51,013,013,0,0,0,0,,False,,True,False,
sift,finger,FV-USM_genuine_51,013,013,0,0,0,0,,False,,True,False,
superglue,finger,FV-USM_genuine_51,013,013,194,195,0,0,,False,,True,False,
sgmnet,finger,FV-USM_genuine_51,013,013,1168,1052,9,5,0.5556,True,0.5179,True,True,0.2247
aspanformer,finger,FV-USM_genuine_51,013,013,1,1,0,0,,False,,True,False,
deepdetect,finger,FV-USM_genuine_51,013,013,612,359,1,0,,False,,True,False,
loftr,finger,FV-USM_genuine_52,012,012,22,22,22,18,0.8182,True,0.8171,True,True,1.3365
orb,finger,FV-USM_genuine_52,012,012,0,0,0,0,,False,,True,False,
sift,finger,FV-USM_genuine_52,012,012,0,0,0,0,,False,,True,False,
superglue,finger,FV-USM_genuine_52,012,012,194,174,5,5,1.0000,True,0.9322,True,True,0.5452
sgmnet,finger,FV-USM_genuine_52,012,012,1073,727,49,14,0.2857,False,0.2831,True,False,1.5864
aspanformer,finger,FV-USM_genuine_52,012,012,2,2,0,0,,False,,True,False,
deepdetect,finger,FV-USM_genuine_52,012,012,186,127,0,0,,False,,True,False,
loftr,finger,FV-USM_genuine_53,048,048,183,183,183,181,0.9891,True,0.9891,True,True,0.1416
orb,finger,FV-USM_genuine_53,048,048,0,0,0,0,,False,,True,False,
sift,finger,FV-USM_genuine_53,048,048,0,0,0,0,,False,,True,False,
superglue,finger,FV-USM_genuine_53,048,048,149,154,48,18,0.3750,False,0.3705,True,False,1.7129
sgmnet,finger,FV-USM_genuine_53,048,048,924,812,257,60,0.2335,False,0.2315,True,False,1.6699
aspanformer,finger,FV-USM_genuine_53,048,048,4,4,4,0,,False,,True,False,
deepdetect,finger,FV-USM_genuine_53,048,048,1566,377,26,0,,False,,True,False,
loftr,finger,FV-USM_genuine_54,013,013,207,207,207,171,0.8261,True,0.8261,True,True,1.3783
orb,finger,FV-USM_genuine_54,013,013,0,0,0,0,,False,,True,False,
sift,finger,FV-USM_genuine_54,013,013,0,0,0,0,,False,,True,False,
superglue,finger,FV-USM_genuine_54,013,013,174,175,82,37,0.4512,False,0.4416,True,False,1.9303
sgmnet,finger,FV-USM_genuine_54,013,013,876,955,284,61,0.2148,False,0.2110,True,False,1.8596
aspanformer,finger,FV-USM_genuine_54,013,013,2,2,2,0,,False,,True,False,
deepdetect,finger,FV-USM_genuine_54,013,013,304,352,2,0,,False,,True,False,
loftr,finger,FV-USM_genuine_55,045,045,37,37,37,32,0.8649,True,0.8649,True,True,0.5163
orb,finger,FV-USM_genuine_55,045,045,0,0,0,0,,False,,True,False,
sift,finger,FV-USM_genuine_55,045,045,0,0,0,0,,False,,True,False,
superglue,finger,FV-USM_genuine_55,045,045,137,183,36,11,0.3056,False,0.2939,True,False,2.0132
sgmnet,finger,FV-USM_genuine_55,045,045,1018,911,211,43,0.2038,False,0.2005,True,False,1.8263
aspanformer,finger,FV-USM_genuine_55,045,045,3,3,3,0,,False,,True,False,
deepdetect,finger,FV-USM_genuine_55,045,045,1260,312,26,23,0.8846,True,0.8846,True,True,0.4041
loftr,finger,FV-USM_genuine_56,106,106,207,207,207,149,0.7198,True,0.7198,True,True,1.0757
orb,finger,FV-USM_genuine_56,106,106,0,0,0,0,,False,,True,False,
sift,finger,FV-USM_genuine_56,106,106,0,0,0,0,,False,,True,False,
superglue,finger,FV-USM_genuine_56,106,106,180,192,101,37,0.3663,False,0.3515,True,False,2.3265
sgmnet,finger,FV-USM_genuine_56,106,106,971,801,99,26,0.2626,False,0.2626,True,False,1.4033
aspanformer,finger,FV-USM_genuine_56,106,106,4,4,0,0,,False,,True,False,
deepdetect,finger,FV-USM_genuine_56,106,106,481,231,1,0,,False,,True,False,
loftr,finger,FV-USM_genuine_57,043,043,26,26,26,24,0.9231,True,0.9229,True,True,0.0785
orb,finger,FV-USM_genuine_57,043,043,0,0,0,0,,False,,True,False,
sift,finger,FV-USM_genuine_57,043,043,0,0,0,0,,False,,True,False,
superglue,finger,FV-USM_genuine_57,043,043,174,161,25,12,0.4800,True,0.4643,True,True,1.9729
sgmnet,finger,FV-USM_genuine_57,043,043,936,883,285,82,0.2877,False,0.2835,True,False,1.7961
aspanformer,finger,FV-USM_genuine_57,043,043,3,3,3,0,,False,,True,False,
deepdetect,finger,FV-USM_genuine_57,043,043,417,328,1,0,,False,,True,False,
loftr,finger,FV-USM_genuine_58,075,075,398,398,398,392,0.9849,True,0.9849,True,True,0.1482
orb,finger,FV-USM_genuine_58,075,075,0,0,0,0,,False,,True,False,
sift,finger,FV-USM_genuine_58,075,075,0,0,0,0,,False,,True,False,
superglue,finger,FV-USM_genuine_58,075,075,138,144,68,33,0.4853,True,0.4732,True,True,2.0032
sgmnet,finger,FV-USM_genuine_58,075,075,658,726,364,143,0.3929,False,0.3892,True,False,1.6876
aspanformer,finger,FV-USM_genuine_58,075,075,48,48,48,48,1.0000,True,1.0000,True,True,0.1093
deepdetect,finger,FV-USM_genuine_58,075,075,254,196,4,0,,False,,True,False,
loftr,finger,FV-USM_genuine_59,033,033,95,95,95,89,0.9368,True,0.9368,True,True,0.1470
orb,finger,FV-USM_genuine_59,033,033,0,0,0,0,,False,,True,False,
sift,finger,FV-USM_genuine_59,033,033,0,0,0,0,,False,,True,False,
superglue,finger,FV-USM_genuine_59,033,033,167,169,10,5,0.5000,True,0.4661,True,True,0.7552
sgmnet,finger,FV-USM_genuine_59,033,033,847,815,320,66,0.2062,False,0.2038,True,False,1.7419
aspanformer,finger,FV-USM_genuine_59,033,033,11,11,11,10,0.9091,True,0.8930,True,True,1.3125
deepdetect,finger,FV-USM_genuine_59,033,033,110,150,14,14,1.0000,True,1.0000,True,True,0.1599
loftr,finger,FV-USM_genuine_60,101,101,99,99,99,76,0.7677,True,0.7677,True,True,0.5235
orb,finger,FV-USM_genuine_60,101,101,0,0,0,0,,False,,True,False,
sift,finger,FV-USM_genuine_60,101,101,0,0,0,0,,False,,True,False,
superglue,finger,FV-USM_genuine_60,101,101,132,148,6,4,0.6667,True,0.6110,True,True,0.0000
sgmnet,finger,FV-USM_genuine_60,101,101,844,692,139,29,0.2086,False,0.2086,True,False,1.2629
aspanformer,finger,FV-USM_genuine_60,101,101,12,12,12,12,1.0000,True,0.9905,True,True,0.1077
deepdetect,finger,FV-USM_genuine_60,101,101,422,185,5,0,,False,,True,False,
loftr,finger,FV-USM_genuine_61,006,006,93,93,93,79,0.8495,True,0.8495,True,True,0.1132
orb,finger,FV-USM_genuine_61,006,006,0,0,0,0,,False,,True,False,
sift,finger,FV-USM_genuine_61,006,006,0,0,0,0,,False,,True,False,
superglue,finger,FV-USM_genuine_61,006,006,167,156,51,18,0.3529,False,0.3375,True,False,2.3664
sgmnet,finger,FV-USM_genuine_61,006,006,715,836,176,52,0.2955,False,0.2918,True,False,1.7506
aspanformer,finger,FV-USM_genuine_61,006,006,1,1,1,0,,False,,True,False,
deepdetect,finger,FV-USM_genuine_61,006,006,153,98,1,0,,False,,True,False,
loftr,finger,FV-USM_genuine_62,091,091,124,124,124,106,0.8548,True,0.8548,True,True,0.1822
orb,finger,FV-USM_genuine_62,091,091,0,0,0,0,,False,,True,False,
sift,finger,FV-USM_genuine_62,091,091,0,0,0,0,,False,,True,False,
superglue,finger,FV-USM_genuine_62,091,091,179,160,29,10,0.3448,False,0.3387,True,False,1.3598
sgmnet,finger,FV-USM_genuine_62,091,091,914,741,252,57,0.2262,False,0.2255,True,False,1.5584
aspanformer,finger,FV-USM_genuine_62,091,091,3,3,3,0,,False,,True,False,
deepdetect,finger,FV-USM_genuine_62,091,091,177,86,1,0,,False,,True,False,
loftr,finger,FV-USM_genuine_63,058,058,44,44,44,38,0.8636,True,0.8636,True,True,0.9983
orb,finger,FV-USM_genuine_63,058,058,0,0,0,0,,False,,True,False,
sift,finger,FV-USM_genuine_63,058,058,0,0,0,0,,False,,True,False,
superglue,finger,FV-USM_genuine_63,058,058,167,176,13,6,0.4615,False,0.4367,True,False,1.0592
sgmnet,finger,FV-USM_genuine_63,058,058,1030,1178,64,19,0.2969,False,0.2966,True,False,1.4814
aspanformer,finger,FV-USM_genuine_63,058,058,3,3,0,0,,False,,True,False,
deepdetect,finger,FV-USM_genuine_63,058,058,303,573,2,0,,False,,True,False,
loftr,finger,FV-USM_genuine_64,067,067,69,69,69,52,0.7536,True,0.7536,True,True,1.0478
orb,finger,FV-USM_genuine_64,067,067,0,0,0,0,,False,,True,False,
sift,finger,FV-USM_genuine_64,067,067,0,0,0,0,,False,,True,False,
superglue,finger,FV-USM_genuine_64,067,067,168,130,48,15,0.3125,False,0.2860,True,False,3.1999
sgmnet,finger,FV-USM_genuine_64,067,067,821,577,102,28,0.2745,False,0.2729,True,False,1.6160
aspanformer,finger,FV-USM_genuine_64,067,067,9,9,9,9,1.0000,True,0.9762,True,True,0.1447
deepdetect,finger,FV-USM_genuine_64,067,067,136,185,0,0,,False,,True,False,
loftr,finger,FV-USM_genuine_65,016,016,14,14,14,11,0.7857,True,0.7755,True,True,0.4990
orb,finger,FV-USM_genuine_65,016,016,0,0,0,0,,False,,True,False,
sift,finger,FV-USM_genuine_65,016,016,0,0,0,0,,False,,True,False,
superglue,finger,FV-USM_genuine_65,016,016,206,180,21,7,0.3333,False,0.3194,True,False,1.4474
sgmnet,finger,FV-USM_genuine_65,016,016,1036,1023,169,37,0.2189,False,0.2189,True,False,1.4017
aspanformer,finger,FV-USM_genuine_65,016,016,3,3,3,0,,False,,True,False,
deepdetect,finger,FV-USM_genuine_65,016,016,162,157,3,0,,False,,True,False,
loftr,finger,FV-USM_genuine_66,121,121,84,84,84,59,0.7024,True,0.7024,True,True,1.3006
orb,finger,FV-USM_genuine_66,121,121,0,0,0,0,,False,,True,False,
sift,finger,FV-USM_genuine_66,121,121,0,0,0,0,,False,,True,False,
superglue,finger,FV-USM_genuine_66,121,121,105,113,34,11,0.3235,False,0.3061,True,False,2.3471
sgmnet,finger,FV-USM_genuine_66,121,121,1632,1677,653,135,0.2067,False,0.2030,True,False,1.8616
aspanformer,finger,FV-USM_genuine_66,121,121,13,13,13,11,0.8462,True,0.8352,True,True,0.1806
deepdetect,finger,FV-USM_genuine_66,121,121,2875,2971,14,12,0.8571,True,0.8571,True,True,0.4276
loftr,finger,FV-USM_genuine_67,115,115,75,75,75,58,0.7733,True,0.7733,True,True,1.4462
orb,finger,FV-USM_genuine_67,115,115,0,0,0,0,,False,,True,False,
sift,finger,FV-USM_genuine_67,115,115,0,0,0,0,,False,,True,False,
superglue,finger,FV-USM_genuine_67,115,115,179,191,37,15,0.4054,False,0.3940,True,False,1.9964
sgmnet,finger,FV-USM_genuine_67,115,115,969,991,260,57,0.2192,False,0.2151,True,False,1.8758
aspanformer,finger,FV-USM_genuine_67,115,115,3,3,3,0,,False,,True,False,
deepdetect,finger,FV-USM_genuine_67,115,115,151,269,0,0,,False,,True,False,
loftr,finger,FV-USM_genuine_68,047,047,161,161,161,153,0.9503,True,0.9503,True,True,0.1460
orb,finger,FV-USM_genuine_68,047,047,0,0,0,0,,False,,True,False,
sift,finger,FV-USM_genuine_68,047,047,0,0,0,0,,False,,True,False,
superglue,finger,FV-USM_genuine_68,047,047,173,181,11,7,0.6364,True,0.6098,True,True,1.0885
sgmnet,finger,FV-USM_genuine_68,047,047,616,613,196,45,0.2296,False,0.2294,True,False,1.5208
aspanformer,finger,FV-USM_genuine_68,047,047,5,5,5,0,,False,,True,False,
deepdetect,finger,FV-USM_genuine_68,047,047,57,104,0,0,,False,,True,False,
loftr,finger,FV-USM_genuine_69,010,010,376,376,376,297,0.7899,True,0.7831,True,True,1.6716
orb,finger,FV-USM_genuine_69,010,010,0,0,0,0,,False,,True,False,
sift,finger,FV-USM_genuine_69,010,010,0,0,0,0,,False,,True,False,
superglue,finger,FV-USM_genuine_69,010,010,147,142,54,21,0.3889,False,0.3858,True,False,1.6473
sgmnet,finger,FV-USM_genuine_69,010,010,989,908,435,114,0.2621,False,0.2579,True,False,1.8239
aspanformer,finger,FV-USM_genuine_69,010,010,22,22,22,22,1.0000,True,0.9996,True,True,0.1398
deepdetect,finger,FV-USM_genuine_69,010,010,175,280,0,0,,False,,True,False,
loftr,finger,FV-USM_genuine_70,069,069,14,14,14,13,0.9286,True,0.9222,True,True,0.9677
orb,finger,FV-USM_genuine_70,069,069,0,0,0,0,,False,,True,False,
sift,finger,FV-USM_genuine_70,069,069,0,0,0,0,,False,,True,False,
superglue,finger,FV-USM_genuine_70,069,069,151,148,36,12,0.3333,False,0.3065,True,False,2.9859
sgmnet,finger,FV-USM_genuine_70,069,069,795,678,55,20,0.3636,False,0.3628,True,False,1.5320
aspanformer,finger,FV-USM_genuine_70,069,069,0,0,0,0,,False,,True,False,
deepdetect,finger,FV-USM_genuine_70,069,069,685,67,3,0,,False,,True,False,
loftr,finger,FV-USM_genuine_71,037,037,223,223,223,219,0.9821,True,0.9821,True,True,0.1664
orb,finger,FV-USM_genuine_71,037,037,0,0,0,0,,False,,True,False,
sift,finger,FV-USM_genuine_71,037,037,0,0,0,0,,False,,True,False,
superglue,finger,FV-USM_genuine_71,037,037,142,124,25,8,0.3200,False,0.3042,True,False,1.8646
sgmnet,finger,FV-USM_genuine_71,037,037,906,883,333,99,0.2973,False,0.2927,True,False,1.8129
aspanformer,finger,FV-USM_genuine_71,037,037,14,14,14,14,1.0000,True,0.9950,True,True,0.1190
deepdetect,finger,FV-USM_genuine_71,037,037,116,53,0,0,,False,,True,False,
loftr,finger,FV-USM_genuine_72,103,103,185,185,185,163,0.8811,True,0.8811,True,True,0.1619
orb,finger,FV-USM_genuine_72,103,103,0,0,0,0,,False,,True,False,
sift,finger,FV-USM_genuine_72,103,103,0,0,0,0,,False,,True,False,
superglue,finger,FV-USM_genuine_72,103,103,190,193,20,13,0.6500,True,0.6165,True,True,2.4189
sgmnet,finger,FV-USM_genuine_72,103,103,764,751,335,84,0.2507,False,0.2502,True,False,1.5470
aspanformer,finger,FV-USM_genuine_72,103,103,17,17,17,17,1.0000,True,0.9981,True,True,0.1616
deepdetect,finger,FV-USM_genuine_72,103,103,177,254,14,14,1.0000,True,1.0000,True,True,0.0000
loftr,finger,FV-USM_genuine_73,079,079,107,107,107,83,0.7757,True,0.7757,True,True,1.1419
orb,finger,FV-USM_genuine_73,079,079,0,0,0,0,,False,,True,False,
sift,finger,FV-USM_genuine_73,079,079,0,0,0,0,,False,,True,False,
superglue,finger,FV-USM_genuine_73,079,079,153,173,21,10,0.4762,True,0.4640,True,True,1.6636
sgmnet,finger,FV-USM_genuine_73,079,079,891,631,145,36,0.2483,False,0.2452,True,False,1.7463
aspanformer,finger,FV-USM_genuine_73,079,079,1,1,1,0,,False,,True,False,
deepdetect,finger,FV-USM_genuine_73,079,079,156,87,0,0,,False,,True,False,
loftr,finger,FV-USM_genuine_74,077,077,509,509,509,500,0.9823,True,0.9823,True,True,0.3055
orb,finger,FV-USM_genuine_74,077,077,0,0,0,0,,False,,True,False,
sift,finger,FV-USM_genuine_74,077,077,0,0,0,0,,False,,True,False,
superglue,finger,FV-USM_genuine_74,077,077,186,188,26,13,0.5000,True,0.4897,True,True,1.7762
sgmnet,finger,FV-USM_genuine_74,077,077,836,779,199,51,0.2563,False,0.2549,True,False,1.6069
aspanformer,finger,FV-USM_genuine_74,077,077,7,7,7,0,,False,,True,False,
deepdetect,finger,FV-USM_genuine_74,077,077,211,209,5,5,1.0000,True,1.0000,True,True,0.1929
loftr,finger,FV-USM_genuine_75,110,110,90,90,90,82,0.9111,True,0.9111,True,True,0.6796
orb,finger,FV-USM_genuine_75,110,110,0,0,0,0,,False,,True,False,
sift,finger,FV-USM_genuine_75,110,110,0,0,0,0,,False,,True,False,
superglue,finger,FV-USM_genuine_75,110,110,164,181,4,4,1.0000,True,0.9165,True,True,0.0000
sgmnet,finger,FV-USM_genuine_75,110,110,700,621,169,65,0.3846,False,0.3846,True,False,1.3431
aspanformer,finger,FV-USM_genuine_75,110,110,3,3,3,0,,False,,True,False,
deepdetect,finger,FV-USM_genuine_75,110,110,273,179,0,0,,False,,True,False,
loftr,finger,FV-USM_genuine_76,107,107,173,173,173,140,0.8092,True,0.8092,True,True,1.1716
orb,finger,FV-USM_genuine_76,107,107,0,0,0,0,,False,,True,False,
sift,finger,FV-USM_genuine_76,107,107,0,0,0,0,,False,,True,False,
superglue,finger,FV-USM_genuine_76,107,107,189,166,19,8,0.4211,False,0.4077,True,False,1.2860
sgmnet,finger,FV-USM_genuine_76,107,107,976,979,349,100,0.2865,False,0.2844,True,False,1.6482
aspanformer,finger,FV-USM_genuine_76,107,107,10,10,10,10,1.0000,True,0.9823,True,True,0.1137
deepdetect,finger,FV-USM_genuine_76,107,107,336,435,0,0,,False,,True,False,
loftr,finger,FV-USM_genuine_77,045,045,15,15,15,13,0.8667,True,0.8557,True,True,1.6164
orb,finger,FV-USM_genuine_77,045,045,0,0,0,0,,False,,True,False,
sift,finger,FV-USM_genuine_77,045,045,0,0,0,0,,False,,True,False,
superglue,finger,FV-USM_genuine_77,045,045,183,180,35,16,0.4571,False,0.4432,True,False,2.0688
sgmnet,finger,FV-USM_genuine_77,045,045,911,884,195,30,0.1538,False,0.1506,True,False,1.9313
aspanformer,finger,FV-USM_genuine_77,045,045,2,2,2,0,,False,,True,False,
deepdetect,finger,FV-USM_genuine_77,045,045,312,448,2,0,,False,,True,False,
loftr,finger,FV-USM_genuine_78,072,072,157,157,157,146,0.9299,True,0.9299,True,True,0.1284
orb,finger,FV-USM_genuine_78,072,072,0,0,0,0,,False,,True,False,
sift,finger,FV-USM_genuine_78,072,072,0,0,0,0,,False,,True,False,
superglue,finger,FV-USM_genuine_78,072,072,186,199,6,4,0.6667,True,0.6110,True,True,0.0000
sgmnet,finger,FV-USM_genuine_78,072,072,813,815,214,70,0.3271,False,0.3269,True,False,1.5121
aspanformer,finger,FV-USM_genuine_78,072,072,2,2,2,0,,False,,True,False,
deepdetect,finger,FV-USM_genuine_78,072,072,735,840,9,9,1.0000,True,1.0000,True,True,0.7615
loftr,finger,FV-USM_genuine_79,024,024,97,97,97,89,0.9175,True,0.9175,True,True,1.0400
orb,finger,FV-USM_genuine_79,024,024,0,0,0,0,,False,,True,False,
sift,finger,FV-USM_genuine_79,024,024,0,0,0,0,,False,,True,False,
superglue,finger,FV-USM_genuine_79,024,024,171,178,31,10,0.3226,False,0.3169,True,False,1.3461
sgmnet,finger,FV-USM_genuine_79,024,024,1124,1120,133,22,0.1654,False,0.1654,True,False,1.3940
aspanformer,finger,FV-USM_genuine_79,024,024,2,2,2,0,,False,,True,False,
deepdetect,finger,FV-USM_genuine_79,024,024,399,374,3,0,,False,,True,False,
loftr,finger,FV-USM_genuine_80,088,088,6,6,6,6,1.0000,True,0.9462,True,True,0.2045
orb,finger,FV-USM_genuine_80,088,088,0,0,0,0,,False,,True,False,
sift,finger,FV-USM_genuine_80,088,088,0,0,0,0,,False,,True,False,
superglue,finger,FV-USM_genuine_80,088,088,156,180,20,9,0.4500,False,0.4272,True,False,2.0565
sgmnet,finger,FV-USM_genuine_80,088,088,975,766,113,27,0.2389,False,0.2389,True,False,1.4939
aspanformer,finger,FV-USM_genuine_80,088,088,1,1,0,0,,False,,True,False,
deepdetect,finger,FV-USM_genuine_80,088,088,133,318,0,0,,False,,True,False,
loftr,finger,FV-USM_genuine_81,009,009,49,49,49,45,0.9184,True,0.9184,True,True,1.0002
orb,finger,FV-USM_genuine_81,009,009,0,0,0,0,,False,,True,False,
sift,finger,FV-USM_genuine_81,009,009,0,0,0,0,,False,,True,False,
superglue,finger,FV-USM_genuine_81,009,009,192,206,8,4,0.5000,True,0.4583,True,True,0.0000
sgmnet,finger,FV-USM_genuine_81,009,009,795,809,294,65,0.2211,False,0.2178,True,False,1.8039
aspanformer,finger,FV-USM_genuine_81,009,009,2,2,2,0,,False,,True,False,
deepdetect,finger,FV-USM_genuine_81,009,009,63,79,5,5,1.0000,True,1.0000,True,True,0.0000
loftr,finger,FV-USM_genuine_82,006,006,200,200,200,172,0.8600,True,0.8600,True,True,1.4332
orb,finger,FV-USM_genuine_82,006,006,0,0,0,0,,False,,True,False,
sift,finger,FV-USM_genuine_82,006,006,0,0,0,0,,False,,True,False,
superglue,finger,FV-USM_genuine_82,006,006,162,139,34,12,0.3529,False,0.3396,True,False,2.0803
sgmnet,finger,FV-USM_genuine_82,006,006,763,823,149,27,0.1812,False,0.1797,True,False,1.6703
aspanformer,finger,FV-USM_genuine_82,006,006,2,2,2,0,,False,,True,False,
deepdetect,finger,FV-USM_genuine_82,006,006,143,397,0,0,,False,,True,False,
loftr,finger,FV-USM_genuine_83,083,083,190,190,190,139,0.7316,True,0.7316,True,True,1.4465
orb,finger,FV-USM_genuine_83,083,083,0,0,0,0,,False,,True,False,
sift,finger,FV-USM_genuine_83,083,083,0,0,0,0,,False,,True,False,
superglue,finger,FV-USM_genuine_83,083,083,125,136,11,6,0.5455,True,0.5161,True,True,0.7049
sgmnet,finger,FV-USM_genuine_83,083,083,724,879,194,46,0.2371,False,0.2331,True,False,1.8434
aspanformer,finger,FV-USM_genuine_83,083,083,3,3,3,0,,False,,True,False,
deepdetect,finger,FV-USM_genuine_83,083,083,895,1172,4,0,,False,,True,False,
loftr,finger,FV-USM_genuine_84,029,029,186,186,186,120,0.6452,True,0.6452,True,True,0.2158
orb,finger,FV-USM_genuine_84,029,029,0,0,0,0,,False,,True,False,
sift,finger,FV-USM_genuine_84,029,029,0,0,0,0,,False,,True,False,
superglue,finger,FV-USM_genuine_84,029,029,141,138,40,13,0.3250,False,0.3069,True,False,2.5093
sgmnet,finger,FV-USM_genuine_84,029,029,810,700,254,53,0.2087,False,0.2051,True,False,1.8420
aspanformer,finger,FV-USM_genuine_84,029,029,2,2,2,0,,False,,True,False,
deepdetect,finger,FV-USM_genuine_84,029,029,687,88,18,0,,False,,True,False,
loftr,finger,FV-USM_genuine_85,096,096,516,516,516,512,0.9922,True,0.9922,True,True,0.1769
orb,finger,FV-USM_genuine_85,096,096,0,0,0,0,,False,,True,False,
sift,finger,FV-USM_genuine_85,096,096,0,0,0,0,,False,,True,False,
superglue,finger,FV-USM_genuine_85,096,096,181,196,12,6,0.5000,True,0.4731,True,True,1.3096
sgmnet,finger,FV-USM_genuine_85,096,096,753,775,294,74,0.2517,False,0.2495,True,False,1.6745
aspanformer,finger,FV-USM_genuine_85,096,096,17,17,17,17,1.0000,True,0.9981,True,True,0.1615
deepdetect,finger,FV-USM_genuine_85,096,096,103,104,1,0,,False,,True,False,
loftr,finger,FV-USM_genuine_86,036,036,51,51,51,47,0.9216,True,0.9216,True,True,0.1281
orb,finger,FV-USM_genuine_86,036,036,0,0,0,0,,False,,True,False,
sift,finger,FV-USM_genuine_86,036,036,0,0,0,0,,False,,True,False,
superglue,finger,FV-USM_genuine_86,036,036,132,181,5,0,,False,,True,False,
sgmnet,finger,FV-USM_genuine_86,036,036,1036,1039,320,78,0.2437,False,0.2416,True,False,1.6786
aspanformer,finger,FV-USM_genuine_86,036,036,3,3,3,0,,False,,True,False,
deepdetect,finger,FV-USM_genuine_86,036,036,134,159,1,0,,False,,True,False,
loftr,finger,FV-USM_genuine_87,123,123,53,53,53,43,0.8113,True,0.8113,True,True,0.7140
orb,finger,FV-USM_genuine_87,123,123,0,0,0,0,,False,,True,False,
sift,finger,FV-USM_genuine_87,123,123,0,0,0,0,,False,,True,False,
superglue,finger,FV-USM_genuine_87,123,123,171,117,22,10,0.4545,False,0.4357,True,False,1.9897
sgmnet,finger,FV-USM_genuine_87,123,123,920,1499,161,46,0.2857,False,0.2857,True,False,1.4918
aspanformer,finger,FV-USM_genuine_87,123,123,69,69,69,58,0.8406,True,0.8406,True,True,0.5091
deepdetect,finger,FV-USM_genuine_87,123,123,147,492,12,12,1.0000,True,1.0000,True,True,0.0000
loftr,finger,FV-USM_genuine_88,010,010,71,71,71,55,0.7746,True,0.7746,True,True,0.9625
orb,finger,FV-USM_genuine_88,010,010,0,0,0,0,,False,,True,False,
sift,finger,FV-USM_genuine_88,010,010,0,0,0,0,,False,,True,False,
superglue,finger,FV-USM_genuine_88,010,010,172,155,9,5,0.5556,True,0.5179,True,True,0.5744
sgmnet,finger,FV-USM_genuine_88,010,010,901,834,43,12,0.2791,False,0.2764,True,False,1.2126
aspanformer,finger,FV-USM_genuine_88,010,010,0,0,0,0,,False,,True,False,
deepdetect,finger,FV-USM_genuine_88,010,010,153,155,5,0,,False,,True,False,
loftr,finger,FV-USM_genuine_89,107,107,101,101,101,95,0.9406,True,0.9406,True,True,1.2426
orb,finger,FV-USM_genuine_89,107,107,0,0,0,0,,False,,True,False,
sift,finger,FV-USM_genuine_89,107,107,0,0,0,0,,False,,True,False,
superglue,finger,FV-USM_genuine_89,107,107,171,150,61,20,0.3279,False,0.3090,True,False,2.6699
sgmnet,finger,FV-USM_genuine_89,107,107,972,887,76,19,0.2500,False,0.2498,True,False,1.2588
aspanformer,finger,FV-USM_genuine_89,107,107,1,1,1,0,,False,,True,False,
deepdetect,finger,FV-USM_genuine_89,107,107,101,284,0,0,,False,,True,False,
loftr,finger,FV-USM_genuine_90,029,029,172,172,172,161,0.9360,True,0.9360,True,True,1.3566
orb,finger,FV-USM_genuine_90,029,029,0,0,0,0,,False,,True,False,
sift,finger,FV-USM_genuine_90,029,029,0,0,0,0,,False,,True,False,
superglue,finger,FV-USM_genuine_90,029,029,115,117,26,11,0.4231,False,0.4165,True,False,1.5512
sgmnet,finger,FV-USM_genuine_90,029,029,590,649,227,46,0.2026,False,0.2004,True,False,1.7191
aspanformer,finger,FV-USM_genuine_90,029,029,0,0,0,0,,False,,True,False,
deepdetect,finger,FV-USM_genuine_90,029,029,117,108,0,0,,False,,True,False,
loftr,finger,FV-USM_genuine_91,108,108,149,149,149,144,0.9664,True,0.9664,True,True,0.1472
orb,finger,FV-USM_genuine_91,108,108,0,0,0,0,,False,,True,False,
sift,finger,FV-USM_genuine_91,108,108,0,0,0,0,,False,,True,False,
superglue,finger,FV-USM_genuine_91,108,108,179,187,25,17,0.6800,True,0.6787,True,True,1.1351
sgmnet,finger,FV-USM_genuine_91,108,108,855,653,43,13,0.3023,False,0.3002,True,False,1.0661
aspanformer,finger,FV-USM_genuine_91,108,108,8,8,8,0,,False,,True,False,
deepdetect,finger,FV-USM_genuine_91,108,108,141,110,9,9,1.0000,True,1.0000,True,True,0.1397
loftr,finger,FV-USM_genuine_92,013,013,30,30,30,24,0.8000,True,0.7956,True,True,1.6059
orb,finger,FV-USM_genuine_92,013,013,0,0,0,0,,False,,True,False,
sift,finger,FV-USM_genuine_92,013,013,0,0,0,0,,False,,True,False,
superglue,finger,FV-USM_genuine_92,013,013,210,206,1,0,,False,,True,False,
sgmnet,finger,FV-USM_genuine_92,013,013,931,936,132,22,0.1667,False,0.1655,True,False,1.6281
aspanformer,finger,FV-USM_genuine_92,013,013,0,0,0,0,,False,,True,False,
deepdetect,finger,FV-USM_genuine_92,013,013,295,278,0,0,,False,,True,False,
loftr,finger,FV-USM_genuine_93,048,048,191,191,191,180,0.9424,True,0.9424,True,True,0.1587
orb,finger,FV-USM_genuine_93,048,048,0,0,0,0,,False,,True,False,
sift,finger,FV-USM_genuine_93,048,048,0,0,0,0,,False,,True,False,
superglue,finger,FV-USM_genuine_93,048,048,146,154,70,26,0.3714,False,0.3553,True,False,2.3843
sgmnet,finger,FV-USM_genuine_93,048,048,960,812,187,59,0.3155,False,0.3111,True,False,1.7843
aspanformer,finger,FV-USM_genuine_93,048,048,3,3,3,0,,False,,True,False,
deepdetect,finger,FV-USM_genuine_93,048,048,2149,377,25,0,,False,,True,False,
loftr,finger,FV-USM_genuine_94,035,035,294,294,294,281,0.9558,True,0.9558,True,True,0.1482
orb,finger,FV-USM_genuine_94,035,035,0,0,0,0,,False,,True,False,
sift,finger,FV-USM_genuine_94,035,035,0,0,0,0,,False,,True,False,
superglue,finger,FV-USM_genuine_94,035,035,137,119,12,9,0.7500,True,0.7295,True,True,1.5723
sgmnet,finger,FV-USM_genuine_94,035,035,731,737,277,76,0.2744,False,0.2697,True,False,1.8441
aspanformer,finger,FV-USM_genuine_94,035,035,21,21,21,21,1.0000,True,0.9995,True,True,0.1113
deepdetect,finger,FV-USM_genuine_94,035,035,390,403,31,31,1.0000,True,1.0000,True,True,0.3981
loftr,finger,FV-USM_genuine_95,057,057,74,74,74,72,0.9730,True,0.9730,True,True,0.1051
orb,finger,FV-USM_genuine_95,057,057,0,0,0,0,,False,,True,False,
sift,finger,FV-USM_genuine_95,057,057,0,0,0,0,,False,,True,False,
superglue,finger,FV-USM_genuine_95,057,057,142,143,66,21,0.3182,False,0.3096,True,False,2.0353
sgmnet,finger,FV-USM_genuine_95,057,057,957,964,302,109,0.3609,False,0.3576,True,False,1.6847
aspanformer,finger,FV-USM_genuine_95,057,057,344,344,344,343,0.9971,True,0.9971,True,True,0.2241
deepdetect,finger,FV-USM_genuine_95,057,057,179,149,4,4,1.0000,True,1.0000,True,True,0.0000
loftr,finger,FV-USM_genuine_96,079,079,265,265,265,251,0.9472,True,0.9472,True,True,0.4188
orb,finger,FV-USM_genuine_96,079,079,0,0,0,0,,False,,True,False,
sift,finger,FV-USM_genuine_96,079,079,0,0,0,0,,False,,True,False,
superglue,finger,FV-USM_genuine_96,079,079,164,174,20,8,0.4000,False,0.3873,True,False,0.9570
sgmnet,finger,FV-USM_genuine_96,079,079,633,655,275,44,0.1600,False,0.1600,True,False,1.4650
aspanformer,finger,FV-USM_genuine_96,079,079,12,12,12,11,0.9167,True,0.9048,True,True,0.0685
deepdetect,finger,FV-USM_genuine_96,079,079,188,111,11,0,,False,,True,False,
loftr,finger,FV-USM_genuine_97,104,104,223,223,223,222,0.9955,True,0.9955,True,True,0.1230
orb,finger,FV-USM_genuine_97,104,104,0,0,0,0,,False,,True,False,
sift,finger,FV-USM_genuine_97,104,104,0,0,0,0,,False,,True,False,
superglue,finger,FV-USM_genuine_97,104,104,198,211,46,18,0.3913,False,0.3778,True,False,2.1749
sgmnet,finger,FV-USM_genuine_97,104,104,982,873,241,61,0.2531,False,0.2519,True,False,1.5968
aspanformer,finger,FV-USM_genuine_97,104,104,5,5,5,5,1.0000,True,0.9322,True,True,0.0667
deepdetect,finger,FV-USM_genuine_97,104,104,134,181,1,0,,False,,True,False,
loftr,finger,FV-USM_genuine_98,046,046,46,46,46,33,0.7174,True,0.7174,True,True,0.8790
orb,finger,FV-USM_genuine_98,046,046,0,0,0,0,,False,,True,False,
sift,finger,FV-USM_genuine_98,046,046,0,0,0,0,,False,,True,False,
superglue,finger,FV-USM_genuine_98,046,046,131,165,61,21,0.3443,False,0.3312,True,False,2.2653
sgmnet,finger,FV-USM_genuine_98,046,046,940,938,278,85,0.3058,False,0.3038,True,False,1.6254
aspanformer,finger,FV-USM_genuine_98,046,046,20,20,20,20,1.0000,True,0.9993,True,True,0.7616
deepdetect,finger,FV-USM_genuine_98,046,046,427,281,8,8,1.0000,True,1.0000,True,True,0.1363
loftr,finger,FV-USM_genuine_99,021,021,27,27,27,16,0.5926,True,0.5911,True,True,1.3099
orb,finger,FV-USM_genuine_99,021,021,0,0,0,0,,False,,True,False,
sift,finger,FV-USM_genuine_99,021,021,0,0,0,0,,False,,True,False,
superglue,finger,FV-USM_genuine_99,021,021,181,235,4,0,,False,,True,False,
sgmnet,finger,FV-USM_genuine_99,021,021,970,970,113,22,0.1947,False,0.1920,True,False,1.7724
aspanformer,finger,FV-USM_genuine_99,021,021,1,1,1,0,,False,,True,False,
deepdetect,finger,FV-USM_genuine_99,021,021,241,223,0,0,,False,,True,False,
loftr,finger,FV-USM_genuine_100,046,046,73,73,73,70,0.9589,True,0.9589,True,True,0.0969
orb,finger,FV-USM_genuine_100,046,046,0,0,0,0,,False,,True,False,
sift,finger,FV-USM_genuine_100,046,046,0,0,0,0,,False,,True,False,
superglue,finger,FV-USM_genuine_100,046,046,179,161,7,4,0.5714,True,0.5237,True,True,0.0000
sgmnet,finger,FV-USM_genuine_100,046,046,887,825,285,81,0.2842,False,0.2810,True,False,1.7260
aspanformer,finger,FV-USM_genuine_100,046,046,4,4,4,0,,False,,True,False,
deepdetect,finger,FV-USM_genuine_100,046,046,220,193,0,0,,False,,True,False,
loftr,finger,FV-USM_genuine_101,045,045,34,34,34,23,0.6765,True,0.6763,True,True,1.1448
orb,finger,FV-USM_genuine_101,045,045,0,0,0,0,,False,,True,False,
sift,finger,FV-USM_genuine_101,045,045,0,0,0,0,,False,,True,False,
superglue,finger,FV-USM_genuine_101,045,045,151,201,17,10,0.5882,True,0.5679,True,True,1.8464
sgmnet,finger,FV-USM_genuine_101,045,045,975,883,289,69,0.2388,False,0.2368,True,False,1.6611
aspanformer,finger,FV-USM_genuine_101,045,045,3,3,3,0,,False,,True,False,
deepdetect,finger,FV-USM_genuine_101,045,045,2351,599,15,14,0.9333,True,0.9333,True,True,0.7702
loftr,finger,FV-USM_genuine_102,027,027,81,81,81,72,0.8889,True,0.8889,True,True,0.3357
orb,finger,FV-USM_genuine_102,027,027,0,0,0,0,,False,,True,False,
sift,finger,FV-USM_genuine_102,027,027,0,0,0,0,,False,,True,False,
superglue,finger,FV-USM_genuine_102,027,027,135,150,77,37,0.4805,True,0.4765,True,True,1.6683
sgmnet,finger,FV-USM_genuine_102,027,027,757,799,326,116,0.3558,False,0.3502,True,False,1.8206
aspanformer,finger,FV-USM_genuine_102,027,027,524,524,524,524,1.0000,True,1.0000,True,True,0.2528
deepdetect,finger,FV-USM_genuine_102,027,027,108,153,7,7,1.0000,True,1.0000,True,True,0.2217
loftr,finger,FV-USM_genuine_103,084,084,96,96,96,60,0.6250,True,0.6198,True,True,1.6677
orb,finger,FV-USM_genuine_103,084,084,0,0,0,0,,False,,True,False,
sift,finger,FV-USM_genuine_103,084,084,0,0,0,0,,False,,True,False,
superglue,finger,FV-USM_genuine_103,084,084,152,149,6,0,,False,,True,False,
sgmnet,finger,FV-USM_genuine_103,084,084,813,1019,68,14,0.2059,False,0.2049,True,False,1.3370
aspanformer,finger,FV-USM_genuine_103,084,084,1,1,0,0,,False,,True,False,
deepdetect,finger,FV-USM_genuine_103,084,084,318,490,0,0,,False,,True,False,
loftr,finger,FV-USM_genuine_104,034,034,131,131,131,103,0.7863,True,0.7863,True,True,0.1660
orb,finger,FV-USM_genuine_104,034,034,0,0,0,0,,False,,True,False,
sift,finger,FV-USM_genuine_104,034,034,0,0,0,0,,False,,True,False,
superglue,finger,FV-USM_genuine_104,034,034,150,176,11,7,0.6364,True,0.6098,True,True,1.3513
sgmnet,finger,FV-USM_genuine_104,034,034,971,817,152,52,0.3421,False,0.3378,True,False,1.7553
aspanformer,finger,FV-USM_genuine_104,034,034,2,2,2,0,,False,,True,False,
deepdetect,finger,FV-USM_genuine_104,034,034,219,526,0,0,,False,,True,False,
loftr,finger,FV-USM_genuine_105,088,088,230,230,230,221,0.9609,True,0.9609,True,True,0.2707
orb,finger,FV-USM_genuine_105,088,088,0,0,0,0,,False,,True,False,
sift,finger,FV-USM_genuine_105,088,088,0,0,0,0,,False,,True,False,
superglue,finger,FV-USM_genuine_105,088,088,127,162,36,13,0.3611,False,0.3379,True,False,2.6928
sgmnet,finger,FV-USM_genuine_105,088,088,1017,825,267,64,0.2397,False,0.2372,True,False,1.7137
aspanformer,finger,FV-USM_genuine_105,088,088,140,140,140,133,0.9500,True,0.9500,True,True,0.4890
deepdetect,finger,FV-USM_genuine_105,088,088,1332,954,16,15,0.9375,True,0.9375,True,True,1.9862
loftr,finger,FV-USM_genuine_106,117,117,13,13,13,8,0.6154,True,0.5958,True,True,0.6181
orb,finger,FV-USM_genuine_106,117,117,0,0,0,0,,False,,True,False,
sift,finger,FV-USM_genuine_106,117,117,0,0,0,0,,False,,True,False,
superglue,finger,FV-USM_genuine_106,117,117,178,149,62,19,0.3065,False,0.2957,True,False,2.1967
sgmnet,finger,FV-USM_genuine_106,117,117,1025,1418,118,28,0.2373,False,0.2361,True,False,1.5991
aspanformer,finger,FV-USM_genuine_106,117,117,0,0,0,0,,False,,True,False,
deepdetect,finger,FV-USM_genuine_106,117,117,136,350,0,0,,False,,True,False,
loftr,finger,FV-USM_genuine_107,085,085,192,192,192,147,0.7656,True,0.7656,True,True,1.4819
orb,finger,FV-USM_genuine_107,085,085,0,0,0,0,,False,,True,False,
sift,finger,FV-USM_genuine_107,085,085,0,0,0,0,,False,,True,False,
superglue,finger,FV-USM_genuine_107,085,085,172,110,31,10,0.3226,False,0.3099,True,False,1.9484
sgmnet,finger,FV-USM_genuine_107,085,085,685,666,204,54,0.2647,False,0.2616,True,False,1.7368
aspanformer,finger,FV-USM_genuine_107,085,085,13,13,13,0,,False,,True,False,
deepdetect,finger,FV-USM_genuine_107,085,085,54,188,0,0,,False,,True,False,
loftr,finger,FV-USM_genuine_108,081,081,25,25,25,19,0.7600,True,0.7593,True,True,0.9359
orb,finger,FV-USM_genuine_108,081,081,0,0,0,0,,False,,True,False,
sift,finger,FV-USM_genuine_108,081,081,0,0,0,0,,False,,True,False,
superglue,finger,FV-USM_genuine_108,081,081,137,131,17,9,0.5294,True,0.5100,True,True,1.7657
sgmnet,finger,FV-USM_genuine_108,081,081,651,664,205,46,0.2244,False,0.2208,True,False,1.8227
aspanformer,finger,FV-USM_genuine_108,081,081,100,100,100,100,1.0000,True,1.0000,True,True,0.1998
deepdetect,finger,FV-USM_genuine_108,081,081,119,125,14,14,1.0000,True,1.0000,True,True,0.3595
loftr,finger,FV-USM_genuine_109,009,009,54,54,54,51,0.9444,True,0.9444,True,True,0.1166
orb,finger,FV-USM_genuine_109,009,009,0,0,0,0,,False,,True,False,
sift,finger,FV-USM_genuine_109,009,009,0,0,0,0,,False,,True,False,
superglue,finger,FV-USM_genuine_109,009,009,147,189,8,5,0.6250,True,0.5826,True,True,0.5441
sgmnet,finger,FV-USM_genuine_109,009,009,968,979,279,59,0.2115,False,0.2103,True,False,1.6155
aspanformer,finger,FV-USM_genuine_109,009,009,7,7,7,7,1.0000,True,0.9583,True,True,0.0616
deepdetect,finger,FV-USM_genuine_109,009,009,187,185,1,0,,False,,True,False,
loftr,finger,FV-USM_genuine_110,076,076,101,101,101,70,0.6931,True,0.6931,True,True,1.2733
orb,finger,FV-USM_genuine_110,076,076,0,0,0,0,,False,,True,False,
sift,finger,FV-USM_genuine_110,076,076,0,0,0,0,,False,,True,False,
superglue,finger,FV-USM_genuine_110,076,076,148,188,50,14,0.2800,False,0.2673,True,False,2.3299
sgmnet,finger,FV-USM_genuine_110,076,076,862,793,242,59,0.2438,False,0.2407,True,False,1.7599
aspanformer,finger,FV-USM_genuine_110,076,076,3,3,3,0,,False,,True,False,
deepdetect,finger,FV-USM_genuine_110,076,076,1167,145,0,0,,False,,True,False,
loftr,finger,FV-USM_genuine_111,079,079,108,108,108,76,0.7037,True,0.7037,True,True,1.4563
orb,finger,FV-USM_genuine_111,079,079,0,0,0,0,,False,,True,False,
sift,finger,FV-USM_genuine_111,079,079,0,0,0,0,,False,,True,False,
superglue,finger,FV-USM_genuine_111,079,079,173,158,34,15,0.4412,False,0.4292,True,False,1.9766
sgmnet,finger,FV-USM_genuine_111,079,079,631,604,172,33,0.1919,False,0.1905,True,False,1.6420
aspanformer,finger,FV-USM_genuine_111,079,079,1,1,1,0,,False,,True,False,
deepdetect,finger,FV-USM_genuine_111,079,079,87,87,2,0,,False,,True,False,
loftr,finger,FV-USM_genuine_112,022,022,17,17,17,14,0.8235,True,0.8194,True,True,0.7079
orb,finger,FV-USM_genuine_112,022,022,0,0,0,0,,False,,True,False,
sift,finger,FV-USM_genuine_112,022,022,1,0,0,0,,False,,True,False,
superglue,finger,FV-USM_genuine_112,022,022,204,174,44,24,0.5455,True,0.5372,True,True,1.7998
sgmnet,finger,FV-USM_genuine_112,022,022,1038,1097,291,62,0.2131,False,0.2110,True,False,1.6923
aspanformer,finger,FV-USM_genuine_112,022,022,140,140,140,123,0.8786,True,0.8786,True,True,0.1756
deepdetect,finger,FV-USM_genuine_112,022,022,2198,2328,0,0,,False,,True,False,
loftr,finger,FV-USM_genuine_113,067,067,111,111,111,76,0.6847,True,0.6847,True,True,1.3715
orb,finger,FV-USM_genuine_113,067,067,0,0,0,0,,False,,True,False,
sift,finger,FV-USM_genuine_113,067,067,0,0,0,0,,False,,True,False,
superglue,finger,FV-USM_genuine_113,067,067,164,145,32,10,0.3125,False,0.3068,True,False,1.5083
sgmnet,finger,FV-USM_genuine_113,067,067,768,627,123,21,0.1707,False,0.1706,True,False,1.3337
aspanformer,finger,FV-USM_genuine_113,067,067,7,7,7,7,1.0000,True,0.9583,True,True,0.4311
deepdetect,finger,FV-USM_genuine_113,067,067,178,133,0,0,,False,,True,False,
loftr,finger,FV-USM_genuine_114,091,091,102,102,102,89,0.8725,True,0.8725,True,True,0.9130
orb,finger,FV-USM_genuine_114,091,091,0,0,0,0,,False,,True,False,
sift,finger,FV-USM_genuine_114,091,091,0,0,0,0,,False,,True,False,
superglue,finger,FV-USM_genuine_114,091,091,157,160,40,17,0.4250,False,0.4236,True,False,1.5301
sgmnet,finger,FV-USM_genuine_114,091,091,947,936,376,117,0.3112,False,0.3071,True,False,1.7663
aspanformer,finger,FV-USM_genuine_114,091,091,25,25,25,25,1.0000,True,0.9999,True,True,0.1677
deepdetect,finger,FV-USM_genuine_114,091,091,164,88,1,0,,False,,True,False,
loftr,finger,FV-USM_genuine_115,031,031,25,25,25,24,0.9600,True,0.9598,True,True,0.1272
orb,finger,FV-USM_genuine_115,031,031,0,0,0,0,,False,,True,False,
sift,finger,FV-USM_genuine_115,031,031,0,0,0,0,,False,,True,False,
superglue,finger,FV-USM_genuine_115,031,031,243,195,4,0,,False,,True,False,
sgmnet,finger,FV-USM_genuine_115,031,031,753,883,104,13,0.1250,False,0.1241,True,False,1.4702
aspanformer,finger,FV-USM_genuine_115,031,031,1,1,1,0,,False,,True,False,
deepdetect,finger,FV-USM_genuine_115,031,031,535,107,0,0,,False,,True,False,
loftr,finger,FV-USM_genuine_116,021,021,3,3,3,0,,False,,True,False,
orb,finger,FV-USM_genuine_116,021,021,0,0,0,0,,False,,True,False,
sift,finger,FV-USM_genuine_116,021,021,0,0,0,0,,False,,True,False,
superglue,finger,FV-USM_genuine_116,021,021,187,190,15,7,0.4667,False,0.4472,True,False,1.2997
sgmnet,finger,FV-USM_genuine_116,021,021,991,999,114,23,0.2018,False,0.2002,True,False,1.6490
aspanformer,finger,FV-USM_genuine_116,021,021,0,0,0,0,,False,,True,False,
deepdetect,finger,FV-USM_genuine_116,021,021,133,236,0,0,,False,,True,False,
loftr,finger,FV-USM_genuine_117,058,058,17,17,17,16,0.9412,True,0.9387,True,True,1.3343
orb,finger,FV-USM_genuine_117,058,058,0,0,0,0,,False,,True,False,
sift,finger,FV-USM_genuine_117,058,058,0,0,0,0,,False,,True,False,
superglue,finger,FV-USM_genuine_117,058,058,177,226,39,18,0.4615,False,0.4414,True,False,2.3665
sgmnet,finger,FV-USM_genuine_117,058,058,1159,1209,96,18,0.1875,False,0.1867,True,False,1.5618
aspanformer,finger,FV-USM_genuine_117,058,058,1,1,0,0,,False,,True,False,
deepdetect,finger,FV-USM_genuine_117,058,058,144,146,0,0,,False,,True,False,
loftr,finger,FV-USM_genuine_118,048,048,96,96,96,69,0.7188,True,0.7058,True,True,1.8639
orb,finger,FV-USM_genuine_118,048,048,0,0,0,0,,False,,True,False,
sift,finger,FV-USM_genuine_118,048,048,0,0,0,0,,False,,True,False,
superglue,finger,FV-USM_genuine_118,048,048,170,182,89,34,0.3820,False,0.3707,True,False,2.0992
sgmnet,finger,FV-USM_genuine_118,048,048,980,817,234,62,0.2650,False,0.2618,True,False,1.7383
aspanformer,finger,FV-USM_genuine_118,048,048,2,2,2,0,,False,,True,False,
deepdetect,finger,FV-USM_genuine_118,048,048,1439,650,1,0,,False,,True,False,
loftr,finger,FV-USM_genuine_119,034,034,171,171,171,133,0.7778,True,0.7778,True,True,0.6704
orb,finger,FV-USM_genuine_119,034,034,0,0,0,0,,False,,True,False,
sift,finger,FV-USM_genuine_119,034,034,0,0,0,0,,False,,True,False,
superglue,finger,FV-USM_genuine_119,034,034,177,180,3,0,,False,,True,False,
sgmnet,finger,FV-USM_genuine_119,034,034,961,953,419,98,0.2339,False,0.2298,True,False,1.8572
aspanformer,finger,FV-USM_genuine_119,034,034,4,4,4,0,,False,,True,False,
deepdetect,finger,FV-USM_genuine_119,034,034,147,122,16,15,0.9375,True,0.9375,True,True,0.3940
loftr,finger,FV-USM_genuine_120,123,123,77,77,77,49,0.6364,True,0.6364,True,True,1.4611
orb,finger,FV-USM_genuine_120,123,123,0,0,0,0,,False,,True,False,
sift,finger,FV-USM_genuine_120,123,123,0,0,0,0,,False,,True,False,
superglue,finger,FV-USM_genuine_120,123,123,111,118,35,12,0.3429,False,0.3367,True,False,1.6700
sgmnet,finger,FV-USM_genuine_120,123,123,1443,1444,292,75,0.2568,False,0.2545,True,False,1.6861
aspanformer,finger,FV-USM_genuine_120,123,123,34,34,34,32,0.9412,True,0.9412,True,True,0.3789
deepdetect,finger,FV-USM_genuine_120,123,123,803,588,5,0,,False,,True,False,
loftr,finger,FV-USM_genuine_121,115,115,254,254,254,212,0.8346,True,0.8346,True,True,0.9193
orb,finger,FV-USM_genuine_121,115,115,0,0,0,0,,False,,True,False,
sift,finger,FV-USM_genuine_121,115,115,0,0,0,0,,False,,True,False,
superglue,finger,FV-USM_genuine_121,115,115,207,184,3,0,,False,,True,False,
sgmnet,finger,FV-USM_genuine_121,115,115,696,711,164,25,0.1524,False,0.1524,True,False,1.4119
aspanformer,finger,FV-USM_genuine_121,115,115,4,4,4,0,,False,,True,False,
deepdetect,finger,FV-USM_genuine_121,115,115,112,136,4,0,,False,,True,False,
loftr,finger,FV-USM_genuine_122,080,080,104,104,104,87,0.8365,True,0.8365,True,True,0.9615
orb,finger,FV-USM_genuine_122,080,080,0,0,0,0,,False,,True,False,
sift,finger,FV-USM_genuine_122,080,080,0,0,0,0,,False,,True,False,
superglue,finger,FV-USM_genuine_122,080,080,176,165,26,11,0.4231,False,0.4064,True,False,2.0433
sgmnet,finger,FV-USM_genuine_122,080,080,766,755,326,84,0.2577,False,0.2550,True,False,1.7097
aspanformer,finger,FV-USM_genuine_122,080,080,4,4,4,0,,False,,True,False,
deepdetect,finger,FV-USM_genuine_122,080,080,128,199,2,0,,False,,True,False,
loftr,finger,FV-USM_genuine_123,086,086,1,1,1,0,,False,,True,False,
orb,finger,FV-USM_genuine_123,086,086,0,0,0,0,,False,,True,False,
sift,finger,FV-USM_genuine_123,086,086,1,0,0,0,,False,,True,False,
superglue,finger,FV-USM_genuine_123,086,086,188,246,0,0,,False,,True,False,
sgmnet,finger,FV-USM_genuine_123,086,086,993,801,30,7,0.2333,False,0.2236,True,False,1.1637
aspanformer,finger,FV-USM_genuine_123,086,086,0,0,0,0,,False,,True,False,
deepdetect,finger,FV-USM_genuine_123,086,086,1003,74,0,0,,False,,True,False,
loftr,finger,FV-USM_genuine_124,070,070,149,149,149,134,0.8993,True,0.8993,True,True,0.1359
orb,finger,FV-USM_genuine_124,070,070,0,0,0,0,,False,,True,False,
sift,finger,FV-USM_genuine_124,070,070,1,0,0,0,,False,,True,False,
superglue,finger,FV-USM_genuine_124,070,070,174,142,27,11,0.4074,False,0.4021,True,False,1.2251
sgmnet,finger,FV-USM_genuine_124,070,070,879,796,140,37,0.2643,False,0.2600,True,False,1.8233
aspanformer,finger,FV-USM_genuine_124,070,070,2,2,2,0,,False,,True,False,
deepdetect,finger,FV-USM_genuine_124,070,070,535,441,44,41,0.9318,True,0.9318,True,True,0.2431
loftr,finger,FV-USM_genuine_125,028,028,139,139,139,135,0.9712,True,0.9712,True,True,0.1276
orb,finger,FV-USM_genuine_125,028,028,0,0,0,0,,False,,True,False,
sift,finger,FV-USM_genuine_125,028,028,0,0,0,0,,False,,True,False,
superglue,finger,FV-USM_genuine_125,028,028,139,156,39,14,0.3590,False,0.3509,True,False,1.8578
sgmnet,finger,FV-USM_genuine_125,028,028,861,737,131,29,0.2214,False,0.2184,True,False,1.7679
aspanformer,finger,FV-USM_genuine_125,028,028,16,16,16,16,1.0000,True,0.9974,True,True,0.0828
deepdetect,finger,FV-USM_genuine_125,028,028,159,78,0,0,,False,,True,False,
loftr,finger,FV-USM_genuine_126,085,085,123,123,123,112,0.9106,True,0.9106,True,True,0.4735
orb,finger,FV-USM_genuine_126,085,085,0,0,0,0,,False,,True,False,
sift,finger,FV-USM_genuine_126,085,085,0,0,0,0,,False,,True,False,
superglue,finger,FV-USM_genuine_126,085,085,153,144,50,18,0.3600,False,0.3557,True,False,1.7121
sgmnet,finger,FV-USM_genuine_126,085,085,670,683,178,29,0.1629,False,0.1608,True,False,1.7663
aspanformer,finger,FV-USM_genuine_126,085,085,7,7,7,0,,False,,True,False,
deepdetect,finger,FV-USM_genuine_126,085,085,485,303,1,0,,False,,True,False,
loftr,finger,FV-USM_genuine_127,041,041,28,28,28,22,0.7857,True,0.7783,True,True,1.6822
orb,finger,FV-USM_genuine_127,041,041,0,0,0,0,,False,,True,False,
sift,finger,FV-USM_genuine_127,041,041,0,0,0,0,,False,,True,False,
superglue,finger,FV-USM_genuine_127,041,041,146,148,57,26,0.4561,False,0.4326,True,False,2.5580
sgmnet,finger,FV-USM_genuine_127,041,041,865,737,98,20,0.2041,False,0.2039,True,False,1.4262
aspanformer,finger,FV-USM_genuine_127,041,041,2,2,2,0,,False,,True,False,
deepdetect,finger,FV-USM_genuine_127,041,041,215,89,17,17,1.0000,True,1.0000,True,True,0.0000
loftr,finger,FV-USM_genuine_128,105,105,162,162,162,130,0.8025,True,0.7880,True,True,1.8645
orb,finger,FV-USM_genuine_128,105,105,0,0,0,0,,False,,True,False,
sift,finger,FV-USM_genuine_128,105,105,0,0,0,0,,False,,True,False,
superglue,finger,FV-USM_genuine_128,105,105,157,173,28,11,0.3929,False,0.3877,True,False,1.5052
sgmnet,finger,FV-USM_genuine_128,105,105,934,767,370,109,0.2946,False,0.2912,True,False,1.7320
aspanformer,finger,FV-USM_genuine_128,105,105,6,6,6,0,,False,,True,False,
deepdetect,finger,FV-USM_genuine_128,105,105,801,195,2,0,,False,,True,False,
loftr,finger,FV-USM_genuine_129,096,096,72,72,72,66,0.9167,True,0.9167,True,True,0.8854
orb,finger,FV-USM_genuine_129,096,096,0,0,0,0,,False,,True,False,
sift,finger,FV-USM_genuine_129,096,096,0,0,0,0,,False,,True,False,
superglue,finger,FV-USM_genuine_129,096,096,186,179,11,7,0.6364,True,0.6098,True,True,1.0902
sgmnet,finger,FV-USM_genuine_129,096,096,934,703,345,74,0.2145,False,0.2114,True,False,1.7904
aspanformer,finger,FV-USM_genuine_129,096,096,5,5,5,0,,False,,True,False,
deepdetect,finger,FV-USM_genuine_129,096,096,259,102,15,0,,False,,True,False,
loftr,finger,FV-USM_genuine_130,097,097,75,75,75,65,0.8667,True,0.8667,True,True,1.0461
orb,finger,FV-USM_genuine_130,097,097,0,0,0,0,,False,,True,False,
sift,finger,FV-USM_genuine_130,097,097,0,0,0,0,,False,,True,False,
superglue,finger,FV-USM_genuine_130,097,097,226,235,16,7,0.4375,False,0.4192,True,False,0.7434
sgmnet,finger,FV-USM_genuine_130,097,097,987,770,87,24,0.2759,False,0.2746,True,False,1.5857
aspanformer,finger,FV-USM_genuine_130,097,097,3,3,3,0,,False,,True,False,
deepdetect,finger,FV-USM_genuine_130,097,097,131,119,2,0,,False,,True,False,
loftr,finger,FV-USM_genuine_131,007,007,15,15,15,10,0.6667,True,0.6426,True,True,1.8799
orb,finger,FV-USM_genuine_131,007,007,0,0,0,0,,False,,True,False,
sift,finger,FV-USM_genuine_131,007,007,0,0,0,0,,False,,True,False,
superglue,finger,FV-USM_genuine_131,007,007,196,182,38,20,0.5263,True,0.5139,True,True,1.9654
sgmnet,finger,FV-USM_genuine_131,007,007,780,844,129,27,0.2093,False,0.2074,True,False,1.6814
aspanformer,finger,FV-USM_genuine_131,007,007,1,1,1,0,,False,,True,False,
deepdetect,finger,FV-USM_genuine_131,007,007,344,403,3,0,,False,,True,False,
loftr,finger,FV-USM_genuine_132,029,029,25,25,25,21,0.8400,True,0.8396,True,True,0.0794
orb,finger,FV-USM_genuine_132,029,029,0,0,0,0,,False,,True,False,
sift,finger,FV-USM_genuine_132,029,029,0,0,0,0,,False,,True,False,
superglue,finger,FV-USM_genuine_132,029,029,137,133,36,12,0.3333,False,0.3279,True,False,1.6378
sgmnet,finger,FV-USM_genuine_132,029,029,755,740,392,165,0.4209,True,0.4166,True,True,1.7082
aspanformer,finger,FV-USM_genuine_132,029,029,14,14,14,14,1.0000,True,0.9950,True,True,0.0930
deepdetect,finger,FV-USM_genuine_132,029,029,960,880,0,0,,False,,True,False,
loftr,finger,FV-USM_genuine_133,103,103,270,270,270,243,0.9000,True,0.9000,True,True,0.2394
orb,finger,FV-USM_genuine_133,103,103,0,0,0,0,,False,,True,False,
sift,finger,FV-USM_genuine_133,103,103,0,0,0,0,,False,,True,False,
superglue,finger,FV-USM_genuine_133,103,103,176,154,21,11,0.5238,True,0.5083,True,True,1.8411
sgmnet,finger,FV-USM_genuine_133,103,103,965,875,452,132,0.2920,False,0.2882,True,False,1.7641
aspanformer,finger,FV-USM_genuine_133,103,103,46,46,46,46,1.0000,True,1.0000,True,True,0.1587
deepdetect,finger,FV-USM_genuine_133,103,103,1242,676,0,0,,False,,True,False,
loftr,finger,FV-USM_genuine_134,004,004,73,73,73,72,0.9863,True,0.9863,True,True,0.1072
orb,finger,FV-USM_genuine_134,004,004,0,0,0,0,,False,,True,False,
sift,finger,FV-USM_genuine_134,004,004,0,0,0,0,,False,,True,False,
superglue,finger,FV-USM_genuine_134,004,004,202,165,4,4,1.0000,True,0.9165,True,True,0.0000
sgmnet,finger,FV-USM_genuine_134,004,004,882,849,128,41,0.3203,False,0.3176,True,False,1.6714
aspanformer,finger,FV-USM_genuine_134,004,004,1,1,1,0,,False,,True,False,
deepdetect,finger,FV-USM_genuine_134,004,004,448,279,7,0,,False,,True,False,
loftr,finger,FV-USM_genuine_135,100,100,14,14,14,12,0.8571,True,0.8490,True,True,0.6897
orb,finger,FV-USM_genuine_135,100,100,0,0,0,0,,False,,True,False,
sift,finger,FV-USM_genuine_135,100,100,1,2,0,0,,False,,True,False,
superglue,finger,FV-USM_genuine_135,100,100,167,192,2,0,,False,,True,False,
sgmnet,finger,FV-USM_genuine_135,100,100,770,791,314,81,0.2580,False,0.2548,True,False,1.7487
aspanformer,finger,FV-USM_genuine_135,100,100,9,9,9,0,,False,,True,False,
deepdetect,finger,FV-USM_genuine_135,100,100,198,167,5,0,,False,,True,False,
loftr,finger,FV-USM_genuine_136,040,040,150,150,150,147,0.9800,True,0.9800,True,True,0.1452
orb,finger,FV-USM_genuine_136,040,040,0,0,0,0,,False,,True,False,
sift,finger,FV-USM_genuine_136,040,040,0,0,0,0,,False,,True,False,
superglue,finger,FV-USM_genuine_136,040,040,173,170,30,13,0.4333,False,0.4233,True,False,1.8316
sgmnet,finger,FV-USM_genuine_136,040,040,948,765,373,114,0.3056,False,0.3027,True,False,1.6925
aspanformer,finger,FV-USM_genuine_136,040,040,16,16,16,15,0.9375,True,0.9341,True,True,0.1235
deepdetect,finger,FV-USM_genuine_136,040,040,3077,2368,49,42,0.8571,True,0.8571,True,True,0.6377
loftr,finger,FV-USM_genuine_137,050,050,216,216,216,169,0.7824,True,0.7824,True,True,1.0271
orb,finger,FV-USM_genuine_137,050,050,0,0,0,0,,False,,True,False,
sift,finger,FV-USM_genuine_137,050,050,0,0,0,0,,False,,True,False,
superglue,finger,FV-USM_genuine_137,050,050,172,177,30,15,0.5000,True,0.4726,True,True,2.5537
sgmnet,finger,FV-USM_genuine_137,050,050,807,773,235,64,0.2723,False,0.2687,True,False,1.7728
aspanformer,finger,FV-USM_genuine_137,050,050,18,18,18,0,,False,,True,False,
deepdetect,finger,FV-USM_genuine_137,050,050,180,81,16,0,,False,,True,False,
loftr,finger,FV-USM_genuine_138,034,034,108,108,108,83,0.7685,True,0.7477,True,True,2.0498
orb,finger,FV-USM_genuine_138,034,034,0,0,0,0,,False,,True,False,
sift,finger,FV-USM_genuine_138,034,034,0,0,0,0,,False,,True,False,
superglue,finger,FV-USM_genuine_138,034,034,167,165,25,10,0.4000,False,0.3724,True,False,2.5734
sgmnet,finger,FV-USM_genuine_138,034,034,978,811,119,31,0.2605,False,0.2597,True,False,1.5601
aspanformer,finger,FV-USM_genuine_138,034,034,1,1,1,0,,False,,True,False,
deepdetect,finger,FV-USM_genuine_138,034,034,142,99,0,0,,False,,True,False,
loftr,finger,FV-USM_genuine_139,009,009,79,79,79,71,0.8987,True,0.8987,True,True,1.4244
orb,finger,FV-USM_genuine_139,009,009,0,0,0,0,,False,,True,False,
sift,finger,FV-USM_genuine_139,009,009,0,0,0,0,,False,,True,False,
superglue,finger,FV-USM_genuine_139,009,009,159,140,40,12,0.3000,False,0.2886,True,False,2.0816
sgmnet,finger,FV-USM_genuine_139,009,009,754,999,66,14,0.2121,False,0.2111,True,False,1.1288
aspanformer,finger,FV-USM_genuine_139,009,009,1,1,1,0,,False,,True,False,
deepdetect,finger,FV-USM_genuine_139,009,009,162,269,12,12,1.0000,True,1.0000,True,True,0.0000
loftr,finger,FV-USM_genuine_140,027,027,71,71,71,58,0.8169,True,0.8169,True,True,0.1614
orb,finger,FV-USM_genuine_140,027,027,0,0,0,0,,False,,True,False,
sift,finger,FV-USM_genuine_140,027,027,0,0,0,0,,False,,True,False,
superglue,finger,FV-USM_genuine_140,027,027,148,136,49,17,0.3469,False,0.3353,True,False,2.1440
sgmnet,finger,FV-USM_genuine_140,027,027,785,712,179,43,0.2402,False,0.2384,True,False,1.6516
aspanformer,finger,FV-USM_genuine_140,027,027,52,52,52,51,0.9808,True,0.9808,True,True,0.2336
deepdetect,finger,FV-USM_genuine_140,027,027,113,120,2,0,,False,,True,False,
loftr,finger,FV-USM_genuine_141,114,114,441,441,441,438,0.9932,True,0.9932,True,True,0.1553
orb,finger,FV-USM_genuine_141,114,114,0,0,0,0,,False,,True,False,
sift,finger,FV-USM_genuine_141,114,114,0,0,0,0,,False,,True,False,
superglue,finger,FV-USM_genuine_141,114,114,142,163,53,21,0.3962,False,0.3875,True,False,1.9349
sgmnet,finger,FV-USM_genuine_141,114,114,981,935,441,97,0.2200,False,0.2156,True,False,1.9034
aspanformer,finger,FV-USM_genuine_141,114,114,11,11,11,11,1.0000,True,0.9870,True,True,0.0852
deepdetect,finger,FV-USM_genuine_141,114,114,490,342,5,0,,False,,True,False,
loftr,finger,FV-USM_genuine_142,118,118,45,45,45,28,0.6222,True,0.6222,True,True,0.7367
orb,finger,FV-USM_genuine_142,118,118,0,0,0,0,,False,,True,False,
sift,finger,FV-USM_genuine_142,118,118,0,0,0,0,,False,,True,False,
superglue,finger,FV-USM_genuine_142,118,118,173,82,57,16,0.2807,False,0.2730,True,False,2.0074
sgmnet,finger,FV-USM_genuine_142,118,118,1186,1880,34,9,0.2647,False,0.2584,True,False,1.2155
aspanformer,finger,FV-USM_genuine_142,118,118,0,0,0,0,,False,,True,False,
deepdetect,finger,FV-USM_genuine_142,118,118,220,7956,0,0,,False,,True,False,
loftr,finger,FV-USM_genuine_143,071,071,109,109,109,71,0.6514,True,0.6434,True,True,1.7468
orb,finger,FV-USM_genuine_143,071,071,0,0,0,0,,False,,True,False,
sift,finger,FV-USM_genuine_143,071,071,0,0,0,0,,False,,True,False,
superglue,finger,FV-USM_genuine_143,071,071,164,153,44,19,0.4318,False,0.4142,True,False,2.3137
sgmnet,finger,FV-USM_genuine_143,071,071,752,748,301,74,0.2458,False,0.2405,True,False,1.9378
aspanformer,finger,FV-USM_genuine_143,071,071,5,5,5,0,,False,,True,False,
deepdetect,finger,FV-USM_genuine_143,071,071,705,213,4,0,,False,,True,False,
loftr,finger,FV-USM_genuine_144,109,109,101,101,101,93,0.9208,True,0.9208,True,True,0.1320
orb,finger,FV-USM_genuine_144,109,109,0,0,0,0,,False,,True,False,
sift,finger,FV-USM_genuine_144,109,109,0,0,0,0,,False,,True,False,
superglue,finger,FV-USM_genuine_144,109,109,163,164,41,21,0.5122,True,0.5093,True,True,1.6028
sgmnet,finger,FV-USM_genuine_144,109,109,699,696,315,102,0.3238,False,0.3219,True,False,1.6201
aspanformer,finger,FV-USM_genuine_144,109,109,4,4,4,0,,False,,True,False,
deepdetect,finger,FV-USM_genuine_144,109,109,193,200,0,0,,False,,True,False,
loftr,finger,FV-USM_genuine_145,090,090,167,167,167,125,0.7485,True,0.7458,True,True,1.5720
orb,finger,FV-USM_genuine_145,090,090,0,0,0,0,,False,,True,False,
sift,finger,FV-USM_genuine_145,090,090,1,0,0,0,,False,,True,False,
superglue,finger,FV-USM_genuine_145,090,090,206,179,4,4,1.0000,True,0.9165,True,True,0.0000
sgmnet,finger,FV-USM_genuine_145,090,090,949,822,291,61,0.2096,False,0.2073,True,False,1.7200
aspanformer,finger,FV-USM_genuine_145,090,090,1,1,0,0,,False,,True,False,
deepdetect,finger,FV-USM_genuine_145,090,090,1258,1236,0,0,,False,,True,False,
loftr,finger,FV-USM_genuine_146,040,040,41,41,41,34,0.8293,True,0.8293,True,True,0.5309
orb,finger,FV-USM_genuine_146,040,040,0,0,0,0,,False,,True,False,
sift,finger,FV-USM_genuine_146,040,040,0,1,0,0,,False,,True,False,
superglue,finger,FV-USM_genuine_146,040,040,202,192,8,5,0.6250,True,0.5826,True,True,0.7598
sgmnet,finger,FV-USM_genuine_146,040,040,875,810,345,82,0.2377,False,0.2346,True,False,1.7586
aspanformer,finger,FV-USM_genuine_146,040,040,5,5,5,0,,False,,True,False,
deepdetect,finger,FV-USM_genuine_146,040,040,2860,2405,49,22,0.4490,True,0.4490,True,True,1.6026
loftr,finger,FV-USM_genuine_147,027,027,183,183,183,182,0.9945,True,0.9945,True,True,0.1438
orb,finger,FV-USM_genuine_147,027,027,0,0,0,0,,False,,True,False,
sift,finger,FV-USM_genuine_147,027,027,1,1,0,0,,False,,True,False,
superglue,finger,FV-USM_genuine_147,027,027,168,154,24,11,0.4583,False,0.4346,True,False,2.3037
sgmnet,finger,FV-USM_genuine_147,027,027,795,901,409,143,0.3496,False,0.3461,True,False,1.7045
aspanformer,finger,FV-USM_genuine_147,027,027,14,14,14,14,1.0000,True,0.9950,True,True,0.1095
deepdetect,finger,FV-USM_genuine_147,027,027,266,247,1,0,,False,,True,False,
loftr,finger,FV-USM_genuine_148,082,082,85,85,85,67,0.7882,True,0.7882,True,True,1.4603
orb,finger,FV-USM_genuine_148,082,082,0,0,0,0,,False,,True,False,
sift,finger,FV-USM_genuine_148,082,082,0,0,0,0,,False,,True,False,
superglue,finger,FV-USM_genuine_148,082,082,172,187,13,6,0.4615,False,0.4332,True,False,1.6613
sgmnet,finger,FV-USM_genuine_148,082,082,928,831,277,70,0.2527,False,0.2508,True,False,1.6501
aspanformer,finger,FV-USM_genuine_148,082,082,1,1,0,0,,False,,True,False,
deepdetect,finger,FV-USM_genuine_148,082,082,333,118,1,0,,False,,True,False,
loftr,finger,FV-USM_genuine_149,062,062,290,290,290,282,0.9724,True,0.9724,True,True,0.1828
orb,finger,FV-USM_genuine_149,062,062,0,0,0,0,,False,,True,False,
sift,finger,FV-USM_genuine_149,062,062,0,0,0,0,,False,,True,False,
superglue,finger,FV-USM_genuine_149,062,062,182,172,54,32,0.5926,True,0.5831,True,True,1.8239
sgmnet,finger,FV-USM_genuine_149,062,062,871,804,378,92,0.2434,False,0.2411,True,False,1.6879
aspanformer,finger,FV-USM_genuine_149,062,062,40,40,40,40,1.0000,True,1.0000,True,True,0.2081
deepdetect,finger,FV-USM_genuine_149,062,062,89,100,6,0,,False,,True,False,
loftr,finger,FV-USM_genuine_150,050,050,159,159,159,101,0.6352,True,0.6352,True,True,1.0882
orb,finger,FV-USM_genuine_150,050,050,0,0,0,0,,False,,True,False,
sift,finger,FV-USM_genuine_150,050,050,0,0,0,0,,False,,True,False,
superglue,finger,FV-USM_genuine_150,050,050,174,197,29,14,0.4828,True,0.4686,True,True,1.9964
sgmnet,finger,FV-USM_genuine_150,050,050,879,796,335,69,0.2060,False,0.2048,True,False,1.6117
aspanformer,finger,FV-USM_genuine_150,050,050,8,8,8,0,,False,,True,False,
deepdetect,finger,FV-USM_genuine_150,050,050,396,99,8,0,,False,,True,False,
loftr,finger,FV-USM_genuine_151,110,110,48,48,48,33,0.6875,True,0.6875,True,True,0.0797
orb,finger,FV-USM_genuine_151,110,110,0,0,0,0,,False,,True,False,
sift,finger,FV-USM_genuine_151,110,110,0,0,0,0,,False,,True,False,
superglue,finger,FV-USM_genuine_151,110,110,133,158,18,11,0.6111,True,0.6032,True,True,1.3868
sgmnet,finger,FV-USM_genuine_151,110,110,714,622,302,73,0.2417,False,0.2417,True,False,1.4949
aspanformer,finger,FV-USM_genuine_151,110,110,10,10,10,0,,False,,True,False,
deepdetect,finger,FV-USM_genuine_151,110,110,103,55,0,0,,False,,True,False,
loftr,finger,FV-USM_genuine_152,114,114,137,137,137,132,0.9635,True,0.9635,True,True,0.1415
orb,finger,FV-USM_genuine_152,114,114,0,0,0,0,,False,,True,False,
sift,finger,FV-USM_genuine_152,114,114,0,0,0,0,,False,,True,False,
superglue,finger,FV-USM_genuine_152,114,114,162,150,19,7,0.3684,False,0.3530,True,False,0.9310
sgmnet,finger,FV-USM_genuine_152,114,114,922,690,314,80,0.2548,False,0.2514,True,False,1.7654
aspanformer,finger,FV-USM_genuine_152,114,114,5,5,5,5,1.0000,True,0.9322,True,True,0.0193
deepdetect,finger,FV-USM_genuine_152,114,114,1485,352,3,0,,False,,True,False,
loftr,finger,FV-USM_genuine_153,080,080,105,105,105,79,0.7524,True,0.7524,True,True,0.1859
orb,finger,FV-USM_genuine_153,080,080,0,0,0,0,,False,,True,False,
sift,finger,FV-USM_genuine_153,080,080,0,0,0,0,,False,,True,False,
superglue,finger,FV-USM_genuine_153,080,080,171,188,2,0,,False,,True,False,
sgmnet,finger,FV-USM_genuine_153,080,080,712,670,282,72,0.2553,False,0.2516,True,False,1.7897
aspanformer,finger,FV-USM_genuine_153,080,080,15,15,15,15,1.0000,True,0.9964,True,True,0.0990
deepdetect,finger,FV-USM_genuine_153,080,080,105,143,29,29,1.0000,True,1.0000,True,True,0.0000
loftr,finger,FV-USM_genuine_154,057,057,71,71,71,65,0.9155,True,0.9155,True,True,0.1247
orb,finger,FV-USM_genuine_154,057,057,0,0,0,0,,False,,True,False,
sift,finger,FV-USM_genuine_154,057,057,0,0,0,0,,False,,True,False,
superglue,finger,FV-USM_genuine_154,057,057,158,136,30,11,0.3667,False,0.3602,True,False,1.5922
sgmnet,finger,FV-USM_genuine_154,057,057,677,653,308,91,0.2955,False,0.2945,True,False,1.5664
aspanformer,finger,FV-USM_genuine_154,057,057,12,12,12,0,,False,,True,False,
deepdetect,finger,FV-USM_genuine_154,057,057,114,52,1,0,,False,,True,False,
loftr,finger,FV-USM_genuine_155,018,018,95,95,95,83,0.8737,True,0.8737,True,True,0.1498
orb,finger,FV-USM_genuine_155,018,018,0,0,0,0,,False,,True,False,
sift,finger,FV-USM_genuine_155,018,018,0,0,0,0,,False,,True,False,
superglue,finger,FV-USM_genuine_155,018,018,140,186,9,0,,False,,True,False,
sgmnet,finger,FV-USM_genuine_155,018,018,857,969,272,48,0.1765,False,0.1750,True,False,1.6639
aspanformer,finger,FV-USM_genuine_155,018,018,1,1,0,0,,False,,True,False,
deepdetect,finger,FV-USM_genuine_155,018,018,117,507,0,0,,False,,True,False,
loftr,finger,FV-USM_genuine_156,033,033,92,92,92,79,0.8587,True,0.8587,True,True,0.1952
orb,finger,FV-USM_genuine_156,033,033,0,0,0,0,,False,,True,False,
sift,finger,FV-USM_genuine_156,033,033,0,0,0,0,,False,,True,False,
superglue,finger,FV-USM_genuine_156,033,033,202,163,5,5,1.0000,True,0.9322,True,True,0.9412
sgmnet,finger,FV-USM_genuine_156,033,033,891,922,281,71,0.2527,False,0.2492,True,False,1.7730
aspanformer,finger,FV-USM_genuine_156,033,033,3,3,3,0,,False,,True,False,
deepdetect,finger,FV-USM_genuine_156,033,033,112,175,29,0,,False,,True,False,
loftr,finger,FV-USM_genuine_157,018,018,68,68,68,61,0.8971,True,0.8971,True,True,0.1258
orb,finger,FV-USM_genuine_157,018,018,0,0,0,0,,False,,True,False,
sift,finger,FV-USM_genuine_157,018,018,0,0,0,0,,False,,True,False,
superglue,finger,FV-USM_genuine_157,018,018,171,195,3,0,,False,,True,False,
sgmnet,finger,FV-USM_genuine_157,018,018,903,937,56,15,0.2679,False,0.2668,True,False,1.5035
aspanformer,finger,FV-USM_genuine_157,018,018,2,2,0,0,,False,,True,False,
deepdetect,finger,FV-USM_genuine_157,018,018,146,204,1,0,,False,,True,False,
loftr,finger,FV-USM_genuine_158,031,031,87,87,87,66,0.7586,True,0.7586,True,True,1.3869
orb,finger,FV-USM_genuine_158,031,031,0,0,0,0,,False,,True,False,
sift,finger,FV-USM_genuine_158,031,031,0,0,0,0,,False,,True,False,
superglue,finger,FV-USM_genuine_158,031,031,262,248,6,4,0.6667,True,0.6110,True,True,0.0000
sgmnet,finger,FV-USM_genuine_158,031,031,786,711,158,28,0.1772,False,0.1750,True,False,1.7454
aspanformer,finger,FV-USM_genuine_158,031,031,2,2,2,0,,False,,True,False,
deepdetect,finger,FV-USM_genuine_158,031,031,43,79,0,0,,False,,True,False,
loftr,finger,FV-USM_genuine_159,093,093,10,10,10,8,0.8000,True,0.7746,True,True,0.3356
orb,finger,FV-USM_genuine_159,093,093,0,0,0,0,,False,,True,False,
sift,finger,FV-USM_genuine_159,093,093,0,0,0,0,,False,,True,False,
superglue,finger,FV-USM_genuine_159,093,093,194,197,3,0,,False,,True,False,
sgmnet,finger,FV-USM_genuine_159,093,093,717,654,111,23,0.2072,False,0.2072,True,False,1.4765
aspanformer,finger,FV-USM_genuine_159,093,093,0,0,0,0,,False,,True,False,
deepdetect,finger,FV-USM_genuine_159,093,093,158,20,0,0,,False,,True,False,
loftr,finger,FV-USM_genuine_160,070,070,33,33,33,23,0.6970,True,0.6968,True,True,1.0756
orb,finger,FV-USM_genuine_160,070,070,0,0,0,0,,False,,True,False,
sift,finger,FV-USM_genuine_160,070,070,0,0,0,0,,False,,True,False,
superglue,finger,FV-USM_genuine_160,070,070,161,128,16,8,0.5000,True,0.4749,True,True,1.8827
sgmnet,finger,FV-USM_genuine_160,070,070,935,772,57,11,0.1930,False,0.1905,True,False,0.8475
aspanformer,finger,FV-USM_genuine_160,070,070,2,2,2,0,,False,,True,False,
deepdetect,finger,FV-USM_genuine_160,070,070,556,125,0,0,,False,,True,False,
loftr,finger,FV-USM_genuine_161,067,067,167,167,167,140,0.8383,True,0.8383,True,True,1.0339
orb,finger,FV-USM_genuine_161,067,067,0,0,0,0,,False,,True,False,
sift,finger,FV-USM_genuine_161,067,067,0,0,0,0,,False,,True,False,
superglue,finger,FV-USM_genuine_161,067,067,130,156,54,19,0.3519,False,0.3464,True,False,1.7926
sgmnet,finger,FV-USM_genuine_161,067,067,577,589,114,24,0.2105,False,0.2099,True,False,1.5545
aspanformer,finger,FV-USM_genuine_161,067,067,3,3,3,0,,False,,True,False,
deepdetect,finger,FV-USM_genuine_161,067,067,185,174,1,0,,False,,True,False,
loftr,finger,FV-USM_genuine_162,033,033,66,66,66,57,0.8636,True,0.8636,True,True,0.9560
orb,finger,FV-USM_genuine_162,033,033,0,0,0,0,,False,,True,False,
sift,finger,FV-USM_genuine_162,033,033,0,0,0,0,,False,,True,False,
superglue,finger,FV-USM_genuine_162,033,033,172,164,3,0,,False,,True,False,
sgmnet,finger,FV-USM_genuine_162,033,033,1038,889,175,43,0.2457,False,0.2455,True,False,1.5195
aspanformer,finger,FV-USM_genuine_162,033,033,3,3,3,0,,False,,True,False,
deepdetect,finger,FV-USM_genuine_162,033,033,156,131,2,0,,False,,True,False,
loftr,finger,FV-USM_genuine_163,093,093,88,88,88,64,0.7273,True,0.7273,True,True,1.1118
orb,finger,FV-USM_genuine_163,093,093,0,0,0,0,,False,,True,False,
sift,finger,FV-USM_genuine_163,093,093,0,0,0,0,,False,,True,False,
superglue,finger,FV-USM_genuine_163,093,093,203,175,3,0,,False,,True,False,
sgmnet,finger,FV-USM_genuine_163,093,093,676,826,70,11,0.1571,False,0.1543,True,False,1.6000
aspanformer,finger,FV-USM_genuine_163,093,093,1,1,1,0,,False,,True,False,
deepdetect,finger,FV-USM_genuine_163,093,093,101,566,0,0,,False,,True,False,
loftr,finger,FV-USM_genuine_164,073,073,87,87,87,85,0.9770,True,0.9770,True,True,1.0910
orb,finger,FV-USM_genuine_164,073,073,0,0,0,0,,False,,True,False,
sift,finger,FV-USM_genuine_164,073,073,0,0,0,0,,False,,True,False,
superglue,finger,FV-USM_genuine_164,073,073,135,140,10,5,0.5000,True,0.4661,True,True,0.3022
sgmnet,finger,FV-USM_genuine_164,073,073,633,762,237,68,0.2869,False,0.2837,True,False,1.7253
aspanformer,finger,FV-USM_genuine_164,073,073,3,3,3,0,,False,,True,False,
deepdetect,finger,FV-USM_genuine_164,073,073,100,591,0,0,,False,,True,False,
loftr,finger,FV-USM_genuine_165,054,054,173,173,173,116,0.6705,True,0.6705,True,True,0.6337
orb,finger,FV-USM_genuine_165,054,054,0,0,0,0,,False,,True,False,
sift,finger,FV-USM_genuine_165,054,054,0,0,0,0,,False,,True,False,
superglue,finger,FV-USM_genuine_165,054,054,190,180,36,14,0.3889,False,0.3749,True,False,2.1348
sgmnet,finger,FV-USM_genuine_165,054,054,927,661,209,81,0.3876,False,0.3861,True,False,1.5747
aspanformer,finger,FV-USM_genuine_165,054,054,4,4,4,0,,False,,True,False,
deepdetect,finger,FV-USM_genuine_165,054,054,472,68,0,0,,False,,True,False,
loftr,finger,FV-USM_genuine_166,112,112,249,249,249,218,0.8755,True,0.8755,True,True,0.1767
orb,finger,FV-USM_genuine_166,112,112,0,0,0,0,,False,,True,False,
sift,finger,FV-USM_genuine_166,112,112,1,0,0,0,,False,,True,False,
superglue,finger,FV-USM_genuine_166,112,112,196,219,4,4,1.0000,True,0.9165,True,True,0.0000
sgmnet,finger,FV-USM_genuine_166,112,112,1082,1053,524,181,0.3454,False,0.3406,True,False,1.7833
aspanformer,finger,FV-USM_genuine_166,112,112,52,52,52,50,0.9615,True,0.9615,True,True,0.1041
deepdetect,finger,FV-USM_genuine_166,112,112,425,367,10,0,,False,,True,False,
loftr,finger,FV-USM_genuine_167,073,073,95,95,95,95,1.0000,True,1.0000,True,True,0.1414
orb,finger,FV-USM_genuine_167,073,073,0,0,0,0,,False,,True,False,
sift,finger,FV-USM_genuine_167,073,073,0,0,0,0,,False,,True,False,
superglue,finger,FV-USM_genuine_167,073,073,153,108,49,17,0.3469,False,0.3334,True,False,2.2579
sgmnet,finger,FV-USM_genuine_167,073,073,679,656,346,105,0.3035,False,0.3006,True,False,1.6898
aspanformer,finger,FV-USM_genuine_167,073,073,124,124,124,124,1.0000,True,1.0000,True,True,0.1334
deepdetect,finger,FV-USM_genuine_167,073,073,103,112,2,0,,False,,True,False,
loftr,finger,FV-USM_genuine_168,050,050,3,3,3,0,,False,,True,False,
orb,finger,FV-USM_genuine_168,050,050,0,0,0,0,,False,,True,False,
sift,finger,FV-USM_genuine_168,050,050,0,0,0,0,,False,,True,False,
superglue,finger,FV-USM_genuine_168,050,050,176,171,2,0,,False,,True,False,
sgmnet,finger,FV-USM_genuine_168,050,050,955,846,50,14,0.2800,False,0.2786,True,False,0.8232
aspanformer,finger,FV-USM_genuine_168,050,050,0,0,0,0,,False,,True,False,
deepdetect,finger,FV-USM_genuine_168,050,050,156,131,0,0,,False,,True,False,
loftr,finger,FV-USM_genuine_169,045,045,9,9,9,7,0.7778,True,0.7453,True,True,0.5844
orb,finger,FV-USM_genuine_169,045,045,0,0,0,0,,False,,True,False,
sift,finger,FV-USM_genuine_169,045,045,0,0,0,0,,False,,True,False,
superglue,finger,FV-USM_genuine_169,045,045,163,166,1,0,,False,,True,False,
sgmnet,finger,FV-USM_genuine_169,045,045,887,839,210,48,0.2286,False,0.2281,True,False,1.5411
aspanformer,finger,FV-USM_genuine_169,045,045,1,1,1,0,,False,,True,False,
deepdetect,finger,FV-USM_genuine_169,045,045,526,561,6,0,,False,,True,False,
loftr,finger,FV-USM_genuine_170,028,028,101,101,101,89,0.8812,True,0.8812,True,True,0.1499
orb,finger,FV-USM_genuine_170,028,028,0,0,0,0,,False,,True,False,
sift,finger,FV-USM_genuine_170,028,028,0,0,0,0,,False,,True,False,
superglue,finger,FV-USM_genuine_170,028,028,129,156,59,23,0.3898,False,0.3861,True,False,1.6850
sgmnet,finger,FV-USM_genuine_170,028,028,838,737,324,86,0.2654,False,0.2635,True,False,1.6482
aspanformer,finger,FV-USM_genuine_170,028,028,18,18,18,18,1.0000,True,0.9987,True,True,0.0934
deepdetect,finger,FV-USM_genuine_170,028,028,162,78,4,0,,False,,True,False,
loftr,finger,FV-USM_genuine_171,018,018,7,7,7,6,0.8571,True,0.8110,True,True,0.3517
orb,finger,FV-USM_genuine_171,018,018,0,0,0,0,,False,,True,False,
sift,finger,FV-USM_genuine_171,018,018,0,0,0,0,,False,,True,False,
superglue,finger,FV-USM_genuine_171,018,018,142,223,1,0,,False,,True,False,
sgmnet,finger,FV-USM_genuine_171,018,018,787,968,97,17,0.1753,False,0.1731,True,False,1.7061
aspanformer,finger,FV-USM_genuine_171,018,018,0,0,0,0,,False,,True,False,
deepdetect,finger,FV-USM_genuine_171,018,018,150,838,25,0,,False,,True,False,
loftr,finger,FV-USM_genuine_172,064,064,99,99,99,96,0.9697,True,0.9697,True,True,0.1206
orb,finger,FV-USM_genuine_172,064,064,0,0,0,0,,False,,True,False,
sift,finger,FV-USM_genuine_172,064,064,0,0,0,0,,False,,True,False,
superglue,finger,FV-USM_genuine_172,064,064,153,142,51,18,0.3529,False,0.3394,True,False,2.2559
sgmnet,finger,FV-USM_genuine_172,064,064,935,936,469,123,0.2623,False,0.2588,True,False,1.7663
aspanformer,finger,FV-USM_genuine_172,064,064,8,8,8,6,0.7500,True,0.7097,True,True,0.0637
deepdetect,finger,FV-USM_genuine_172,064,064,145,101,13,13,1.0000,True,1.0000,True,True,0.3354
loftr,finger,FV-USM_genuine_173,062,062,42,42,42,35,0.8333,True,0.8333,True,True,0.1320
orb,finger,FV-USM_genuine_173,062,062,0,0,0,0,,False,,True,False,
sift,finger,FV-USM_genuine_173,062,062,0,0,0,0,,False,,True,False,
superglue,finger,FV-USM_genuine_173,062,062,199,205,53,21,0.3962,False,0.3890,True,False,1.8589
sgmnet,finger,FV-USM_genuine_173,062,062,938,704,21,10,0.4762,True,0.4678,True,True,1.1452
aspanformer,finger,FV-USM_genuine_173,062,062,2,2,2,0,,False,,True,False,
deepdetect,finger,FV-USM_genuine_173,062,062,157,65,0,0,,False,,True,False,
loftr,finger,FV-USM_genuine_174,012,012,34,34,34,28,0.8235,True,0.8212,True,True,1.5555
orb,finger,FV-USM_genuine_174,012,012,0,0,0,0,,False,,True,False,
sift,finger,FV-USM_genuine_174,012,012,0,0,0,0,,False,,True,False,
superglue,finger,FV-USM_genuine_174,012,012,197,190,34,14,0.4118,False,0.4011,True,False,1.9225
sgmnet,finger,FV-USM_genuine_174,012,012,1049,1031,138,21,0.1522,False,0.1521,True,False,1.4774
aspanformer,finger,FV-USM_genuine_174,012,012,2,2,2,0,,False,,True,False,
deepdetect,finger,FV-USM_genuine_174,012,012,311,156,1,0,,False,,True,False,
loftr,finger,FV-USM_genuine_175,094,094,493,493,493,483,0.9797,True,0.9797,True,True,0.2031
orb,finger,FV-USM_genuine_175,094,094,0,0,0,0,,False,,True,False,
sift,finger,FV-USM_genuine_175,094,094,0,1,0,0,,False,,True,False,
superglue,finger,FV-USM_genuine_175,094,094,160,167,9,7,0.7778,True,0.7453,True,True,0.9762
sgmnet,finger,FV-USM_genuine_175,094,094,831,866,276,86,0.3116,False,0.3079,True,False,1.7357
aspanformer,finger,FV-USM_genuine_175,094,094,2,2,2,0,,False,,True,False,
deepdetect,finger,FV-USM_genuine_175,094,094,2964,3723,4,0,,False,,True,False,
loftr,finger,FV-USM_genuine_176,006,006,231,231,231,197,0.8528,True,0.8528,True,True,1.0991
orb,finger,FV-USM_genuine_176,006,006,0,0,0,0,,False,,True,False,
sift,finger,FV-USM_genuine_176,006,006,0,0,0,0,,False,,True,False,
superglue,finger,FV-USM_genuine_176,006,006,186,153,6,4,0.6667,True,0.6110,True,True,0.0000
sgmnet,finger,FV-USM_genuine_176,006,006,874,919,252,68,0.2698,False,0.2672,True,False,1.6931
aspanformer,finger,FV-USM_genuine_176,006,006,15,15,15,15,1.0000,True,0.9964,True,True,0.1537
deepdetect,finger,FV-USM_genuine_176,006,006,209,218,1,0,,False,,True,False,
loftr,finger,FV-USM_genuine_177,107,107,16,16,16,11,0.6875,True,0.6786,True,True,0.9693
orb,finger,FV-USM_genuine_177,107,107,0,0,0,0,,False,,True,False,
sift,finger,FV-USM_genuine_177,107,107,0,0,0,0,,False,,True,False,
superglue,finger,FV-USM_genuine_177,107,107,172,161,11,6,0.5455,True,0.5140,True,True,1.5810
sgmnet,finger,FV-USM_genuine_177,107,107,982,921,242,50,0.2066,False,0.2040,True,False,1.7573
aspanformer,finger,FV-USM_genuine_177,107,107,9,9,9,9,1.0000,True,0.9762,True,True,0.4413
deepdetect,finger,FV-USM_genuine_177,107,107,1043,592,26,26,1.0000,True,1.0000,True,True,0.1362
loftr,finger,FV-USM_genuine_178,014,014,144,144,144,104,0.7222,True,0.7222,True,True,1.2664
orb,finger,FV-USM_genuine_178,014,014,0,0,0,0,,False,,True,False,
sift,finger,FV-USM_genuine_178,014,014,0,0,0,0,,False,,True,False,
superglue,finger,FV-USM_genuine_178,014,014,159,144,31,10,0.3226,False,0.3063,True,False,2.1803
sgmnet,finger,FV-USM_genuine_178,014,014,961,811,108,22,0.2037,False,0.2036,True,False,1.3297
aspanformer,finger,FV-USM_genuine_178,014,014,4,4,4,0,,False,,True,False,
deepdetect,finger,FV-USM_genuine_178,014,014,224,118,0,0,,False,,True,False,
loftr,finger,FV-USM_genuine_179,019,019,148,148,148,134,0.9054,True,0.9054,True,True,0.6275
orb,finger,FV-USM_genuine_179,019,019,0,0,0,0,,False,,True,False,
sift,finger,FV-USM_genuine_179,019,019,0,0,0,0,,False,,True,False,
superglue,finger,FV-USM_genuine_179,019,019,217,180,32,11,0.3438,False,0.3384,True,False,1.5506
sgmnet,finger,FV-USM_genuine_179,019,019,974,1040,81,13,0.1605,False,0.1594,True,False,1.0088
aspanformer,finger,FV-USM_genuine_179,019,019,3,3,3,0,,False,,True,False,
deepdetect,finger,FV-USM_genuine_179,019,019,173,90,2,0,,False,,True,False,
loftr,finger,FV-USM_genuine_180,078,078,176,176,176,126,0.7159,True,0.7159,True,True,0.2319
orb,finger,FV-USM_genuine_180,078,078,0,0,0,0,,False,,True,False,
sift,finger,FV-USM_genuine_180,078,078,0,0,0,0,,False,,True,False,
superglue,finger,FV-USM_genuine_180,078,078,155,168,83,28,0.3373,False,0.3239,True,False,2.3142
sgmnet,finger,FV-USM_genuine_180,078,078,593,614,162,42,0.2593,False,0.2593,True,False,1.4250
aspanformer,finger,FV-USM_genuine_180,078,078,9,9,9,9,1.0000,True,0.9762,True,True,0.1542
deepdetect,finger,FV-USM_genuine_180,078,078,115,79,0,0,,False,,True,False,
loftr,finger,FV-USM_genuine_181,020,020,118,118,118,85,0.7203,True,0.7203,True,True,1.1198
orb,finger,FV-USM_genuine_181,020,020,0,0,0,0,,False,,True,False,
sift,finger,FV-USM_genuine_181,020,020,0,0,0,0,,False,,True,False,
superglue,finger,FV-USM_genuine_181,020,020,171,148,39,17,0.4359,False,0.4320,True,False,1.6429
sgmnet,finger,FV-USM_genuine_181,020,020,1098,1119,374,98,0.2620,False,0.2577,True,False,1.8303
aspanformer,finger,FV-USM_genuine_181,020,020,72,72,72,72,1.0000,True,1.0000,True,True,0.2059
deepdetect,finger,FV-USM_genuine_181,020,020,366,496,4,0,,False,,True,False,
loftr,finger,FV-USM_genuine_182,099,099,167,167,167,136,0.8144,True,0.8144,True,True,0.1496
orb,finger,FV-USM_genuine_182,099,099,0,0,0,0,,False,,True,False,
sift,finger,FV-USM_genuine_182,099,099,0,0,0,0,,False,,True,False,
superglue,finger,FV-USM_genuine_182,099,099,195,183,75,34,0.4533,False,0.4341,True,False,2.3651
sgmnet,finger,FV-USM_genuine_182,099,099,844,913,217,42,0.1935,False,0.1915,True,False,1.7076
aspanformer,finger,FV-USM_genuine_182,099,099,1,1,1,0,,False,,True,False,
deepdetect,finger,FV-USM_genuine_182,099,099,527,112,0,0,,False,,True,False,
loftr,finger,FV-USM_genuine_183,085,085,71,71,71,64,0.9014,True,0.9014,True,True,0.7594
orb,finger,FV-USM_genuine_183,085,085,0,0,0,0,,False,,True,False,
sift,finger,FV-USM_genuine_183,085,085,0,0,0,0,,False,,True,False,
superglue,finger,FV-USM_genuine_183,085,085,147,155,35,13,0.3714,False,0.3572,True,False,2.1441
sgmnet,finger,FV-USM_genuine_183,085,085,896,687,296,102,0.3446,False,0.3418,True,False,1.6648
aspanformer,finger,FV-USM_genuine_183,085,085,14,14,14,0,,False,,True,False,
deepdetect,finger,FV-USM_genuine_183,085,085,159,66,3,0,,False,,True,False,
loftr,finger,FV-USM_genuine_184,053,053,145,145,145,116,0.8000,True,0.8000,True,True,0.8818
orb,finger,FV-USM_genuine_184,053,053,0,0,0,0,,False,,True,False,
sift,finger,FV-USM_genuine_184,053,053,0,0,0,0,,False,,True,False,
superglue,finger,FV-USM_genuine_184,053,053,183,221,4,4,1.0000,True,0.9165,True,True,0.0000
sgmnet,finger,FV-USM_genuine_184,053,053,927,947,243,63,0.2593,False,0.2565,True,False,1.7158
aspanformer,finger,FV-USM_genuine_184,053,053,11,11,11,10,0.9091,True,0.8930,True,True,1.0811
deepdetect,finger,FV-USM_genuine_184,053,053,703,362,11,11,1.0000,True,1.0000,True,True,0.7385
loftr,finger,FV-USM_genuine_185,075,075,504,504,504,497,0.9861,True,0.9861,True,True,0.2989
orb,finger,FV-USM_genuine_185,075,075,0,0,0,0,,False,,True,False,
sift,finger,FV-USM_genuine_185,075,075,0,0,0,0,,False,,True,False,
superglue,finger,FV-USM_genuine_185,075,075,155,157,45,17,0.3778,False,0.3677,True,False,2.0061
sgmnet,finger,FV-USM_genuine_185,075,075,937,762,320,91,0.2844,False,0.2812,True,False,1.7224
aspanformer,finger,FV-USM_genuine_185,075,075,441,441,441,438,0.9932,True,0.9932,True,True,0.1754
deepdetect,finger,FV-USM_genuine_185,075,075,318,173,0,0,,False,,True,False,
loftr,finger,FV-USM_genuine_186,008,008,92,92,92,70,0.7609,True,0.7419,True,True,2.0036
orb,finger,FV-USM_genuine_186,008,008,0,0,0,0,,False,,True,False,
sift,finger,FV-USM_genuine_186,008,008,0,0,0,0,,False,,True,False,
superglue,finger,FV-USM_genuine_186,008,008,171,146,4,4,1.0000,True,0.9165,True,True,0.0000
sgmnet,finger,FV-USM_genuine_186,008,008,861,930,291,84,0.2887,False,0.2850,True,False,1.7581
aspanformer,finger,FV-USM_genuine_186,008,008,143,143,143,133,0.9301,True,0.9301,True,True,0.2485
deepdetect,finger,FV-USM_genuine_186,008,008,396,245,0,0,,False,,True,False,
loftr,finger,FV-USM_genuine_187,048,048,30,30,30,24,0.8000,True,0.7999,True,True,0.1189
orb,finger,FV-USM_genuine_187,048,048,0,0,0,0,,False,,True,False,
sift,finger,FV-USM_genuine_187,048,048,0,0,0,0,,False,,True,False,
superglue,finger,FV-USM_genuine_187,048,048,186,198,4,0,,False,,True,False,
sgmnet,finger,FV-USM_genuine_187,048,048,1062,883,136,34,0.2500,False,0.2488,True,False,1.5961
aspanformer,finger,FV-USM_genuine_187,048,048,1,1,1,0,,False,,True,False,
deepdetect,finger,FV-USM_genuine_187,048,048,264,22,9,0,,False,,True,False,
loftr,finger,FV-USM_genuine_188,048,048,142,142,142,113,0.7958,True,0.7958,True,True,1.3905
orb,finger,FV-USM_genuine_188,048,048,0,0,0,0,,False,,True,False,
sift,finger,FV-USM_genuine_188,048,048,0,0,0,0,,False,,True,False,
superglue,finger,FV-USM_genuine_188,048,048,159,157,48,13,0.2708,False,0.2617,True,False,2.0468
sgmnet,finger,FV-USM_genuine_188,048,048,1006,849,76,23,0.3026,False,0.3026,True,False,1.3795
aspanformer,finger,FV-USM_genuine_188,048,048,86,86,86,83,0.9651,True,0.9651,True,True,0.1863
deepdetect,finger,FV-USM_genuine_188,048,048,160,140,10,0,,False,,True,False,
loftr,finger,FV-USM_genuine_189,074,074,45,45,45,40,0.8889,True,0.8889,True,True,0.1257
orb,finger,FV-USM_genuine_189,074,074,0,0,0,0,,False,,True,False,
sift,finger,FV-USM_genuine_189,074,074,0,0,0,0,,False,,True,False,
superglue,finger,FV-USM_genuine_189,074,074,127,130,29,15,0.5172,True,0.5010,True,True,2.0643
sgmnet,finger,FV-USM_genuine_189,074,074,851,828,336,107,0.3185,False,0.3146,True,False,1.7419
aspanformer,finger,FV-USM_genuine_189,074,074,3,3,3,0,,False,,True,False,
deepdetect,finger,FV-USM_genuine_189,074,074,452,368,36,36,1.0000,True,1.0000,True,True,0.5108
loftr,finger,FV-USM_genuine_190,059,059,136,136,136,90,0.6618,True,0.6465,True,True,1.9670
orb,finger,FV-USM_genuine_190,059,059,0,0,0,0,,False,,True,False,
sift,finger,FV-USM_genuine_190,059,059,3,0,0,0,,False,,True,False,
superglue,finger,FV-USM_genuine_190,059,059,125,145,56,23,0.4107,False,0.3988,True,False,2.0832
sgmnet,finger,FV-USM_genuine_190,059,059,897,774,276,89,0.3225,False,0.3181,True,False,1.7704
aspanformer,finger,FV-USM_genuine_190,059,059,12,12,12,0,,False,,True,False,
deepdetect,finger,FV-USM_genuine_190,059,059,2708,717,254,110,0.4331,True,0.4331,True,True,2.8472
loftr,finger,FV-USM_genuine_191,066,066,244,244,244,239,0.9795,True,0.9795,True,True,0.1271
orb,finger,FV-USM_genuine_191,066,066,0,0,0,0,,False,,True,False,
sift,finger,FV-USM_genuine_191,066,066,1,1,0,0,,False,,True,False,
superglue,finger,FV-USM_genuine_191,066,066,140,163,22,11,0.5000,True,0.4920,True,True,1.5616
sgmnet,finger,FV-USM_genuine_191,066,066,1086,951,457,124,0.2713,False,0.2680,True,False,1.7484
aspanformer,finger,FV-USM_genuine_191,066,066,3,3,3,0,,False,,True,False,
deepdetect,finger,FV-USM_genuine_191,066,066,1045,658,6,6,1.0000,True,1.0000,True,True,0.1640
loftr,finger,FV-USM_genuine_192,032,032,326,326,326,317,0.9724,True,0.9724,True,True,0.3219
orb,finger,FV-USM_genuine_192,032,032,0,0,0,0,,False,,True,False,
sift,finger,FV-USM_genuine_192,032,032,0,0,0,0,,False,,True,False,
superglue,finger,FV-USM_genuine_192,032,032,184,172,36,16,0.4444,False,0.4283,True,False,2.1886
sgmnet,finger,FV-USM_genuine_192,032,032,1016,1082,356,122,0.3427,False,0.3382,True,False,1.7657
aspanformer,finger,FV-USM_genuine_192,032,032,4,4,4,0,,False,,True,False,
deepdetect,finger,FV-USM_genuine_192,032,032,195,214,6,6,1.0000,True,1.0000,True,True,0.1285
loftr,finger,FV-USM_genuine_193,121,121,46,46,46,33,0.7174,True,0.7174,True,True,1.1074
orb,finger,FV-USM_genuine_193,121,121,0,0,0,0,,False,,True,False,
sift,finger,FV-USM_genuine_193,121,121,0,0,0,0,,False,,True,False,
superglue,finger,FV-USM_genuine_193,121,121,189,196,19,10,0.5263,True,0.5170,True,True,1.4257
sgmnet,finger,FV-USM_genuine_193,121,121,1108,1014,233,41,0.1760,False,0.1738,True,False,1.7507
aspanformer,finger,FV-USM_genuine_193,121,121,3,3,3,0,,False,,True,False,
deepdetect,finger,FV-USM_genuine_193,121,121,202,190,2,0,,False,,True,False,
loftr,finger,FV-USM_genuine_194,069,069,19,19,19,13,0.6842,True,0.6795,True,True,0.8653
orb,finger,FV-USM_genuine_194,069,069,0,0,0,0,,False,,True,False,
sift,finger,FV-USM_genuine_194,069,069,0,2,0,0,,False,,True,False,
superglue,finger,FV-USM_genuine_194,069,069,157,160,3,0,,False,,True,False,
sgmnet,finger,FV-USM_genuine_194,069,069,925,895,179,48,0.2682,False,0.2682,True,False,1.4366
aspanformer,finger,FV-USM_genuine_194,069,069,1,1,1,0,,False,,True,False,
deepdetect,finger,FV-USM_genuine_194,069,069,591,1362,0,0,,False,,True,False,
loftr,finger,FV-USM_genuine_195,107,107,306,306,306,305,0.9967,True,0.9967,True,True,0.1660
orb,finger,FV-USM_genuine_195,107,107,0,0,0,0,,False,,True,False,
sift,finger,FV-USM_genuine_195,107,107,0,0,0,0,,False,,True,False,
superglue,finger,FV-USM_genuine_195,107,107,163,151,27,11,0.4074,False,0.3863,True,False,2.3019
sgmnet,finger,FV-USM_genuine_195,107,107,928,914,326,81,0.2485,False,0.2437,True,False,1.8872
aspanformer,finger,FV-USM_genuine_195,107,107,250,250,250,236,0.9440,True,0.9440,True,True,0.7067
deepdetect,finger,FV-USM_genuine_195,107,107,615,601,8,0,,False,,True,False,
loftr,finger,FV-USM_genuine_196,117,117,51,51,51,48,0.9412,True,0.9412,True,True,0.3062
orb,finger,FV-USM_genuine_196,117,117,0,0,0,0,,False,,True,False,
sift,finger,FV-USM_genuine_196,117,117,0,0,0,0,,False,,True,False,
superglue,finger,FV-USM_genuine_196,117,117,138,163,35,12,0.3429,False,0.3319,True,False,1.9598
sgmnet,finger,FV-USM_genuine_196,117,117,1402,1452,268,67,0.2500,False,0.2469,True,False,1.7525
aspanformer,finger,FV-USM_genuine_196,117,117,0,0,0,0,,False,,True,False,
deepdetect,finger,FV-USM_genuine_196,117,117,161,288,1,0,,False,,True,False,
loftr,finger,FV-USM_genuine_197,002,002,4,4,4,4,1.0000,True,0.9165,True,True,0.0000
orb,finger,FV-USM_genuine_197,002,002,0,0,0,0,,False,,True,False,
sift,finger,FV-USM_genuine_197,002,002,0,0,0,0,,False,,True,False,
superglue,finger,FV-USM_genuine_197,002,002,183,187,4,0,,False,,True,False,
sgmnet,finger,FV-USM_genuine_197,002,002,817,723,96,24,0.2500,False,0.2491,True,False,1.5713
aspanformer,finger,FV-USM_genuine_197,002,002,2,2,2,0,,False,,True,False,
deepdetect,finger,FV-USM_genuine_197,002,002,1283,314,0,0,,False,,True,False,
loftr,finger,FV-USM_genuine_198,085,085,60,60,60,54,0.9000,True,0.9000,True,True,0.1263
orb,finger,FV-USM_genuine_198,085,085,0,0,0,0,,False,,True,False,
sift,finger,FV-USM_genuine_198,085,085,0,0,0,0,,False,,True,False,
superglue,finger,FV-USM_genuine_198,085,085,147,157,67,19,0.2836,False,0.2765,True,False,1.9837
sgmnet,finger,FV-USM_genuine_198,085,085,896,896,224,57,0.2545,False,0.2535,True,False,1.5790
aspanformer,finger,FV-USM_genuine_198,085,085,11,11,11,11,1.0000,True,0.9870,True,True,0.1237
deepdetect,finger,FV-USM_genuine_198,085,085,159,223,16,16,1.0000,True,1.0000,True,True,0.0000
loftr,finger,FV-USM_genuine_199,090,090,82,82,82,80,0.9756,True,0.9756,True,True,0.1142
orb,finger,FV-USM_genuine_199,090,090,0,0,0,0,,False,,True,False,
sift,finger,FV-USM_genuine_199,090,090,0,0,0,0,,False,,True,False,
superglue,finger,FV-USM_genuine_199,090,090,196,192,7,5,0.7143,True,0.6658,True,True,0.5112
sgmnet,finger,FV-USM_genuine_199,090,090,965,769,92,18,0.1957,False,0.1954,True,False,1.4767
aspanformer,finger,FV-USM_genuine_199,090,090,8,8,8,0,,False,,True,False,
deepdetect,finger,FV-USM_genuine_199,090,090,310,121,3,0,,False,,True,False,
loftr,finger,FV-USM_genuine_200,015,015,2,2,2,0,,False,,True,False,
orb,finger,FV-USM_genuine_200,015,015,0,0,0,0,,False,,True,False,
sift,finger,FV-USM_genuine_200,015,015,0,0,0,0,,False,,True,False,
superglue,finger,FV-USM_genuine_200,015,015,180,156,29,13,0.4483,False,0.4285,True,False,2.2652
sgmnet,finger,FV-USM_genuine_200,015,015,928,1050,201,44,0.2189,False,0.2178,True,False,1.6027
aspanformer,finger,FV-USM_genuine_200,015,015,2,2,2,0,,False,,True,False,
deepdetect,finger,FV-USM_genuine_200,015,015,207,295,0,0,,False,,True,False,
loftr,finger,FV-USM_genuine_201,085,085,153,153,153,138,0.9020,True,0.9020,True,True,1.2674
orb,finger,FV-USM_genuine_201,085,085,0,0,0,0,,False,,True,False,
sift,finger,FV-USM_genuine_201,085,085,0,0,0,0,,False,,True,False,
superglue,finger,FV-USM_genuine_201,085,085,174,162,49,22,0.4490,False,0.4319,True,False,2.2695
sgmnet,finger,FV-USM_genuine_201,085,085,937,657,126,37,0.2937,False,0.2922,True,False,1.5971
aspanformer,finger,FV-USM_genuine_201,085,085,2,2,2,0,,False,,True,False,
deepdetect,finger,FV-USM_genuine_201,085,085,422,142,18,17,0.9444,True,0.9444,True,True,0.8156
loftr,finger,FV-USM_genuine_202,110,110,40,40,40,35,0.8750,True,0.8750,True,True,0.9991
orb,finger,FV-USM_genuine_202,110,110,0,0,0,0,,False,,True,False,
sift,finger,FV-USM_genuine_202,110,110,0,0,0,0,,False,,True,False,
superglue,finger,FV-USM_genuine_202,110,110,158,142,26,11,0.4231,False,0.3965,True,False,2.5370
sgmnet,finger,FV-USM_genuine_202,110,110,622,691,262,89,0.3397,False,0.3397,True,False,1.3794
aspanformer,finger,FV-USM_genuine_202,110,110,6,6,6,0,,False,,True,False,
deepdetect,finger,FV-USM_genuine_202,110,110,55,67,0,0,,False,,True,False,
loftr,finger,FV-USM_genuine_203,067,067,153,153,153,104,0.6797,True,0.6797,True,True,1.1340
orb,finger,FV-USM_genuine_203,067,067,0,0,0,0,,False,,True,False,
sift,finger,FV-USM_genuine_203,067,067,2,0,0,0,,False,,True,False,
superglue,finger,FV-USM_genuine_203,067,067,176,123,9,5,0.5556,True,0.5179,True,True,1.1176
sgmnet,finger,FV-USM_genuine_203,067,067,927,646,33,14,0.4242,True,0.4221,True,True,1.2421
aspanformer,finger,FV-USM_genuine_203,067,067,4,4,4,4,1.0000,True,0.9165,True,True,0.0000
deepdetect,finger,FV-USM_genuine_203,067,067,516,314,16,12,0.7500,True,0.7500,True,True,0.4428
loftr,finger,FV-USM_genuine_204,094,094,285,285,285,282,0.9895,True,0.9895,True,True,0.1454
orb,finger,FV-USM_genuine_204,094,094,0,0,0,0,,False,,True,False,
sift,finger,FV-USM_genuine_204,094,094,1,1,0,0,,False,,True,False,
superglue,finger,FV-USM_genuine_204,094,094,164,178,50,22,0.4400,False,0.4112,True,False,2.8451
sgmnet,finger,FV-USM_genuine_204,094,094,796,796,350,106,0.3029,False,0.2986,True,False,1.7809
aspanformer,finger,FV-USM_genuine_204,094,094,6,6,6,0,,False,,True,False,
deepdetect,finger,FV-USM_genuine_204,094,094,735,405,12,11,0.9167,True,0.9167,True,True,0.2412
loftr,finger,FV-USM_genuine_205,034,034,247,247,247,221,0.8947,True,0.8947,True,True,0.4721
orb,finger,FV-USM_genuine_205,034,034,0,0,0,0,,False,,True,False,
sift,finger,FV-USM_genuine_205,034,034,0,0,0,0,,False,,True,False,
superglue,finger,FV-USM_genuine_205,034,034,150,133,48,16,0.3333,False,0.3217,True,False,2.1582
sgmnet,finger,FV-USM_genuine_205,034,034,971,943,286,76,0.2657,False,0.2629,True,False,1.7171
aspanformer,finger,FV-USM_genuine_205,034,034,6,6,6,6,1.0000,True,0.9462,True,True,0.0738
deepdetect,finger,FV-USM_genuine_205,034,034,219,445,1,0,,False,,True,False,
loftr,finger,FV-USM_genuine_206,096,096,94,94,94,82,0.8723,True,0.8723,True,True,0.1383
orb,finger,FV-USM_genuine_206,096,096,0,0,0,0,,False,,True,False,
sift,finger,FV-USM_genuine_206,096,096,0,0,0,0,,False,,True,False,
superglue,finger,FV-USM_genuine_206,096,096,212,180,6,5,0.8333,True,0.7768,True,True,0.9273
sgmnet,finger,FV-USM_genuine_206,096,096,931,875,267,51,0.1910,False,0.1885,True,False,1.7687
aspanformer,finger,FV-USM_genuine_206,096,096,3,3,3,0,,False,,True,False,
deepdetect,finger,FV-USM_genuine_206,096,096,424,388,17,0,,False,,True,False,
loftr,finger,FV-USM_genuine_207,080,080,130,130,130,123,0.9462,True,0.9462,True,True,0.1146
orb,finger,FV-USM_genuine_207,080,080,0,0,0,0,,False,,True,False,
sift,finger,FV-USM_genuine_207,080,080,0,0,0,0,,False,,True,False,
superglue,finger,FV-USM_genuine_207,080,080,143,154,9,5,0.5556,True,0.5179,True,True,0.8215
sgmnet,finger,FV-USM_genuine_207,080,080,791,586,267,83,0.3109,False,0.3054,True,False,1.8567
aspanformer,finger,FV-USM_genuine_207,080,080,13,13,13,10,0.7692,True,0.7556,True,True,0.1116
deepdetect,finger,FV-USM_genuine_207,080,080,166,73,1,0,,False,,True,False,
loftr,finger,FV-USM_genuine_208,043,043,4,4,4,4,1.0000,True,0.9165,True,True,0.0000
orb,finger,FV-USM_genuine_208,043,043,0,0,0,0,,False,,True,False,
sift,finger,FV-USM_genuine_208,043,043,0,0,0,0,,False,,True,False,
superglue,finger,FV-USM_genuine_208,043,043,169,195,2,0,,False,,True,False,
sgmnet,finger,FV-USM_genuine_208,043,043,915,819,232,58,0.2500,False,0.2466,True,False,1.7729
aspanformer,finger,FV-USM_genuine_208,043,043,0,0,0,0,,False,,True,False,
deepdetect,finger,FV-USM_genuine_208,043,043,252,68,0,0,,False,,True,False,
loftr,finger,FV-USM_genuine_209,014,014,98,98,98,90,0.9184,True,0.9184,True,True,0.8148
orb,finger,FV-USM_genuine_209,014,014,0,0,0,0,,False,,True,False,
sift,finger,FV-USM_genuine_209,014,014,2,2,1,0,,False,,True,False,
superglue,finger,FV-USM_genuine_209,014,014,201,156,46,16,0.3478,False,0.3418,True,False,1.8001
sgmnet,finger,FV-USM_genuine_209,014,014,933,931,139,30,0.2158,False,0.2158,True,False,1.4147
aspanformer,finger,FV-USM_genuine_209,014,014,3,3,3,0,,False,,True,False,
deepdetect,finger,FV-USM_genuine_209,014,014,137,118,3,0,,False,,True,False,
loftr,finger,FV-USM_genuine_210,037,037,206,206,206,201,0.9757,True,0.9757,True,True,0.1577
orb,finger,FV-USM_genuine_210,037,037,0,0,0,0,,False,,True,False,
sift,finger,FV-USM_genuine_210,037,037,0,0,0,0,,False,,True,False,
superglue,finger,FV-USM_genuine_210,037,037,124,142,6,4,0.6667,True,0.6110,True,True,0.0000
sgmnet,finger,FV-USM_genuine_210,037,037,883,841,373,112,0.3003,False,0.2972,True,False,1.7035
aspanformer,finger,FV-USM_genuine_210,037,037,9,9,9,9,1.0000,True,0.9762,True,True,0.1157
deepdetect,finger,FV-USM_genuine_210,037,037,53,109,2,0,,False,,True,False,
loftr,finger,FV-USM_genuine_211,054,054,320,320,320,297,0.9281,True,0.9281,True,True,0.7430
orb,finger,FV-USM_genuine_211,054,054,0,0,0,0,,False,,True,False,
sift,finger,FV-USM_genuine_211,054,054,0,0,0,0,,False,,True,False,
superglue,finger,FV-USM_genuine_211,054,054,179,186,5,4,0.8000,True,0.7332,True,True,0.0000
sgmnet,finger,FV-USM_genuine_211,054,054,695,686,297,87,0.2929,False,0.2929,True,False,1.5038
aspanformer,finger,FV-USM_genuine_211,054,054,21,21,21,21,1.0000,True,0.9995,True,True,0.1012
deepdetect,finger,FV-USM_genuine_211,054,054,44,58,1,0,,False,,True,False,
loftr,finger,FV-USM_genuine_212,020,020,292,292,292,281,0.9623,True,0.9623,True,True,0.8064
orb,finger,FV-USM_genuine_212,020,020,0,0,0,0,,False,,True,False,
sift,finger,FV-USM_genuine_212,020,020,0,0,0,0,,False,,True,False,
superglue,finger,FV-USM_genuine_212,020,020,104,142,58,25,0.4310,False,0.4285,True,False,1.6171
sgmnet,finger,FV-USM_genuine_212,020,020,793,800,417,139,0.3333,False,0.3285,True,False,1.7922
aspanformer,finger,FV-USM_genuine_212,020,020,141,141,141,139,0.9858,True,0.9858,True,True,0.1465
deepdetect,finger,FV-USM_genuine_212,020,020,131,120,8,8,1.0000,True,1.0000,True,True,0.1112
loftr,finger,FV-USM_genuine_213,057,057,12,12,12,12,1.0000,True,0.9905,True,True,0.0594
orb,finger,FV-USM_genuine_213,057,057,0,0,0,0,,False,,True,False,
sift,finger,FV-USM_genuine_213,057,057,0,0,0,0,,False,,True,False,
superglue,finger,FV-USM_genuine_213,057,057,178,186,31,15,0.4839,True,0.4779,True,True,1.6783
sgmnet,finger,FV-USM_genuine_213,057,057,936,704,216,45,0.2083,False,0.2052,True,False,1.8057
aspanformer,finger,FV-USM_genuine_213,057,057,11,11,11,11,1.0000,True,0.9870,True,True,0.1379
deepdetect,finger,FV-USM_genuine_213,057,057,212,33,98,0,,False,,True,False,
loftr,finger,FV-USM_genuine_214,001,001,265,265,265,244,0.9208,True,0.9208,True,True,0.2105
orb,finger,FV-USM_genuine_214,001,001,0,0,0,0,,False,,True,False,
sift,finger,FV-USM_genuine_214,001,001,0,0,0,0,,False,,True,False,
superglue,finger,FV-USM_genuine_214,001,001,152,189,72,34,0.4722,True,0.4672,True,True,1.7143
sgmnet,finger,FV-USM_genuine_214,001,001,737,800,376,94,0.2500,False,0.2467,True,False,1.7692
aspanformer,finger,FV-USM_genuine_214,001,001,7,7,7,0,,False,,True,False,
deepdetect,finger,FV-USM_genuine_214,001,001,134,103,2,0,,False,,True,False,
loftr,finger,FV-USM_genuine_215,119,119,302,302,302,270,0.8940,True,0.8939,True,True,1.5031
orb,finger,FV-USM_genuine_215,119,119,0,0,0,0,,False,,True,False,
sift,finger,FV-USM_genuine_215,119,119,0,1,0,0,,False,,True,False,
superglue,finger,FV-USM_genuine_215,119,119,139,135,18,9,0.5000,True,0.4744,True,True,2.0674
sgmnet,finger,FV-USM_genuine_215,119,119,724,786,340,100,0.2941,False,0.2899,True,False,1.7858
aspanformer,finger,FV-USM_genuine_215,119,119,82,82,82,70,0.8537,True,0.8537,True,True,0.9569
deepdetect,finger,FV-USM_genuine_215,119,119,623,1357,4,0,,False,,True,False,
loftr,finger,FV-USM_genuine_216,090,090,122,122,122,77,0.6311,True,0.6311,True,True,0.1974
orb,finger,FV-USM_genuine_216,090,090,0,0,0,0,,False,,True,False,
sift,finger,FV-USM_genuine_216,090,090,0,0,0,0,,False,,True,False,
superglue,finger,FV-USM_genuine_216,090,090,192,203,7,5,0.7143,True,0.6658,True,True,0.8695
sgmnet,finger,FV-USM_genuine_216,090,090,987,986,199,44,0.2211,False,0.2211,True,False,1.4758
aspanformer,finger,FV-USM_genuine_216,090,090,12,12,12,0,,False,,True,False,
deepdetect,finger,FV-USM_genuine_216,090,090,247,258,3,0,,False,,True,False,
loftr,finger,FV-USM_genuine_217,109,109,59,59,59,51,0.8644,True,0.8644,True,True,1.2169
orb,finger,FV-USM_genuine_217,109,109,0,0,0,0,,False,,True,False,
sift,finger,FV-USM_genuine_217,109,109,8,0,0,0,,False,,True,False,
superglue,finger,FV-USM_genuine_217,109,109,136,171,31,9,0.2903,False,0.2802,True,False,1.7253
sgmnet,finger,FV-USM_genuine_217,109,109,982,704,131,26,0.1985,False,0.1985,True,False,1.4008
aspanformer,finger,FV-USM_genuine_217,109,109,2,2,2,0,,False,,True,False,
deepdetect,finger,FV-USM_genuine_217,109,109,2118,943,0,0,,False,,True,False,
loftr,finger,FV-USM_genuine_218,090,090,85,85,85,80,0.9412,True,0.9412,True,True,0.4601
orb,finger,FV-USM_genuine_218,090,090,0,0,0,0,,False,,True,False,
sift,finger,FV-USM_genuine_218,090,090,0,0,0,0,,False,,True,False,
superglue,finger,FV-USM_genuine_218,090,090,176,192,8,6,0.7500,True,0.7097,True,True,0.9880
sgmnet,finger,FV-USM_genuine_218,090,090,906,735,199,31,0.1558,False,0.1556,True,False,1.5272
aspanformer,finger,FV-USM_genuine_218,090,090,2,2,0,0,,False,,True,False,
deepdetect,finger,FV-USM_genuine_218,090,090,677,337,15,0,,False,,True,False,
loftr,finger,FV-USM_genuine_219,033,033,25,25,25,20,0.8000,True,0.7994,True,True,1.4166
orb,finger,FV-USM_genuine_219,033,033,0,0,0,0,,False,,True,False,
sift,finger,FV-USM_genuine_219,033,033,0,0,0,0,,False,,True,False,
superglue,finger,FV-USM_genuine_219,033,033,180,166,6,5,0.8333,True,0.7768,True,True,0.1935
sgmnet,finger,FV-USM_genuine_219,033,033,954,857,234,56,0.2393,False,0.2393,True,False,1.5046
aspanformer,finger,FV-USM_genuine_219,033,033,3,3,3,0,,False,,True,False,
deepdetect,finger,FV-USM_genuine_219,033,033,284,117,0,0,,False,,True,False,
loftr,finger,FV-USM_genuine_220,121,121,96,96,96,84,0.8750,True,0.8548,True,True,1.9669
orb,finger,FV-USM_genuine_220,121,121,0,0,0,0,,False,,True,False,
sift,finger,FV-USM_genuine_220,121,121,0,0,0,0,,False,,True,False,
superglue,finger,FV-USM_genuine_220,121,121,108,171,20,8,0.4000,False,0.3818,True,False,1.7872
sgmnet,finger,FV-USM_genuine_220,121,121,1204,1217,402,94,0.2338,False,0.2305,True,False,1.7868
aspanformer,finger,FV-USM_genuine_220,121,121,3,3,3,0,,False,,True,False,
deepdetect,finger,FV-USM_genuine_220,121,121,1041,577,5,0,,False,,True,False,
loftr,finger,FV-USM_genuine_221,063,063,348,348,348,326,0.9368,True,0.9368,True,True,0.2938
orb,finger,FV-USM_genuine_221,063,063,0,0,0,0,,False,,True,False,
sift,finger,FV-USM_genuine_221,063,063,0,0,0,0,,False,,True,False,
superglue,finger,FV-USM_genuine_221,063,063,150,150,38,14,0.3684,False,0.3603,True,False,1.8433
sgmnet,finger,FV-USM_genuine_221,063,063,863,1006,294,92,0.3129,False,0.3113,True,False,1.6057
aspanformer,finger,FV-USM_genuine_221,063,063,2,2,2,0,,False,,True,False,
deepdetect,finger,FV-USM_genuine_221,063,063,132,358,1,0,,False,,True,False,
loftr,finger,FV-USM_genuine_222,095,095,94,94,94,81,0.8617,True,0.8617,True,True,0.2276
orb,finger,FV-USM_genuine_222,095,095,0,0,0,0,,False,,True,False,
sift,finger,FV-USM_genuine_222,095,095,0,0,0,0,,False,,True,False,
superglue,finger,FV-USM_genuine_222,095,095,188,214,18,8,0.4444,False,0.4193,True,False,2.0202
sgmnet,finger,FV-USM_genuine_222,095,095,962,931,31,7,0.2258,False,0.2164,True,False,0.9598
aspanformer,finger,FV-USM_genuine_222,095,095,0,0,0,0,,False,,True,False,
deepdetect,finger,FV-USM_genuine_222,095,095,680,112,0,0,,False,,True,False,
loftr,finger,FV-USM_genuine_223,023,023,30,30,30,24,0.8000,True,0.7999,True,True,1.0057
orb,finger,FV-USM_genuine_223,023,023,0,0,0,0,,False,,True,False,
sift,finger,FV-USM_genuine_223,023,023,0,1,0,0,,False,,True,False,
superglue,finger,FV-USM_genuine_223,023,023,134,171,0,0,,False,,True,False,
sgmnet,finger,FV-USM_genuine_223,023,023,862,918,37,7,0.1892,False,0.1813,True,False,1.0049
aspanformer,finger,FV-USM_genuine_223,023,023,0,0,0,0,,False,,True,False,
deepdetect,finger,FV-USM_genuine_223,023,023,2482,515,12,0,,False,,True,False,
loftr,finger,FV-USM_genuine_224,064,064,168,168,168,123,0.7321,True,0.7228,True,True,1.7570
orb,finger,FV-USM_genuine_224,064,064,0,0,0,0,,False,,True,False,
sift,finger,FV-USM_genuine_224,064,064,0,0,0,0,,False,,True,False,
superglue,finger,FV-USM_genuine_224,064,064,166,162,91,32,0.3516,False,0.3331,True,False,2.5861
sgmnet,finger,FV-USM_genuine_224,064,064,1059,1011,280,65,0.2321,False,0.2278,True,False,1.8766
aspanformer,finger,FV-USM_genuine_224,064,064,3,3,3,0,,False,,True,False,
deepdetect,finger,FV-USM_genuine_224,064,064,556,319,0,0,,False,,True,False,
loftr,finger,FV-USM_genuine_225,114,114,337,337,337,332,0.9852,True,0.9852,True,True,0.1871
orb,finger,FV-USM_genuine_225,114,114,0,0,0,0,,False,,True,False,
sift,finger,FV-USM_genuine_225,114,114,0,0,0,0,,False,,True,False,
superglue,finger,FV-USM_genuine_225,114,114,152,165,65,30,0.4615,False,0.4466,True,False,2.1561
sgmnet,finger,FV-USM_genuine_225,114,114,945,843,403,179,0.4442,True,0.4402,True,True,1.6783
aspanformer,finger,FV-USM_genuine_225,114,114,11,11,11,11,1.0000,True,0.9870,True,True,0.0866
deepdetect,finger,FV-USM_genuine_225,114,114,358,166,6,0,,False,,True,False,
loftr,finger,FV-USM_genuine_226,014,014,40,40,40,29,0.7250,True,0.7250,True,True,0.9128
orb,finger,FV-USM_genuine_226,014,014,0,0,0,0,,False,,True,False,
sift,finger,FV-USM_genuine_226,014,014,1,0,0,0,,False,,True,False,
superglue,finger,FV-USM_genuine_226,014,014,174,189,79,28,0.3544,False,0.3522,True,False,1.6276
sgmnet,finger,FV-USM_genuine_226,014,014,963,902,157,26,0.1656,False,0.1641,True,False,1.6781
aspanformer,finger,FV-USM_genuine_226,014,014,2,2,0,0,,False,,True,False,
deepdetect,finger,FV-USM_genuine_226,014,014,268,215,0,0,,False,,True,False,
loftr,finger,FV-USM_genuine_227,109,109,287,287,287,284,0.9895,True,0.9895,True,True,0.1682
orb,finger,FV-USM_genuine_227,109,109,0,0,0,0,,False,,True,False,
sift,finger,FV-USM_genuine_227,109,109,0,0,0,0,,False,,True,False,
superglue,finger,FV-USM_genuine_227,109,109,199,166,27,12,0.4444,False,0.4310,True,False,1.9247
sgmnet,finger,FV-USM_genuine_227,109,109,938,891,398,105,0.2638,False,0.2610,True,False,1.7151
aspanformer,finger,FV-USM_genuine_227,109,109,3,3,3,0,,False,,True,False,
deepdetect,finger,FV-USM_genuine_227,109,109,301,294,16,0,,False,,True,False,
loftr,finger,FV-USM_genuine_228,078,078,237,237,237,232,0.9789,True,0.9789,True,True,0.1831
orb,finger,FV-USM_genuine_228,078,078,0,0,0,0,,False,,True,False,
sift,finger,FV-USM_genuine_228,078,078,0,0,0,0,,False,,True,False,
superglue,finger,FV-USM_genuine_228,078,078,123,136,37,16,0.4324,False,0.4085,True,False,2.5847
sgmnet,finger,FV-USM_genuine_228,078,078,870,645,280,76,0.2714,False,0.2714,True,False,1.4876
aspanformer,finger,FV-USM_genuine_228,078,078,107,107,107,107,1.0000,True,1.0000,True,True,0.1323
deepdetect,finger,FV-USM_genuine_228,078,078,335,226,0,0,,False,,True,False,
loftr,finger,FV-USM_genuine_229,038,038,150,150,150,106,0.7067,True,0.7067,True,True,0.5239
orb,finger,FV-USM_genuine_229,038,038,0,0,0,0,,False,,True,False,
sift,finger,FV-USM_genuine_229,038,038,0,0,0,0,,False,,True,False,
superglue,finger,FV-USM_genuine_229,038,038,159,156,44,17,0.3864,False,0.3784,True,False,1.8766
sgmnet,finger,FV-USM_genuine_229,038,038,743,835,316,89,0.2816,False,0.2784,True,False,1.7307
aspanformer,finger,FV-USM_genuine_229,038,038,20,20,20,20,1.0000,True,0.9993,True,True,0.1474
deepdetect,finger,FV-USM_genuine_229,038,038,387,324,26,26,1.0000,True,1.0000,True,True,2.5069
loftr,finger,FV-USM_genuine_230,105,105,179,179,179,175,0.9777,True,0.9777,True,True,0.1264
orb,finger,FV-USM_genuine_230,105,105,0,0,0,0,,False,,True,False,
sift,finger,FV-USM_genuine_230,105,105,0,0,0,0,,False,,True,False,
superglue,finger,FV-USM_genuine_230,105,105,161,162,47,22,0.4681,True,0.4548,True,True,2.0677
sgmnet,finger,FV-USM_genuine_230,105,105,947,929,410,139,0.3390,False,0.3372,True,False,1.6083
aspanformer,finger,FV-USM_genuine_230,105,105,4,4,4,0,,False,,True,False,
deepdetect,finger,FV-USM_genuine_230,105,105,336,389,0,0,,False,,True,False,
loftr,finger,FV-USM_genuine_231,080,080,246,246,246,223,0.9065,True,0.9065,True,True,0.1988
orb,finger,FV-USM_genuine_231,080,080,0,0,0,0,,False,,True,False,
sift,finger,FV-USM_genuine_231,080,080,0,0,0,0,,False,,True,False,
superglue,finger,FV-USM_genuine_231,080,080,159,168,27,10,0.3704,False,0.3616,True,False,1.6207
sgmnet,finger,FV-USM_genuine_231,080,080,795,767,394,124,0.3147,False,0.3102,True,False,1.7906
aspanformer,finger,FV-USM_genuine_231,080,080,583,583,583,581,0.9966,True,0.9966,True,True,0.2110
deepdetect,finger,FV-USM_genuine_231,080,080,373,276,10,9,0.9000,True,0.9000,True,True,0.3783
loftr,finger,FV-USM_genuine_232,076,076,94,94,94,52,0.5532,True,0.5507,True,True,1.5900
orb,finger,FV-USM_genuine_232,076,076,0,0,0,0,,False,,True,False,
sift,finger,FV-USM_genuine_232,076,076,0,0,0,0,,False,,True,False,
superglue,finger,FV-USM_genuine_232,076,076,148,177,25,12,0.4800,True,0.4741,True,True,1.5576
sgmnet,finger,FV-USM_genuine_232,076,076,862,906,228,53,0.2325,False,0.2308,True,False,1.6460
aspanformer,finger,FV-USM_genuine_232,076,076,6,6,6,0,,False,,True,False,
deepdetect,finger,FV-USM_genuine_232,076,076,1167,393,4,0,,False,,True,False,
loftr,finger,FV-USM_genuine_233,025,025,35,35,35,27,0.7714,True,0.7714,True,True,0.1213
orb,finger,FV-USM_genuine_233,025,025,0,0,0,0,,False,,True,False,
sift,finger,FV-USM_genuine_233,025,025,0,0,0,0,,False,,True,False,
superglue,finger,FV-USM_genuine_233,025,025,192,242,3,0,,False,,True,False,
sgmnet,finger,FV-USM_genuine_233,025,025,1152,986,56,13,0.2321,False,0.2305,True,False,1.1919
aspanformer,finger,FV-USM_genuine_233,025,025,0,0,0,0,,False,,True,False,
deepdetect,finger,FV-USM_genuine_233,025,025,724,703,10,0,,False,,True,False,
loftr,finger,FV-USM_genuine_234,047,047,48,48,48,46,0.9583,True,0.9583,True,True,0.1235
orb,finger,FV-USM_genuine_234,047,047,0,0,0,0,,False,,True,False,
sift,finger,FV-USM_genuine_234,047,047,0,0,0,0,,False,,True,False,
superglue,finger,FV-USM_genuine_234,047,047,188,198,6,0,,False,,True,False,
sgmnet,finger,FV-USM_genuine_234,047,047,973,627,92,27,0.2935,False,0.2909,True,False,1.6782
aspanformer,finger,FV-USM_genuine_234,047,047,3,3,3,0,,False,,True,False,
deepdetect,finger,FV-USM_genuine_234,047,047,335,114,18,0,,False,,True,False,
loftr,finger,FV-USM_genuine_235,095,095,146,146,146,113,0.7740,True,0.7740,True,True,1.3490
orb,finger,FV-USM_genuine_235,095,095,0,0,0,0,,False,,True,False,
sift,finger,FV-USM_genuine_235,095,095,0,0,0,0,,False,,True,False,
superglue,finger,FV-USM_genuine_235,095,095,240,231,14,8,0.5714,True,0.5483,True,True,1.6821
sgmnet,finger,FV-USM_genuine_235,095,095,884,845,118,25,0.2119,False,0.2118,True,False,1.4317
aspanformer,finger,FV-USM_genuine_235,095,095,2,2,0,0,,False,,True,False,
deepdetect,finger,FV-USM_genuine_235,095,095,270,169,0,0,,False,,True,False,
loftr,finger,FV-USM_genuine_236,021,021,103,103,103,97,0.9417,True,0.9417,True,True,0.1322
orb,finger,FV-USM_genuine_236,021,021,0,0,0,0,,False,,True,False,
sift,finger,FV-USM_genuine_236,021,021,0,0,0,0,,False,,True,False,
superglue,finger,FV-USM_genuine_236,021,021,207,211,14,6,0.4286,False,0.4055,True,False,1.2180
sgmnet,finger,FV-USM_genuine_236,021,021,968,1026,147,22,0.1497,False,0.1495,True,False,1.5169
aspanformer,finger,FV-USM_genuine_236,021,021,2,2,2,0,,False,,True,False,
deepdetect,finger,FV-USM_genuine_236,021,021,208,311,8,0,,False,,True,False,
loftr,finger,FV-USM_genuine_237,067,067,281,281,281,243,0.8648,True,0.8648,True,True,0.2755
orb,finger,FV-USM_genuine_237,067,067,0,0,0,0,,False,,True,False,
sift,finger,FV-USM_genuine_237,067,067,0,0,0,0,,False,,True,False,
superglue,finger,FV-USM_genuine_237,067,067,136,122,38,15,0.3947,False,0.3896,True,False,1.6922
sgmnet,finger,FV-USM_genuine_237,067,067,694,681,128,33,0.2578,False,0.2562,True,False,1.6291
aspanformer,finger,FV-USM_genuine_237,067,067,21,21,21,21,1.0000,True,0.9995,True,True,0.2437
deepdetect,finger,FV-USM_genuine_237,067,067,336,176,2,0,,False,,True,False,
loftr,finger,FV-USM_genuine_238,119,119,31,31,31,18,0.5806,True,0.5689,True,True,1.8818
orb,finger,FV-USM_genuine_238,119,119,0,0,0,0,,False,,True,False,
sift,finger,FV-USM_genuine_238,119,119,0,0,0,0,,False,,True,False,
superglue,finger,FV-USM_genuine_238,119,119,141,130,34,12,0.3529,False,0.3381,True,False,2.1691
sgmnet,finger,FV-USM_genuine_238,119,119,810,1661,24,6,0.2500,False,0.2366,True,False,1.1369
aspanformer,finger,FV-USM_genuine_238,119,119,1,1,1,0,,False,,True,False,
deepdetect,finger,FV-USM_genuine_238,119,119,580,2080,1,0,,False,,True,False,
loftr,finger,FV-USM_genuine_239,097,097,113,113,113,99,0.8761,True,0.8761,True,True,0.9061
orb,finger,FV-USM_genuine_239,097,097,0,0,0,0,,False,,True,False,
sift,finger,FV-USM_genuine_239,097,097,0,0,0,0,,False,,True,False,
superglue,finger,FV-USM_genuine_239,097,097,247,188,5,4,0.8000,True,0.7332,True,True,0.0000
sgmnet,finger,FV-USM_genuine_239,097,097,879,754,172,50,0.2907,False,0.2853,True,False,1.8782
aspanformer,finger,FV-USM_genuine_239,097,097,14,14,14,0,,False,,True,False,
deepdetect,finger,FV-USM_genuine_239,097,097,325,102,10,0,,False,,True,False,
loftr,finger,FV-USM_genuine_240,115,115,58,58,58,51,0.8793,True,0.8793,True,True,0.1158
orb,finger,FV-USM_genuine_240,115,115,0,0,0,0,,False,,True,False,
sift,finger,FV-USM_genuine_240,115,115,0,0,0,0,,False,,True,False,
superglue,finger,FV-USM_genuine_240,115,115,179,215,4,4,1.0000,True,0.9165,True,True,0.0000
sgmnet,finger,FV-USM_genuine_240,115,115,969,682,86,20,0.2326,False,0.2324,True,False,1.3991
aspanformer,finger,FV-USM_genuine_240,115,115,3,3,0,0,,False,,True,False,
deepdetect,finger,FV-USM_genuine_240,115,115,151,81,2,0,,False,,True,False,
loftr,finger,FV-USM_genuine_241,066,066,81,81,81,69,0.8519,True,0.8519,True,True,0.1463
orb,finger,FV-USM_genuine_241,066,066,0,0,0,0,,False,,True,False,
sift,finger,FV-USM_genuine_241,066,066,0,0,0,0,,False,,True,False,
superglue,finger,FV-USM_genuine_241,066,066,182,189,94,38,0.4043,False,0.3934,True,False,2.0451
sgmnet,finger,FV-USM_genuine_241,066,066,958,882,431,136,0.3155,False,0.3111,True,False,1.7824
aspanformer,finger,FV-USM_genuine_241,066,066,194,194,194,185,0.9536,True,0.9536,True,True,0.1685
deepdetect,finger,FV-USM_genuine_241,066,066,425,366,4,0,,False,,True,False,
loftr,finger,FV-USM_genuine_242,115,115,250,250,250,224,0.8960,True,0.8960,True,True,0.7559
orb,finger,FV-USM_genuine_242,115,115,0,0,0,0,,False,,True,False,
sift,finger,FV-USM_genuine_242,115,115,0,0,0,0,,False,,True,False,
superglue,finger,FV-USM_genuine_242,115,115,180,177,2,0,,False,,True,False,
sgmnet,finger,FV-USM_genuine_242,115,115,1001,1048,167,59,0.3533,False,0.3533,True,False,1.3958
aspanformer,finger,FV-USM_genuine_242,115,115,3,3,3,0,,False,,True,False,
deepdetect,finger,FV-USM_genuine_242,115,115,702,495,0,0,,False,,True,False,
loftr,finger,FV-USM_genuine_243,001,001,203,203,203,172,0.8473,True,0.8473,True,True,0.9730
orb,finger,FV-USM_genuine_243,001,001,0,0,0,0,,False,,True,False,
sift,finger,FV-USM_genuine_243,001,001,0,0,0,0,,False,,True,False,
superglue,finger,FV-USM_genuine_243,001,001,178,166,25,9,0.3600,False,0.3440,True,False,1.9266
sgmnet,finger,FV-USM_genuine_243,001,001,738,712,178,42,0.2360,False,0.2335,True,False,1.7109
aspanformer,finger,FV-USM_genuine_243,001,001,1,1,1,0,,False,,True,False,
deepdetect,finger,FV-USM_genuine_243,001,001,109,297,4,0,,False,,True,False,
loftr,finger,FV-USM_genuine_244,075,075,296,296,296,291,0.9831,True,0.9831,True,True,0.1379
orb,finger,FV-USM_genuine_244,075,075,0,0,0,0,,False,,True,False,
sift,finger,FV-USM_genuine_244,075,075,0,0,0,0,,False,,True,False,
superglue,finger,FV-USM_genuine_244,075,075,153,133,3,0,,False,,True,False,
sgmnet,finger,FV-USM_genuine_244,075,075,746,743,389,139,0.3573,False,0.3554,True,False,1.6079
aspanformer,finger,FV-USM_genuine_244,075,075,37,37,37,34,0.9189,True,0.9189,True,True,0.0975
deepdetect,finger,FV-USM_genuine_244,075,075,321,133,4,0,,False,,True,False,
loftr,finger,FV-USM_genuine_245,041,041,54,54,54,53,0.9815,True,0.9815,True,True,0.1269
orb,finger,FV-USM_genuine_245,041,041,0,0,0,0,,False,,True,False,
sift,finger,FV-USM_genuine_245,041,041,0,0,0,0,,False,,True,False,
superglue,finger,FV-USM_genuine_245,041,041,158,188,30,13,0.4333,False,0.4288,True,False,1.5721
sgmnet,finger,FV-USM_genuine_245,041,041,827,750,213,39,0.1831,False,0.1813,True,False,1.6952
aspanformer,finger,FV-USM_genuine_245,041,041,8,8,8,0,,False,,True,False,
deepdetect,finger,FV-USM_genuine_245,041,041,156,97,10,10,1.0000,True,1.0000,True,True,0.1792
loftr,finger,FV-USM_genuine_246,061,061,59,59,59,40,0.6780,True,0.6780,True,True,1.0607
orb,finger,FV-USM_genuine_246,061,061,0,0,0,0,,False,,True,False,
sift,finger,FV-USM_genuine_246,061,061,0,0,0,0,,False,,True,False,
superglue,finger,FV-USM_genuine_246,061,061,188,224,1,0,,False,,True,False,
sgmnet,finger,FV-USM_genuine_246,061,061,1027,724,115,30,0.2609,False,0.2607,True,False,1.5131
aspanformer,finger,FV-USM_genuine_246,061,061,1,1,1,0,,False,,True,False,
deepdetect,finger,FV-USM_genuine_246,061,061,448,291,18,0,,False,,True,False,
loftr,finger,FV-USM_genuine_247,003,003,13,13,13,9,0.6923,True,0.6758,True,True,1.3637
orb,finger,FV-USM_genuine_247,003,003,0,0,0,0,,False,,True,False,
sift,finger,FV-USM_genuine_247,003,003,0,0,0,0,,False,,True,False,
superglue,finger,FV-USM_genuine_247,003,003,136,189,6,5,0.8333,True,0.7768,True,True,0.8501
sgmnet,finger,FV-USM_genuine_247,003,003,814,1025,86,20,0.2326,False,0.2324,True,False,1.4441
aspanformer,finger,FV-USM_genuine_247,003,003,1,1,0,0,,False,,True,False,
deepdetect,finger,FV-USM_genuine_247,003,003,283,260,5,0,,False,,True,False,
loftr,finger,FV-USM_genuine_248,014,014,110,110,110,90,0.8182,True,0.8182,True,True,1.1118
orb,finger,FV-USM_genuine_248,014,014,0,0,0,0,,False,,True,False,
sift,finger,FV-USM_genuine_248,014,014,1,2,0,0,,False,,True,False,
superglue,finger,FV-USM_genuine_248,014,014,176,156,58,23,0.3966,False,0.3866,True,False,2.0051
sgmnet,finger,FV-USM_genuine_248,014,014,916,931,71,11,0.1549,False,0.1529,True,False,1.0858
aspanformer,finger,FV-USM_genuine_248,014,014,4,4,4,0,,False,,True,False,
deepdetect,finger,FV-USM_genuine_248,014,014,121,118,0,0,,False,,True,False,
loftr,finger,FV-USM_genuine_249,116,116,10,10,10,9,0.9000,True,0.8785,True,True,0.5860
orb,finger,FV-USM_genuine_249,116,116,0,0,0,0,,False,,True,False,
sift,finger,FV-USM_genuine_249,116,116,0,0,0,0,,False,,True,False,
superglue,finger,FV-USM_genuine_249,116,116,197,214,3,0,,False,,True,False,
sgmnet,finger,FV-USM_genuine_249,116,116,1059,674,28,8,0.2857,False,0.2766,True,False,1.1828
aspanformer,finger,FV-USM_genuine_249,116,116,6,6,6,0,,False,,True,False,
deepdetect,finger,FV-USM_genuine_249,116,116,145,172,1,0,,False,,True,False,
loftr,finger,FV-USM_impostor_0,082,093,18,18,18,8,0.4444,False,0.4296,False,True,1.5331
orb,finger,FV-USM_impostor_0,082,093,0,0,0,0,,False,,False,True,
sift,finger,FV-USM_impostor_0,082,093,0,0,0,0,,False,,False,True,
superglue,finger,FV-USM_impostor_0,082,093,134,188,1,0,,False,,False,True,
sgmnet,finger,FV-USM_impostor_0,082,093,717,668,129,14,0.1085,False,0.1080,False,True,1.2916
aspanformer,finger,FV-USM_impostor_0,082,093,0,0,0,0,,False,,False,True,
deepdetect,finger,FV-USM_impostor_0,082,093,706,462,2,0,,False,,False,True,
loftr,finger,FV-USM_impostor_1,115,047,15,15,15,12,0.8000,True,0.7733,False,False,1.9891
orb,finger,FV-USM_impostor_1,115,047,0,0,0,0,,False,,False,True,
sift,finger,FV-USM_impostor_1,115,047,0,0,0,0,,False,,False,True,
superglue,finger,FV-USM_impostor_1,115,047,201,181,1,0,,False,,False,True,
sgmnet,finger,FV-USM_impostor_1,115,047,712,613,19,7,0.3684,False,0.3530,False,True,0.5301
aspanformer,finger,FV-USM_impostor_1,115,047,0,0,0,0,,False,,False,True,
deepdetect,finger,FV-USM_impostor_1,115,047,873,104,0,0,,False,,False,True,
loftr,finger,FV-USM_impostor_2,017,023,47,47,0,0,,False,,False,True,
orb,finger,FV-USM_impostor_2,017,023,0,0,0,0,,False,,False,True,
sift,finger,FV-USM_impostor_2,017,023,0,0,0,0,,False,,False,True,
superglue,finger,FV-USM_impostor_2,017,023,181,168,0,0,,False,,False,True,
sgmnet,finger,FV-USM_impostor_2,017,023,1069,1072,63,11,0.1746,False,0.1723,False,True,1.2918
aspanformer,finger,FV-USM_impostor_2,017,023,0,0,0,0,,False,,False,True,
deepdetect,finger,FV-USM_impostor_2,017,023,518,154,0,0,,False,,False,True,
loftr,finger,FV-USM_impostor_3,048,026,9,9,9,5,0.5556,True,0.5179,False,False,0.7649
orb,finger,FV-USM_impostor_3,048,026,0,0,0,0,,False,,False,True,
sift,finger,FV-USM_impostor_3,048,026,0,0,0,0,,False,,False,True,
superglue,finger,FV-USM_impostor_3,048,026,183,121,0,0,,False,,False,True,
sgmnet,finger,FV-USM_impostor_3,048,026,1066,702,18,8,0.4444,True,0.4303,False,False,1.1042
aspanformer,finger,FV-USM_impostor_3,048,026,0,0,0,0,,False,,False,True,
deepdetect,finger,FV-USM_impostor_3,048,026,201,151,34,0,,False,,False,True,
loftr,finger,FV-USM_impostor_4,031,028,63,63,0,0,,False,,False,True,
orb,finger,FV-USM_impostor_4,031,028,0,0,0,0,,False,,False,True,
sift,finger,FV-USM_impostor_4,031,028,1,0,0,0,,False,,False,True,
superglue,finger,FV-USM_impostor_4,031,028,217,136,3,0,,False,,False,True,
sgmnet,finger,FV-USM_impostor_4,031,028,724,681,25,6,0.2400,False,0.2271,False,True,0.7265
aspanformer,finger,FV-USM_impostor_4,031,028,0,0,0,0,,False,,False,True,
deepdetect,finger,FV-USM_impostor_4,031,028,160,158,0,0,,False,,False,True,
loftr,finger,FV-USM_impostor_5,037,003,44,44,44,15,0.3409,False,0.3236,False,True,2.4682
orb,finger,FV-USM_impostor_5,037,003,0,0,0,0,,False,,False,True,
sift,finger,FV-USM_impostor_5,037,003,0,1,0,0,,False,,False,True,
superglue,finger,FV-USM_impostor_5,037,003,131,161,1,0,,False,,False,True,
sgmnet,finger,FV-USM_impostor_5,037,003,811,946,17,5,0.2941,False,0.2742,False,True,0.4511
aspanformer,finger,FV-USM_impostor_5,037,003,1,1,0,0,,False,,False,True,
deepdetect,finger,FV-USM_impostor_5,037,003,155,442,0,0,,False,,False,True,
loftr,finger,FV-USM_impostor_6,026,106,5,5,5,4,0.8000,True,0.7332,False,False,0.0000
orb,finger,FV-USM_impostor_6,026,106,0,0,0,0,,False,,False,True,
sift,finger,FV-USM_impostor_6,026,106,0,1,0,0,,False,,False,True,
superglue,finger,FV-USM_impostor_6,026,106,122,160,0,0,,False,,False,True,
sgmnet,finger,FV-USM_impostor_6,026,106,591,1004,17,7,0.4118,False,0.3946,False,True,1.0905
aspanformer,finger,FV-USM_impostor_6,026,106,0,0,0,0,,False,,False,True,
deepdetect,finger,FV-USM_impostor_6,026,106,126,352,0,0,,False,,False,True,
loftr,finger,FV-USM_impostor_7,057,090,15,15,15,7,0.4667,False,0.4472,False,True,1.2394
orb,finger,FV-USM_impostor_7,057,090,0,0,0,0,,False,,False,True,
sift,finger,FV-USM_impostor_7,057,090,0,0,0,0,,False,,False,True,
superglue,finger,FV-USM_impostor_7,057,090,172,224,2,0,,False,,False,True,
sgmnet,finger,FV-USM_impostor_7,057,090,962,854,34,9,0.2647,False,0.2584,False,True,1.2119
aspanformer,finger,FV-USM_impostor_7,057,090,1,1,0,0,,False,,False,True,
deepdetect,finger,FV-USM_impostor_7,057,090,325,134,0,0,,False,,False,True,
loftr,finger,FV-USM_impostor_8,007,098,24,24,24,11,0.4583,False,0.4426,False,True,1.9365
orb,finger,FV-USM_impostor_8,007,098,0,0,0,0,,False,,False,True,
sift,finger,FV-USM_impostor_8,007,098,0,0,0,0,,False,,False,True,
superglue,finger,FV-USM_impostor_8,007,098,161,221,2,0,,False,,False,True,
sgmnet,finger,FV-USM_impostor_8,007,098,751,874,17,6,0.3529,False,0.3340,False,True,0.4396
aspanformer,finger,FV-USM_impostor_8,007,098,0,0,0,0,,False,,False,True,
deepdetect,finger,FV-USM_impostor_8,007,098,2174,403,5,0,,False,,False,True,
loftr,finger,FV-USM_impostor_9,053,005,7,7,7,5,0.7143,True,0.6658,False,False,0.3915
orb,finger,FV-USM_impostor_9,053,005,0,0,0,0,,False,,False,True,
sift,finger,FV-USM_impostor_9,053,005,0,0,0,0,,False,,False,True,
superglue,finger,FV-USM_impostor_9,053,005,218,175,0,0,,False,,False,True,
sgmnet,finger,FV-USM_impostor_9,053,005,707,827,10,5,0.5000,True,0.4661,False,False,0.5105
aspanformer,finger,FV-USM_impostor_9,053,005,0,0,0,0,,False,,False,True,
deepdetect,finger,FV-USM_impostor_9,053,005,249,171,0,0,,False,,False,True,
loftr,finger,FV-USM_impostor_10,106,039,1,1,1,0,,False,,False,True,
orb,finger,FV-USM_impostor_10,106,039,0,0,0,0,,False,,False,True,
sift,finger,FV-USM_impostor_10,106,039,0,0,0,0,,False,,False,True,
superglue,finger,FV-USM_impostor_10,106,039,170,174,1,0,,False,,False,True,
sgmnet,finger,FV-USM_impostor_10,106,039,755,966,11,6,0.5455,True,0.5161,False,False,0.3623
aspanformer,finger,FV-USM_impostor_10,106,039,0,0,0,0,,False,,False,True,
deepdetect,finger,FV-USM_impostor_10,106,039,161,269,0,0,,False,,False,True,
loftr,finger,FV-USM_impostor_11,118,019,21,21,21,12,0.5714,True,0.5448,False,False,2.2642
orb,finger,FV-USM_impostor_11,118,019,0,0,0,0,,False,,False,True,
sift,finger,FV-USM_impostor_11,118,019,0,0,0,0,,False,,False,True,
superglue,finger,FV-USM_impostor_11,118,019,160,188,0,0,,False,,False,True,
sgmnet,finger,FV-USM_impostor_11,118,019,1546,1032,23,8,0.3478,False,0.3368,False,True,0.9950
aspanformer,finger,FV-USM_impostor_11,118,019,0,0,0,0,,False,,False,True,
deepdetect,finger,FV-USM_impostor_11,118,019,771,284,0,0,,False,,False,True,
loftr,finger,FV-USM_impostor_12,008,108,6,6,6,4,0.6667,True,0.6110,False,False,0.0000
orb,finger,FV-USM_impostor_12,008,108,0,0,0,0,,False,,False,True,
sift,finger,FV-USM_impostor_12,008,108,1,0,0,0,,False,,False,True,
superglue,finger,FV-USM_impostor_12,008,108,148,179,0,0,,False,,False,True,
sgmnet,finger,FV-USM_impostor_12,008,108,800,855,14,6,0.4286,True,0.4055,False,False,0.2847
aspanformer,finger,FV-USM_impostor_12,008,108,1,1,0,0,,False,,False,True,
deepdetect,finger,FV-USM_impostor_12,008,108,218,141,4,0,,False,,False,True,
loftr,finger,FV-USM_impostor_13,003,011,1,1,1,0,,False,,False,True,
orb,finger,FV-USM_impostor_13,003,011,0,0,0,0,,False,,False,True,
sift,finger,FV-USM_impostor_13,003,011,0,0,0,0,,False,,False,True,
superglue,finger,FV-USM_impostor_13,003,011,214,171,0,0,,False,,False,True,
sgmnet,finger,FV-USM_impostor_13,003,011,1006,908,12,0,,False,,False,True,
aspanformer,finger,FV-USM_impostor_13,003,011,0,0,0,0,,False,,False,True,
deepdetect,finger,FV-USM_impostor_13,003,011,203,197,0,0,,False,,False,True,
loftr,finger,FV-USM_impostor_14,003,098,33,33,33,14,0.4242,False,0.4108,False,True,2.0429
orb,finger,FV-USM_impostor_14,003,098,0,0,0,0,,False,,False,True,
sift,finger,FV-USM_impostor_14,003,098,0,0,0,0,,False,,False,True,
superglue,finger,FV-USM_impostor_14,003,098,165,192,0,0,,False,,False,True,
sgmnet,finger,FV-USM_impostor_14,003,098,772,932,26,6,0.2308,False,0.2184,False,True,0.6010
aspanformer,finger,FV-USM_impostor_14,003,098,0,0,0,0,,False,,False,True,
deepdetect,finger,FV-USM_impostor_14,003,098,527,399,136,0,,False,,False,True,
loftr,finger,FV-USM_impostor_15,030,076,8,8,8,5,0.6250,True,0.5826,False,False,0.7498
orb,finger,FV-USM_impostor_15,030,076,0,0,0,0,,False,,False,True,
sift,finger,FV-USM_impostor_15,030,076,0,0,0,0,,False,,False,True,
superglue,finger,FV-USM_impostor_15,030,076,153,142,4,4,1.0000,True,0.9165,False,False,0.0000
sgmnet,finger,FV-USM_impostor_15,030,076,1228,867,24,8,0.3333,False,0.3227,False,True,0.9789
aspanformer,finger,FV-USM_impostor_15,030,076,0,0,0,0,,False,,False,True,
deepdetect,finger,FV-USM_impostor_15,030,076,254,233,0,0,,False,,False,True,
loftr,finger,FV-USM_impostor_16,039,059,5,5,5,0,,False,,False,True,
orb,finger,FV-USM_impostor_16,039,059,0,0,0,0,,False,,False,True,
sift,finger,FV-USM_impostor_16,039,059,0,4,0,0,,False,,False,True,
superglue,finger,FV-USM_impostor_16,039,059,184,156,2,0,,False,,False,True,
sgmnet,finger,FV-USM_impostor_16,039,059,1011,871,22,10,0.4545,True,0.4465,False,False,0.8070
aspanformer,finger,FV-USM_impostor_16,039,059,0,0,0,0,,False,,False,True,
deepdetect,finger,FV-USM_impostor_16,039,059,588,2761,0,0,,False,,False,True,
loftr,finger,FV-USM_impostor_17,096,028,5,5,5,4,0.8000,True,0.7332,False,False,0.0000
orb,finger,FV-USM_impostor_17,096,028,0,0,0,0,,False,,False,True,
sift,finger,FV-USM_impostor_17,096,028,0,0,0,0,,False,,False,True,
superglue,finger,FV-USM_impostor_17,096,028,167,150,6,5,0.8333,True,0.7768,False,False,1.0855
sgmnet,finger,FV-USM_impostor_17,096,028,728,823,75,11,0.1467,False,0.1448,False,True,0.9570
aspanformer,finger,FV-USM_impostor_17,096,028,0,0,0,0,,False,,False,True,
deepdetect,finger,FV-USM_impostor_17,096,028,253,70,0,0,,False,,False,True,
loftr,finger,FV-USM_impostor_18,109,027,1,1,1,0,,False,,False,True,
orb,finger,FV-USM_impostor_18,109,027,0,0,0,0,,False,,False,True,
sift,finger,FV-USM_impostor_18,109,027,0,0,0,0,,False,,False,True,
superglue,finger,FV-USM_impostor_18,109,027,168,153,0,0,,False,,False,True,
sgmnet,finger,FV-USM_impostor_18,109,027,684,707,13,4,0.3077,False,0.2820,False,True,0.0000
aspanformer,finger,FV-USM_impostor_18,109,027,0,0,0,0,,False,,False,True,
deepdetect,finger,FV-USM_impostor_18,109,027,87,101,2,0,,False,,False,True,
loftr,finger,FV-USM_impostor_19,097,023,9,9,9,6,0.6667,True,0.6308,False,False,1.0186
orb,finger,FV-USM_impostor_19,097,023,0,0,0,0,,False,,False,True,
sift,finger,FV-USM_impostor_19,097,023,0,0,0,0,,False,,False,True,
superglue,finger,FV-USM_impostor_19,097,023,188,140,0,0,,False,,False,True,
sgmnet,finger,FV-USM_impostor_19,097,023,754,1059,15,7,0.4667,True,0.4472,False,False,0.4934
aspanformer,finger,FV-USM_impostor_19,097,023,0,0,0,0,,False,,False,True,
deepdetect,finger,FV-USM_impostor_19,097,023,102,172,0,0,,False,,False,True,
loftr,finger,FV-USM_impostor_20,056,008,25,25,25,10,0.4000,False,0.3866,False,True,1.8253
orb,finger,FV-USM_impostor_20,056,008,0,0,0,0,,False,,False,True,
sift,finger,FV-USM_impostor_20,056,008,0,0,0,0,,False,,False,True,
superglue,finger,FV-USM_impostor_20,056,008,166,170,0,0,,False,,False,True,
sgmnet,finger,FV-USM_impostor_20,056,008,666,726,15,6,0.4000,False,0.3785,False,True,0.6874
aspanformer,finger,FV-USM_impostor_20,056,008,1,1,0,0,,False,,False,True,
deepdetect,finger,FV-USM_impostor_20,056,008,187,179,10,10,1.0000,True,1.0000,False,False,0.0000
loftr,finger,FV-USM_impostor_21,030,108,27,27,27,12,0.4444,False,0.4209,False,True,2.3964
orb,finger,FV-USM_impostor_21,030,108,0,0,0,0,,False,,False,True,
sift,finger,FV-USM_impostor_21,030,108,0,0,0,0,,False,,False,True,
superglue,finger,FV-USM_impostor_21,030,108,121,180,3,0,,False,,False,True,
sgmnet,finger,FV-USM_impostor_21,030,108,1621,670,16,0,,False,,False,True,
aspanformer,finger,FV-USM_impostor_21,030,108,0,0,0,0,,False,,False,True,
deepdetect,finger,FV-USM_impostor_21,030,108,1517,133,0,0,,False,,False,True,
loftr,finger,FV-USM_impostor_22,021,003,5,5,5,4,0.8000,True,0.7332,False,False,0.0000
orb,finger,FV-USM_impostor_22,021,003,0,0,0,0,,False,,False,True,
sift,finger,FV-USM_impostor_22,021,003,0,0,0,0,,False,,False,True,
superglue,finger,FV-USM_impostor_22,021,003,190,185,3,0,,False,,False,True,
sgmnet,finger,FV-USM_impostor_22,021,003,999,995,43,11,0.2558,False,0.2525,False,True,1.2400
aspanformer,finger,FV-USM_impostor_22,021,003,1,1,0,0,,False,,False,True,
deepdetect,finger,FV-USM_impostor_22,021,003,236,162,7,0,,False,,False,True,
loftr,finger,FV-USM_impostor_23,088,067,7,7,7,5,0.7143,True,0.6658,False,False,1.1838
orb,finger,FV-USM_impostor_23,088,067,0,0,0,0,,False,,False,True,
sift,finger,FV-USM_impostor_23,088,067,0,0,0,0,,False,,False,True,
superglue,finger,FV-USM_impostor_23,088,067,175,141,2,0,,False,,False,True,
sgmnet,finger,FV-USM_impostor_23,088,067,821,637,23,6,0.2609,False,0.2468,False,True,0.4550
aspanformer,finger,FV-USM_impostor_23,088,067,0,0,0,0,,False,,False,True,
deepdetect,finger,FV-USM_impostor_23,088,067,573,68,0,0,,False,,False,True,
loftr,finger,FV-USM_impostor_24,071,042,7,7,7,4,0.5714,True,0.5237,False,False,0.0000
orb,finger,FV-USM_impostor_24,071,042,0,0,0,0,,False,,False,True,
sift,finger,FV-USM_impostor_24,071,042,0,0,0,0,,False,,False,True,
superglue,finger,FV-USM_impostor_24,071,042,163,157,0,0,,False,,False,True,
sgmnet,finger,FV-USM_impostor_24,071,042,750,768,13,5,0.3846,False,0.3585,False,True,0.6420
aspanformer,finger,FV-USM_impostor_24,071,042,0,0,0,0,,False,,False,True,
deepdetect,finger,FV-USM_impostor_24,071,042,71,115,1,0,,False,,False,True,
loftr,finger,FV-USM_impostor_25,045,104,2,2,2,0,,False,,False,True,
orb,finger,FV-USM_impostor_25,045,104,0,0,0,0,,False,,False,True,
sift,finger,FV-USM_impostor_25,045,104,0,0,0,0,,False,,False,True,
superglue,finger,FV-USM_impostor_25,045,104,219,187,1,0,,False,,False,True,
sgmnet,finger,FV-USM_impostor_25,045,104,860,778,16,6,0.3750,False,0.3548,False,True,0.7882
aspanformer,finger,FV-USM_impostor_25,045,104,0,0,0,0,,False,,False,True,
deepdetect,finger,FV-USM_impostor_25,045,104,322,131,0,0,,False,,False,True,
loftr,finger,FV-USM_impostor_26,090,122,10,10,10,6,0.6000,True,0.5677,False,False,1.2595
orb,finger,FV-USM_impostor_26,090,122,0,0,0,0,,False,,False,True,
sift,finger,FV-USM_impostor_26,090,122,0,0,0,0,,False,,False,True,
superglue,finger,FV-USM_impostor_26,090,122,177,74,35,13,0.3714,False,0.3562,False,True,2.1966
sgmnet,finger,FV-USM_impostor_26,090,122,938,1957,16,7,0.4375,True,0.4192,False,False,0.9332
aspanformer,finger,FV-USM_impostor_26,090,122,0,0,0,0,,False,,False,True,
deepdetect,finger,FV-USM_impostor_26,090,122,518,6701,0,0,,False,,False,True,
loftr,finger,FV-USM_impostor_27,030,092,45,45,0,0,,False,,False,True,
orb,finger,FV-USM_impostor_27,030,092,0,0,0,0,,False,,False,True,
sift,finger,FV-USM_impostor_27,030,092,0,0,0,0,,False,,False,True,
superglue,finger,FV-USM_impostor_27,030,092,161,205,4,4,1.0000,True,0.9165,False,False,0.0000
sgmnet,finger,FV-USM_impostor_27,030,092,1431,893,67,17,0.2537,False,0.2533,False,True,1.0535
aspanformer,finger,FV-USM_impostor_27,030,092,0,0,0,0,,False,,False,True,
deepdetect,finger,FV-USM_impostor_27,030,092,286,74,35,21,0.6000,True,0.6000,False,False,0.7828
loftr,finger,FV-USM_impostor_28,096,099,17,17,17,9,0.5294,True,0.5168,False,False,0.5281
orb,finger,FV-USM_impostor_28,096,099,0,0,0,0,,False,,False,True,
sift,finger,FV-USM_impostor_28,096,099,0,0,0,0,,False,,False,True,
superglue,finger,FV-USM_impostor_28,096,099,172,181,17,8,0.4706,True,0.4501,False,False,1.7444
sgmnet,finger,FV-USM_impostor_28,096,099,723,967,12,6,0.5000,True,0.4731,False,False,0.6265
aspanformer,finger,FV-USM_impostor_28,096,099,0,0,0,0,,False,,False,True,
deepdetect,finger,FV-USM_impostor_28,096,099,92,455,0,0,,False,,False,True,
loftr,finger,FV-USM_impostor_29,006,037,19,19,19,8,0.4211,False,0.4069,False,True,1.5390
orb,finger,FV-USM_impostor_29,006,037,0,0,0,0,,False,,False,True,
sift,finger,FV-USM_impostor_29,006,037,0,0,0,0,,False,,False,True,
superglue,finger,FV-USM_impostor_29,006,037,159,189,2,0,,False,,False,True,
sgmnet,finger,FV-USM_impostor_29,006,037,858,892,13,6,0.4615,True,0.4367,False,False,0.5247
aspanformer,finger,FV-USM_impostor_29,006,037,0,0,0,0,,False,,False,True,
deepdetect,finger,FV-USM_impostor_29,006,037,421,173,0,0,,False,,False,True,
loftr,finger,FV-USM_impostor_30,035,084,1,1,1,0,,False,,False,True,
orb,finger,FV-USM_impostor_30,035,084,0,0,0,0,,False,,False,True,
sift,finger,FV-USM_impostor_30,035,084,0,0,0,0,,False,,False,True,
superglue,finger,FV-USM_impostor_30,035,084,116,177,16,7,0.4375,False,0.4192,False,True,1.1857
sgmnet,finger,FV-USM_impostor_30,035,084,612,1051,20,6,0.3000,False,0.2839,False,True,0.4484
aspanformer,finger,FV-USM_impostor_30,035,084,0,0,0,0,,False,,False,True,
deepdetect,finger,FV-USM_impostor_30,035,084,41,512,0,0,,False,,False,True,
loftr,finger,FV-USM_impostor_31,056,069,1,1,1,0,,False,,False,True,
orb,finger,FV-USM_impostor_31,056,069,0,0,0,0,,False,,False,True,
sift,finger,FV-USM_impostor_31,056,069,0,0,0,0,,False,,False,True,
superglue,finger,FV-USM_impostor_31,056,069,184,154,0,0,,False,,False,True,
sgmnet,finger,FV-USM_impostor_31,056,069,978,869,12,5,0.4167,False,0.3884,False,True,0.5326
aspanformer,finger,FV-USM_impostor_31,056,069,0,0,0,0,,False,,False,True,
deepdetect,finger,FV-USM_impostor_31,056,069,261,399,4,0,,False,,False,True,
loftr,finger,FV-USM_impostor_32,085,063,21,21,21,10,0.4762,True,0.4678,False,False,1.1720
orb,finger,FV-USM_impostor_32,085,063,0,0,0,0,,False,,False,True,
sift,finger,FV-USM_impostor_32,085,063,0,0,0,0,,False,,False,True,
superglue,finger,FV-USM_impostor_32,085,063,126,166,17,7,0.4118,False,0.3946,False,True,1.1339
sgmnet,finger,FV-USM_impostor_32,085,063,855,979,35,9,0.2571,False,0.2510,False,True,1.0939
aspanformer,finger,FV-USM_impostor_32,085,063,0,0,0,0,,False,,False,True,
deepdetect,finger,FV-USM_impostor_32,085,063,197,401,4,0,,False,,False,True,
loftr,finger,FV-USM_impostor_33,027,072,11,11,11,6,0.5455,True,0.5161,False,False,1.2173
orb,finger,FV-USM_impostor_33,027,072,0,0,0,0,,False,,False,True,
sift,finger,FV-USM_impostor_33,027,072,0,2,0,0,,False,,False,True,
superglue,finger,FV-USM_impostor_33,027,072,148,186,8,5,0.6250,True,0.5826,False,False,0.6277
sgmnet,finger,FV-USM_impostor_33,027,072,785,816,45,8,0.1778,False,0.1721,False,True,0.9574
aspanformer,finger,FV-USM_impostor_33,027,072,0,0,0,0,,False,,False,True,
deepdetect,finger,FV-USM_impostor_33,027,072,113,4783,16,16,1.0000,True,1.0000,False,False,0.2143
loftr,finger,FV-USM_impostor_34,111,045,6,6,6,4,0.6667,True,0.6110,False,False,0.0000
orb,finger,FV-USM_impostor_34,111,045,0,0,0,0,,False,,False,True,
sift,finger,FV-USM_impostor_34,111,045,0,0,0,0,,False,,False,True,
superglue,finger,FV-USM_impostor_34,111,045,166,151,0,0,,False,,False,True,
sgmnet,finger,FV-USM_impostor_34,111,045,883,975,25,6,0.2400,False,0.2271,False,True,0.4938
aspanformer,finger,FV-USM_impostor_34,111,045,0,0,0,0,,False,,False,True,
deepdetect,finger,FV-USM_impostor_34,111,045,336,2351,0,0,,False,,False,True,
loftr,finger,FV-USM_impostor_35,077,007,1,1,1,0,,False,,False,True,
orb,finger,FV-USM_impostor_35,077,007,0,0,0,0,,False,,False,True,
sift,finger,FV-USM_impostor_35,077,007,0,1,0,0,,False,,False,True,
superglue,finger,FV-USM_impostor_35,077,007,189,179,1,0,,False,,False,True,
sgmnet,finger,FV-USM_impostor_35,077,007,781,766,15,6,0.4000,False,0.3785,False,True,0.2869
aspanformer,finger,FV-USM_impostor_35,077,007,0,0,0,0,,False,,False,True,
deepdetect,finger,FV-USM_impostor_35,077,007,124,213,1,0,,False,,False,True,
loftr,finger,FV-USM_impostor_36,015,074,1,1,1,0,,False,,False,True,
orb,finger,FV-USM_impostor_36,015,074,0,0,0,0,,False,,False,True,
sift,finger,FV-USM_impostor_36,015,074,0,0,0,0,,False,,False,True,
superglue,finger,FV-USM_impostor_36,015,074,175,133,2,0,,False,,False,True,
sgmnet,finger,FV-USM_impostor_36,015,074,961,886,170,18,0.1059,False,0.1057,False,True,1.4182
aspanformer,finger,FV-USM_impostor_36,015,074,0,0,0,0,,False,,False,True,
deepdetect,finger,FV-USM_impostor_36,015,074,258,491,0,0,,False,,False,True,
loftr,finger,FV-USM_impostor_37,050,025,50,50,0,0,,False,,False,True,
orb,finger,FV-USM_impostor_37,050,025,0,0,0,0,,False,,False,True,
sift,finger,FV-USM_impostor_37,050,025,1,0,0,0,,False,,False,True,
superglue,finger,FV-USM_impostor_37,050,025,192,218,0,0,,False,,False,True,
sgmnet,finger,FV-USM_impostor_37,050,025,926,997,15,0,,False,,False,True,
aspanformer,finger,FV-USM_impostor_37,050,025,0,0,0,0,,False,,False,True,
deepdetect,finger,FV-USM_impostor_37,050,025,412,187,4,0,,False,,False,True,
loftr,finger,FV-USM_impostor_38,050,122,15,15,15,6,0.4000,False,0.3785,False,True,1.4193
orb,finger,FV-USM_impostor_38,050,122,0,0,0,0,,False,,False,True,
sift,finger,FV-USM_impostor_38,050,122,0,0,0,0,,False,,False,True,
superglue,finger,FV-USM_impostor_38,050,122,167,187,6,5,0.8333,True,0.7768,False,False,0.9243
sgmnet,finger,FV-USM_impostor_38,050,122,760,868,60,14,0.2333,False,0.2312,False,True,1.5829
aspanformer,finger,FV-USM_impostor_38,050,122,1,1,0,0,,False,,False,True,
deepdetect,finger,FV-USM_impostor_38,050,122,219,213,30,0,,False,,False,True,
loftr,finger,FV-USM_impostor_39,052,011,11,11,11,7,0.6364,True,0.6098,False,False,1.1280
orb,finger,FV-USM_impostor_39,052,011,0,0,0,0,,False,,False,True,
sift,finger,FV-USM_impostor_39,052,011,0,0,0,0,,False,,False,True,
superglue,finger,FV-USM_impostor_39,052,011,206,160,1,0,,False,,False,True,
sgmnet,finger,FV-USM_impostor_39,052,011,722,730,55,13,0.2364,False,0.2347,False,True,0.7327
aspanformer,finger,FV-USM_impostor_39,052,011,0,0,0,0,,False,,False,True,
deepdetect,finger,FV-USM_impostor_39,052,011,524,213,0,0,,False,,False,True,
loftr,finger,FV-USM_impostor_40,059,080,7,7,7,0,,False,,False,True,
orb,finger,FV-USM_impostor_40,059,080,0,0,0,0,,False,,False,True,
sift,finger,FV-USM_impostor_40,059,080,0,0,0,0,,False,,False,True,
superglue,finger,FV-USM_impostor_40,059,080,141,161,1,0,,False,,False,True,
sgmnet,finger,FV-USM_impostor_40,059,080,748,900,29,10,0.3448,False,0.3387,False,True,0.8669
aspanformer,finger,FV-USM_impostor_40,059,080,0,0,0,0,,False,,False,True,
deepdetect,finger,FV-USM_impostor_40,059,080,573,231,0,0,,False,,False,True,
loftr,finger,FV-USM_impostor_41,103,057,24,24,0,0,,False,,False,True,
orb,finger,FV-USM_impostor_41,103,057,0,0,0,0,,False,,False,True,
sift,finger,FV-USM_impostor_41,103,057,0,0,0,0,,False,,False,True,
superglue,finger,FV-USM_impostor_41,103,057,199,169,2,0,,False,,False,True,
sgmnet,finger,FV-USM_impostor_41,103,057,1013,943,20,7,0.3500,False,0.3354,False,True,0.7075
aspanformer,finger,FV-USM_impostor_41,103,057,0,0,0,0,,False,,False,True,
deepdetect,finger,FV-USM_impostor_41,103,057,62,222,0,0,,False,,False,True,
loftr,finger,FV-USM_impostor_42,111,014,43,43,0,0,,False,,False,True,
orb,finger,FV-USM_impostor_42,111,014,0,0,0,0,,False,,False,True,
sift,finger,FV-USM_impostor_42,111,014,0,0,0,0,,False,,False,True,
superglue,finger,FV-USM_impostor_42,111,014,157,189,1,0,,False,,False,True,
sgmnet,finger,FV-USM_impostor_42,111,014,925,902,27,8,0.2963,False,0.2869,False,True,0.7306
aspanformer,finger,FV-USM_impostor_42,111,014,0,0,0,0,,False,,False,True,
deepdetect,finger,FV-USM_impostor_42,111,014,170,215,1,0,,False,,False,True,
loftr,finger,FV-USM_impostor_43,053,022,2,2,2,0,,False,,False,True,
orb,finger,FV-USM_impostor_43,053,022,0,0,0,0,,False,,False,True,
sift,finger,FV-USM_impostor_43,053,022,0,1,0,0,,False,,False,True,
superglue,finger,FV-USM_impostor_43,053,022,220,160,0,0,,False,,False,True,
sgmnet,finger,FV-USM_impostor_43,053,022,868,1150,13,5,0.3846,False,0.3585,False,True,0.1254
aspanformer,finger,FV-USM_impostor_43,053,022,1,1,1,0,,False,,False,True,
deepdetect,finger,FV-USM_impostor_43,053,022,215,2146,19,0,,False,,False,True,
loftr,finger,FV-USM_impostor_44,078,090,5,5,5,4,0.8000,True,0.7332,False,False,0.0000
orb,finger,FV-USM_impostor_44,078,090,0,0,0,0,,False,,False,True,
sift,finger,FV-USM_impostor_44,078,090,1,0,0,0,,False,,False,True,
superglue,finger,FV-USM_impostor_44,078,090,152,193,0,0,,False,,False,True,
sgmnet,finger,FV-USM_impostor_44,078,090,819,857,20,7,0.3500,False,0.3354,False,True,0.7024
aspanformer,finger,FV-USM_impostor_44,078,090,0,0,0,0,,False,,False,True,
deepdetect,finger,FV-USM_impostor_44,078,090,105,403,0,0,,False,,False,True,
loftr,finger,FV-USM_impostor_45,040,106,12,12,12,7,0.5833,True,0.5590,False,False,0.8681
orb,finger,FV-USM_impostor_45,040,106,0,0,0,0,,False,,False,True,
sift,finger,FV-USM_impostor_45,040,106,0,1,0,0,,False,,False,True,
superglue,finger,FV-USM_impostor_45,040,106,173,190,0,0,,False,,False,True,
sgmnet,finger,FV-USM_impostor_45,040,106,944,946,41,12,0.2927,False,0.2898,False,True,1.5073
aspanformer,finger,FV-USM_impostor_45,040,106,0,0,0,0,,False,,False,True,
deepdetect,finger,FV-USM_impostor_45,040,106,2476,521,34,0,,False,,False,True,
loftr,finger,FV-USM_impostor_46,106,055,20,20,20,9,0.4500,False,0.4393,False,True,1.1633
orb,finger,FV-USM_impostor_46,106,055,0,0,0,0,,False,,False,True,
sift,finger,FV-USM_impostor_46,106,055,0,0,0,0,,False,,False,True,
superglue,finger,FV-USM_impostor_46,106,055,176,179,0,0,,False,,False,True,
sgmnet,finger,FV-USM_impostor_46,106,055,715,812,24,7,0.2917,False,0.2795,False,True,1.0136
aspanformer,finger,FV-USM_impostor_46,106,055,0,0,0,0,,False,,False,True,
deepdetect,finger,FV-USM_impostor_46,106,055,142,546,6,0,,False,,False,True,
loftr,finger,FV-USM_impostor_47,077,036,25,25,25,11,0.4400,False,0.4343,False,True,1.3160
orb,finger,FV-USM_impostor_47,077,036,0,0,0,0,,False,,False,True,
sift,finger,FV-USM_impostor_47,077,036,0,0,0,0,,False,,False,True,
superglue,finger,FV-USM_impostor_47,077,036,180,200,0,0,,False,,False,True,
sgmnet,finger,FV-USM_impostor_47,077,036,797,1094,10,6,0.6000,True,0.5677,False,False,0.4974
aspanformer,finger,FV-USM_impostor_47,077,036,0,0,0,0,,False,,False,True,
deepdetect,finger,FV-USM_impostor_47,077,036,133,272,12,0,,False,,False,True,
loftr,finger,FV-USM_impostor_48,066,047,11,11,11,0,,False,,False,True,
orb,finger,FV-USM_impostor_48,066,047,0,0,0,0,,False,,False,True,
sift,finger,FV-USM_impostor_48,066,047,0,0,0,0,,False,,False,True,
superglue,finger,FV-USM_impostor_48,066,047,174,169,0,0,,False,,False,True,
sgmnet,finger,FV-USM_impostor_48,066,047,1047,629,10,5,0.5000,True,0.4661,False,False,0.7184
aspanformer,finger,FV-USM_impostor_48,066,047,0,0,0,0,,False,,False,True,
deepdetect,finger,FV-USM_impostor_48,066,047,422,64,0,0,,False,,False,True,
loftr,finger,FV-USM_impostor_49,105,051,10,10,10,7,0.7000,True,0.6708,False,False,0.6609
orb,finger,FV-USM_impostor_49,105,051,0,0,0,0,,False,,False,True,
sift,finger,FV-USM_impostor_49,105,051,0,0,0,0,,False,,False,True,
superglue,finger,FV-USM_impostor_49,105,051,209,213,0,0,,False,,False,True,
sgmnet,finger,FV-USM_impostor_49,105,051,716,842,7,4,0.5714,True,0.5237,False,False,0.0000
aspanformer,finger,FV-USM_impostor_49,105,051,0,0,0,0,,False,,False,True,
deepdetect,finger,FV-USM_impostor_49,105,051,238,184,3,0,,False,,False,True,
loftr,finger,FV-USM_impostor_50,033,059,14,14,14,6,0.4286,False,0.4055,False,True,1.0661
orb,finger,FV-USM_impostor_50,033,059,0,0,0,0,,False,,False,True,
sift,finger,FV-USM_impostor_50,033,059,0,0,0,0,,False,,False,True,
superglue,finger,FV-USM_impostor_50,033,059,199,142,0,0,,False,,False,True,
sgmnet,finger,FV-USM_impostor_50,033,059,967,794,29,7,0.2414,False,0.2313,False,True,1.0057
aspanformer,finger,FV-USM_impostor_50,033,059,0,0,0,0,,False,,False,True,
deepdetect,finger,FV-USM_impostor_50,033,059,721,678,27,0,,False,,False,True,
loftr,finger,FV-USM_impostor_51,033,096,11,11,11,6,0.5455,True,0.5161,False,False,0.5404
orb,finger,FV-USM_impostor_51,033,096,0,0,0,0,,False,,False,True,
sift,finger,FV-USM_impostor_51,033,096,0,0,0,0,,False,,False,True,
superglue,finger,FV-USM_impostor_51,033,096,159,179,0,0,,False,,False,True,
sgmnet,finger,FV-USM_impostor_51,033,096,902,868,13,6,0.4615,True,0.4367,False,False,0.4212
aspanformer,finger,FV-USM_impostor_51,033,096,0,0,0,0,,False,,False,True,
deepdetect,finger,FV-USM_impostor_51,033,096,230,311,0,0,,False,,False,True,
loftr,finger,FV-USM_impostor_52,003,015,3,3,0,0,,False,,False,True,
orb,finger,FV-USM_impostor_52,003,015,0,0,0,0,,False,,False,True,
sift,finger,FV-USM_impostor_52,003,015,0,0,0,0,,False,,False,True,
superglue,finger,FV-USM_impostor_52,003,015,215,195,0,0,,False,,False,True,
sgmnet,finger,FV-USM_impostor_52,003,015,978,981,18,6,0.3333,False,0.3154,False,True,0.7255
aspanformer,finger,FV-USM_impostor_52,003,015,0,0,0,0,,False,,False,True,
deepdetect,finger,FV-USM_impostor_52,003,015,395,1513,2,0,,False,,False,True,
loftr,finger,FV-USM_impostor_53,092,048,1,1,1,0,,False,,False,True,
orb,finger,FV-USM_impostor_53,092,048,0,0,0,0,,False,,False,True,
sift,finger,FV-USM_impostor_53,092,048,0,0,0,0,,False,,False,True,
superglue,finger,FV-USM_impostor_53,092,048,237,190,1,0,,False,,False,True,
sgmnet,finger,FV-USM_impostor_53,092,048,961,888,5,4,0.8000,True,0.7332,False,False,0.0000
aspanformer,finger,FV-USM_impostor_53,092,048,1,1,0,0,,False,,False,True,
deepdetect,finger,FV-USM_impostor_53,092,048,164,70,4,0,,False,,False,True,
loftr,finger,FV-USM_impostor_54,113,109,16,16,16,9,0.5625,True,0.5272,False,False,2.3135
orb,finger,FV-USM_impostor_54,113,109,0,0,0,0,,False,,False,True,
sift,finger,FV-USM_impostor_54,113,109,0,0,0,0,,False,,False,True,
superglue,finger,FV-USM_impostor_54,113,109,177,180,18,7,0.3889,False,0.3727,False,True,1.3513
sgmnet,finger,FV-USM_impostor_54,113,109,682,749,21,7,0.3333,False,0.3194,False,True,0.7143
aspanformer,finger,FV-USM_impostor_54,113,109,1,1,0,0,,False,,False,True,
deepdetect,finger,FV-USM_impostor_54,113,109,117,1450,0,0,,False,,False,True,
loftr,finger,FV-USM_impostor_55,096,041,9,9,9,6,0.6667,True,0.6308,False,False,0.4817
orb,finger,FV-USM_impostor_55,096,041,0,0,0,0,,False,,False,True,
sift,finger,FV-USM_impostor_55,096,041,0,0,0,0,,False,,False,True,
superglue,finger,FV-USM_impostor_55,096,041,161,181,4,0,,False,,False,True,
sgmnet,finger,FV-USM_impostor_55,096,041,862,861,14,6,0.4286,True,0.4055,False,False,0.7118
aspanformer,finger,FV-USM_impostor_55,096,041,0,0,0,0,,False,,False,True,
deepdetect,finger,FV-USM_impostor_55,096,041,386,149,0,0,,False,,False,True,
loftr,finger,FV-USM_impostor_56,019,103,2,2,2,0,,False,,False,True,
orb,finger,FV-USM_impostor_56,019,103,0,0,0,0,,False,,False,True,
sift,finger,FV-USM_impostor_56,019,103,0,0,0,0,,False,,False,True,
superglue,finger,FV-USM_impostor_56,019,103,171,156,0,0,,False,,False,True,
sgmnet,finger,FV-USM_impostor_56,019,103,1030,717,6,4,0.6667,True,0.6110,False,False,0.0000
aspanformer,finger,FV-USM_impostor_56,019,103,0,0,0,0,,False,,False,True,
deepdetect,finger,FV-USM_impostor_56,019,103,338,91,45,0,,False,,False,True,
loftr,finger,FV-USM_impostor_57,119,082,63,63,0,0,,False,,False,True,
orb,finger,FV-USM_impostor_57,119,082,0,0,0,0,,False,,False,True,
sift,finger,FV-USM_impostor_57,119,082,0,0,0,0,,False,,False,True,
superglue,finger,FV-USM_impostor_57,119,082,117,187,4,0,,False,,False,True,
sgmnet,finger,FV-USM_impostor_57,119,082,1663,831,2,0,,False,,False,True,
aspanformer,finger,FV-USM_impostor_57,119,082,0,0,0,0,,False,,False,True,
deepdetect,finger,FV-USM_impostor_57,119,082,1451,118,2,0,,False,,False,True,
loftr,finger,FV-USM_impostor_58,098,121,8,8,8,5,0.6250,True,0.5826,False,False,1.1197
orb,finger,FV-USM_impostor_58,098,121,0,0,0,0,,False,,False,True,
sift,finger,FV-USM_impostor_58,098,121,0,0,0,0,,False,,False,True,
superglue,finger,FV-USM_impostor_58,098,121,157,113,3,0,,False,,False,True,
sgmnet,finger,FV-USM_impostor_58,098,121,949,1579,2,0,,False,,False,True,
aspanformer,finger,FV-USM_impostor_58,098,121,0,0,0,0,,False,,False,True,
deepdetect,finger,FV-USM_impostor_58,098,121,417,4113,4,0,,False,,False,True,
loftr,finger,FV-USM_impostor_59,084,121,5,5,5,4,0.8000,True,0.7332,False,False,0.0000
orb,finger,FV-USM_impostor_59,084,121,0,0,0,0,,False,,False,True,
sift,finger,FV-USM_impostor_59,084,121,0,0,0,0,,False,,False,True,
superglue,finger,FV-USM_impostor_59,084,121,151,152,0,0,,False,,False,True,
sgmnet,finger,FV-USM_impostor_59,084,121,803,792,5,4,0.8000,True,0.7332,False,False,0.0000
aspanformer,finger,FV-USM_impostor_59,084,121,0,0,0,0,,False,,False,True,
deepdetect,finger,FV-USM_impostor_59,084,121,603,108,0,0,,False,,False,True,
loftr,finger,FV-USM_impostor_60,112,123,3,3,3,0,,False,,False,True,
orb,finger,FV-USM_impostor_60,112,123,0,0,0,0,,False,,False,True,
sift,finger,FV-USM_impostor_60,112,123,0,0,0,0,,False,,False,True,
superglue,finger,FV-USM_impostor_60,112,123,194,178,30,9,0.3000,False,0.2928,False,True,1.2894
sgmnet,finger,FV-USM_impostor_60,112,123,652,1118,6,4,0.6667,True,0.6110,False,False,0.0000
aspanformer,finger,FV-USM_impostor_60,112,123,0,0,0,0,,False,,False,True,
deepdetect,finger,FV-USM_impostor_60,112,123,136,186,0,0,,False,,False,True,
loftr,finger,FV-USM_impostor_61,085,061,14,14,14,6,0.4286,False,0.3935,False,True,2.1010
orb,finger,FV-USM_impostor_61,085,061,0,0,0,0,,False,,False,True,
sift,finger,FV-USM_impostor_61,085,061,0,0,0,0,,False,,False,True,
superglue,finger,FV-USM_impostor_61,085,061,139,194,0,0,,False,,False,True,
sgmnet,finger,FV-USM_impostor_61,085,061,717,923,9,5,0.5556,True,0.5179,False,False,0.4731
aspanformer,finger,FV-USM_impostor_61,085,061,1,1,0,0,,False,,False,True,
deepdetect,finger,FV-USM_impostor_61,085,061,138,431,0,0,,False,,False,True,
loftr,finger,FV-USM_impostor_62,025,038,17,17,17,8,0.4706,False,0.4489,False,True,1.7997
orb,finger,FV-USM_impostor_62,025,038,0,0,0,0,,False,,False,True,
sift,finger,FV-USM_impostor_62,025,038,0,0,0,0,,False,,False,True,
superglue,finger,FV-USM_impostor_62,025,038,202,168,9,5,0.5556,True,0.5179,False,False,1.0094
sgmnet,finger,FV-USM_impostor_62,025,038,909,822,45,11,0.2444,False,0.2413,False,True,1.0946
aspanformer,finger,FV-USM_impostor_62,025,038,0,0,0,0,,False,,False,True,
deepdetect,finger,FV-USM_impostor_62,025,038,144,205,0,0,,False,,False,True,
loftr,finger,FV-USM_impostor_63,062,008,14,14,14,9,0.6429,True,0.6259,False,False,1.5512
orb,finger,FV-USM_impostor_63,062,008,0,0,0,0,,False,,False,True,
sift,finger,FV-USM_impostor_63,062,008,0,0,0,0,,False,,False,True,
superglue,finger,FV-USM_impostor_63,062,008,172,131,0,0,,False,,False,True,
sgmnet,finger,FV-USM_impostor_63,062,008,804,824,32,7,0.2188,False,0.2096,False,True,0.6660
aspanformer,finger,FV-USM_impostor_63,062,008,1,1,0,0,,False,,False,True,
deepdetect,finger,FV-USM_impostor_63,062,008,100,451,0,0,,False,,False,True,
loftr,finger,FV-USM_impostor_64,115,088,2,2,2,0,,False,,False,True,
orb,finger,FV-USM_impostor_64,115,088,0,0,0,0,,False,,False,True,
sift,finger,FV-USM_impostor_64,115,088,0,0,0,0,,False,,False,True,
superglue,finger,FV-USM_impostor_64,115,088,206,162,2,0,,False,,False,True,
sgmnet,finger,FV-USM_impostor_64,115,088,987,928,38,11,0.2895,False,0.2857,False,True,0.9821
aspanformer,finger,FV-USM_impostor_64,115,088,0,0,0,0,,False,,False,True,
deepdetect,finger,FV-USM_impostor_64,115,088,356,173,2,0,,False,,False,True,
loftr,finger,FV-USM_impostor_65,019,089,13,13,13,7,0.5385,True,0.5144,False,False,1.5603
orb,finger,FV-USM_impostor_65,019,089,0,0,0,0,,False,,False,True,
sift,finger,FV-USM_impostor_65,019,089,0,0,0,0,,False,,False,True,
superglue,finger,FV-USM_impostor_65,019,089,223,180,1,0,,False,,False,True,
sgmnet,finger,FV-USM_impostor_65,019,089,985,955,7,4,0.5714,True,0.5237,False,False,0.0000
aspanformer,finger,FV-USM_impostor_65,019,089,1,1,0,0,,False,,False,True,
deepdetect,finger,FV-USM_impostor_65,019,089,357,137,0,0,,False,,False,True,
loftr,finger,FV-USM_impostor_66,074,052,10,10,10,5,0.5000,True,0.4661,False,False,0.7984
orb,finger,FV-USM_impostor_66,074,052,0,0,0,0,,False,,False,True,
sift,finger,FV-USM_impostor_66,074,052,0,0,0,0,,False,,False,True,
superglue,finger,FV-USM_impostor_66,074,052,145,180,0,0,,False,,False,True,
sgmnet,finger,FV-USM_impostor_66,074,052,879,753,19,7,0.3684,False,0.3530,False,True,0.7739
aspanformer,finger,FV-USM_impostor_66,074,052,0,0,0,0,,False,,False,True,
deepdetect,finger,FV-USM_impostor_66,074,052,317,264,2,0,,False,,False,True,
loftr,finger,FV-USM_impostor_67,104,118,9,9,9,5,0.5556,True,0.5179,False,False,0.4140
orb,finger,FV-USM_impostor_67,104,118,0,0,0,0,,False,,False,True,
sift,finger,FV-USM_impostor_67,104,118,0,0,0,0,,False,,False,True,
superglue,finger,FV-USM_impostor_67,104,118,181,82,7,5,0.7143,True,0.6658,False,False,0.9180
sgmnet,finger,FV-USM_impostor_67,104,118,702,1974,6,4,0.6667,True,0.6110,False,False,0.0000
aspanformer,finger,FV-USM_impostor_67,104,118,0,0,0,0,,False,,False,True,
deepdetect,finger,FV-USM_impostor_67,104,118,418,6264,0,0,,False,,False,True,
loftr,finger,FV-USM_impostor_68,123,121,97,97,0,0,,False,,False,True,
orb,finger,FV-USM_impostor_68,123,121,0,0,0,0,,False,,False,True,
sift,finger,FV-USM_impostor_68,123,121,0,0,0,0,,False,,False,True,
superglue,finger,FV-USM_impostor_68,123,121,160,157,4,0,,False,,False,True,
sgmnet,finger,FV-USM_impostor_68,123,121,1215,1270,174,33,0.1897,False,0.1887,False,True,1.6000
aspanformer,finger,FV-USM_impostor_68,123,121,1,1,0,0,,False,,False,True,
deepdetect,finger,FV-USM_impostor_68,123,121,149,591,13,0,,False,,False,True,
loftr,finger,FV-USM_impostor_69,070,005,9,9,9,6,0.6667,True,0.6308,False,False,0.7986
orb,finger,FV-USM_impostor_69,070,005,0,0,0,0,,False,,False,True,
sift,finger,FV-USM_impostor_69,070,005,0,0,0,0,,False,,False,True,
superglue,finger,FV-USM_impostor_69,070,005,161,177,2,0,,False,,False,True,
sgmnet,finger,FV-USM_impostor_69,070,005,916,859,18,7,0.3889,False,0.3727,False,True,0.8201
aspanformer,finger,FV-USM_impostor_69,070,005,0,0,0,0,,False,,False,True,
deepdetect,finger,FV-USM_impostor_69,070,005,696,253,0,0,,False,,False,True,
loftr,finger,FV-USM_impostor_70,029,060,2,2,2,0,,False,,False,True,
orb,finger,FV-USM_impostor_70,029,060,0,0,0,0,,False,,False,True,
sift,finger,FV-USM_impostor_70,029,060,0,0,0,0,,False,,False,True,
superglue,finger,FV-USM_impostor_70,029,060,159,230,1,0,,False,,False,True,
sgmnet,finger,FV-USM_impostor_70,029,060,618,761,34,8,0.2353,False,0.2278,False,True,1.0171
aspanformer,finger,FV-USM_impostor_70,029,060,1,1,0,0,,False,,False,True,
deepdetect,finger,FV-USM_impostor_70,029,060,139,143,1,0,,False,,False,True,
loftr,finger,FV-USM_impostor_71,039,041,16,16,0,0,,False,,False,True,
orb,finger,FV-USM_impostor_71,039,041,0,0,0,0,,False,,False,True,
sift,finger,FV-USM_impostor_71,039,041,0,0,0,0,,False,,False,True,
superglue,finger,FV-USM_impostor_71,039,041,158,162,0,0,,False,,False,True,
sgmnet,finger,FV-USM_impostor_71,039,041,1027,763,20,9,0.4500,True,0.4393,False,False,1.0954
aspanformer,finger,FV-USM_impostor_71,039,041,0,0,0,0,,False,,False,True,
deepdetect,finger,FV-USM_impostor_71,039,041,586,95,0,0,,False,,False,True,
loftr,finger,FV-USM_impostor_72,001,122,5,5,5,4,0.8000,True,0.7332,False,False,0.0000
orb,finger,FV-USM_impostor_72,001,122,0,0,0,0,,False,,False,True,
sift,finger,FV-USM_impostor_72,001,122,0,0,0,0,,False,,False,True,
superglue,finger,FV-USM_impostor_72,001,122,185,77,0,0,,False,,False,True,
sgmnet,finger,FV-USM_impostor_72,001,122,739,1862,3,0,,False,,False,True,
aspanformer,finger,FV-USM_impostor_72,001,122,0,0,0,0,,False,,False,True,
deepdetect,finger,FV-USM_impostor_72,001,122,127,4913,5,0,,False,,False,True,
loftr,finger,FV-USM_impostor_73,087,101,42,42,42,16,0.3810,False,0.3661,False,True,2.2461
orb,finger,FV-USM_impostor_73,087,101,0,0,0,0,,False,,False,True,
sift,finger,FV-USM_impostor_73,087,101,0,0,0,0,,False,,False,True,
superglue,finger,FV-USM_impostor_73,087,101,150,142,4,0,,False,,False,True,
sgmnet,finger,FV-USM_impostor_73,087,101,892,697,39,12,0.3077,False,0.3048,False,True,1.1790
aspanformer,finger,FV-USM_impostor_73,087,101,0,0,0,0,,False,,False,True,
deepdetect,finger,FV-USM_impostor_73,087,101,85,158,0,0,,False,,False,True,
loftr,finger,FV-USM_impostor_74,107,121,4,4,4,0,,False,,False,True,
orb,finger,FV-USM_impostor_74,107,121,0,0,0,0,,False,,False,True,
sift,finger,FV-USM_impostor_74,107,121,0,0,0,0,,False,,False,True,
superglue,finger,FV-USM_impostor_74,107,121,173,149,4,4,1.0000,True,0.9165,False,False,0.0000
sgmnet,finger,FV-USM_impostor_74,107,121,890,789,9,4,0.4444,True,0.4073,False,False,0.0000
aspanformer,finger,FV-USM_impostor_74,107,121,0,0,0,0,,False,,False,True,
deepdetect,finger,FV-USM_impostor_74,107,121,189,126,0,0,,False,,False,True,
loftr,finger,FV-USM_impostor_75,064,083,8,8,8,0,,False,,False,True,
orb,finger,FV-USM_impostor_75,064,083,0,0,0,0,,False,,False,True,
sift,finger,FV-USM_impostor_75,064,083,0,0,0,0,,False,,False,True,
superglue,finger,FV-USM_impostor_75,064,083,185,158,0,0,,False,,False,True,
sgmnet,finger,FV-USM_impostor_75,064,083,1080,845,26,7,0.2692,False,0.2580,False,True,0.7536
aspanformer,finger,FV-USM_impostor_75,064,083,0,0,0,0,,False,,False,True,
deepdetect,finger,FV-USM_impostor_75,064,083,382,286,1,0,,False,,False,True,
loftr,finger,FV-USM_impostor_76,081,102,1,1,1,0,,False,,False,True,
orb,finger,FV-USM_impostor_76,081,102,0,0,0,0,,False,,False,True,
sift,finger,FV-USM_impostor_76,081,102,0,0,0,0,,False,,False,True,
superglue,finger,FV-USM_impostor_76,081,102,137,174,2,0,,False,,False,True,
sgmnet,finger,FV-USM_impostor_76,081,102,651,658,21,7,0.3333,False,0.3194,False,True,0.9443
aspanformer,finger,FV-USM_impostor_76,081,102,0,0,0,0,,False,,False,True,
deepdetect,finger,FV-USM_impostor_76,081,102,119,123,4,0,,False,,False,True,
loftr,finger,FV-USM_impostor_77,044,070,2,2,2,0,,False,,False,True,
orb,finger,FV-USM_impostor_77,044,070,0,0,0,0,,False,,False,True,
sift,finger,FV-USM_impostor_77,044,070,1,0,0,0,,False,,False,True,
superglue,finger,FV-USM_impostor_77,044,070,176,140,0,0,,False,,False,True,
sgmnet,finger,FV-USM_impostor_77,044,070,932,779,9,5,0.5556,True,0.5179,False,False,0.0000
aspanformer,finger,FV-USM_impostor_77,044,070,0,0,0,0,,False,,False,True,
deepdetect,finger,FV-USM_impostor_77,044,070,787,277,0,0,,False,,False,True,
loftr,finger,FV-USM_impostor_78,093,023,6,6,6,5,0.8333,True,0.7768,False,False,0.6913
orb,finger,FV-USM_impostor_78,093,023,0,0,0,0,,False,,False,True,
sift,finger,FV-USM_impostor_78,093,023,0,0,0,0,,False,,False,True,
superglue,finger,FV-USM_impostor_78,093,023,215,170,0,0,,False,,False,True,
sgmnet,finger,FV-USM_impostor_78,093,023,641,949,17,7,0.4118,False,0.3946,False,True,0.4520
aspanformer,finger,FV-USM_impostor_78,093,023,0,0,0,0,,False,,False,True,
deepdetect,finger,FV-USM_impostor_78,093,023,210,276,0,0,,False,,False,True,
loftr,finger,FV-USM_impostor_79,102,064,18,18,18,9,0.5000,True,0.4881,False,False,0.9195
orb,finger,FV-USM_impostor_79,102,064,0,0,0,0,,False,,False,True,
sift,finger,FV-USM_impostor_79,102,064,0,0,0,0,,False,,False,True,
superglue,finger,FV-USM_impostor_79,102,064,182,179,2,0,,False,,False,True,
sgmnet,finger,FV-USM_impostor_79,102,064,912,967,59,11,0.1864,False,0.1834,False,True,1.5669
aspanformer,finger,FV-USM_impostor_79,102,064,0,0,0,0,,False,,False,True,
deepdetect,finger,FV-USM_impostor_79,102,064,273,509,1,0,,False,,False,True,
loftr,finger,FV-USM_impostor_80,050,123,1,1,1,0,,False,,False,True,
orb,finger,FV-USM_impostor_80,050,123,0,0,0,0,,False,,False,True,
sift,finger,FV-USM_impostor_80,050,123,0,0,0,0,,False,,False,True,
superglue,finger,FV-USM_impostor_80,050,123,175,173,12,6,0.5000,True,0.4731,False,False,0.9530
sgmnet,finger,FV-USM_impostor_80,050,123,926,1227,37,8,0.2162,False,0.2093,False,True,1.4532
aspanformer,finger,FV-USM_impostor_80,050,123,0,0,0,0,,False,,False,True,
deepdetect,finger,FV-USM_impostor_80,050,123,159,159,0,0,,False,,False,True,
loftr,finger,FV-USM_impostor_81,029,122,48,48,48,18,0.3750,False,0.3572,False,True,2.4445
orb,finger,FV-USM_impostor_81,029,122,0,0,0,0,,False,,False,True,
sift,finger,FV-USM_impostor_81,029,122,0,0,0,0,,False,,False,True,
superglue,finger,FV-USM_impostor_81,029,122,103,187,9,5,0.5556,True,0.5179,False,False,0.7182
sgmnet,finger,FV-USM_impostor_81,029,122,633,868,17,6,0.3529,False,0.3340,False,True,0.3616
aspanformer,finger,FV-USM_impostor_81,029,122,1,1,0,0,,False,,False,True,
deepdetect,finger,FV-USM_impostor_81,029,122,84,213,0,0,,False,,False,True,
loftr,finger,FV-USM_impostor_82,046,112,20,20,20,8,0.4000,False,0.3854,False,True,1.5979
orb,finger,FV-USM_impostor_82,046,112,0,0,0,0,,False,,False,True,
sift,finger,FV-USM_impostor_82,046,112,0,0,0,0,,False,,False,True,
superglue,finger,FV-USM_impostor_82,046,112,171,196,0,0,,False,,False,True,
sgmnet,finger,FV-USM_impostor_82,046,112,786,718,17,7,0.4118,False,0.3946,False,True,0.8893
aspanformer,finger,FV-USM_impostor_82,046,112,0,0,0,0,,False,,False,True,
deepdetect,finger,FV-USM_impostor_82,046,112,782,16,243,0,,False,,False,True,
loftr,finger,FV-USM_impostor_83,019,107,5,5,5,4,0.8000,True,0.7332,False,False,0.0000
orb,finger,FV-USM_impostor_83,019,107,0,0,0,0,,False,,False,True,
sift,finger,FV-USM_impostor_83,019,107,0,0,0,0,,False,,False,True,
superglue,finger,FV-USM_impostor_83,019,107,227,171,6,4,0.6667,True,0.6110,False,False,0.0000
sgmnet,finger,FV-USM_impostor_83,019,107,1058,889,20,7,0.3500,False,0.3354,False,True,0.7088
aspanformer,finger,FV-USM_impostor_83,019,107,0,0,0,0,,False,,False,True,
deepdetect,finger,FV-USM_impostor_83,019,107,284,243,0,0,,False,,False,True,
loftr,finger,FV-USM_impostor_84,093,048,5,5,5,0,,False,,False,True,
orb,finger,FV-USM_impostor_84,093,048,0,0,0,0,,False,,False,True,
sift,finger,FV-USM_impostor_84,093,048,0,0,0,0,,False,,False,True,
superglue,finger,FV-USM_impostor_84,093,048,158,183,3,0,,False,,False,True,
sgmnet,finger,FV-USM_impostor_84,093,048,828,873,74,12,0.1622,False,0.1606,False,True,1.1297
aspanformer,finger,FV-USM_impostor_84,093,048,0,0,0,0,,False,,False,True,
deepdetect,finger,FV-USM_impostor_84,093,048,694,118,6,0,,False,,False,True,
loftr,finger,FV-USM_impostor_85,085,095,5,5,5,4,0.8000,True,0.7332,False,False,0.0000
orb,finger,FV-USM_impostor_85,085,095,0,0,0,0,,False,,False,True,
sift,finger,FV-USM_impostor_85,085,095,0,0,0,0,,False,,False,True,
superglue,finger,FV-USM_impostor_85,085,095,141,235,1,0,,False,,False,True,
sgmnet,finger,FV-USM_impostor_85,085,095,705,843,17,6,0.3529,False,0.3340,False,True,0.5122
aspanformer,finger,FV-USM_impostor_85,085,095,0,0,0,0,,False,,False,True,
deepdetect,finger,FV-USM_impostor_85,085,095,159,175,0,0,,False,,False,True,
loftr,finger,FV-USM_impostor_86,091,053,13,13,13,8,0.6154,True,0.5958,False,False,0.8622
orb,finger,FV-USM_impostor_86,091,053,0,0,0,0,,False,,False,True,
sift,finger,FV-USM_impostor_86,091,053,0,0,0,0,,False,,False,True,
superglue,finger,FV-USM_impostor_86,091,053,179,220,14,7,0.5000,True,0.4791,False,False,1.4127
sgmnet,finger,FV-USM_impostor_86,091,053,883,868,10,0,,False,,False,True,
aspanformer,finger,FV-USM_impostor_86,091,053,0,0,0,0,,False,,False,True,
deepdetect,finger,FV-USM_impostor_86,091,053,422,215,0,0,,False,,False,True,
loftr,finger,FV-USM_impostor_87,076,033,3,3,3,0,,False,,False,True,
orb,finger,FV-USM_impostor_87,076,033,0,0,0,0,,False,,False,True,
sift,finger,FV-USM_impostor_87,076,033,0,0,0,0,,False,,False,True,
superglue,finger,FV-USM_impostor_87,076,033,151,166,0,0,,False,,False,True,
sgmnet,finger,FV-USM_impostor_87,076,033,813,964,111,28,0.2523,False,0.2506,False,True,1.6344
aspanformer,finger,FV-USM_impostor_87,076,033,0,0,0,0,,False,,False,True,
deepdetect,finger,FV-USM_impostor_87,076,033,94,396,0,0,,False,,False,True,
loftr,finger,FV-USM_impostor_88,059,076,1,1,1,0,,False,,False,True,
orb,finger,FV-USM_impostor_88,059,076,0,0,0,0,,False,,False,True,
sift,finger,FV-USM_impostor_88,059,076,0,1,0,0,,False,,False,True,
superglue,finger,FV-USM_impostor_88,059,076,171,189,0,0,,False,,False,True,
sgmnet,finger,FV-USM_impostor_88,059,076,722,895,23,7,0.3043,False,0.2916,False,True,1.0698
aspanformer,finger,FV-USM_impostor_88,059,076,0,0,0,0,,False,,False,True,
deepdetect,finger,FV-USM_impostor_88,059,076,101,119,1,0,,False,,False,True,
loftr,finger,FV-USM_impostor_89,030,064,8,8,8,5,0.6250,True,0.5826,False,False,0.5443
orb,finger,FV-USM_impostor_89,030,064,0,0,0,0,,False,,False,True,
sift,finger,FV-USM_impostor_89,030,064,0,0,0,0,,False,,False,True,
superglue,finger,FV-USM_impostor_89,030,064,153,157,4,4,1.0000,True,0.9165,False,False,0.0000
sgmnet,finger,FV-USM_impostor_89,030,064,1083,1027,17,5,0.2941,False,0.2742,False,True,0.8703
aspanformer,finger,FV-USM_impostor_89,030,064,0,0,0,0,,False,,False,True,
deepdetect,finger,FV-USM_impostor_89,030,064,146,139,0,0,,False,,False,True,
loftr,finger,FV-USM_impostor_90,018,106,17,17,17,9,0.5294,True,0.5136,False,False,1.6244
orb,finger,FV-USM_impostor_90,018,106,0,0,0,0,,False,,False,True,
sift,finger,FV-USM_impostor_90,018,106,0,0,0,0,,False,,False,True,
superglue,finger,FV-USM_impostor_90,018,106,199,150,0,0,,False,,False,True,
sgmnet,finger,FV-USM_impostor_90,018,106,947,785,15,6,0.4000,False,0.3785,False,True,0.9130
aspanformer,finger,FV-USM_impostor_90,018,106,1,1,1,0,,False,,False,True,
deepdetect,finger,FV-USM_impostor_90,018,106,145,132,2,0,,False,,False,True,
loftr,finger,FV-USM_impostor_91,024,041,3,3,3,0,,False,,False,True,
orb,finger,FV-USM_impostor_91,024,041,0,0,0,0,,False,,False,True,
sift,finger,FV-USM_impostor_91,024,041,0,0,0,0,,False,,False,True,
superglue,finger,FV-USM_impostor_91,024,041,168,162,0,0,,False,,False,True,
sgmnet,finger,FV-USM_impostor_91,024,041,1218,947,13,6,0.4615,True,0.4367,False,False,0.9921
aspanformer,finger,FV-USM_impostor_91,024,041,0,0,0,0,,False,,False,True,
deepdetect,finger,FV-USM_impostor_91,024,041,306,111,0,0,,False,,False,True,
loftr,finger,FV-USM_impostor_92,098,061,5,5,5,4,0.8000,True,0.7332,False,False,0.0000
orb,finger,FV-USM_impostor_92,098,061,0,0,0,0,,False,,False,True,
sift,finger,FV-USM_impostor_92,098,061,0,0,0,0,,False,,False,True,
superglue,finger,FV-USM_impostor_92,098,061,200,175,1,0,,False,,False,True,
sgmnet,finger,FV-USM_impostor_92,098,061,923,1016,22,8,0.3636,False,0.3521,False,True,0.7039
aspanformer,finger,FV-USM_impostor_92,098,061,0,0,0,0,,False,,False,True,
deepdetect,finger,FV-USM_impostor_92,098,061,197,392,0,0,,False,,False,True,
loftr,finger,FV-USM_impostor_93,065,064,5,5,5,4,0.8000,True,0.7332,False,False,0.0000
orb,finger,FV-USM_impostor_93,065,064,0,0,0,0,,False,,False,True,
sift,finger,FV-USM_impostor_93,065,064,0,0,0,0,,False,,False,True,
superglue,finger,FV-USM_impostor_93,065,064,146,184,1,0,,False,,False,True,
sgmnet,finger,FV-USM_impostor_93,065,064,734,1082,1,0,,False,,False,True,
aspanformer,finger,FV-USM_impostor_93,065,064,0,0,0,0,,False,,False,True,
deepdetect,finger,FV-USM_impostor_93,065,064,161,376,0,0,,False,,False,True,
loftr,finger,FV-USM_impostor_94,106,049,9,9,9,7,0.7778,True,0.7453,False,False,0.9488
orb,finger,FV-USM_impostor_94,106,049,0,0,0,0,,False,,False,True,
sift,finger,FV-USM_impostor_94,106,049,0,0,0,0,,False,,False,True,
superglue,finger,FV-USM_impostor_94,106,049,150,161,0,0,,False,,False,True,
sgmnet,finger,FV-USM_impostor_94,106,049,785,887,24,8,0.3333,False,0.3227,False,True,0.7853
aspanformer,finger,FV-USM_impostor_94,106,049,0,0,0,0,,False,,False,True,
deepdetect,finger,FV-USM_impostor_94,106,049,132,210,21,21,1.0000,True,1.0000,False,False,0.0000
loftr,finger,FV-USM_impostor_95,057,111,19,19,0,0,,False,,False,True,
orb,finger,FV-USM_impostor_95,057,111,0,0,0,0,,False,,False,True,
sift,finger,FV-USM_impostor_95,057,111,0,0,0,0,,False,,False,True,
superglue,finger,FV-USM_impostor_95,057,111,178,126,1,0,,False,,False,True,
sgmnet,finger,FV-USM_impostor_95,057,111,936,920,13,5,0.3846,False,0.3585,False,True,0.2290
aspanformer,finger,FV-USM_impostor_95,057,111,0,0,0,0,,False,,False,True,
deepdetect,finger,FV-USM_impostor_95,057,111,212,80,0,0,,False,,False,True,
loftr,finger,FV-USM_impostor_96,043,060,46,46,0,0,,False,,False,True,
orb,finger,FV-USM_impostor_96,043,060,0,0,0,0,,False,,False,True,
sift,finger,FV-USM_impostor_96,043,060,0,0,0,0,,False,,False,True,
superglue,finger,FV-USM_impostor_96,043,060,191,233,0,0,,False,,False,True,
sgmnet,finger,FV-USM_impostor_96,043,060,901,1073,13,6,0.4615,True,0.4367,False,False,0.9088
aspanformer,finger,FV-USM_impostor_96,043,060,0,0,0,0,,False,,False,True,
deepdetect,finger,FV-USM_impostor_96,043,060,77,97,0,0,,False,,False,True,
loftr,finger,FV-USM_impostor_97,033,047,19,19,19,9,0.4737,True,0.4501,False,False,2.0400
orb,finger,FV-USM_impostor_97,033,047,0,0,0,0,,False,,False,True,
sift,finger,FV-USM_impostor_97,033,047,0,0,0,0,,False,,False,True,
superglue,finger,FV-USM_impostor_97,033,047,169,169,0,0,,False,,False,True,
sgmnet,finger,FV-USM_impostor_97,033,047,815,629,15,6,0.4000,False,0.3785,False,True,0.1766
aspanformer,finger,FV-USM_impostor_97,033,047,0,0,0,0,,False,,False,True,
deepdetect,finger,FV-USM_impostor_97,033,047,150,64,0,0,,False,,False,True,
loftr,finger,FV-USM_impostor_98,113,032,18,18,18,8,0.4444,False,0.4303,False,True,1.1695
orb,finger,FV-USM_impostor_98,113,032,0,0,0,0,,False,,False,True,
sift,finger,FV-USM_impostor_98,113,032,0,0,0,0,,False,,False,True,
superglue,finger,FV-USM_impostor_98,113,032,139,190,7,0,,False,,False,True,
sgmnet,finger,FV-USM_impostor_98,113,032,992,1099,94,18,0.1915,False,0.1912,False,True,1.4859
aspanformer,finger,FV-USM_impostor_98,113,032,0,0,0,0,,False,,False,True,
deepdetect,finger,FV-USM_impostor_98,113,032,244,283,22,0,,False,,False,True,
loftr,finger,FV-USM_impostor_99,120,102,4,4,4,0,,False,,False,True,
orb,finger,FV-USM_impostor_99,120,102,0,0,0,0,,False,,False,True,
sift,finger,FV-USM_impostor_99,120,102,0,0,0,0,,False,,False,True,
superglue,finger,FV-USM_impostor_99,120,102,161,173,1,0,,False,,False,True,
sgmnet,finger,FV-USM_impostor_99,120,102,1096,698,12,5,0.4167,False,0.3884,False,True,0.3700
aspanformer,finger,FV-USM_impostor_99,120,102,0,0,0,0,,False,,False,True,
deepdetect,finger,FV-USM_impostor_99,120,102,177,119,0,0,,False,,False,True,
loftr,finger,FV-USM_impostor_100,085,076,8,8,8,4,0.5000,True,0.4583,False,False,0.0000
orb,finger,FV-USM_impostor_100,085,076,0,0,0,0,,False,,False,True,
sift,finger,FV-USM_impostor_100,085,076,0,0,0,0,,False,,False,True,
superglue,finger,FV-USM_impostor_100,085,076,111,190,0,0,,False,,False,True,
sgmnet,finger,FV-USM_impostor_100,085,076,640,850,25,7,0.2800,False,0.2683,False,True,1.0354
aspanformer,finger,FV-USM_impostor_100,085,076,0,0,0,0,,False,,False,True,
deepdetect,finger,FV-USM_impostor_100,085,076,135,155,2,0,,False,,False,True,
loftr,finger,FV-USM_impostor_101,020,097,8,8,8,5,0.6250,True,0.5826,False,False,0.7771
orb,finger,FV-USM_impostor_101,020,097,0,0,0,0,,False,,False,True,
sift,finger,FV-USM_impostor_101,020,097,0,0,0,0,,False,,False,True,
superglue,finger,FV-USM_impostor_101,020,097,159,229,1,0,,False,,False,True,
sgmnet,finger,FV-USM_impostor_101,020,097,1076,705,21,6,0.2857,False,0.2703,False,True,0.6357
aspanformer,finger,FV-USM_impostor_101,020,097,0,0,0,0,,False,,False,True,
deepdetect,finger,FV-USM_impostor_101,020,097,458,174,31,0,,False,,False,True,
loftr,finger,FV-USM_impostor_102,028,058,1,1,1,0,,False,,False,True,
orb,finger,FV-USM_impostor_102,028,058,0,0,0,0,,False,,False,True,
sift,finger,FV-USM_impostor_102,028,058,0,0,0,0,,False,,False,True,
superglue,finger,FV-USM_impostor_102,028,058,165,164,0,0,,False,,False,True,
sgmnet,finger,FV-USM_impostor_102,028,058,776,1134,17,5,0.2941,False,0.2742,False,True,0.2271
aspanformer,finger,FV-USM_impostor_102,028,058,0,0,0,0,,False,,False,True,
deepdetect,finger,FV-USM_impostor_102,028,058,475,135,313,0,,False,,False,True,
loftr,finger,FV-USM_impostor_103,039,054,5,5,5,4,0.8000,True,0.7332,False,False,0.0000
orb,finger,FV-USM_impostor_103,039,054,0,0,0,0,,False,,False,True,
sift,finger,FV-USM_impostor_103,039,054,0,0,0,0,,False,,False,True,
superglue,finger,FV-USM_impostor_103,039,054,163,153,0,0,,False,,False,True,
sgmnet,finger,FV-USM_impostor_103,039,054,1036,960,58,11,0.1897,False,0.1872,False,True,0.9019
aspanformer,finger,FV-USM_impostor_103,039,054,0,0,0,0,,False,,False,True,
deepdetect,finger,FV-USM_impostor_103,039,054,735,271,1,0,,False,,False,True,
loftr,finger,FV-USM_impostor_104,013,049,4,4,4,0,,False,,False,True,
orb,finger,FV-USM_impostor_104,013,049,0,0,0,0,,False,,False,True,
sift,finger,FV-USM_impostor_104,013,049,0,0,0,0,,False,,False,True,
superglue,finger,FV-USM_impostor_104,013,049,190,202,5,4,0.8000,True,0.7332,False,False,0.0000
sgmnet,finger,FV-USM_impostor_104,013,049,948,842,16,0,,False,,False,True,
aspanformer,finger,FV-USM_impostor_104,013,049,1,1,0,0,,False,,False,True,
deepdetect,finger,FV-USM_impostor_104,013,049,145,708,8,0,,False,,False,True,
loftr,finger,FV-USM_impostor_105,104,069,0,0,0,0,,False,,False,True,
orb,finger,FV-USM_impostor_105,104,069,0,0,0,0,,False,,False,True,
sift,finger,FV-USM_impostor_105,104,069,0,0,0,0,,False,,False,True,
superglue,finger,FV-USM_impostor_105,104,069,190,169,1,0,,False,,False,True,
sgmnet,finger,FV-USM_impostor_105,104,069,958,649,5,0,,False,,False,True,
aspanformer,finger,FV-USM_impostor_105,104,069,0,0,0,0,,False,,False,True,
deepdetect,finger,FV-USM_impostor_105,104,069,247,63,0,0,,False,,False,True,
loftr,finger,FV-USM_impostor_106,042,111,5,5,5,4,0.8000,True,0.7332,False,False,0.0000
orb,finger,FV-USM_impostor_106,042,111,0,0,0,0,,False,,False,True,
sift,finger,FV-USM_impostor_106,042,111,0,0,0,0,,False,,False,True,
superglue,finger,FV-USM_impostor_106,042,111,161,207,2,0,,False,,False,True,
sgmnet,finger,FV-USM_impostor_106,042,111,802,576,7,4,0.5714,True,0.5237,False,False,0.0000
aspanformer,finger,FV-USM_impostor_106,042,111,0,0,0,0,,False,,False,True,
deepdetect,finger,FV-USM_impostor_106,042,111,228,261,0,0,,False,,False,True,
loftr,finger,FV-USM_impostor_107,068,056,1,1,1,0,,False,,False,True,
orb,finger,FV-USM_impostor_107,068,056,0,0,0,0,,False,,False,True,
sift,finger,FV-USM_impostor_107,068,056,0,0,0,0,,False,,False,True,
superglue,finger,FV-USM_impostor_107,068,056,134,189,0,0,,False,,False,True,
sgmnet,finger,FV-USM_impostor_107,068,056,919,978,46,10,0.2174,False,0.2135,False,True,0.8979
aspanformer,finger,FV-USM_impostor_107,068,056,0,0,0,0,,False,,False,True,
deepdetect,finger,FV-USM_impostor_107,068,056,165,364,0,0,,False,,False,True,
loftr,finger,FV-USM_impostor_108,037,071,26,26,26,12,0.4615,True,0.4572,False,False,1.4040
orb,finger,FV-USM_impostor_108,037,071,0,0,0,0,,False,,False,True,
sift,finger,FV-USM_impostor_108,037,071,0,0,0,0,,False,,False,True,
superglue,finger,FV-USM_impostor_108,037,071,174,156,8,6,0.7500,True,0.7097,False,False,1.1903
sgmnet,finger,FV-USM_impostor_108,037,071,775,791,70,14,0.2000,False,0.1990,False,True,1.2214
aspanformer,finger,FV-USM_impostor_108,037,071,0,0,0,0,,False,,False,True,
deepdetect,finger,FV-USM_impostor_108,037,071,349,517,0,0,,False,,False,True,
loftr,finger,FV-USM_impostor_109,069,104,28,28,0,0,,False,,False,True,
orb,finger,FV-USM_impostor_109,069,104,0,0,0,0,,False,,False,True,
sift,finger,FV-USM_impostor_109,069,104,0,0,0,0,,False,,False,True,
superglue,finger,FV-USM_impostor_109,069,104,162,200,0,0,,False,,False,True,
sgmnet,finger,FV-USM_impostor_109,069,104,906,943,15,6,0.4000,False,0.3785,False,True,0.5755
aspanformer,finger,FV-USM_impostor_109,069,104,0,0,0,0,,False,,False,True,
deepdetect,finger,FV-USM_impostor_109,069,104,1066,355,0,0,,False,,False,True,
loftr,finger,FV-USM_impostor_110,074,100,1,1,1,0,,False,,False,True,
orb,finger,FV-USM_impostor_110,074,100,0,0,0,0,,False,,False,True,
sift,finger,FV-USM_impostor_110,074,100,0,2,0,0,,False,,False,True,
superglue,finger,FV-USM_impostor_110,074,100,133,203,6,4,0.6667,True,0.6110,False,False,0.0000
sgmnet,finger,FV-USM_impostor_110,074,100,886,783,20,6,0.3000,False,0.2839,False,True,0.9212
aspanformer,finger,FV-USM_impostor_110,074,100,0,0,0,0,,False,,False,True,
deepdetect,finger,FV-USM_impostor_110,074,100,491,239,0,0,,False,,False,True,
loftr,finger,FV-USM_impostor_111,070,022,5,5,5,0,,False,,False,True,
orb,finger,FV-USM_impostor_111,070,022,0,0,0,0,,False,,False,True,
sift,finger,FV-USM_impostor_111,070,022,0,0,0,0,,False,,False,True,
superglue,finger,FV-USM_impostor_111,070,022,151,192,0,0,,False,,False,True,
sgmnet,finger,FV-USM_impostor_111,070,022,805,1129,24,9,0.3750,False,0.3661,False,True,1.0586
aspanformer,finger,FV-USM_impostor_111,070,022,0,0,0,0,,False,,False,True,
deepdetect,finger,FV-USM_impostor_111,070,022,312,2441,2,0,,False,,False,True,
loftr,finger,FV-USM_impostor_112,078,083,2,2,2,0,,False,,False,True,
orb,finger,FV-USM_impostor_112,078,083,0,0,0,0,,False,,False,True,
sift,finger,FV-USM_impostor_112,078,083,1,0,0,0,,False,,False,True,
superglue,finger,FV-USM_impostor_112,078,083,178,162,1,0,,False,,False,True,
sgmnet,finger,FV-USM_impostor_112,078,083,868,834,64,15,0.2344,False,0.2335,False,True,1.1361
aspanformer,finger,FV-USM_impostor_112,078,083,0,0,0,0,,False,,False,True,
deepdetect,finger,FV-USM_impostor_112,078,083,220,292,3,0,,False,,False,True,
loftr,finger,FV-USM_impostor_113,110,050,5,5,5,4,0.8000,True,0.7332,False,False,0.0000
orb,finger,FV-USM_impostor_113,110,050,0,0,0,0,,False,,False,True,
sift,finger,FV-USM_impostor_113,110,050,0,0,0,0,,False,,False,True,
superglue,finger,FV-USM_impostor_113,110,050,138,210,5,4,0.8000,True,0.7332,False,False,0.0000
sgmnet,finger,FV-USM_impostor_113,110,050,662,844,27,7,0.2593,False,0.2484,False,True,1.1164
aspanformer,finger,FV-USM_impostor_113,110,050,0,0,0,0,,False,,False,True,
deepdetect,finger,FV-USM_impostor_113,110,050,94,238,0,0,,False,,False,True,
loftr,finger,FV-USM_impostor_114,098,084,28,28,28,9,0.3214,False,0.3084,False,True,1.8423
orb,finger,FV-USM_impostor_114,098,084,0,0,0,0,,False,,False,True,
sift,finger,FV-USM_impostor_114,098,084,0,0,0,0,,False,,False,True,
superglue,finger,FV-USM_impostor_114,098,084,192,160,0,0,,False,,False,True,
sgmnet,finger,FV-USM_impostor_114,098,084,833,810,15,5,0.3333,False,0.3107,False,True,0.3051
aspanformer,finger,FV-USM_impostor_114,098,084,0,0,0,0,,False,,False,True,
deepdetect,finger,FV-USM_impostor_114,098,084,371,246,0,0,,False,,False,True,
loftr,finger,FV-USM_impostor_115,108,089,2,2,2,0,,False,,False,True,
orb,finger,FV-USM_impostor_115,108,089,0,0,0,0,,False,,False,True,
sift,finger,FV-USM_impostor_115,108,089,0,0,0,0,,False,,False,True,
superglue,finger,FV-USM_impostor_115,108,089,217,194,0,0,,False,,False,True,
sgmnet,finger,FV-USM_impostor_115,108,089,927,1033,20,8,0.4000,False,0.3873,False,True,0.6462
aspanformer,finger,FV-USM_impostor_115,108,089,0,0,0,0,,False,,False,True,
deepdetect,finger,FV-USM_impostor_115,108,089,242,117,1,0,,False,,False,True,
loftr,finger,FV-USM_impostor_116,003,111,27,27,0,0,,False,,False,True,
orb,finger,FV-USM_impostor_116,003,111,0,0,0,0,,False,,False,True,
sift,finger,FV-USM_impostor_116,003,111,0,0,0,0,,False,,False,True,
superglue,finger,FV-USM_impostor_116,003,111,178,167,0,0,,False,,False,True,
sgmnet,finger,FV-USM_impostor_116,003,111,950,676,56,11,0.1964,False,0.1937,False,True,1.5212
aspanformer,finger,FV-USM_impostor_116,003,111,0,0,0,0,,False,,False,True,
deepdetect,finger,FV-USM_impostor_116,003,111,182,281,0,0,,False,,False,True,
loftr,finger,FV-USM_impostor_117,117,047,1,1,1,0,,False,,False,True,
orb,finger,FV-USM_impostor_117,117,047,0,0,0,0,,False,,False,True,
sift,finger,FV-USM_impostor_117,117,047,0,0,0,0,,False,,False,True,
superglue,finger,FV-USM_impostor_117,117,047,156,179,1,0,,False,,False,True,
sgmnet,finger,FV-USM_impostor_117,117,047,1360,930,6,6,1.0000,True,0.9462,False,False,0.3288
aspanformer,finger,FV-USM_impostor_117,117,047,0,0,0,0,,False,,False,True,
deepdetect,finger,FV-USM_impostor_117,117,047,244,223,0,0,,False,,False,True,
loftr,finger,FV-USM_impostor_118,045,108,3,3,3,0,,False,,False,True,
orb,finger,FV-USM_impostor_118,045,108,0,0,0,0,,False,,False,True,
sift,finger,FV-USM_impostor_118,045,108,0,0,0,0,,False,,False,True,
superglue,finger,FV-USM_impostor_118,045,108,180,189,0,0,,False,,False,True,
sgmnet,finger,FV-USM_impostor_118,045,108,878,983,26,7,0.2692,False,0.2580,False,True,0.1712
aspanformer,finger,FV-USM_impostor_118,045,108,0,0,0,0,,False,,False,True,
deepdetect,finger,FV-USM_impostor_118,045,108,524,204,2,0,,False,,False,True,
loftr,finger,FV-USM_impostor_119,031,020,31,31,0,0,,False,,False,True,
orb,finger,FV-USM_impostor_119,031,020,0,0,0,0,,False,,False,True,
sift,finger,FV-USM_impostor_119,031,020,1,0,0,0,,False,,False,True,
superglue,finger,FV-USM_impostor_119,031,020,199,165,0,0,,False,,False,True,
sgmnet,finger,FV-USM_impostor_119,031,020,742,1113,24,10,0.4167,True,0.4093,False,False,1.1943
aspanformer,finger,FV-USM_impostor_119,031,020,0,0,0,0,,False,,False,True,
deepdetect,finger,FV-USM_impostor_119,031,020,82,169,3,0,,False,,False,True,
loftr,finger,FV-USM_impostor_120,029,026,17,17,17,10,0.5882,True,0.5778,False,False,1.2298
orb,finger,FV-USM_impostor_120,029,026,0,0,0,0,,False,,False,True,
sift,finger,FV-USM_impostor_120,029,026,0,0,0,0,,False,,False,True,
superglue,finger,FV-USM_impostor_120,029,026,94,131,3,0,,False,,False,True,
sgmnet,finger,FV-USM_impostor_120,029,026,610,733,11,4,0.3636,False,0.3333,False,True,0.0000
aspanformer,finger,FV-USM_impostor_120,029,026,0,0,0,0,,False,,False,True,
deepdetect,finger,FV-USM_impostor_120,029,026,119,143,0,0,,False,,False,True,
loftr,finger,FV-USM_impostor_121,068,053,14,14,14,8,0.5714,True,0.5533,False,False,0.5640
orb,finger,FV-USM_impostor_121,068,053,0,0,0,0,,False,,False,True,
sift,finger,FV-USM_impostor_121,068,053,0,0,0,0,,False,,False,True,
superglue,finger,FV-USM_impostor_121,068,053,150,244,0,0,,False,,False,True,
sgmnet,finger,FV-USM_impostor_121,068,053,852,692,33,9,0.2727,False,0.2662,False,True,0.9572
aspanformer,finger,FV-USM_impostor_121,068,053,0,0,0,0,,False,,False,True,
deepdetect,finger,FV-USM_impostor_121,068,053,513,38,0,0,,False,,False,True,
loftr,finger,FV-USM_impostor_122,122,015,39,39,0,0,,False,,False,True,
orb,finger,FV-USM_impostor_122,122,015,0,0,0,0,,False,,False,True,
sift,finger,FV-USM_impostor_122,122,015,0,0,0,0,,False,,False,True,
superglue,finger,FV-USM_impostor_122,122,015,91,211,5,4,0.8000,True,0.7332,False,False,0.0000
sgmnet,finger,FV-USM_impostor_122,122,015,1891,924,4,4,1.0000,True,0.9165,False,False,0.0000
aspanformer,finger,FV-USM_impostor_122,122,015,0,0,0,0,,False,,False,True,
deepdetect,finger,FV-USM_impostor_122,122,015,4374,108,44,0,,False,,False,True,
loftr,finger,FV-USM_impostor_123,082,011,38,38,38,16,0.4211,False,0.4200,False,True,1.1920
orb,finger,FV-USM_impostor_123,082,011,0,0,0,0,,False,,False,True,
sift,finger,FV-USM_impostor_123,082,011,0,0,0,0,,False,,False,True,
superglue,finger,FV-USM_impostor_123,082,011,168,160,0,0,,False,,False,True,
sgmnet,finger,FV-USM_impostor_123,082,011,835,880,16,6,0.3750,False,0.3548,False,True,0.9249
aspanformer,finger,FV-USM_impostor_123,082,011,0,0,0,0,,False,,False,True,
deepdetect,finger,FV-USM_impostor_123,082,011,1022,855,8,0,,False,,False,True,
loftr,finger,FV-USM_impostor_124,057,043,17,17,0,0,,False,,False,True,
orb,finger,FV-USM_impostor_124,057,043,0,0,0,0,,False,,False,True,
sift,finger,FV-USM_impostor_124,057,043,0,0,0,0,,False,,False,True,
superglue,finger,FV-USM_impostor_124,057,043,179,199,0,0,,False,,False,True,
sgmnet,finger,FV-USM_impostor_124,057,043,685,803,28,7,0.2500,False,0.2396,False,True,0.7231
aspanformer,finger,FV-USM_impostor_124,057,043,0,0,0,0,,False,,False,True,
deepdetect,finger,FV-USM_impostor_124,057,043,11,450,0,0,,False,,False,True,
loftr,finger,FV-USM_impostor_125,053,102,9,9,9,0,,False,,False,True,
orb,finger,FV-USM_impostor_125,053,102,0,0,0,0,,False,,False,True,
sift,finger,FV-USM_impostor_125,053,102,0,1,0,0,,False,,False,True,
superglue,finger,FV-USM_impostor_125,053,102,196,147,0,0,,False,,False,True,
sgmnet,finger,FV-USM_impostor_125,053,102,917,900,32,8,0.2500,False,0.2421,False,True,1.1568
aspanformer,finger,FV-USM_impostor_125,053,102,0,0,0,0,,False,,False,True,
deepdetect,finger,FV-USM_impostor_125,053,102,509,212,0,0,,False,,False,True,
loftr,finger,FV-USM_impostor_126,042,091,13,13,13,7,0.5385,True,0.5135,False,False,1.5978
orb,finger,FV-USM_impostor_126,042,091,0,0,0,0,,False,,False,True,
sift,finger,FV-USM_impostor_126,042,091,0,0,0,0,,False,,False,True,
superglue,finger,FV-USM_impostor_126,042,091,179,169,0,0,,False,,False,True,
sgmnet,finger,FV-USM_impostor_126,042,091,745,843,14,6,0.4286,True,0.4055,False,False,0.6553
aspanformer,finger,FV-USM_impostor_126,042,091,0,0,0,0,,False,,False,True,
deepdetect,finger,FV-USM_impostor_126,042,091,120,224,3,0,,False,,False,True,
loftr,finger,FV-USM_impostor_127,037,079,25,25,25,16,0.6400,True,0.6153,False,False,2.2342
orb,finger,FV-USM_impostor_127,037,079,0,0,0,0,,False,,False,True,
sift,finger,FV-USM_impostor_127,037,079,0,0,0,0,,False,,False,True,
superglue,finger,FV-USM_impostor_127,037,079,151,174,3,0,,False,,False,True,
sgmnet,finger,FV-USM_impostor_127,037,079,741,655,27,6,0.2222,False,0.2103,False,True,0.3061
aspanformer,finger,FV-USM_impostor_127,037,079,0,0,0,0,,False,,False,True,
deepdetect,finger,FV-USM_impostor_127,037,079,93,111,0,0,,False,,False,True,
loftr,finger,FV-USM_impostor_128,060,007,16,16,16,7,0.4375,False,0.3434,False,True,5.4917
orb,finger,FV-USM_impostor_128,060,007,0,0,0,0,,False,,False,True,
sift,finger,FV-USM_impostor_128,060,007,0,2,0,0,,False,,False,True,
superglue,finger,FV-USM_impostor_128,060,007,218,167,2,0,,False,,False,True,
sgmnet,finger,FV-USM_impostor_128,060,007,742,787,19,8,0.4211,True,0.4077,False,False,0.5074
aspanformer,finger,FV-USM_impostor_128,060,007,0,0,0,0,,False,,False,True,
deepdetect,finger,FV-USM_impostor_128,060,007,231,2368,0,0,,False,,False,True,
loftr,finger,FV-USM_impostor_129,063,019,18,18,18,7,0.3889,False,0.3689,False,True,1.7008
orb,finger,FV-USM_impostor_129,063,019,0,0,0,0,,False,,False,True,
sift,finger,FV-USM_impostor_129,063,019,0,0,0,0,,False,,False,True,
superglue,finger,FV-USM_impostor_129,063,019,125,183,2,0,,False,,False,True,
sgmnet,finger,FV-USM_impostor_129,063,019,832,1020,35,8,0.2286,False,0.2213,False,True,0.9475
aspanformer,finger,FV-USM_impostor_129,063,019,0,0,0,0,,False,,False,True,
deepdetect,finger,FV-USM_impostor_129,063,019,119,314,0,0,,False,,False,True,
loftr,finger,FV-USM_impostor_130,094,053,3,3,3,0,,False,,False,True,
orb,finger,FV-USM_impostor_130,094,053,0,0,0,0,,False,,False,True,
sift,finger,FV-USM_impostor_130,094,053,2,0,0,0,,False,,False,True,
superglue,finger,FV-USM_impostor_130,094,053,175,196,0,0,,False,,False,True,
sgmnet,finger,FV-USM_impostor_130,094,053,873,917,17,5,0.2941,False,0.2742,False,True,0.4703
aspanformer,finger,FV-USM_impostor_130,094,053,0,0,0,0,,False,,False,True,
deepdetect,finger,FV-USM_impostor_130,094,053,770,509,59,0,,False,,False,True,
loftr,finger,FV-USM_impostor_131,043,040,10,10,10,5,0.5000,True,0.4661,False,False,0.9812
orb,finger,FV-USM_impostor_131,043,040,0,0,0,0,,False,,False,True,
sift,finger,FV-USM_impostor_131,043,040,0,0,0,0,,False,,False,True,
superglue,finger,FV-USM_impostor_131,043,040,168,161,2,0,,False,,False,True,
sgmnet,finger,FV-USM_impostor_131,043,040,873,759,30,10,0.3333,False,0.3274,False,True,1.2783
aspanformer,finger,FV-USM_impostor_131,043,040,1,1,0,0,,False,,False,True,
deepdetect,finger,FV-USM_impostor_131,043,040,542,573,0,0,,False,,False,True,
loftr,finger,FV-USM_impostor_132,014,022,1,1,1,0,,False,,False,True,
orb,finger,FV-USM_impostor_132,014,022,0,0,0,0,,False,,False,True,
sift,finger,FV-USM_impostor_132,014,022,0,0,0,0,,False,,False,True,
superglue,finger,FV-USM_impostor_132,014,022,155,165,6,4,0.6667,True,0.6110,False,False,0.0000
sgmnet,finger,FV-USM_impostor_132,014,022,875,1024,45,9,0.2000,False,0.1952,False,True,0.9502
aspanformer,finger,FV-USM_impostor_132,014,022,0,0,0,0,,False,,False,True,
deepdetect,finger,FV-USM_impostor_132,014,022,96,334,0,0,,False,,False,True,
loftr,finger,FV-USM_impostor_133,065,056,15,15,15,9,0.6000,True,0.5760,False,False,1.8324
orb,finger,FV-USM_impostor_133,065,056,0,0,0,0,,False,,False,True,
sift,finger,FV-USM_impostor_133,065,056,0,0,0,0,,False,,False,True,
superglue,finger,FV-USM_impostor_133,065,056,119,194,1,0,,False,,False,True,
sgmnet,finger,FV-USM_impostor_133,065,056,573,964,13,6,0.4615,True,0.4367,False,False,0.5865
aspanformer,finger,FV-USM_impostor_133,065,056,0,0,0,0,,False,,False,True,
deepdetect,finger,FV-USM_impostor_133,065,056,117,341,1,0,,False,,False,True,
loftr,finger,FV-USM_impostor_134,068,108,43,43,0,0,,False,,False,True,
orb,finger,FV-USM_impostor_134,068,108,0,0,0,0,,False,,False,True,
sift,finger,FV-USM_impostor_134,068,108,0,0,0,0,,False,,False,True,
superglue,finger,FV-USM_impostor_134,068,108,138,217,0,0,,False,,False,True,
sgmnet,finger,FV-USM_impostor_134,068,108,857,927,14,6,0.4286,True,0.4055,False,False,0.6635
aspanformer,finger,FV-USM_impostor_134,068,108,0,0,0,0,,False,,False,True,
deepdetect,finger,FV-USM_impostor_134,068,108,2037,242,205,0,,False,,False,True,
loftr,finger,FV-USM_impostor_135,089,101,5,5,5,4,0.8000,True,0.7332,False,False,0.0000
orb,finger,FV-USM_impostor_135,089,101,0,0,0,0,,False,,False,True,
sift,finger,FV-USM_impostor_135,089,101,0,0,0,0,,False,,False,True,
superglue,finger,FV-USM_impostor_135,089,101,191,164,6,4,0.6667,True,0.6110,False,False,0.0000
sgmnet,finger,FV-USM_impostor_135,089,101,965,838,60,10,0.1667,False,0.1637,False,True,0.9181
aspanformer,finger,FV-USM_impostor_135,089,101,1,1,0,0,,False,,False,True,
deepdetect,finger,FV-USM_impostor_135,089,101,184,463,4,0,,False,,False,True,
loftr,finger,FV-USM_impostor_136,031,025,13,13,13,7,0.5385,True,0.5160,False,False,1.1835
orb,finger,FV-USM_impostor_136,031,025,0,0,0,0,,False,,False,True,
sift,finger,FV-USM_impostor_136,031,025,0,0,0,0,,False,,False,True,
superglue,finger,FV-USM_impostor_136,031,025,159,221,4,4,1.0000,True,0.9165,False,False,0.0000
sgmnet,finger,FV-USM_impostor_136,031,025,750,1005,13,5,0.3846,False,0.3585,False,True,0.5349
aspanformer,finger,FV-USM_impostor_136,031,025,0,0,0,0,,False,,False,True,
deepdetect,finger,FV-USM_impostor_136,031,025,172,301,0,0,,False,,False,True,
loftr,finger,FV-USM_impostor_137,008,039,3,3,3,0,,False,,False,True,
orb,finger,FV-USM_impostor_137,008,039,0,0,0,0,,False,,False,True,
sift,finger,FV-USM_impostor_137,008,039,0,0,0,0,,False,,False,True,
superglue,finger,FV-USM_impostor_137,008,039,144,190,1,0,,False,,False,True,
sgmnet,finger,FV-USM_impostor_137,008,039,856,1129,6,4,0.6667,True,0.6110,False,False,0.0000
aspanformer,finger,FV-USM_impostor_137,008,039,0,0,0,0,,False,,False,True,
deepdetect,finger,FV-USM_impostor_137,008,039,364,795,0,0,,False,,False,True,
loftr,finger,FV-USM_impostor_138,013,088,15,15,15,7,0.4667,False,0.4411,False,True,1.7742
orb,finger,FV-USM_impostor_138,013,088,0,0,0,0,,False,,False,True,
sift,finger,FV-USM_impostor_138,013,088,0,0,0,0,,False,,False,True,
superglue,finger,FV-USM_impostor_138,013,088,190,136,0,0,,False,,False,True,
sgmnet,finger,FV-USM_impostor_138,013,088,950,786,14,6,0.4286,True,0.4055,False,False,0.1958
aspanformer,finger,FV-USM_impostor_138,013,088,0,0,0,0,,False,,False,True,
deepdetect,finger,FV-USM_impostor_138,013,088,329,926,1,0,,False,,False,True,
loftr,finger,FV-USM_impostor_139,090,054,33,33,33,15,0.4545,False,0.4404,False,True,2.0591
orb,finger,FV-USM_impostor_139,090,054,0,0,0,0,,False,,False,True,
sift,finger,FV-USM_impostor_139,090,054,0,0,0,0,,False,,False,True,
superglue,finger,FV-USM_impostor_139,090,054,180,194,20,8,0.4000,False,0.3873,False,True,1.0818
sgmnet,finger,FV-USM_impostor_139,090,054,840,883,34,6,0.1765,False,0.1670,False,True,0.7433
aspanformer,finger,FV-USM_impostor_139,090,054,0,0,0,0,,False,,False,True,
deepdetect,finger,FV-USM_impostor_139,090,054,843,793,0,0,,False,,False,True,
loftr,finger,FV-USM_impostor_140,033,098,1,1,1,0,,False,,False,True,
orb,finger,FV-USM_impostor_140,033,098,0,0,0,0,,False,,False,True,
sift,finger,FV-USM_impostor_140,033,098,0,0,0,0,,False,,False,True,
superglue,finger,FV-USM_impostor_140,033,098,173,192,0,0,,False,,False,True,
sgmnet,finger,FV-USM_impostor_140,033,098,883,932,57,18,0.3158,False,0.3154,False,True,1.3168
aspanformer,finger,FV-USM_impostor_140,033,098,0,0,0,0,,False,,False,True,
deepdetect,finger,FV-USM_impostor_140,033,098,115,399,1,0,,False,,False,True,
loftr,finger,FV-USM_impostor_141,048,115,1,1,1,0,,False,,False,True,
orb,finger,FV-USM_impostor_141,048,115,0,0,0,0,,False,,False,True,
sift,finger,FV-USM_impostor_141,048,115,0,0,0,0,,False,,False,True,
superglue,finger,FV-USM_impostor_141,048,115,209,181,3,0,,False,,False,True,
sgmnet,finger,FV-USM_impostor_141,048,115,920,968,106,15,0.1415,False,0.1410,False,True,1.3908
aspanformer,finger,FV-USM_impostor_141,048,115,0,0,0,0,,False,,False,True,
deepdetect,finger,FV-USM_impostor_141,048,115,115,544,0,0,,False,,False,True,
loftr,finger,FV-USM_impostor_142,019,021,41,41,0,0,,False,,False,True,
orb,finger,FV-USM_impostor_142,019,021,0,0,0,0,,False,,False,True,
sift,finger,FV-USM_impostor_142,019,021,0,0,0,0,,False,,False,True,
superglue,finger,FV-USM_impostor_142,019,021,217,196,0,0,,False,,False,True,
sgmnet,finger,FV-USM_impostor_142,019,021,980,978,37,7,0.1892,False,0.1813,False,True,0.9863
aspanformer,finger,FV-USM_impostor_142,019,021,0,0,0,0,,False,,False,True,
deepdetect,finger,FV-USM_impostor_142,019,021,384,103,1,0,,False,,False,True,
loftr,finger,FV-USM_impostor_143,120,082,56,56,0,0,,False,,False,True,
orb,finger,FV-USM_impostor_143,120,082,0,0,0,0,,False,,False,True,
sift,finger,FV-USM_impostor_143,120,082,0,0,0,0,,False,,False,True,
superglue,finger,FV-USM_impostor_143,120,082,106,152,0,0,,False,,False,True,
sgmnet,finger,FV-USM_impostor_143,120,082,1593,765,7,5,0.7143,True,0.6658,False,False,0.1185
aspanformer,finger,FV-USM_impostor_143,120,082,0,0,0,0,,False,,False,True,
deepdetect,finger,FV-USM_impostor_143,120,082,534,286,3,0,,False,,False,True,
loftr,finger,FV-USM_impostor_144,056,023,6,6,6,4,0.6667,True,0.6110,False,False,0.0000
orb,finger,FV-USM_impostor_144,056,023,0,0,0,0,,False,,False,True,
sift,finger,FV-USM_impostor_144,056,023,0,1,0,0,,False,,False,True,
superglue,finger,FV-USM_impostor_144,056,023,162,171,3,0,,False,,False,True,
sgmnet,finger,FV-USM_impostor_144,056,023,989,844,21,9,0.4286,True,0.4184,False,False,1.1831
aspanformer,finger,FV-USM_impostor_144,056,023,0,0,0,0,,False,,False,True,
deepdetect,finger,FV-USM_impostor_144,056,023,788,279,0,0,,False,,False,True,
loftr,finger,FV-USM_impostor_145,102,104,11,11,11,6,0.5455,True,0.5161,False,False,0.7730
orb,finger,FV-USM_impostor_145,102,104,0,0,0,0,,False,,False,True,
sift,finger,FV-USM_impostor_145,102,104,0,0,0,0,,False,,False,True,
superglue,finger,FV-USM_impostor_145,102,104,187,202,1,0,,False,,False,True,
sgmnet,finger,FV-USM_impostor_145,102,104,785,953,34,8,0.2353,False,0.2278,False,True,1.1653
aspanformer,finger,FV-USM_impostor_145,102,104,0,0,0,0,,False,,False,True,
deepdetect,finger,FV-USM_impostor_145,102,104,156,248,28,28,1.0000,True,1.0000,False,False,0.0868
loftr,finger,FV-USM_impostor_146,100,099,3,3,3,0,,False,,False,True,
orb,finger,FV-USM_impostor_146,100,099,0,0,0,0,,False,,False,True,
sift,finger,FV-USM_impostor_146,100,099,0,0,0,0,,False,,False,True,
superglue,finger,FV-USM_impostor_146,100,099,176,177,3,0,,False,,False,True,
sgmnet,finger,FV-USM_impostor_146,100,099,921,855,68,13,0.1912,False,0.1899,False,True,1.1383
aspanformer,finger,FV-USM_impostor_146,100,099,0,0,0,0,,False,,False,True,
deepdetect,finger,FV-USM_impostor_146,100,099,307,547,0,0,,False,,False,True,
loftr,finger,FV-USM_impostor_147,114,014,4,4,4,4,1.0000,True,0.9165,False,False,0.0000
orb,finger,FV-USM_impostor_147,114,014,0,0,0,0,,False,,False,True,
sift,finger,FV-USM_impostor_147,114,014,0,0,0,0,,False,,False,True,
superglue,finger,FV-USM_impostor_147,114,014,179,160,0,0,,False,,False,True,
sgmnet,finger,FV-USM_impostor_147,114,014,919,882,26,7,0.2692,False,0.2580,False,True,0.7474
aspanformer,finger,FV-USM_impostor_147,114,014,0,0,0,0,,False,,False,True,
deepdetect,finger,FV-USM_impostor_147,114,014,689,166,0,0,,False,,False,True,
loftr,finger,FV-USM_impostor_148,058,041,1,1,1,0,,False,,False,True,
orb,finger,FV-USM_impostor_148,058,041,0,0,0,0,,False,,False,True,
sift,finger,FV-USM_impostor_148,058,041,0,0,0,0,,False,,False,True,
superglue,finger,FV-USM_impostor_148,058,041,186,196,4,0,,False,,False,True,
sgmnet,finger,FV-USM_impostor_148,058,041,1279,792,51,13,0.2549,False,0.2531,False,True,1.2013
aspanformer,finger,FV-USM_impostor_148,058,041,0,0,0,0,,False,,False,True,
deepdetect,finger,FV-USM_impostor_148,058,041,241,115,7,7,1.0000,True,1.0000,False,False,0.0000
loftr,finger,FV-USM_impostor_149,073,105,1,1,1,0,,False,,False,True,
orb,finger,FV-USM_impostor_149,073,105,0,0,0,0,,False,,False,True,
sift,finger,FV-USM_impostor_149,073,105,0,0,0,0,,False,,False,True,
superglue,finger,FV-USM_impostor_149,073,105,132,162,1,0,,False,,False,True,
sgmnet,finger,FV-USM_impostor_149,073,105,675,964,20,7,0.3500,False,0.3354,False,True,0.7963
aspanformer,finger,FV-USM_impostor_149,073,105,0,0,0,0,,False,,False,True,
deepdetect,finger,FV-USM_impostor_149,073,105,170,425,0,0,,False,,False,True,
loftr,finger,FV-USM_impostor_150,084,075,4,4,4,0,,False,,False,True,
orb,finger,FV-USM_impostor_150,084,075,0,0,0,0,,False,,False,True,
sift,finger,FV-USM_impostor_150,084,075,0,0,0,0,,False,,False,True,
superglue,finger,FV-USM_impostor_150,084,075,183,172,2,0,,False,,False,True,
sgmnet,finger,FV-USM_impostor_150,084,075,1057,727,15,6,0.4000,False,0.3785,False,True,0.6585
aspanformer,finger,FV-USM_impostor_150,084,075,0,0,0,0,,False,,False,True,
deepdetect,finger,FV-USM_impostor_150,084,075,285,167,1,0,,False,,False,True,
loftr,finger,FV-USM_impostor_151,019,041,4,4,4,0,,False,,False,True,
orb,finger,FV-USM_impostor_151,019,041,0,0,0,0,,False,,False,True,
sift,finger,FV-USM_impostor_151,019,041,0,0,0,0,,False,,False,True,
superglue,finger,FV-USM_impostor_151,019,041,189,194,0,0,,False,,False,True,
sgmnet,finger,FV-USM_impostor_151,019,041,1010,728,20,8,0.4000,False,0.3873,False,True,1.1217
aspanformer,finger,FV-USM_impostor_151,019,041,0,0,0,0,,False,,False,True,
deepdetect,finger,FV-USM_impostor_151,019,041,420,119,0,0,,False,,False,True,
loftr,finger,FV-USM_impostor_152,002,097,1,1,1,0,,False,,False,True,
orb,finger,FV-USM_impostor_152,002,097,0,0,0,0,,False,,False,True,
sift,finger,FV-USM_impostor_152,002,097,0,0,0,0,,False,,False,True,
superglue,finger,FV-USM_impostor_152,002,097,132,218,1,0,,False,,False,True,
sgmnet,finger,FV-USM_impostor_152,002,097,844,905,17,5,0.2941,False,0.2742,False,True,0.1878
aspanformer,finger,FV-USM_impostor_152,002,097,0,0,0,0,,False,,False,True,
deepdetect,finger,FV-USM_impostor_152,002,097,214,309,1,0,,False,,False,True,
loftr,finger,FV-USM_impostor_153,114,003,18,18,18,8,0.4444,False,0.4284,False,True,1.5889
orb,finger,FV-USM_impostor_153,114,003,0,0,0,0,,False,,False,True,
sift,finger,FV-USM_impostor_153,114,003,0,0,0,0,,False,,False,True,
superglue,finger,FV-USM_impostor_153,114,003,152,142,1,0,,False,,False,True,
sgmnet,finger,FV-USM_impostor_153,114,003,723,851,11,5,0.4545,True,0.4237,False,False,0.6111
aspanformer,finger,FV-USM_impostor_153,114,003,0,0,0,0,,False,,False,True,
deepdetect,finger,FV-USM_impostor_153,114,003,92,200,0,0,,False,,False,True,
loftr,finger,FV-USM_impostor_154,078,122,11,11,11,8,0.7273,True,0.7042,False,False,0.8458
orb,finger,FV-USM_impostor_154,078,122,0,0,0,0,,False,,False,True,
sift,finger,FV-USM_impostor_154,078,122,0,0,0,0,,False,,False,True,
superglue,finger,FV-USM_impostor_154,078,122,126,149,2,0,,False,,False,True,
sgmnet,finger,FV-USM_impostor_154,078,122,626,829,32,8,0.2500,False,0.2421,False,True,0.9756
aspanformer,finger,FV-USM_impostor_154,078,122,1,1,1,0,,False,,False,True,
deepdetect,finger,FV-USM_impostor_154,078,122,172,191,0,0,,False,,False,True,
loftr,finger,FV-USM_impostor_155,047,095,13,13,13,9,0.6923,True,0.6758,False,False,1.2793
orb,finger,FV-USM_impostor_155,047,095,0,0,0,0,,False,,False,True,
sift,finger,FV-USM_impostor_155,047,095,0,0,0,0,,False,,False,True,
superglue,finger,FV-USM_impostor_155,047,095,178,217,2,0,,False,,False,True,
sgmnet,finger,FV-USM_impostor_155,047,095,922,827,25,8,0.3200,False,0.3098,False,True,1.1430
aspanformer,finger,FV-USM_impostor_155,047,095,0,0,0,0,,False,,False,True,
deepdetect,finger,FV-USM_impostor_155,047,095,288,74,0,0,,False,,False,True,
loftr,finger,FV-USM_impostor_156,073,102,2,2,2,0,,False,,False,True,
orb,finger,FV-USM_impostor_156,073,102,0,0,0,0,,False,,False,True,
sift,finger,FV-USM_impostor_156,073,102,0,0,0,0,,False,,False,True,
superglue,finger,FV-USM_impostor_156,073,102,134,178,26,11,0.4231,False,0.4074,False,True,1.9938
sgmnet,finger,FV-USM_impostor_156,073,102,800,905,27,7,0.2593,False,0.2484,False,True,0.3023
aspanformer,finger,FV-USM_impostor_156,073,102,0,0,0,0,,False,,False,True,
deepdetect,finger,FV-USM_impostor_156,073,102,92,205,3,0,,False,,False,True,
loftr,finger,FV-USM_impostor_157,120,096,2,2,2,0,,False,,False,True,
orb,finger,FV-USM_impostor_157,120,096,0,0,0,0,,False,,False,True,
sift,finger,FV-USM_impostor_157,120,096,0,0,0,0,,False,,False,True,
superglue,finger,FV-USM_impostor_157,120,096,193,161,0,0,,False,,False,True,
sgmnet,finger,FV-USM_impostor_157,120,096,1168,862,5,0,,False,,False,True,
aspanformer,finger,FV-USM_impostor_157,120,096,0,0,0,0,,False,,False,True,
deepdetect,finger,FV-USM_impostor_157,120,096,344,386,1,0,,False,,False,True,
loftr,finger,FV-USM_impostor_158,006,061,2,2,2,0,,False,,False,True,
orb,finger,FV-USM_impostor_158,006,061,0,0,0,0,,False,,False,True,
sift,finger,FV-USM_impostor_158,006,061,0,0,0,0,,False,,False,True,
superglue,finger,FV-USM_impostor_158,006,061,156,160,0,0,,False,,False,True,
sgmnet,finger,FV-USM_impostor_158,006,061,755,802,14,5,0.3571,False,0.3329,False,True,0.2211
aspanformer,finger,FV-USM_impostor_158,006,061,1,1,0,0,,False,,False,True,
deepdetect,finger,FV-USM_impostor_158,006,061,133,114,0,0,,False,,False,True,
loftr,finger,FV-USM_impostor_159,108,010,7,7,7,4,0.5714,True,0.5237,False,False,0.0000
orb,finger,FV-USM_impostor_159,108,010,0,0,0,0,,False,,False,True,
sift,finger,FV-USM_impostor_159,108,010,0,0,0,0,,False,,False,True,
superglue,finger,FV-USM_impostor_159,108,010,203,156,0,0,,False,,False,True,
sgmnet,finger,FV-USM_impostor_159,108,010,625,928,9,0,,False,,False,True,
aspanformer,finger,FV-USM_impostor_159,108,010,0,0,0,0,,False,,False,True,
deepdetect,finger,FV-USM_impostor_159,108,010,64,208,0,0,,False,,False,True,
loftr,finger,FV-USM_impostor_160,033,075,8,8,8,0,,False,,False,True,
orb,finger,FV-USM_impostor_160,033,075,0,0,0,0,,False,,False,True,
sift,finger,FV-USM_impostor_160,033,075,0,0,0,0,,False,,False,True,
superglue,finger,FV-USM_impostor_160,033,075,152,145,5,0,,False,,False,True,
sgmnet,finger,FV-USM_impostor_160,033,075,1036,719,4,4,1.0000,True,0.9165,False,False,0.0000
aspanformer,finger,FV-USM_impostor_160,033,075,0,0,0,0,,False,,False,True,
deepdetect,finger,FV-USM_impostor_160,033,075,864,86,14,0,,False,,False,True,
loftr,finger,FV-USM_impostor_161,106,007,2,2,2,0,,False,,False,True,
orb,finger,FV-USM_impostor_161,106,007,0,0,0,0,,False,,False,True,
sift,finger,FV-USM_impostor_161,106,007,0,0,0,0,,False,,False,True,
superglue,finger,FV-USM_impostor_161,106,007,169,172,1,0,,False,,False,True,
sgmnet,finger,FV-USM_impostor_161,106,007,982,842,21,0,,False,,False,True,
aspanformer,finger,FV-USM_impostor_161,106,007,0,0,0,0,,False,,False,True,
deepdetect,finger,FV-USM_impostor_161,106,007,341,177,0,0,,False,,False,True,
loftr,finger,FV-USM_impostor_162,035,027,13,13,13,6,0.4615,False,0.4367,False,True,1.1210
orb,finger,FV-USM_impostor_162,035,027,0,0,0,0,,False,,False,True,
sift,finger,FV-USM_impostor_162,035,027,0,0,0,0,,False,,False,True,
superglue,finger,FV-USM_impostor_162,035,027,118,146,5,4,0.8000,True,0.7332,False,False,0.0000
sgmnet,finger,FV-USM_impostor_162,035,027,636,677,13,5,0.3846,False,0.3585,False,True,0.3782
aspanformer,finger,FV-USM_impostor_162,035,027,0,0,0,0,,False,,False,True,
deepdetect,finger,FV-USM_impostor_162,035,027,211,111,0,0,,False,,False,True,
loftr,finger,FV-USM_impostor_163,076,065,8,8,8,4,0.5000,True,0.4583,False,False,0.0000
orb,finger,FV-USM_impostor_163,076,065,0,0,0,0,,False,,False,True,
sift,finger,FV-USM_impostor_163,076,065,0,0,0,0,,False,,False,True,
superglue,finger,FV-USM_impostor_163,076,065,190,146,0,0,,False,,False,True,
sgmnet,finger,FV-USM_impostor_163,076,065,850,715,10,0,,False,,False,True,
aspanformer,finger,FV-USM_impostor_163,076,065,0,0,0,0,,False,,False,True,
deepdetect,finger,FV-USM_impostor_163,076,065,155,1254,1,0,,False,,False,True,
loftr,finger,FV-USM_impostor_164,022,030,71,71,0,0,,False,,False,True,
orb,finger,FV-USM_impostor_164,022,030,0,0,0,0,,False,,False,True,
sift,finger,FV-USM_impostor_164,022,030,1,0,0,0,,False,,False,True,
superglue,finger,FV-USM_impostor_164,022,030,204,118,0,0,,False,,False,True,
sgmnet,finger,FV-USM_impostor_164,022,030,1038,1599,9,4,0.4444,True,0.4073,False,False,0.0000
aspanformer,finger,FV-USM_impostor_164,022,030,1,1,1,0,,False,,False,True,
deepdetect,finger,FV-USM_impostor_164,022,030,2198,1300,6,6,1.0000,True,1.0000,False,False,0.0012
loftr,finger,FV-USM_impostor_165,039,073,48,48,0,0,,False,,False,True,
orb,finger,FV-USM_impostor_165,039,073,0,0,0,0,,False,,False,True,
sift,finger,FV-USM_impostor_165,039,073,0,0,0,0,,False,,False,True,
superglue,finger,FV-USM_impostor_165,039,073,175,132,0,0,,False,,False,True,
sgmnet,finger,FV-USM_impostor_165,039,073,863,675,14,5,0.3571,False,0.3329,False,True,0.0180
aspanformer,finger,FV-USM_impostor_165,039,073,0,0,0,0,,False,,False,True,
deepdetect,finger,FV-USM_impostor_165,039,073,215,170,3,0,,False,,False,True,
loftr,finger,FV-USM_impostor_166,121,070,2,2,2,0,,False,,False,True,
orb,finger,FV-USM_impostor_166,121,070,0,0,0,0,,False,,False,True,
sift,finger,FV-USM_impostor_166,121,070,0,0,0,0,,False,,False,True,
superglue,finger,FV-USM_impostor_166,121,070,130,166,2,0,,False,,False,True,
sgmnet,finger,FV-USM_impostor_166,121,070,797,809,7,4,0.5714,True,0.5237,False,False,0.0000
aspanformer,finger,FV-USM_impostor_166,121,070,0,0,0,0,,False,,False,True,
deepdetect,finger,FV-USM_impostor_166,121,070,76,96,1,0,,False,,False,True,
loftr,finger,FV-USM_impostor_167,084,115,12,12,12,6,0.5000,True,0.4731,False,False,1.1684
orb,finger,FV-USM_impostor_167,084,115,0,0,0,0,,False,,False,True,
sift,finger,FV-USM_impostor_167,084,115,0,0,0,0,,False,,False,True,
superglue,finger,FV-USM_impostor_167,084,115,163,175,0,0,,False,,False,True,
sgmnet,finger,FV-USM_impostor_167,084,115,928,994,23,8,0.3478,False,0.3368,False,True,0.5555
aspanformer,finger,FV-USM_impostor_167,084,115,0,0,0,0,,False,,False,True,
deepdetect,finger,FV-USM_impostor_167,084,115,237,861,0,0,,False,,False,True,
loftr,finger,FV-USM_impostor_168,039,034,1,1,1,0,,False,,False,True,
orb,finger,FV-USM_impostor_168,039,034,0,0,0,0,,False,,False,True,
sift,finger,FV-USM_impostor_168,039,034,0,0,0,0,,False,,False,True,
superglue,finger,FV-USM_impostor_168,039,034,174,167,14,7,0.5000,True,0.4720,False,False,1.7982
sgmnet,finger,FV-USM_impostor_168,039,034,1004,978,2,0,,False,,False,True,
aspanformer,finger,FV-USM_impostor_168,039,034,0,0,0,0,,False,,False,True,
deepdetect,finger,FV-USM_impostor_168,039,034,1225,142,0,0,,False,,False,True,
loftr,finger,FV-USM_impostor_169,036,108,8,8,8,5,0.6250,True,0.5826,False,False,0.6540
orb,finger,FV-USM_impostor_169,036,108,0,0,0,0,,False,,False,True,
sift,finger,FV-USM_impostor_169,036,108,0,0,0,0,,False,,False,True,
superglue,finger,FV-USM_impostor_169,036,108,202,186,0,0,,False,,False,True,
sgmnet,finger,FV-USM_impostor_169,036,108,1079,575,2,0,,False,,False,True,
aspanformer,finger,FV-USM_impostor_169,036,108,0,0,0,0,,False,,False,True,
deepdetect,finger,FV-USM_impostor_169,036,108,218,102,0,0,,False,,False,True,
loftr,finger,FV-USM_impostor_170,095,006,2,2,2,0,,False,,False,True,
orb,finger,FV-USM_impostor_170,095,006,0,0,0,0,,False,,False,True,
sift,finger,FV-USM_impostor_170,095,006,0,0,0,0,,False,,False,True,
superglue,finger,FV-USM_impostor_170,095,006,195,172,0,0,,False,,False,True,
sgmnet,finger,FV-USM_impostor_170,095,006,811,779,42,10,0.2381,False,0.2339,False,True,1.1002
aspanformer,finger,FV-USM_impostor_170,095,006,0,0,0,0,,False,,False,True,
deepdetect,finger,FV-USM_impostor_170,095,006,327,629,1,0,,False,,False,True,
loftr,finger,FV-USM_impostor_171,060,090,18,18,18,6,0.3333,False,0.3154,False,True,0.6674
orb,finger,FV-USM_impostor_171,060,090,0,0,0,0,,False,,False,True,
sift,finger,FV-USM_impostor_171,060,090,0,0,0,0,,False,,False,True,
superglue,finger,FV-USM_impostor_171,060,090,195,208,0,0,,False,,False,True,
sgmnet,finger,FV-USM_impostor_171,060,090,992,939,43,12,0.2791,False,0.2764,False,True,1.1602
aspanformer,finger,FV-USM_impostor_171,060,090,0,0,0,0,,False,,False,True,
deepdetect,finger,FV-USM_impostor_171,060,090,198,659,0,0,,False,,False,True,
loftr,finger,FV-USM_impostor_172,060,091,2,2,2,0,,False,,False,True,
orb,finger,FV-USM_impostor_172,060,091,0,0,0,0,,False,,False,True,
sift,finger,FV-USM_impostor_172,060,091,0,0,0,0,,False,,False,True,
superglue,finger,FV-USM_impostor_172,060,091,230,145,1,0,,False,,False,True,
sgmnet,finger,FV-USM_impostor_172,060,091,761,918,18,6,0.3333,False,0.3154,False,True,0.5090
aspanformer,finger,FV-USM_impostor_172,060,091,1,1,0,0,,False,,False,True,
deepdetect,finger,FV-USM_impostor_172,060,091,143,304,1,0,,False,,False,True,
loftr,finger,FV-USM_impostor_173,063,004,9,9,9,0,,False,,False,True,
orb,finger,FV-USM_impostor_173,063,004,0,0,0,0,,False,,False,True,
sift,finger,FV-USM_impostor_173,063,004,0,0,0,0,,False,,False,True,
superglue,finger,FV-USM_impostor_173,063,004,168,190,0,0,,False,,False,True,
sgmnet,finger,FV-USM_impostor_173,063,004,955,926,24,11,0.4583,True,0.4524,False,False,1.1624
aspanformer,finger,FV-USM_impostor_173,063,004,0,0,0,0,,False,,False,True,
deepdetect,finger,FV-USM_impostor_173,063,004,437,464,0,0,,False,,False,True,
loftr,finger,FV-USM_impostor_174,090,071,2,2,2,0,,False,,False,True,
orb,finger,FV-USM_impostor_174,090,071,0,0,0,0,,False,,False,True,
sift,finger,FV-USM_impostor_174,090,071,0,0,0,0,,False,,False,True,
superglue,finger,FV-USM_impostor_174,090,071,179,141,1,0,,False,,False,True,
sgmnet,finger,FV-USM_impostor_174,090,071,992,748,15,5,0.3333,False,0.3107,False,True,0.2289
aspanformer,finger,FV-USM_impostor_174,090,071,0,0,0,0,,False,,False,True,
deepdetect,finger,FV-USM_impostor_174,090,071,227,717,0,0,,False,,False,True,
loftr,finger,FV-USM_impostor_175,093,073,3,3,3,0,,False,,False,True,
orb,finger,FV-USM_impostor_175,093,073,0,0,0,0,,False,,False,True,
sift,finger,FV-USM_impostor_175,093,073,0,0,0,0,,False,,False,True,
superglue,finger,FV-USM_impostor_175,093,073,215,169,0,0,,False,,False,True,
sgmnet,finger,FV-USM_impostor_175,093,073,674,806,35,12,0.3429,False,0.3396,False,True,1.1606
aspanformer,finger,FV-USM_impostor_175,093,073,0,0,0,0,,False,,False,True,
deepdetect,finger,FV-USM_impostor_175,093,073,73,1089,0,0,,False,,False,True,
loftr,finger,FV-USM_impostor_176,018,057,6,6,6,0,,False,,False,True,
orb,finger,FV-USM_impostor_176,018,057,0,0,0,0,,False,,False,True,
sift,finger,FV-USM_impostor_176,018,057,0,0,0,0,,False,,False,True,
superglue,finger,FV-USM_impostor_176,018,057,174,153,3,0,,False,,False,True,
sgmnet,finger,FV-USM_impostor_176,018,057,960,647,44,12,0.2727,False,0.2701,False,True,1.0808
aspanformer,finger,FV-USM_impostor_176,018,057,0,0,0,0,,False,,False,True,
deepdetect,finger,FV-USM_impostor_176,018,057,422,133,32,0,,False,,False,True,
loftr,finger,FV-USM_impostor_177,003,100,19,19,0,0,,False,,False,True,
orb,finger,FV-USM_impostor_177,003,100,0,0,0,0,,False,,False,True,
sift,finger,FV-USM_impostor_177,003,100,0,2,0,0,,False,,False,True,
superglue,finger,FV-USM_impostor_177,003,100,178,204,0,0,,False,,False,True,
sgmnet,finger,FV-USM_impostor_177,003,100,950,790,20,6,0.3000,False,0.2839,False,True,0.7184
aspanformer,finger,FV-USM_impostor_177,003,100,1,1,0,0,,False,,False,True,
deepdetect,finger,FV-USM_impostor_177,003,100,182,305,7,0,,False,,False,True,
loftr,finger,FV-USM_impostor_178,021,024,13,13,13,6,0.4615,False,0.4367,False,True,0.7727
orb,finger,FV-USM_impostor_178,021,024,0,0,0,0,,False,,False,True,
sift,finger,FV-USM_impostor_178,021,024,0,0,0,0,,False,,False,True,
superglue,finger,FV-USM_impostor_178,021,024,206,142,1,0,,False,,False,True,
sgmnet,finger,FV-USM_impostor_178,021,024,999,1053,21,7,0.3333,False,0.3194,False,True,0.7223
aspanformer,finger,FV-USM_impostor_178,021,024,0,0,0,0,,False,,False,True,
deepdetect,finger,FV-USM_impostor_178,021,024,142,1251,0,0,,False,,False,True,
loftr,finger,FV-USM_impostor_179,020,039,14,14,14,6,0.4286,False,0.4055,False,True,1.3795
orb,finger,FV-USM_impostor_179,020,039,0,0,0,0,,False,,False,True,
sift,finger,FV-USM_impostor_179,020,039,0,0,0,0,,False,,False,True,
superglue,finger,FV-USM_impostor_179,020,039,128,174,15,7,0.4667,False,0.4472,False,True,1.2349
sgmnet,finger,FV-USM_impostor_179,020,039,884,965,17,7,0.4118,False,0.3946,False,True,0.2641
aspanformer,finger,FV-USM_impostor_179,020,039,0,0,0,0,,False,,False,True,
deepdetect,finger,FV-USM_impostor_179,020,039,344,612,24,24,1.0000,True,1.0000,False,False,0.0000
loftr,finger,FV-USM_impostor_180,119,093,8,8,8,5,0.6250,True,0.5826,False,False,1.2701
orb,finger,FV-USM_impostor_180,119,093,0,0,0,0,,False,,False,True,
sift,finger,FV-USM_impostor_180,119,093,0,0,0,0,,False,,False,True,
superglue,finger,FV-USM_impostor_180,119,093,116,158,0,0,,False,,False,True,
sgmnet,finger,FV-USM_impostor_180,119,093,0,0,0,0,,False,,False,True,
aspanformer,finger,FV-USM_impostor_180,119,093,0,0,0,0,,False,,False,True,
deepdetect,finger,FV-USM_impostor_180,119,093,5051,694,1,0,,False,,False,True,
loftr,finger,FV-USM_impostor_181,013,093,4,4,4,4,1.0000,True,0.9165,False,False,0.0000
orb,finger,FV-USM_impostor_181,013,093,0,0,0,0,,False,,False,True,
sift,finger,FV-USM_impostor_181,013,093,0,0,0,0,,False,,False,True,
superglue,finger,FV-USM_impostor_181,013,093,189,186,0,0,,False,,False,True,
sgmnet,finger,FV-USM_impostor_181,013,093,931,904,14,6,0.4286,True,0.4055,False,False,0.2583
aspanformer,finger,FV-USM_impostor_181,013,093,1,1,0,0,,False,,False,True,
deepdetect,finger,FV-USM_impostor_181,013,093,379,162,13,0,,False,,False,True,
loftr,finger,FV-USM_impostor_182,025,016,34,34,0,0,,False,,False,True,
orb,finger,FV-USM_impostor_182,025,016,0,0,0,0,,False,,False,True,
sift,finger,FV-USM_impostor_182,025,016,0,0,0,0,,False,,False,True,
superglue,finger,FV-USM_impostor_182,025,016,199,187,1,0,,False,,False,True,
sgmnet,finger,FV-USM_impostor_182,025,016,910,1002,16,6,0.3750,False,0.3548,False,True,0.7031
aspanformer,finger,FV-USM_impostor_182,025,016,0,0,0,0,,False,,False,True,
deepdetect,finger,FV-USM_impostor_182,025,016,189,169,0,0,,False,,False,True,
loftr,finger,FV-USM_impostor_183,083,095,2,2,2,0,,False,,False,True,
orb,finger,FV-USM_impostor_183,083,095,0,0,0,0,,False,,False,True,
sift,finger,FV-USM_impostor_183,083,095,0,0,0,0,,False,,False,True,
superglue,finger,FV-USM_impostor_183,083,095,163,217,1,0,,False,,False,True,
sgmnet,finger,FV-USM_impostor_183,083,095,865,827,28,8,0.2857,False,0.2766,False,True,0.9774
aspanformer,finger,FV-USM_impostor_183,083,095,0,0,0,0,,False,,False,True,
deepdetect,finger,FV-USM_impostor_183,083,095,774,74,0,0,,False,,False,True,
loftr,finger,FV-USM_impostor_184,041,109,6,6,6,4,0.6667,True,0.6110,False,False,0.0000
orb,finger,FV-USM_impostor_184,041,109,0,0,0,0,,False,,False,True,
sift,finger,FV-USM_impostor_184,041,109,0,0,0,0,,False,,False,True,
superglue,finger,FV-USM_impostor_184,041,109,177,180,0,0,,False,,False,True,
sgmnet,finger,FV-USM_impostor_184,041,109,789,749,42,15,0.3571,False,0.3559,False,True,1.2749
aspanformer,finger,FV-USM_impostor_184,041,109,0,0,0,0,,False,,False,True,
deepdetect,finger,FV-USM_impostor_184,041,109,86,1450,0,0,,False,,False,True,
loftr,finger,FV-USM_impostor_185,043,023,4,4,4,4,1.0000,True,0.9165,False,False,0.0000
orb,finger,FV-USM_impostor_185,043,023,0,0,0,0,,False,,False,True,
sift,finger,FV-USM_impostor_185,043,023,0,0,0,0,,False,,False,True,
superglue,finger,FV-USM_impostor_185,043,023,175,150,2,0,,False,,False,True,
sgmnet,finger,FV-USM_impostor_185,043,023,773,922,13,0,,False,,False,True,
aspanformer,finger,FV-USM_impostor_185,043,023,0,0,0,0,,False,,False,True,
deepdetect,finger,FV-USM_impostor_185,043,023,641,176,1,0,,False,,False,True,
loftr,finger,FV-USM_impostor_186,041,016,1,1,1,0,,False,,False,True,
orb,finger,FV-USM_impostor_186,041,016,0,0,0,0,,False,,False,True,
sift,finger,FV-USM_impostor_186,041,016,0,0,0,0,,False,,False,True,
superglue,finger,FV-USM_impostor_186,041,016,147,172,8,5,0.6250,True,0.5826,False,False,0.7309
sgmnet,finger,FV-USM_impostor_186,041,016,788,965,23,7,0.3043,False,0.2916,False,True,0.6844
aspanformer,finger,FV-USM_impostor_186,041,016,0,0,0,0,,False,,False,True,
deepdetect,finger,FV-USM_impostor_186,041,016,95,182,0,0,,False,,False,True,
loftr,finger,FV-USM_impostor_187,091,121,6,6,6,4,0.6667,True,0.6110,False,False,0.0000
orb,finger,FV-USM_impostor_187,091,121,0,0,0,0,,False,,False,True,
sift,finger,FV-USM_impostor_187,091,121,0,0,0,0,,False,,False,True,
superglue,finger,FV-USM_impostor_187,091,121,159,91,1,0,,False,,False,True,
sgmnet,finger,FV-USM_impostor_187,091,121,762,1707,23,10,0.4348,True,0.4271,False,False,0.7886
aspanformer,finger,FV-USM_impostor_187,091,121,0,0,0,0,,False,,False,True,
deepdetect,finger,FV-USM_impostor_187,091,121,177,1783,0,0,,False,,False,True,
loftr,finger,FV-USM_impostor_188,059,107,5,5,5,0,,False,,False,True,
orb,finger,FV-USM_impostor_188,059,107,0,0,0,0,,False,,False,True,
sift,finger,FV-USM_impostor_188,059,107,1,0,0,0,,False,,False,True,
superglue,finger,FV-USM_impostor_188,059,107,153,143,16,6,0.3750,False,0.3548,False,True,1.1684
sgmnet,finger,FV-USM_impostor_188,059,107,711,871,38,7,0.1842,False,0.1765,False,True,0.6997
aspanformer,finger,FV-USM_impostor_188,059,107,1,1,0,0,,False,,False,True,
deepdetect,finger,FV-USM_impostor_188,059,107,939,178,1,0,,False,,False,True,
loftr,finger,FV-USM_impostor_189,098,068,69,69,0,0,,False,,False,True,
orb,finger,FV-USM_impostor_189,098,068,0,0,0,0,,False,,False,True,
sift,finger,FV-USM_impostor_189,098,068,0,0,0,0,,False,,False,True,
superglue,finger,FV-USM_impostor_189,098,068,181,162,11,6,0.5455,True,0.5134,False,False,1.6065
sgmnet,finger,FV-USM_impostor_189,098,068,894,980,18,5,0.2778,False,0.2589,False,True,0.6981
aspanformer,finger,FV-USM_impostor_189,098,068,0,0,0,0,,False,,False,True,
deepdetect,finger,FV-USM_impostor_189,098,068,181,4035,1,0,,False,,False,True,
loftr,finger,FV-USM_impostor_190,119,101,29,29,29,13,0.4483,False,0.4436,False,True,1.5733
orb,finger,FV-USM_impostor_190,119,101,0,0,0,0,,False,,False,True,
sift,finger,FV-USM_impostor_190,119,101,0,0,0,0,,False,,False,True,
superglue,finger,FV-USM_impostor_190,119,101,120,157,11,6,0.5455,True,0.5161,False,False,0.9391
sgmnet,finger,FV-USM_impostor_190,119,101,1632,836,19,12,0.6316,True,0.6256,False,False,0.8634
aspanformer,finger,FV-USM_impostor_190,119,101,0,0,0,0,,False,,False,True,
deepdetect,finger,FV-USM_impostor_190,119,101,1493,299,0,0,,False,,False,True,
loftr,finger,FV-USM_impostor_191,099,039,5,5,5,0,,False,,False,True,
orb,finger,FV-USM_impostor_191,099,039,0,0,0,0,,False,,False,True,
sift,finger,FV-USM_impostor_191,099,039,0,0,0,0,,False,,False,True,
superglue,finger,FV-USM_impostor_191,099,039,157,138,2,0,,False,,False,True,
sgmnet,finger,FV-USM_impostor_191,099,039,967,845,18,6,0.3333,False,0.3154,False,True,0.7330
aspanformer,finger,FV-USM_impostor_191,099,039,0,0,0,0,,False,,False,True,
deepdetect,finger,FV-USM_impostor_191,099,039,245,210,0,0,,False,,False,True,
loftr,finger,FV-USM_impostor_192,112,003,7,7,7,6,0.8571,True,0.7981,False,False,1.8209
orb,finger,FV-USM_impostor_192,112,003,0,0,0,0,,False,,False,True,
sift,finger,FV-USM_impostor_192,112,003,0,0,0,0,,False,,False,True,
superglue,finger,FV-USM_impostor_192,112,003,204,167,0,0,,False,,False,True,
sgmnet,finger,FV-USM_impostor_192,112,003,753,885,15,5,0.3333,False,0.3107,False,True,0.1491
aspanformer,finger,FV-USM_impostor_192,112,003,0,0,0,0,,False,,False,True,
deepdetect,finger,FV-USM_impostor_192,112,003,84,551,0,0,,False,,False,True,
loftr,finger,FV-USM_impostor_193,090,057,66,66,0,0,,False,,False,True,
orb,finger,FV-USM_impostor_193,090,057,0,0,0,0,,False,,False,True,
sift,finger,FV-USM_impostor_193,090,057,0,2,0,0,,False,,False,True,
superglue,finger,FV-USM_impostor_193,090,057,183,191,1,0,,False,,False,True,
sgmnet,finger,FV-USM_impostor_193,090,057,791,634,10,5,0.5000,True,0.4661,False,False,0.6751
aspanformer,finger,FV-USM_impostor_193,090,057,0,0,0,0,,False,,False,True,
deepdetect,finger,FV-USM_impostor_193,090,057,62,22,9,0,,False,,False,True,
loftr,finger,FV-USM_impostor_194,103,071,14,14,14,5,0.3571,False,0.3329,False,True,1.0798
orb,finger,FV-USM_impostor_194,103,071,0,0,0,0,,False,,False,True,
sift,finger,FV-USM_impostor_194,103,071,0,0,0,0,,False,,False,True,
superglue,finger,FV-USM_impostor_194,103,071,176,170,1,0,,False,,False,True,
sgmnet,finger,FV-USM_impostor_194,103,071,972,693,15,7,0.4667,True,0.4472,False,False,0.5891
aspanformer,finger,FV-USM_impostor_194,103,071,0,0,0,0,,False,,False,True,
deepdetect,finger,FV-USM_impostor_194,103,071,368,332,9,0,,False,,False,True,
loftr,finger,FV-USM_impostor_195,017,044,7,7,7,6,0.8571,True,0.7931,False,False,1.9485
orb,finger,FV-USM_impostor_195,017,044,0,0,0,0,,False,,False,True,
sift,finger,FV-USM_impostor_195,017,044,0,1,0,0,,False,,False,True,
superglue,finger,FV-USM_impostor_195,017,044,159,205,0,0,,False,,False,True,
sgmnet,finger,FV-USM_impostor_195,017,044,1118,915,18,0,,False,,False,True,
aspanformer,finger,FV-USM_impostor_195,017,044,0,0,0,0,,False,,False,True,
deepdetect,finger,FV-USM_impostor_195,017,044,229,309,0,0,,False,,False,True,
loftr,finger,FV-USM_impostor_196,024,011,8,8,8,4,0.5000,True,0.4583,False,False,0.0000
orb,finger,FV-USM_impostor_196,024,011,0,0,0,0,,False,,False,True,
sift,finger,FV-USM_impostor_196,024,011,0,0,0,0,,False,,False,True,
superglue,finger,FV-USM_impostor_196,024,011,184,177,1,0,,False,,False,True,
sgmnet,finger,FV-USM_impostor_196,024,011,1188,948,19,7,0.3684,False,0.3530,False,True,0.5264
aspanformer,finger,FV-USM_impostor_196,024,011,0,0,0,0,,False,,False,True,
deepdetect,finger,FV-USM_impostor_196,024,011,426,175,3,0,,False,,False,True,
loftr,finger,FV-USM_impostor_197,082,123,10,10,10,4,0.4000,False,0.3666,False,True,0.0000
orb,finger,FV-USM_impostor_197,082,123,0,0,0,0,,False,,False,True,
sift,finger,FV-USM_impostor_197,082,123,0,0,0,0,,False,,False,True,
superglue,finger,FV-USM_impostor_197,082,123,193,149,2,0,,False,,False,True,
sgmnet,finger,FV-USM_impostor_197,082,123,758,1149,37,10,0.2703,False,0.2655,False,True,1.4571
aspanformer,finger,FV-USM_impostor_197,082,123,0,0,0,0,,False,,False,True,
deepdetect,finger,FV-USM_impostor_197,082,123,164,136,0,0,,False,,False,True,
loftr,finger,FV-USM_impostor_198,101,044,29,29,0,0,,False,,False,True,
orb,finger,FV-USM_impostor_198,101,044,0,0,0,0,,False,,False,True,
sift,finger,FV-USM_impostor_198,101,044,0,1,0,0,,False,,False,True,
superglue,finger,FV-USM_impostor_198,101,044,149,208,0,0,,False,,False,True,
sgmnet,finger,FV-USM_impostor_198,101,044,764,886,16,6,0.3750,False,0.3548,False,True,0.7969
aspanformer,finger,FV-USM_impostor_198,101,044,1,1,1,0,,False,,False,True,
deepdetect,finger,FV-USM_impostor_198,101,044,107,519,0,0,,False,,False,True,
loftr,finger,FV-USM_impostor_199,067,068,22,22,22,9,0.4091,False,0.3958,False,True,1.6805
orb,finger,FV-USM_impostor_199,067,068,0,0,0,0,,False,,False,True,
sift,finger,FV-USM_impostor_199,067,068,0,0,0,0,,False,,False,True,
superglue,finger,FV-USM_impostor_199,067,068,169,150,2,0,,False,,False,True,
sgmnet,finger,FV-USM_impostor_199,067,068,905,827,38,8,0.2105,False,0.2038,False,True,1.1343
aspanformer,finger,FV-USM_impostor_199,067,068,1,1,0,0,,False,,False,True,
deepdetect,finger,FV-USM_impostor_199,067,068,299,408,1,0,,False,,False,True,
loftr,finger,FV-USM_impostor_200,072,089,1,1,1,0,,False,,False,True,
orb,finger,FV-USM_impostor_200,072,089,0,0,0,0,,False,,False,True,
sift,finger,FV-USM_impostor_200,072,089,0,0,0,0,,False,,False,True,
superglue,finger,FV-USM_impostor_200,072,089,194,194,5,4,0.8000,True,0.7332,False,False,0.0000
sgmnet,finger,FV-USM_impostor_200,072,089,873,1033,5,4,0.8000,True,0.7332,False,False,0.0000
aspanformer,finger,FV-USM_impostor_200,072,089,0,0,0,0,,False,,False,True,
deepdetect,finger,FV-USM_impostor_200,072,089,1580,117,40,0,,False,,False,True,
loftr,finger,FV-USM_impostor_201,030,081,81,81,0,0,,False,,False,True,
orb,finger,FV-USM_impostor_201,030,081,0,0,0,0,,False,,False,True,
sift,finger,FV-USM_impostor_201,030,081,0,0,0,0,,False,,False,True,
superglue,finger,FV-USM_impostor_201,030,081,180,110,0,0,,False,,False,True,
sgmnet,finger,FV-USM_impostor_201,030,081,1399,621,8,0,,False,,False,True,
aspanformer,finger,FV-USM_impostor_201,030,081,0,0,0,0,,False,,False,True,
deepdetect,finger,FV-USM_impostor_201,030,081,410,87,61,0,,False,,False,True,
loftr,finger,FV-USM_impostor_202,101,093,1,1,1,0,,False,,False,True,
orb,finger,FV-USM_impostor_202,101,093,0,0,0,0,,False,,False,True,
sift,finger,FV-USM_impostor_202,101,093,0,0,0,0,,False,,False,True,
superglue,finger,FV-USM_impostor_202,101,093,165,183,0,0,,False,,False,True,
sgmnet,finger,FV-USM_impostor_202,101,093,928,937,49,10,0.2041,False,0.2005,False,True,1.4419
aspanformer,finger,FV-USM_impostor_202,101,093,0,0,0,0,,False,,False,True,
deepdetect,finger,FV-USM_impostor_202,101,093,120,334,0,0,,False,,False,True,
loftr,finger,FV-USM_impostor_203,064,112,3,3,3,0,,False,,False,True,
orb,finger,FV-USM_impostor_203,064,112,0,0,0,0,,False,,False,True,
sift,finger,FV-USM_impostor_203,064,112,0,0,0,0,,False,,False,True,
superglue,finger,FV-USM_impostor_203,064,112,179,194,11,8,0.7273,True,0.7042,False,False,1.0148
sgmnet,finger,FV-USM_impostor_203,064,112,968,652,4,0,,False,,False,True,
aspanformer,finger,FV-USM_impostor_203,064,112,0,0,0,0,,False,,False,True,
deepdetect,finger,FV-USM_impostor_203,064,112,201,136,0,0,,False,,False,True,
loftr,finger,FV-USM_impostor_204,063,091,28,28,28,11,0.3929,False,0.3820,False,True,1.7996
orb,finger,FV-USM_impostor_204,063,091,0,0,0,0,,False,,False,True,
sift,finger,FV-USM_impostor_204,063,091,0,0,0,0,,False,,False,True,
superglue,finger,FV-USM_impostor_204,063,091,150,135,25,8,0.3200,False,0.3098,False,True,1.3090
sgmnet,finger,FV-USM_impostor_204,063,091,1006,800,35,10,0.2857,False,0.2807,False,True,0.7132
aspanformer,finger,FV-USM_impostor_204,063,091,0,0,0,0,,False,,False,True,
deepdetect,finger,FV-USM_impostor_204,063,091,358,483,4,0,,False,,False,True,
loftr,finger,FV-USM_impostor_205,122,097,15,15,15,7,0.4667,False,0.4472,False,True,1.4031
orb,finger,FV-USM_impostor_205,122,097,0,0,0,0,,False,,False,True,
sift,finger,FV-USM_impostor_205,122,097,0,0,0,0,,False,,False,True,
superglue,finger,FV-USM_impostor_205,122,097,109,201,11,5,0.4545,False,0.4237,False,True,0.3005
sgmnet,finger,FV-USM_impostor_205,122,097,1815,934,6,4,0.6667,True,0.6110,False,False,0.0000
aspanformer,finger,FV-USM_impostor_205,122,097,0,0,0,0,,False,,False,True,
deepdetect,finger,FV-USM_impostor_205,122,097,2720,134,0,0,,False,,False,True,
loftr,finger,FV-USM_impostor_206,077,069,7,7,7,0,,False,,False,True,
orb,finger,FV-USM_impostor_206,077,069,0,0,0,0,,False,,False,True,
sift,finger,FV-USM_impostor_206,077,069,0,0,0,0,,False,,False,True,
superglue,finger,FV-USM_impostor_206,077,069,184,167,2,0,,False,,False,True,
sgmnet,finger,FV-USM_impostor_206,077,069,779,710,7,4,0.5714,True,0.5237,False,False,0.0000
aspanformer,finger,FV-USM_impostor_206,077,069,0,0,0,0,,False,,False,True,
deepdetect,finger,FV-USM_impostor_206,077,069,175,187,0,0,,False,,False,True,
loftr,finger,FV-USM_impostor_207,111,047,18,18,18,8,0.4444,False,0.4303,False,True,1.4865
orb,finger,FV-USM_impostor_207,111,047,0,0,0,0,,False,,False,True,
sift,finger,FV-USM_impostor_207,111,047,0,0,0,0,,False,,False,True,
superglue,finger,FV-USM_impostor_207,111,047,126,197,5,4,0.8000,True,0.7332,False,False,0.0000
sgmnet,finger,FV-USM_impostor_207,111,047,920,882,21,6,0.2857,False,0.2703,False,True,0.6691
aspanformer,finger,FV-USM_impostor_207,111,047,0,0,0,0,,False,,False,True,
deepdetect,finger,FV-USM_impostor_207,111,047,80,155,0,0,,False,,False,True,
loftr,finger,FV-USM_impostor_208,007,025,22,22,22,8,0.3636,False,0.3521,False,True,1.4448
orb,finger,FV-USM_impostor_208,007,025,0,0,0,0,,False,,False,True,
sift,finger,FV-USM_impostor_208,007,025,0,0,0,0,,False,,False,True,
superglue,finger,FV-USM_impostor_208,007,025,167,162,3,0,,False,,False,True,
sgmnet,finger,FV-USM_impostor_208,007,025,791,907,40,10,0.2500,False,0.2456,False,True,1.2363
aspanformer,finger,FV-USM_impostor_208,007,025,0,0,0,0,,False,,False,True,
deepdetect,finger,FV-USM_impostor_208,007,025,469,245,15,0,,False,,False,True,
loftr,finger,FV-USM_impostor_209,026,032,28,28,28,12,0.4286,False,0.4245,False,True,1.4579
orb,finger,FV-USM_impostor_209,026,032,0,0,0,0,,False,,False,True,
sift,finger,FV-USM_impostor_209,026,032,0,0,0,0,,False,,False,True,
superglue,finger,FV-USM_impostor_209,026,032,139,132,4,4,1.0000,True,0.9165,False,False,0.0000
sgmnet,finger,FV-USM_impostor_209,026,032,748,1029,25,8,0.3200,False,0.3098,False,True,0.9537
aspanformer,finger,FV-USM_impostor_209,026,032,0,0,0,0,,False,,False,True,
deepdetect,finger,FV-USM_impostor_209,026,032,198,114,0,0,,False,,False,True,
loftr,finger,FV-USM_impostor_210,021,058,33,33,0,0,,False,,False,True,
orb,finger,FV-USM_impostor_210,021,058,0,0,0,0,,False,,False,True,
sift,finger,FV-USM_impostor_210,021,058,0,0,0,0,,False,,False,True,
superglue,finger,FV-USM_impostor_210,021,058,177,175,9,5,0.5556,True,0.5179,False,False,0.9290
sgmnet,finger,FV-USM_impostor_210,021,058,1030,1066,78,10,0.1282,False,0.1259,False,True,1.0441
aspanformer,finger,FV-USM_impostor_210,021,058,0,0,0,0,,False,,False,True,
deepdetect,finger,FV-USM_impostor_210,021,058,310,189,0,0,,False,,False,True,
loftr,finger,FV-USM_impostor_211,027,088,8,8,8,6,0.7500,True,0.7062,False,False,1.5977
orb,finger,FV-USM_impostor_211,027,088,0,0,0,0,,False,,False,True,
sift,finger,FV-USM_impostor_211,027,088,0,0,0,0,,False,,False,True,
superglue,finger,FV-USM_impostor_211,027,088,136,181,3,0,,False,,False,True,
sgmnet,finger,FV-USM_impostor_211,027,088,712,955,18,7,0.3889,False,0.3727,False,True,1.2055
aspanformer,finger,FV-USM_impostor_211,027,088,0,0,0,0,,False,,False,True,
deepdetect,finger,FV-USM_impostor_211,027,088,120,790,0,0,,False,,False,True,
loftr,finger,FV-USM_impostor_212,102,091,2,2,2,0,,False,,False,True,
orb,finger,FV-USM_impostor_212,102,091,0,0,0,0,,False,,False,True,
sift,finger,FV-USM_impostor_212,102,091,1,0,0,0,,False,,False,True,
superglue,finger,FV-USM_impostor_212,102,091,194,159,1,0,,False,,False,True,
sgmnet,finger,FV-USM_impostor_212,102,091,877,800,32,7,0.2188,False,0.2096,False,True,0.5615
aspanformer,finger,FV-USM_impostor_212,102,091,0,0,0,0,,False,,False,True,
deepdetect,finger,FV-USM_impostor_212,102,091,127,167,1,0,,False,,False,True,
loftr,finger,FV-USM_impostor_213,086,015,73,73,0,0,,False,,False,True,
orb,finger,FV-USM_impostor_213,086,015,0,0,0,0,,False,,False,True,
sift,finger,FV-USM_impostor_213,086,015,0,0,0,0,,False,,False,True,
superglue,finger,FV-USM_impostor_213,086,015,197,236,2,0,,False,,False,True,
sgmnet,finger,FV-USM_impostor_213,086,015,744,939,19,6,0.3158,False,0.2988,False,True,0.5499
aspanformer,finger,FV-USM_impostor_213,086,015,0,0,0,0,,False,,False,True,
deepdetect,finger,FV-USM_impostor_213,086,015,642,67,0,0,,False,,False,True,
loftr,finger,FV-USM_impostor_214,100,011,3,3,3,0,,False,,False,True,
orb,finger,FV-USM_impostor_214,100,011,0,0,0,0,,False,,False,True,
sift,finger,FV-USM_impostor_214,100,011,0,0,0,0,,False,,False,True,
superglue,finger,FV-USM_impostor_214,100,011,217,167,1,0,,False,,False,True,
sgmnet,finger,FV-USM_impostor_214,100,011,746,900,36,6,0.1667,False,0.1577,False,True,0.3004
aspanformer,finger,FV-USM_impostor_214,100,011,1,1,0,0,,False,,False,True,
deepdetect,finger,FV-USM_impostor_214,100,011,136,286,1,0,,False,,False,True,
loftr,finger,FV-USM_impostor_215,115,104,8,8,8,4,0.5000,True,0.4583,False,False,0.0000
orb,finger,FV-USM_impostor_215,115,104,0,0,0,0,,False,,False,True,
sift,finger,FV-USM_impostor_215,115,104,0,0,0,0,,False,,False,True,
superglue,finger,FV-USM_impostor_215,115,104,182,179,1,0,,False,,False,True,
sgmnet,finger,FV-USM_impostor_215,115,104,1029,1017,15,5,0.3333,False,0.3107,False,True,0.2950
aspanformer,finger,FV-USM_impostor_215,115,104,0,0,0,0,,False,,False,True,
deepdetect,finger,FV-USM_impostor_215,115,104,297,323,7,0,,False,,False,True,
loftr,finger,FV-USM_impostor_216,104,030,9,9,0,0,,False,,False,True,
orb,finger,FV-USM_impostor_216,104,030,0,0,0,0,,False,,False,True,
sift,finger,FV-USM_impostor_216,104,030,0,0,0,0,,False,,False,True,
superglue,finger,FV-USM_impostor_216,104,030,195,165,6,4,0.6667,True,0.6110,False,False,0.0000
sgmnet,finger,FV-USM_impostor_216,104,030,951,1155,39,13,0.3333,False,0.3310,False,True,1.2256
aspanformer,finger,FV-USM_impostor_216,104,030,0,0,0,0,,False,,False,True,
deepdetect,finger,FV-USM_impostor_216,104,030,226,223,32,0,,False,,False,True,
loftr,finger,FV-USM_impostor_217,119,041,10,10,10,6,0.6000,True,0.5677,False,False,1.4990
orb,finger,FV-USM_impostor_217,119,041,0,0,0,0,,False,,False,True,
sift,finger,FV-USM_impostor_217,119,041,1,0,0,0,,False,,False,True,
superglue,finger,FV-USM_impostor_217,119,041,145,162,1,0,,False,,False,True,
sgmnet,finger,FV-USM_impostor_217,119,041,752,947,6,0,,False,,False,True,
aspanformer,finger,FV-USM_impostor_217,119,041,0,0,0,0,,False,,False,True,
deepdetect,finger,FV-USM_impostor_217,119,041,708,111,4,4,1.0000,True,1.0000,False,False,0.0000
loftr,finger,FV-USM_impostor_218,057,006,1,1,1,0,,False,,False,True,
orb,finger,FV-USM_impostor_218,057,006,0,0,0,0,,False,,False,True,
sift,finger,FV-USM_impostor_218,057,006,0,0,0,0,,False,,False,True,
superglue,finger,FV-USM_impostor_218,057,006,179,166,0,0,,False,,False,True,
sgmnet,finger,FV-USM_impostor_218,057,006,685,780,45,8,0.1778,False,0.1721,False,True,1.0995
aspanformer,finger,FV-USM_impostor_218,057,006,0,0,0,0,,False,,False,True,
deepdetect,finger,FV-USM_impostor_218,057,006,11,287,0,0,,False,,False,True,
loftr,finger,FV-USM_impostor_219,112,002,2,2,2,0,,False,,False,True,
orb,finger,FV-USM_impostor_219,112,002,0,0,0,0,,False,,False,True,
sift,finger,FV-USM_impostor_219,112,002,0,0,0,0,,False,,False,True,
superglue,finger,FV-USM_impostor_219,112,002,206,141,0,0,,False,,False,True,
sgmnet,finger,FV-USM_impostor_219,112,002,731,784,31,8,0.2581,False,0.2499,False,True,0.7032
aspanformer,finger,FV-USM_impostor_219,112,002,0,0,0,0,,False,,False,True,
deepdetect,finger,FV-USM_impostor_219,112,002,37,261,0,0,,False,,False,True,
loftr,finger,FV-USM_impostor_220,080,076,16,16,16,11,0.6875,True,0.6786,False,False,1.1046
orb,finger,FV-USM_impostor_220,080,076,0,0,0,0,,False,,False,True,
sift,finger,FV-USM_impostor_220,080,076,0,0,0,0,,False,,False,True,
superglue,finger,FV-USM_impostor_220,080,076,177,188,1,0,,False,,False,True,
sgmnet,finger,FV-USM_impostor_220,080,076,595,746,20,6,0.3000,False,0.2839,False,True,0.6735
aspanformer,finger,FV-USM_impostor_220,080,076,0,0,0,0,,False,,False,True,
deepdetect,finger,FV-USM_impostor_220,080,076,101,118,0,0,,False,,False,True,
loftr,finger,FV-USM_impostor_221,056,046,34,34,34,15,0.4412,False,0.4355,False,True,1.6876
orb,finger,FV-USM_impostor_221,056,046,0,0,0,0,,False,,False,True,
sift,finger,FV-USM_impostor_221,056,046,0,0,0,0,,False,,False,True,
superglue,finger,FV-USM_impostor_221,056,046,212,186,1,0,,False,,False,True,
sgmnet,finger,FV-USM_impostor_221,056,046,701,776,23,7,0.3043,False,0.2916,False,True,0.9635
aspanformer,finger,FV-USM_impostor_221,056,046,1,1,0,0,,False,,False,True,
deepdetect,finger,FV-USM_impostor_221,056,046,211,833,0,0,,False,,False,True,
loftr,finger,FV-USM_impostor_222,030,032,18,18,18,11,0.6111,True,0.6032,False,False,1.3637
orb,finger,FV-USM_impostor_222,030,032,0,0,0,0,,False,,False,True,
sift,finger,FV-USM_impostor_222,030,032,0,0,0,0,,False,,False,True,
superglue,finger,FV-USM_impostor_222,030,032,123,172,0,0,,False,,False,True,
sgmnet,finger,FV-USM_impostor_222,030,032,1622,1082,30,8,0.2667,False,0.2582,False,True,0.8820
aspanformer,finger,FV-USM_impostor_222,030,032,0,0,0,0,,False,,False,True,
deepdetect,finger,FV-USM_impostor_222,030,032,1135,214,3,0,,False,,False,True,
loftr,finger,FV-USM_impostor_223,011,002,6,6,6,5,0.8333,True,0.7768,False,False,0.7004
orb,finger,FV-USM_impostor_223,011,002,0,0,0,0,,False,,False,True,
sift,finger,FV-USM_impostor_223,011,002,0,0,0,0,,False,,False,True,
superglue,finger,FV-USM_impostor_223,011,002,171,154,1,0,,False,,False,True,
sgmnet,finger,FV-USM_impostor_223,011,002,908,783,24,7,0.2917,False,0.2795,False,True,0.8330
aspanformer,finger,FV-USM_impostor_223,011,002,1,1,1,0,,False,,False,True,
deepdetect,finger,FV-USM_impostor_223,011,002,197,195,6,6,1.0000,True,1.0000,False,False,0.0000
loftr,finger,FV-USM_impostor_224,011,094,7,7,7,5,0.7143,True,0.6658,False,False,0.5904
orb,finger,FV-USM_impostor_224,011,094,0,0,0,0,,False,,False,True,
sift,finger,FV-USM_impostor_224,011,094,0,0,0,0,,False,,False,True,
superglue,finger,FV-USM_impostor_224,011,094,171,153,0,0,,False,,False,True,
sgmnet,finger,FV-USM_impostor_224,011,094,946,785,20,6,0.3000,False,0.2839,False,True,0.7875
aspanformer,finger,FV-USM_impostor_224,011,094,0,0,0,0,,False,,False,True,
deepdetect,finger,FV-USM_impostor_224,011,094,401,2084,1,0,,False,,False,True,
loftr,finger,FV-USM_impostor_225,043,046,14,14,14,10,0.7143,True,0.6970,False,False,1.6333
orb,finger,FV-USM_impostor_225,043,046,0,0,0,0,,False,,False,True,
sift,finger,FV-USM_impostor_225,043,046,0,0,0,0,,False,,False,True,
superglue,finger,FV-USM_impostor_225,043,046,164,182,26,11,0.4231,False,0.4154,False,True,1.6030
sgmnet,finger,FV-USM_impostor_225,043,046,787,779,28,7,0.2500,False,0.2396,False,True,0.4735
aspanformer,finger,FV-USM_impostor_225,043,046,0,0,0,0,,False,,False,True,
deepdetect,finger,FV-USM_impostor_225,043,046,802,793,1,0,,False,,False,True,
loftr,finger,FV-USM_impostor_226,030,050,1,1,1,0,,False,,False,True,
orb,finger,FV-USM_impostor_226,030,050,0,0,0,0,,False,,False,True,
sift,finger,FV-USM_impostor_226,030,050,0,0,0,0,,False,,False,True,
superglue,finger,FV-USM_impostor_226,030,050,191,189,1,0,,False,,False,True,
sgmnet,finger,FV-USM_impostor_226,030,050,1297,837,17,8,0.4706,True,0.4556,False,False,0.6754
aspanformer,finger,FV-USM_impostor_226,030,050,0,0,0,0,,False,,False,True,
deepdetect,finger,FV-USM_impostor_226,030,050,246,198,15,0,,False,,False,True,
loftr,finger,FV-USM_impostor_227,048,119,5,5,5,4,0.8000,True,0.7332,False,False,0.0000
orb,finger,FV-USM_impostor_227,048,119,0,0,0,0,,False,,False,True,
sift,finger,FV-USM_impostor_227,048,119,0,0,0,0,,False,,False,True,
superglue,finger,FV-USM_impostor_227,048,119,154,110,7,0,,False,,False,True,
sgmnet,finger,FV-USM_impostor_227,048,119,812,761,12,6,0.5000,True,0.4731,False,False,0.6650
aspanformer,finger,FV-USM_impostor_227,048,119,1,1,0,0,,False,,False,True,
deepdetect,finger,FV-USM_impostor_227,048,119,377,463,1,0,,False,,False,True,
loftr,finger,FV-USM_impostor_228,071,067,7,7,7,0,,False,,False,True,
orb,finger,FV-USM_impostor_228,071,067,0,0,0,0,,False,,False,True,
sift,finger,FV-USM_impostor_228,071,067,0,0,0,0,,False,,False,True,
superglue,finger,FV-USM_impostor_228,071,067,163,157,0,0,,False,,False,True,
sgmnet,finger,FV-USM_impostor_228,071,067,817,628,11,4,0.3636,False,0.3333,False,True,0.0000
aspanformer,finger,FV-USM_impostor_228,071,067,1,1,0,0,,False,,False,True,
deepdetect,finger,FV-USM_impostor_228,071,067,85,97,0,0,,False,,False,True,
loftr,finger,FV-USM_impostor_229,020,006,41,41,41,18,0.4390,False,0.4251,False,True,2.1156
orb,finger,FV-USM_impostor_229,020,006,0,0,0,0,,False,,False,True,
sift,finger,FV-USM_impostor_229,020,006,0,0,0,0,,False,,False,True,
superglue,finger,FV-USM_impostor_229,020,006,144,154,9,5,0.5556,True,0.5179,False,False,0.2419
sgmnet,finger,FV-USM_impostor_229,020,006,825,752,30,10,0.3333,False,0.3274,False,True,1.1441
aspanformer,finger,FV-USM_impostor_229,020,006,0,0,0,0,,False,,False,True,
deepdetect,finger,FV-USM_impostor_229,020,006,172,384,0,0,,False,,False,True,
loftr,finger,FV-USM_impostor_230,104,061,2,2,2,0,,False,,False,True,
orb,finger,FV-USM_impostor_230,104,061,0,0,0,0,,False,,False,True,
sift,finger,FV-USM_impostor_230,104,061,0,0,0,0,,False,,False,True,
superglue,finger,FV-USM_impostor_230,104,061,240,184,1,0,,False,,False,True,
sgmnet,finger,FV-USM_impostor_230,104,061,675,959,22,8,0.3636,False,0.3521,False,True,1.0200
aspanformer,finger,FV-USM_impostor_230,104,061,0,0,0,0,,False,,False,True,
deepdetect,finger,FV-USM_impostor_230,104,061,70,252,0,0,,False,,False,True,
loftr,finger,FV-USM_impostor_231,023,028,7,7,7,5,0.7143,True,0.6658,False,False,0.9988
orb,finger,FV-USM_impostor_231,023,028,0,0,0,0,,False,,False,True,
sift,finger,FV-USM_impostor_231,023,028,0,0,0,0,,False,,False,True,
superglue,finger,FV-USM_impostor_231,023,028,150,120,3,0,,False,,False,True,
sgmnet,finger,FV-USM_impostor_231,023,028,922,751,33,9,0.2727,False,0.2662,False,True,1.1515
aspanformer,finger,FV-USM_impostor_231,023,028,1,1,1,0,,False,,False,True,
deepdetect,finger,FV-USM_impostor_231,023,028,176,349,25,0,,False,,False,True,
loftr,finger,FV-USM_impostor_232,096,045,2,2,2,0,,False,,False,True,
orb,finger,FV-USM_impostor_232,096,045,0,0,0,0,,False,,False,True,
sift,finger,FV-USM_impostor_232,096,045,0,0,0,0,,False,,False,True,
superglue,finger,FV-USM_impostor_232,096,045,182,219,0,0,,False,,False,True,
sgmnet,finger,FV-USM_impostor_232,096,045,923,860,29,9,0.3103,False,0.3029,False,True,1.1383
aspanformer,finger,FV-USM_impostor_232,096,045,0,0,0,0,,False,,False,True,
deepdetect,finger,FV-USM_impostor_232,096,045,276,322,12,0,,False,,False,True,
loftr,finger,FV-USM_impostor_233,064,067,4,4,4,0,,False,,False,True,
orb,finger,FV-USM_impostor_233,064,067,0,0,0,0,,False,,False,True,
sift,finger,FV-USM_impostor_233,064,067,0,0,0,0,,False,,False,True,
superglue,finger,FV-USM_impostor_233,064,067,193,156,2,0,,False,,False,True,
sgmnet,finger,FV-USM_impostor_233,064,067,1037,589,15,7,0.4667,True,0.4472,False,False,0.4946
aspanformer,finger,FV-USM_impostor_233,064,067,0,0,0,0,,False,,False,True,
deepdetect,finger,FV-USM_impostor_233,064,067,254,174,14,0,,False,,False,True,
loftr,finger,FV-USM_impostor_234,041,056,10,10,10,6,0.6000,True,0.5677,False,False,1.3341
orb,finger,FV-USM_impostor_234,041,056,0,0,0,0,,False,,False,True,
sift,finger,FV-USM_impostor_234,041,056,0,0,0,0,,False,,False,True,
superglue,finger,FV-USM_impostor_234,041,056,208,196,9,5,0.5556,True,0.5179,False,False,0.9442
sgmnet,finger,FV-USM_impostor_234,041,056,903,1039,34,11,0.3235,False,0.3193,False,True,0.9000
aspanformer,finger,FV-USM_impostor_234,041,056,1,1,0,0,,False,,False,True,
deepdetect,finger,FV-USM_impostor_234,041,056,119,309,0,0,,False,,False,True,
loftr,finger,FV-USM_impostor_235,074,115,4,4,4,0,,False,,False,True,
orb,finger,FV-USM_impostor_235,074,115,0,0,0,0,,False,,False,True,
sift,finger,FV-USM_impostor_235,074,115,0,0,0,0,,False,,False,True,
superglue,finger,FV-USM_impostor_235,074,115,137,193,1,0,,False,,False,True,
sgmnet,finger,FV-USM_impostor_235,074,115,850,666,25,9,0.3600,False,0.3514,False,True,0.9844
aspanformer,finger,FV-USM_impostor_235,074,115,0,0,0,0,,False,,False,True,
deepdetect,finger,FV-USM_impostor_235,074,115,517,760,0,0,,False,,False,True,
loftr,finger,FV-USM_impostor_236,099,121,8,8,8,0,,False,,False,True,
orb,finger,FV-USM_impostor_236,099,121,0,0,0,0,,False,,False,True,
sift,finger,FV-USM_impostor_236,099,121,0,0,0,0,,False,,False,True,
superglue,finger,FV-USM_impostor_236,099,121,189,117,0,0,,False,,False,True,
sgmnet,finger,FV-USM_impostor_236,099,121,959,1685,19,8,0.4211,True,0.4077,False,False,0.4572
aspanformer,finger,FV-USM_impostor_236,099,121,0,0,0,0,,False,,False,True,
deepdetect,finger,FV-USM_impostor_236,099,121,254,4663,3,0,,False,,False,True,
loftr,finger,FV-USM_impostor_237,079,022,4,4,4,0,,False,,False,True,
orb,finger,FV-USM_impostor_237,079,022,0,0,0,0,,False,,False,True,
sift,finger,FV-USM_impostor_237,079,022,0,0,0,0,,False,,False,True,
superglue,finger,FV-USM_impostor_237,079,022,131,165,0,0,,False,,False,True,
sgmnet,finger,FV-USM_impostor_237,079,022,653,1024,8,4,0.5000,True,0.4583,False,False,0.0000
aspanformer,finger,FV-USM_impostor_237,079,022,0,0,0,0,,False,,False,True,
deepdetect,finger,FV-USM_impostor_237,079,022,208,334,0,0,,False,,False,True,
loftr,finger,FV-USM_impostor_238,060,016,7,7,7,0,,False,,False,True,
orb,finger,FV-USM_impostor_238,060,016,0,0,0,0,,False,,False,True,
sift,finger,FV-USM_impostor_238,060,016,0,0,0,0,,False,,False,True,
superglue,finger,FV-USM_impostor_238,060,016,195,156,0,0,,False,,False,True,
sgmnet,finger,FV-USM_impostor_238,060,016,992,835,30,8,0.2667,False,0.2582,False,True,0.8667
aspanformer,finger,FV-USM_impostor_238,060,016,1,1,0,0,,False,,False,True,
deepdetect,finger,FV-USM_impostor_238,060,016,198,214,0,0,,False,,False,True,
loftr,finger,FV-USM_impostor_239,063,056,6,6,6,0,,False,,False,True,
orb,finger,FV-USM_impostor_239,063,056,0,0,0,0,,False,,False,True,
sift,finger,FV-USM_impostor_239,063,056,0,0,0,0,,False,,False,True,
superglue,finger,FV-USM_impostor_239,063,056,144,211,1,0,,False,,False,True,
sgmnet,finger,FV-USM_impostor_239,063,056,1011,692,43,18,0.4186,True,0.4180,False,False,1.4446
aspanformer,finger,FV-USM_impostor_239,063,056,0,0,0,0,,False,,False,True,
deepdetect,finger,FV-USM_impostor_239,063,056,469,90,0,0,,False,,False,True,
loftr,finger,FV-USM_impostor_240,009,082,20,20,20,7,0.3500,False,0.3354,False,True,0.9766
orb,finger,FV-USM_impostor_240,009,082,0,0,0,0,,False,,False,True,
sift,finger,FV-USM_impostor_240,009,082,1,0,0,0,,False,,False,True,
superglue,finger,FV-USM_impostor_240,009,082,179,166,0,0,,False,,False,True,
sgmnet,finger,FV-USM_impostor_240,009,082,874,760,4,0,,False,,False,True,
aspanformer,finger,FV-USM_impostor_240,009,082,0,0,0,0,,False,,False,True,
deepdetect,finger,FV-USM_impostor_240,009,082,311,109,0,0,,False,,False,True,
loftr,finger,FV-USM_impostor_241,048,074,40,40,0,0,,False,,False,True,
orb,finger,FV-USM_impostor_241,048,074,0,0,0,0,,False,,False,True,
sift,finger,FV-USM_impostor_241,048,074,0,0,0,0,,False,,False,True,
superglue,finger,FV-USM_impostor_241,048,074,150,142,2,0,,False,,False,True,
sgmnet,finger,FV-USM_impostor_241,048,074,1002,813,3,0,,False,,False,True,
aspanformer,finger,FV-USM_impostor_241,048,074,0,0,0,0,,False,,False,True,
deepdetect,finger,FV-USM_impostor_241,048,074,355,638,0,0,,False,,False,True,
loftr,finger,FV-USM_impostor_242,014,027,88,88,0,0,,False,,False,True,
orb,finger,FV-USM_impostor_242,014,027,0,0,0,0,,False,,False,True,
sift,finger,FV-USM_impostor_242,014,027,1,0,0,0,,False,,False,True,
superglue,finger,FV-USM_impostor_242,014,027,181,160,5,4,0.8000,True,0.7332,False,False,0.0000
sgmnet,finger,FV-USM_impostor_242,014,027,918,903,9,0,,False,,False,True,
aspanformer,finger,FV-USM_impostor_242,014,027,0,0,0,0,,False,,False,True,
deepdetect,finger,FV-USM_impostor_242,014,027,136,336,1,0,,False,,False,True,
loftr,finger,FV-USM_impostor_243,068,047,16,16,16,7,0.4375,False,0.4192,False,True,1.2887
orb,finger,FV-USM_impostor_243,068,047,0,0,0,0,,False,,False,True,
sift,finger,FV-USM_impostor_243,068,047,0,0,0,0,,False,,False,True,
superglue,finger,FV-USM_impostor_243,068,047,150,189,8,5,0.6250,True,0.5826,False,False,0.9527
sgmnet,finger,FV-USM_impostor_243,068,047,852,937,43,9,0.2093,False,0.2043,False,True,1.1995
aspanformer,finger,FV-USM_impostor_243,068,047,0,0,0,0,,False,,False,True,
deepdetect,finger,FV-USM_impostor_243,068,047,513,873,0,0,,False,,False,True,
loftr,finger,FV-USM_impostor_244,050,023,14,14,14,8,0.5714,True,0.5468,False,False,1.7359
orb,finger,FV-USM_impostor_244,050,023,0,0,0,0,,False,,False,True,
sift,finger,FV-USM_impostor_244,050,023,0,0,0,0,,False,,False,True,
superglue,finger,FV-USM_impostor_244,050,023,183,150,0,0,,False,,False,True,
sgmnet,finger,FV-USM_impostor_244,050,023,901,1029,24,7,0.2917,False,0.2795,False,True,1.2902
aspanformer,finger,FV-USM_impostor_244,050,023,0,0,0,0,,False,,False,True,
deepdetect,finger,FV-USM_impostor_244,050,023,100,253,3,0,,False,,False,True,
loftr,finger,FV-USM_impostor_245,103,098,28,28,28,10,0.3571,False,0.3508,False,True,0.8575
orb,finger,FV-USM_impostor_245,103,098,0,0,0,0,,False,,False,True,
sift,finger,FV-USM_impostor_245,103,098,0,0,0,0,,False,,False,True,
superglue,finger,FV-USM_impostor_245,103,098,162,218,2,0,,False,,False,True,
sgmnet,finger,FV-USM_impostor_245,103,098,662,852,24,7,0.2917,False,0.2795,False,True,0.7220
aspanformer,finger,FV-USM_impostor_245,103,098,1,1,0,0,,False,,False,True,
deepdetect,finger,FV-USM_impostor_245,103,098,364,1080,0,0,,False,,False,True,
loftr,finger,FV-USM_impostor_246,023,076,2,2,2,0,,False,,False,True,
orb,finger,FV-USM_impostor_246,023,076,0,0,0,0,,False,,False,True,
sift,finger,FV-USM_impostor_246,023,076,0,0,0,0,,False,,False,True,
superglue,finger,FV-USM_impostor_246,023,076,163,182,1,0,,False,,False,True,
sgmnet,finger,FV-USM_impostor_246,023,076,919,743,7,4,0.5714,True,0.5237,False,False,0.0000
aspanformer,finger,FV-USM_impostor_246,023,076,0,0,0,0,,False,,False,True,
deepdetect,finger,FV-USM_impostor_246,023,076,134,158,0,0,,False,,False,True,
loftr,finger,FV-USM_impostor_247,104,121,3,3,3,0,,False,,False,True,
orb,finger,FV-USM_impostor_247,104,121,0,0,0,0,,False,,False,True,
sift,finger,FV-USM_impostor_247,104,121,0,0,0,0,,False,,False,True,
superglue,finger,FV-USM_impostor_247,104,121,190,198,1,0,,False,,False,True,
sgmnet,finger,FV-USM_impostor_247,104,121,958,1021,30,9,0.3000,False,0.2763,False,True,2.6637
aspanformer,finger,FV-USM_impostor_247,104,121,0,0,0,0,,False,,False,True,
deepdetect,finger,FV-USM_impostor_247,104,121,247,190,0,0,,False,,False,True,
loftr,finger,FV-USM_impostor_248,010,123,17,17,17,7,0.4118,False,0.3927,False,True,1.5982
orb,finger,FV-USM_impostor_248,010,123,0,0,0,0,,False,,False,True,
sift,finger,FV-USM_impostor_248,010,123,0,0,0,0,,False,,False,True,
superglue,finger,FV-USM_impostor_248,010,123,237,135,4,4,1.0000,True,0.9165,False,False,0.0000
sgmnet,finger,FV-USM_impostor_248,010,123,744,1698,6,5,0.8333,True,0.7768,False,False,0.5586
aspanformer,finger,FV-USM_impostor_248,010,123,0,0,0,0,,False,,False,True,
deepdetect,finger,FV-USM_impostor_248,010,123,123,1830,3,0,,False,,False,True,
loftr,finger,FV-USM_impostor_249,087,097,23,23,23,8,0.3478,False,0.3321,False,True,1.7814
orb,finger,FV-USM_impostor_249,087,097,0,0,0,0,,False,,False,True,
sift,finger,FV-USM_impostor_249,087,097,0,0,0,0,,False,,False,True,
superglue,finger,FV-USM_impostor_249,087,097,192,196,2,0,,False,,False,True,
sgmnet,finger,FV-USM_impostor_249,087,097,911,717,22,7,0.3182,False,0.3049,False,True,0.1082
aspanformer,finger,FV-USM_impostor_249,087,097,1,1,0,0,,False,,False,True,
deepdetect,finger,FV-USM_impostor_249,087,097,222,250,0,0,,False,,False,True,
