matcher,modality,pair_id,identity1,identity2,num_keypoints_image1,num_keypoints_image2,num_matches,num_inliers,inlier_ratio,is_same_person_pred,confidence,ground_truth,is_correct,reprojection_error
loftr,face,Multi-PIE_genuine_0,162,162,1422,1422,1422,752,0.5288,True,0.5025,True,True,2.5205
orb-fingervein,face,Multi-PIE_genuine_0,162,162,3807,4188,222,148,0.6667,True,0.6511,True,True,1.9733
sift-fingervein,face,Multi-PIE_genuine_0,162,162,745,825,75,41,0.5467,True,0.5377,True,True,1.8318
superglue-fingervein,face,Multi-PIE_genuine_0,162,162,861,827,466,214,0.4592,True,0.4312,True,True,2.7575
sgmnet-fingervein,face,Multi-PIE_genuine_0,162,162,2000,2000,936,282,0.3013,True,0.2962,True,True,1.8386
aspanformer,face,Multi-PIE_genuine_0,162,162,2185,2185,2185,1432,0.6554,True,0.6348,True,True,2.1375
deepdetect,face,Multi-PIE_genuine_0,162,162,12324,14213,444,386,0.8694,True,0.8694,True,True,0.7564
loftr,face,Multi-PIE_genuine_1,029,029,1701,1701,1701,1436,0.8442,True,0.8344,True,True,1.7343
orb-fingervein,face,Multi-PIE_genuine_1,029,029,3657,3603,639,530,0.8294,True,0.8294,True,True,1.4244
sift-fingervein,face,Multi-PIE_genuine_1,029,029,637,601,145,113,0.7793,True,0.7793,True,True,1.4500
superglue-fingervein,face,Multi-PIE_genuine_1,029,029,734,745,504,314,0.6230,True,0.5957,True,True,2.3970
sgmnet-fingervein,face,Multi-PIE_genuine_1,029,029,2000,2000,1082,537,0.4963,True,0.4934,True,True,1.6157
aspanformer,face,Multi-PIE_genuine_1,029,029,2875,2875,2875,2404,0.8362,True,0.8348,True,True,1.5326
deepdetect,face,Multi-PIE_genuine_1,029,029,10173,10065,2169,2167,0.9991,True,0.9991,True,True,0.6006
loftr,face,Multi-PIE_genuine_2,007,007,968,968,968,510,0.5269,True,0.5269,True,True,0.6928
orb-fingervein,face,Multi-PIE_genuine_2,007,007,1015,1711,54,33,0.6111,True,0.6008,True,True,1.8401
sift-fingervein,face,Multi-PIE_genuine_2,007,007,320,386,34,18,0.5294,True,0.5039,True,True,2.4591
superglue-fingervein,face,Multi-PIE_genuine_2,007,007,592,725,325,133,0.4092,True,0.3854,True,True,2.7020
sgmnet-fingervein,face,Multi-PIE_genuine_2,007,007,2000,2000,869,136,0.1565,False,0.1530,True,False,1.9520
aspanformer,face,Multi-PIE_genuine_2,007,007,1457,1457,1457,896,0.6150,True,0.6054,True,True,1.8143
deepdetect,face,Multi-PIE_genuine_2,007,007,7577,12822,89,73,0.8202,True,0.8202,True,True,1.4078
loftr,face,Multi-PIE_genuine_3,187,187,1847,1847,1847,1428,0.7731,True,0.7673,True,True,1.6526
orb-fingervein,face,Multi-PIE_genuine_3,187,187,2836,2033,292,252,0.8630,True,0.8532,True,True,1.7285
sift-fingervein,face,Multi-PIE_genuine_3,187,187,551,404,103,78,0.7573,True,0.7507,True,True,1.6744
superglue-fingervein,face,Multi-PIE_genuine_3,187,187,628,520,290,142,0.4897,True,0.4666,True,True,2.4656
sgmnet-fingervein,face,Multi-PIE_genuine_3,187,187,2000,2000,989,438,0.4429,True,0.4383,True,True,1.7071
aspanformer,face,Multi-PIE_genuine_3,187,187,2268,2268,2268,1958,0.8633,True,0.8586,True,True,1.6084
deepdetect,face,Multi-PIE_genuine_3,187,187,10451,7759,956,852,0.8912,True,0.8912,True,True,0.9258
loftr,face,Multi-PIE_genuine_4,070,070,1511,1511,1511,1300,0.8604,True,0.8495,True,True,1.7549
orb-fingervein,face,Multi-PIE_genuine_4,070,070,2376,2229,330,209,0.6333,True,0.6162,True,True,2.0498
sift-fingervein,face,Multi-PIE_genuine_4,070,070,462,449,89,62,0.6966,True,0.6751,True,True,2.1267
superglue-fingervein,face,Multi-PIE_genuine_4,070,070,540,519,308,196,0.6364,True,0.6013,True,True,2.6329
sgmnet-fingervein,face,Multi-PIE_genuine_4,070,070,2000,2000,1030,562,0.5456,True,0.5438,True,True,1.5674
aspanformer,face,Multi-PIE_genuine_4,070,070,2417,2417,2417,2172,0.8986,True,0.8818,True,True,1.8786
deepdetect,face,Multi-PIE_genuine_4,070,070,9335,6673,914,794,0.8687,True,0.8687,True,True,0.9382
loftr,face,Multi-PIE_genuine_5,062,062,1757,1757,1757,1244,0.7080,True,0.6887,True,True,2.0526
orb-fingervein,face,Multi-PIE_genuine_5,062,062,4147,3938,810,706,0.8716,True,0.8646,True,True,1.6621
sift-fingervein,face,Multi-PIE_genuine_5,062,062,743,755,158,106,0.6709,True,0.6709,True,True,1.4127
superglue-fingervein,face,Multi-PIE_genuine_5,062,062,799,756,474,263,0.5549,True,0.5361,True,True,2.1889
sgmnet-fingervein,face,Multi-PIE_genuine_5,062,062,1897,1993,1018,347,0.3409,True,0.3386,True,True,1.6357
aspanformer,face,Multi-PIE_genuine_5,062,062,2855,2855,2855,2023,0.7086,True,0.7066,True,True,1.5571
deepdetect,face,Multi-PIE_genuine_5,062,062,16594,16020,1923,1754,0.9121,True,0.9121,True,True,0.8149
loftr,face,Multi-PIE_genuine_6,057,057,1705,1705,1705,1148,0.6733,True,0.6733,True,True,1.2343
orb-fingervein,face,Multi-PIE_genuine_6,057,057,4494,4887,605,470,0.7769,True,0.7732,True,True,1.5952
sift-fingervein,face,Multi-PIE_genuine_6,057,057,1085,1246,148,86,0.5811,True,0.5639,True,True,2.1015
superglue-fingervein,face,Multi-PIE_genuine_6,057,057,971,1066,643,271,0.4215,True,0.3980,True,True,2.6445
sgmnet-fingervein,face,Multi-PIE_genuine_6,057,057,2000,2000,959,327,0.3410,True,0.3371,True,True,1.7272
aspanformer,face,Multi-PIE_genuine_6,057,057,2565,2565,2565,1738,0.6776,True,0.6776,True,True,1.3252
deepdetect,face,Multi-PIE_genuine_6,057,057,16243,19272,1997,1805,0.9039,True,0.9039,True,True,0.6905
loftr,face,Multi-PIE_genuine_7,036,036,1577,1577,1577,959,0.6081,True,0.5897,True,True,2.1154
orb-fingervein,face,Multi-PIE_genuine_7,036,036,2864,3125,273,173,0.6337,True,0.6216,True,True,1.8843
sift-fingervein,face,Multi-PIE_genuine_7,036,036,544,605,97,50,0.5155,True,0.4977,True,True,2.1995
superglue-fingervein,face,Multi-PIE_genuine_7,036,036,652,718,381,179,0.4698,True,0.4461,True,True,2.5363
sgmnet-fingervein,face,Multi-PIE_genuine_7,036,036,2000,2000,980,181,0.1847,False,0.1811,True,False,1.8907
aspanformer,face,Multi-PIE_genuine_7,036,036,2397,2397,2397,1580,0.6592,True,0.6334,True,True,2.2965
deepdetect,face,Multi-PIE_genuine_7,036,036,13134,15248,500,469,0.9380,True,0.9380,True,True,1.1292
loftr,face,Multi-PIE_genuine_8,186,186,1633,1633,1633,893,0.5468,True,0.5386,True,True,1.8050
orb-fingervein,face,Multi-PIE_genuine_8,186,186,4250,4045,680,556,0.8176,True,0.8035,True,True,1.8492
sift-fingervein,face,Multi-PIE_genuine_8,186,186,882,818,140,84,0.6000,True,0.5977,True,True,1.5762
superglue-fingervein,face,Multi-PIE_genuine_8,186,186,862,872,523,275,0.5258,True,0.4994,True,True,2.5305
sgmnet-fingervein,face,Multi-PIE_genuine_8,186,186,1945,1944,976,312,0.3197,True,0.3147,True,True,1.8120
aspanformer,face,Multi-PIE_genuine_8,186,186,2564,2564,2564,1663,0.6486,True,0.6311,True,True,2.0479
deepdetect,face,Multi-PIE_genuine_8,186,186,23192,23969,2364,2347,0.9928,True,0.9928,True,True,1.2627
loftr,face,Multi-PIE_genuine_9,026,026,1432,1432,1432,893,0.6236,True,0.6039,True,True,2.1429
orb-fingervein,face,Multi-PIE_genuine_9,026,026,3057,2882,339,241,0.7109,True,0.6980,True,True,1.8666
sift-fingervein,face,Multi-PIE_genuine_9,026,026,481,476,64,34,0.5312,True,0.5113,True,True,2.2651
superglue-fingervein,face,Multi-PIE_genuine_9,026,026,571,640,309,141,0.4563,True,0.4294,True,True,2.7161
sgmnet-fingervein,face,Multi-PIE_genuine_9,026,026,2000,2000,1028,258,0.2510,True,0.2486,True,True,1.6905
aspanformer,face,Multi-PIE_genuine_9,026,026,1875,1875,1875,1145,0.6107,True,0.5965,True,True,1.9697
deepdetect,face,Multi-PIE_genuine_9,026,026,11398,11705,461,431,0.9349,True,0.9349,True,True,1.1041
loftr,face,Multi-PIE_genuine_10,171,171,1467,1467,1467,831,0.5665,True,0.5535,True,True,1.9646
orb-fingervein,face,Multi-PIE_genuine_10,171,171,3217,3531,353,251,0.7110,True,0.7036,True,True,1.7096
sift-fingervein,face,Multi-PIE_genuine_10,171,171,460,497,63,39,0.6190,True,0.6121,True,True,1.7271
superglue-fingervein,face,Multi-PIE_genuine_10,171,171,593,629,363,204,0.5620,True,0.5353,True,True,2.4717
sgmnet-fingervein,face,Multi-PIE_genuine_10,171,171,2000,2000,1011,289,0.2859,True,0.2821,True,True,1.7656
aspanformer,face,Multi-PIE_genuine_10,171,171,2098,2098,2098,1413,0.6735,True,0.6608,True,True,1.8802
deepdetect,face,Multi-PIE_genuine_10,171,171,8617,9834,692,664,0.9595,True,0.9595,True,True,0.6640
loftr,face,Multi-PIE_genuine_11,187,187,1134,1134,1134,707,0.6235,True,0.6133,True,True,1.8275
orb-fingervein,face,Multi-PIE_genuine_11,187,187,621,645,80,56,0.7000,True,0.7000,True,True,1.0480
sift-fingervein,face,Multi-PIE_genuine_11,187,187,165,153,27,14,0.5185,True,0.5107,True,True,1.7027
superglue-fingervein,face,Multi-PIE_genuine_11,187,187,403,405,188,96,0.5106,True,0.4808,True,True,2.7036
sgmnet-fingervein,face,Multi-PIE_genuine_11,187,187,2000,2000,850,131,0.1541,False,0.1510,True,False,1.9023
aspanformer,face,Multi-PIE_genuine_11,187,187,1695,1695,1695,1391,0.8206,True,0.8187,True,True,1.5482
deepdetect,face,Multi-PIE_genuine_11,187,187,8843,4921,569,533,0.9367,True,0.9367,True,True,0.7844
loftr,face,Multi-PIE_genuine_12,226,226,1876,1876,1876,1364,0.7271,True,0.7119,True,True,1.9227
orb-fingervein,face,Multi-PIE_genuine_12,226,226,3758,3315,443,320,0.7223,True,0.7098,True,True,1.8493
sift-fingervein,face,Multi-PIE_genuine_12,226,226,691,580,94,63,0.6702,True,0.6663,True,True,1.6156
superglue-fingervein,face,Multi-PIE_genuine_12,226,226,742,645,387,215,0.5556,True,0.5329,True,True,2.3344
sgmnet-fingervein,face,Multi-PIE_genuine_12,226,226,2000,2000,985,348,0.3533,True,0.3504,True,True,1.6673
aspanformer,face,Multi-PIE_genuine_12,226,226,2859,2859,2859,2098,0.7338,True,0.7270,True,True,1.6878
deepdetect,face,Multi-PIE_genuine_12,226,226,12146,11407,1126,1063,0.9440,True,0.9440,True,True,0.7272
loftr,face,Multi-PIE_genuine_13,138,138,1328,1328,1328,635,0.4782,True,0.4659,True,True,2.0203
orb-fingervein,face,Multi-PIE_genuine_13,138,138,3347,2514,246,160,0.6504,True,0.6219,True,True,2.3965
sift-fingervein,face,Multi-PIE_genuine_13,138,138,710,533,91,60,0.6593,True,0.6404,True,True,2.0829
superglue-fingervein,face,Multi-PIE_genuine_13,138,138,666,594,312,160,0.5128,True,0.4839,True,True,2.6595
sgmnet-fingervein,face,Multi-PIE_genuine_13,138,138,2000,2000,903,192,0.2126,True,0.2097,True,True,1.7779
aspanformer,face,Multi-PIE_genuine_13,138,138,1715,1715,1715,1049,0.6117,True,0.5904,True,True,2.2083
deepdetect,face,Multi-PIE_genuine_13,138,138,11694,10233,128,115,0.8984,True,0.8984,True,True,1.1730
loftr,face,Multi-PIE_genuine_14,022,022,1700,1700,1700,1025,0.6029,True,0.5852,True,True,2.0964
orb-fingervein,face,Multi-PIE_genuine_14,022,022,4250,4009,790,538,0.6810,True,0.6620,True,True,2.0670
sift-fingervein,face,Multi-PIE_genuine_14,022,022,817,790,163,100,0.6135,True,0.5978,True,True,2.0184
superglue-fingervein,face,Multi-PIE_genuine_14,022,022,804,796,496,237,0.4778,True,0.4560,True,True,2.4330
sgmnet-fingervein,face,Multi-PIE_genuine_14,022,022,2000,2000,1069,324,0.3031,True,0.2986,True,True,1.8014
aspanformer,face,Multi-PIE_genuine_14,022,022,2567,2567,2567,1586,0.6178,True,0.6073,True,True,1.8431
deepdetect,face,Multi-PIE_genuine_14,022,022,17227,17417,1887,1398,0.7409,True,0.7409,True,True,1.1000
loftr,face,Multi-PIE_genuine_15,149,149,1699,1699,1699,1173,0.6904,True,0.6797,True,True,1.8131
orb-fingervein,face,Multi-PIE_genuine_15,149,149,2195,2479,277,232,0.8375,True,0.8238,True,True,1.8310
sift-fingervein,face,Multi-PIE_genuine_15,149,149,397,408,89,54,0.6067,True,0.5921,True,True,1.9869
superglue-fingervein,face,Multi-PIE_genuine_15,149,149,595,652,343,195,0.5685,True,0.5417,True,True,2.4664
sgmnet-fingervein,face,Multi-PIE_genuine_15,149,149,2000,2000,1091,369,0.3382,True,0.3349,True,True,1.6974
aspanformer,face,Multi-PIE_genuine_15,149,149,3137,3137,3137,2176,0.6937,True,0.6734,True,True,2.0936
deepdetect,face,Multi-PIE_genuine_15,149,149,9672,10691,1102,975,0.8848,True,0.8848,True,True,1.1587
loftr,face,Multi-PIE_genuine_16,107,107,1286,1286,1286,712,0.5537,True,0.5311,True,True,2.3314
orb-fingervein,face,Multi-PIE_genuine_16,107,107,4303,4400,239,128,0.5356,True,0.5284,True,True,1.7678
sift-fingervein,face,Multi-PIE_genuine_16,107,107,771,799,77,29,0.3766,False,0.3622,True,False,2.2806
superglue-fingervein,face,Multi-PIE_genuine_16,107,107,767,834,468,196,0.4188,True,0.3922,True,True,2.8124
sgmnet-fingervein,face,Multi-PIE_genuine_16,107,107,2000,2000,939,181,0.1928,False,0.1894,True,False,1.8542
aspanformer,face,Multi-PIE_genuine_16,107,107,2080,2080,2080,1260,0.6058,True,0.5787,True,True,2.4129
deepdetect,face,Multi-PIE_genuine_16,107,107,12371,10990,256,234,0.9141,True,0.9141,True,True,1.8591
loftr,face,Multi-PIE_genuine_17,009,009,945,945,945,610,0.6455,True,0.6277,True,True,2.0608
orb-fingervein,face,Multi-PIE_genuine_17,009,009,1558,1195,104,65,0.6250,True,0.6172,True,True,1.7522
sift-fingervein,face,Multi-PIE_genuine_17,009,009,266,215,45,26,0.5778,True,0.5688,True,True,1.8118
superglue-fingervein,face,Multi-PIE_genuine_17,009,009,418,361,247,108,0.4372,True,0.4111,True,True,2.7354
sgmnet-fingervein,face,Multi-PIE_genuine_17,009,009,2000,2000,878,190,0.2164,True,0.2140,True,True,1.7207
aspanformer,face,Multi-PIE_genuine_17,009,009,1825,1825,1825,1283,0.7030,True,0.6669,True,True,2.5544
deepdetect,face,Multi-PIE_genuine_17,009,009,4035,3490,123,118,0.9593,True,0.9593,True,True,1.2575
loftr,face,Multi-PIE_genuine_18,008,008,1467,1467,1467,897,0.6115,True,0.5987,True,True,1.9207
orb-fingervein,face,Multi-PIE_genuine_18,008,008,1861,1241,176,126,0.7159,True,0.6993,True,True,1.9696
sift-fingervein,face,Multi-PIE_genuine_18,008,008,348,263,63,36,0.5714,True,0.5554,True,True,2.0672
superglue-fingervein,face,Multi-PIE_genuine_18,008,008,420,383,222,118,0.5315,True,0.5044,True,True,2.5474
sgmnet-fingervein,face,Multi-PIE_genuine_18,008,008,2000,2000,1004,303,0.3018,True,0.2965,True,True,1.8517
aspanformer,face,Multi-PIE_genuine_18,008,008,2298,2298,2298,1658,0.7215,True,0.7014,True,True,2.0656
deepdetect,face,Multi-PIE_genuine_18,008,008,4816,3539,270,213,0.7889,True,0.7889,True,True,1.1195
loftr,face,Multi-PIE_genuine_19,024,024,1123,1123,1123,810,0.7213,True,0.6968,True,True,2.1904
orb-fingervein,face,Multi-PIE_genuine_19,024,024,1504,1508,225,169,0.7511,True,0.7397,True,True,1.8065
sift-fingervein,face,Multi-PIE_genuine_19,024,024,261,310,52,29,0.5577,True,0.5474,True,True,1.8707
superglue-fingervein,face,Multi-PIE_genuine_19,024,024,494,557,284,169,0.5951,True,0.5688,True,True,2.4030
sgmnet-fingervein,face,Multi-PIE_genuine_19,024,024,2000,2000,841,206,0.2449,True,0.2413,True,True,1.8001
aspanformer,face,Multi-PIE_genuine_19,024,024,1963,1963,1963,1299,0.6617,True,0.6451,True,True,2.0108
deepdetect,face,Multi-PIE_genuine_19,024,024,8347,9241,482,440,0.9129,True,0.9129,True,True,0.9913
loftr,face,Multi-PIE_genuine_20,056,056,1623,1623,1623,1071,0.6599,True,0.6434,True,True,2.0051
orb-fingervein,face,Multi-PIE_genuine_20,056,056,4533,4559,641,562,0.8768,True,0.8730,True,True,1.5864
sift-fingervein,face,Multi-PIE_genuine_20,056,056,1037,1155,165,122,0.7394,True,0.7394,True,True,1.3956
superglue-fingervein,face,Multi-PIE_genuine_20,056,056,1054,967,594,300,0.5051,True,0.4810,True,True,2.4764
sgmnet-fingervein,face,Multi-PIE_genuine_20,056,056,2000,2000,936,448,0.4786,True,0.4741,True,True,1.6882
aspanformer,face,Multi-PIE_genuine_20,056,056,2654,2654,2654,1736,0.6541,True,0.6464,True,True,1.7380
deepdetect,face,Multi-PIE_genuine_20,056,056,14739,16535,2043,2025,0.9912,True,0.9912,True,True,0.6005
loftr,face,Multi-PIE_genuine_21,059,059,1794,1794,1794,1318,0.7347,True,0.7304,True,True,1.6175
orb-fingervein,face,Multi-PIE_genuine_21,059,059,4338,4063,897,784,0.8740,True,0.8622,True,True,1.7717
sift-fingervein,face,Multi-PIE_genuine_21,059,059,832,785,148,95,0.6419,True,0.6417,True,True,1.5046
superglue-fingervein,face,Multi-PIE_genuine_21,059,059,798,808,489,279,0.5706,True,0.5440,True,True,2.4537
sgmnet-fingervein,face,Multi-PIE_genuine_21,059,059,2000,2000,968,389,0.4019,True,0.3976,True,True,1.7122
aspanformer,face,Multi-PIE_genuine_21,059,059,2618,2618,2618,2143,0.8186,True,0.8044,True,True,1.8499
deepdetect,face,Multi-PIE_genuine_21,059,059,17284,15944,1526,1429,0.9364,True,0.9364,True,True,1.0431
loftr,face,Multi-PIE_genuine_22,128,128,1135,1135,1135,722,0.6361,True,0.6150,True,True,2.1763
orb-fingervein,face,Multi-PIE_genuine_22,128,128,2788,3250,184,122,0.6630,True,0.6608,True,True,1.5676
sift-fingervein,face,Multi-PIE_genuine_22,128,128,461,518,51,26,0.5098,True,0.5052,True,True,1.6815
superglue-fingervein,face,Multi-PIE_genuine_22,128,128,583,653,303,134,0.4422,True,0.4197,True,True,2.5471
sgmnet-fingervein,face,Multi-PIE_genuine_22,128,128,2000,2000,861,232,0.2695,True,0.2650,True,True,1.8327
aspanformer,face,Multi-PIE_genuine_22,128,128,1682,1682,1682,1225,0.7283,True,0.7050,True,True,2.1501
deepdetect,face,Multi-PIE_genuine_22,128,128,12940,12776,168,140,0.8333,True,0.8333,True,True,0.9187
loftr,face,Multi-PIE_genuine_23,152,152,1078,1078,1078,718,0.6660,True,0.6555,True,True,1.8206
orb-fingervein,face,Multi-PIE_genuine_23,152,152,3422,3450,304,265,0.8717,True,0.8625,True,True,1.7123
sift-fingervein,face,Multi-PIE_genuine_23,152,152,613,650,89,55,0.6180,True,0.6120,True,True,1.6936
superglue-fingervein,face,Multi-PIE_genuine_23,152,152,596,618,359,198,0.5515,True,0.5239,True,True,2.5292
sgmnet-fingervein,face,Multi-PIE_genuine_23,152,152,2000,2000,992,381,0.3841,True,0.3795,True,True,1.7412
aspanformer,face,Multi-PIE_genuine_23,152,152,1888,1888,1888,1328,0.7034,True,0.6921,True,True,1.8236
deepdetect,face,Multi-PIE_genuine_23,152,152,10346,11568,595,572,0.9613,True,0.9613,True,True,0.9369
loftr,face,Multi-PIE_genuine_24,007,007,662,662,662,341,0.5151,True,0.4916,True,True,2.4337
orb-fingervein,face,Multi-PIE_genuine_24,007,007,637,1061,51,34,0.6667,True,0.6614,True,True,1.6600
sift-fingervein,face,Multi-PIE_genuine_24,007,007,175,239,24,11,0.4583,False,0.4439,True,False,1.8782
superglue-fingervein,face,Multi-PIE_genuine_24,007,007,375,495,194,75,0.3866,True,0.3591,True,True,2.9754
sgmnet-fingervein,face,Multi-PIE_genuine_24,007,007,2000,2000,681,124,0.1821,False,0.1795,True,False,1.7844
aspanformer,face,Multi-PIE_genuine_24,007,007,993,993,993,645,0.6495,True,0.6371,True,True,1.8881
deepdetect,face,Multi-PIE_genuine_24,007,007,5241,7415,75,73,0.9733,True,0.9733,True,True,1.1593
loftr,face,Multi-PIE_genuine_25,142,142,1252,1252,1252,633,0.5056,True,0.4943,True,True,1.9513
orb-fingervein,face,Multi-PIE_genuine_25,142,142,2840,2833,244,165,0.6762,True,0.6646,True,True,1.8460
sift-fingervein,face,Multi-PIE_genuine_25,142,142,491,529,79,51,0.6456,True,0.6335,True,True,1.8760
superglue-fingervein,face,Multi-PIE_genuine_25,142,142,572,598,290,132,0.4552,True,0.4300,True,True,2.6355
sgmnet-fingervein,face,Multi-PIE_genuine_25,142,142,2000,2000,803,169,0.2105,True,0.2061,True,True,1.9172
aspanformer,face,Multi-PIE_genuine_25,142,142,1659,1659,1659,998,0.6016,True,0.5785,True,True,2.2817
deepdetect,face,Multi-PIE_genuine_25,142,142,12388,13949,241,234,0.9710,True,0.9710,True,True,1.5303
loftr,face,Multi-PIE_genuine_26,051,051,928,928,928,285,0.3071,False,0.2990,True,False,2.0357
orb-fingervein,face,Multi-PIE_genuine_26,051,051,4324,4469,108,38,0.3519,False,0.3382,True,False,2.2898
sift-fingervein,face,Multi-PIE_genuine_26,051,051,1474,1412,79,16,0.2025,False,0.2016,True,False,1.5379
superglue-fingervein,face,Multi-PIE_genuine_26,051,051,979,1003,570,105,0.1842,True,0.1720,True,True,2.8673
sgmnet-fingervein,face,Multi-PIE_genuine_26,051,051,2000,2000,664,41,0.0617,False,0.0611,True,False,1.7050
aspanformer,face,Multi-PIE_genuine_26,051,051,1257,1257,1257,431,0.3429,False,0.3250,True,False,2.5688
deepdetect,face,Multi-PIE_genuine_26,051,051,30693,28912,63,36,0.5714,True,0.5714,True,True,2.2119
loftr,face,Multi-PIE_genuine_27,181,181,1264,1264,1264,751,0.5941,True,0.5777,True,True,2.0629
orb-fingervein,face,Multi-PIE_genuine_27,181,181,3477,3670,128,81,0.6328,True,0.6192,True,True,1.9343
sift-fingervein,face,Multi-PIE_genuine_27,181,181,636,791,47,21,0.4468,False,0.4426,True,False,1.6785
superglue-fingervein,face,Multi-PIE_genuine_27,181,181,682,680,324,128,0.3951,True,0.3693,True,True,2.8508
sgmnet-fingervein,face,Multi-PIE_genuine_27,181,181,2000,2000,826,216,0.2615,True,0.2576,True,True,1.8033
aspanformer,face,Multi-PIE_genuine_27,181,181,1845,1845,1845,1179,0.6390,True,0.6205,True,True,2.0897
deepdetect,face,Multi-PIE_genuine_27,181,181,13901,14696,36,22,0.6111,True,0.6111,True,True,0.9962
loftr,face,Multi-PIE_genuine_28,164,164,1701,1701,1701,1314,0.7725,True,0.7725,True,True,1.3901
orb-fingervein,face,Multi-PIE_genuine_28,164,164,1976,1938,264,175,0.6629,True,0.6541,True,True,1.7654
sift-fingervein,face,Multi-PIE_genuine_28,164,164,382,380,85,68,0.8000,True,0.7929,True,True,1.6786
superglue-fingervein,face,Multi-PIE_genuine_28,164,164,649,626,383,250,0.6527,True,0.6185,True,True,2.5763
sgmnet-fingervein,face,Multi-PIE_genuine_28,164,164,2000,2000,990,451,0.4556,True,0.4555,True,True,1.5016
aspanformer,face,Multi-PIE_genuine_28,164,164,2937,2937,2937,2484,0.8458,True,0.8458,True,True,1.4047
deepdetect,face,Multi-PIE_genuine_28,164,164,6854,7030,752,744,0.9894,True,0.9894,True,True,1.2600
loftr,face,Multi-PIE_genuine_29,177,177,894,894,894,472,0.5280,True,0.5031,True,True,2.4663
orb-fingervein,face,Multi-PIE_genuine_29,177,177,3237,3307,231,144,0.6234,True,0.6085,True,True,1.9827
sift-fingervein,face,Multi-PIE_genuine_29,177,177,412,427,52,29,0.5577,True,0.5475,True,True,1.8686
superglue-fingervein,face,Multi-PIE_genuine_29,177,177,491,495,283,127,0.4488,True,0.4254,True,True,2.5670
sgmnet-fingervein,face,Multi-PIE_genuine_29,177,177,2000,2000,800,141,0.1762,False,0.1734,True,False,1.8295
aspanformer,face,Multi-PIE_genuine_29,177,177,1400,1400,1400,887,0.6336,True,0.6057,True,True,2.3982
deepdetect,face,Multi-PIE_genuine_29,177,177,8880,9613,253,213,0.8419,True,0.8419,True,True,0.8480
loftr,face,Multi-PIE_genuine_30,138,138,1192,1192,1192,615,0.5159,True,0.4995,True,True,2.1476
orb-fingervein,face,Multi-PIE_genuine_30,138,138,3768,4108,198,134,0.6768,True,0.6501,True,True,2.3043
sift-fingervein,face,Multi-PIE_genuine_30,138,138,604,653,74,42,0.5676,True,0.5528,True,True,2.0276
superglue-fingervein,face,Multi-PIE_genuine_30,138,138,658,711,380,181,0.4763,True,0.4434,True,True,2.9303
sgmnet-fingervein,face,Multi-PIE_genuine_30,138,138,2000,2000,821,237,0.2887,True,0.2853,True,True,1.7348
aspanformer,face,Multi-PIE_genuine_30,138,138,1541,1541,1541,1022,0.6632,True,0.6347,True,True,2.3777
deepdetect,face,Multi-PIE_genuine_30,138,138,8450,9690,70,61,0.8714,True,0.8714,True,True,1.1933
loftr,face,Multi-PIE_genuine_31,106,106,1434,1434,1434,926,0.6457,True,0.6212,True,True,2.2755
orb-fingervein,face,Multi-PIE_genuine_31,106,106,4376,4394,407,246,0.6044,True,0.5947,True,True,1.8249
sift-fingervein,face,Multi-PIE_genuine_31,106,106,847,882,125,75,0.6000,True,0.5848,True,True,2.0146
superglue-fingervein,face,Multi-PIE_genuine_31,106,106,851,843,564,266,0.4716,True,0.4418,True,True,2.8077
sgmnet-fingervein,face,Multi-PIE_genuine_31,106,106,2000,2000,1009,309,0.3062,True,0.3034,True,True,1.6861
aspanformer,face,Multi-PIE_genuine_31,106,106,2358,2358,2358,1234,0.5233,True,0.5063,True,True,2.1625
deepdetect,face,Multi-PIE_genuine_31,106,106,15456,16895,1427,1212,0.8493,True,0.8493,True,True,1.1428
loftr,face,Multi-PIE_genuine_32,056,056,1762,1762,1762,1315,0.7463,True,0.7440,True,True,1.5631
orb-fingervein,face,Multi-PIE_genuine_32,056,056,4962,4938,1036,922,0.8900,True,0.8866,True,True,1.5756
sift-fingervein,face,Multi-PIE_genuine_32,056,056,1429,1389,279,207,0.7419,True,0.7419,True,True,1.3282
superglue-fingervein,face,Multi-PIE_genuine_32,056,056,1034,1048,715,383,0.5357,True,0.5144,True,True,2.3106
sgmnet-fingervein,face,Multi-PIE_genuine_32,056,056,2000,2000,1031,490,0.4753,True,0.4753,True,True,1.4970
aspanformer,face,Multi-PIE_genuine_32,056,056,2412,2412,2412,1676,0.6949,True,0.6900,True,True,1.6408
deepdetect,face,Multi-PIE_genuine_32,056,056,16468,17462,3068,2762,0.9003,True,0.9003,True,True,0.5749
loftr,face,Multi-PIE_genuine_33,114,114,1388,1388,1388,985,0.7097,True,0.6890,True,True,2.0916
orb-fingervein,face,Multi-PIE_genuine_33,114,114,1077,1354,190,157,0.8263,True,0.8212,True,True,1.6243
sift-fingervein,face,Multi-PIE_genuine_33,114,114,302,412,97,62,0.6392,True,0.6298,True,True,1.7964
superglue-fingervein,face,Multi-PIE_genuine_33,114,114,570,677,315,181,0.5746,True,0.5505,True,True,2.3564
sgmnet-fingervein,face,Multi-PIE_genuine_33,114,114,2000,2000,833,332,0.3986,True,0.3931,True,True,1.7778
aspanformer,face,Multi-PIE_genuine_33,114,114,2346,2346,2346,1811,0.7720,True,0.7684,True,True,1.5933
deepdetect,face,Multi-PIE_genuine_33,114,114,7174,7588,970,865,0.8918,True,0.8918,True,True,0.6822
loftr,face,Multi-PIE_genuine_34,149,149,1444,1444,1444,1235,0.8553,True,0.8358,True,True,1.9613
orb-fingervein,face,Multi-PIE_genuine_34,149,149,2631,2673,494,406,0.8219,True,0.8200,True,True,1.5463
sift-fingervein,face,Multi-PIE_genuine_34,149,149,355,354,89,68,0.7640,True,0.7615,True,True,1.5659
superglue-fingervein,face,Multi-PIE_genuine_34,149,149,396,446,250,156,0.6240,True,0.6007,True,True,2.2611
sgmnet-fingervein,face,Multi-PIE_genuine_34,149,149,2000,2000,975,352,0.3610,True,0.3561,True,True,1.7766
aspanformer,face,Multi-PIE_genuine_34,149,149,2327,2327,2327,2048,0.8801,True,0.8718,True,True,1.6905
deepdetect,face,Multi-PIE_genuine_34,149,149,7285,6971,924,923,0.9989,True,0.9989,True,True,0.9285
loftr,face,Multi-PIE_genuine_35,071,071,1642,1642,1642,963,0.5865,True,0.5673,True,True,2.1662
orb-fingervein,face,Multi-PIE_genuine_35,071,071,3433,3328,334,253,0.7575,True,0.7362,True,True,2.0697
sift-fingervein,face,Multi-PIE_genuine_35,071,071,728,701,97,55,0.5670,True,0.5549,True,True,1.9320
superglue-fingervein,face,Multi-PIE_genuine_35,071,071,781,731,453,249,0.5497,True,0.5192,True,True,2.6388
sgmnet-fingervein,face,Multi-PIE_genuine_35,071,071,2000,2000,1012,333,0.3291,True,0.3265,True,True,1.6538
aspanformer,face,Multi-PIE_genuine_35,071,071,2626,2626,2626,1701,0.6478,True,0.6231,True,True,2.2759
deepdetect,face,Multi-PIE_genuine_35,071,071,13683,14664,944,834,0.8835,True,0.8835,True,True,1.0881
loftr,face,Multi-PIE_genuine_36,205,205,1945,1945,1945,1660,0.8535,True,0.8535,True,True,1.1301
orb-fingervein,face,Multi-PIE_genuine_36,205,205,3452,2811,500,450,0.9000,True,0.8939,True,True,1.6357
sift-fingervein,face,Multi-PIE_genuine_36,205,205,566,426,115,81,0.7043,True,0.7043,True,True,1.4503
superglue-fingervein,face,Multi-PIE_genuine_36,205,205,774,697,474,289,0.6097,True,0.5858,True,True,2.3010
sgmnet-fingervein,face,Multi-PIE_genuine_36,205,205,2000,2000,965,536,0.5554,True,0.5469,True,True,1.8102
aspanformer,face,Multi-PIE_genuine_36,205,205,3248,3248,3248,2738,0.8430,True,0.8430,True,True,1.1208
deepdetect,face,Multi-PIE_genuine_36,205,205,10289,9509,1477,1472,0.9966,True,0.9966,True,True,0.6925
loftr,face,Multi-PIE_genuine_37,221,221,1594,1594,1594,960,0.6023,True,0.5949,True,True,1.7459
orb-fingervein,face,Multi-PIE_genuine_37,221,221,3421,3515,339,211,0.6224,True,0.6042,True,True,2.0929
sift-fingervein,face,Multi-PIE_genuine_37,221,221,654,707,76,44,0.5789,True,0.5571,True,True,2.2696
superglue-fingervein,face,Multi-PIE_genuine_37,221,221,705,835,435,197,0.4529,True,0.4279,True,True,2.6365
sgmnet-fingervein,face,Multi-PIE_genuine_37,221,221,2000,2000,909,303,0.3333,True,0.3294,True,True,1.7374
aspanformer,face,Multi-PIE_genuine_37,221,221,2356,2356,2356,1402,0.5951,True,0.5910,True,True,1.6377
deepdetect,face,Multi-PIE_genuine_37,221,221,12937,16935,846,793,0.9374,True,0.9374,True,True,1.0858
loftr,face,Multi-PIE_genuine_38,002,002,1587,1587,1587,803,0.5060,True,0.4788,True,True,2.6034
orb-fingervein,face,Multi-PIE_genuine_38,002,002,3466,3700,389,266,0.6838,True,0.6793,True,True,1.6320
sift-fingervein,face,Multi-PIE_genuine_38,002,002,682,802,85,53,0.6235,True,0.6092,True,True,1.9659
superglue-fingervein,face,Multi-PIE_genuine_38,002,002,713,817,437,210,0.4805,True,0.4542,True,True,2.6263
sgmnet-fingervein,face,Multi-PIE_genuine_38,002,002,2000,2000,1067,249,0.2334,True,0.2310,True,True,1.7054
aspanformer,face,Multi-PIE_genuine_38,002,002,2557,2557,2557,1406,0.5499,True,0.5206,True,True,2.5939
deepdetect,face,Multi-PIE_genuine_38,002,002,9438,10913,653,625,0.9571,True,0.9571,True,True,1.0184
loftr,face,Multi-PIE_genuine_39,192,192,1602,1602,1602,882,0.5506,True,0.5220,True,True,2.5642
orb-fingervein,face,Multi-PIE_genuine_39,192,192,4710,4510,512,328,0.6406,True,0.6228,True,True,2.0639
sift-fingervein,face,Multi-PIE_genuine_39,192,192,1088,992,135,62,0.4593,False,0.4475,True,False,2.0209
superglue-fingervein,face,Multi-PIE_genuine_39,192,192,918,884,511,249,0.4873,True,0.4654,True,True,2.4207
sgmnet-fingervein,face,Multi-PIE_genuine_39,192,192,2000,2000,923,228,0.2470,True,0.2432,True,True,1.8141
aspanformer,face,Multi-PIE_genuine_39,192,192,2833,2833,2833,1880,0.6636,True,0.6504,True,True,1.9006
deepdetect,face,Multi-PIE_genuine_39,192,192,31322,33447,1432,1224,0.8547,True,0.8547,True,True,1.2465
loftr,face,Multi-PIE_genuine_40,204,204,1963,1963,1963,1468,0.7478,True,0.7389,True,True,1.7405
orb-fingervein,face,Multi-PIE_genuine_40,204,204,3616,3702,639,506,0.7919,True,0.7783,True,True,1.8446
sift-fingervein,face,Multi-PIE_genuine_40,204,204,702,784,145,81,0.5586,True,0.5484,True,True,1.8688
superglue-fingervein,face,Multi-PIE_genuine_40,204,204,831,800,512,238,0.4648,True,0.4456,True,True,2.3463
sgmnet-fingervein,face,Multi-PIE_genuine_40,204,204,2000,2000,1001,407,0.4066,True,0.4022,True,True,1.7196
aspanformer,face,Multi-PIE_genuine_40,204,204,3003,3003,3003,2276,0.7579,True,0.7545,True,True,1.5892
deepdetect,face,Multi-PIE_genuine_40,204,204,15268,16613,1644,1571,0.9556,True,0.9556,True,True,0.8642
loftr,face,Multi-PIE_genuine_41,041,041,1405,1405,1405,665,0.4733,True,0.4537,True,True,2.3457
orb-fingervein,face,Multi-PIE_genuine_41,041,041,4253,4408,338,171,0.5059,True,0.4995,True,True,1.7539
sift-fingervein,face,Multi-PIE_genuine_41,041,041,857,982,94,44,0.4681,False,0.4497,True,False,2.3020
superglue-fingervein,face,Multi-PIE_genuine_41,041,041,922,931,524,177,0.3378,True,0.3169,True,True,2.7736
sgmnet-fingervein,face,Multi-PIE_genuine_41,041,041,2000,2000,980,169,0.1724,False,0.1705,True,False,1.7286
aspanformer,face,Multi-PIE_genuine_41,041,041,2463,2463,2463,1242,0.5043,True,0.4801,True,True,2.4809
deepdetect,face,Multi-PIE_genuine_41,041,041,17077,19900,804,704,0.8756,True,0.8756,True,True,0.9099
loftr,face,Multi-PIE_genuine_42,176,176,1842,1842,1842,1501,0.8149,True,0.8149,True,True,1.3998
orb-fingervein,face,Multi-PIE_genuine_42,176,176,3205,2890,685,649,0.9474,True,0.9450,True,True,1.5513
sift-fingervein,face,Multi-PIE_genuine_42,176,176,660,598,197,165,0.8376,True,0.8376,True,True,1.2423
superglue-fingervein,face,Multi-PIE_genuine_42,176,176,757,730,462,297,0.6429,True,0.6218,True,True,2.1653
sgmnet-fingervein,face,Multi-PIE_genuine_42,176,176,2000,2000,1029,542,0.5267,True,0.5239,True,True,1.6059
aspanformer,face,Multi-PIE_genuine_42,176,176,3052,3052,3052,2509,0.8221,True,0.8143,True,True,1.6899
deepdetect,face,Multi-PIE_genuine_42,176,176,9953,9096,1375,1246,0.9062,True,0.9062,True,True,0.6162
loftr,face,Multi-PIE_genuine_43,107,107,1570,1570,1570,1100,0.7006,True,0.6872,True,True,1.8873
orb-fingervein,face,Multi-PIE_genuine_43,107,107,3241,3284,142,89,0.6268,True,0.6120,True,True,1.9769
sift-fingervein,face,Multi-PIE_genuine_43,107,107,538,554,63,34,0.5397,True,0.5149,True,True,2.4386
superglue-fingervein,face,Multi-PIE_genuine_43,107,107,584,581,375,167,0.4453,True,0.4181,True,True,2.7625
sgmnet-fingervein,face,Multi-PIE_genuine_43,107,107,2000,2000,1040,317,0.3048,True,0.3000,True,True,1.8198
aspanformer,face,Multi-PIE_genuine_43,107,107,2568,2568,2568,1882,0.7329,True,0.7124,True,True,2.0658
deepdetect,face,Multi-PIE_genuine_43,107,107,10162,10759,125,105,0.8400,True,0.8400,True,True,1.4518
loftr,face,Multi-PIE_genuine_44,086,086,1505,1505,1505,708,0.4704,True,0.4612,True,True,1.8967
orb-fingervein,face,Multi-PIE_genuine_44,086,086,4990,5000,281,179,0.6370,True,0.6180,True,True,2.1044
sift-fingervein,face,Multi-PIE_genuine_44,086,086,1702,1719,127,65,0.5118,True,0.5003,True,True,1.9550
superglue-fingervein,face,Multi-PIE_genuine_44,086,086,1036,1095,622,247,0.3971,True,0.3736,True,True,2.7183
sgmnet-fingervein,face,Multi-PIE_genuine_44,086,086,2000,2000,1024,204,0.1992,False,0.1963,True,False,1.7997
aspanformer,face,Multi-PIE_genuine_44,086,086,2016,2016,2016,1072,0.5317,True,0.5201,True,True,1.9424
deepdetect,face,Multi-PIE_genuine_44,086,086,15549,16276,400,304,0.7600,True,0.7600,True,True,1.9375
loftr,face,Multi-PIE_genuine_45,071,071,1641,1641,1641,976,0.5948,True,0.5794,True,True,2.0216
orb-fingervein,face,Multi-PIE_genuine_45,071,071,3080,2842,387,291,0.7519,True,0.7427,True,True,1.7475
sift-fingervein,face,Multi-PIE_genuine_45,071,071,709,697,126,100,0.7937,True,0.7773,True,True,1.9158
superglue-fingervein,face,Multi-PIE_genuine_45,071,071,762,721,396,208,0.5253,True,0.4954,True,True,2.6692
sgmnet-fingervein,face,Multi-PIE_genuine_45,071,071,2000,2000,1003,398,0.3968,True,0.3929,True,True,1.6994
aspanformer,face,Multi-PIE_genuine_45,071,071,2662,2662,2662,1637,0.6150,True,0.6053,True,True,1.8163
deepdetect,face,Multi-PIE_genuine_45,071,071,9916,9000,461,414,0.8980,True,0.8980,True,True,1.2237
loftr,face,Multi-PIE_genuine_46,040,040,1324,1324,1324,544,0.4109,False,0.3902,True,False,2.5329
orb-fingervein,face,Multi-PIE_genuine_46,040,040,4659,4984,281,184,0.6548,True,0.6415,True,True,1.9096
sift-fingervein,face,Multi-PIE_genuine_46,040,040,1266,1444,83,37,0.4458,False,0.4408,True,False,1.7242
superglue-fingervein,face,Multi-PIE_genuine_46,040,040,1044,1048,567,265,0.4674,True,0.4392,True,True,2.7434
sgmnet-fingervein,face,Multi-PIE_genuine_46,040,040,2000,2000,956,211,0.2207,True,0.2173,True,True,1.8109
aspanformer,face,Multi-PIE_genuine_46,040,040,1837,1837,1837,957,0.5210,True,0.4960,True,True,2.4818
deepdetect,face,Multi-PIE_genuine_46,040,040,20624,23278,597,560,0.9380,True,0.9380,True,True,0.6926
loftr,face,Multi-PIE_genuine_47,055,055,1862,1862,1862,1175,0.6310,True,0.6234,True,True,1.7441
orb-fingervein,face,Multi-PIE_genuine_47,055,055,4192,4417,478,314,0.6569,True,0.6458,True,True,1.8419
sift-fingervein,face,Multi-PIE_genuine_47,055,055,889,1023,123,78,0.6341,True,0.6233,True,True,1.8449
superglue-fingervein,face,Multi-PIE_genuine_47,055,055,1134,1173,653,366,0.5605,True,0.5317,True,True,2.5552
sgmnet-fingervein,face,Multi-PIE_genuine_47,055,055,2000,2000,913,439,0.4808,True,0.4752,True,True,1.7373
aspanformer,face,Multi-PIE_genuine_47,055,055,2821,2821,2821,1649,0.5845,True,0.5800,True,True,1.6578
deepdetect,face,Multi-PIE_genuine_47,055,055,23637,30799,1315,1279,0.9726,True,0.9726,True,True,1.3106
loftr,face,Multi-PIE_genuine_48,243,243,1411,1411,1411,1045,0.7406,True,0.7246,True,True,1.9358
orb-fingervein,face,Multi-PIE_genuine_48,243,243,3585,3566,316,273,0.8639,True,0.8511,True,True,1.7984
sift-fingervein,face,Multi-PIE_genuine_48,243,243,629,631,76,47,0.6184,True,0.6132,True,True,1.6699
superglue-fingervein,face,Multi-PIE_genuine_48,243,243,706,747,420,241,0.5738,True,0.5427,True,True,2.6145
sgmnet-fingervein,face,Multi-PIE_genuine_48,243,243,2000,1767,968,313,0.3233,True,0.3188,True,True,1.7835
aspanformer,face,Multi-PIE_genuine_48,243,243,2135,2135,2135,1593,0.7461,True,0.7293,True,True,1.9566
deepdetect,face,Multi-PIE_genuine_48,243,243,14662,17057,853,756,0.8863,True,0.8863,True,True,0.8258
loftr,face,Multi-PIE_genuine_49,193,193,1712,1712,1712,1051,0.6139,True,0.5934,True,True,2.1792
orb-fingervein,face,Multi-PIE_genuine_49,193,193,4484,4001,340,244,0.7176,True,0.7065,True,True,1.8131
sift-fingervein,face,Multi-PIE_genuine_49,193,193,874,733,108,47,0.4352,False,0.4250,True,False,1.9717
superglue-fingervein,face,Multi-PIE_genuine_49,193,193,922,794,473,223,0.4715,True,0.4444,True,True,2.6818
sgmnet-fingervein,face,Multi-PIE_genuine_49,193,193,2000,2000,1010,272,0.2693,True,0.2646,True,True,1.8536
aspanformer,face,Multi-PIE_genuine_49,193,193,2479,2479,2479,1477,0.5958,True,0.5727,True,True,2.2897
deepdetect,face,Multi-PIE_genuine_49,193,193,14146,13663,758,716,0.9446,True,0.9446,True,True,1.1963
loftr,face,Multi-PIE_genuine_50,085,085,1461,1461,1461,1182,0.8090,True,0.8038,True,True,1.6308
orb-fingervein,face,Multi-PIE_genuine_50,085,085,1768,1850,456,378,0.8289,True,0.8289,True,True,1.5021
sift-fingervein,face,Multi-PIE_genuine_50,085,085,367,338,94,76,0.8085,True,0.8085,True,True,1.3400
superglue-fingervein,face,Multi-PIE_genuine_50,085,085,557,564,322,206,0.6398,True,0.6180,True,True,2.1915
sgmnet-fingervein,face,Multi-PIE_genuine_50,085,085,2000,2000,961,340,0.3538,True,0.3491,True,True,1.7677
aspanformer,face,Multi-PIE_genuine_50,085,085,2454,2454,2454,2186,0.8908,True,0.8908,True,True,1.3528
deepdetect,face,Multi-PIE_genuine_50,085,085,7544,8314,2482,2400,0.9670,True,0.9670,True,True,0.4939
loftr,face,Multi-PIE_genuine_51,026,026,1456,1456,1456,685,0.4705,True,0.4616,True,True,1.8793
orb-fingervein,face,Multi-PIE_genuine_51,026,026,2854,2756,228,147,0.6447,True,0.6310,True,True,1.9304
sift-fingervein,face,Multi-PIE_genuine_51,026,026,475,472,52,28,0.5385,True,0.5207,True,True,2.1693
superglue-fingervein,face,Multi-PIE_genuine_51,026,026,691,661,365,148,0.4055,True,0.3864,True,True,2.4637
sgmnet-fingervein,face,Multi-PIE_genuine_51,026,026,2000,2000,691,171,0.2475,True,0.2457,True,True,1.6453
aspanformer,face,Multi-PIE_genuine_51,026,026,1949,1949,1949,1027,0.5269,True,0.5205,True,True,1.7462
deepdetect,face,Multi-PIE_genuine_51,026,026,15244,16720,285,263,0.9228,True,0.9228,True,True,1.0575
loftr,face,Multi-PIE_genuine_52,024,024,1525,1525,1525,1017,0.6669,True,0.6523,True,True,1.9421
orb-fingervein,face,Multi-PIE_genuine_52,024,024,3516,3727,418,316,0.7560,True,0.7511,True,True,1.6300
sift-fingervein,face,Multi-PIE_genuine_52,024,024,540,611,92,68,0.7391,True,0.7162,True,True,2.1291
superglue-fingervein,face,Multi-PIE_genuine_52,024,024,630,651,363,186,0.5124,True,0.4861,True,True,2.5526
sgmnet-fingervein,face,Multi-PIE_genuine_52,024,024,2000,2000,1023,301,0.2942,True,0.2906,True,True,1.7451
aspanformer,face,Multi-PIE_genuine_52,024,024,2498,2498,2498,1581,0.6329,True,0.6215,True,True,1.8642
deepdetect,face,Multi-PIE_genuine_52,024,024,14611,15442,782,765,0.9783,True,0.9783,True,True,0.9778
loftr,face,Multi-PIE_genuine_53,096,096,1623,1623,1623,987,0.6081,True,0.5829,True,True,2.3486
orb-fingervein,face,Multi-PIE_genuine_53,096,096,2315,2480,296,242,0.8176,True,0.8083,True,True,1.7278
sift-fingervein,face,Multi-PIE_genuine_53,096,096,423,431,85,51,0.6000,True,0.5977,True,True,1.5767
superglue-fingervein,face,Multi-PIE_genuine_53,096,096,660,711,381,225,0.5906,True,0.5623,True,True,2.4800
sgmnet-fingervein,face,Multi-PIE_genuine_53,096,096,2000,2000,971,215,0.2214,True,0.2189,True,True,1.7321
aspanformer,face,Multi-PIE_genuine_53,096,096,2497,2497,2497,1588,0.6360,True,0.6203,True,True,1.9995
deepdetect,face,Multi-PIE_genuine_53,096,096,9524,9437,629,563,0.8951,True,0.8951,True,True,1.2572
loftr,face,Multi-PIE_genuine_54,025,025,1232,1232,1232,866,0.7029,True,0.6851,True,True,2.0122
orb-fingervein,face,Multi-PIE_genuine_54,025,025,2299,2561,204,163,0.7990,True,0.7714,True,True,2.2046
sift-fingervein,face,Multi-PIE_genuine_54,025,025,349,373,55,36,0.6545,True,0.6276,True,True,2.3399
superglue-fingervein,face,Multi-PIE_genuine_54,025,025,556,576,314,154,0.4904,True,0.4611,True,True,2.7344
sgmnet-fingervein,face,Multi-PIE_genuine_54,025,025,2000,2000,1084,338,0.3118,True,0.3066,True,True,1.8399
aspanformer,face,Multi-PIE_genuine_54,025,025,1747,1747,1747,1112,0.6365,True,0.6196,True,True,2.0393
deepdetect,face,Multi-PIE_genuine_54,025,025,9863,10155,633,567,0.8957,True,0.8957,True,True,0.7428
loftr,face,Multi-PIE_genuine_55,091,091,1527,1527,1527,1178,0.7714,True,0.7641,True,True,1.6907
orb-fingervein,face,Multi-PIE_genuine_55,091,091,3910,3653,651,522,0.8018,True,0.7977,True,True,1.6033
sift-fingervein,face,Multi-PIE_genuine_55,091,091,814,759,132,102,0.7727,True,0.7633,True,True,1.7454
superglue-fingervein,face,Multi-PIE_genuine_55,091,091,751,716,501,273,0.5449,True,0.5196,True,True,2.4513
sgmnet-fingervein,face,Multi-PIE_genuine_55,091,091,2000,2000,1084,473,0.4363,True,0.4306,True,True,1.7663
aspanformer,face,Multi-PIE_genuine_55,091,091,2533,2533,2533,1865,0.7363,True,0.7240,True,True,1.8367
deepdetect,face,Multi-PIE_genuine_55,091,091,12821,11513,2589,2581,0.9969,True,0.9969,True,True,0.7832
loftr,face,Multi-PIE_genuine_56,215,215,1340,1340,1340,774,0.5776,True,0.5680,True,True,1.8358
orb-fingervein,face,Multi-PIE_genuine_56,215,215,3469,2900,341,246,0.7214,True,0.7047,True,True,1.9685
sift-fingervein,face,Multi-PIE_genuine_56,215,215,691,564,99,60,0.6061,True,0.5908,True,True,2.0093
superglue-fingervein,face,Multi-PIE_genuine_56,215,215,821,772,467,199,0.4261,True,0.4045,True,True,2.5406
sgmnet-fingervein,face,Multi-PIE_genuine_56,215,215,2000,2000,1034,293,0.2834,True,0.2790,True,True,1.8136
aspanformer,face,Multi-PIE_genuine_56,215,215,2005,2005,2005,1138,0.5676,True,0.5467,True,True,2.2503
deepdetect,face,Multi-PIE_genuine_56,215,215,12109,19116,699,692,0.9900,True,0.9900,True,True,1.1202
loftr,face,Multi-PIE_genuine_57,087,087,1909,1909,1909,1251,0.6553,True,0.6553,True,True,1.4491
orb-fingervein,face,Multi-PIE_genuine_57,087,087,3114,3097,422,349,0.8270,True,0.8186,True,True,1.7040
sift-fingervein,face,Multi-PIE_genuine_57,087,087,699,677,125,77,0.6160,True,0.6160,True,True,1.4902
superglue-fingervein,face,Multi-PIE_genuine_57,087,087,859,761,441,259,0.5873,True,0.5620,True,True,2.3815
sgmnet-fingervein,face,Multi-PIE_genuine_57,087,087,2000,2000,1042,341,0.3273,True,0.3235,True,True,1.7339
aspanformer,face,Multi-PIE_genuine_57,087,087,2796,2796,2796,1918,0.6860,True,0.6691,True,True,1.9970
deepdetect,face,Multi-PIE_genuine_57,087,087,14395,13340,1105,1072,0.9701,True,0.9701,True,True,0.9051
loftr,face,Multi-PIE_genuine_58,153,153,1212,1212,1212,653,0.5388,True,0.5168,True,True,2.3345
orb-fingervein,face,Multi-PIE_genuine_58,153,153,3648,3634,268,170,0.6343,True,0.6270,True,True,1.7311
sift-fingervein,face,Multi-PIE_genuine_58,153,153,809,805,137,77,0.5620,True,0.5427,True,True,2.2022
superglue-fingervein,face,Multi-PIE_genuine_58,153,153,841,880,445,200,0.4494,True,0.4243,True,True,2.6523
sgmnet-fingervein,face,Multi-PIE_genuine_58,153,153,2000,2000,943,259,0.2747,True,0.2707,True,True,1.7906
aspanformer,face,Multi-PIE_genuine_58,153,153,2231,2231,2231,1695,0.7597,True,0.7438,True,True,1.9232
deepdetect,face,Multi-PIE_genuine_58,153,153,15513,15743,612,558,0.9118,True,0.9118,True,True,1.3256
loftr,face,Multi-PIE_genuine_59,067,067,1742,1742,1742,961,0.5517,True,0.5490,True,True,1.5965
orb-fingervein,face,Multi-PIE_genuine_59,067,067,4188,4389,593,416,0.7015,True,0.6888,True,True,1.8671
sift-fingervein,face,Multi-PIE_genuine_59,067,067,871,966,168,101,0.6012,True,0.5761,True,True,2.3524
superglue-fingervein,face,Multi-PIE_genuine_59,067,067,835,883,539,316,0.5863,True,0.5559,True,True,2.5625
sgmnet-fingervein,face,Multi-PIE_genuine_59,067,067,1851,1867,959,321,0.3347,True,0.3310,True,True,1.7263
aspanformer,face,Multi-PIE_genuine_59,067,067,3214,3214,3214,2304,0.7169,True,0.6945,True,True,2.1332
deepdetect,face,Multi-PIE_genuine_59,067,067,24714,23529,2056,1978,0.9621,True,0.9621,True,True,1.3226
loftr,face,Multi-PIE_genuine_60,204,204,1911,1911,1911,1436,0.7514,True,0.7488,True,True,1.5691
orb-fingervein,face,Multi-PIE_genuine_60,204,204,4105,4189,687,443,0.6448,True,0.6382,True,True,1.7066
sift-fingervein,face,Multi-PIE_genuine_60,204,204,809,853,163,123,0.7546,True,0.7476,True,True,1.6877
superglue-fingervein,face,Multi-PIE_genuine_60,204,204,783,802,488,321,0.6578,True,0.6322,True,True,2.2948
sgmnet-fingervein,face,Multi-PIE_genuine_60,204,204,2000,2000,971,550,0.5664,True,0.5664,True,True,1.4763
aspanformer,face,Multi-PIE_genuine_60,204,204,2624,2624,2624,2290,0.8727,True,0.8672,True,True,1.6270
deepdetect,face,Multi-PIE_genuine_60,204,204,14556,14967,1546,1535,0.9929,True,0.9929,True,True,0.8145
loftr,face,Multi-PIE_genuine_61,011,011,1366,1366,1366,997,0.7299,True,0.7075,True,True,2.1229
orb-fingervein,face,Multi-PIE_genuine_61,011,011,3120,2991,378,311,0.8228,True,0.8150,True,True,1.6891
sift-fingervein,face,Multi-PIE_genuine_61,011,011,509,458,84,56,0.6667,True,0.6608,True,True,1.6780
superglue-fingervein,face,Multi-PIE_genuine_61,011,011,715,652,362,205,0.5663,True,0.5358,True,True,2.6067
sgmnet-fingervein,face,Multi-PIE_genuine_61,011,011,2000,2000,1042,352,0.3378,True,0.3333,True,True,1.7700
aspanformer,face,Multi-PIE_genuine_61,011,011,2158,2158,2158,1605,0.7437,True,0.7209,True,True,2.1241
deepdetect,face,Multi-PIE_genuine_61,011,011,9787,9729,651,628,0.9647,True,0.9647,True,True,0.6895
loftr,face,Multi-PIE_genuine_62,184,184,1463,1463,1463,1036,0.7081,True,0.7081,True,True,1.0815
orb-fingervein,face,Multi-PIE_genuine_62,184,184,2364,2467,405,277,0.6840,True,0.6771,True,True,1.7014
sift-fingervein,face,Multi-PIE_genuine_62,184,184,426,424,104,72,0.6923,True,0.6866,True,True,1.6662
superglue-fingervein,face,Multi-PIE_genuine_62,184,184,476,515,262,166,0.6336,True,0.6085,True,True,2.3086
sgmnet-fingervein,face,Multi-PIE_genuine_62,184,184,2000,2000,1014,444,0.4379,True,0.4341,True,True,1.6729
aspanformer,face,Multi-PIE_genuine_62,184,184,2512,2512,2512,2189,0.8714,True,0.8714,True,True,1.0374
deepdetect,face,Multi-PIE_genuine_62,184,184,5322,5581,702,672,0.9573,True,0.9573,True,True,0.6206
loftr,face,Multi-PIE_genuine_63,116,116,1636,1636,1636,1170,0.7152,True,0.7045,True,True,1.8009
orb-fingervein,face,Multi-PIE_genuine_63,116,116,4254,4250,823,692,0.8408,True,0.8322,True,True,1.7062
sift-fingervein,face,Multi-PIE_genuine_63,116,116,968,958,175,118,0.6743,True,0.6715,True,True,1.5818
superglue-fingervein,face,Multi-PIE_genuine_63,116,116,818,853,500,388,0.7760,True,0.7453,True,True,2.3062
sgmnet-fingervein,face,Multi-PIE_genuine_63,116,116,1833,1963,967,465,0.4809,True,0.4748,True,True,1.7551
aspanformer,face,Multi-PIE_genuine_63,116,116,2711,2711,2711,2465,0.9093,True,0.8882,True,True,1.9684
deepdetect,face,Multi-PIE_genuine_63,116,116,18542,19199,1768,1618,0.9152,True,0.9152,True,True,0.9712
loftr,face,Multi-PIE_genuine_64,136,136,1493,1493,1493,937,0.6276,True,0.5998,True,True,2.4051
orb-fingervein,face,Multi-PIE_genuine_64,136,136,3992,3995,533,469,0.8799,True,0.8535,True,True,2.1089
sift-fingervein,face,Multi-PIE_genuine_64,136,136,839,728,118,73,0.6186,True,0.6083,True,True,1.8373
superglue-fingervein,face,Multi-PIE_genuine_64,136,136,855,901,491,268,0.5458,True,0.5131,True,True,2.7380
sgmnet-fingervein,face,Multi-PIE_genuine_64,136,136,2000,2000,938,311,0.3316,True,0.3259,True,True,1.8426
aspanformer,face,Multi-PIE_genuine_64,136,136,2224,2224,2224,1315,0.5913,True,0.5592,True,True,2.6152
deepdetect,face,Multi-PIE_genuine_64,136,136,12068,13023,501,439,0.8762,True,0.8762,True,True,1.8385
loftr,face,Multi-PIE_genuine_65,032,032,1403,1403,1403,877,0.6251,True,0.6107,True,True,1.9664
orb-fingervein,face,Multi-PIE_genuine_65,032,032,730,643,107,81,0.7570,True,0.7367,True,True,2.0453
sift-fingervein,face,Multi-PIE_genuine_65,032,032,180,197,44,30,0.6818,True,0.6792,True,True,1.5755
superglue-fingervein,face,Multi-PIE_genuine_65,032,032,350,443,205,101,0.4927,True,0.4765,True,True,2.1666
sgmnet-fingervein,face,Multi-PIE_genuine_65,032,032,2000,2000,1018,339,0.3330,True,0.3281,True,True,1.7986
aspanformer,face,Multi-PIE_genuine_65,032,032,2105,2105,2105,1343,0.6380,True,0.6301,True,True,1.7486
deepdetect,face,Multi-PIE_genuine_65,032,032,4909,5230,203,201,0.9901,True,0.9901,True,True,1.1491
loftr,face,Multi-PIE_genuine_66,247,247,1655,1655,1655,1258,0.7601,True,0.7601,True,True,1.0174
orb-fingervein,face,Multi-PIE_genuine_66,247,247,3835,3406,477,327,0.6855,True,0.6805,True,True,1.6484
sift-fingervein,face,Multi-PIE_genuine_66,247,247,778,692,106,63,0.5943,True,0.5828,True,True,1.8907
superglue-fingervein,face,Multi-PIE_genuine_66,247,247,837,824,489,271,0.5542,True,0.5276,True,True,2.4834
sgmnet-fingervein,face,Multi-PIE_genuine_66,247,247,1815,1787,934,311,0.3330,True,0.3282,True,True,1.7913
aspanformer,face,Multi-PIE_genuine_66,247,247,2612,2612,2612,2084,0.7979,True,0.7940,True,True,1.5975
deepdetect,face,Multi-PIE_genuine_66,247,247,17396,19381,1653,1642,0.9933,True,0.9933,True,True,1.1254
loftr,face,Multi-PIE_genuine_67,234,234,1311,1311,1311,925,0.7056,True,0.6908,True,True,1.9217
orb-fingervein,face,Multi-PIE_genuine_67,234,234,2653,2161,274,193,0.7044,True,0.6865,True,True,2.0135
sift-fingervein,face,Multi-PIE_genuine_67,234,234,396,338,77,43,0.5584,True,0.5441,True,True,2.0219
superglue-fingervein,face,Multi-PIE_genuine_67,234,234,546,430,259,124,0.4788,True,0.4531,True,True,2.6036
sgmnet-fingervein,face,Multi-PIE_genuine_67,234,234,2000,2000,943,282,0.2990,True,0.2953,True,True,1.7537
aspanformer,face,Multi-PIE_genuine_67,234,234,1982,1982,1982,1680,0.8476,True,0.8225,True,True,2.1028
deepdetect,face,Multi-PIE_genuine_67,234,234,7755,8090,400,393,0.9825,True,0.9825,True,True,0.8429
loftr,face,Multi-PIE_genuine_68,096,096,1814,1814,1814,1236,0.6814,True,0.6694,True,True,1.8540
orb-fingervein,face,Multi-PIE_genuine_68,096,096,3936,3931,544,443,0.8143,True,0.8090,True,True,1.6307
sift-fingervein,face,Multi-PIE_genuine_68,096,096,695,779,89,59,0.6629,True,0.6507,True,True,1.8727
superglue-fingervein,face,Multi-PIE_genuine_68,096,096,895,812,499,278,0.5571,True,0.5244,True,True,2.7096
sgmnet-fingervein,face,Multi-PIE_genuine_68,096,096,2000,2000,1016,305,0.3002,True,0.2966,True,True,1.7434
aspanformer,face,Multi-PIE_genuine_68,096,096,2442,2442,2442,1807,0.7400,True,0.7228,True,True,1.9688
deepdetect,face,Multi-PIE_genuine_68,096,096,8700,9425,984,888,0.9024,True,0.9024,True,True,0.6835
loftr,face,Multi-PIE_genuine_69,020,020,1590,1590,1590,1012,0.6365,True,0.6210,True,True,1.9916
orb-fingervein,face,Multi-PIE_genuine_69,020,020,3685,3734,197,119,0.6041,True,0.5900,True,True,1.9713
sift-fingervein,face,Multi-PIE_genuine_69,020,020,619,576,92,58,0.6304,True,0.6184,True,True,1.8856
superglue-fingervein,face,Multi-PIE_genuine_69,020,020,647,736,385,224,0.5818,True,0.5513,True,True,2.5781
sgmnet-fingervein,face,Multi-PIE_genuine_69,020,020,2000,2000,1031,319,0.3094,True,0.3065,True,True,1.6904
aspanformer,face,Multi-PIE_genuine_69,020,020,2479,2479,2479,1808,0.7293,True,0.7123,True,True,1.9711
deepdetect,face,Multi-PIE_genuine_69,020,020,10092,10170,433,415,0.9584,True,0.9584,True,True,1.7609
loftr,face,Multi-PIE_genuine_70,140,140,1579,1579,1579,1079,0.6833,True,0.6704,True,True,1.8828
orb-fingervein,face,Multi-PIE_genuine_70,140,140,3133,3069,268,178,0.6642,True,0.6507,True,True,1.9086
sift-fingervein,face,Multi-PIE_genuine_70,140,140,745,711,115,56,0.4870,True,0.4666,True,True,2.3544
superglue-fingervein,face,Multi-PIE_genuine_70,140,140,742,791,382,173,0.4529,True,0.4255,True,True,2.7482
sgmnet-fingervein,face,Multi-PIE_genuine_70,140,140,2000,2000,936,282,0.3013,True,0.2972,True,True,1.7748
aspanformer,face,Multi-PIE_genuine_70,140,140,2854,2854,2854,1728,0.6055,True,0.6019,True,True,1.6174
deepdetect,face,Multi-PIE_genuine_70,140,140,19716,18050,676,646,0.9556,True,0.9556,True,True,1.6097
loftr,face,Multi-PIE_genuine_71,074,074,1565,1565,1565,743,0.4748,True,0.4592,True,True,2.1668
orb-fingervein,face,Multi-PIE_genuine_71,074,074,4304,4345,255,154,0.6039,True,0.5857,True,True,2.1132
sift-fingervein,face,Multi-PIE_genuine_71,074,074,825,906,95,49,0.5158,True,0.4922,True,True,2.4358
superglue-fingervein,face,Multi-PIE_genuine_71,074,074,870,827,472,226,0.4788,True,0.4513,True,True,2.6840
sgmnet-fingervein,face,Multi-PIE_genuine_71,074,074,2000,1901,986,210,0.2130,True,0.2109,True,True,1.6944
aspanformer,face,Multi-PIE_genuine_71,074,074,2219,2219,2219,1319,0.5944,True,0.5624,True,True,2.6081
deepdetect,face,Multi-PIE_genuine_71,074,074,22549,23037,764,628,0.8220,True,0.8220,True,True,2.0392
loftr,face,Multi-PIE_genuine_72,210,210,541,541,541,283,0.5231,True,0.5027,True,True,2.2957
orb-fingervein,face,Multi-PIE_genuine_72,210,210,2830,1641,116,56,0.4828,True,0.4681,True,True,2.1147
sift-fingervein,face,Multi-PIE_genuine_72,210,210,353,283,39,16,0.4103,False,0.4030,True,False,1.8032
superglue-fingervein,face,Multi-PIE_genuine_72,210,210,503,455,208,74,0.3558,True,0.3315,True,True,2.9145
sgmnet-fingervein,face,Multi-PIE_genuine_72,210,210,2000,2000,678,128,0.1888,False,0.1867,True,False,1.7177
aspanformer,face,Multi-PIE_genuine_72,210,210,748,748,748,498,0.6658,True,0.6558,True,True,1.8012
deepdetect,face,Multi-PIE_genuine_72,210,210,8686,6756,100,94,0.9400,True,0.9400,True,True,1.3275
loftr,face,Multi-PIE_genuine_73,159,159,1498,1498,1498,1073,0.7163,True,0.7017,True,True,1.9105
orb-fingervein,face,Multi-PIE_genuine_73,159,159,3025,2634,422,344,0.8152,True,0.7960,True,True,1.9749
sift-fingervein,face,Multi-PIE_genuine_73,159,159,419,403,107,76,0.7103,True,0.6975,True,True,1.8632
superglue-fingervein,face,Multi-PIE_genuine_73,159,159,459,495,287,152,0.5296,True,0.5050,True,True,2.4500
sgmnet-fingervein,face,Multi-PIE_genuine_73,159,159,2000,2000,864,248,0.2870,True,0.2843,True,True,1.6921
aspanformer,face,Multi-PIE_genuine_73,159,159,2048,2048,2048,1637,0.7993,True,0.7811,True,True,1.9622
deepdetect,face,Multi-PIE_genuine_73,159,159,9769,8593,912,890,0.9759,True,0.9759,True,True,0.9560
loftr,face,Multi-PIE_genuine_74,156,156,1420,1420,1420,942,0.6634,True,0.6340,True,True,2.4066
orb-fingervein,face,Multi-PIE_genuine_74,156,156,2689,2705,320,241,0.7531,True,0.7407,True,True,1.8334
sift-fingervein,face,Multi-PIE_genuine_74,156,156,371,375,70,45,0.6429,True,0.6230,True,True,2.1276
superglue-fingervein,face,Multi-PIE_genuine_74,156,156,546,546,299,172,0.5753,True,0.5479,True,True,2.4741
sgmnet-fingervein,face,Multi-PIE_genuine_74,156,156,2000,2000,1014,361,0.3560,True,0.3503,True,True,1.8265
aspanformer,face,Multi-PIE_genuine_74,156,156,2627,2627,2627,2064,0.7857,True,0.7606,True,True,2.1500
deepdetect,face,Multi-PIE_genuine_74,156,156,8182,9011,752,704,0.9362,True,0.9362,True,True,0.9261
loftr,face,Multi-PIE_genuine_75,225,225,1797,1797,1797,1223,0.6806,True,0.6593,True,True,2.1357
orb-fingervein,face,Multi-PIE_genuine_75,225,225,5000,4675,746,551,0.7386,True,0.7278,True,True,1.7937
sift-fingervein,face,Multi-PIE_genuine_75,225,225,1801,1384,198,113,0.5707,True,0.5580,True,True,1.9511
superglue-fingervein,face,Multi-PIE_genuine_75,225,225,1533,1293,748,366,0.4893,True,0.4634,True,True,2.5868
sgmnet-fingervein,face,Multi-PIE_genuine_75,225,225,2000,2000,917,293,0.3195,True,0.3156,True,True,1.7470
aspanformer,face,Multi-PIE_genuine_75,225,225,2814,2814,2814,1789,0.6357,True,0.6100,True,True,2.3273
deepdetect,face,Multi-PIE_genuine_75,225,225,31475,27321,1489,1231,0.8267,True,0.8267,True,True,1.2191
loftr,face,Multi-PIE_genuine_76,219,219,1743,1743,1743,1343,0.7705,True,0.7614,True,True,1.7376
orb-fingervein,face,Multi-PIE_genuine_76,219,219,3821,3220,507,444,0.8757,True,0.8658,True,True,1.7282
sift-fingervein,face,Multi-PIE_genuine_76,219,219,696,613,114,84,0.7368,True,0.7276,True,True,1.7512
superglue-fingervein,face,Multi-PIE_genuine_76,219,219,797,725,497,253,0.5091,True,0.4836,True,True,2.5245
sgmnet-fingervein,face,Multi-PIE_genuine_76,219,219,2000,2000,1004,430,0.4283,True,0.4225,True,True,1.7736
aspanformer,face,Multi-PIE_genuine_76,219,219,2836,2836,2836,2042,0.7200,True,0.7117,True,True,1.7337
deepdetect,face,Multi-PIE_genuine_76,219,219,16712,14580,2290,2061,0.9000,True,0.9000,True,True,0.9268
loftr,face,Multi-PIE_genuine_77,092,092,1620,1620,1620,1164,0.7185,True,0.6950,True,True,2.1652
orb-fingervein,face,Multi-PIE_genuine_77,092,092,512,546,73,54,0.7397,True,0.7196,True,True,2.0530
sift-fingervein,face,Multi-PIE_genuine_77,092,092,165,174,51,28,0.5490,True,0.5315,True,True,2.1487
superglue-fingervein,face,Multi-PIE_genuine_77,092,092,472,499,330,143,0.4333,True,0.4151,True,True,2.3618
sgmnet-fingervein,face,Multi-PIE_genuine_77,092,092,2000,2000,986,198,0.2008,False,0.1985,True,False,1.7275
aspanformer,face,Multi-PIE_genuine_77,092,092,2829,2829,2829,2065,0.7299,True,0.7137,True,True,1.9489
deepdetect,face,Multi-PIE_genuine_77,092,092,6074,5659,282,256,0.9078,True,0.9078,True,True,1.1236
loftr,face,Multi-PIE_genuine_78,146,146,1539,1539,1539,1267,0.8233,True,0.8099,True,True,1.8281
orb-fingervein,face,Multi-PIE_genuine_78,146,146,2971,2800,421,340,0.8076,True,0.7944,True,True,1.8300
sift-fingervein,face,Multi-PIE_genuine_78,146,146,400,399,102,61,0.5980,True,0.5971,True,True,1.5307
superglue-fingervein,face,Multi-PIE_genuine_78,146,146,541,454,275,166,0.6036,True,0.5838,True,True,2.1668
sgmnet-fingervein,face,Multi-PIE_genuine_78,146,146,2000,2000,993,307,0.3092,True,0.3048,True,True,1.7875
aspanformer,face,Multi-PIE_genuine_78,146,146,2176,2176,2176,1562,0.7178,True,0.7120,True,True,1.6631
deepdetect,face,Multi-PIE_genuine_78,146,146,8994,9324,561,538,0.9590,True,0.9590,True,True,0.7622
loftr,face,Multi-PIE_genuine_79,049,049,1831,1831,1831,1552,0.8476,True,0.8214,True,True,2.1284
orb-fingervein,face,Multi-PIE_genuine_79,049,049,2859,2734,557,486,0.8725,True,0.8472,True,True,2.0886
sift-fingervein,face,Multi-PIE_genuine_79,049,049,493,473,156,117,0.7500,True,0.7424,True,True,1.7036
superglue-fingervein,face,Multi-PIE_genuine_79,049,049,562,568,435,210,0.4828,True,0.4595,True,True,2.4885
sgmnet-fingervein,face,Multi-PIE_genuine_79,049,049,2000,2000,1071,495,0.4622,True,0.4569,True,True,1.7286
aspanformer,face,Multi-PIE_genuine_79,049,049,2893,2893,2893,2320,0.8019,True,0.7753,True,True,2.1744
deepdetect,face,Multi-PIE_genuine_79,049,049,9361,9714,1444,1392,0.9640,True,0.9640,True,True,1.1097
loftr,face,Multi-PIE_genuine_80,178,178,1831,1831,1831,1450,0.7919,True,0.7790,True,True,1.8286
orb-fingervein,face,Multi-PIE_genuine_80,178,178,3780,3306,706,659,0.9334,True,0.9245,True,True,1.6932
sift-fingervein,face,Multi-PIE_genuine_80,178,178,710,592,137,106,0.7737,True,0.7604,True,True,1.8478
superglue-fingervein,face,Multi-PIE_genuine_80,178,178,817,764,636,312,0.4906,True,0.4687,True,True,2.4131
sgmnet-fingervein,face,Multi-PIE_genuine_80,178,178,2000,2000,1072,472,0.4403,True,0.4373,True,True,1.6359
aspanformer,face,Multi-PIE_genuine_80,178,178,2702,2702,2702,1901,0.7036,True,0.6879,True,True,1.9511
deepdetect,face,Multi-PIE_genuine_80,178,178,14546,13433,1814,1766,0.9735,True,0.9735,True,True,0.7712
loftr,face,Multi-PIE_genuine_81,018,018,1562,1562,1562,1050,0.6722,True,0.6677,True,True,1.6334
orb-fingervein,face,Multi-PIE_genuine_81,018,018,2835,2766,429,391,0.9114,True,0.8990,True,True,1.7753
sift-fingervein,face,Multi-PIE_genuine_81,018,018,501,477,92,66,0.7174,True,0.7108,True,True,1.6836
superglue-fingervein,face,Multi-PIE_genuine_81,018,018,576,568,344,180,0.5233,True,0.5063,True,True,2.1596
sgmnet-fingervein,face,Multi-PIE_genuine_81,018,018,2000,2000,1049,455,0.4337,True,0.4303,True,True,1.6585
aspanformer,face,Multi-PIE_genuine_81,018,018,2681,2681,2681,2195,0.8187,True,0.8112,True,True,1.6834
deepdetect,face,Multi-PIE_genuine_81,018,018,7277,7023,990,988,0.9980,True,0.9980,True,True,0.9416
loftr,face,Multi-PIE_genuine_82,012,012,1577,1577,1577,1066,0.6760,True,0.6560,True,True,2.0984
orb-fingervein,face,Multi-PIE_genuine_82,012,012,3913,3850,676,485,0.7175,True,0.7064,True,True,1.8105
sift-fingervein,face,Multi-PIE_genuine_82,012,012,772,762,132,87,0.6591,True,0.6483,True,True,1.8313
superglue-fingervein,face,Multi-PIE_genuine_82,012,012,750,761,491,254,0.5173,True,0.4943,True,True,2.4111
sgmnet-fingervein,face,Multi-PIE_genuine_82,012,012,2000,2000,1013,370,0.3653,True,0.3614,True,True,1.7142
aspanformer,face,Multi-PIE_genuine_82,012,012,2656,2656,2656,1723,0.6487,True,0.6313,True,True,2.0447
deepdetect,face,Multi-PIE_genuine_82,012,012,13758,12463,1363,1337,0.9809,True,0.9809,True,True,1.2623
loftr,face,Multi-PIE_genuine_83,167,167,972,972,972,401,0.4126,False,0.3917,True,False,2.5378
orb-fingervein,face,Multi-PIE_genuine_83,167,167,3468,3639,185,104,0.5622,True,0.5344,True,True,2.5143
sift-fingervein,face,Multi-PIE_genuine_83,167,167,628,568,47,15,0.3191,False,0.3180,True,False,1.4009
superglue-fingervein,face,Multi-PIE_genuine_83,167,167,705,708,346,120,0.3468,True,0.3236,True,True,2.8848
sgmnet-fingervein,face,Multi-PIE_genuine_83,167,167,2000,2000,771,71,0.0921,False,0.0912,True,False,1.7039
aspanformer,face,Multi-PIE_genuine_83,167,167,1525,1525,1525,744,0.4879,True,0.4659,True,True,2.4201
deepdetect,face,Multi-PIE_genuine_83,167,167,23247,26952,337,278,0.8249,True,0.8249,True,True,1.3484
loftr,face,Multi-PIE_genuine_84,058,058,1659,1659,1659,1385,0.8348,True,0.8115,True,True,2.0668
orb-fingervein,face,Multi-PIE_genuine_84,058,058,3778,3645,703,559,0.7952,True,0.7803,True,True,1.8779
sift-fingervein,face,Multi-PIE_genuine_84,058,058,681,652,141,99,0.7021,True,0.6996,True,True,1.5720
superglue-fingervein,face,Multi-PIE_genuine_84,058,058,616,686,510,248,0.4863,True,0.4646,True,True,2.4119
sgmnet-fingervein,face,Multi-PIE_genuine_84,058,058,1937,1912,1010,440,0.4356,True,0.4316,True,True,1.6851
aspanformer,face,Multi-PIE_genuine_84,058,058,3007,3007,3007,2391,0.7951,True,0.7920,True,True,1.5797
deepdetect,face,Multi-PIE_genuine_84,058,058,12266,12067,2199,2027,0.9218,True,0.9218,True,True,1.0132
loftr,face,Multi-PIE_genuine_85,195,195,1016,1016,1016,595,0.5856,True,0.5541,True,True,2.6081
orb-fingervein,face,Multi-PIE_genuine_85,195,195,3661,3762,234,159,0.6795,True,0.6746,True,True,1.6434
sift-fingervein,face,Multi-PIE_genuine_85,195,195,508,537,40,24,0.6000,True,0.5824,True,True,2.0912
superglue-fingervein,face,Multi-PIE_genuine_85,195,195,650,624,297,144,0.4848,True,0.4600,True,True,2.5505
sgmnet-fingervein,face,Multi-PIE_genuine_85,195,195,2000,2000,639,70,0.1095,False,0.1082,True,False,1.7559
aspanformer,face,Multi-PIE_genuine_85,195,195,1178,1178,1178,761,0.6460,True,0.6288,True,True,2.0390
deepdetect,face,Multi-PIE_genuine_85,195,195,10181,11228,236,231,0.9788,True,0.9788,True,True,0.6603
loftr,face,Multi-PIE_genuine_86,073,073,1615,1615,1615,1382,0.8557,True,0.8346,True,True,1.9997
orb-fingervein,face,Multi-PIE_genuine_86,073,073,2821,2579,504,456,0.9048,True,0.8840,True,True,1.9641
sift-fingervein,face,Multi-PIE_genuine_86,073,073,432,424,92,65,0.7065,True,0.6922,True,True,1.9087
superglue-fingervein,face,Multi-PIE_genuine_86,073,073,531,511,318,208,0.6541,True,0.6269,True,True,2.3481
sgmnet-fingervein,face,Multi-PIE_genuine_86,073,073,2000,2000,1083,361,0.3333,True,0.3296,True,True,1.7261
aspanformer,face,Multi-PIE_genuine_86,073,073,2431,2431,2431,2199,0.9046,True,0.8908,True,True,1.8074
deepdetect,face,Multi-PIE_genuine_86,073,073,9015,8678,842,813,0.9656,True,0.9656,True,True,0.8519
loftr,face,Multi-PIE_genuine_87,250,250,1342,1342,1342,784,0.5842,True,0.5644,True,True,2.1901
orb-fingervein,face,Multi-PIE_genuine_87,250,250,4422,4529,487,343,0.7043,True,0.6995,True,True,1.6360
sift-fingervein,face,Multi-PIE_genuine_87,250,250,982,1028,107,70,0.6542,True,0.6401,True,True,1.9344
superglue-fingervein,face,Multi-PIE_genuine_87,250,250,881,846,490,264,0.5388,True,0.5117,True,True,2.5327
sgmnet-fingervein,face,Multi-PIE_genuine_87,250,250,2000,2000,978,432,0.4417,True,0.4370,True,True,1.7157
aspanformer,face,Multi-PIE_genuine_87,250,250,1997,1997,1997,1344,0.6730,True,0.6646,True,True,1.7502
deepdetect,face,Multi-PIE_genuine_87,250,250,14714,15815,905,865,0.9558,True,0.9558,True,True,0.6637
loftr,face,Multi-PIE_genuine_88,021,021,1532,1532,1532,947,0.6181,True,0.5922,True,True,2.3592
orb-fingervein,face,Multi-PIE_genuine_88,021,021,3981,3705,319,192,0.6019,True,0.5883,True,True,1.9567
sift-fingervein,face,Multi-PIE_genuine_88,021,021,765,741,85,43,0.5059,True,0.4985,True,True,1.7951
superglue-fingervein,face,Multi-PIE_genuine_88,021,021,807,780,455,211,0.4637,True,0.4397,True,True,2.5639
sgmnet-fingervein,face,Multi-PIE_genuine_88,021,021,2000,2000,1018,338,0.3320,True,0.3280,True,True,1.7420
aspanformer,face,Multi-PIE_genuine_88,021,021,2295,2295,2295,1367,0.5956,True,0.5735,True,True,2.2566
deepdetect,face,Multi-PIE_genuine_88,021,021,14665,16289,384,330,0.8594,True,0.8594,True,True,0.9141
loftr,face,Multi-PIE_genuine_89,217,217,1397,1397,1397,864,0.6185,True,0.6041,True,True,1.9709
orb-fingervein,face,Multi-PIE_genuine_89,217,217,2938,2613,374,306,0.8182,True,0.7950,True,True,2.0738
sift-fingervein,face,Multi-PIE_genuine_89,217,217,485,486,79,52,0.6582,True,0.6449,True,True,1.9098
superglue-fingervein,face,Multi-PIE_genuine_89,217,217,637,598,373,212,0.5684,True,0.5358,True,True,2.6811
sgmnet-fingervein,face,Multi-PIE_genuine_89,217,217,2000,2000,1034,306,0.2959,True,0.2913,True,True,1.8173
aspanformer,face,Multi-PIE_genuine_89,217,217,2204,2204,2204,1609,0.7300,True,0.7274,True,True,1.5735
deepdetect,face,Multi-PIE_genuine_89,217,217,13073,12338,1277,1212,0.9491,True,0.9491,True,True,1.1851
loftr,face,Multi-PIE_genuine_90,059,059,1681,1681,1681,1374,0.8174,True,0.8010,True,True,1.9055
orb-fingervein,face,Multi-PIE_genuine_90,059,059,3552,3287,540,451,0.8352,True,0.8244,True,True,1.7593
sift-fingervein,face,Multi-PIE_genuine_90,059,059,595,618,118,68,0.5763,True,0.5720,True,True,1.6490
superglue-fingervein,face,Multi-PIE_genuine_90,059,059,719,678,399,247,0.6190,True,0.5886,True,True,2.5098
sgmnet-fingervein,face,Multi-PIE_genuine_90,059,059,2000,2000,964,342,0.3548,True,0.3499,True,True,1.7746
aspanformer,face,Multi-PIE_genuine_90,059,059,2526,2526,2526,2076,0.8219,True,0.8087,True,True,1.8236
deepdetect,face,Multi-PIE_genuine_90,059,059,21105,19092,902,833,0.9235,True,0.9235,True,True,1.4193
loftr,face,Multi-PIE_genuine_91,220,220,1683,1683,1683,1285,0.7635,True,0.7571,True,True,1.6680
orb-fingervein,face,Multi-PIE_genuine_91,220,220,3378,3528,519,440,0.8478,True,0.8434,True,True,1.6048
sift-fingervein,face,Multi-PIE_genuine_91,220,220,549,605,92,74,0.8043,True,0.7904,True,True,1.8509
superglue-fingervein,face,Multi-PIE_genuine_91,220,220,753,602,390,238,0.6103,True,0.5863,True,True,2.3025
sgmnet-fingervein,face,Multi-PIE_genuine_91,220,220,2000,2000,1022,441,0.4315,True,0.4282,True,True,1.6525
aspanformer,face,Multi-PIE_genuine_91,220,220,2780,2780,2780,2220,0.7986,True,0.7924,True,True,1.6541
deepdetect,face,Multi-PIE_genuine_91,220,220,11193,12089,1384,1281,0.9256,True,0.9256,True,True,0.5671
loftr,face,Multi-PIE_genuine_92,026,026,1060,1060,1060,579,0.5462,True,0.5253,True,True,2.2820
orb-fingervein,face,Multi-PIE_genuine_92,026,026,994,857,70,51,0.7286,True,0.7171,True,True,1.8173
sift-fingervein,face,Multi-PIE_genuine_92,026,026,168,206,21,12,0.5714,True,0.5644,True,True,1.5561
superglue-fingervein,face,Multi-PIE_genuine_92,026,026,355,383,179,76,0.4246,True,0.3954,True,True,2.9239
sgmnet-fingervein,face,Multi-PIE_genuine_92,026,026,2000,2000,660,94,0.1424,False,0.1409,True,False,1.7204
aspanformer,face,Multi-PIE_genuine_92,026,026,1081,1081,1081,758,0.7012,True,0.6761,True,True,2.2279
deepdetect,face,Multi-PIE_genuine_92,026,026,5322,5787,112,97,0.8661,True,0.8661,True,True,0.5933
loftr,face,Multi-PIE_genuine_93,096,096,1655,1655,1655,1076,0.6502,True,0.6226,True,True,2.3674
orb-fingervein,face,Multi-PIE_genuine_93,096,096,2983,3044,399,328,0.8221,True,0.8066,True,True,1.8785
sift-fingervein,face,Multi-PIE_genuine_93,096,096,543,591,102,64,0.6275,True,0.6218,True,True,1.6805
superglue-fingervein,face,Multi-PIE_genuine_93,096,096,675,698,380,207,0.5447,True,0.5198,True,True,2.4391
sgmnet-fingervein,face,Multi-PIE_genuine_93,096,096,2000,2000,1030,332,0.3223,True,0.3192,True,True,1.6951
aspanformer,face,Multi-PIE_genuine_93,096,096,2373,2373,2373,1579,0.6654,True,0.6506,True,True,1.9496
deepdetect,face,Multi-PIE_genuine_93,096,096,10687,13677,981,973,0.9918,True,0.9918,True,True,0.7435
loftr,face,Multi-PIE_genuine_94,071,071,1473,1473,1473,944,0.6409,True,0.6358,True,True,1.6598
orb-fingervein,face,Multi-PIE_genuine_94,071,071,3310,3171,381,289,0.7585,True,0.7511,True,True,1.6980
sift-fingervein,face,Multi-PIE_genuine_94,071,071,772,752,129,87,0.6744,True,0.6723,True,True,1.5638
superglue-fingervein,face,Multi-PIE_genuine_94,071,071,791,683,411,221,0.5377,True,0.5066,True,True,2.6903
sgmnet-fingervein,face,Multi-PIE_genuine_94,071,071,2000,2000,1033,431,0.4172,True,0.4132,True,True,1.6950
aspanformer,face,Multi-PIE_genuine_94,071,071,2702,2702,2702,1678,0.6210,True,0.6125,True,True,1.7763
deepdetect,face,Multi-PIE_genuine_94,071,071,11279,10648,442,379,0.8575,True,0.8575,True,True,0.7920
loftr,face,Multi-PIE_genuine_95,115,115,1555,1555,1555,1097,0.7055,True,0.6920,True,True,1.8865
orb-fingervein,face,Multi-PIE_genuine_95,115,115,4124,4102,337,221,0.6558,True,0.6437,True,True,1.8713
sift-fingervein,face,Multi-PIE_genuine_95,115,115,1290,1180,166,88,0.5301,True,0.5186,True,True,1.9399
superglue-fingervein,face,Multi-PIE_genuine_95,115,115,826,820,461,231,0.5011,True,0.4763,True,True,2.5166
sgmnet-fingervein,face,Multi-PIE_genuine_95,115,115,2000,2000,1053,403,0.3827,True,0.3773,True,True,1.7831
aspanformer,face,Multi-PIE_genuine_95,115,115,2555,2555,2555,1756,0.6873,True,0.6721,True,True,1.9461
deepdetect,face,Multi-PIE_genuine_95,115,115,25494,27807,681,595,0.8737,True,0.8737,True,True,0.9065
loftr,face,Multi-PIE_genuine_96,161,161,1488,1488,1488,1059,0.7117,True,0.6875,True,True,2.1926
orb-fingervein,face,Multi-PIE_genuine_96,161,161,1090,1102,140,107,0.7643,True,0.7533,True,True,1.7895
sift-fingervein,face,Multi-PIE_genuine_96,161,161,290,275,90,59,0.6556,True,0.6405,True,True,1.9635
superglue-fingervein,face,Multi-PIE_genuine_96,161,161,521,583,302,154,0.5099,True,0.4836,True,True,2.5600
sgmnet-fingervein,face,Multi-PIE_genuine_96,161,161,2000,2000,885,192,0.2169,True,0.2140,True,True,1.7778
aspanformer,face,Multi-PIE_genuine_96,161,161,2304,2304,2304,1668,0.7240,True,0.7078,True,True,1.9506
deepdetect,face,Multi-PIE_genuine_96,161,161,16165,19168,420,338,0.8048,True,0.8048,True,True,1.1560
loftr,face,Multi-PIE_genuine_97,211,211,1426,1426,1426,851,0.5968,True,0.5841,True,True,1.9301
orb-fingervein,face,Multi-PIE_genuine_97,211,211,3967,4009,502,444,0.8845,True,0.8634,True,True,1.9813
sift-fingervein,face,Multi-PIE_genuine_97,211,211,766,697,107,74,0.6916,True,0.6769,True,True,1.9284
superglue-fingervein,face,Multi-PIE_genuine_97,211,211,859,862,501,292,0.5828,True,0.5543,True,True,2.5041
sgmnet-fingervein,face,Multi-PIE_genuine_97,211,211,2000,1993,944,347,0.3676,True,0.3618,True,True,1.8149
aspanformer,face,Multi-PIE_genuine_97,211,211,2522,2522,2522,1831,0.7260,True,0.7109,True,True,1.9215
deepdetect,face,Multi-PIE_genuine_97,211,211,16227,17108,1221,1136,0.9304,True,0.9304,True,True,1.0499
loftr,face,Multi-PIE_genuine_98,092,092,1617,1617,1617,1145,0.7081,True,0.7006,True,True,1.7121
orb-fingervein,face,Multi-PIE_genuine_98,092,092,2591,2405,410,336,0.8195,True,0.8116,True,True,1.6929
sift-fingervein,face,Multi-PIE_genuine_98,092,092,342,346,72,49,0.6806,True,0.6652,True,True,1.9567
superglue-fingervein,face,Multi-PIE_genuine_98,092,092,463,421,242,156,0.6446,True,0.6162,True,True,2.4013
sgmnet-fingervein,face,Multi-PIE_genuine_98,092,092,1870,2000,1001,329,0.3287,True,0.3236,True,True,1.8115
aspanformer,face,Multi-PIE_genuine_98,092,092,2374,2374,2374,1859,0.7831,True,0.7726,True,True,1.7696
deepdetect,face,Multi-PIE_genuine_98,092,092,10121,9926,1641,1547,0.9427,True,0.9427,True,True,0.5851
loftr,face,Multi-PIE_genuine_99,041,041,1258,1258,1258,678,0.5390,True,0.5163,True,True,2.3585
orb-fingervein,face,Multi-PIE_genuine_99,041,041,1555,1411,149,115,0.7718,True,0.7571,True,True,1.8859
sift-fingervein,face,Multi-PIE_genuine_99,041,041,277,281,60,40,0.6667,True,0.6529,True,True,1.9185
superglue-fingervein,face,Multi-PIE_genuine_99,041,041,444,456,277,129,0.4657,True,0.4418,True,True,2.5536
sgmnet-fingervein,face,Multi-PIE_genuine_99,041,041,2000,2000,990,280,0.2828,True,0.2786,True,True,1.7997
aspanformer,face,Multi-PIE_genuine_99,041,041,1816,1816,1816,1246,0.6861,True,0.6648,True,True,2.1312
deepdetect,face,Multi-PIE_genuine_99,041,041,6671,5806,306,284,0.9281,True,0.9281,True,True,1.6244
loftr,face,Multi-PIE_genuine_100,094,094,1690,1690,1690,1081,0.6396,True,0.6295,True,True,1.8188
orb-fingervein,face,Multi-PIE_genuine_100,094,094,1542,1552,260,231,0.8885,True,0.8802,True,True,1.6868
sift-fingervein,face,Multi-PIE_genuine_100,094,094,353,333,91,58,0.6374,True,0.6239,True,True,1.9257
superglue-fingervein,face,Multi-PIE_genuine_100,094,094,515,488,278,160,0.5755,True,0.5498,True,True,2.4164
sgmnet-fingervein,face,Multi-PIE_genuine_100,094,094,2000,2000,1002,301,0.3004,True,0.2961,True,True,1.7912
aspanformer,face,Multi-PIE_genuine_100,094,094,2387,2387,2387,1935,0.8106,True,0.7830,True,True,2.1933
deepdetect,face,Multi-PIE_genuine_100,094,094,7358,8823,532,503,0.9455,True,0.9455,True,True,0.8362
loftr,face,Multi-PIE_genuine_101,090,090,1547,1547,1547,917,0.5928,True,0.5675,True,True,2.3698
orb-fingervein,face,Multi-PIE_genuine_101,090,090,3337,2853,275,165,0.6000,True,0.5892,True,True,1.8623
sift-fingervein,face,Multi-PIE_genuine_101,090,090,796,688,107,65,0.6075,True,0.5960,True,True,1.8824
superglue-fingervein,face,Multi-PIE_genuine_101,090,090,716,643,416,213,0.5120,True,0.4852,True,True,2.5747
sgmnet-fingervein,face,Multi-PIE_genuine_101,090,090,2000,2000,982,342,0.3483,True,0.3422,True,True,1.8499
aspanformer,face,Multi-PIE_genuine_101,090,090,2217,2217,2217,1406,0.6342,True,0.6079,True,True,2.3452
deepdetect,face,Multi-PIE_genuine_101,090,090,11719,8847,160,137,0.8562,True,0.8562,True,True,1.7064
loftr,face,Multi-PIE_genuine_102,053,053,1407,1407,1407,818,0.5814,True,0.5719,True,True,1.8298
orb-fingervein,face,Multi-PIE_genuine_102,053,053,2092,2116,304,192,0.6316,True,0.6127,True,True,2.1058
sift-fingervein,face,Multi-PIE_genuine_102,053,053,326,357,67,41,0.6119,True,0.5920,True,True,2.1632
superglue-fingervein,face,Multi-PIE_genuine_102,053,053,467,533,296,147,0.4966,True,0.4694,True,True,2.6293
sgmnet-fingervein,face,Multi-PIE_genuine_102,053,053,2000,2000,936,295,0.3152,True,0.3108,True,True,1.7821
aspanformer,face,Multi-PIE_genuine_102,053,053,2289,2289,2289,1620,0.7077,True,0.6881,True,True,2.0613
deepdetect,face,Multi-PIE_genuine_102,053,053,8755,9781,712,626,0.8792,True,0.8792,True,True,1.1961
loftr,face,Multi-PIE_genuine_103,169,169,1350,1350,1350,681,0.5044,True,0.4886,True,True,2.1370
orb-fingervein,face,Multi-PIE_genuine_103,169,169,689,727,127,84,0.6614,True,0.6479,True,True,1.9128
sift-fingervein,face,Multi-PIE_genuine_103,169,169,164,177,47,24,0.5106,True,0.5040,True,True,1.7577
superglue-fingervein,face,Multi-PIE_genuine_103,169,169,292,300,165,78,0.4727,True,0.4474,True,True,2.6016
sgmnet-fingervein,face,Multi-PIE_genuine_103,169,169,2000,2000,981,194,0.1978,False,0.1942,True,False,1.8618
aspanformer,face,Multi-PIE_genuine_103,169,169,2196,2196,2196,1272,0.5792,True,0.5538,True,True,2.3989
deepdetect,face,Multi-PIE_genuine_103,169,169,5713,5949,351,341,0.9715,True,0.9715,True,True,0.6563
loftr,face,Multi-PIE_genuine_104,068,068,1504,1504,1504,995,0.6616,True,0.6311,True,True,2.4423
orb-fingervein,face,Multi-PIE_genuine_104,068,068,4114,3873,424,324,0.7642,True,0.7488,True,True,1.9054
sift-fingervein,face,Multi-PIE_genuine_104,068,068,896,909,102,52,0.5098,True,0.4990,True,True,1.9285
superglue-fingervein,face,Multi-PIE_genuine_104,068,068,962,956,529,263,0.4972,True,0.4705,True,True,2.6043
sgmnet-fingervein,face,Multi-PIE_genuine_104,068,068,2000,2000,766,141,0.1841,False,0.1812,True,False,1.8171
aspanformer,face,Multi-PIE_genuine_104,068,068,2392,2392,2392,1495,0.6250,True,0.5968,True,True,2.4245
deepdetect,face,Multi-PIE_genuine_104,068,068,28600,38297,903,870,0.9635,True,0.9635,True,True,0.7883
loftr,face,Multi-PIE_genuine_105,177,177,1205,1205,1205,608,0.5046,True,0.4790,True,True,2.5383
orb-fingervein,face,Multi-PIE_genuine_105,177,177,1956,1884,110,71,0.6455,True,0.6405,True,True,1.6553
sift-fingervein,face,Multi-PIE_genuine_105,177,177,306,256,50,27,0.5400,True,0.5274,True,True,1.9704
superglue-fingervein,face,Multi-PIE_genuine_105,177,177,427,440,227,90,0.3965,True,0.3730,True,True,2.7216
sgmnet-fingervein,face,Multi-PIE_genuine_105,177,177,2000,2000,901,95,0.1054,False,0.1034,True,False,1.8880
aspanformer,face,Multi-PIE_genuine_105,177,177,1360,1360,1360,810,0.5956,True,0.5776,True,True,2.1142
deepdetect,face,Multi-PIE_genuine_105,177,177,5941,6734,246,206,0.8374,True,0.8374,True,True,0.9382
loftr,face,Multi-PIE_genuine_106,238,238,1762,1762,1762,1162,0.6595,True,0.6595,True,True,1.4426
orb-fingervein,face,Multi-PIE_genuine_106,238,238,3697,3247,282,180,0.6383,True,0.6281,True,True,1.8223
sift-fingervein,face,Multi-PIE_genuine_106,238,238,609,453,96,48,0.5000,True,0.4891,True,True,1.9409
superglue-fingervein,face,Multi-PIE_genuine_106,238,238,729,618,378,173,0.4577,True,0.4319,True,True,2.6569
sgmnet-fingervein,face,Multi-PIE_genuine_106,238,238,2000,2000,1045,257,0.2459,True,0.2429,True,True,1.7470
aspanformer,face,Multi-PIE_genuine_106,238,238,2661,2661,2661,1735,0.6520,True,0.6298,True,True,2.1926
deepdetect,face,Multi-PIE_genuine_106,238,238,13836,13564,879,862,0.9807,True,0.9807,True,True,0.9255
loftr,face,Multi-PIE_genuine_107,173,173,1901,1901,1901,1089,0.5729,True,0.5663,True,True,1.7300
orb-fingervein,face,Multi-PIE_genuine_107,173,173,3660,3619,469,269,0.5736,True,0.5585,True,True,2.0309
sift-fingervein,face,Multi-PIE_genuine_107,173,173,728,668,131,55,0.4198,False,0.4024,True,False,2.3470
superglue-fingervein,face,Multi-PIE_genuine_107,173,173,837,808,498,235,0.4719,True,0.4474,True,True,2.5638
sgmnet-fingervein,face,Multi-PIE_genuine_107,173,173,2000,2000,1051,245,0.2331,True,0.2313,True,True,1.6578
aspanformer,face,Multi-PIE_genuine_107,173,173,2978,2978,2978,1436,0.4822,True,0.4677,True,True,2.1101
deepdetect,face,Multi-PIE_genuine_107,173,173,20099,20719,1905,1478,0.7759,True,0.7759,True,True,2.4965
loftr,face,Multi-PIE_genuine_108,164,164,1233,1233,1233,938,0.7607,True,0.7496,True,True,1.7954
orb-fingervein,face,Multi-PIE_genuine_108,164,164,2104,2235,242,159,0.6570,True,0.6475,True,True,1.7916
sift-fingervein,face,Multi-PIE_genuine_108,164,164,318,339,59,40,0.6780,True,0.6611,True,True,2.0053
superglue-fingervein,face,Multi-PIE_genuine_108,164,164,504,439,254,136,0.5354,True,0.5094,True,True,2.4976
sgmnet-fingervein,face,Multi-PIE_genuine_108,164,164,2000,2000,936,276,0.2949,True,0.2904,True,True,1.8040
aspanformer,face,Multi-PIE_genuine_108,164,164,2309,2309,2309,1771,0.7670,True,0.7606,True,True,1.6688
deepdetect,face,Multi-PIE_genuine_108,164,164,6987,8656,747,689,0.9224,True,0.9224,True,True,0.4858
loftr,face,Multi-PIE_genuine_109,018,018,1485,1485,1485,1109,0.7468,True,0.7308,True,True,1.9331
orb-fingervein,face,Multi-PIE_genuine_109,018,018,1252,1217,233,171,0.7339,True,0.7197,True,True,1.8920
sift-fingervein,face,Multi-PIE_genuine_109,018,018,327,301,83,59,0.7108,True,0.6928,True,True,2.0147
superglue-fingervein,face,Multi-PIE_genuine_109,018,018,486,463,254,159,0.6260,True,0.5974,True,True,2.4351
sgmnet-fingervein,face,Multi-PIE_genuine_109,018,018,2000,2000,1036,423,0.4083,True,0.4050,True,True,1.6621
aspanformer,face,Multi-PIE_genuine_109,018,018,2328,2328,2328,1813,0.7788,True,0.7663,True,True,1.8220
deepdetect,face,Multi-PIE_genuine_109,018,018,6296,6011,350,347,0.9914,True,0.9914,True,True,1.1677
loftr,face,Multi-PIE_genuine_110,154,154,482,482,482,230,0.4772,True,0.4549,True,True,2.4549
orb-fingervein,face,Multi-PIE_genuine_110,154,154,393,351,33,22,0.6667,True,0.6629,True,True,1.6049
sift-fingervein,face,Multi-PIE_genuine_110,154,154,67,86,19,7,0.3684,False,0.3530,True,False,1.1540
superglue-fingervein,face,Multi-PIE_genuine_110,154,154,278,239,117,43,0.3675,True,0.3497,True,True,2.4925
sgmnet-fingervein,face,Multi-PIE_genuine_110,154,154,2000,2000,549,80,0.1457,False,0.1446,True,False,1.6522
aspanformer,face,Multi-PIE_genuine_110,154,154,994,994,994,642,0.6459,True,0.6286,True,True,2.0424
deepdetect,face,Multi-PIE_genuine_110,154,154,3507,3441,199,133,0.6683,True,0.6683,True,True,1.6834
loftr,face,Multi-PIE_genuine_111,161,161,1567,1567,1567,1012,0.6458,True,0.6329,True,True,1.9048
orb-fingervein,face,Multi-PIE_genuine_111,161,161,3779,3739,605,368,0.6083,True,0.5921,True,True,2.0376
sift-fingervein,face,Multi-PIE_genuine_111,161,161,721,752,170,112,0.6588,True,0.6495,True,True,1.7864
superglue-fingervein,face,Multi-PIE_genuine_111,161,161,785,730,450,228,0.5067,True,0.4828,True,True,2.4654
sgmnet-fingervein,face,Multi-PIE_genuine_111,161,161,2000,2000,964,399,0.4139,True,0.4087,True,True,1.7541
aspanformer,face,Multi-PIE_genuine_111,161,161,2612,2612,2612,1897,0.7263,True,0.7104,True,True,1.9403
deepdetect,face,Multi-PIE_genuine_111,161,161,17776,15055,1393,1285,0.9225,True,0.9225,True,True,1.6525
loftr,face,Multi-PIE_genuine_112,044,044,1700,1700,1700,1154,0.6788,True,0.6672,True,True,1.8443
orb-fingervein,face,Multi-PIE_genuine_112,044,044,3611,3731,405,329,0.8123,True,0.7989,True,True,1.8329
sift-fingervein,face,Multi-PIE_genuine_112,044,044,605,631,92,65,0.7065,True,0.7029,True,True,1.6042
superglue-fingervein,face,Multi-PIE_genuine_112,044,044,726,715,409,233,0.5697,True,0.5434,True,True,2.4432
sgmnet-fingervein,face,Multi-PIE_genuine_112,044,044,2000,2000,969,318,0.3282,True,0.3234,True,True,1.7917
aspanformer,face,Multi-PIE_genuine_112,044,044,2463,2463,2463,2007,0.8149,True,0.7923,True,True,2.0617
deepdetect,face,Multi-PIE_genuine_112,044,044,15296,14520,625,563,0.9008,True,0.9008,True,True,0.9628
loftr,face,Multi-PIE_genuine_113,135,135,1501,1501,1501,883,0.5883,True,0.5750,True,True,1.9568
orb-fingervein,face,Multi-PIE_genuine_113,135,135,3338,3808,370,267,0.7216,True,0.7059,True,True,1.9410
sift-fingervein,face,Multi-PIE_genuine_113,135,135,669,857,97,69,0.7113,True,0.6988,True,True,1.8568
superglue-fingervein,face,Multi-PIE_genuine_113,135,135,708,807,451,246,0.5455,True,0.5169,True,True,2.5754
sgmnet-fingervein,face,Multi-PIE_genuine_113,135,135,2000,2000,1017,377,0.3707,True,0.3673,True,True,1.6823
aspanformer,face,Multi-PIE_genuine_113,135,135,2431,2431,2431,1439,0.5919,True,0.5819,True,True,1.8436
deepdetect,face,Multi-PIE_genuine_113,135,135,15708,15651,1135,1088,0.9586,True,0.9586,True,True,1.5412
loftr,face,Multi-PIE_genuine_114,184,184,1580,1580,1580,1087,0.6880,True,0.6732,True,True,1.9340
orb-fingervein,face,Multi-PIE_genuine_114,184,184,3843,3677,439,337,0.7677,True,0.7549,True,True,1.8353
sift-fingervein,face,Multi-PIE_genuine_114,184,184,614,587,121,69,0.5702,True,0.5627,True,True,1.7666
superglue-fingervein,face,Multi-PIE_genuine_114,184,184,669,672,497,206,0.4145,True,0.3973,True,True,2.3494
sgmnet-fingervein,face,Multi-PIE_genuine_114,184,184,2000,2000,1028,338,0.3288,True,0.3246,True,True,1.7582
aspanformer,face,Multi-PIE_genuine_114,184,184,2436,2436,2436,1576,0.6470,True,0.6345,True,True,1.8895
deepdetect,face,Multi-PIE_genuine_114,184,184,12999,13963,1038,1034,0.9961,True,0.9961,True,True,1.0608
loftr,face,Multi-PIE_genuine_115,062,062,1662,1662,1662,1255,0.7551,True,0.7407,True,True,1.8847
orb-fingervein,face,Multi-PIE_genuine_115,062,062,3806,3718,701,507,0.7233,True,0.7138,True,True,1.7625
sift-fingervein,face,Multi-PIE_genuine_115,062,062,761,801,145,112,0.7724,True,0.7676,True,True,1.6258
superglue-fingervein,face,Multi-PIE_genuine_115,062,062,832,777,599,308,0.5142,True,0.4912,True,True,2.4150
sgmnet-fingervein,face,Multi-PIE_genuine_115,062,062,1932,1937,968,453,0.4680,True,0.4621,True,True,1.7534
aspanformer,face,Multi-PIE_genuine_115,062,062,2705,2705,2705,2167,0.8011,True,0.7885,True,True,1.8183
deepdetect,face,Multi-PIE_genuine_115,062,062,17660,19024,1941,1938,0.9985,True,0.9985,True,True,0.8907
loftr,face,Multi-PIE_genuine_116,042,042,1552,1552,1552,635,0.4091,False,0.3838,True,False,2.7810
orb-fingervein,face,Multi-PIE_genuine_116,042,042,3517,3131,174,99,0.5690,True,0.5522,True,True,2.0975
sift-fingervein,face,Multi-PIE_genuine_116,042,042,783,761,83,39,0.4699,True,0.4517,True,True,2.2912
superglue-fingervein,face,Multi-PIE_genuine_116,042,042,852,852,444,169,0.3806,True,0.3542,True,True,2.9379
sgmnet-fingervein,face,Multi-PIE_genuine_116,042,042,2000,2000,845,137,0.1621,False,0.1597,True,False,1.7988
aspanformer,face,Multi-PIE_genuine_116,042,042,2181,2181,2181,857,0.3929,False,0.3766,True,False,2.3472
deepdetect,face,Multi-PIE_genuine_116,042,042,11865,8733,136,73,0.5368,True,0.5368,True,True,1.4140
loftr,face,Multi-PIE_genuine_117,117,117,1486,1486,1486,1419,0.9549,True,0.9549,True,True,1.3798
orb-fingervein,face,Multi-PIE_genuine_117,117,117,2901,2666,725,529,0.7297,True,0.7297,True,True,1.4377
sift-fingervein,face,Multi-PIE_genuine_117,117,117,533,510,137,122,0.8905,True,0.8905,True,True,1.1768
superglue-fingervein,face,Multi-PIE_genuine_117,117,117,594,590,397,298,0.7506,True,0.7243,True,True,2.2141
sgmnet-fingervein,face,Multi-PIE_genuine_117,117,117,2000,2000,1072,699,0.6521,True,0.6521,True,True,1.4799
aspanformer,face,Multi-PIE_genuine_117,117,117,2587,2587,2587,2071,0.8005,True,0.7978,True,True,1.5696
deepdetect,face,Multi-PIE_genuine_117,117,117,8470,10608,1827,1823,0.9978,True,0.9978,True,True,0.6155
loftr,face,Multi-PIE_genuine_118,096,096,1733,1733,1733,1131,0.6526,True,0.6283,True,True,2.2597
orb-fingervein,face,Multi-PIE_genuine_118,096,096,3705,3783,568,495,0.8715,True,0.8600,True,True,1.7662
sift-fingervein,face,Multi-PIE_genuine_118,096,096,682,828,119,68,0.5714,True,0.5695,True,True,1.5675
superglue-fingervein,face,Multi-PIE_genuine_118,096,096,693,785,421,212,0.5036,True,0.4721,True,True,2.7893
sgmnet-fingervein,face,Multi-PIE_genuine_118,096,096,2000,2000,1074,331,0.3082,True,0.3042,True,True,1.7579
aspanformer,face,Multi-PIE_genuine_118,096,096,2680,2680,2680,1870,0.6978,True,0.6700,True,True,2.3123
deepdetect,face,Multi-PIE_genuine_118,096,096,11203,10931,1260,1184,0.9397,True,0.9397,True,True,0.7846
loftr,face,Multi-PIE_genuine_119,069,069,1564,1564,1564,1201,0.7679,True,0.7446,True,True,2.1176
orb-fingervein,face,Multi-PIE_genuine_119,069,069,3697,3421,482,367,0.7614,True,0.7482,True,True,1.8487
sift-fingervein,face,Multi-PIE_genuine_119,069,069,749,666,143,87,0.6084,True,0.5890,True,True,2.1468
superglue-fingervein,face,Multi-PIE_genuine_119,069,069,601,670,343,205,0.5977,True,0.5701,True,True,2.4447
sgmnet-fingervein,face,Multi-PIE_genuine_119,069,069,2000,2000,986,388,0.3935,True,0.3888,True,True,1.7383
aspanformer,face,Multi-PIE_genuine_119,069,069,2412,2412,2412,1760,0.7297,True,0.7136,True,True,1.9464
deepdetect,face,Multi-PIE_genuine_119,069,069,13094,12343,938,854,0.9104,True,0.9104,True,True,1.1075
loftr,face,Multi-PIE_genuine_120,235,235,1738,1738,1738,1318,0.7583,True,0.7345,True,True,2.1395
orb-fingervein,face,Multi-PIE_genuine_120,235,235,4693,4438,800,624,0.7800,True,0.7765,True,True,1.5894
sift-fingervein,face,Multi-PIE_genuine_120,235,235,1147,1018,186,111,0.5968,True,0.5909,True,True,1.6970
superglue-fingervein,face,Multi-PIE_genuine_120,235,235,1031,926,578,341,0.5900,True,0.5623,True,True,2.4590
sgmnet-fingervein,face,Multi-PIE_genuine_120,235,235,2000,2000,924,405,0.4383,True,0.4346,True,True,1.6696
aspanformer,face,Multi-PIE_genuine_120,235,235,2837,2837,2837,2269,0.7998,True,0.7913,True,True,1.7127
deepdetect,face,Multi-PIE_genuine_120,235,235,26558,23280,2851,2794,0.9800,True,0.9800,True,True,1.0569
loftr,face,Multi-PIE_genuine_121,162,162,1393,1393,1393,819,0.5879,True,0.5689,True,True,2.1573
orb-fingervein,face,Multi-PIE_genuine_121,162,162,2840,3234,268,214,0.7985,True,0.7882,True,True,1.7611
sift-fingervein,face,Multi-PIE_genuine_121,162,162,582,661,69,40,0.5797,True,0.5623,True,True,2.1096
superglue-fingervein,face,Multi-PIE_genuine_121,162,162,654,709,382,166,0.4346,True,0.4080,True,True,2.7609
sgmnet-fingervein,face,Multi-PIE_genuine_121,162,162,2000,2000,1060,314,0.2962,True,0.2926,True,True,1.7431
aspanformer,face,Multi-PIE_genuine_121,162,162,2189,2189,2189,1179,0.5386,True,0.5135,True,True,2.4542
deepdetect,face,Multi-PIE_genuine_121,162,162,13236,15000,620,582,0.9387,True,0.9387,True,True,1.0383
loftr,face,Multi-PIE_genuine_122,174,174,361,361,361,174,0.4820,True,0.4820,True,True,1.3895
orb-fingervein,face,Multi-PIE_genuine_122,174,174,1116,1131,50,33,0.6600,True,0.6600,True,True,1.5001
sift-fingervein,face,Multi-PIE_genuine_122,174,174,244,242,15,7,0.4667,False,0.4472,True,False,1.2172
superglue-fingervein,face,Multi-PIE_genuine_122,174,174,439,530,199,78,0.3920,True,0.3719,True,True,2.5511
sgmnet-fingervein,face,Multi-PIE_genuine_122,174,174,2000,2000,641,51,0.0796,False,0.0783,True,False,1.8215
aspanformer,face,Multi-PIE_genuine_122,174,174,452,452,452,286,0.6327,True,0.6310,True,True,1.5536
deepdetect,face,Multi-PIE_genuine_122,174,174,5530,6727,184,179,0.9728,True,0.9728,True,True,0.6687
loftr,face,Multi-PIE_genuine_123,141,141,1637,1637,1637,1074,0.6561,True,0.6362,True,True,2.1154
orb-fingervein,face,Multi-PIE_genuine_123,141,141,1219,1068,169,118,0.6982,True,0.6869,True,True,1.8257
sift-fingervein,face,Multi-PIE_genuine_123,141,141,237,234,63,35,0.5556,True,0.5474,True,True,1.7940
superglue-fingervein,face,Multi-PIE_genuine_123,141,141,422,429,312,124,0.3974,True,0.3787,True,True,2.4645
sgmnet-fingervein,face,Multi-PIE_genuine_123,141,141,2000,2000,1061,259,0.2441,True,0.2407,True,True,1.7847
aspanformer,face,Multi-PIE_genuine_123,141,141,2611,2611,2611,1672,0.6404,True,0.6256,True,True,1.9651
deepdetect,face,Multi-PIE_genuine_123,141,141,5931,5841,805,699,0.8683,True,0.8683,True,True,1.6614
loftr,face,Multi-PIE_genuine_124,056,056,1422,1422,1422,922,0.6484,True,0.6384,True,True,1.8111
orb-fingervein,face,Multi-PIE_genuine_124,056,056,4128,4128,578,494,0.8547,True,0.8547,True,True,1.4163
sift-fingervein,face,Multi-PIE_genuine_124,056,056,759,735,124,85,0.6855,True,0.6855,True,True,1.3247
superglue-fingervein,face,Multi-PIE_genuine_124,056,056,696,723,399,175,0.4386,True,0.4205,True,True,2.3432
sgmnet-fingervein,face,Multi-PIE_genuine_124,056,056,2000,2000,852,321,0.3768,True,0.3731,True,True,1.6946
aspanformer,face,Multi-PIE_genuine_124,056,056,2428,2428,2428,1592,0.6557,True,0.6551,True,True,1.5190
deepdetect,face,Multi-PIE_genuine_124,056,056,9738,9099,1007,937,0.9305,True,0.9305,True,True,0.6729
loftr,face,Multi-PIE_genuine_125,173,173,1586,1586,1586,1002,0.6318,True,0.6082,True,True,2.2618
orb-fingervein,face,Multi-PIE_genuine_125,173,173,3917,3607,521,359,0.6891,True,0.6839,True,True,1.6494
sift-fingervein,face,Multi-PIE_genuine_125,173,173,698,628,141,100,0.7092,True,0.6982,True,True,1.8128
superglue-fingervein,face,Multi-PIE_genuine_125,173,173,744,683,438,253,0.5776,True,0.5444,True,True,2.6854
sgmnet-fingervein,face,Multi-PIE_genuine_125,173,173,2000,2000,1028,388,0.3774,True,0.3728,True,True,1.7443
aspanformer,face,Multi-PIE_genuine_125,173,173,2654,2654,2654,1749,0.6590,True,0.6425,True,True,2.0085
deepdetect,face,Multi-PIE_genuine_125,173,173,13435,12723,889,743,0.8358,True,0.8358,True,True,1.3000
loftr,face,Multi-PIE_genuine_126,082,082,1566,1566,1566,1035,0.6609,True,0.6413,True,True,2.1037
orb-fingervein,face,Multi-PIE_genuine_126,082,082,3027,2854,480,390,0.8125,True,0.8013,True,True,1.7778
sift-fingervein,face,Multi-PIE_genuine_126,082,082,479,453,103,60,0.5825,True,0.5701,True,True,1.9319
superglue-fingervein,face,Multi-PIE_genuine_126,082,082,636,636,374,228,0.6096,True,0.5769,True,True,2.6018
sgmnet-fingervein,face,Multi-PIE_genuine_126,082,082,2000,2000,1002,248,0.2475,True,0.2423,True,True,1.9260
aspanformer,face,Multi-PIE_genuine_126,082,082,2622,2622,2622,1726,0.6583,True,0.6464,True,True,1.8642
deepdetect,face,Multi-PIE_genuine_126,082,082,17212,14181,1712,1662,0.9708,True,0.9708,True,True,1.5321
loftr,face,Multi-PIE_genuine_127,214,214,1518,1518,1518,1174,0.7734,True,0.7617,True,True,1.8053
orb-fingervein,face,Multi-PIE_genuine_127,214,214,3865,3533,611,414,0.6776,True,0.6625,True,True,1.9490
sift-fingervein,face,Multi-PIE_genuine_127,214,214,622,588,111,88,0.7928,True,0.7915,True,True,1.5314
superglue-fingervein,face,Multi-PIE_genuine_127,214,214,661,676,399,291,0.7293,True,0.7000,True,True,2.3205
sgmnet-fingervein,face,Multi-PIE_genuine_127,214,214,2000,2000,969,367,0.3787,True,0.3740,True,True,1.7497
aspanformer,face,Multi-PIE_genuine_127,214,214,2220,2220,2220,1856,0.8360,True,0.8238,True,True,1.7942
deepdetect,face,Multi-PIE_genuine_127,214,214,12289,11806,666,653,0.9805,True,0.9805,True,True,1.0958
loftr,face,Multi-PIE_genuine_128,194,194,1638,1638,1638,1095,0.6685,True,0.6580,True,True,1.8165
orb-fingervein,face,Multi-PIE_genuine_128,194,194,3673,3305,434,342,0.7880,True,0.7825,True,True,1.6404
sift-fingervein,face,Multi-PIE_genuine_128,194,194,533,544,119,84,0.7059,True,0.6969,True,True,1.7553
superglue-fingervein,face,Multi-PIE_genuine_128,194,194,701,691,389,248,0.6375,True,0.6117,True,True,2.3258
sgmnet-fingervein,face,Multi-PIE_genuine_128,194,194,2000,2000,991,352,0.3552,True,0.3517,True,True,1.6962
aspanformer,face,Multi-PIE_genuine_128,194,194,2544,2544,2544,1618,0.6360,True,0.6214,True,True,1.9637
deepdetect,face,Multi-PIE_genuine_128,194,194,12311,12008,698,674,0.9656,True,0.9656,True,True,0.7316
loftr,face,Multi-PIE_genuine_129,196,196,1556,1556,1556,966,0.6208,True,0.5976,True,True,2.2640
orb-fingervein,face,Multi-PIE_genuine_129,196,196,4866,4081,527,346,0.6565,True,0.6248,True,True,2.4904
sift-fingervein,face,Multi-PIE_genuine_129,196,196,1394,1059,196,107,0.5459,True,0.5371,True,True,1.8255
superglue-fingervein,face,Multi-PIE_genuine_129,196,196,832,786,499,220,0.4409,True,0.4137,True,True,2.7744
sgmnet-fingervein,face,Multi-PIE_genuine_129,196,196,2000,2000,1044,324,0.3103,True,0.3058,True,True,1.7958
aspanformer,face,Multi-PIE_genuine_129,196,196,2244,2244,2244,1227,0.5468,True,0.5163,True,True,2.6469
deepdetect,face,Multi-PIE_genuine_129,196,196,15109,14520,757,594,0.7847,True,0.7847,True,True,1.4651
loftr,face,Multi-PIE_genuine_130,015,015,1194,1194,1194,727,0.6089,True,0.5906,True,True,2.1092
orb-fingervein,face,Multi-PIE_genuine_130,015,015,4658,4747,283,195,0.6890,True,0.6778,True,True,1.8292
sift-fingervein,face,Multi-PIE_genuine_130,015,015,918,1085,92,45,0.4891,True,0.4775,True,True,1.9832
superglue-fingervein,face,Multi-PIE_genuine_130,015,015,923,887,455,230,0.5055,True,0.4789,True,True,2.5808
sgmnet-fingervein,face,Multi-PIE_genuine_130,015,015,2000,2000,790,254,0.3215,True,0.3190,True,True,1.6597
aspanformer,face,Multi-PIE_genuine_130,015,015,1682,1682,1682,1192,0.7087,True,0.6926,True,True,1.9593
deepdetect,face,Multi-PIE_genuine_130,015,015,16899,16955,504,453,0.8988,True,0.8988,True,True,1.0766
loftr,face,Multi-PIE_genuine_131,058,058,1839,1839,1839,1220,0.6634,True,0.6569,True,True,1.6957
orb-fingervein,face,Multi-PIE_genuine_131,058,058,2997,3146,570,408,0.7158,True,0.7099,True,True,1.6660
sift-fingervein,face,Multi-PIE_genuine_131,058,058,519,517,94,60,0.6383,True,0.6213,True,True,2.0383
superglue-fingervein,face,Multi-PIE_genuine_131,058,058,599,644,365,216,0.5918,True,0.5609,True,True,2.5735
sgmnet-fingervein,face,Multi-PIE_genuine_131,058,058,1858,1818,1014,319,0.3146,True,0.3114,True,True,1.7073
aspanformer,face,Multi-PIE_genuine_131,058,058,2636,2636,2636,1848,0.7011,True,0.7011,True,True,1.4298
deepdetect,face,Multi-PIE_genuine_131,058,058,14516,15056,1798,1672,0.9299,True,0.9299,True,True,0.6322
loftr,face,Multi-PIE_genuine_132,208,208,1385,1385,1385,782,0.5646,True,0.5359,True,True,2.5442
orb-fingervein,face,Multi-PIE_genuine_132,208,208,3713,3566,200,110,0.5500,True,0.5391,True,True,1.9000
sift-fingervein,face,Multi-PIE_genuine_132,208,208,730,687,82,41,0.5000,True,0.4801,True,True,2.3139
superglue-fingervein,face,Multi-PIE_genuine_132,208,208,726,737,393,190,0.4835,True,0.4524,True,True,2.8283
sgmnet-fingervein,face,Multi-PIE_genuine_132,208,208,1984,2000,957,216,0.2257,True,0.2222,True,True,1.8160
aspanformer,face,Multi-PIE_genuine_132,208,208,2474,2474,2474,1404,0.5675,True,0.5490,True,True,2.1616
deepdetect,face,Multi-PIE_genuine_132,208,208,12507,11101,299,253,0.8462,True,0.8462,True,True,0.9678
loftr,face,Multi-PIE_genuine_133,009,009,1320,1320,1320,765,0.5795,True,0.5585,True,True,2.2394
orb-fingervein,face,Multi-PIE_genuine_133,009,009,2699,2850,260,190,0.7308,True,0.7227,True,True,1.7219
sift-fingervein,face,Multi-PIE_genuine_133,009,009,486,498,78,49,0.6282,True,0.6145,True,True,1.9423
superglue-fingervein,face,Multi-PIE_genuine_133,009,009,554,616,316,141,0.4462,True,0.4228,True,True,2.5786
sgmnet-fingervein,face,Multi-PIE_genuine_133,009,009,2000,2000,1228,202,0.1645,False,0.1616,True,False,1.8601
aspanformer,face,Multi-PIE_genuine_133,009,009,2281,2281,2281,1345,0.5897,True,0.5760,True,True,1.9669
deepdetect,face,Multi-PIE_genuine_133,009,009,9843,9552,403,375,0.9305,True,0.9305,True,True,1.2739
loftr,face,Multi-PIE_genuine_134,203,203,1320,1320,1320,1042,0.7894,True,0.7646,True,True,2.1393
orb-fingervein,face,Multi-PIE_genuine_134,203,203,517,488,70,41,0.5857,True,0.5762,True,True,1.8283
sift-fingervein,face,Multi-PIE_genuine_134,203,203,152,134,48,23,0.4792,True,0.4676,True,True,1.9826
superglue-fingervein,face,Multi-PIE_genuine_134,203,203,378,375,194,115,0.5928,True,0.5615,True,True,2.5845
sgmnet-fingervein,face,Multi-PIE_genuine_134,203,203,2000,2000,943,262,0.2778,True,0.2736,True,True,1.8062
aspanformer,face,Multi-PIE_genuine_134,203,203,2135,2135,2135,1559,0.7302,True,0.7200,True,True,1.7809
deepdetect,face,Multi-PIE_genuine_134,203,203,3638,4047,199,171,0.8593,True,0.8593,True,True,1.2319
loftr,face,Multi-PIE_genuine_135,080,080,1243,1243,1243,771,0.6203,True,0.6037,True,True,2.0427
orb-fingervein,face,Multi-PIE_genuine_135,080,080,1010,992,70,43,0.6143,True,0.6122,True,True,1.5694
sift-fingervein,face,Multi-PIE_genuine_135,080,080,282,235,53,27,0.5094,True,0.5012,True,True,1.8227
superglue-fingervein,face,Multi-PIE_genuine_135,080,080,440,415,208,102,0.4904,True,0.4634,True,True,2.6328
sgmnet-fingervein,face,Multi-PIE_genuine_135,080,080,2000,2000,930,265,0.2849,True,0.2812,True,True,1.7642
aspanformer,face,Multi-PIE_genuine_135,080,080,1993,1993,1993,1095,0.5494,True,0.5378,True,True,1.9263
deepdetect,face,Multi-PIE_genuine_135,080,080,8040,4032,241,171,0.7095,True,0.7095,True,True,0.6795
loftr,face,Multi-PIE_genuine_136,102,102,831,831,831,295,0.3550,False,0.3417,True,False,2.2611
orb-fingervein,face,Multi-PIE_genuine_136,102,102,3895,4779,160,107,0.6687,True,0.6687,True,True,1.4871
sift-fingervein,face,Multi-PIE_genuine_136,102,102,876,1388,60,22,0.3667,False,0.3523,True,False,2.2949
superglue-fingervein,face,Multi-PIE_genuine_136,102,102,816,968,381,152,0.3990,True,0.3754,True,True,2.7175
sgmnet-fingervein,face,Multi-PIE_genuine_136,102,102,2000,2000,483,87,0.1801,False,0.1777,True,False,1.7669
aspanformer,face,Multi-PIE_genuine_136,102,102,1206,1206,1206,662,0.5489,True,0.5357,True,True,1.9877
deepdetect,face,Multi-PIE_genuine_136,102,102,23292,36209,177,155,0.8757,True,0.8757,True,True,1.3138
loftr,face,Multi-PIE_genuine_137,068,068,1483,1483,1483,1045,0.7047,True,0.6852,True,True,2.0605
orb-fingervein,face,Multi-PIE_genuine_137,068,068,2778,2476,308,186,0.6039,True,0.5989,True,True,1.6649
sift-fingervein,face,Multi-PIE_genuine_137,068,068,472,462,83,52,0.6265,True,0.6128,True,True,1.9419
superglue-fingervein,face,Multi-PIE_genuine_137,068,068,591,553,308,182,0.5909,True,0.5614,True,True,2.5232
sgmnet-fingervein,face,Multi-PIE_genuine_137,068,068,2000,2000,796,234,0.2940,True,0.2904,True,True,1.7458
aspanformer,face,Multi-PIE_genuine_137,068,068,2045,2045,2045,1442,0.7051,True,0.6976,True,True,1.7137
deepdetect,face,Multi-PIE_genuine_137,068,068,9238,9383,438,394,0.8995,True,0.8995,True,True,1.0769
loftr,face,Multi-PIE_genuine_138,017,017,1078,1078,1078,499,0.4629,False,0.4475,True,False,2.1758
orb-fingervein,face,Multi-PIE_genuine_138,017,017,2561,3064,113,60,0.5310,True,0.5242,True,True,1.7552
sift-fingervein,face,Multi-PIE_genuine_138,017,017,411,448,29,13,0.4483,False,0.4404,True,False,1.7146
superglue-fingervein,face,Multi-PIE_genuine_138,017,017,482,552,266,124,0.4662,True,0.4367,True,True,2.8055
sgmnet-fingervein,face,Multi-PIE_genuine_138,017,017,2000,2000,739,107,0.1448,False,0.1417,True,False,1.9282
aspanformer,face,Multi-PIE_genuine_138,017,017,1468,1468,1468,900,0.6131,True,0.6007,True,True,1.9078
deepdetect,face,Multi-PIE_genuine_138,017,017,10876,13953,169,133,0.7870,True,0.7870,True,True,1.0939
loftr,face,Multi-PIE_genuine_139,054,054,2042,2042,2042,1434,0.7023,True,0.7023,True,True,1.1355
orb-fingervein,face,Multi-PIE_genuine_139,054,054,4105,4065,746,564,0.7560,True,0.7560,True,True,1.3622
sift-fingervein,face,Multi-PIE_genuine_139,054,054,785,834,181,137,0.7569,True,0.7562,True,True,1.5192
superglue-fingervein,face,Multi-PIE_genuine_139,054,054,880,860,586,355,0.6058,True,0.5842,True,True,2.2276
sgmnet-fingervein,face,Multi-PIE_genuine_139,054,054,2000,2000,1062,466,0.4388,True,0.4379,True,True,1.5395
aspanformer,face,Multi-PIE_genuine_139,054,054,3437,3437,3437,2356,0.6855,True,0.6772,True,True,1.7442
deepdetect,face,Multi-PIE_genuine_139,054,054,17896,18285,2514,2512,0.9992,True,0.9992,True,True,0.6636
loftr,face,Multi-PIE_genuine_140,232,232,1647,1647,1647,1147,0.6964,True,0.6882,True,True,1.7384
orb-fingervein,face,Multi-PIE_genuine_140,232,232,3642,3557,643,485,0.7543,True,0.7527,True,True,1.5421
sift-fingervein,face,Multi-PIE_genuine_140,232,232,714,644,153,119,0.7778,True,0.7749,True,True,1.5749
superglue-fingervein,face,Multi-PIE_genuine_140,232,232,784,812,504,314,0.6230,True,0.5966,True,True,2.3675
sgmnet-fingervein,face,Multi-PIE_genuine_140,232,232,2000,2000,983,403,0.4100,True,0.4076,True,True,1.6149
aspanformer,face,Multi-PIE_genuine_140,232,232,2657,2657,2657,1934,0.7279,True,0.7152,True,True,1.8525
deepdetect,face,Multi-PIE_genuine_140,232,232,10967,11546,1011,870,0.8605,True,0.8605,True,True,1.1463
loftr,face,Multi-PIE_genuine_141,239,239,1552,1552,1552,862,0.5554,True,0.5408,True,True,2.0317
orb-fingervein,face,Multi-PIE_genuine_141,239,239,3772,3536,542,450,0.8303,True,0.8223,True,True,1.6928
sift-fingervein,face,Multi-PIE_genuine_141,239,239,781,731,124,81,0.6532,True,0.6532,True,True,1.4342
superglue-fingervein,face,Multi-PIE_genuine_141,239,239,764,788,432,272,0.6296,True,0.6042,True,True,2.3249
sgmnet-fingervein,face,Multi-PIE_genuine_141,239,239,2000,2000,992,370,0.3730,True,0.3694,True,True,1.6920
aspanformer,face,Multi-PIE_genuine_141,239,239,2410,2410,2410,1589,0.6593,True,0.6561,True,True,1.5976
deepdetect,face,Multi-PIE_genuine_141,239,239,18629,15001,1313,1294,0.9855,True,0.9855,True,True,0.9618
loftr,face,Multi-PIE_genuine_142,143,143,1624,1624,1624,1214,0.7475,True,0.7468,True,True,1.5190
orb-fingervein,face,Multi-PIE_genuine_142,143,143,2669,2367,657,616,0.9376,True,0.9376,True,True,1.4855
sift-fingervein,face,Multi-PIE_genuine_142,143,143,434,425,121,90,0.7438,True,0.7438,True,True,1.3943
superglue-fingervein,face,Multi-PIE_genuine_142,143,143,572,513,316,197,0.6234,True,0.6035,True,True,2.1495
sgmnet-fingervein,face,Multi-PIE_genuine_142,143,143,2000,2000,1044,521,0.4990,True,0.4975,True,True,1.5631
aspanformer,face,Multi-PIE_genuine_142,143,143,2318,2318,2318,1853,0.7994,True,0.7968,True,True,1.5641
deepdetect,face,Multi-PIE_genuine_142,143,143,10467,10002,1911,1769,0.9257,True,0.9257,True,True,0.6233
loftr,face,Multi-PIE_genuine_143,222,222,1712,1712,1712,1327,0.7751,True,0.7678,True,True,1.6904
orb-fingervein,face,Multi-PIE_genuine_143,222,222,4311,4020,752,681,0.9056,True,0.8892,True,True,1.8653
sift-fingervein,face,Multi-PIE_genuine_143,222,222,986,911,173,128,0.7399,True,0.7350,True,True,1.6332
superglue-fingervein,face,Multi-PIE_genuine_143,222,222,820,783,469,273,0.5821,True,0.5530,True,True,2.5258
sgmnet-fingervein,face,Multi-PIE_genuine_143,222,222,2000,2000,966,495,0.5124,True,0.5095,True,True,1.6142
aspanformer,face,Multi-PIE_genuine_143,222,222,2854,2854,2854,2364,0.8283,True,0.8179,True,True,1.7530
deepdetect,face,Multi-PIE_genuine_143,222,222,17490,16051,1994,1982,0.9940,True,0.9940,True,True,1.1930
loftr,face,Multi-PIE_genuine_144,181,181,1224,1224,1224,678,0.5539,True,0.5225,True,True,2.6665
orb-fingervein,face,Multi-PIE_genuine_144,181,181,1770,2648,72,49,0.6806,True,0.6786,True,True,1.5584
sift-fingervein,face,Multi-PIE_genuine_144,181,181,474,592,34,16,0.4706,True,0.4572,True,True,2.0240
superglue-fingervein,face,Multi-PIE_genuine_144,181,181,516,599,240,104,0.4333,True,0.4111,True,True,2.5521
sgmnet-fingervein,face,Multi-PIE_genuine_144,181,181,2000,2000,854,239,0.2799,True,0.2765,True,True,1.7446
aspanformer,face,Multi-PIE_genuine_144,181,181,1844,1844,1844,996,0.5401,True,0.5146,True,True,2.4670
deepdetect,face,Multi-PIE_genuine_144,181,181,6712,9120,14,13,0.9286,True,0.9286,True,True,1.1370
loftr,face,Multi-PIE_genuine_145,080,080,1120,1120,1120,530,0.4732,True,0.4556,True,True,2.2576
orb-fingervein,face,Multi-PIE_genuine_145,080,080,3631,4131,124,62,0.5000,True,0.4864,True,True,2.0504
sift-fingervein,face,Multi-PIE_genuine_145,080,080,862,1004,58,34,0.5862,True,0.5693,True,True,2.0851
superglue-fingervein,face,Multi-PIE_genuine_145,080,080,775,869,441,183,0.4150,True,0.3897,True,True,2.7555
sgmnet-fingervein,face,Multi-PIE_genuine_145,080,080,2000,2000,1024,270,0.2637,True,0.2600,True,True,1.7792
aspanformer,face,Multi-PIE_genuine_145,080,080,1612,1612,1612,856,0.5310,True,0.5145,True,True,2.1333
deepdetect,face,Multi-PIE_genuine_145,080,080,18936,21313,412,344,0.8350,True,0.8350,True,True,0.9408
loftr,face,Multi-PIE_genuine_146,054,054,1709,1709,1709,1303,0.7624,True,0.7469,True,True,1.9117
orb-fingervein,face,Multi-PIE_genuine_146,054,054,3045,3013,530,444,0.8377,True,0.8186,True,True,1.9614
sift-fingervein,face,Multi-PIE_genuine_146,054,054,476,533,102,79,0.7745,True,0.7622,True,True,1.8217
superglue-fingervein,face,Multi-PIE_genuine_146,054,054,605,583,376,229,0.6090,True,0.5805,True,True,2.4602
sgmnet-fingervein,face,Multi-PIE_genuine_146,054,054,2000,2000,1030,441,0.4282,True,0.4221,True,True,1.7844
aspanformer,face,Multi-PIE_genuine_146,054,054,2644,2644,2644,2052,0.7761,True,0.7699,True,True,1.6614
deepdetect,face,Multi-PIE_genuine_146,054,054,12979,12388,2309,2299,0.9957,True,0.9957,True,True,0.9990
loftr,face,Multi-PIE_genuine_147,166,166,1392,1392,1392,981,0.7047,True,0.7047,True,True,1.4403
orb-fingervein,face,Multi-PIE_genuine_147,166,166,2318,2614,228,166,0.7281,True,0.7067,True,True,2.0958
sift-fingervein,face,Multi-PIE_genuine_147,166,166,401,464,62,35,0.5645,True,0.5540,True,True,1.8766
superglue-fingervein,face,Multi-PIE_genuine_147,166,166,615,622,347,167,0.4813,True,0.4587,True,True,2.4615
sgmnet-fingervein,face,Multi-PIE_genuine_147,166,166,2000,2000,970,247,0.2546,True,0.2518,True,True,1.7244
aspanformer,face,Multi-PIE_genuine_147,166,166,1915,1915,1915,1441,0.7525,True,0.7522,True,True,1.5080
deepdetect,face,Multi-PIE_genuine_147,166,166,7557,9204,349,334,0.9570,True,0.9570,True,True,0.9793
loftr,face,Multi-PIE_genuine_148,126,126,1227,1227,1227,465,0.3790,False,0.3554,True,False,2.7862
orb-fingervein,face,Multi-PIE_genuine_148,126,126,4068,3869,178,81,0.4551,False,0.4334,True,False,2.4766
sift-fingervein,face,Multi-PIE_genuine_148,126,126,865,810,64,18,0.2812,False,0.2735,True,False,2.0350
superglue-fingervein,face,Multi-PIE_genuine_148,126,126,975,867,469,156,0.3326,True,0.3107,True,True,2.8663
sgmnet-fingervein,face,Multi-PIE_genuine_148,126,126,2000,2000,762,99,0.1299,False,0.1284,True,False,1.7313
aspanformer,face,Multi-PIE_genuine_148,126,126,1637,1637,1637,788,0.4814,True,0.4548,True,True,2.6364
deepdetect,face,Multi-PIE_genuine_148,126,126,22084,20935,91,59,0.6484,True,0.6484,True,True,1.5019
loftr,face,Multi-PIE_genuine_149,100,100,1474,1474,1474,677,0.4593,False,0.4443,True,False,2.1633
orb-fingervein,face,Multi-PIE_genuine_149,100,100,3675,4267,217,127,0.5853,True,0.5771,True,True,1.7792
sift-fingervein,face,Multi-PIE_genuine_149,100,100,770,1013,65,36,0.5538,True,0.5481,True,True,1.7072
superglue-fingervein,face,Multi-PIE_genuine_149,100,100,876,937,471,168,0.3567,True,0.3366,True,True,2.6616
sgmnet-fingervein,face,Multi-PIE_genuine_149,100,100,2000,2000,825,186,0.2255,True,0.2232,True,True,1.7023
aspanformer,face,Multi-PIE_genuine_149,100,100,2259,2259,2259,1074,0.4754,True,0.4685,True,True,1.7941
deepdetect,face,Multi-PIE_genuine_149,100,100,11021,13814,177,167,0.9435,True,0.9435,True,True,1.2589
loftr,face,Multi-PIE_genuine_150,224,224,1691,1691,1691,904,0.5346,True,0.5104,True,True,2.4272
orb-fingervein,face,Multi-PIE_genuine_150,224,224,1304,1201,115,91,0.7913,True,0.7647,True,True,2.1829
sift-fingervein,face,Multi-PIE_genuine_150,224,224,338,254,62,31,0.5000,True,0.4746,True,True,2.5425
superglue-fingervein,face,Multi-PIE_genuine_150,224,224,547,509,275,122,0.4436,True,0.4146,True,True,2.8520
sgmnet-fingervein,face,Multi-PIE_genuine_150,224,224,2000,2000,1078,217,0.2013,False,0.1984,True,False,1.7864
aspanformer,face,Multi-PIE_genuine_150,224,224,2227,2227,2227,1369,0.6147,True,0.5866,True,True,2.4372
deepdetect,face,Multi-PIE_genuine_150,224,224,7082,6770,252,220,0.8730,True,0.8730,True,True,1.4420
loftr,face,Multi-PIE_genuine_151,232,232,1778,1778,1778,1500,0.8436,True,0.8396,True,True,1.5966
orb-fingervein,face,Multi-PIE_genuine_151,232,232,3136,2904,637,503,0.7896,True,0.7896,True,True,1.4769
sift-fingervein,face,Multi-PIE_genuine_151,232,232,535,482,124,101,0.8145,True,0.8145,True,True,1.3556
superglue-fingervein,face,Multi-PIE_genuine_151,232,232,606,567,349,232,0.6648,True,0.6452,True,True,2.0975
sgmnet-fingervein,face,Multi-PIE_genuine_151,232,232,2000,2000,1027,553,0.5385,True,0.5358,True,True,1.6003
aspanformer,face,Multi-PIE_genuine_151,232,232,2618,2618,2618,2207,0.8430,True,0.8430,True,True,1.3912
deepdetect,face,Multi-PIE_genuine_151,232,232,13503,12484,2146,2036,0.9487,True,0.9487,True,True,0.5169
loftr,face,Multi-PIE_genuine_152,163,163,1465,1465,1465,982,0.6703,True,0.6447,True,True,2.2780
orb-fingervein,face,Multi-PIE_genuine_152,163,163,3582,3284,289,198,0.6851,True,0.6630,True,True,2.1578
sift-fingervein,face,Multi-PIE_genuine_152,163,163,666,618,84,59,0.7024,True,0.6906,True,True,1.8391
superglue-fingervein,face,Multi-PIE_genuine_152,163,163,766,755,403,245,0.6079,True,0.5782,True,True,2.5044
sgmnet-fingervein,face,Multi-PIE_genuine_152,163,163,2000,2000,950,331,0.3484,True,0.3430,True,True,1.8143
aspanformer,face,Multi-PIE_genuine_152,163,163,2266,2266,2266,1429,0.6306,True,0.6232,True,True,1.7374
deepdetect,face,Multi-PIE_genuine_152,163,163,11919,11569,257,214,0.8327,True,0.8327,True,True,2.0720
loftr,face,Multi-PIE_genuine_153,116,116,1565,1565,1565,1228,0.7847,True,0.7728,True,True,1.8056
orb-fingervein,face,Multi-PIE_genuine_153,116,116,3431,3481,441,340,0.7710,True,0.7602,True,True,1.7811
sift-fingervein,face,Multi-PIE_genuine_153,116,116,609,568,114,75,0.6579,True,0.6559,True,True,1.5612
superglue-fingervein,face,Multi-PIE_genuine_153,116,116,669,701,368,262,0.7120,True,0.6750,True,True,2.5656
sgmnet-fingervein,face,Multi-PIE_genuine_153,116,116,2000,2000,1051,377,0.3587,True,0.3534,True,True,1.8004
aspanformer,face,Multi-PIE_genuine_153,116,116,2549,2549,2549,2127,0.8344,True,0.8306,True,True,1.5930
deepdetect,face,Multi-PIE_genuine_153,116,116,12874,12817,1235,1129,0.9142,True,0.9142,True,True,1.1908
loftr,face,Multi-PIE_genuine_154,037,037,800,800,800,341,0.4263,False,0.4136,True,False,2.1029
orb-fingervein,face,Multi-PIE_genuine_154,037,037,3785,4171,122,51,0.4180,False,0.4100,True,False,1.8857
sift-fingervein,face,Multi-PIE_genuine_154,037,037,930,1054,77,28,0.3636,False,0.3543,True,False,2.0178
superglue-fingervein,face,Multi-PIE_genuine_154,037,037,830,953,410,151,0.3683,True,0.3472,True,True,2.6803
sgmnet-fingervein,face,Multi-PIE_genuine_154,037,037,2000,2000,651,98,0.1505,False,0.1497,True,False,1.6139
aspanformer,face,Multi-PIE_genuine_154,037,037,1276,1276,1276,652,0.5110,True,0.4939,True,True,2.1780
deepdetect,face,Multi-PIE_genuine_154,037,037,9843,9268,80,63,0.7875,True,0.7875,True,True,0.6083
loftr,face,Multi-PIE_genuine_155,067,067,1492,1492,1492,965,0.6468,True,0.6194,True,True,2.3651
orb-fingervein,face,Multi-PIE_genuine_155,067,067,1959,1782,278,180,0.6475,True,0.6311,True,True,2.0124
sift-fingervein,face,Multi-PIE_genuine_155,067,067,467,429,85,48,0.5647,True,0.5533,True,True,1.9095
superglue-fingervein,face,Multi-PIE_genuine_155,067,067,660,649,357,198,0.5546,True,0.5245,True,True,2.6164
sgmnet-fingervein,face,Multi-PIE_genuine_155,067,067,2000,2000,871,202,0.2319,True,0.2273,True,True,1.9033
aspanformer,face,Multi-PIE_genuine_155,067,067,2266,2266,2266,1307,0.5768,True,0.5551,True,True,2.2665
deepdetect,face,Multi-PIE_genuine_155,067,067,10891,10313,421,377,0.8955,True,0.8955,True,True,1.2950
loftr,face,Multi-PIE_genuine_156,036,036,1775,1775,1775,1066,0.6006,True,0.5792,True,True,2.2247
orb-fingervein,face,Multi-PIE_genuine_156,036,036,3091,3374,409,284,0.6944,True,0.6719,True,True,2.1585
sift-fingervein,face,Multi-PIE_genuine_156,036,036,616,737,114,53,0.4649,True,0.4555,True,True,1.9083
superglue-fingervein,face,Multi-PIE_genuine_156,036,036,792,824,497,217,0.4366,True,0.4105,True,True,2.7336
sgmnet-fingervein,face,Multi-PIE_genuine_156,036,036,2000,2000,999,244,0.2442,True,0.2419,True,True,1.6898
aspanformer,face,Multi-PIE_genuine_156,036,036,2466,2466,2466,1664,0.6748,True,0.6518,True,True,2.1930
deepdetect,face,Multi-PIE_genuine_156,036,036,13993,18324,581,509,0.8761,True,0.8761,True,True,1.2394
loftr,face,Multi-PIE_genuine_157,063,063,1812,1812,1812,1456,0.8035,True,0.7930,True,True,1.7629
orb-fingervein,face,Multi-PIE_genuine_157,063,063,3487,3481,452,405,0.8960,True,0.8876,True,True,1.6879
sift-fingervein,face,Multi-PIE_genuine_157,063,063,599,608,97,64,0.6598,True,0.6576,True,True,1.5653
superglue-fingervein,face,Multi-PIE_genuine_157,063,063,700,726,396,222,0.5606,True,0.5353,True,True,2.4228
sgmnet-fingervein,face,Multi-PIE_genuine_157,063,063,2000,2000,1018,271,0.2662,True,0.2622,True,True,1.8057
aspanformer,face,Multi-PIE_genuine_157,063,063,2617,2617,2617,2418,0.9240,True,0.9073,True,True,1.8637
deepdetect,face,Multi-PIE_genuine_157,063,063,17990,14176,1608,1515,0.9422,True,0.9422,True,True,0.8098
loftr,face,Multi-PIE_genuine_158,188,188,1398,1398,1398,933,0.6674,True,0.6456,True,True,2.1644
orb-fingervein,face,Multi-PIE_genuine_158,188,188,4056,3693,609,507,0.8325,True,0.8325,True,True,1.4947
sift-fingervein,face,Multi-PIE_genuine_158,188,188,664,561,114,79,0.6930,True,0.6930,True,True,1.4433
superglue-fingervein,face,Multi-PIE_genuine_158,188,188,771,677,423,248,0.5863,True,0.5635,True,True,2.2932
sgmnet-fingervein,face,Multi-PIE_genuine_158,188,188,2000,2000,1029,351,0.3411,True,0.3382,True,True,1.6717
aspanformer,face,Multi-PIE_genuine_158,188,188,2123,2123,2123,1547,0.7287,True,0.7155,True,True,1.8655
deepdetect,face,Multi-PIE_genuine_158,188,188,12097,11008,1013,994,0.9812,True,0.9812,True,True,0.7256
loftr,face,Multi-PIE_genuine_159,142,142,1150,1150,1150,647,0.5626,True,0.5387,True,True,2.3676
orb-fingervein,face,Multi-PIE_genuine_159,142,142,2692,2671,151,101,0.6689,True,0.6462,True,True,2.1889
sift-fingervein,face,Multi-PIE_genuine_159,142,142,417,390,48,26,0.5417,True,0.5185,True,True,2.3732
superglue-fingervein,face,Multi-PIE_genuine_159,142,142,513,491,263,114,0.4335,True,0.4101,True,True,2.6074
sgmnet-fingervein,face,Multi-PIE_genuine_159,142,142,2000,2000,745,110,0.1477,False,0.1462,True,False,1.7030
aspanformer,face,Multi-PIE_genuine_159,142,142,1395,1395,1395,814,0.5835,True,0.5661,True,True,2.1050
deepdetect,face,Multi-PIE_genuine_159,142,142,8004,7384,171,143,0.8363,True,0.8363,True,True,1.1367
loftr,face,Multi-PIE_genuine_160,136,136,1348,1348,1348,801,0.5942,True,0.5749,True,True,2.1600
orb-fingervein,face,Multi-PIE_genuine_160,136,136,2628,3040,355,277,0.7803,True,0.7613,True,True,1.9936
sift-fingervein,face,Multi-PIE_genuine_160,136,136,424,423,94,61,0.6489,True,0.6248,True,True,2.2587
superglue-fingervein,face,Multi-PIE_genuine_160,136,136,603,625,354,167,0.4718,True,0.4513,True,True,2.3886
sgmnet-fingervein,face,Multi-PIE_genuine_160,136,136,2000,2000,1002,263,0.2625,True,0.2590,True,True,1.7675
aspanformer,face,Multi-PIE_genuine_160,136,136,2661,2661,2661,1705,0.6407,True,0.6242,True,True,2.0238
deepdetect,face,Multi-PIE_genuine_160,136,136,5699,6571,698,643,0.9212,True,0.9212,True,True,0.8217
loftr,face,Multi-PIE_genuine_161,067,067,1670,1670,1670,981,0.5874,True,0.5761,True,True,1.8891
orb-fingervein,face,Multi-PIE_genuine_161,067,067,1668,1708,200,134,0.6700,True,0.6636,True,True,1.6916
sift-fingervein,face,Multi-PIE_genuine_161,067,067,455,485,106,70,0.6604,True,0.6488,True,True,1.8527
superglue-fingervein,face,Multi-PIE_genuine_161,067,067,739,715,402,205,0.5100,True,0.4843,True,True,2.5333
sgmnet-fingervein,face,Multi-PIE_genuine_161,067,067,2000,2000,1025,200,0.1951,False,0.1917,True,False,1.8507
aspanformer,face,Multi-PIE_genuine_161,067,067,2719,2719,2719,1573,0.5785,True,0.5606,True,True,2.1281
deepdetect,face,Multi-PIE_genuine_161,067,067,11383,13400,978,863,0.8824,True,0.8824,True,True,1.1570
loftr,face,Multi-PIE_genuine_162,189,189,1698,1698,1698,1153,0.6790,True,0.6483,True,True,2.4262
orb-fingervein,face,Multi-PIE_genuine_162,189,189,4608,4272,530,376,0.7094,True,0.6845,True,True,2.2145
sift-fingervein,face,Multi-PIE_genuine_162,189,189,1458,1139,168,96,0.5714,True,0.5615,True,True,1.8501
superglue-fingervein,face,Multi-PIE_genuine_162,189,189,1085,1014,619,301,0.4863,True,0.4576,True,True,2.7174
sgmnet-fingervein,face,Multi-PIE_genuine_162,189,189,2000,2000,953,315,0.3305,True,0.3279,True,True,1.6604
aspanformer,face,Multi-PIE_genuine_162,189,189,3085,3085,3085,1872,0.6068,True,0.5895,True,True,2.0799
deepdetect,face,Multi-PIE_genuine_162,189,189,34018,30581,2048,1671,0.8159,True,0.8159,True,True,1.8412
loftr,face,Multi-PIE_genuine_163,148,148,1547,1547,1547,843,0.5449,True,0.5399,True,True,1.6869
orb-fingervein,face,Multi-PIE_genuine_163,148,148,3776,3856,303,193,0.6370,True,0.6117,True,True,2.3087
sift-fingervein,face,Multi-PIE_genuine_163,148,148,637,679,91,42,0.4615,False,0.4473,True,False,2.1270
superglue-fingervein,face,Multi-PIE_genuine_163,148,148,748,755,414,246,0.5942,True,0.5580,True,True,2.7573
sgmnet-fingervein,face,Multi-PIE_genuine_163,148,148,2000,2000,953,199,0.2088,True,0.2055,True,True,1.8221
aspanformer,face,Multi-PIE_genuine_163,148,148,2520,2520,2520,1714,0.6802,True,0.6802,True,True,1.4242
deepdetect,face,Multi-PIE_genuine_163,148,148,18200,16037,540,508,0.9407,True,0.9407,True,True,1.0107
loftr,face,Multi-PIE_genuine_164,108,108,1614,1614,1614,1152,0.7138,True,0.7041,True,True,1.7738
orb-fingervein,face,Multi-PIE_genuine_164,108,108,3111,3028,591,517,0.8748,True,0.8611,True,True,1.8149
sift-fingervein,face,Multi-PIE_genuine_164,108,108,621,582,163,134,0.8221,True,0.7999,True,True,2.0476
superglue-fingervein,face,Multi-PIE_genuine_164,108,108,660,655,416,239,0.5745,True,0.5474,True,True,2.4654
sgmnet-fingervein,face,Multi-PIE_genuine_164,108,108,2000,2000,1130,473,0.4186,True,0.4150,True,True,1.6738
aspanformer,face,Multi-PIE_genuine_164,108,108,2963,2963,2963,2553,0.8616,True,0.8367,True,True,2.0869
deepdetect,face,Multi-PIE_genuine_164,108,108,9176,9572,1425,1423,0.9986,True,0.9986,True,True,0.8476
loftr,face,Multi-PIE_genuine_165,228,228,1734,1734,1734,1070,0.6171,True,0.5943,True,True,2.2514
orb-fingervein,face,Multi-PIE_genuine_165,228,228,995,1010,164,120,0.7317,True,0.7242,True,True,1.7064
sift-fingervein,face,Multi-PIE_genuine_165,228,228,261,316,76,57,0.7500,True,0.7470,True,True,1.5806
superglue-fingervein,face,Multi-PIE_genuine_165,228,228,636,657,367,206,0.5613,True,0.5330,True,True,2.5333
sgmnet-fingervein,face,Multi-PIE_genuine_165,228,228,2000,2000,1172,199,0.1698,False,0.1679,True,False,1.7267
aspanformer,face,Multi-PIE_genuine_165,228,228,2654,2654,2654,1727,0.6507,True,0.6266,True,True,2.2556
deepdetect,face,Multi-PIE_genuine_165,228,228,10278,9304,714,687,0.9622,True,0.9622,True,True,1.1289
loftr,face,Multi-PIE_genuine_166,148,148,1494,1494,1494,870,0.5823,True,0.5712,True,True,1.8848
orb-fingervein,face,Multi-PIE_genuine_166,148,148,4334,4164,383,316,0.8251,True,0.8055,True,True,1.9807
sift-fingervein,face,Multi-PIE_genuine_166,148,148,789,780,91,43,0.4725,True,0.4595,True,True,2.0572
superglue-fingervein,face,Multi-PIE_genuine_166,148,148,848,838,476,217,0.4559,True,0.4300,True,True,2.6679
sgmnet-fingervein,face,Multi-PIE_genuine_166,148,148,2000,2000,987,264,0.2675,True,0.2629,True,True,1.8441
aspanformer,face,Multi-PIE_genuine_166,148,148,2236,2236,2236,1542,0.6896,True,0.6757,True,True,1.9083
deepdetect,face,Multi-PIE_genuine_166,148,148,20179,20233,361,346,0.9584,True,0.9584,True,True,1.2102
loftr,face,Multi-PIE_genuine_167,101,101,1578,1578,1578,913,0.5786,True,0.5736,True,True,1.6739
orb-fingervein,face,Multi-PIE_genuine_167,101,101,4388,4540,568,448,0.7887,True,0.7835,True,True,1.6331
sift-fingervein,face,Multi-PIE_genuine_167,101,101,1008,1082,150,80,0.5333,True,0.5230,True,True,1.8898
superglue-fingervein,face,Multi-PIE_genuine_167,101,101,869,915,558,275,0.4928,True,0.4698,True,True,2.4558
sgmnet-fingervein,face,Multi-PIE_genuine_167,101,101,2000,2000,1085,361,0.3327,True,0.3290,True,True,1.7263
aspanformer,face,Multi-PIE_genuine_167,101,101,2524,2524,2524,1490,0.5903,True,0.5766,True,True,1.9715
deepdetect,face,Multi-PIE_genuine_167,101,101,20211,20600,1777,1566,0.8813,True,0.8813,True,True,0.5881
loftr,face,Multi-PIE_genuine_168,092,092,1513,1513,1513,872,0.5763,True,0.5591,True,True,2.1079
orb-fingervein,face,Multi-PIE_genuine_168,092,092,3420,3502,502,382,0.7610,True,0.7501,True,True,1.7861
sift-fingervein,face,Multi-PIE_genuine_168,092,092,547,573,102,64,0.6275,True,0.6189,True,True,1.7754
superglue-fingervein,face,Multi-PIE_genuine_168,092,092,596,721,360,178,0.4944,True,0.4717,True,True,2.4414
sgmnet-fingervein,face,Multi-PIE_genuine_168,092,092,2000,2000,979,307,0.3136,True,0.3084,True,True,1.8319
aspanformer,face,Multi-PIE_genuine_168,092,092,2298,2298,2298,1535,0.6680,True,0.6509,True,True,2.0167
deepdetect,face,Multi-PIE_genuine_168,092,092,15230,17666,908,782,0.8612,True,0.8612,True,True,1.0192
loftr,face,Multi-PIE_genuine_169,056,056,1502,1502,1502,1013,0.6744,True,0.6609,True,True,1.9066
orb-fingervein,face,Multi-PIE_genuine_169,056,056,4878,4787,675,480,0.7111,True,0.6983,True,True,1.8622
sift-fingervein,face,Multi-PIE_genuine_169,056,056,1344,1257,210,155,0.7381,True,0.7207,True,True,1.9762
superglue-fingervein,face,Multi-PIE_genuine_169,056,056,1119,1098,669,338,0.5052,True,0.4817,True,True,2.4532
sgmnet-fingervein,face,Multi-PIE_genuine_169,056,056,2000,2000,896,437,0.4877,True,0.4846,True,True,1.6287
aspanformer,face,Multi-PIE_genuine_169,056,056,2495,2495,2495,1657,0.6641,True,0.6576,True,True,1.6965
deepdetect,face,Multi-PIE_genuine_169,056,056,19745,20208,1586,1580,0.9962,True,0.9962,True,True,1.2120
loftr,face,Multi-PIE_genuine_170,035,035,1312,1312,1312,822,0.6265,True,0.6195,True,True,1.7243
orb-fingervein,face,Multi-PIE_genuine_170,035,035,3731,3944,297,220,0.7407,True,0.7312,True,True,1.7596
sift-fingervein,face,Multi-PIE_genuine_170,035,035,640,665,92,68,0.7391,True,0.7254,True,True,1.8740
superglue-fingervein,face,Multi-PIE_genuine_170,035,035,632,693,341,166,0.4868,True,0.4646,True,True,2.4346
sgmnet-fingervein,face,Multi-PIE_genuine_170,035,035,2000,2000,961,333,0.3465,True,0.3430,True,True,1.7063
aspanformer,face,Multi-PIE_genuine_170,035,035,2636,2636,2636,2185,0.8289,True,0.8173,True,True,1.7825
deepdetect,face,Multi-PIE_genuine_170,035,035,9641,10605,526,485,0.9221,True,0.9221,True,True,1.0291
loftr,face,Multi-PIE_genuine_171,129,129,647,647,647,292,0.4513,False,0.4389,True,False,2.0565
orb-fingervein,face,Multi-PIE_genuine_171,129,129,2443,3038,257,183,0.7121,True,0.7082,True,True,1.6080
sift-fingervein,face,Multi-PIE_genuine_171,129,129,419,459,63,42,0.6667,True,0.6639,True,True,1.5828
superglue-fingervein,face,Multi-PIE_genuine_171,129,129,396,454,222,99,0.4459,True,0.4263,True,True,2.4028
sgmnet-fingervein,face,Multi-PIE_genuine_171,129,129,2000,2000,606,118,0.1947,False,0.1925,True,False,1.7321
aspanformer,face,Multi-PIE_genuine_171,129,129,642,642,642,401,0.6246,True,0.6113,True,True,1.9303
deepdetect,face,Multi-PIE_genuine_171,129,129,6298,6911,572,572,1.0000,True,1.0000,True,True,0.6467
loftr,face,Multi-PIE_genuine_172,125,125,1868,1868,1868,1251,0.6697,True,0.6678,True,True,1.5563
orb-fingervein,face,Multi-PIE_genuine_172,125,125,4090,4061,695,571,0.8216,True,0.8119,True,True,1.7370
sift-fingervein,face,Multi-PIE_genuine_172,125,125,987,867,213,158,0.7418,True,0.7389,True,True,1.5783
superglue-fingervein,face,Multi-PIE_genuine_172,125,125,965,889,551,309,0.5608,True,0.5399,True,True,2.2590
sgmnet-fingervein,face,Multi-PIE_genuine_172,125,125,2000,2000,983,402,0.4090,True,0.4067,True,True,1.6092
aspanformer,face,Multi-PIE_genuine_172,125,125,2772,2772,2772,2082,0.7511,True,0.7449,True,True,1.6661
deepdetect,face,Multi-PIE_genuine_172,125,125,18500,18235,1644,1584,0.9635,True,0.9635,True,True,0.8482
loftr,face,Multi-PIE_genuine_173,023,023,1906,1906,1906,1359,0.7130,True,0.7046,True,True,1.7373
orb-fingervein,face,Multi-PIE_genuine_173,023,023,4589,4747,738,562,0.7615,True,0.7476,True,True,1.8690
sift-fingervein,face,Multi-PIE_genuine_173,023,023,1041,1107,226,162,0.7168,True,0.7085,True,True,1.7342
superglue-fingervein,face,Multi-PIE_genuine_173,023,023,1045,1053,654,382,0.5841,True,0.5537,True,True,2.5679
sgmnet-fingervein,face,Multi-PIE_genuine_173,023,023,2000,2000,1002,528,0.5269,True,0.5256,True,True,1.5498
aspanformer,face,Multi-PIE_genuine_173,023,023,3120,3120,3120,2269,0.7272,True,0.7272,True,True,1.4356
deepdetect,face,Multi-PIE_genuine_173,023,023,16380,16045,1498,1365,0.9112,True,0.9112,True,True,0.9397
loftr,face,Multi-PIE_genuine_174,191,191,1407,1407,1407,1042,0.7406,True,0.7214,True,True,2.0247
orb-fingervein,face,Multi-PIE_genuine_174,191,191,2527,2292,231,171,0.7403,True,0.7244,True,True,1.9332
sift-fingervein,face,Multi-PIE_genuine_174,191,191,312,315,57,30,0.5263,True,0.5109,True,True,2.0929
superglue-fingervein,face,Multi-PIE_genuine_174,191,191,463,451,255,127,0.4980,True,0.4738,True,True,2.4991
sgmnet-fingervein,face,Multi-PIE_genuine_174,191,191,2000,2000,967,344,0.3557,True,0.3504,True,True,1.8022
aspanformer,face,Multi-PIE_genuine_174,191,191,2146,2146,2146,1521,0.7088,True,0.6945,True,True,1.9058
deepdetect,face,Multi-PIE_genuine_174,191,191,7000,9221,481,448,0.9314,True,0.9314,True,True,0.6496
loftr,face,Multi-PIE_genuine_175,012,012,1489,1489,1489,974,0.6541,True,0.6450,True,True,1.7821
orb-fingervein,face,Multi-PIE_genuine_175,012,012,4253,4205,504,382,0.7579,True,0.7462,True,True,1.8115
sift-fingervein,face,Multi-PIE_genuine_175,012,012,878,777,98,65,0.6633,True,0.6516,True,True,1.8563
superglue-fingervein,face,Multi-PIE_genuine_175,012,012,807,799,475,239,0.5032,True,0.4800,True,True,2.4419
sgmnet-fingervein,face,Multi-PIE_genuine_175,012,012,2000,1986,1051,290,0.2759,True,0.2712,True,True,1.8441
aspanformer,face,Multi-PIE_genuine_175,012,012,2268,2268,2268,1407,0.6204,True,0.6014,True,True,2.1220
deepdetect,face,Multi-PIE_genuine_175,012,012,13465,11673,1329,1155,0.8691,True,0.8691,True,True,0.8717
loftr,face,Multi-PIE_genuine_176,219,219,1370,1370,1370,1004,0.7328,True,0.7137,True,True,2.0299
orb-fingervein,face,Multi-PIE_genuine_176,219,219,3690,3336,545,486,0.8917,True,0.8850,True,True,1.6520
sift-fingervein,face,Multi-PIE_genuine_176,219,219,718,596,125,97,0.7760,True,0.7679,True,True,1.7104
superglue-fingervein,face,Multi-PIE_genuine_176,219,219,745,684,388,253,0.6521,True,0.6241,True,True,2.3753
sgmnet-fingervein,face,Multi-PIE_genuine_176,219,219,2000,2000,1030,431,0.4184,True,0.4142,True,True,1.7056
aspanformer,face,Multi-PIE_genuine_176,219,219,2277,2277,2277,1442,0.6333,True,0.6204,True,True,1.9120
deepdetect,face,Multi-PIE_genuine_176,219,219,15199,13850,1695,1665,0.9823,True,0.9823,True,True,1.0841
loftr,face,Multi-PIE_genuine_177,028,028,1697,1697,1697,1131,0.6665,True,0.6635,True,True,1.5881
orb-fingervein,face,Multi-PIE_genuine_177,028,028,4527,4714,1071,970,0.9057,True,0.8926,True,True,1.7917
sift-fingervein,face,Multi-PIE_genuine_177,028,028,1187,1221,259,206,0.7954,True,0.7954,True,True,1.4993
superglue-fingervein,face,Multi-PIE_genuine_177,028,028,836,873,554,364,0.6570,True,0.6298,True,True,2.3458
sgmnet-fingervein,face,Multi-PIE_genuine_177,028,028,2000,2000,976,530,0.5430,True,0.5402,True,True,1.6059
aspanformer,face,Multi-PIE_genuine_177,028,028,3231,3231,3231,2515,0.7784,True,0.7680,True,True,1.7681
deepdetect,face,Multi-PIE_genuine_177,028,028,18167,19335,3584,3564,0.9944,True,0.9944,True,True,0.8851
loftr,face,Multi-PIE_genuine_178,039,039,1586,1586,1586,1373,0.8657,True,0.8265,True,True,2.4265
orb-fingervein,face,Multi-PIE_genuine_178,039,039,1664,1785,218,158,0.7248,True,0.6996,True,True,2.2056
sift-fingervein,face,Multi-PIE_genuine_178,039,039,275,273,66,48,0.7273,True,0.7001,True,True,2.2623
superglue-fingervein,face,Multi-PIE_genuine_178,039,039,329,350,184,99,0.5380,True,0.5147,True,True,2.3885
sgmnet-fingervein,face,Multi-PIE_genuine_178,039,039,2000,2000,1010,302,0.2990,True,0.2936,True,True,1.8673
aspanformer,face,Multi-PIE_genuine_178,039,039,3009,3009,3009,2579,0.8571,True,0.8386,True,True,1.9359
deepdetect,face,Multi-PIE_genuine_178,039,039,6500,7823,420,412,0.9810,True,0.9810,True,True,1.2949
loftr,face,Multi-PIE_genuine_179,159,159,1593,1593,1593,1019,0.6397,True,0.6258,True,True,1.9385
orb-fingervein,face,Multi-PIE_genuine_179,159,159,769,773,182,163,0.8956,True,0.8831,True,True,1.7816
sift-fingervein,face,Multi-PIE_genuine_179,159,159,211,223,69,53,0.7681,True,0.7681,True,True,1.4531
superglue-fingervein,face,Multi-PIE_genuine_179,159,159,493,475,264,180,0.6818,True,0.6557,True,True,2.2824
sgmnet-fingervein,face,Multi-PIE_genuine_179,159,159,2000,2000,913,249,0.2727,True,0.2691,True,True,1.7676
aspanformer,face,Multi-PIE_genuine_179,159,159,2490,2490,2490,1667,0.6695,True,0.6571,True,True,1.8737
deepdetect,face,Multi-PIE_genuine_179,159,159,4956,5579,775,740,0.9548,True,0.9548,True,True,0.7919
loftr,face,Multi-PIE_genuine_180,041,041,1289,1289,1289,605,0.4694,True,0.4505,True,True,2.3215
orb-fingervein,face,Multi-PIE_genuine_180,041,041,4005,4077,338,267,0.7899,True,0.7788,True,True,1.7845
sift-fingervein,face,Multi-PIE_genuine_180,041,041,955,972,105,55,0.5238,True,0.5041,True,True,2.2676
superglue-fingervein,face,Multi-PIE_genuine_180,041,041,788,745,434,164,0.3779,True,0.3561,True,True,2.6894
sgmnet-fingervein,face,Multi-PIE_genuine_180,041,041,2000,2000,984,232,0.2358,True,0.2326,True,True,1.7736
aspanformer,face,Multi-PIE_genuine_180,041,041,1899,1899,1899,871,0.4587,True,0.4435,True,True,2.1710
deepdetect,face,Multi-PIE_genuine_180,041,041,15033,15544,1022,946,0.9256,True,0.9256,True,True,0.7921
loftr,face,Multi-PIE_genuine_181,200,200,1378,1378,1378,856,0.6212,True,0.6155,True,True,1.6834
orb-fingervein,face,Multi-PIE_genuine_181,200,200,3875,3999,496,422,0.8508,True,0.8440,True,True,1.6599
sift-fingervein,face,Multi-PIE_genuine_181,200,200,705,707,102,72,0.7059,True,0.7056,True,True,1.5084
superglue-fingervein,face,Multi-PIE_genuine_181,200,200,694,740,398,229,0.5754,True,0.5512,True,True,2.3570
sgmnet-fingervein,face,Multi-PIE_genuine_181,200,200,2000,2000,957,305,0.3187,True,0.3143,True,True,1.7804
aspanformer,face,Multi-PIE_genuine_181,200,200,2294,2294,2294,1867,0.8139,True,0.7997,True,True,1.8521
deepdetect,face,Multi-PIE_genuine_181,200,200,10842,15439,702,642,0.9145,True,0.9145,True,True,0.6191
loftr,face,Multi-PIE_genuine_182,172,172,1272,1272,1272,730,0.5739,True,0.5557,True,True,2.1431
orb-fingervein,face,Multi-PIE_genuine_182,172,172,3608,3417,376,266,0.7074,True,0.6910,True,True,1.9713
sift-fingervein,face,Multi-PIE_genuine_182,172,172,523,541,65,34,0.5231,True,0.5089,True,True,2.0509
superglue-fingervein,face,Multi-PIE_genuine_182,172,172,571,563,308,150,0.4870,True,0.4655,True,True,2.4044
sgmnet-fingervein,face,Multi-PIE_genuine_182,172,172,2000,2000,943,148,0.1569,False,0.1545,True,False,1.8122
aspanformer,face,Multi-PIE_genuine_182,172,172,1805,1805,1805,1267,0.7019,True,0.6807,True,True,2.1146
deepdetect,face,Multi-PIE_genuine_182,172,172,11839,12409,476,421,0.8845,True,0.8845,True,True,0.8062
loftr,face,Multi-PIE_genuine_183,107,107,1622,1622,1622,933,0.5752,True,0.5555,True,True,2.1993
orb-fingervein,face,Multi-PIE_genuine_183,107,107,4265,4327,375,291,0.7760,True,0.7574,True,True,1.9864
sift-fingervein,face,Multi-PIE_genuine_183,107,107,976,971,99,55,0.5556,True,0.5410,True,True,2.0323
superglue-fingervein,face,Multi-PIE_genuine_183,107,107,848,839,502,270,0.5378,True,0.5068,True,True,2.6876
sgmnet-fingervein,face,Multi-PIE_genuine_183,107,107,2000,2000,1049,388,0.3699,True,0.3642,True,True,1.8119
aspanformer,face,Multi-PIE_genuine_183,107,107,2778,2778,2778,1588,0.5716,True,0.5505,True,True,2.2536
deepdetect,face,Multi-PIE_genuine_183,107,107,14761,10986,853,726,0.8511,True,0.8511,True,True,0.7446
loftr,face,Multi-PIE_genuine_184,151,151,1390,1390,1390,840,0.6043,True,0.5792,True,True,2.3484
orb-fingervein,face,Multi-PIE_genuine_184,151,151,3321,3380,376,281,0.7473,True,0.7428,True,True,1.6212
sift-fingervein,face,Multi-PIE_genuine_184,151,151,544,614,79,41,0.5190,True,0.5022,True,True,2.1596
superglue-fingervein,face,Multi-PIE_genuine_184,151,151,684,667,403,202,0.5012,True,0.4707,True,True,2.7576
sgmnet-fingervein,face,Multi-PIE_genuine_184,151,151,2000,2000,1070,277,0.2589,True,0.2551,True,True,1.7942
aspanformer,face,Multi-PIE_genuine_184,151,151,2058,2058,2058,1193,0.5797,True,0.5522,True,True,2.4704
deepdetect,face,Multi-PIE_genuine_184,151,151,12271,13406,1116,1088,0.9749,True,0.9749,True,True,1.5289
loftr,face,Multi-PIE_genuine_185,017,017,1115,1115,1115,736,0.6601,True,0.6395,True,True,2.1340
orb-fingervein,face,Multi-PIE_genuine_185,017,017,1746,2162,169,135,0.7988,True,0.7855,True,True,1.8364
sift-fingervein,face,Multi-PIE_genuine_185,017,017,230,314,33,20,0.6061,True,0.6031,True,True,1.5849
superglue-fingervein,face,Multi-PIE_genuine_185,017,017,383,437,200,91,0.4550,True,0.4362,True,True,2.3453
sgmnet-fingervein,face,Multi-PIE_genuine_185,017,017,2000,2000,903,212,0.2348,True,0.2307,True,True,1.8459
aspanformer,face,Multi-PIE_genuine_185,017,017,1895,1895,1895,1282,0.6765,True,0.6538,True,True,2.1820
deepdetect,face,Multi-PIE_genuine_185,017,017,5723,5306,273,257,0.9414,True,0.9414,True,True,1.0172
loftr,face,Multi-PIE_genuine_186,097,097,1621,1621,1621,1100,0.6786,True,0.6786,True,True,1.4857
orb-fingervein,face,Multi-PIE_genuine_186,097,097,4449,4538,973,917,0.9424,True,0.9354,True,True,1.6505
sift-fingervein,face,Multi-PIE_genuine_186,097,097,1030,1109,212,185,0.8726,True,0.8726,True,True,1.1811
superglue-fingervein,face,Multi-PIE_genuine_186,097,097,815,797,475,354,0.7453,True,0.7137,True,True,2.3650
sgmnet-fingervein,face,Multi-PIE_genuine_186,097,097,2000,2000,1015,537,0.5291,True,0.5284,True,True,1.5234
aspanformer,face,Multi-PIE_genuine_186,097,097,2478,2478,2478,2019,0.8148,True,0.8056,True,True,1.7273
deepdetect,face,Multi-PIE_genuine_186,097,097,13857,12664,857,856,0.9988,True,0.9988,True,True,0.7486
loftr,face,Multi-PIE_genuine_187,097,097,1580,1580,1580,1077,0.6816,True,0.6690,True,True,1.8742
orb-fingervein,face,Multi-PIE_genuine_187,097,097,4622,4654,674,560,0.8309,True,0.8170,True,True,1.8354
sift-fingervein,face,Multi-PIE_genuine_187,097,097,1428,1539,204,134,0.6569,True,0.6516,True,True,1.6604
superglue-fingervein,face,Multi-PIE_genuine_187,097,097,946,874,474,253,0.5338,True,0.5048,True,True,2.6156
sgmnet-fingervein,face,Multi-PIE_genuine_187,097,097,2000,2000,917,408,0.4449,True,0.4428,True,True,1.5942
aspanformer,face,Multi-PIE_genuine_187,097,097,2474,2474,2474,1621,0.6552,True,0.6434,True,True,1.8625
deepdetect,face,Multi-PIE_genuine_187,097,097,21549,22519,638,498,0.7806,True,0.7806,True,True,0.8462
loftr,face,Multi-PIE_genuine_188,151,151,1292,1292,1292,620,0.4799,True,0.4530,True,True,2.6540
orb-fingervein,face,Multi-PIE_genuine_188,151,151,2881,2614,250,158,0.6320,True,0.6211,True,True,1.8464
sift-fingervein,face,Multi-PIE_genuine_188,151,151,546,518,79,45,0.5696,True,0.5489,True,True,2.2400
superglue-fingervein,face,Multi-PIE_genuine_188,151,151,850,817,430,178,0.4140,True,0.3921,True,True,2.5872
sgmnet-fingervein,face,Multi-PIE_genuine_188,151,151,2000,2000,922,136,0.1475,False,0.1455,True,False,1.7759
aspanformer,face,Multi-PIE_genuine_188,151,151,2117,2117,2117,1085,0.5125,True,0.4838,True,True,2.6537
deepdetect,face,Multi-PIE_genuine_188,151,151,18879,18237,581,485,0.8348,True,0.8348,True,True,1.2658
loftr,face,Multi-PIE_genuine_189,118,118,1511,1511,1511,1078,0.7134,True,0.7050,True,True,1.7376
orb-fingervein,face,Multi-PIE_genuine_189,118,118,2167,2125,276,184,0.6667,True,0.6508,True,True,1.9803
sift-fingervein,face,Multi-PIE_genuine_189,118,118,379,392,76,50,0.6579,True,0.6458,True,True,1.8700
superglue-fingervein,face,Multi-PIE_genuine_189,118,118,417,448,226,153,0.6770,True,0.6472,True,True,2.3990
sgmnet-fingervein,face,Multi-PIE_genuine_189,118,118,2000,2000,1096,468,0.4270,True,0.4209,True,True,1.7902
aspanformer,face,Multi-PIE_genuine_189,118,118,2508,2508,2508,2030,0.8094,True,0.8094,True,True,1.3604
deepdetect,face,Multi-PIE_genuine_189,118,118,7209,6922,870,790,0.9080,True,0.9080,True,True,0.6909
loftr,face,Multi-PIE_genuine_190,134,134,1034,1034,1034,690,0.6673,True,0.6434,True,True,2.2292
orb-fingervein,face,Multi-PIE_genuine_190,134,134,2963,3350,179,104,0.5810,True,0.5635,True,True,2.1125
sift-fingervein,face,Multi-PIE_genuine_190,134,134,425,496,53,34,0.6415,True,0.6268,True,True,1.9634
superglue-fingervein,face,Multi-PIE_genuine_190,134,134,514,574,299,126,0.4214,True,0.3955,True,True,2.7696
sgmnet-fingervein,face,Multi-PIE_genuine_190,134,134,2000,2000,826,256,0.3099,True,0.3062,True,True,1.7440
aspanformer,face,Multi-PIE_genuine_190,134,134,1574,1574,1574,866,0.5502,True,0.5243,True,True,2.4621
deepdetect,face,Multi-PIE_genuine_190,134,134,10109,11992,140,136,0.9714,True,0.9714,True,True,1.0429
loftr,face,Multi-PIE_genuine_191,064,064,1369,1369,1369,1001,0.7312,True,0.7209,True,True,1.7829
orb-fingervein,face,Multi-PIE_genuine_191,064,064,3689,3539,505,389,0.7703,True,0.7642,True,True,1.6587
sift-fingervein,face,Multi-PIE_genuine_191,064,064,642,583,98,67,0.6837,True,0.6667,True,True,2.0027
superglue-fingervein,face,Multi-PIE_genuine_191,064,064,661,659,367,170,0.4632,True,0.4402,True,True,2.5177
sgmnet-fingervein,face,Multi-PIE_genuine_191,064,064,1994,1949,934,277,0.2966,True,0.2929,True,True,1.7488
aspanformer,face,Multi-PIE_genuine_191,064,064,2047,2047,2047,1584,0.7738,True,0.7635,True,True,1.7682
deepdetect,face,Multi-PIE_genuine_191,064,064,14254,16425,843,820,0.9727,True,0.9727,True,True,1.2346
loftr,face,Multi-PIE_genuine_192,246,246,1726,1726,1726,1319,0.7642,True,0.7642,True,True,1.3017
orb-fingervein,face,Multi-PIE_genuine_192,246,246,1418,1525,241,179,0.7427,True,0.7346,True,True,1.7197
sift-fingervein,face,Multi-PIE_genuine_192,246,246,357,380,112,71,0.6339,True,0.6309,True,True,1.5958
superglue-fingervein,face,Multi-PIE_genuine_192,246,246,493,523,385,175,0.4545,True,0.4358,True,True,2.3427
sgmnet-fingervein,face,Multi-PIE_genuine_192,246,246,2000,2000,1002,385,0.3842,True,0.3842,True,True,1.4776
aspanformer,face,Multi-PIE_genuine_192,246,246,3429,3429,3429,3020,0.8807,True,0.8807,True,True,1.1306
deepdetect,face,Multi-PIE_genuine_192,246,246,6462,6189,976,970,0.9939,True,0.9939,True,True,0.6448
loftr,face,Multi-PIE_genuine_193,140,140,1157,1157,1157,786,0.6793,True,0.6564,True,True,2.1857
orb-fingervein,face,Multi-PIE_genuine_193,140,140,4101,4259,356,245,0.6882,True,0.6691,True,True,2.0639
sift-fingervein,face,Multi-PIE_genuine_193,140,140,892,1055,104,49,0.4712,True,0.4552,True,True,2.1883
superglue-fingervein,face,Multi-PIE_genuine_193,140,140,807,787,418,186,0.4450,True,0.4218,True,True,2.5716
sgmnet-fingervein,face,Multi-PIE_genuine_193,140,140,2000,1837,780,214,0.2744,True,0.2707,True,True,1.7718
aspanformer,face,Multi-PIE_genuine_193,140,140,1920,1920,1920,1080,0.5625,True,0.5494,True,True,1.9711
deepdetect,face,Multi-PIE_genuine_193,140,140,15565,18693,347,270,0.7781,True,0.7781,True,True,0.7012
loftr,face,Multi-PIE_genuine_194,218,218,1455,1455,1455,999,0.6866,True,0.6685,True,True,2.0332
orb-fingervein,face,Multi-PIE_genuine_194,218,218,2571,2147,595,487,0.8185,True,0.8060,True,True,1.8072
sift-fingervein,face,Multi-PIE_genuine_194,218,218,475,390,118,81,0.6864,True,0.6851,True,True,1.5398
superglue-fingervein,face,Multi-PIE_genuine_194,218,218,560,553,326,219,0.6718,True,0.6462,True,True,2.2750
sgmnet-fingervein,face,Multi-PIE_genuine_194,218,218,2000,2000,1016,499,0.4911,True,0.4891,True,True,1.5821
aspanformer,face,Multi-PIE_genuine_194,218,218,2669,2669,2669,2303,0.8629,True,0.8465,True,True,1.8820
deepdetect,face,Multi-PIE_genuine_194,218,218,8761,8019,1353,1248,0.9224,True,0.9224,True,True,0.9152
loftr,face,Multi-PIE_genuine_195,239,239,1616,1616,1616,1148,0.7104,True,0.7104,True,True,1.4099
orb-fingervein,face,Multi-PIE_genuine_195,239,239,3882,3705,524,471,0.8989,True,0.8840,True,True,1.8339
sift-fingervein,face,Multi-PIE_genuine_195,239,239,865,785,134,96,0.7164,True,0.7129,True,True,1.5980
superglue-fingervein,face,Multi-PIE_genuine_195,239,239,690,670,394,180,0.4569,True,0.4328,True,True,2.5831
sgmnet-fingervein,face,Multi-PIE_genuine_195,239,239,2000,2000,1029,413,0.4014,True,0.3975,True,True,1.6948
aspanformer,face,Multi-PIE_genuine_195,239,239,2531,2531,2531,1834,0.7246,True,0.7246,True,True,1.2493
deepdetect,face,Multi-PIE_genuine_195,239,239,17802,14701,1389,1361,0.9798,True,0.9798,True,True,1.3159
loftr,face,Multi-PIE_genuine_196,003,003,1536,1536,1536,930,0.6055,True,0.5859,True,True,2.1571
orb-fingervein,face,Multi-PIE_genuine_196,003,003,3997,4031,441,339,0.7687,True,0.7478,True,True,2.0524
sift-fingervein,face,Multi-PIE_genuine_196,003,003,812,868,111,68,0.6126,True,0.5962,True,True,2.0434
superglue-fingervein,face,Multi-PIE_genuine_196,003,003,752,796,447,262,0.5861,True,0.5573,True,True,2.5079
sgmnet-fingervein,face,Multi-PIE_genuine_196,003,003,2000,2000,1037,358,0.3452,True,0.3423,True,True,1.6721
aspanformer,face,Multi-PIE_genuine_196,003,003,2291,2291,2291,1498,0.6539,True,0.6227,True,True,2.4769
deepdetect,face,Multi-PIE_genuine_196,003,003,15203,16489,715,641,0.8965,True,0.8965,True,True,1.0019
loftr,face,Multi-PIE_genuine_197,172,172,991,991,991,565,0.5701,True,0.5439,True,True,2.4424
orb-fingervein,face,Multi-PIE_genuine_197,172,172,3425,2881,310,240,0.7742,True,0.7581,True,True,1.9211
sift-fingervein,face,Multi-PIE_genuine_197,172,172,598,526,73,46,0.6301,True,0.6112,True,True,2.1100
superglue-fingervein,face,Multi-PIE_genuine_197,172,172,622,581,287,159,0.5540,True,0.5184,True,True,2.8273
sgmnet-fingervein,face,Multi-PIE_genuine_197,172,172,2000,2000,840,136,0.1619,False,0.1592,True,False,1.8339
aspanformer,face,Multi-PIE_genuine_197,172,172,1599,1599,1599,787,0.4922,True,0.4767,True,True,2.1376
deepdetect,face,Multi-PIE_genuine_197,172,172,14000,14992,463,455,0.9827,True,0.9827,True,True,0.9250
loftr,face,Multi-PIE_genuine_198,182,182,925,925,925,332,0.3589,False,0.3364,True,False,2.7957
orb-fingervein,face,Multi-PIE_genuine_198,182,182,3711,3439,182,104,0.5714,True,0.5488,True,True,2.3081
sift-fingervein,face,Multi-PIE_genuine_198,182,182,486,421,49,17,0.3469,False,0.3403,True,False,1.8480
superglue-fingervein,face,Multi-PIE_genuine_198,182,182,550,520,294,103,0.3503,True,0.3287,True,True,2.7777
sgmnet-fingervein,face,Multi-PIE_genuine_198,182,182,2000,2000,795,87,0.1094,False,0.1072,True,False,1.9106
aspanformer,face,Multi-PIE_genuine_198,182,182,996,996,996,561,0.5633,True,0.5396,True,True,2.3570
deepdetect,face,Multi-PIE_genuine_198,182,182,10571,11270,118,91,0.7712,True,0.7712,True,True,0.9813
loftr,face,Multi-PIE_genuine_199,029,029,1620,1620,1620,1306,0.8062,True,0.7881,True,True,1.9530
orb-fingervein,face,Multi-PIE_genuine_199,029,029,4015,4424,659,612,0.9287,True,0.9253,True,True,1.5720
sift-fingervein,face,Multi-PIE_genuine_199,029,029,766,883,137,106,0.7737,True,0.7737,True,True,1.4389
superglue-fingervein,face,Multi-PIE_genuine_199,029,029,939,1003,599,360,0.6010,True,0.5766,True,True,2.3291
sgmnet-fingervein,face,Multi-PIE_genuine_199,029,029,2000,2000,972,534,0.5494,True,0.5457,True,True,1.6333
aspanformer,face,Multi-PIE_genuine_199,029,029,2799,2799,2799,2434,0.8696,True,0.8570,True,True,1.7923
deepdetect,face,Multi-PIE_genuine_199,029,029,11891,13160,1688,1677,0.9935,True,0.9935,True,True,0.5940
loftr,face,Multi-PIE_genuine_200,172,172,1273,1273,1273,681,0.5350,True,0.5198,True,True,2.0738
orb-fingervein,face,Multi-PIE_genuine_200,172,172,4045,4208,447,332,0.7427,True,0.7241,True,True,2.0068
sift-fingervein,face,Multi-PIE_genuine_200,172,172,683,771,107,65,0.6075,True,0.5901,True,True,2.0810
superglue-fingervein,face,Multi-PIE_genuine_200,172,172,667,758,392,154,0.3929,True,0.3701,True,True,2.6952
sgmnet-fingervein,face,Multi-PIE_genuine_200,172,172,1987,2000,822,174,0.2117,True,0.2084,True,True,1.8166
aspanformer,face,Multi-PIE_genuine_200,172,172,1679,1679,1679,864,0.5146,True,0.5015,True,True,2.0135
deepdetect,face,Multi-PIE_genuine_200,172,172,18305,20119,690,580,0.8406,True,0.8406,True,True,1.3869
loftr,face,Multi-PIE_genuine_201,225,225,1740,1740,1740,1251,0.7190,True,0.7122,True,True,1.6878
orb-fingervein,face,Multi-PIE_genuine_201,225,225,3653,3212,313,188,0.6006,True,0.5949,True,True,1.6935
sift-fingervein,face,Multi-PIE_genuine_201,225,225,548,474,74,49,0.6622,True,0.6337,True,True,2.3793
superglue-fingervein,face,Multi-PIE_genuine_201,225,225,743,690,405,226,0.5580,True,0.5261,True,True,2.6801
sgmnet-fingervein,face,Multi-PIE_genuine_201,225,225,2000,2000,974,390,0.4004,True,0.3954,True,True,1.7542
aspanformer,face,Multi-PIE_genuine_201,225,225,2599,2599,2599,2358,0.9073,True,0.8922,True,True,1.8358
deepdetect,face,Multi-PIE_genuine_201,225,225,10238,11728,450,377,0.8378,True,0.8378,True,True,0.5162
loftr,face,Multi-PIE_genuine_202,136,136,1342,1342,1342,977,0.7280,True,0.7121,True,True,1.9427
orb-fingervein,face,Multi-PIE_genuine_202,136,136,3530,3583,398,281,0.7060,True,0.6944,True,True,1.8308
sift-fingervein,face,Multi-PIE_genuine_202,136,136,551,575,91,55,0.6044,True,0.5863,True,True,2.1093
superglue-fingervein,face,Multi-PIE_genuine_202,136,136,656,643,347,201,0.5793,True,0.5512,True,True,2.4939
sgmnet-fingervein,face,Multi-PIE_genuine_202,136,136,2000,2000,966,340,0.3520,True,0.3486,True,True,1.6930
aspanformer,face,Multi-PIE_genuine_202,136,136,2262,2262,2262,1662,0.7347,True,0.7182,True,True,1.9552
deepdetect,face,Multi-PIE_genuine_202,136,136,10587,10391,523,521,0.9962,True,0.9962,True,True,0.8346
loftr,face,Multi-PIE_genuine_203,190,190,1989,1989,1989,1304,0.6556,True,0.6556,True,True,1.2934
orb-fingervein,face,Multi-PIE_genuine_203,190,190,4198,3818,501,372,0.7425,True,0.7187,True,True,2.1511
sift-fingervein,face,Multi-PIE_genuine_203,190,190,1317,1104,184,85,0.4620,False,0.4417,True,False,2.3950
superglue-fingervein,face,Multi-PIE_genuine_203,190,190,975,942,555,303,0.5459,True,0.5156,True,True,2.6455
sgmnet-fingervein,face,Multi-PIE_genuine_203,190,190,2000,2000,1048,295,0.2815,True,0.2781,True,True,1.7407
aspanformer,face,Multi-PIE_genuine_203,190,190,3231,3231,3231,2252,0.6970,True,0.6920,True,True,1.6441
deepdetect,face,Multi-PIE_genuine_203,190,190,28059,27914,1623,1483,0.9137,True,0.9137,True,True,1.4817
loftr,face,Multi-PIE_genuine_204,068,068,1610,1610,1610,879,0.5460,True,0.5248,True,True,2.2903
orb-fingervein,face,Multi-PIE_genuine_204,068,068,4377,3961,316,212,0.6709,True,0.6553,True,True,1.9703
sift-fingervein,face,Multi-PIE_genuine_204,068,068,985,956,98,57,0.5816,True,0.5668,True,True,2.0181
superglue-fingervein,face,Multi-PIE_genuine_204,068,068,989,884,487,273,0.5606,True,0.5310,True,True,2.5843
sgmnet-fingervein,face,Multi-PIE_genuine_204,068,068,2000,2000,824,137,0.1663,False,0.1643,True,False,1.7338
aspanformer,face,Multi-PIE_genuine_204,068,068,2580,2580,2580,1415,0.5484,True,0.5320,True,True,2.1097
deepdetect,face,Multi-PIE_genuine_204,068,068,26150,28163,316,253,0.8006,True,0.8006,True,True,1.2829
loftr,face,Multi-PIE_genuine_205,194,194,1883,1883,1883,1348,0.7159,True,0.7159,True,True,1.4733
orb-fingervein,face,Multi-PIE_genuine_205,194,194,3866,3822,577,465,0.8059,True,0.8000,True,True,1.6478
sift-fingervein,face,Multi-PIE_genuine_205,194,194,724,714,115,62,0.5391,True,0.5391,True,True,1.5028
superglue-fingervein,face,Multi-PIE_genuine_205,194,194,864,835,514,270,0.5253,True,0.4982,True,True,2.5592
sgmnet-fingervein,face,Multi-PIE_genuine_205,194,194,2000,2000,979,387,0.3953,True,0.3910,True,True,1.7168
aspanformer,face,Multi-PIE_genuine_205,194,194,3118,3118,3118,2262,0.7255,True,0.7255,True,True,1.1855
deepdetect,face,Multi-PIE_genuine_205,194,194,14878,16291,2100,2087,0.9938,True,0.9938,True,True,0.7893
loftr,face,Multi-PIE_genuine_206,162,162,1424,1424,1424,907,0.6369,True,0.6157,True,True,2.1782
orb-fingervein,face,Multi-PIE_genuine_206,162,162,3309,3731,199,160,0.8040,True,0.7820,True,True,2.0543
sift-fingervein,face,Multi-PIE_genuine_206,162,162,690,754,54,25,0.4630,False,0.4405,True,False,2.4942
superglue-fingervein,face,Multi-PIE_genuine_206,162,162,888,887,510,226,0.4431,True,0.4204,True,True,2.5525
sgmnet-fingervein,face,Multi-PIE_genuine_206,162,162,2000,2000,1057,324,0.3065,True,0.3034,True,True,1.7083
aspanformer,face,Multi-PIE_genuine_206,162,162,2313,2313,2313,1350,0.5837,True,0.5633,True,True,2.2106
deepdetect,face,Multi-PIE_genuine_206,162,162,9364,11412,286,273,0.9545,True,0.9545,True,True,0.7423
loftr,face,Multi-PIE_genuine_207,086,086,1596,1596,1596,725,0.4543,True,0.4524,True,True,1.5829
orb-fingervein,face,Multi-PIE_genuine_207,086,086,5000,5000,203,116,0.5714,True,0.5564,True,True,2.0321
sift-fingervein,face,Multi-PIE_genuine_207,086,086,1761,1839,152,76,0.5000,True,0.4905,True,True,1.8829
superglue-fingervein,face,Multi-PIE_genuine_207,086,086,1052,1254,670,227,0.3388,True,0.3172,True,True,2.8191
sgmnet-fingervein,face,Multi-PIE_genuine_207,086,086,2000,2000,1027,171,0.1665,False,0.1647,True,False,1.7190
aspanformer,face,Multi-PIE_genuine_207,086,086,2148,2148,2148,1052,0.4898,True,0.4765,True,True,2.0505
deepdetect,face,Multi-PIE_genuine_207,086,086,13142,16183,520,409,0.7865,True,0.7865,True,True,1.3613
loftr,face,Multi-PIE_genuine_208,029,029,1539,1539,1539,1029,0.6686,True,0.6664,True,True,1.5662
orb-fingervein,face,Multi-PIE_genuine_208,029,029,3366,3631,652,489,0.7500,True,0.7470,True,True,1.5794
sift-fingervein,face,Multi-PIE_genuine_208,029,029,703,655,161,113,0.7019,True,0.6949,True,True,1.7005
superglue-fingervein,face,Multi-PIE_genuine_208,029,029,733,766,445,261,0.5865,True,0.5613,True,True,2.3793
sgmnet-fingervein,face,Multi-PIE_genuine_208,029,029,2000,2000,1099,472,0.4295,True,0.4276,True,True,1.5860
aspanformer,face,Multi-PIE_genuine_208,029,029,2549,2549,2549,1838,0.7211,True,0.7211,True,True,1.4800
deepdetect,face,Multi-PIE_genuine_208,029,029,17045,18480,2792,2738,0.9807,True,0.9807,True,True,0.6483
loftr,face,Multi-PIE_genuine_209,074,074,1263,1263,1263,725,0.5740,True,0.5515,True,True,2.2996
orb-fingervein,face,Multi-PIE_genuine_209,074,074,2366,2196,137,86,0.6277,True,0.6148,True,True,1.9169
sift-fingervein,face,Multi-PIE_genuine_209,074,074,367,407,47,28,0.5957,True,0.5806,True,True,2.0139
superglue-fingervein,face,Multi-PIE_genuine_209,074,074,473,500,294,118,0.4014,True,0.3781,True,True,2.6924
sgmnet-fingervein,face,Multi-PIE_genuine_209,074,074,2000,2000,810,159,0.1963,False,0.1930,True,False,1.8413
aspanformer,face,Multi-PIE_genuine_209,074,074,1685,1685,1685,1190,0.7062,True,0.6862,True,True,2.0762
deepdetect,face,Multi-PIE_genuine_209,074,074,7804,7145,90,76,0.8444,True,0.8444,True,True,1.0524
loftr,face,Multi-PIE_genuine_210,110,110,1126,1126,1126,582,0.5169,True,0.4984,True,True,2.2266
orb-fingervein,face,Multi-PIE_genuine_210,110,110,2933,2779,165,92,0.5576,True,0.5280,True,True,2.5884
sift-fingervein,face,Multi-PIE_genuine_210,110,110,426,435,78,44,0.5641,True,0.5426,True,True,2.2757
superglue-fingervein,face,Multi-PIE_genuine_210,110,110,541,555,275,134,0.4873,True,0.4626,True,True,2.5413
sgmnet-fingervein,face,Multi-PIE_genuine_210,110,110,2000,2000,750,173,0.2307,True,0.2287,True,True,1.6708
aspanformer,face,Multi-PIE_genuine_210,110,110,1902,1902,1902,1042,0.5478,True,0.5318,True,True,2.0927
deepdetect,face,Multi-PIE_genuine_210,110,110,6142,6362,160,148,0.9250,True,0.9250,True,True,0.8761
loftr,face,Multi-PIE_genuine_211,040,040,1158,1158,1158,600,0.5181,True,0.4996,True,True,2.2290
orb-fingervein,face,Multi-PIE_genuine_211,040,040,3609,4122,240,166,0.6917,True,0.6773,True,True,1.9200
sift-fingervein,face,Multi-PIE_genuine_211,040,040,638,772,67,29,0.4328,False,0.4280,True,False,1.7254
superglue-fingervein,face,Multi-PIE_genuine_211,040,040,813,727,380,159,0.4184,True,0.3972,True,True,2.5432
sgmnet-fingervein,face,Multi-PIE_genuine_211,040,040,2000,2000,946,174,0.1839,False,0.1815,True,False,1.7715
aspanformer,face,Multi-PIE_genuine_211,040,040,1899,1899,1899,1104,0.5814,True,0.5669,True,True,2.0022
deepdetect,face,Multi-PIE_genuine_211,040,040,11715,16357,305,268,0.8787,True,0.8787,True,True,1.0309
loftr,face,Multi-PIE_genuine_212,115,115,1511,1511,1511,1077,0.7128,True,0.7128,True,True,1.4954
orb-fingervein,face,Multi-PIE_genuine_212,115,115,4341,4188,419,288,0.6874,True,0.6714,True,True,1.9688
sift-fingervein,face,Multi-PIE_genuine_212,115,115,1186,1052,178,109,0.6124,True,0.5938,True,True,2.1171
superglue-fingervein,face,Multi-PIE_genuine_212,115,115,855,829,537,252,0.4693,True,0.4435,True,True,2.6292
sgmnet-fingervein,face,Multi-PIE_genuine_212,115,115,2000,2000,1035,380,0.3671,True,0.3634,True,True,1.7039
aspanformer,face,Multi-PIE_genuine_212,115,115,2237,2237,2237,1831,0.8185,True,0.8086,True,True,1.7445
deepdetect,face,Multi-PIE_genuine_212,115,115,21911,23877,988,905,0.9160,True,0.9160,True,True,0.9311
loftr,face,Multi-PIE_genuine_213,001,001,1142,1142,1142,483,0.4229,False,0.4106,True,False,2.0908
orb-fingervein,face,Multi-PIE_genuine_213,001,001,3800,3684,156,77,0.4936,True,0.4883,True,True,1.7154
sift-fingervein,face,Multi-PIE_genuine_213,001,001,999,883,103,50,0.4854,True,0.4690,True,True,2.1908
superglue-fingervein,face,Multi-PIE_genuine_213,001,001,785,756,427,133,0.3115,True,0.2924,True,True,2.7668
sgmnet-fingervein,face,Multi-PIE_genuine_213,001,001,2000,2000,1012,248,0.2451,True,0.2421,True,True,1.7453
aspanformer,face,Multi-PIE_genuine_213,001,001,1668,1668,1668,856,0.5132,True,0.4846,True,True,2.6468
deepdetect,face,Multi-PIE_genuine_213,001,001,16267,12093,332,261,0.7861,True,0.7861,True,True,1.8853
loftr,face,Multi-PIE_genuine_214,242,242,1625,1625,1625,1188,0.7311,True,0.7251,True,True,1.6649
orb-fingervein,face,Multi-PIE_genuine_214,242,242,4608,4310,624,497,0.7965,True,0.7902,True,True,1.6581
sift-fingervein,face,Multi-PIE_genuine_214,242,242,1105,1045,196,147,0.7500,True,0.7500,True,True,1.4505
superglue-fingervein,face,Multi-PIE_genuine_214,242,242,1041,974,610,398,0.6525,True,0.6183,True,True,2.5751
sgmnet-fingervein,face,Multi-PIE_genuine_214,242,242,2000,2000,959,475,0.4953,True,0.4927,True,True,1.6052
aspanformer,face,Multi-PIE_genuine_214,242,242,2303,2303,2303,1663,0.7221,True,0.7221,True,True,1.3333
deepdetect,face,Multi-PIE_genuine_214,242,242,13668,14346,1159,1094,0.9439,True,0.9439,True,True,0.9576
loftr,face,Multi-PIE_genuine_215,183,183,1080,1080,1080,683,0.6324,True,0.6091,True,True,2.2505
orb-fingervein,face,Multi-PIE_genuine_215,183,183,2383,2596,201,141,0.7015,True,0.6989,True,True,1.5747
sift-fingervein,face,Multi-PIE_genuine_215,183,183,280,352,49,27,0.5510,True,0.5421,True,True,1.8241
superglue-fingervein,face,Multi-PIE_genuine_215,183,183,512,478,216,124,0.5741,True,0.5499,True,True,2.3612
sgmnet-fingervein,face,Multi-PIE_genuine_215,183,183,2000,2000,924,224,0.2424,True,0.2385,True,True,1.8242
aspanformer,face,Multi-PIE_genuine_215,183,183,1551,1551,1551,966,0.6228,True,0.6033,True,True,2.1386
deepdetect,face,Multi-PIE_genuine_215,183,183,6797,7161,140,134,0.9571,True,0.9571,True,True,0.8824
loftr,face,Multi-PIE_genuine_216,222,222,1552,1552,1552,972,0.6263,True,0.6128,True,True,1.9366
orb-fingervein,face,Multi-PIE_genuine_216,222,222,919,1030,131,101,0.7710,True,0.7639,True,True,1.6853
sift-fingervein,face,Multi-PIE_genuine_216,222,222,296,284,70,48,0.6857,True,0.6699,True,True,1.9659
superglue-fingervein,face,Multi-PIE_genuine_216,222,222,521,533,287,188,0.6551,True,0.6239,True,True,2.4736
sgmnet-fingervein,face,Multi-PIE_genuine_216,222,222,2000,2000,1027,330,0.3213,True,0.3172,True,True,1.7609
aspanformer,face,Multi-PIE_genuine_216,222,222,2344,2344,2344,1628,0.6945,True,0.6784,True,True,1.9702
deepdetect,face,Multi-PIE_genuine_216,222,222,7843,8259,489,383,0.7832,True,0.7832,True,True,1.4096
loftr,face,Multi-PIE_genuine_217,182,182,1431,1431,1431,609,0.4256,False,0.4050,True,False,2.4890
orb-fingervein,face,Multi-PIE_genuine_217,182,182,2938,3137,204,115,0.5637,True,0.5387,True,True,2.4098
sift-fingervein,face,Multi-PIE_genuine_217,182,182,503,523,55,24,0.4364,False,0.4363,True,False,1.3438
superglue-fingervein,face,Multi-PIE_genuine_217,182,182,600,662,316,95,0.3006,True,0.2822,True,True,2.7683
sgmnet-fingervein,face,Multi-PIE_genuine_217,182,182,2000,2000,942,131,0.1391,False,0.1367,True,False,1.8421
aspanformer,face,Multi-PIE_genuine_217,182,182,2069,2069,2069,1049,0.5070,True,0.4792,True,True,2.6263
deepdetect,face,Multi-PIE_genuine_217,182,182,11013,10740,699,683,0.9771,True,0.9771,True,True,1.5636
loftr,face,Multi-PIE_genuine_218,067,067,1854,1854,1854,1152,0.6214,True,0.6054,True,True,2.0215
orb-fingervein,face,Multi-PIE_genuine_218,067,067,4400,4534,481,344,0.7152,True,0.7012,True,True,1.8945
sift-fingervein,face,Multi-PIE_genuine_218,067,067,869,887,149,85,0.5705,True,0.5598,True,True,1.8786
superglue-fingervein,face,Multi-PIE_genuine_218,067,067,884,935,614,268,0.4365,True,0.4147,True,True,2.5248
sgmnet-fingervein,face,Multi-PIE_genuine_218,067,067,2000,2000,1035,374,0.3614,True,0.3578,True,True,1.6994
aspanformer,face,Multi-PIE_genuine_218,067,067,2863,2863,2863,2007,0.7010,True,0.6740,True,True,2.2852
deepdetect,face,Multi-PIE_genuine_218,067,067,19598,19470,1758,1598,0.9090,True,0.9090,True,True,1.3300
loftr,face,Multi-PIE_genuine_219,246,246,1991,1991,1991,1792,0.9001,True,0.9001,True,True,1.1020
orb-fingervein,face,Multi-PIE_genuine_219,246,246,3349,2720,630,521,0.8270,True,0.8144,True,True,1.8070
sift-fingervein,face,Multi-PIE_genuine_219,246,246,796,713,218,159,0.7294,True,0.7229,True,True,1.6786
superglue-fingervein,face,Multi-PIE_genuine_219,246,246,576,599,379,250,0.6596,True,0.6419,True,True,2.0459
sgmnet-fingervein,face,Multi-PIE_genuine_219,246,246,2000,2000,1089,612,0.5620,True,0.5618,True,True,1.5074
aspanformer,face,Multi-PIE_genuine_219,246,246,3298,3298,3298,3112,0.9436,True,0.9436,True,True,1.3837
deepdetect,face,Multi-PIE_genuine_219,246,246,10454,10295,2218,2213,0.9977,True,0.9977,True,True,0.7310
loftr,face,Multi-PIE_genuine_220,127,127,1651,1651,1651,890,0.5391,True,0.5268,True,True,1.9618
orb-fingervein,face,Multi-PIE_genuine_220,127,127,4444,4551,471,272,0.5775,True,0.5673,True,True,1.8563
sift-fingervein,face,Multi-PIE_genuine_220,127,127,1067,1033,107,43,0.4019,False,0.3907,True,False,2.0643
superglue-fingervein,face,Multi-PIE_genuine_220,127,127,1093,1018,632,321,0.5079,True,0.4750,True,True,2.8391
sgmnet-fingervein,face,Multi-PIE_genuine_220,127,127,2000,2000,1024,309,0.3018,True,0.2987,True,True,1.7011
aspanformer,face,Multi-PIE_genuine_220,127,127,2451,2451,2451,1343,0.5479,True,0.5312,True,True,2.1194
deepdetect,face,Multi-PIE_genuine_220,127,127,21156,19210,1510,1299,0.8603,True,0.8603,True,True,1.3353
loftr,face,Multi-PIE_genuine_221,193,193,1472,1472,1472,920,0.6250,True,0.6099,True,True,1.9905
orb-fingervein,face,Multi-PIE_genuine_221,193,193,3742,3167,251,177,0.7052,True,0.6850,True,True,2.0815
sift-fingervein,face,Multi-PIE_genuine_221,193,193,644,496,85,48,0.5647,True,0.5488,True,True,2.0696
superglue-fingervein,face,Multi-PIE_genuine_221,193,193,621,595,341,182,0.5337,True,0.5052,True,True,2.5981
sgmnet-fingervein,face,Multi-PIE_genuine_221,193,193,2000,2000,1051,356,0.3387,True,0.3337,True,True,1.7996
aspanformer,face,Multi-PIE_genuine_221,193,193,2117,2117,2117,1446,0.6830,True,0.6706,True,True,1.8662
deepdetect,face,Multi-PIE_genuine_221,193,193,9904,10956,376,346,0.9202,True,0.9202,True,True,1.0892
loftr,face,Multi-PIE_genuine_222,046,046,1055,1055,1055,382,0.3621,False,0.3394,True,False,2.7961
orb-fingervein,face,Multi-PIE_genuine_222,046,046,4243,3708,81,20,0.2469,False,0.2438,True,False,1.7362
sift-fingervein,face,Multi-PIE_genuine_222,046,046,895,780,37,11,0.2973,False,0.2861,True,False,2.0074
superglue-fingervein,face,Multi-PIE_genuine_222,046,046,879,788,458,131,0.2860,True,0.2677,True,True,2.8260
sgmnet-fingervein,face,Multi-PIE_genuine_222,046,046,2000,2000,934,91,0.0974,False,0.0960,True,False,1.7915
aspanformer,face,Multi-PIE_genuine_222,046,046,1282,1282,1282,544,0.4243,True,0.4001,True,True,2.6760
deepdetect,face,Multi-PIE_genuine_222,046,046,10648,9858,23,18,0.7826,True,0.7826,True,True,0.9892
loftr,face,Multi-PIE_genuine_223,128,128,1557,1557,1557,986,0.6333,True,0.5994,True,True,2.6003
orb-fingervein,face,Multi-PIE_genuine_223,128,128,3204,2987,398,312,0.7839,True,0.7648,True,True,1.9944
sift-fingervein,face,Multi-PIE_genuine_223,128,128,689,637,124,87,0.7016,True,0.6972,True,True,1.6252
superglue-fingervein,face,Multi-PIE_genuine_223,128,128,533,549,313,165,0.5272,True,0.5049,True,True,2.3640
sgmnet-fingervein,face,Multi-PIE_genuine_223,128,128,2000,2000,1001,304,0.3037,True,0.3018,True,True,1.6237
aspanformer,face,Multi-PIE_genuine_223,128,128,2245,2245,2245,1475,0.6570,True,0.6312,True,True,2.3027
deepdetect,face,Multi-PIE_genuine_223,128,128,10506,11135,351,330,0.9402,True,0.9402,True,True,1.1103
loftr,face,Multi-PIE_genuine_224,232,232,1638,1638,1638,1200,0.7326,True,0.7288,True,True,1.6045
orb-fingervein,face,Multi-PIE_genuine_224,232,232,3928,3385,896,762,0.8504,True,0.8504,True,True,1.4202
sift-fingervein,face,Multi-PIE_genuine_224,232,232,653,622,167,134,0.8024,True,0.8024,True,True,1.2470
superglue-fingervein,face,Multi-PIE_genuine_224,232,232,744,655,427,342,0.8009,True,0.7728,True,True,2.2150
sgmnet-fingervein,face,Multi-PIE_genuine_224,232,232,2000,2000,1006,534,0.5308,True,0.5291,True,True,1.5632
aspanformer,face,Multi-PIE_genuine_224,232,232,2911,2911,2911,2716,0.9330,True,0.9330,True,True,1.2651
deepdetect,face,Multi-PIE_genuine_224,232,232,15770,14497,4070,3758,0.9233,True,0.9233,True,True,0.6214
loftr,face,Multi-PIE_genuine_225,027,027,1442,1442,1442,755,0.5236,True,0.4988,True,True,2.4698
orb-fingervein,face,Multi-PIE_genuine_225,027,027,4256,4311,430,308,0.7163,True,0.7064,True,True,1.7781
sift-fingervein,face,Multi-PIE_genuine_225,027,027,934,1003,125,75,0.6000,True,0.5823,True,True,2.0998
superglue-fingervein,face,Multi-PIE_genuine_225,027,027,863,828,473,242,0.5116,True,0.4837,True,True,2.6236
sgmnet-fingervein,face,Multi-PIE_genuine_225,027,027,2000,2000,1042,374,0.3589,True,0.3548,True,True,1.7337
aspanformer,face,Multi-PIE_genuine_225,027,027,2366,2366,2366,1270,0.5368,True,0.5165,True,True,2.2693
deepdetect,face,Multi-PIE_genuine_225,027,027,16591,16755,621,592,0.9533,True,0.9533,True,True,1.2389
loftr,face,Multi-PIE_genuine_226,221,221,1249,1249,1249,812,0.6501,True,0.6240,True,True,2.3195
orb-fingervein,face,Multi-PIE_genuine_226,221,221,3422,3398,254,164,0.6457,True,0.6240,True,True,2.1835
sift-fingervein,face,Multi-PIE_genuine_226,221,221,512,549,66,43,0.6515,True,0.6327,True,True,2.0847
superglue-fingervein,face,Multi-PIE_genuine_226,221,221,544,527,277,158,0.5704,True,0.5410,True,True,2.5571
sgmnet-fingervein,face,Multi-PIE_genuine_226,221,221,2000,2000,725,180,0.2483,True,0.2458,True,True,1.6975
aspanformer,face,Multi-PIE_genuine_226,221,221,1996,1996,1996,1571,0.7871,True,0.7546,True,True,2.3437
deepdetect,face,Multi-PIE_genuine_226,221,221,10112,11033,275,268,0.9745,True,0.9745,True,True,1.2724
loftr,face,Multi-PIE_genuine_227,158,158,1178,1178,1178,923,0.7835,True,0.7619,True,True,2.0594
orb-fingervein,face,Multi-PIE_genuine_227,158,158,814,871,156,113,0.7244,True,0.7244,True,True,1.4786
sift-fingervein,face,Multi-PIE_genuine_227,158,158,170,187,54,41,0.7593,True,0.7593,True,True,1.3377
superglue-fingervein,face,Multi-PIE_genuine_227,158,158,375,346,200,113,0.5650,True,0.5425,True,True,2.3121
sgmnet-fingervein,face,Multi-PIE_genuine_227,158,158,2000,2000,836,176,0.2105,True,0.2079,True,True,1.7543
aspanformer,face,Multi-PIE_genuine_227,158,158,2134,2134,2134,1690,0.7919,True,0.7889,True,True,1.5778
deepdetect,face,Multi-PIE_genuine_227,158,158,3298,4055,541,510,0.9427,True,0.9427,True,True,0.5468
loftr,face,Multi-PIE_genuine_228,076,076,1629,1629,1629,1034,0.6347,True,0.6347,True,True,1.4386
orb-fingervein,face,Multi-PIE_genuine_228,076,076,4033,4264,501,399,0.7964,True,0.7927,True,True,1.5924
sift-fingervein,face,Multi-PIE_genuine_228,076,076,884,919,126,74,0.5873,True,0.5832,True,True,1.6401
superglue-fingervein,face,Multi-PIE_genuine_228,076,076,845,829,447,238,0.5324,True,0.5088,True,True,2.4064
sgmnet-fingervein,face,Multi-PIE_genuine_228,076,076,2000,2000,950,249,0.2621,True,0.2591,True,True,1.7339
aspanformer,face,Multi-PIE_genuine_228,076,076,2434,2434,2434,1446,0.5941,True,0.5941,True,True,1.4575
deepdetect,face,Multi-PIE_genuine_228,076,076,25225,22724,1360,1335,0.9816,True,0.9816,True,True,0.7506
loftr,face,Multi-PIE_genuine_229,214,214,1520,1520,1520,1007,0.6625,True,0.6432,True,True,2.0926
orb-fingervein,face,Multi-PIE_genuine_229,214,214,1389,1549,252,213,0.8452,True,0.8357,True,True,1.7266
sift-fingervein,face,Multi-PIE_genuine_229,214,214,307,350,105,77,0.7333,True,0.7258,True,True,1.7058
superglue-fingervein,face,Multi-PIE_genuine_229,214,214,562,537,319,216,0.6771,True,0.6485,True,True,2.3647
sgmnet-fingervein,face,Multi-PIE_genuine_229,214,214,2000,2000,834,214,0.2566,True,0.2541,True,True,1.6941
aspanformer,face,Multi-PIE_genuine_229,214,214,2277,2277,2277,1436,0.6307,True,0.6273,True,True,1.6058
deepdetect,face,Multi-PIE_genuine_229,214,214,6258,8074,894,806,0.9016,True,0.9016,True,True,0.6662
loftr,face,Multi-PIE_genuine_230,162,162,1222,1222,1222,640,0.5237,True,0.5013,True,True,2.3739
orb-fingervein,face,Multi-PIE_genuine_230,162,162,1959,2441,126,91,0.7222,True,0.7104,True,True,1.8308
sift-fingervein,face,Multi-PIE_genuine_230,162,162,256,294,43,23,0.5349,True,0.5300,True,True,1.6788
superglue-fingervein,face,Multi-PIE_genuine_230,162,162,469,476,245,103,0.4204,True,0.3932,True,True,2.8386
sgmnet-fingervein,face,Multi-PIE_genuine_230,162,162,2000,2000,955,179,0.1874,False,0.1836,True,False,1.9181
aspanformer,face,Multi-PIE_genuine_230,162,162,1791,1791,1791,1020,0.5695,True,0.5409,True,True,2.5321
deepdetect,face,Multi-PIE_genuine_230,162,162,5848,6994,630,623,0.9889,True,0.9889,True,True,0.7774
loftr,face,Multi-PIE_genuine_231,128,128,1456,1456,1456,962,0.6607,True,0.6222,True,True,2.7011
orb-fingervein,face,Multi-PIE_genuine_231,128,128,3111,2930,328,241,0.7348,True,0.7151,True,True,2.0430
sift-fingervein,face,Multi-PIE_genuine_231,128,128,660,614,126,87,0.6905,True,0.6758,True,True,1.9297
superglue-fingervein,face,Multi-PIE_genuine_231,128,128,521,588,306,151,0.4935,True,0.4671,True,True,2.5981
sgmnet-fingervein,face,Multi-PIE_genuine_231,128,128,2000,2000,1000,320,0.3200,True,0.3162,True,True,1.7358
aspanformer,face,Multi-PIE_genuine_231,128,128,2207,2207,2207,1502,0.6806,True,0.6495,True,True,2.4337
deepdetect,face,Multi-PIE_genuine_231,128,128,10276,10564,242,235,0.9711,True,0.9711,True,True,1.5505
loftr,face,Multi-PIE_genuine_232,154,154,1134,1134,1134,699,0.6164,True,0.5917,True,True,2.3164
orb-fingervein,face,Multi-PIE_genuine_232,154,154,3062,2372,239,192,0.8033,True,0.7815,True,True,2.0505
sift-fingervein,face,Multi-PIE_genuine_232,154,154,385,302,60,35,0.5833,True,0.5714,True,True,1.9139
superglue-fingervein,face,Multi-PIE_genuine_232,154,154,452,421,240,106,0.4417,True,0.4253,True,True,2.2541
sgmnet-fingervein,face,Multi-PIE_genuine_232,154,154,2000,2000,772,351,0.4547,True,0.4524,True,True,1.6019
aspanformer,face,Multi-PIE_genuine_232,154,154,1551,1551,1551,1156,0.7453,True,0.7246,True,True,2.0638
deepdetect,face,Multi-PIE_genuine_232,154,154,9347,7956,473,465,0.9831,True,0.9831,True,True,0.6317
loftr,face,Multi-PIE_genuine_233,051,051,678,678,678,241,0.3555,False,0.3463,True,False,2.0245
orb-fingervein,face,Multi-PIE_genuine_233,051,051,4971,4816,122,41,0.3361,False,0.3233,True,False,2.2716
sift-fingervein,face,Multi-PIE_genuine_233,051,051,1501,1445,85,16,0.1882,False,0.1820,True,False,2.1240
superglue-fingervein,face,Multi-PIE_genuine_233,051,051,1073,998,498,126,0.2530,True,0.2354,True,True,2.9464
sgmnet-fingervein,face,Multi-PIE_genuine_233,051,051,2000,2000,715,45,0.0629,False,0.0627,True,False,1.5728
aspanformer,face,Multi-PIE_genuine_233,051,051,938,938,938,372,0.3966,False,0.3887,True,False,1.8994
deepdetect,face,Multi-PIE_genuine_233,051,051,30101,31832,74,41,0.5541,True,0.5541,True,True,1.8775
loftr,face,Multi-PIE_genuine_234,095,095,1731,1731,1731,1127,0.6511,True,0.6247,True,True,2.3283
orb-fingervein,face,Multi-PIE_genuine_234,095,095,4389,4373,402,261,0.6493,True,0.6356,True,True,1.9241
sift-fingervein,face,Multi-PIE_genuine_234,095,095,908,995,122,61,0.5000,True,0.4869,True,True,2.0316
superglue-fingervein,face,Multi-PIE_genuine_234,095,095,1013,989,560,266,0.4750,True,0.4518,True,True,2.5035
sgmnet-fingervein,face,Multi-PIE_genuine_234,095,095,2000,2000,993,313,0.3152,True,0.3112,True,True,1.7538
aspanformer,face,Multi-PIE_genuine_234,095,095,2893,2893,2893,1868,0.6457,True,0.6297,True,True,2.0002
deepdetect,face,Multi-PIE_genuine_234,095,095,18738,21793,899,793,0.8821,True,0.8821,True,True,0.9236
loftr,face,Multi-PIE_genuine_235,193,193,1727,1727,1727,1221,0.7070,True,0.6868,True,True,2.0790
orb-fingervein,face,Multi-PIE_genuine_235,193,193,4729,4385,541,396,0.7320,True,0.7182,True,True,1.8800
sift-fingervein,face,Multi-PIE_genuine_235,193,193,1206,1109,150,77,0.5133,True,0.5077,True,True,1.7199
superglue-fingervein,face,Multi-PIE_genuine_235,193,193,984,927,588,350,0.5952,True,0.5667,True,True,2.4810
sgmnet-fingervein,face,Multi-PIE_genuine_235,193,193,2000,2000,1048,340,0.3244,True,0.3196,True,True,1.7973
aspanformer,face,Multi-PIE_genuine_235,193,193,3078,3078,3078,2107,0.6845,True,0.6725,True,True,1.8559
deepdetect,face,Multi-PIE_genuine_235,193,193,18803,20021,1701,1691,0.9941,True,0.9941,True,True,1.2743
loftr,face,Multi-PIE_genuine_236,041,041,1489,1489,1489,697,0.4681,True,0.4554,True,True,2.0480
orb-fingervein,face,Multi-PIE_genuine_236,041,041,4712,4762,384,186,0.4844,True,0.4717,True,True,2.0311
sift-fingervein,face,Multi-PIE_genuine_236,041,041,1209,1246,117,54,0.4615,True,0.4576,True,True,1.6727
superglue-fingervein,face,Multi-PIE_genuine_236,041,041,1071,1026,626,262,0.4185,True,0.3914,True,True,2.8417
sgmnet-fingervein,face,Multi-PIE_genuine_236,041,041,1917,2000,950,202,0.2126,True,0.2091,True,True,1.8308
aspanformer,face,Multi-PIE_genuine_236,041,041,2586,2586,2586,1320,0.5104,True,0.4930,True,True,2.1944
deepdetect,face,Multi-PIE_genuine_236,041,041,22385,23979,1073,948,0.8835,True,0.8835,True,True,1.0953
loftr,face,Multi-PIE_genuine_237,136,136,1729,1729,1729,1106,0.6397,True,0.6302,True,True,1.8000
orb-fingervein,face,Multi-PIE_genuine_237,136,136,3813,3882,533,423,0.7936,True,0.7846,True,True,1.7282
sift-fingervein,face,Multi-PIE_genuine_237,136,136,703,759,125,94,0.7520,True,0.7520,True,True,1.4745
superglue-fingervein,face,Multi-PIE_genuine_237,136,136,822,799,497,241,0.4849,True,0.4689,True,True,2.1700
sgmnet-fingervein,face,Multi-PIE_genuine_237,136,136,2000,2000,1054,541,0.5133,True,0.5092,True,True,1.6606
aspanformer,face,Multi-PIE_genuine_237,136,136,2807,2807,2807,1817,0.6473,True,0.6371,True,True,1.8170
deepdetect,face,Multi-PIE_genuine_237,136,136,13762,14320,1285,1168,0.9089,True,0.9089,True,True,0.6442
loftr,face,Multi-PIE_genuine_238,242,242,1805,1805,1805,948,0.5252,True,0.4983,True,True,2.5511
orb-fingervein,face,Multi-PIE_genuine_238,242,242,4842,4656,698,529,0.7579,True,0.7457,True,True,1.8234
sift-fingervein,face,Multi-PIE_genuine_238,242,242,1253,1182,184,107,0.5815,True,0.5764,True,True,1.6762
superglue-fingervein,face,Multi-PIE_genuine_238,242,242,1006,987,593,339,0.5717,True,0.5458,True,True,2.4260
sgmnet-fingervein,face,Multi-PIE_genuine_238,242,242,2000,2000,980,468,0.4776,True,0.4743,True,True,1.6381
aspanformer,face,Multi-PIE_genuine_238,242,242,2657,2657,2657,1866,0.7023,True,0.7023,True,True,1.2811
deepdetect,face,Multi-PIE_genuine_238,242,242,15541,17304,1876,1700,0.9062,True,0.9062,True,True,0.9038
loftr,face,Multi-PIE_genuine_239,197,197,1544,1544,1544,701,0.4540,False,0.4390,True,False,2.1734
orb-fingervein,face,Multi-PIE_genuine_239,197,197,4781,4329,412,270,0.6553,True,0.6407,True,True,1.9508
sift-fingervein,face,Multi-PIE_genuine_239,197,197,1268,1031,115,55,0.4783,True,0.4647,True,True,2.0760
superglue-fingervein,face,Multi-PIE_genuine_239,197,197,1126,1027,614,189,0.3078,True,0.2935,True,True,2.4511
sgmnet-fingervein,face,Multi-PIE_genuine_239,197,197,1929,1866,871,166,0.1906,False,0.1880,True,False,1.7758
aspanformer,face,Multi-PIE_genuine_239,197,197,2530,2530,2530,1157,0.4573,True,0.4404,True,True,2.2544
deepdetect,face,Multi-PIE_genuine_239,197,197,18802,17094,565,477,0.8442,True,0.8442,True,True,1.4591
loftr,face,Multi-PIE_genuine_240,234,234,1497,1497,1497,995,0.6647,True,0.6445,True,True,2.1163
orb-fingervein,face,Multi-PIE_genuine_240,234,234,1438,1270,150,105,0.7000,True,0.6890,True,True,1.8164
sift-fingervein,face,Multi-PIE_genuine_240,234,234,251,261,49,26,0.5306,True,0.5127,True,True,2.1861
superglue-fingervein,face,Multi-PIE_genuine_240,234,234,385,380,201,113,0.5622,True,0.5301,True,True,2.6765
sgmnet-fingervein,face,Multi-PIE_genuine_240,234,234,2000,2000,878,152,0.1731,False,0.1704,True,False,1.8220
aspanformer,face,Multi-PIE_genuine_240,234,234,2256,2256,2256,1346,0.5966,True,0.5837,True,True,1.9370
deepdetect,face,Multi-PIE_genuine_240,234,234,5068,4942,511,433,0.8474,True,0.8474,True,True,1.1077
loftr,face,Multi-PIE_genuine_241,134,134,1149,1149,1149,688,0.5988,True,0.5940,True,True,1.6615
orb-fingervein,face,Multi-PIE_genuine_241,134,134,2482,3047,169,107,0.6331,True,0.6136,True,True,2.1274
sift-fingervein,face,Multi-PIE_genuine_241,134,134,433,402,50,25,0.5000,True,0.4999,True,True,1.3814
superglue-fingervein,face,Multi-PIE_genuine_241,134,134,552,612,316,149,0.4715,True,0.4470,True,True,2.5684
sgmnet-fingervein,face,Multi-PIE_genuine_241,134,134,2000,2000,884,206,0.2330,True,0.2308,True,True,1.6907
aspanformer,face,Multi-PIE_genuine_241,134,134,1496,1496,1496,944,0.6310,True,0.6203,True,True,1.8415
deepdetect,face,Multi-PIE_genuine_241,134,134,11131,13135,349,339,0.9713,True,0.9713,True,True,0.9549
loftr,face,Multi-PIE_genuine_242,233,233,1324,1324,1324,629,0.4751,True,0.4543,True,True,2.3924
orb-fingervein,face,Multi-PIE_genuine_242,233,233,2921,2207,181,106,0.5856,True,0.5637,True,True,2.2645
sift-fingervein,face,Multi-PIE_genuine_242,233,233,508,382,75,31,0.4133,False,0.3967,True,False,2.3227
superglue-fingervein,face,Multi-PIE_genuine_242,233,233,587,610,306,124,0.4052,True,0.3804,True,True,2.7652
sgmnet-fingervein,face,Multi-PIE_genuine_242,233,233,2000,2000,943,285,0.3022,True,0.2989,True,True,1.7214
aspanformer,face,Multi-PIE_genuine_242,233,233,1879,1879,1879,1027,0.5466,True,0.5283,True,True,2.1782
deepdetect,face,Multi-PIE_genuine_242,233,233,12251,10215,87,58,0.6667,True,0.6667,True,True,1.4235
loftr,face,Multi-PIE_genuine_243,001,001,1300,1300,1300,598,0.4600,False,0.4401,True,False,2.3832
orb-fingervein,face,Multi-PIE_genuine_243,001,001,4079,4132,312,163,0.5224,True,0.5064,True,True,2.1243
sift-fingervein,face,Multi-PIE_genuine_243,001,001,882,962,90,34,0.3778,False,0.3618,True,False,2.3645
superglue-fingervein,face,Multi-PIE_genuine_243,001,001,849,881,457,192,0.4201,True,0.3880,True,True,3.0903
sgmnet-fingervein,face,Multi-PIE_genuine_243,001,001,2000,2000,1066,252,0.2364,True,0.2337,True,True,1.7308
aspanformer,face,Multi-PIE_genuine_243,001,001,2060,2060,2060,1123,0.5451,True,0.5162,True,True,2.5915
deepdetect,face,Multi-PIE_genuine_243,001,001,18490,16584,930,721,0.7753,True,0.7753,True,True,1.8577
loftr,face,Multi-PIE_genuine_244,151,151,1463,1463,1463,830,0.5673,True,0.5439,True,True,2.3421
orb-fingervein,face,Multi-PIE_genuine_244,151,151,2320,1980,268,183,0.6828,True,0.6704,True,True,1.8677
sift-fingervein,face,Multi-PIE_genuine_244,151,151,453,348,77,46,0.5974,True,0.5840,True,True,1.9528
superglue-fingervein,face,Multi-PIE_genuine_244,151,151,524,536,292,165,0.5651,True,0.5345,True,True,2.6119
sgmnet-fingervein,face,Multi-PIE_genuine_244,151,151,2000,2000,1041,283,0.2719,True,0.2670,True,True,1.8605
aspanformer,face,Multi-PIE_genuine_244,151,151,2409,2409,2409,1329,0.5517,True,0.5383,True,True,1.9927
deepdetect,face,Multi-PIE_genuine_244,151,151,11392,9054,1022,838,0.8200,True,0.8200,True,True,1.0021
loftr,face,Multi-PIE_genuine_245,082,082,1790,1790,1790,1377,0.7693,True,0.7492,True,True,2.0285
orb-fingervein,face,Multi-PIE_genuine_245,082,082,3150,2876,470,350,0.7447,True,0.7229,True,True,2.0932
sift-fingervein,face,Multi-PIE_genuine_245,082,082,562,547,141,88,0.6241,True,0.6105,True,True,1.9399
superglue-fingervein,face,Multi-PIE_genuine_245,082,082,684,644,379,190,0.5013,True,0.4784,True,True,2.4371
sgmnet-fingervein,face,Multi-PIE_genuine_245,082,082,2000,2000,983,262,0.2665,True,0.2625,True,True,1.8049
aspanformer,face,Multi-PIE_genuine_245,082,082,2896,2896,2896,2443,0.8436,True,0.8214,True,True,2.0337
deepdetect,face,Multi-PIE_genuine_245,082,082,13844,15330,1075,1023,0.9516,True,0.9516,True,True,1.3511
loftr,face,Multi-PIE_genuine_246,124,124,1017,1017,1017,744,0.7316,True,0.7102,True,True,2.0928
orb-fingervein,face,Multi-PIE_genuine_246,124,124,3426,3195,220,140,0.6364,True,0.6364,True,True,1.4456
sift-fingervein,face,Multi-PIE_genuine_246,124,124,543,450,57,34,0.5965,True,0.5892,True,True,1.7475
superglue-fingervein,face,Multi-PIE_genuine_246,124,124,682,617,341,168,0.4927,True,0.4709,True,True,2.4034
sgmnet-fingervein,face,Multi-PIE_genuine_246,124,124,2000,2000,895,271,0.3028,True,0.2992,True,True,1.7367
aspanformer,face,Multi-PIE_genuine_246,124,124,1443,1443,1443,1085,0.7519,True,0.7340,True,True,1.9818
deepdetect,face,Multi-PIE_genuine_246,124,124,11663,11939,312,262,0.8397,True,0.8397,True,True,0.4306
loftr,face,Multi-PIE_genuine_247,005,005,1905,1905,1905,1539,0.8079,True,0.7979,True,True,1.7489
orb-fingervein,face,Multi-PIE_genuine_247,005,005,3873,3968,841,688,0.8181,True,0.8029,True,True,1.8750
sift-fingervein,face,Multi-PIE_genuine_247,005,005,702,695,177,130,0.7345,True,0.7167,True,True,1.9887
superglue-fingervein,face,Multi-PIE_genuine_247,005,005,773,787,513,337,0.6569,True,0.6327,True,True,2.2509
sgmnet-fingervein,face,Multi-PIE_genuine_247,005,005,2000,2000,1046,489,0.4675,True,0.4637,True,True,1.6616
aspanformer,face,Multi-PIE_genuine_247,005,005,2925,2925,2925,2447,0.8366,True,0.8336,True,True,1.5724
deepdetect,face,Multi-PIE_genuine_247,005,005,12144,12492,2015,1939,0.9623,True,0.9623,True,True,0.9491
loftr,face,Multi-PIE_genuine_248,029,029,1670,1670,1670,1208,0.7234,True,0.7206,True,True,1.5767
orb-fingervein,face,Multi-PIE_genuine_248,029,029,3723,3848,622,509,0.8183,True,0.8149,True,True,1.5837
sift-fingervein,face,Multi-PIE_genuine_248,029,029,830,808,138,90,0.6522,True,0.6449,True,True,1.7238
superglue-fingervein,face,Multi-PIE_genuine_248,029,029,857,892,550,306,0.5564,True,0.5302,True,True,2.4615
sgmnet-fingervein,face,Multi-PIE_genuine_248,029,029,2000,2000,1048,453,0.4323,True,0.4296,True,True,1.6208
aspanformer,face,Multi-PIE_genuine_248,029,029,2719,2719,2719,2132,0.7841,True,0.7625,True,True,2.0583
deepdetect,face,Multi-PIE_genuine_248,029,029,16393,18484,1994,1928,0.9669,True,0.9669,True,True,0.7571
loftr,face,Multi-PIE_genuine_249,236,236,1635,1635,1635,975,0.5963,True,0.5905,True,True,1.6957
orb-fingervein,face,Multi-PIE_genuine_249,236,236,4866,4551,795,660,0.8302,True,0.8279,True,True,1.5550
sift-fingervein,face,Multi-PIE_genuine_249,236,236,1302,1046,169,114,0.6746,True,0.6535,True,True,2.1332
superglue-fingervein,face,Multi-PIE_genuine_249,236,236,1061,960,622,325,0.5225,True,0.4976,True,True,2.4785
sgmnet-fingervein,face,Multi-PIE_genuine_249,236,236,2000,2000,1052,415,0.3945,True,0.3915,True,True,1.6510
aspanformer,face,Multi-PIE_genuine_249,236,236,2413,2413,2413,1619,0.6709,True,0.6606,True,True,1.8114
deepdetect,face,Multi-PIE_genuine_249,236,236,22575,21137,2561,2383,0.9305,True,0.9305,True,True,0.9271
loftr,face,Multi-PIE_impostor_0,168,016,46,46,46,0,,False,,False,True,
orb-fingervein,face,Multi-PIE_impostor_0,168,016,3616,3457,40,9,0.2250,False,0.2196,False,True,0.8840
sift-fingervein,face,Multi-PIE_impostor_0,168,016,525,426,21,0,,False,,False,True,
superglue-fingervein,face,Multi-PIE_impostor_0,168,016,546,499,97,25,0.2577,True,0.2468,False,False,2.3607
sgmnet-fingervein,face,Multi-PIE_impostor_0,168,016,2000,2000,107,8,0.0748,False,0.0724,False,True,1.1161
aspanformer,face,Multi-PIE_impostor_0,168,016,74,74,74,31,0.4189,True,0.4081,False,False,2.0237
deepdetect,face,Multi-PIE_impostor_0,168,016,9855,9619,85,80,0.9412,True,0.9412,False,False,0.4756
loftr,face,Multi-PIE_impostor_1,236,214,385,385,385,79,0.2052,False,0.1957,False,True,2.4459
orb-fingervein,face,Multi-PIE_impostor_1,236,214,3812,2869,29,0,,False,,False,True,
sift-fingervein,face,Multi-PIE_impostor_1,236,214,777,464,21,5,0.2381,False,0.2219,False,True,0.9078
superglue-fingervein,face,Multi-PIE_impostor_1,236,214,777,533,225,45,0.2000,True,0.1865,False,False,2.9019
sgmnet-fingervein,face,Multi-PIE_impostor_1,236,214,2000,2000,199,9,0.0452,False,0.0441,False,True,0.7000
aspanformer,face,Multi-PIE_impostor_1,236,214,198,198,198,80,0.4040,False,0.3828,False,True,2.5782
deepdetect,face,Multi-PIE_impostor_1,236,214,13598,11877,17,14,0.8235,True,0.8235,False,False,1.7743
loftr,face,Multi-PIE_impostor_2,033,189,131,131,131,27,0.2061,False,0.1999,False,True,2.1148
orb-fingervein,face,Multi-PIE_impostor_2,033,189,4212,4093,59,0,,False,,False,True,
sift-fingervein,face,Multi-PIE_impostor_2,033,189,940,933,28,0,,False,,False,True,
superglue-fingervein,face,Multi-PIE_impostor_2,033,189,965,933,316,74,0.2342,True,0.2179,False,False,2.9411
sgmnet-fingervein,face,Multi-PIE_impostor_2,033,189,2000,2000,306,12,0.0392,False,0.0388,False,True,0.8957
aspanformer,face,Multi-PIE_impostor_2,033,189,155,155,155,58,0.3742,False,0.3678,False,True,1.8470
deepdetect,face,Multi-PIE_impostor_2,033,189,22484,26097,22,9,0.4091,True,0.4091,False,False,2.1647
loftr,face,Multi-PIE_impostor_3,237,198,369,369,369,114,0.3089,False,0.2974,False,True,2.2648
orb-fingervein,face,Multi-PIE_impostor_3,237,198,3739,3468,50,27,0.5400,True,0.5368,False,False,1.6170
sift-fingervein,face,Multi-PIE_impostor_3,237,198,938,667,33,6,0.1818,False,0.1720,False,True,0.8298
superglue-fingervein,face,Multi-PIE_impostor_3,237,198,571,872,249,79,0.3173,True,0.2999,False,False,2.6270
sgmnet-fingervein,face,Multi-PIE_impostor_3,237,198,1818,2000,266,17,0.0639,False,0.0638,False,True,1.4639
aspanformer,face,Multi-PIE_impostor_3,237,198,354,354,354,201,0.5678,True,0.5438,False,False,2.3643
deepdetect,face,Multi-PIE_impostor_3,237,198,25169,26081,42,18,0.4286,True,0.4286,False,False,1.5542
loftr,face,Multi-PIE_impostor_4,009,234,219,219,219,51,0.2329,False,0.2240,False,True,2.2795
orb-fingervein,face,Multi-PIE_impostor_4,009,234,841,1146,12,0,,False,,False,True,
sift-fingervein,face,Multi-PIE_impostor_4,009,234,202,288,8,4,0.5000,True,0.4583,False,False,0.0000
superglue-fingervein,face,Multi-PIE_impostor_4,009,234,417,428,158,33,0.2089,True,0.1961,False,False,2.7562
sgmnet-fingervein,face,Multi-PIE_impostor_4,009,234,2000,2000,290,11,0.0379,False,0.0374,False,True,0.9962
aspanformer,face,Multi-PIE_impostor_4,009,234,83,83,83,49,0.5904,True,0.5627,False,False,2.4609
deepdetect,face,Multi-PIE_impostor_4,009,234,5743,8559,2,0,,False,,False,True,
loftr,face,Multi-PIE_impostor_5,211,032,364,364,364,81,0.2225,False,0.2182,False,True,1.8899
orb-fingervein,face,Multi-PIE_impostor_5,211,032,2841,2302,14,0,,False,,False,True,
sift-fingervein,face,Multi-PIE_impostor_5,211,032,450,481,8,0,,False,,False,True,
superglue-fingervein,face,Multi-PIE_impostor_5,211,032,643,628,118,22,0.1864,True,0.1779,False,False,2.4334
sgmnet-fingervein,face,Multi-PIE_impostor_5,211,032,2000,2000,156,11,0.0705,False,0.0696,False,True,1.1090
aspanformer,face,Multi-PIE_impostor_5,211,032,152,152,152,69,0.4539,True,0.4374,False,False,2.2442
deepdetect,face,Multi-PIE_impostor_5,211,032,9592,8754,11,0,,False,,False,True,
loftr,face,Multi-PIE_impostor_6,232,098,314,314,314,55,0.1752,False,0.1669,False,True,2.4684
orb-fingervein,face,Multi-PIE_impostor_6,232,098,4103,3708,40,0,,False,,False,True,
sift-fingervein,face,Multi-PIE_impostor_6,232,098,629,630,26,0,,False,,False,True,
superglue-fingervein,face,Multi-PIE_impostor_6,232,098,705,696,297,52,0.1751,True,0.1648,False,False,2.7087
sgmnet-fingervein,face,Multi-PIE_impostor_6,232,098,2000,2000,223,10,0.0448,False,0.0441,False,True,1.2085
aspanformer,face,Multi-PIE_impostor_6,232,098,113,113,113,50,0.4425,True,0.4390,False,False,1.6559
deepdetect,face,Multi-PIE_impostor_6,232,098,15145,11807,13,0,,False,,False,True,
loftr,face,Multi-PIE_impostor_7,239,170,225,225,225,76,0.3378,False,0.3204,False,True,2.5534
orb-fingervein,face,Multi-PIE_impostor_7,239,170,1554,1517,27,0,,False,,False,True,
sift-fingervein,face,Multi-PIE_impostor_7,239,170,385,450,12,0,,False,,False,True,
superglue-fingervein,face,Multi-PIE_impostor_7,239,170,661,573,213,50,0.2347,True,0.2191,False,False,2.8793
sgmnet-fingervein,face,Multi-PIE_impostor_7,239,170,2000,2000,185,9,0.0486,False,0.0475,False,True,1.1279
aspanformer,face,Multi-PIE_impostor_7,239,170,116,116,116,81,0.6983,True,0.6766,False,False,2.1299
deepdetect,face,Multi-PIE_impostor_7,239,170,5547,9122,12,0,,False,,False,True,
loftr,face,Multi-PIE_impostor_8,039,111,208,208,208,32,0.1538,False,0.1484,False,True,2.2174
orb-fingervein,face,Multi-PIE_impostor_8,039,111,2894,3073,43,9,0.2093,False,0.2043,False,True,1.3170
sift-fingervein,face,Multi-PIE_impostor_8,039,111,357,369,13,6,0.4615,False,0.4367,False,True,0.7978
superglue-fingervein,face,Multi-PIE_impostor_8,039,111,438,514,144,41,0.2847,True,0.2615,False,False,3.2020
sgmnet-fingervein,face,Multi-PIE_impostor_8,039,111,2000,2000,169,14,0.0828,False,0.0824,False,True,1.4295
aspanformer,face,Multi-PIE_impostor_8,039,111,120,120,120,61,0.5083,True,0.4921,False,False,2.1479
deepdetect,face,Multi-PIE_impostor_8,039,111,9882,8519,38,0,,False,,False,True,
loftr,face,Multi-PIE_impostor_9,163,168,477,477,477,130,0.2725,False,0.2611,False,True,2.3591
orb-fingervein,face,Multi-PIE_impostor_9,163,168,4108,4631,47,10,0.2128,False,0.2090,False,True,0.7950
sift-fingervein,face,Multi-PIE_impostor_9,163,168,905,1106,22,0,,False,,False,True,
superglue-fingervein,face,Multi-PIE_impostor_9,163,168,903,1038,433,85,0.1963,True,0.1814,False,False,3.0844
sgmnet-fingervein,face,Multi-PIE_impostor_9,163,168,2000,2000,498,29,0.0582,False,0.0576,False,True,1.7338
aspanformer,face,Multi-PIE_impostor_9,163,168,493,493,493,179,0.3631,False,0.3579,False,True,1.7871
deepdetect,face,Multi-PIE_impostor_9,163,168,17045,23126,29,18,0.6207,True,0.6207,False,False,1.8229
loftr,face,Multi-PIE_impostor_10,249,081,401,401,401,68,0.1696,False,0.1601,False,True,2.6518
orb-fingervein,face,Multi-PIE_impostor_10,249,081,4108,3928,55,9,0.1636,False,0.1597,False,True,1.3730
sift-fingervein,face,Multi-PIE_impostor_10,249,081,703,663,20,0,,False,,False,True,
superglue-fingervein,face,Multi-PIE_impostor_10,249,081,806,717,332,86,0.2590,True,0.2425,False,False,2.8206
sgmnet-fingervein,face,Multi-PIE_impostor_10,249,081,2000,2000,239,12,0.0502,False,0.0497,False,True,1.1437
aspanformer,face,Multi-PIE_impostor_10,249,081,205,205,205,93,0.4537,True,0.4283,False,False,2.6500
deepdetect,face,Multi-PIE_impostor_10,249,081,11608,10202,8,6,0.7500,True,0.7500,False,False,0.0673
loftr,face,Multi-PIE_impostor_11,107,097,326,326,326,57,0.1748,False,0.1704,False,True,2.0169
orb-fingervein,face,Multi-PIE_impostor_11,107,097,3978,4435,35,0,,False,,False,True,
sift-fingervein,face,Multi-PIE_impostor_11,107,097,741,1055,20,6,0.3000,False,0.2839,False,True,1.2796
superglue-fingervein,face,Multi-PIE_impostor_11,107,097,807,800,303,62,0.2046,True,0.1878,False,False,3.2131
sgmnet-fingervein,face,Multi-PIE_impostor_11,107,097,2000,2000,458,19,0.0415,False,0.0414,False,True,1.3943
aspanformer,face,Multi-PIE_impostor_11,107,097,130,130,130,61,0.4692,True,0.4598,False,False,1.9076
deepdetect,face,Multi-PIE_impostor_11,107,097,13301,13253,11,7,0.6364,True,0.6364,False,False,0.7100
loftr,face,Multi-PIE_impostor_12,095,089,382,382,382,88,0.2304,False,0.2213,False,True,2.3066
orb-fingervein,face,Multi-PIE_impostor_12,095,089,3492,2870,28,13,0.4643,True,0.4582,False,False,1.6242
sift-fingervein,face,Multi-PIE_impostor_12,095,089,641,420,25,6,0.2400,False,0.2271,False,True,1.1025
superglue-fingervein,face,Multi-PIE_impostor_12,095,089,594,621,263,66,0.2510,True,0.2344,False,False,2.8637
sgmnet-fingervein,face,Multi-PIE_impostor_12,095,089,2000,2000,325,15,0.0462,False,0.0460,False,True,1.4564
aspanformer,face,Multi-PIE_impostor_12,095,089,216,216,216,89,0.4120,False,0.3944,False,True,2.3748
deepdetect,face,Multi-PIE_impostor_12,095,089,13613,11529,5,0,,False,,False,True,
loftr,face,Multi-PIE_impostor_13,197,009,203,203,203,61,0.3005,False,0.2838,False,True,2.6441
orb-fingervein,face,Multi-PIE_impostor_13,197,009,2190,1706,56,30,0.5357,True,0.5117,False,False,2.4183
sift-fingervein,face,Multi-PIE_impostor_13,197,009,380,359,14,6,0.4286,False,0.4055,False,True,1.4320
superglue-fingervein,face,Multi-PIE_impostor_13,197,009,547,399,140,52,0.3714,True,0.3518,False,False,2.5876
sgmnet-fingervein,face,Multi-PIE_impostor_13,197,009,2000,2000,117,8,0.0684,False,0.0662,False,True,0.9361
aspanformer,face,Multi-PIE_impostor_13,197,009,152,152,152,84,0.5526,True,0.5235,False,False,2.5850
deepdetect,face,Multi-PIE_impostor_13,197,009,7616,5623,2,0,,False,,False,True,
loftr,face,Multi-PIE_impostor_14,007,232,574,574,574,191,0.3328,False,0.3171,False,True,2.4615
orb-fingervein,face,Multi-PIE_impostor_14,007,232,3520,4351,62,22,0.3548,False,0.3510,False,True,1.7111
sift-fingervein,face,Multi-PIE_impostor_14,007,232,620,946,35,0,,False,,False,True,
superglue-fingervein,face,Multi-PIE_impostor_14,007,232,772,953,361,109,0.3019,True,0.2825,False,False,2.8277
sgmnet-fingervein,face,Multi-PIE_impostor_14,007,232,2000,2000,436,23,0.0528,False,0.0523,False,True,1.6821
aspanformer,face,Multi-PIE_impostor_14,007,232,396,396,396,201,0.5076,True,0.4815,False,False,2.5545
deepdetect,face,Multi-PIE_impostor_14,007,232,19629,14988,44,25,0.5682,True,0.5682,False,False,1.3027
loftr,face,Multi-PIE_impostor_15,193,125,447,447,447,55,0.1230,False,0.1178,False,True,2.3749
orb-fingervein,face,Multi-PIE_impostor_15,193,125,4979,4204,57,0,,False,,False,True,
sift-fingervein,face,Multi-PIE_impostor_15,193,125,1435,873,32,0,,False,,False,True,
superglue-fingervein,face,Multi-PIE_impostor_15,193,125,932,868,350,53,0.1514,False,0.1418,False,True,2.8086
sgmnet-fingervein,face,Multi-PIE_impostor_15,193,125,2000,2000,157,8,0.0510,False,0.0493,False,True,1.0353
aspanformer,face,Multi-PIE_impostor_15,193,125,269,269,269,71,0.2639,False,0.2534,False,True,2.3188
deepdetect,face,Multi-PIE_impostor_15,193,125,16402,14615,15,11,0.7333,True,0.7333,False,False,1.6124
loftr,face,Multi-PIE_impostor_16,168,068,389,389,389,148,0.3805,False,0.3699,False,True,2.0610
orb-fingervein,face,Multi-PIE_impostor_16,168,068,4792,4420,67,21,0.3134,False,0.3040,False,True,2.1002
sift-fingervein,face,Multi-PIE_impostor_16,168,068,989,922,29,8,0.2759,False,0.2671,False,True,1.3544
superglue-fingervein,face,Multi-PIE_impostor_16,168,068,1035,970,357,85,0.2381,True,0.2204,False,False,3.0407
sgmnet-fingervein,face,Multi-PIE_impostor_16,168,068,2000,2000,301,19,0.0631,False,0.0631,False,True,1.3720
aspanformer,face,Multi-PIE_impostor_16,168,068,329,329,329,177,0.5380,True,0.5166,False,False,2.3125
deepdetect,face,Multi-PIE_impostor_16,168,068,21516,23026,70,0,,False,,False,True,
loftr,face,Multi-PIE_impostor_17,033,205,212,212,212,61,0.2877,False,0.2817,False,True,1.9232
orb-fingervein,face,Multi-PIE_impostor_17,033,205,2471,2740,39,0,,False,,False,True,
sift-fingervein,face,Multi-PIE_impostor_17,033,205,355,394,18,6,0.3333,False,0.3154,False,True,0.8337
superglue-fingervein,face,Multi-PIE_impostor_17,033,205,519,505,196,41,0.2092,True,0.1966,False,False,2.7379
sgmnet-fingervein,face,Multi-PIE_impostor_17,033,205,2000,2000,195,10,0.0513,False,0.0504,False,True,0.7156
aspanformer,face,Multi-PIE_impostor_17,033,205,41,41,41,30,0.7317,True,0.7317,False,False,1.3512
deepdetect,face,Multi-PIE_impostor_17,033,205,6997,6481,36,34,0.9444,True,0.9444,False,False,0.1280
loftr,face,Multi-PIE_impostor_18,236,117,382,382,382,104,0.2723,False,0.2572,False,True,2.6385
orb-fingervein,face,Multi-PIE_impostor_18,236,117,3992,4061,45,14,0.3111,False,0.3084,False,True,1.5720
sift-fingervein,face,Multi-PIE_impostor_18,236,117,694,862,13,5,0.3846,False,0.3585,False,True,0.8731
superglue-fingervein,face,Multi-PIE_impostor_18,236,117,740,909,268,74,0.2761,True,0.2585,False,False,2.8183
sgmnet-fingervein,face,Multi-PIE_impostor_18,236,117,2000,2000,261,12,0.0460,False,0.0455,False,True,1.0093
aspanformer,face,Multi-PIE_impostor_18,236,117,219,219,219,93,0.4247,True,0.4106,False,False,2.1737
deepdetect,face,Multi-PIE_impostor_18,236,117,12416,12140,30,15,0.5000,True,0.5000,False,False,1.3670
loftr,face,Multi-PIE_impostor_19,142,161,555,555,555,193,0.3477,False,0.3304,False,True,2.5255
orb-fingervein,face,Multi-PIE_impostor_19,142,161,4099,3437,83,31,0.3735,False,0.3735,False,True,1.3852
sift-fingervein,face,Multi-PIE_impostor_19,142,161,866,804,42,10,0.2381,False,0.2288,False,True,1.9441
superglue-fingervein,face,Multi-PIE_impostor_19,142,161,816,828,346,110,0.3179,True,0.2965,False,False,2.8932
sgmnet-fingervein,face,Multi-PIE_impostor_19,142,161,2000,2000,522,31,0.0594,False,0.0593,False,True,1.5329
aspanformer,face,Multi-PIE_impostor_19,142,161,545,545,545,244,0.4477,True,0.4250,False,False,2.5421
deepdetect,face,Multi-PIE_impostor_19,142,161,32229,31747,136,79,0.5809,True,0.5809,False,False,1.6357
loftr,face,Multi-PIE_impostor_20,010,130,128,128,128,17,0.1328,False,0.1285,False,True,2.1170
orb-fingervein,face,Multi-PIE_impostor_20,010,130,2883,2629,61,20,0.3279,False,0.3209,False,True,1.9158
sift-fingervein,face,Multi-PIE_impostor_20,010,130,473,393,18,0,,False,,False,True,
superglue-fingervein,face,Multi-PIE_impostor_20,010,130,522,525,190,54,0.2842,True,0.2637,False,False,3.0018
sgmnet-fingervein,face,Multi-PIE_impostor_20,010,130,2000,2000,122,8,0.0656,False,0.0635,False,True,1.0783
aspanformer,face,Multi-PIE_impostor_20,010,130,92,92,92,33,0.3587,False,0.3530,False,True,1.8181
deepdetect,face,Multi-PIE_impostor_20,010,130,7642,7819,16,10,0.6250,True,0.6250,False,False,1.1077
loftr,face,Multi-PIE_impostor_21,008,146,80,80,80,20,0.2500,False,0.2462,False,True,1.7925
orb-fingervein,face,Multi-PIE_impostor_21,008,146,2560,657,54,0,,False,,False,True,
sift-fingervein,face,Multi-PIE_impostor_21,008,146,355,169,12,0,,False,,False,True,
superglue-fingervein,face,Multi-PIE_impostor_21,008,146,552,495,104,15,0.1442,False,0.1404,False,True,1.9721
sgmnet-fingervein,face,Multi-PIE_impostor_21,008,146,2000,2000,103,0,,False,,False,True,
aspanformer,face,Multi-PIE_impostor_21,008,146,22,22,22,17,0.7727,True,0.7713,False,False,1.1184
deepdetect,face,Multi-PIE_impostor_21,008,146,5619,7115,11,9,0.8182,True,0.8182,False,False,0.4323
loftr,face,Multi-PIE_impostor_22,003,002,367,367,367,80,0.2180,False,0.2056,False,True,2.6696
orb-fingervein,face,Multi-PIE_impostor_22,003,002,4257,3353,41,0,,False,,False,True,
sift-fingervein,face,Multi-PIE_impostor_22,003,002,925,578,28,0,,False,,False,True,
superglue-fingervein,face,Multi-PIE_impostor_22,003,002,847,754,335,71,0.2119,True,0.2006,False,False,2.6039
sgmnet-fingervein,face,Multi-PIE_impostor_22,003,002,1978,2000,157,11,0.0701,False,0.0692,False,True,1.2947
aspanformer,face,Multi-PIE_impostor_22,003,002,308,308,308,161,0.5227,True,0.5036,False,False,2.2445
deepdetect,face,Multi-PIE_impostor_22,003,002,19609,8422,51,0,,False,,False,True,
loftr,face,Multi-PIE_impostor_23,161,231,248,248,248,139,0.5605,True,0.5556,False,False,1.6747
orb-fingervein,face,Multi-PIE_impostor_23,161,231,3530,2983,68,29,0.4265,False,0.4109,False,True,2.2409
sift-fingervein,face,Multi-PIE_impostor_23,161,231,700,639,25,7,0.2800,False,0.2683,False,True,0.9144
superglue-fingervein,face,Multi-PIE_impostor_23,161,231,834,824,337,113,0.3353,True,0.3169,False,False,2.6297
sgmnet-fingervein,face,Multi-PIE_impostor_23,161,231,2000,2000,383,23,0.0601,False,0.0599,False,True,1.5467
aspanformer,face,Multi-PIE_impostor_23,161,231,242,242,242,185,0.7645,True,0.7645,False,False,1.4187
deepdetect,face,Multi-PIE_impostor_23,161,231,20361,12767,66,39,0.5909,True,0.5909,False,False,1.4492
loftr,face,Multi-PIE_impostor_24,076,206,405,405,405,82,0.2025,False,0.1893,False,True,2.8503
orb-fingervein,face,Multi-PIE_impostor_24,076,206,3927,3268,54,19,0.3519,False,0.3390,False,True,2.2267
sift-fingervein,face,Multi-PIE_impostor_24,076,206,799,570,19,0,,False,,False,True,
superglue-fingervein,face,Multi-PIE_impostor_24,076,206,680,686,323,44,0.1362,False,0.1271,False,True,2.8936
sgmnet-fingervein,face,Multi-PIE_impostor_24,076,206,2000,2000,247,15,0.0607,False,0.0605,False,True,1.4666
aspanformer,face,Multi-PIE_impostor_24,076,206,238,238,238,79,0.3319,False,0.3182,False,True,2.3445
deepdetect,face,Multi-PIE_impostor_24,076,206,14228,11663,16,12,0.7500,True,0.7500,False,False,1.7002
loftr,face,Multi-PIE_impostor_25,014,039,210,210,210,42,0.2000,False,0.1997,False,True,1.5258
orb-fingervein,face,Multi-PIE_impostor_25,014,039,3885,2879,59,0,,False,,False,True,
sift-fingervein,face,Multi-PIE_impostor_25,014,039,799,494,20,0,,False,,False,True,
superglue-fingervein,face,Multi-PIE_impostor_25,014,039,919,607,263,35,0.1331,False,0.1255,False,True,2.6697
sgmnet-fingervein,face,Multi-PIE_impostor_25,014,039,2000,2000,160,8,0.0500,False,0.0484,False,True,0.5606
aspanformer,face,Multi-PIE_impostor_25,014,039,45,45,45,31,0.6889,True,0.6889,False,False,1.0640
deepdetect,face,Multi-PIE_impostor_25,014,039,19657,15090,53,33,0.6226,True,0.6226,False,False,2.4404
loftr,face,Multi-PIE_impostor_26,022,238,183,183,183,18,0.0984,False,0.0962,False,True,1.9278
orb-fingervein,face,Multi-PIE_impostor_26,022,238,3723,3846,35,0,,False,,False,True,
sift-fingervein,face,Multi-PIE_impostor_26,022,238,740,744,9,0,,False,,False,True,
superglue-fingervein,face,Multi-PIE_impostor_26,022,238,883,956,152,22,0.1447,False,0.1406,False,True,2.0708
sgmnet-fingervein,face,Multi-PIE_impostor_26,022,238,2000,2000,117,0,,False,,False,True,
aspanformer,face,Multi-PIE_impostor_26,022,238,30,30,30,13,0.4333,True,0.4303,False,False,1.2213
deepdetect,face,Multi-PIE_impostor_26,022,238,18963,15942,33,15,0.4545,True,0.4545,False,False,1.0088
loftr,face,Multi-PIE_impostor_27,080,063,325,325,325,56,0.1723,False,0.1643,False,True,2.4473
orb-fingervein,face,Multi-PIE_impostor_27,080,063,4301,3208,34,0,,False,,False,True,
sift-fingervein,face,Multi-PIE_impostor_27,080,063,1242,666,38,0,,False,,False,True,
superglue-fingervein,face,Multi-PIE_impostor_27,080,063,1098,839,312,51,0.1635,True,0.1519,False,False,2.9666
sgmnet-fingervein,face,Multi-PIE_impostor_27,080,063,2000,2000,430,15,0.0349,False,0.0345,False,True,1.6431
aspanformer,face,Multi-PIE_impostor_27,080,063,204,204,204,59,0.2892,False,0.2751,False,True,2.5042
deepdetect,face,Multi-PIE_impostor_27,080,063,22613,14440,18,11,0.6111,True,0.6111,False,False,2.3427
loftr,face,Multi-PIE_impostor_28,094,148,253,253,253,57,0.2253,False,0.2112,False,True,2.7968
orb-fingervein,face,Multi-PIE_impostor_28,094,148,3259,2589,36,9,0.2500,False,0.2394,False,True,1.8800
sift-fingervein,face,Multi-PIE_impostor_28,094,148,522,349,18,0,,False,,False,True,
superglue-fingervein,face,Multi-PIE_impostor_28,094,148,632,491,210,43,0.2048,True,0.1895,False,False,3.0467
sgmnet-fingervein,face,Multi-PIE_impostor_28,094,148,2000,2000,203,10,0.0493,False,0.0484,False,True,1.3380
aspanformer,face,Multi-PIE_impostor_28,094,148,44,44,44,27,0.6136,True,0.5943,False,False,2.1401
deepdetect,face,Multi-PIE_impostor_28,094,148,9197,8227,3,0,,False,,False,True,
loftr,face,Multi-PIE_impostor_29,100,183,448,448,448,109,0.2433,False,0.2269,False,True,2.8922
orb-fingervein,face,Multi-PIE_impostor_29,100,183,2990,3572,69,27,0.3913,False,0.3763,False,True,2.2832
sift-fingervein,face,Multi-PIE_impostor_29,100,183,455,645,18,6,0.3333,False,0.3154,False,True,1.2141
superglue-fingervein,face,Multi-PIE_impostor_29,100,183,719,886,308,74,0.2403,True,0.2243,False,False,2.8760
sgmnet-fingervein,face,Multi-PIE_impostor_29,100,183,2000,2000,280,11,0.0393,False,0.0388,False,True,1.0445
aspanformer,face,Multi-PIE_impostor_29,100,183,131,131,131,64,0.4885,True,0.4770,False,False,1.9795
deepdetect,face,Multi-PIE_impostor_29,100,183,9001,10622,19,15,0.7895,True,0.7895,False,False,1.2144
loftr,face,Multi-PIE_impostor_30,011,094,468,468,468,80,0.1709,False,0.1613,False,True,2.6597
orb-fingervein,face,Multi-PIE_impostor_30,011,094,4318,4726,41,0,,False,,False,True,
sift-fingervein,face,Multi-PIE_impostor_30,011,094,1037,1173,23,0,,False,,False,True,
superglue-fingervein,face,Multi-PIE_impostor_30,011,094,965,1164,400,61,0.1525,False,0.1412,False,True,3.0450
sgmnet-fingervein,face,Multi-PIE_impostor_30,011,094,2000,2000,226,10,0.0442,False,0.0435,False,True,1.0724
aspanformer,face,Multi-PIE_impostor_30,011,094,483,483,483,161,0.3333,False,0.3157,False,True,2.5866
deepdetect,face,Multi-PIE_impostor_30,011,094,22695,23195,43,16,0.3721,True,0.3721,False,False,1.7353
loftr,face,Multi-PIE_impostor_31,204,157,423,423,423,152,0.3593,False,0.3377,False,True,2.7439
orb-fingervein,face,Multi-PIE_impostor_31,204,157,4216,3659,45,14,0.3111,False,0.3019,False,True,1.9996
sift-fingervein,face,Multi-PIE_impostor_31,204,157,930,776,27,0,,False,,False,True,
superglue-fingervein,face,Multi-PIE_impostor_31,204,157,974,769,356,106,0.2978,True,0.2765,False,False,2.9779
sgmnet-fingervein,face,Multi-PIE_impostor_31,204,157,2000,2000,256,23,0.0898,False,0.0895,False,True,1.5658
aspanformer,face,Multi-PIE_impostor_31,204,157,398,398,398,174,0.4372,True,0.4155,False,False,2.5174
deepdetect,face,Multi-PIE_impostor_31,204,157,19831,15599,16,10,0.6250,True,0.6250,False,False,1.4747
loftr,face,Multi-PIE_impostor_32,092,187,52,52,52,12,0.2308,False,0.2286,False,True,1.4595
orb-fingervein,face,Multi-PIE_impostor_32,092,187,3273,4269,54,0,,False,,False,True,
sift-fingervein,face,Multi-PIE_impostor_32,092,187,580,969,31,0,,False,,False,True,
superglue-fingervein,face,Multi-PIE_impostor_32,092,187,721,908,59,19,0.3220,True,0.3097,False,False,2.2615
sgmnet-fingervein,face,Multi-PIE_impostor_32,092,187,1835,2000,110,7,0.0636,False,0.0610,False,True,0.9455
aspanformer,face,Multi-PIE_impostor_32,092,187,50,50,50,25,0.5000,True,0.4898,False,False,1.9098
deepdetect,face,Multi-PIE_impostor_32,092,187,22164,31283,29,15,0.5172,True,0.5172,False,False,1.6080
loftr,face,Multi-PIE_impostor_33,207,082,471,471,471,97,0.2059,False,0.1933,False,True,2.7635
orb-fingervein,face,Multi-PIE_impostor_33,207,082,3208,2985,46,14,0.3043,False,0.3012,False,True,1.6107
sift-fingervein,face,Multi-PIE_impostor_33,207,082,554,471,16,0,,False,,False,True,
superglue-fingervein,face,Multi-PIE_impostor_33,207,082,701,673,286,72,0.2517,True,0.2370,False,False,2.7074
sgmnet-fingervein,face,Multi-PIE_impostor_33,207,082,2000,2000,297,17,0.0572,False,0.0571,False,True,1.3710
aspanformer,face,Multi-PIE_impostor_33,207,082,210,210,210,118,0.5619,True,0.5550,False,False,1.7480
deepdetect,face,Multi-PIE_impostor_33,207,082,11451,13112,16,11,0.6875,True,0.6875,False,False,1.7216
loftr,face,Multi-PIE_impostor_34,083,040,514,514,514,120,0.2335,False,0.2229,False,True,2.4287
orb-fingervein,face,Multi-PIE_impostor_34,083,040,2664,4077,44,12,0.2727,False,0.2666,False,True,1.7638
sift-fingervein,face,Multi-PIE_impostor_34,083,040,565,988,20,7,0.3500,False,0.3354,False,True,0.4909
superglue-fingervein,face,Multi-PIE_impostor_34,083,040,636,887,328,95,0.2896,True,0.2702,False,False,2.8891
sgmnet-fingervein,face,Multi-PIE_impostor_34,083,040,2000,2000,299,12,0.0401,False,0.0396,False,True,1.5623
aspanformer,face,Multi-PIE_impostor_34,083,040,312,312,312,118,0.3782,False,0.3637,False,True,2.2805
deepdetect,face,Multi-PIE_impostor_34,083,040,9711,13605,21,0,,False,,False,True,
loftr,face,Multi-PIE_impostor_35,024,118,62,62,62,27,0.4355,False,0.4273,False,True,1.8803
orb-fingervein,face,Multi-PIE_impostor_35,024,118,3960,3757,58,12,0.2069,False,0.1970,False,True,2.2885
sift-fingervein,face,Multi-PIE_impostor_35,024,118,646,591,15,0,,False,,False,True,
superglue-fingervein,face,Multi-PIE_impostor_35,024,118,711,712,207,37,0.1787,True,0.1694,False,False,2.5768
sgmnet-fingervein,face,Multi-PIE_impostor_35,024,118,2000,2000,262,15,0.0573,False,0.0570,False,True,1.5335
aspanformer,face,Multi-PIE_impostor_35,024,118,77,77,77,42,0.5455,True,0.5454,False,False,1.5006
deepdetect,face,Multi-PIE_impostor_35,024,118,12346,15027,11,7,0.6364,True,0.6364,False,False,1.4206
loftr,face,Multi-PIE_impostor_36,142,105,341,341,341,82,0.2405,False,0.2320,False,True,2.2151
orb-fingervein,face,Multi-PIE_impostor_36,142,105,755,1138,21,10,0.4762,True,0.4678,False,False,1.2499
sift-fingervein,face,Multi-PIE_impostor_36,142,105,172,207,16,7,0.4375,False,0.4192,False,True,1.2244
superglue-fingervein,face,Multi-PIE_impostor_36,142,105,387,380,168,52,0.3095,True,0.2913,False,False,2.7128
sgmnet-fingervein,face,Multi-PIE_impostor_36,142,105,2000,2000,242,16,0.0661,False,0.0659,False,True,1.4344
aspanformer,face,Multi-PIE_impostor_36,142,105,195,195,195,98,0.5026,True,0.4904,False,False,1.9905
deepdetect,face,Multi-PIE_impostor_36,142,105,3698,4960,26,23,0.8846,True,0.8846,False,False,0.3481
loftr,face,Multi-PIE_impostor_37,132,123,103,103,103,48,0.4660,True,0.4570,False,False,1.8891
orb-fingervein,face,Multi-PIE_impostor_37,132,123,3853,2632,41,0,,False,,False,True,
sift-fingervein,face,Multi-PIE_impostor_37,132,123,752,396,21,0,,False,,False,True,
superglue-fingervein,face,Multi-PIE_impostor_37,132,123,702,559,100,21,0.2100,True,0.1999,False,False,2.4808
sgmnet-fingervein,face,Multi-PIE_impostor_37,132,123,2000,2000,178,10,0.0562,False,0.0552,False,True,0.9931
aspanformer,face,Multi-PIE_impostor_37,132,123,39,39,39,33,0.8462,True,0.8461,False,False,0.9585
deepdetect,face,Multi-PIE_impostor_37,132,123,9864,8738,2,0,,False,,False,True,
loftr,face,Multi-PIE_impostor_38,084,003,389,389,389,60,0.1542,False,0.1487,False,True,2.2340
orb-fingervein,face,Multi-PIE_impostor_38,084,003,4814,4666,74,11,0.1486,False,0.1467,False,True,1.1931
sift-fingervein,face,Multi-PIE_impostor_38,084,003,1175,1019,25,5,0.2000,False,0.1864,False,True,0.7444
superglue-fingervein,face,Multi-PIE_impostor_38,084,003,1031,979,289,44,0.1522,False,0.1429,False,True,2.7732
sgmnet-fingervein,face,Multi-PIE_impostor_38,084,003,2000,2000,297,13,0.0438,False,0.0435,False,True,1.4844
aspanformer,face,Multi-PIE_impostor_38,084,003,93,93,93,45,0.4839,True,0.4671,False,False,2.2069
deepdetect,face,Multi-PIE_impostor_38,084,003,17047,11667,55,0,,False,,False,True,
loftr,face,Multi-PIE_impostor_39,230,066,379,379,379,99,0.2612,False,0.2500,False,True,2.3762
orb-fingervein,face,Multi-PIE_impostor_39,230,066,3771,4345,52,12,0.2308,False,0.2254,False,True,1.7827
sift-fingervein,face,Multi-PIE_impostor_39,230,066,626,866,19,5,0.2632,False,0.2453,False,True,0.7273
superglue-fingervein,face,Multi-PIE_impostor_39,230,066,645,797,274,57,0.2080,True,0.1977,False,False,2.5149
sgmnet-fingervein,face,Multi-PIE_impostor_39,230,066,2000,2000,330,18,0.0545,False,0.0544,False,True,1.5214
aspanformer,face,Multi-PIE_impostor_39,230,066,231,231,231,99,0.4286,True,0.4236,False,False,1.7346
deepdetect,face,Multi-PIE_impostor_39,230,066,11378,11900,18,10,0.5556,True,0.5556,False,False,2.1219
loftr,face,Multi-PIE_impostor_40,134,173,422,422,422,96,0.2275,False,0.2122,False,True,2.8941
orb-fingervein,face,Multi-PIE_impostor_40,134,173,3145,3396,48,13,0.2708,False,0.2649,False,True,1.8070
sift-fingervein,face,Multi-PIE_impostor_40,134,173,481,557,16,0,,False,,False,True,
superglue-fingervein,face,Multi-PIE_impostor_40,134,173,496,667,234,47,0.2009,True,0.1858,False,False,3.0586
sgmnet-fingervein,face,Multi-PIE_impostor_40,134,173,2000,2000,301,17,0.0565,False,0.0564,False,True,1.2611
aspanformer,face,Multi-PIE_impostor_40,134,173,360,360,360,113,0.3139,False,0.3014,False,True,2.3120
deepdetect,face,Multi-PIE_impostor_40,134,173,11897,12328,13,8,0.6154,True,0.6154,False,False,1.7023
loftr,face,Multi-PIE_impostor_41,189,201,134,134,134,30,0.2239,False,0.2239,False,True,1.2912
orb-fingervein,face,Multi-PIE_impostor_41,189,201,4138,3091,57,0,,False,,False,True,
sift-fingervein,face,Multi-PIE_impostor_41,189,201,1006,521,36,7,0.1944,False,0.1832,False,True,1.8410
superglue-fingervein,face,Multi-PIE_impostor_41,189,201,992,637,283,54,0.1908,True,0.1787,False,False,2.8163
sgmnet-fingervein,face,Multi-PIE_impostor_41,189,201,2000,2000,173,14,0.0809,False,0.0805,False,True,1.0149
aspanformer,face,Multi-PIE_impostor_41,189,201,210,210,210,89,0.4238,True,0.4066,False,False,2.3298
deepdetect,face,Multi-PIE_impostor_41,189,201,22212,14991,13,0,,False,,False,True,
loftr,face,Multi-PIE_impostor_42,134,245,204,204,204,41,0.2010,False,0.1940,False,True,2.2109
orb-fingervein,face,Multi-PIE_impostor_42,134,245,2951,1733,91,0,,False,,False,True,
sift-fingervein,face,Multi-PIE_impostor_42,134,245,537,314,47,10,0.2128,False,0.2090,False,True,1.0082
superglue-fingervein,face,Multi-PIE_impostor_42,134,245,532,505,167,38,0.2275,True,0.2164,False,False,2.5022
sgmnet-fingervein,face,Multi-PIE_impostor_42,134,245,2000,2000,156,8,0.0513,False,0.0497,False,True,1.2394
aspanformer,face,Multi-PIE_impostor_42,134,245,113,113,113,42,0.3717,False,0.3566,False,True,2.3301
deepdetect,face,Multi-PIE_impostor_42,134,245,8906,4552,4,0,,False,,False,True,
loftr,face,Multi-PIE_impostor_43,124,009,553,553,553,199,0.3599,False,0.3344,False,True,2.9690
orb-fingervein,face,Multi-PIE_impostor_43,124,009,3546,3707,81,0,,False,,False,True,
sift-fingervein,face,Multi-PIE_impostor_43,124,009,504,659,20,7,0.3500,False,0.3354,False,True,1.1656
superglue-fingervein,face,Multi-PIE_impostor_43,124,009,604,729,338,120,0.3550,True,0.3338,False,False,2.7318
sgmnet-fingervein,face,Multi-PIE_impostor_43,124,009,2000,2000,433,22,0.0508,False,0.0508,False,True,1.5003
aspanformer,face,Multi-PIE_impostor_43,124,009,342,342,342,163,0.4766,True,0.4681,False,False,1.8588
deepdetect,face,Multi-PIE_impostor_43,124,009,11629,12511,12,10,0.8333,True,0.8333,False,False,1.2193
loftr,face,Multi-PIE_impostor_44,104,139,151,151,151,33,0.2185,False,0.2058,False,True,2.7054
orb-fingervein,face,Multi-PIE_impostor_44,104,139,3811,3066,46,14,0.3043,False,0.3028,False,True,0.7680
sift-fingervein,face,Multi-PIE_impostor_44,104,139,794,487,20,6,0.3000,False,0.2839,False,True,0.7945
superglue-fingervein,face,Multi-PIE_impostor_44,104,139,854,729,267,51,0.1910,True,0.1793,False,False,2.7686
sgmnet-fingervein,face,Multi-PIE_impostor_44,104,139,2000,2000,233,12,0.0515,False,0.0510,False,True,1.3693
aspanformer,face,Multi-PIE_impostor_44,104,139,60,60,60,33,0.5500,True,0.5500,False,False,1.0477
deepdetect,face,Multi-PIE_impostor_44,104,139,15745,19220,20,12,0.6000,True,0.6000,False,False,0.7698
loftr,face,Multi-PIE_impostor_45,201,011,481,481,481,127,0.2640,False,0.2491,False,True,2.6649
orb-fingervein,face,Multi-PIE_impostor_45,201,011,3773,3954,50,10,0.2000,False,0.1965,False,True,1.3777
sift-fingervein,face,Multi-PIE_impostor_45,201,011,665,706,19,0,,False,,False,True,
superglue-fingervein,face,Multi-PIE_impostor_45,201,011,809,739,347,98,0.2824,True,0.2609,False,False,3.0829
sgmnet-fingervein,face,Multi-PIE_impostor_45,201,011,2000,1867,312,14,0.0449,False,0.0446,False,True,1.2156
aspanformer,face,Multi-PIE_impostor_45,201,011,388,388,388,152,0.3918,False,0.3703,False,True,2.6285
deepdetect,face,Multi-PIE_impostor_45,201,011,12705,13827,19,13,0.6842,True,0.6842,False,False,1.1315
loftr,face,Multi-PIE_impostor_46,100,195,130,130,130,31,0.2385,False,0.2292,False,True,2.2920
orb-fingervein,face,Multi-PIE_impostor_46,100,195,3647,3389,49,13,0.2653,False,0.2625,False,True,1.5720
sift-fingervein,face,Multi-PIE_impostor_46,100,195,562,425,19,0,,False,,False,True,
superglue-fingervein,face,Multi-PIE_impostor_46,100,195,623,555,245,43,0.1755,True,0.1656,False,False,2.6592
sgmnet-fingervein,face,Multi-PIE_impostor_46,100,195,2000,2000,197,10,0.0508,False,0.0499,False,True,1.2492
aspanformer,face,Multi-PIE_impostor_46,100,195,108,108,108,39,0.3611,False,0.3590,False,True,1.6200
deepdetect,face,Multi-PIE_impostor_46,100,195,9693,11234,11,0,,False,,False,True,
loftr,face,Multi-PIE_impostor_47,174,228,390,390,390,130,0.3333,False,0.3226,False,True,2.1555
orb-fingervein,face,Multi-PIE_impostor_47,174,228,1116,844,31,13,0.4194,False,0.4071,False,True,1.9533
sift-fingervein,face,Multi-PIE_impostor_47,174,228,227,158,9,0,,False,,False,True,
superglue-fingervein,face,Multi-PIE_impostor_47,174,228,507,360,222,35,0.1577,False,0.1485,False,True,2.6919
sgmnet-fingervein,face,Multi-PIE_impostor_47,174,228,2000,2000,159,8,0.0503,False,0.0487,False,True,1.1170
aspanformer,face,Multi-PIE_impostor_47,174,228,82,82,82,60,0.7317,True,0.7317,False,False,1.1473
deepdetect,face,Multi-PIE_impostor_47,174,228,6155,4705,7,7,1.0000,True,1.0000,False,False,0.9755
loftr,face,Multi-PIE_impostor_48,027,105,490,490,490,139,0.2837,False,0.2708,False,True,2.4270
orb-fingervein,face,Multi-PIE_impostor_48,027,105,3815,3124,43,13,0.3023,False,0.2980,False,True,1.6476
sift-fingervein,face,Multi-PIE_impostor_48,027,105,843,650,31,7,0.2258,False,0.2164,False,True,0.8439
superglue-fingervein,face,Multi-PIE_impostor_48,027,105,798,650,344,85,0.2471,True,0.2308,False,False,2.8654
sgmnet-fingervein,face,Multi-PIE_impostor_48,027,105,2000,2000,446,18,0.0404,False,0.0403,False,True,1.5026
aspanformer,face,Multi-PIE_impostor_48,027,105,497,497,497,186,0.3742,False,0.3581,False,True,2.3845
deepdetect,face,Multi-PIE_impostor_48,027,105,19284,14015,29,17,0.5862,True,0.5862,False,False,1.7772
loftr,face,Multi-PIE_impostor_49,109,238,111,111,111,20,0.1802,False,0.1743,False,True,2.1476
orb-fingervein,face,Multi-PIE_impostor_49,109,238,3267,2878,18,0,,False,,False,True,
sift-fingervein,face,Multi-PIE_impostor_49,109,238,521,398,9,4,0.4444,False,0.4073,False,True,0.0000
superglue-fingervein,face,Multi-PIE_impostor_49,109,238,614,588,129,25,0.1938,True,0.1827,False,False,2.6722
sgmnet-fingervein,face,Multi-PIE_impostor_49,109,238,2000,2000,165,10,0.0606,False,0.0595,False,True,0.9371
aspanformer,face,Multi-PIE_impostor_49,109,238,20,20,20,12,0.6000,True,0.5871,False,False,1.7451
deepdetect,face,Multi-PIE_impostor_49,109,238,13330,10709,0,0,,False,,False,True,
loftr,face,Multi-PIE_impostor_50,076,042,70,70,70,11,0.1571,False,0.1542,False,True,1.6186
orb-fingervein,face,Multi-PIE_impostor_50,076,042,4315,1455,45,8,0.1778,False,0.1720,False,True,1.5138
sift-fingervein,face,Multi-PIE_impostor_50,076,042,1031,337,20,6,0.3000,False,0.2839,False,True,0.6422
superglue-fingervein,face,Multi-PIE_impostor_50,076,042,739,542,216,41,0.1898,True,0.1773,False,False,2.8614
sgmnet-fingervein,face,Multi-PIE_impostor_50,076,042,2000,2000,116,6,0.0517,False,0.0489,False,True,1.0425
aspanformer,face,Multi-PIE_impostor_50,076,042,81,81,81,48,0.5926,True,0.5789,False,False,1.9692
deepdetect,face,Multi-PIE_impostor_50,076,042,17055,6393,15,10,0.6667,True,0.6667,False,False,2.9290
loftr,face,Multi-PIE_impostor_51,038,192,211,211,211,38,0.1801,False,0.1723,False,True,2.3872
orb-fingervein,face,Multi-PIE_impostor_51,038,192,3920,3860,50,8,0.1600,False,0.1549,False,True,0.5973
sift-fingervein,face,Multi-PIE_impostor_51,038,192,739,765,19,0,,False,,False,True,
superglue-fingervein,face,Multi-PIE_impostor_51,038,192,812,833,259,53,0.2046,True,0.1886,False,False,3.1329
sgmnet-fingervein,face,Multi-PIE_impostor_51,038,192,2000,2000,148,10,0.0676,False,0.0664,False,True,0.3089
aspanformer,face,Multi-PIE_impostor_51,038,192,40,40,40,18,0.4500,True,0.4476,False,False,1.5784
deepdetect,face,Multi-PIE_impostor_51,038,192,21535,26923,45,20,0.4444,True,0.4444,False,False,1.7913
loftr,face,Multi-PIE_impostor_52,126,156,355,355,355,83,0.2338,False,0.2281,False,True,1.9953
orb-fingervein,face,Multi-PIE_impostor_52,126,156,4342,4142,48,0,,False,,False,True,
sift-fingervein,face,Multi-PIE_impostor_52,126,156,786,842,19,0,,False,,False,True,
superglue-fingervein,face,Multi-PIE_impostor_52,126,156,897,802,299,76,0.2542,True,0.2387,False,False,2.7542
sgmnet-fingervein,face,Multi-PIE_impostor_52,126,156,2000,2000,151,10,0.0662,False,0.0651,False,True,1.1099
aspanformer,face,Multi-PIE_impostor_52,126,156,231,231,231,134,0.5801,True,0.5801,False,False,1.4954
deepdetect,face,Multi-PIE_impostor_52,126,156,11745,11189,21,11,0.5238,True,0.5238,False,False,1.4668
loftr,face,Multi-PIE_impostor_53,200,206,608,608,608,154,0.2533,False,0.2422,False,True,2.3962
orb-fingervein,face,Multi-PIE_impostor_53,200,206,4616,4277,67,0,,False,,False,True,
sift-fingervein,face,Multi-PIE_impostor_53,200,206,1045,979,26,5,0.1923,False,0.1793,False,True,1.1725
superglue-fingervein,face,Multi-PIE_impostor_53,200,206,940,994,421,124,0.2945,True,0.2731,False,False,3.0110
sgmnet-fingervein,face,Multi-PIE_impostor_53,200,206,2000,2000,393,19,0.0483,False,0.0483,False,True,1.2647
aspanformer,face,Multi-PIE_impostor_53,200,206,402,402,402,142,0.3532,False,0.3436,False,True,2.0529
deepdetect,face,Multi-PIE_impostor_53,200,206,20759,21686,22,10,0.4545,True,0.4545,False,False,1.9859
loftr,face,Multi-PIE_impostor_54,012,009,489,489,489,161,0.3292,False,0.3174,False,True,2.2343
orb-fingervein,face,Multi-PIE_impostor_54,012,009,4238,3646,62,23,0.3710,False,0.3545,False,True,2.4025
sift-fingervein,face,Multi-PIE_impostor_54,012,009,965,740,47,9,0.1915,False,0.1867,False,True,1.5270
superglue-fingervein,face,Multi-PIE_impostor_54,012,009,849,848,372,147,0.3952,True,0.3682,False,False,2.9131
sgmnet-fingervein,face,Multi-PIE_impostor_54,012,009,2000,2000,533,39,0.0732,False,0.0732,False,True,1.3887
aspanformer,face,Multi-PIE_impostor_54,012,009,466,466,466,243,0.5215,True,0.4944,False,False,2.5657
deepdetect,face,Multi-PIE_impostor_54,012,009,17636,17216,27,21,0.7778,True,0.7778,False,False,1.4438
loftr,face,Multi-PIE_impostor_55,038,062,258,258,258,54,0.2093,False,0.2002,False,True,2.3892
orb-fingervein,face,Multi-PIE_impostor_55,038,062,1316,2404,15,0,,False,,False,True,
sift-fingervein,face,Multi-PIE_impostor_55,038,062,245,364,13,5,0.3846,False,0.3585,False,True,0.6302
superglue-fingervein,face,Multi-PIE_impostor_55,038,062,457,496,166,49,0.2952,True,0.2740,False,False,2.9880
sgmnet-fingervein,face,Multi-PIE_impostor_55,038,062,2000,2000,270,11,0.0407,False,0.0402,False,True,0.8142
aspanformer,face,Multi-PIE_impostor_55,038,062,92,92,92,53,0.5761,True,0.5544,False,False,2.2689
deepdetect,face,Multi-PIE_impostor_55,038,062,3707,5407,12,0,,False,,False,True,
loftr,face,Multi-PIE_impostor_56,109,239,268,268,268,88,0.3284,False,0.3120,False,True,2.5197
orb-fingervein,face,Multi-PIE_impostor_56,109,239,4517,3934,66,0,,False,,False,True,
sift-fingervein,face,Multi-PIE_impostor_56,109,239,914,796,25,0,,False,,False,True,
superglue-fingervein,face,Multi-PIE_impostor_56,109,239,999,822,329,113,0.3435,True,0.3223,False,False,2.7707
sgmnet-fingervein,face,Multi-PIE_impostor_56,109,239,2000,2000,150,9,0.0600,False,0.0586,False,True,0.9977
aspanformer,face,Multi-PIE_impostor_56,109,239,232,232,232,98,0.4224,True,0.4067,False,False,2.2586
deepdetect,face,Multi-PIE_impostor_56,109,239,17715,18139,35,0,,False,,False,True,
loftr,face,Multi-PIE_impostor_57,091,230,282,282,282,53,0.1879,False,0.1798,False,True,2.3883
orb-fingervein,face,Multi-PIE_impostor_57,091,230,4324,3402,54,0,,False,,False,True,
sift-fingervein,face,Multi-PIE_impostor_57,091,230,931,523,23,0,,False,,False,True,
superglue-fingervein,face,Multi-PIE_impostor_57,091,230,845,701,265,52,0.1962,True,0.1837,False,False,2.8193
sgmnet-fingervein,face,Multi-PIE_impostor_57,091,230,2000,2000,249,11,0.0442,False,0.0436,False,True,1.5100
aspanformer,face,Multi-PIE_impostor_57,091,230,158,158,158,82,0.5190,True,0.5083,False,False,1.9178
deepdetect,face,Multi-PIE_impostor_57,091,230,19860,14434,28,15,0.5357,True,0.5357,False,False,1.2396
loftr,face,Multi-PIE_impostor_58,143,217,527,527,527,136,0.2581,False,0.2494,False,True,2.1841
orb-fingervein,face,Multi-PIE_impostor_58,143,217,3299,3155,43,12,0.2791,False,0.2725,False,True,1.7843
sift-fingervein,face,Multi-PIE_impostor_58,143,217,480,467,29,0,,False,,False,True,
superglue-fingervein,face,Multi-PIE_impostor_58,143,217,589,604,245,81,0.3306,True,0.3047,False,False,3.1316
sgmnet-fingervein,face,Multi-PIE_impostor_58,143,217,2000,2000,336,19,0.0565,False,0.0565,False,True,1.2949
aspanformer,face,Multi-PIE_impostor_58,143,217,361,361,361,179,0.4958,True,0.4820,False,False,2.0656
deepdetect,face,Multi-PIE_impostor_58,143,217,11533,11267,21,17,0.8095,True,0.8095,False,False,1.0838
loftr,face,Multi-PIE_impostor_59,134,169,371,371,371,124,0.3342,False,0.3255,False,True,2.0274
orb-fingervein,face,Multi-PIE_impostor_59,134,169,993,1871,24,12,0.5000,True,0.4822,False,False,2.0326
sift-fingervein,face,Multi-PIE_impostor_59,134,169,301,393,11,5,0.4545,False,0.4233,False,True,1.5209
superglue-fingervein,face,Multi-PIE_impostor_59,134,169,520,659,249,61,0.2450,True,0.2271,False,False,3.0150
sgmnet-fingervein,face,Multi-PIE_impostor_59,134,169,2000,2000,296,15,0.0507,False,0.0505,False,True,1.1473
aspanformer,face,Multi-PIE_impostor_59,134,169,197,197,197,131,0.6650,True,0.6634,False,False,1.5485
deepdetect,face,Multi-PIE_impostor_59,134,169,7103,11154,6,0,,False,,False,True,
loftr,face,Multi-PIE_impostor_60,085,076,316,316,316,73,0.2310,False,0.2220,False,True,2.2938
orb-fingervein,face,Multi-PIE_impostor_60,085,076,4244,4436,59,9,0.1525,False,0.1489,False,True,1.2486
sift-fingervein,face,Multi-PIE_impostor_60,085,076,729,987,21,0,,False,,False,True,
superglue-fingervein,face,Multi-PIE_impostor_60,085,076,809,776,343,83,0.2420,True,0.2262,False,False,2.8451
sgmnet-fingervein,face,Multi-PIE_impostor_60,085,076,2000,2000,191,11,0.0576,False,0.0568,False,True,0.9531
aspanformer,face,Multi-PIE_impostor_60,085,076,128,128,128,63,0.4922,True,0.4766,False,False,2.1447
deepdetect,face,Multi-PIE_impostor_60,085,076,14777,14001,16,11,0.6875,True,0.6875,False,False,1.3033
loftr,face,Multi-PIE_impostor_61,027,240,164,164,164,22,0.1341,False,0.1270,False,True,2.5810
orb-fingervein,face,Multi-PIE_impostor_61,027,240,3405,2775,49,0,,False,,False,True,
sift-fingervein,face,Multi-PIE_impostor_61,027,240,600,457,13,4,0.3077,False,0.2820,False,True,0.0000
superglue-fingervein,face,Multi-PIE_impostor_61,027,240,649,555,166,39,0.2349,True,0.2203,False,False,2.7835
sgmnet-fingervein,face,Multi-PIE_impostor_61,027,240,2000,2000,249,12,0.0482,False,0.0477,False,True,1.1956
aspanformer,face,Multi-PIE_impostor_61,027,240,96,96,96,49,0.5104,True,0.4895,False,False,2.3388
deepdetect,face,Multi-PIE_impostor_61,027,240,11031,10391,7,0,,False,,False,True,
loftr,face,Multi-PIE_impostor_62,071,162,713,713,713,116,0.1627,False,0.1531,False,True,2.7203
orb-fingervein,face,Multi-PIE_impostor_62,071,162,3893,3251,80,22,0.2750,False,0.2668,False,True,2.0985
sift-fingervein,face,Multi-PIE_impostor_62,071,162,894,720,30,10,0.3333,False,0.3186,False,True,2.0488
superglue-fingervein,face,Multi-PIE_impostor_62,071,162,722,813,355,86,0.2423,True,0.2261,False,False,2.8762
sgmnet-fingervein,face,Multi-PIE_impostor_62,071,162,2000,2000,296,15,0.0507,False,0.0499,False,True,1.7289
aspanformer,face,Multi-PIE_impostor_62,071,162,407,407,407,124,0.3047,False,0.2821,False,True,3.0364
deepdetect,face,Multi-PIE_impostor_62,071,162,13272,9514,44,29,0.6591,True,0.6591,False,False,1.7192
loftr,face,Multi-PIE_impostor_63,140,234,447,447,447,75,0.1678,False,0.1631,False,True,2.0701
orb-fingervein,face,Multi-PIE_impostor_63,140,234,3858,4631,60,10,0.1667,False,0.1631,False,True,1.5789
sift-fingervein,face,Multi-PIE_impostor_63,140,234,816,1032,17,5,0.2941,False,0.2742,False,True,0.3043
superglue-fingervein,face,Multi-PIE_impostor_63,140,234,795,886,346,90,0.2601,True,0.2424,False,False,2.9140
sgmnet-fingervein,face,Multi-PIE_impostor_63,140,234,2000,1910,316,15,0.0475,False,0.0470,False,True,1.6416
aspanformer,face,Multi-PIE_impostor_63,140,234,370,370,370,105,0.2838,False,0.2779,False,True,1.9166
deepdetect,face,Multi-PIE_impostor_63,140,234,16580,19289,46,0,,False,,False,True,
loftr,face,Multi-PIE_impostor_64,237,092,331,331,331,83,0.2508,False,0.2359,False,True,2.7222
orb-fingervein,face,Multi-PIE_impostor_64,237,092,2962,2405,29,9,0.3103,False,0.2928,False,True,2.1804
sift-fingervein,face,Multi-PIE_impostor_64,237,092,873,346,21,0,,False,,False,True,
superglue-fingervein,face,Multi-PIE_impostor_64,237,092,520,421,141,31,0.2199,True,0.2061,False,False,2.7891
sgmnet-fingervein,face,Multi-PIE_impostor_64,237,092,1881,2000,127,10,0.0787,False,0.0773,False,True,0.7880
aspanformer,face,Multi-PIE_impostor_64,237,092,152,152,152,64,0.4211,True,0.4018,False,False,2.4378
deepdetect,face,Multi-PIE_impostor_64,237,092,15705,9926,16,11,0.6875,True,0.6875,False,False,1.0377
loftr,face,Multi-PIE_impostor_65,063,057,286,286,286,91,0.3182,False,0.3119,False,True,1.8983
orb-fingervein,face,Multi-PIE_impostor_65,063,057,2771,3232,28,0,,False,,False,True,
sift-fingervein,face,Multi-PIE_impostor_65,063,057,620,619,10,0,,False,,False,True,
superglue-fingervein,face,Multi-PIE_impostor_65,063,057,614,798,109,28,0.2569,True,0.2462,False,False,2.3488
sgmnet-fingervein,face,Multi-PIE_impostor_65,063,057,2000,2000,159,11,0.0692,False,0.0683,False,True,0.9961
aspanformer,face,Multi-PIE_impostor_65,063,057,140,140,140,77,0.5500,True,0.5500,False,False,1.2434
deepdetect,face,Multi-PIE_impostor_65,063,057,8546,9244,5,0,,False,,False,True,
loftr,face,Multi-PIE_impostor_66,224,162,318,318,318,47,0.1478,False,0.1401,False,True,2.5662
orb-fingervein,face,Multi-PIE_impostor_66,224,162,2056,2521,34,13,0.3824,False,0.2960,False,True,6.4817
sift-fingervein,face,Multi-PIE_impostor_66,224,162,398,445,7,4,0.5714,True,0.5237,False,False,0.0000
superglue-fingervein,face,Multi-PIE_impostor_66,224,162,638,672,202,35,0.1733,True,0.1630,False,False,2.7212
sgmnet-fingervein,face,Multi-PIE_impostor_66,224,162,2000,2000,169,11,0.0651,False,0.0642,False,True,1.3421
aspanformer,face,Multi-PIE_impostor_66,224,162,134,134,134,51,0.3806,False,0.3721,False,True,1.9542
deepdetect,face,Multi-PIE_impostor_66,224,162,7428,7192,7,0,,False,,False,True,
loftr,face,Multi-PIE_impostor_67,025,174,304,304,304,81,0.2664,False,0.2517,False,True,2.6368
orb-fingervein,face,Multi-PIE_impostor_67,025,174,3414,3922,47,13,0.2766,False,0.2747,False,True,1.4776
sift-fingervein,face,Multi-PIE_impostor_67,025,174,559,804,10,0,,False,,False,True,
superglue-fingervein,face,Multi-PIE_impostor_67,025,174,712,860,249,62,0.2490,True,0.2351,False,False,2.6466
sgmnet-fingervein,face,Multi-PIE_impostor_67,025,174,2000,2000,213,11,0.0516,False,0.0510,False,True,1.1103
aspanformer,face,Multi-PIE_impostor_67,025,174,234,234,234,115,0.4915,True,0.4915,False,False,1.4076
deepdetect,face,Multi-PIE_impostor_67,025,174,14551,21822,16,0,,False,,False,True,
loftr,face,Multi-PIE_impostor_68,203,170,328,328,328,80,0.2439,False,0.2317,False,True,2.5245
orb-fingervein,face,Multi-PIE_impostor_68,203,170,4294,3196,38,8,0.2105,False,0.2031,False,True,1.5740
sift-fingervein,face,Multi-PIE_impostor_68,203,170,936,788,21,5,0.2381,False,0.2219,False,True,0.4868
superglue-fingervein,face,Multi-PIE_impostor_68,203,170,939,653,267,56,0.2097,True,0.1946,False,False,3.0024
sgmnet-fingervein,face,Multi-PIE_impostor_68,203,170,2000,2000,218,9,0.0413,False,0.0403,False,True,0.9264
aspanformer,face,Multi-PIE_impostor_68,203,170,212,212,212,94,0.4434,True,0.4254,False,False,2.3274
deepdetect,face,Multi-PIE_impostor_68,203,170,13226,13094,14,8,0.5714,True,0.5714,False,False,0.2759
loftr,face,Multi-PIE_impostor_69,232,048,301,301,301,58,0.1927,False,0.1841,False,True,2.4073
orb-fingervein,face,Multi-PIE_impostor_69,232,048,4085,3338,26,0,,False,,False,True,
sift-fingervein,face,Multi-PIE_impostor_69,232,048,752,675,21,6,0.2857,False,0.2703,False,True,0.7161
superglue-fingervein,face,Multi-PIE_impostor_69,232,048,721,712,230,37,0.1609,True,0.1505,False,False,2.8293
sgmnet-fingervein,face,Multi-PIE_impostor_69,232,048,2000,2000,228,11,0.0482,False,0.0476,False,True,1.0830
aspanformer,face,Multi-PIE_impostor_69,232,048,280,280,280,91,0.3250,False,0.3086,False,True,2.5345
deepdetect,face,Multi-PIE_impostor_69,232,048,14018,12325,16,9,0.5625,True,0.5625,False,False,0.4600
loftr,face,Multi-PIE_impostor_70,084,101,263,263,263,39,0.1483,False,0.1402,False,True,2.6242
orb-fingervein,face,Multi-PIE_impostor_70,084,101,4219,3624,34,0,,False,,False,True,
sift-fingervein,face,Multi-PIE_impostor_70,084,101,774,574,22,0,,False,,False,True,
superglue-fingervein,face,Multi-PIE_impostor_70,084,101,843,626,245,40,0.1633,True,0.1525,False,False,2.8623
sgmnet-fingervein,face,Multi-PIE_impostor_70,084,101,2000,2000,138,8,0.0580,False,0.0561,False,True,1.2412
aspanformer,face,Multi-PIE_impostor_70,084,101,88,88,88,37,0.4205,True,0.4205,False,False,1.3535
deepdetect,face,Multi-PIE_impostor_70,084,101,10930,8754,90,83,0.9222,True,0.9222,False,False,0.1003
loftr,face,Multi-PIE_impostor_71,080,031,211,211,211,29,0.1374,False,0.1332,False,True,2.1305
orb-fingervein,face,Multi-PIE_impostor_71,080,031,2684,3455,27,6,0.2222,False,0.2103,False,True,1.0747
sift-fingervein,face,Multi-PIE_impostor_71,080,031,392,464,16,0,,False,,False,True,
superglue-fingervein,face,Multi-PIE_impostor_71,080,031,547,532,202,35,0.1733,True,0.1622,False,False,2.8200
sgmnet-fingervein,face,Multi-PIE_impostor_71,080,031,2000,2000,226,9,0.0398,False,0.0389,False,True,1.1884
aspanformer,face,Multi-PIE_impostor_71,080,031,41,41,41,24,0.5854,True,0.5649,False,False,2.2081
deepdetect,face,Multi-PIE_impostor_71,080,031,9617,13864,22,7,0.3182,True,0.3182,False,False,1.9540
loftr,face,Multi-PIE_impostor_72,102,235,146,146,146,29,0.1986,False,0.1920,False,True,2.1813
orb-fingervein,face,Multi-PIE_impostor_72,102,235,4987,4062,59,0,,False,,False,True,
sift-fingervein,face,Multi-PIE_impostor_72,102,235,1493,859,34,0,,False,,False,True,
superglue-fingervein,face,Multi-PIE_impostor_72,102,235,1151,877,281,67,0.2384,True,0.2222,False,False,2.9097
sgmnet-fingervein,face,Multi-PIE_impostor_72,102,235,2000,2000,161,9,0.0559,False,0.0546,False,True,0.7742
aspanformer,face,Multi-PIE_impostor_72,102,235,131,131,131,57,0.4351,True,0.4263,False,False,1.9074
deepdetect,face,Multi-PIE_impostor_72,102,235,31319,19891,28,10,0.3571,True,0.3571,False,False,0.5015
loftr,face,Multi-PIE_impostor_73,006,148,364,364,364,68,0.1868,False,0.1748,False,True,2.8346
orb-fingervein,face,Multi-PIE_impostor_73,006,148,3259,3695,58,11,0.1897,False,0.1872,False,True,1.3401
sift-fingervein,face,Multi-PIE_impostor_73,006,148,677,816,18,0,,False,,False,True,
superglue-fingervein,face,Multi-PIE_impostor_73,006,148,653,866,263,54,0.2053,True,0.1918,False,False,2.8674
sgmnet-fingervein,face,Multi-PIE_impostor_73,006,148,2000,2000,293,15,0.0512,False,0.0510,False,True,1.3029
aspanformer,face,Multi-PIE_impostor_73,006,148,214,214,214,90,0.4206,True,0.4052,False,False,2.2458
deepdetect,face,Multi-PIE_impostor_73,006,148,13745,20910,13,8,0.6154,True,0.6154,False,False,0.9580
loftr,face,Multi-PIE_impostor_74,001,206,349,349,349,102,0.2923,False,0.2731,False,True,2.8597
orb-fingervein,face,Multi-PIE_impostor_74,001,206,3890,2894,44,10,0.2273,False,0.2233,False,True,1.1256
sift-fingervein,face,Multi-PIE_impostor_74,001,206,973,484,24,5,0.2083,False,0.1942,False,True,0.5009
superglue-fingervein,face,Multi-PIE_impostor_74,001,206,886,618,275,54,0.1964,True,0.1860,False,False,2.5803
sgmnet-fingervein,face,Multi-PIE_impostor_74,001,206,2000,2000,253,13,0.0514,False,0.0510,False,True,1.3038
aspanformer,face,Multi-PIE_impostor_74,001,206,187,187,187,81,0.4332,True,0.4183,False,False,2.1991
deepdetect,face,Multi-PIE_impostor_74,001,206,9872,10187,5,0,,False,,False,True,
loftr,face,Multi-PIE_impostor_75,158,142,367,367,367,73,0.1989,False,0.1914,False,True,2.2693
orb-fingervein,face,Multi-PIE_impostor_75,158,142,2790,3736,40,9,0.2250,False,0.2196,False,True,0.8075
sift-fingervein,face,Multi-PIE_impostor_75,158,142,380,535,23,7,0.3043,False,0.2916,False,True,1.2355
superglue-fingervein,face,Multi-PIE_impostor_75,158,142,536,615,246,52,0.2114,True,0.2012,False,False,2.4890
sgmnet-fingervein,face,Multi-PIE_impostor_75,158,142,2000,2000,262,18,0.0687,False,0.0684,False,True,1.5597
aspanformer,face,Multi-PIE_impostor_75,158,142,59,59,59,36,0.6102,True,0.6102,False,False,1.4916
deepdetect,face,Multi-PIE_impostor_75,158,142,10873,14000,11,0,,False,,False,True,
loftr,face,Multi-PIE_impostor_76,002,130,443,443,443,112,0.2528,False,0.2410,False,True,2.4538
orb-fingervein,face,Multi-PIE_impostor_76,002,130,2885,3468,40,13,0.3250,False,0.3176,False,True,1.8231
sift-fingervein,face,Multi-PIE_impostor_76,002,130,596,563,21,5,0.2381,False,0.2219,False,True,0.4024
superglue-fingervein,face,Multi-PIE_impostor_76,002,130,699,790,302,67,0.2219,True,0.2087,False,False,2.7230
sgmnet-fingervein,face,Multi-PIE_impostor_76,002,130,2000,2000,168,8,0.0476,False,0.0461,False,True,0.8010
aspanformer,face,Multi-PIE_impostor_76,002,130,288,288,288,131,0.4549,True,0.4390,False,False,2.2095
deepdetect,face,Multi-PIE_impostor_76,002,130,9937,12392,10,7,0.7000,True,0.7000,False,False,1.1106
loftr,face,Multi-PIE_impostor_77,136,229,562,562,562,157,0.2794,False,0.2595,False,True,2.9745
orb-fingervein,face,Multi-PIE_impostor_77,136,229,5000,5000,47,14,0.2979,False,0.2926,False,True,1.7581
sift-fingervein,face,Multi-PIE_impostor_77,136,229,1525,1385,42,7,0.1667,False,0.1597,False,True,0.7816
superglue-fingervein,face,Multi-PIE_impostor_77,136,229,1191,1123,510,120,0.2353,True,0.2198,False,False,2.8578
sgmnet-fingervein,face,Multi-PIE_impostor_77,136,229,2000,2000,439,23,0.0524,False,0.0520,False,True,1.6530
aspanformer,face,Multi-PIE_impostor_77,136,229,492,492,492,154,0.3130,False,0.2919,False,True,2.8991
deepdetect,face,Multi-PIE_impostor_77,136,229,21018,24496,63,24,0.3810,True,0.3810,False,False,1.9838
loftr,face,Multi-PIE_impostor_78,147,201,191,191,191,41,0.2147,False,0.2060,False,True,2.3254
orb-fingervein,face,Multi-PIE_impostor_78,147,201,2014,1915,31,9,0.2903,False,0.2834,False,True,1.0241
sift-fingervein,face,Multi-PIE_impostor_78,147,201,281,287,16,0,,False,,False,True,
superglue-fingervein,face,Multi-PIE_impostor_78,147,201,408,470,104,22,0.2115,True,0.2063,False,False,1.9962
sgmnet-fingervein,face,Multi-PIE_impostor_78,147,201,2000,2000,159,7,0.0440,False,0.0422,False,True,0.3634
aspanformer,face,Multi-PIE_impostor_78,147,201,56,56,56,18,0.3214,False,0.3074,False,True,2.3625
deepdetect,face,Multi-PIE_impostor_78,147,201,7699,5525,11,0,,False,,False,True,
loftr,face,Multi-PIE_impostor_79,014,206,304,304,304,88,0.2895,False,0.2867,False,True,1.6924
orb-fingervein,face,Multi-PIE_impostor_79,014,206,868,766,13,0,,False,,False,True,
sift-fingervein,face,Multi-PIE_impostor_79,014,206,224,177,7,0,,False,,False,True,
superglue-fingervein,face,Multi-PIE_impostor_79,014,206,418,392,166,34,0.2048,True,0.1924,False,False,2.7466
sgmnet-fingervein,face,Multi-PIE_impostor_79,014,206,2000,2000,209,8,0.0383,False,0.0371,False,True,0.9347
aspanformer,face,Multi-PIE_impostor_79,014,206,17,17,17,13,0.7647,True,0.7594,False,False,0.5674
deepdetect,face,Multi-PIE_impostor_79,014,206,4968,5595,11,8,0.7273,True,0.7273,False,False,1.7291
loftr,face,Multi-PIE_impostor_80,010,186,438,438,438,123,0.2808,False,0.2634,False,True,2.7816
orb-fingervein,face,Multi-PIE_impostor_80,010,186,4223,3642,46,0,,False,,False,True,
sift-fingervein,face,Multi-PIE_impostor_80,010,186,829,642,21,0,,False,,False,True,
superglue-fingervein,face,Multi-PIE_impostor_80,010,186,713,752,260,53,0.2038,True,0.1912,False,False,2.7847
sgmnet-fingervein,face,Multi-PIE_impostor_80,010,186,1918,1936,149,11,0.0738,False,0.0729,False,True,0.6867
aspanformer,face,Multi-PIE_impostor_80,010,186,155,155,155,89,0.5742,True,0.5479,False,False,2.4380
deepdetect,face,Multi-PIE_impostor_80,010,186,17806,14352,37,0,,False,,False,True,
loftr,face,Multi-PIE_impostor_81,209,083,372,372,372,101,0.2715,False,0.2564,False,True,2.6417
orb-fingervein,face,Multi-PIE_impostor_81,209,083,4302,4793,47,16,0.3404,False,0.3343,False,True,1.8091
sift-fingervein,face,Multi-PIE_impostor_81,209,083,1237,1216,34,0,,False,,False,True,
superglue-fingervein,face,Multi-PIE_impostor_81,209,083,1024,1013,350,93,0.2657,True,0.2460,False,False,3.0436
sgmnet-fingervein,face,Multi-PIE_impostor_81,209,083,2000,2000,205,10,0.0488,False,0.0479,False,True,1.0773
aspanformer,face,Multi-PIE_impostor_81,209,083,436,436,436,165,0.3784,False,0.3595,False,True,2.5272
deepdetect,face,Multi-PIE_impostor_81,209,083,15781,18062,61,25,0.4098,True,0.4098,False,False,2.6525
loftr,face,Multi-PIE_impostor_82,144,209,236,236,236,42,0.1780,False,0.1673,False,True,2.7390
orb-fingervein,face,Multi-PIE_impostor_82,144,209,3445,3118,34,0,,False,,False,True,
sift-fingervein,face,Multi-PIE_impostor_82,144,209,808,485,13,0,,False,,False,True,
superglue-fingervein,face,Multi-PIE_impostor_82,144,209,875,651,200,39,0.1950,True,0.1852,False,False,2.5366
sgmnet-fingervein,face,Multi-PIE_impostor_82,144,209,2000,2000,117,16,0.1368,False,0.1364,False,True,1.4827
aspanformer,face,Multi-PIE_impostor_82,144,209,116,116,116,52,0.4483,True,0.4298,False,False,2.3406
deepdetect,face,Multi-PIE_impostor_82,144,209,13054,8717,17,9,0.5294,True,0.5294,False,False,2.3047
loftr,face,Multi-PIE_impostor_83,140,006,418,418,418,127,0.3038,False,0.2918,False,True,2.3108
orb-fingervein,face,Multi-PIE_impostor_83,140,006,1612,1311,33,0,,False,,False,True,
sift-fingervein,face,Multi-PIE_impostor_83,140,006,388,230,16,0,,False,,False,True,
superglue-fingervein,face,Multi-PIE_impostor_83,140,006,476,414,192,55,0.2865,True,0.2712,False,False,2.5955
sgmnet-fingervein,face,Multi-PIE_impostor_83,140,006,2000,2000,152,9,0.0592,False,0.0578,False,True,1.2477
aspanformer,face,Multi-PIE_impostor_83,140,006,255,255,255,109,0.4275,True,0.4100,False,False,2.3315
deepdetect,face,Multi-PIE_impostor_83,140,006,6459,5843,41,32,0.7805,True,0.7805,False,False,0.7618
loftr,face,Multi-PIE_impostor_84,174,163,263,263,263,41,0.1559,False,0.1506,False,True,2.1942
orb-fingervein,face,Multi-PIE_impostor_84,174,163,4242,4066,59,10,0.1695,False,0.1665,False,True,1.3739
sift-fingervein,face,Multi-PIE_impostor_84,174,163,958,831,33,6,0.1818,False,0.1706,False,True,1.6626
superglue-fingervein,face,Multi-PIE_impostor_84,174,163,913,884,364,59,0.1621,True,0.1529,False,False,2.6700
sgmnet-fingervein,face,Multi-PIE_impostor_84,174,163,1883,2000,220,10,0.0455,False,0.0447,False,True,1.3585
aspanformer,face,Multi-PIE_impostor_84,174,163,92,92,92,35,0.3804,False,0.3607,False,True,2.5662
deepdetect,face,Multi-PIE_impostor_84,174,163,21163,15130,32,17,0.5312,True,0.5312,False,False,1.7888
loftr,face,Multi-PIE_impostor_85,155,042,200,200,200,55,0.2750,False,0.2645,False,True,2.2765
orb-fingervein,face,Multi-PIE_impostor_85,155,042,2744,1658,49,0,,False,,False,True,
sift-fingervein,face,Multi-PIE_impostor_85,155,042,350,279,14,0,,False,,False,True,
superglue-fingervein,face,Multi-PIE_impostor_85,155,042,531,444,204,41,0.2010,True,0.1907,False,False,2.5519
sgmnet-fingervein,face,Multi-PIE_impostor_85,155,042,2000,2000,160,13,0.0813,False,0.0807,False,True,1.3740
aspanformer,face,Multi-PIE_impostor_85,155,042,126,126,126,72,0.5714,True,0.5521,False,False,2.1870
deepdetect,face,Multi-PIE_impostor_85,155,042,12071,7327,31,0,,False,,False,True,
loftr,face,Multi-PIE_impostor_86,113,240,204,204,204,38,0.1863,False,0.1839,False,True,1.7566
orb-fingervein,face,Multi-PIE_impostor_86,113,240,549,384,20,8,0.4000,False,0.3860,False,True,1.5658
sift-fingervein,face,Multi-PIE_impostor_86,113,240,184,117,12,0,,False,,False,True,
superglue-fingervein,face,Multi-PIE_impostor_86,113,240,405,248,131,35,0.2672,True,0.2517,False,False,2.6924
sgmnet-fingervein,face,Multi-PIE_impostor_86,113,240,2000,2000,209,9,0.0431,False,0.0420,False,True,0.5871
aspanformer,face,Multi-PIE_impostor_86,113,240,1,1,1,0,,False,,False,True,
deepdetect,face,Multi-PIE_impostor_86,113,240,4604,3292,30,16,0.5333,True,0.5333,False,False,3.0762
loftr,face,Multi-PIE_impostor_87,025,238,30,30,30,13,0.4333,False,0.4145,False,True,2.2502
orb-fingervein,face,Multi-PIE_impostor_87,025,238,2247,1602,30,0,,False,,False,True,
sift-fingervein,face,Multi-PIE_impostor_87,025,238,342,252,16,5,0.3125,False,0.2913,False,True,0.5071
superglue-fingervein,face,Multi-PIE_impostor_87,025,238,573,372,79,22,0.2785,True,0.2653,False,False,2.4613
sgmnet-fingervein,face,Multi-PIE_impostor_87,025,238,2000,2000,93,10,0.1075,False,0.1056,False,True,0.6541
aspanformer,face,Multi-PIE_impostor_87,025,238,21,21,21,7,0.3333,False,0.3194,False,True,0.8805
deepdetect,face,Multi-PIE_impostor_87,025,238,6617,7507,12,10,0.8333,True,0.8333,False,False,0.3627
loftr,face,Multi-PIE_impostor_88,143,037,300,300,300,50,0.1667,False,0.1584,False,True,2.5204
orb-fingervein,face,Multi-PIE_impostor_88,143,037,3313,5000,45,0,,False,,False,True,
sift-fingervein,face,Multi-PIE_impostor_88,143,037,683,1639,14,0,,False,,False,True,
superglue-fingervein,face,Multi-PIE_impostor_88,143,037,717,1116,191,52,0.2723,True,0.2539,False,False,2.8984
sgmnet-fingervein,face,Multi-PIE_impostor_88,143,037,2000,2000,244,13,0.0533,False,0.0529,False,True,1.2005
aspanformer,face,Multi-PIE_impostor_88,143,037,205,205,205,74,0.3610,False,0.3456,False,True,2.3734
deepdetect,face,Multi-PIE_impostor_88,143,037,9890,15864,8,6,0.7500,True,0.7500,False,False,0.7135
loftr,face,Multi-PIE_impostor_89,248,194,303,303,303,42,0.1386,False,0.1315,False,True,2.5573
orb-fingervein,face,Multi-PIE_impostor_89,248,194,4042,3219,43,10,0.2326,False,0.2284,False,True,1.1181
sift-fingervein,face,Multi-PIE_impostor_89,248,194,872,516,33,8,0.2424,False,0.2347,False,True,1.2870
superglue-fingervein,face,Multi-PIE_impostor_89,248,194,719,568,187,31,0.1658,True,0.1567,False,False,2.6282
sgmnet-fingervein,face,Multi-PIE_impostor_89,248,194,2000,2000,122,10,0.0820,False,0.0805,False,True,1.3106
aspanformer,face,Multi-PIE_impostor_89,248,194,153,153,153,33,0.2157,False,0.2086,False,True,2.1660
deepdetect,face,Multi-PIE_impostor_89,248,194,8978,7090,29,0,,False,,False,True,
loftr,face,Multi-PIE_impostor_90,128,064,586,586,586,193,0.3294,False,0.3158,False,True,2.3386
orb-fingervein,face,Multi-PIE_impostor_90,128,064,3490,2854,58,22,0.3793,False,0.3792,False,True,1.4456
sift-fingervein,face,Multi-PIE_impostor_90,128,064,749,616,26,8,0.3077,False,0.2979,False,True,1.3942
superglue-fingervein,face,Multi-PIE_impostor_90,128,064,788,750,350,118,0.3371,True,0.3133,False,False,2.9696
sgmnet-fingervein,face,Multi-PIE_impostor_90,128,064,2000,2000,401,19,0.0474,False,0.0473,False,True,1.4401
aspanformer,face,Multi-PIE_impostor_90,128,064,551,551,551,251,0.4555,True,0.4358,False,False,2.3856
deepdetect,face,Multi-PIE_impostor_90,128,064,21762,20815,29,17,0.5862,True,0.5862,False,False,1.4056
loftr,face,Multi-PIE_impostor_91,249,111,310,310,310,93,0.3000,False,0.2867,False,True,2.4037
orb-fingervein,face,Multi-PIE_impostor_91,249,111,2395,2678,43,22,0.5116,True,0.5094,False,False,1.5818
sift-fingervein,face,Multi-PIE_impostor_91,249,111,341,324,14,0,,False,,False,True,
superglue-fingervein,face,Multi-PIE_impostor_91,249,111,468,471,156,43,0.2756,True,0.2600,False,False,2.6658
sgmnet-fingervein,face,Multi-PIE_impostor_91,249,111,2000,2000,269,13,0.0483,False,0.0480,False,True,1.2486
aspanformer,face,Multi-PIE_impostor_91,249,111,235,235,235,121,0.5149,True,0.5066,False,False,1.8247
deepdetect,face,Multi-PIE_impostor_91,249,111,6770,10423,117,99,0.8462,True,0.8462,False,False,1.3131
loftr,face,Multi-PIE_impostor_92,207,126,331,331,331,91,0.2749,False,0.2586,False,True,2.7240
orb-fingervein,face,Multi-PIE_impostor_92,207,126,4158,3618,79,0,,False,,False,True,
sift-fingervein,face,Multi-PIE_impostor_92,207,126,928,563,27,7,0.2593,False,0.2484,False,True,1.2557
superglue-fingervein,face,Multi-PIE_impostor_92,207,126,889,723,313,89,0.2843,True,0.2689,False,False,2.6170
sgmnet-fingervein,face,Multi-PIE_impostor_92,207,126,2000,2000,342,21,0.0614,False,0.0614,False,True,1.3860
aspanformer,face,Multi-PIE_impostor_92,207,126,377,377,377,211,0.5597,True,0.5270,False,False,2.7048
deepdetect,face,Multi-PIE_impostor_92,207,126,14066,19088,9,5,0.5556,True,0.5556,False,False,0.5274
loftr,face,Multi-PIE_impostor_93,217,050,78,78,78,19,0.2436,False,0.2287,False,True,2.7435
orb-fingervein,face,Multi-PIE_impostor_93,217,050,2900,2625,45,12,0.2667,False,0.2631,False,True,1.5755
sift-fingervein,face,Multi-PIE_impostor_93,217,050,414,312,16,0,,False,,False,True,
superglue-fingervein,face,Multi-PIE_impostor_93,217,050,480,516,109,24,0.2202,True,0.2055,False,False,2.8795
sgmnet-fingervein,face,Multi-PIE_impostor_93,217,050,2000,2000,120,7,0.0583,False,0.0559,False,True,0.9102
aspanformer,face,Multi-PIE_impostor_93,217,050,68,68,68,27,0.3971,False,0.3895,False,True,1.8814
deepdetect,face,Multi-PIE_impostor_93,217,050,9792,7652,6,0,,False,,False,True,
loftr,face,Multi-PIE_impostor_94,025,049,399,399,399,94,0.2356,False,0.2226,False,True,2.6345
orb-fingervein,face,Multi-PIE_impostor_94,025,049,3710,3387,43,13,0.3023,False,0.2941,False,True,1.9129
sift-fingervein,face,Multi-PIE_impostor_94,025,049,709,650,21,0,,False,,False,True,
superglue-fingervein,face,Multi-PIE_impostor_94,025,049,694,678,294,81,0.2755,True,0.2547,False,False,3.0680
sgmnet-fingervein,face,Multi-PIE_impostor_94,025,049,2000,2000,190,11,0.0579,False,0.0571,False,True,1.2861
aspanformer,face,Multi-PIE_impostor_94,025,049,175,175,175,92,0.5257,True,0.5257,False,False,1.1593
deepdetect,face,Multi-PIE_impostor_94,025,049,11253,13425,16,12,0.7500,True,0.7500,False,False,1.0641
loftr,face,Multi-PIE_impostor_95,148,024,249,249,249,93,0.3735,False,0.3592,False,True,2.2824
orb-fingervein,face,Multi-PIE_impostor_95,148,024,867,980,14,0,,False,,False,True,
sift-fingervein,face,Multi-PIE_impostor_95,148,024,217,281,5,4,0.8000,True,0.7332,False,False,0.0000
superglue-fingervein,face,Multi-PIE_impostor_95,148,024,360,395,70,26,0.3714,True,0.3484,False,False,2.7768
sgmnet-fingervein,face,Multi-PIE_impostor_95,148,024,2000,2000,266,24,0.0902,False,0.0902,False,True,1.4812
aspanformer,face,Multi-PIE_impostor_95,148,024,72,72,72,31,0.4306,True,0.4183,False,False,2.0794
deepdetect,face,Multi-PIE_impostor_95,148,024,6410,5962,14,0,,False,,False,True,
loftr,face,Multi-PIE_impostor_96,247,093,589,589,589,142,0.2411,False,0.2274,False,True,2.6680
orb-fingervein,face,Multi-PIE_impostor_96,247,093,3762,2821,57,14,0.2456,False,0.2368,False,True,2.1305
sift-fingervein,face,Multi-PIE_impostor_96,247,093,820,519,29,0,,False,,False,True,
superglue-fingervein,face,Multi-PIE_impostor_96,247,093,796,682,317,75,0.2366,True,0.2215,False,False,2.8164
sgmnet-fingervein,face,Multi-PIE_impostor_96,247,093,1877,2000,296,13,0.0439,False,0.0436,False,True,1.0336
aspanformer,face,Multi-PIE_impostor_96,247,093,527,527,527,215,0.4080,False,0.3861,False,True,2.6036
deepdetect,face,Multi-PIE_impostor_96,247,093,20296,12332,29,12,0.4138,True,0.4138,False,False,1.9160
loftr,face,Multi-PIE_impostor_97,228,209,198,198,198,23,0.1162,False,0.1141,False,True,1.8573
orb-fingervein,face,Multi-PIE_impostor_97,228,209,3771,3173,61,0,,False,,False,True,
sift-fingervein,face,Multi-PIE_impostor_97,228,209,854,531,19,0,,False,,False,True,
superglue-fingervein,face,Multi-PIE_impostor_97,228,209,814,716,174,30,0.1724,True,0.1624,False,False,2.6955
sgmnet-fingervein,face,Multi-PIE_impostor_97,228,209,2000,2000,288,12,0.0417,False,0.0410,False,True,1.6355
aspanformer,face,Multi-PIE_impostor_97,228,209,214,214,214,62,0.2897,False,0.2772,False,True,2.3826
deepdetect,face,Multi-PIE_impostor_97,228,209,15915,12596,14,8,0.5714,True,0.5714,False,False,1.4769
loftr,face,Multi-PIE_impostor_98,020,135,469,469,469,92,0.1962,False,0.1854,False,True,2.6260
orb-fingervein,face,Multi-PIE_impostor_98,020,135,4378,3874,60,14,0.2333,False,0.2271,False,True,1.9436
sift-fingervein,face,Multi-PIE_impostor_98,020,135,1014,879,25,0,,False,,False,True,
superglue-fingervein,face,Multi-PIE_impostor_98,020,135,944,801,271,46,0.1697,True,0.1603,False,False,2.6491
sgmnet-fingervein,face,Multi-PIE_impostor_98,020,135,2000,2000,204,10,0.0490,False,0.0482,False,True,1.1802
aspanformer,face,Multi-PIE_impostor_98,020,135,218,218,218,79,0.3624,False,0.3524,False,True,2.0586
deepdetect,face,Multi-PIE_impostor_98,020,135,15750,12155,41,28,0.6829,True,0.6829,False,False,0.6278
loftr,face,Multi-PIE_impostor_99,112,155,425,425,425,124,0.2918,False,0.2750,False,True,2.6828
orb-fingervein,face,Multi-PIE_impostor_99,112,155,4979,3712,64,20,0.3125,False,0.3044,False,True,2.0082
sift-fingervein,face,Multi-PIE_impostor_99,112,155,1234,664,24,0,,False,,False,True,
superglue-fingervein,face,Multi-PIE_impostor_99,112,155,1172,741,372,89,0.2392,True,0.2226,False,False,2.9399
sgmnet-fingervein,face,Multi-PIE_impostor_99,112,155,2000,1912,350,17,0.0486,False,0.0485,False,True,1.2322
aspanformer,face,Multi-PIE_impostor_99,112,155,430,430,430,140,0.3256,False,0.3059,False,True,2.7461
deepdetect,face,Multi-PIE_impostor_99,112,155,23015,17505,16,9,0.5625,True,0.5625,False,False,1.1157
loftr,face,Multi-PIE_impostor_100,058,028,411,411,411,109,0.2652,False,0.2559,False,True,2.2145
orb-fingervein,face,Multi-PIE_impostor_100,058,028,3936,4839,78,0,,False,,False,True,
sift-fingervein,face,Multi-PIE_impostor_100,058,028,733,1284,13,5,0.3846,False,0.3585,False,True,0.6986
superglue-fingervein,face,Multi-PIE_impostor_100,058,028,729,934,270,59,0.2185,True,0.2069,False,False,2.5938
sgmnet-fingervein,face,Multi-PIE_impostor_100,058,028,1768,1988,343,17,0.0496,False,0.0492,False,True,1.6081
aspanformer,face,Multi-PIE_impostor_100,058,028,272,272,272,128,0.4706,True,0.4603,False,False,1.9413
deepdetect,face,Multi-PIE_impostor_100,058,028,11785,18294,20,17,0.8500,True,0.8500,False,False,1.3753
loftr,face,Multi-PIE_impostor_101,079,143,362,362,362,93,0.2569,False,0.2464,False,True,2.3324
orb-fingervein,face,Multi-PIE_impostor_101,079,143,1029,544,37,0,,False,,False,True,
sift-fingervein,face,Multi-PIE_impostor_101,079,143,316,208,18,0,,False,,False,True,
superglue-fingervein,face,Multi-PIE_impostor_101,079,143,573,514,214,47,0.2196,True,0.2037,False,False,3.0060
sgmnet-fingervein,face,Multi-PIE_impostor_101,079,143,2000,2000,164,9,0.0549,False,0.0536,False,True,1.0602
aspanformer,face,Multi-PIE_impostor_101,079,143,59,59,59,45,0.7627,True,0.7627,False,False,1.0457
deepdetect,face,Multi-PIE_impostor_101,079,143,6853,5138,15,0,,False,,False,True,
loftr,face,Multi-PIE_impostor_102,191,035,528,528,528,119,0.2254,False,0.2156,False,True,2.3916
orb-fingervein,face,Multi-PIE_impostor_102,191,035,3380,4766,40,0,,False,,False,True,
sift-fingervein,face,Multi-PIE_impostor_102,191,035,593,1198,14,4,0.2857,False,0.2619,False,True,0.0000
superglue-fingervein,face,Multi-PIE_impostor_102,191,035,714,936,368,85,0.2310,True,0.2134,False,False,3.0846
sgmnet-fingervein,face,Multi-PIE_impostor_102,191,035,2000,2000,266,16,0.0602,False,0.0600,False,True,1.2269
aspanformer,face,Multi-PIE_impostor_102,191,035,426,426,426,172,0.4038,False,0.3901,False,True,2.1894
deepdetect,face,Multi-PIE_impostor_102,191,035,9603,13210,11,7,0.6364,True,0.6364,False,False,1.6910
loftr,face,Multi-PIE_impostor_103,224,151,243,243,243,52,0.2140,False,0.2048,False,True,2.3786
orb-fingervein,face,Multi-PIE_impostor_103,224,151,3918,2547,48,0,,False,,False,True,
sift-fingervein,face,Multi-PIE_impostor_103,224,151,629,303,22,6,0.2727,False,0.2581,False,True,0.8413
superglue-fingervein,face,Multi-PIE_impostor_103,224,151,653,443,227,68,0.2996,True,0.2828,False,False,2.6543
sgmnet-fingervein,face,Multi-PIE_impostor_103,224,151,2000,2000,107,7,0.0654,False,0.0627,False,True,0.8559
aspanformer,face,Multi-PIE_impostor_103,224,151,78,78,78,43,0.5513,True,0.5378,False,False,1.9967
deepdetect,face,Multi-PIE_impostor_103,224,151,10969,6512,4,0,,False,,False,True,
loftr,face,Multi-PIE_impostor_104,205,122,399,399,399,130,0.3258,False,0.3164,False,True,2.0853
orb-fingervein,face,Multi-PIE_impostor_104,205,122,3312,2275,41,0,,False,,False,True,
sift-fingervein,face,Multi-PIE_impostor_104,205,122,493,296,14,0,,False,,False,True,
superglue-fingervein,face,Multi-PIE_impostor_104,205,122,597,454,278,70,0.2518,True,0.2339,False,False,2.9776
sgmnet-fingervein,face,Multi-PIE_impostor_104,205,122,2000,2000,270,16,0.0593,False,0.0586,False,True,1.6761
aspanformer,face,Multi-PIE_impostor_104,205,122,177,177,177,125,0.7062,True,0.7062,False,False,1.0649
deepdetect,face,Multi-PIE_impostor_104,205,122,8486,8324,8,0,,False,,False,True,
loftr,face,Multi-PIE_impostor_105,138,075,346,346,346,72,0.2081,False,0.1956,False,True,2.7374
orb-fingervein,face,Multi-PIE_impostor_105,138,075,4533,3073,57,11,0.1930,False,0.1905,False,True,1.3581
sift-fingervein,face,Multi-PIE_impostor_105,138,075,1070,551,29,0,,False,,False,True,
superglue-fingervein,face,Multi-PIE_impostor_105,138,075,1116,767,331,89,0.2689,True,0.2481,False,False,3.1096
sgmnet-fingervein,face,Multi-PIE_impostor_105,138,075,2000,2000,149,9,0.0604,False,0.0590,False,True,1.3348
aspanformer,face,Multi-PIE_impostor_105,138,075,227,227,227,79,0.3480,False,0.3261,False,True,2.7990
deepdetect,face,Multi-PIE_impostor_105,138,075,18875,13612,29,12,0.4138,True,0.4138,False,False,1.1762
loftr,face,Multi-PIE_impostor_106,127,228,537,537,537,136,0.2533,False,0.2388,False,True,2.6752
orb-fingervein,face,Multi-PIE_impostor_106,127,228,3947,3271,50,8,0.1600,False,0.1538,False,True,1.6412
sift-fingervein,face,Multi-PIE_impostor_106,127,228,878,757,27,0,,False,,False,True,
superglue-fingervein,face,Multi-PIE_impostor_106,127,228,881,857,421,76,0.1805,True,0.1674,False,False,3.0045
sgmnet-fingervein,face,Multi-PIE_impostor_106,127,228,2000,2000,221,11,0.0498,False,0.0491,False,True,1.2347
aspanformer,face,Multi-PIE_impostor_106,127,228,434,434,434,169,0.3894,False,0.3692,False,True,2.5678
deepdetect,face,Multi-PIE_impostor_106,127,228,22211,25519,18,0,,False,,False,True,
loftr,face,Multi-PIE_impostor_107,221,217,385,385,385,52,0.1351,False,0.1277,False,True,2.6259
orb-fingervein,face,Multi-PIE_impostor_107,221,217,3988,3776,37,0,,False,,False,True,
sift-fingervein,face,Multi-PIE_impostor_107,221,217,676,628,17,0,,False,,False,True,
superglue-fingervein,face,Multi-PIE_impostor_107,221,217,674,677,248,55,0.2218,True,0.2040,False,False,3.1754
sgmnet-fingervein,face,Multi-PIE_impostor_107,221,217,2000,2000,261,13,0.0498,False,0.0495,False,True,1.3219
aspanformer,face,Multi-PIE_impostor_107,221,217,165,165,165,49,0.2970,False,0.2800,False,True,2.6769
deepdetect,face,Multi-PIE_impostor_107,221,217,12526,12101,13,0,,False,,False,True,
loftr,face,Multi-PIE_impostor_108,095,183,252,252,252,45,0.1786,False,0.1717,False,True,2.2824
orb-fingervein,face,Multi-PIE_impostor_108,095,183,2907,2092,29,8,0.2759,False,0.2671,False,True,0.3281
sift-fingervein,face,Multi-PIE_impostor_108,095,183,454,497,17,0,,False,,False,True,
superglue-fingervein,face,Multi-PIE_impostor_108,095,183,620,691,217,47,0.2166,True,0.2088,False,False,2.2317
sgmnet-fingervein,face,Multi-PIE_impostor_108,095,183,2000,2000,275,13,0.0473,False,0.0469,False,True,1.1208
aspanformer,face,Multi-PIE_impostor_108,095,183,150,150,150,67,0.4467,True,0.4393,False,False,1.8328
deepdetect,face,Multi-PIE_impostor_108,095,183,11264,8603,9,7,0.7778,True,0.7778,False,False,1.0589
loftr,face,Multi-PIE_impostor_109,009,163,292,292,292,65,0.2226,False,0.2132,False,True,2.3663
orb-fingervein,face,Multi-PIE_impostor_109,009,163,2323,2718,31,0,,False,,False,True,
sift-fingervein,face,Multi-PIE_impostor_109,009,163,361,381,10,4,0.4000,False,0.3666,False,True,0.0000
superglue-fingervein,face,Multi-PIE_impostor_109,009,163,447,510,209,73,0.3493,True,0.3271,False,False,2.8124
sgmnet-fingervein,face,Multi-PIE_impostor_109,009,163,2000,2000,226,12,0.0531,False,0.0526,False,True,1.3297
aspanformer,face,Multi-PIE_impostor_109,009,163,215,215,215,95,0.4419,True,0.4212,False,False,2.4596
deepdetect,face,Multi-PIE_impostor_109,009,163,5847,8395,13,9,0.6923,True,0.6923,False,False,0.3300
loftr,face,Multi-PIE_impostor_110,181,230,304,304,304,41,0.1349,False,0.1284,False,True,2.4801
orb-fingervein,face,Multi-PIE_impostor_110,181,230,3892,3944,28,0,,False,,False,True,
sift-fingervein,face,Multi-PIE_impostor_110,181,230,973,735,25,0,,False,,False,True,
superglue-fingervein,face,Multi-PIE_impostor_110,181,230,769,912,264,31,0.1174,False,0.1126,False,True,2.3329
sgmnet-fingervein,face,Multi-PIE_impostor_110,181,230,2000,2000,125,7,0.0560,False,0.0537,False,True,0.4649
aspanformer,face,Multi-PIE_impostor_110,181,230,166,166,166,56,0.3373,False,0.3260,False,True,2.1862
deepdetect,face,Multi-PIE_impostor_110,181,230,20856,23000,22,15,0.6818,True,0.6818,False,False,1.4189
loftr,face,Multi-PIE_impostor_111,007,095,395,395,395,86,0.2177,False,0.2108,False,True,2.1450
orb-fingervein,face,Multi-PIE_impostor_111,007,095,3709,4994,56,0,,False,,False,True,
sift-fingervein,face,Multi-PIE_impostor_111,007,095,719,1253,12,4,0.3333,False,0.3055,False,True,0.0000
superglue-fingervein,face,Multi-PIE_impostor_111,007,095,788,1123,348,62,0.1782,True,0.1654,False,False,2.9909
sgmnet-fingervein,face,Multi-PIE_impostor_111,007,095,1812,2000,280,13,0.0464,False,0.0461,False,True,1.4000
aspanformer,face,Multi-PIE_impostor_111,007,095,317,317,317,87,0.2744,False,0.2631,False,True,2.3464
deepdetect,face,Multi-PIE_impostor_111,007,095,12744,23218,24,19,0.7917,True,0.7917,False,False,1.3664
loftr,face,Multi-PIE_impostor_112,049,155,266,266,266,65,0.2444,False,0.2307,False,True,2.6518
orb-fingervein,face,Multi-PIE_impostor_112,049,155,1687,1501,24,0,,False,,False,True,
sift-fingervein,face,Multi-PIE_impostor_112,049,155,258,237,18,0,,False,,False,True,
superglue-fingervein,face,Multi-PIE_impostor_112,049,155,442,422,176,41,0.2330,True,0.2194,False,False,2.6985
sgmnet-fingervein,face,Multi-PIE_impostor_112,049,155,2000,2000,243,10,0.0412,False,0.0404,False,True,0.9477
aspanformer,face,Multi-PIE_impostor_112,049,155,48,48,48,32,0.6667,True,0.6667,False,False,1.2801
deepdetect,face,Multi-PIE_impostor_112,049,155,4850,3989,3,0,,False,,False,True,
loftr,face,Multi-PIE_impostor_113,125,078,654,654,654,156,0.2385,False,0.2229,False,True,2.8541
orb-fingervein,face,Multi-PIE_impostor_113,125,078,4213,4819,40,9,0.2250,False,0.2196,False,True,1.2717
sift-fingervein,face,Multi-PIE_impostor_113,125,078,885,1067,31,0,,False,,False,True,
superglue-fingervein,face,Multi-PIE_impostor_113,125,078,964,982,413,100,0.2421,True,0.2241,False,False,3.0445
sgmnet-fingervein,face,Multi-PIE_impostor_113,125,078,2000,2000,469,29,0.0618,False,0.0614,False,True,1.6366
aspanformer,face,Multi-PIE_impostor_113,125,078,597,597,597,206,0.3451,False,0.3332,False,True,2.2024
deepdetect,face,Multi-PIE_impostor_113,125,078,19687,27155,17,10,0.5882,True,0.5882,False,False,1.0786
loftr,face,Multi-PIE_impostor_114,169,122,370,370,370,91,0.2459,False,0.2333,False,True,2.5572
orb-fingervein,face,Multi-PIE_impostor_114,169,122,2860,3210,28,0,,False,,False,True,
sift-fingervein,face,Multi-PIE_impostor_114,169,122,414,400,14,5,0.3571,False,0.3329,False,True,1.2022
superglue-fingervein,face,Multi-PIE_impostor_114,169,122,528,559,207,62,0.2995,True,0.2819,False,False,2.7158
sgmnet-fingervein,face,Multi-PIE_impostor_114,169,122,2000,2000,221,10,0.0452,False,0.0444,False,True,0.9439
aspanformer,face,Multi-PIE_impostor_114,169,122,97,97,97,52,0.5361,True,0.5236,False,False,1.9723
deepdetect,face,Multi-PIE_impostor_114,169,122,8684,8828,10,10,1.0000,True,1.0000,False,False,1.1858
loftr,face,Multi-PIE_impostor_115,232,218,361,361,361,87,0.2410,False,0.2284,False,True,2.5744
orb-fingervein,face,Multi-PIE_impostor_115,232,218,3945,3272,36,0,,False,,False,True,
sift-fingervein,face,Multi-PIE_impostor_115,232,218,801,626,17,0,,False,,False,True,
superglue-fingervein,face,Multi-PIE_impostor_115,232,218,836,706,310,73,0.2355,True,0.2166,False,False,3.1709
sgmnet-fingervein,face,Multi-PIE_impostor_115,232,218,2000,2000,507,14,0.0276,False,0.0275,False,True,1.3247
aspanformer,face,Multi-PIE_impostor_115,232,218,272,272,272,111,0.4081,False,0.3869,False,True,2.5665
deepdetect,face,Multi-PIE_impostor_115,232,218,12372,15697,14,7,0.5000,True,0.5000,False,False,2.1435
loftr,face,Multi-PIE_impostor_116,055,074,324,324,324,100,0.3086,False,0.2940,False,True,2.4717
orb-fingervein,face,Multi-PIE_impostor_116,055,074,2496,2336,62,27,0.4355,False,0.4242,False,True,2.0251
sift-fingervein,face,Multi-PIE_impostor_116,055,074,375,411,16,0,,False,,False,True,
superglue-fingervein,face,Multi-PIE_impostor_116,055,074,488,525,179,51,0.2849,True,0.2652,False,False,2.9344
sgmnet-fingervein,face,Multi-PIE_impostor_116,055,074,2000,2000,206,22,0.1068,False,0.1062,False,True,1.6139
aspanformer,face,Multi-PIE_impostor_116,055,074,140,140,140,81,0.5786,True,0.5751,False,False,1.6191
deepdetect,face,Multi-PIE_impostor_116,055,074,5717,5309,18,15,0.8333,True,0.8333,False,False,1.2940
loftr,face,Multi-PIE_impostor_117,089,132,133,133,133,19,0.1429,False,0.1386,False,True,2.0886
orb-fingervein,face,Multi-PIE_impostor_117,089,132,3092,4712,33,0,,False,,False,True,
sift-fingervein,face,Multi-PIE_impostor_117,089,132,599,1334,20,0,,False,,False,True,
superglue-fingervein,face,Multi-PIE_impostor_117,089,132,737,1150,346,39,0.1127,False,0.1058,False,True,2.7629
sgmnet-fingervein,face,Multi-PIE_impostor_117,089,132,2000,2000,116,7,0.0603,False,0.0578,False,True,0.8690
aspanformer,face,Multi-PIE_impostor_117,089,132,86,86,86,28,0.3256,False,0.3179,False,True,1.9741
deepdetect,face,Multi-PIE_impostor_117,089,132,16240,20949,43,33,0.7674,True,0.7674,False,False,1.6861
loftr,face,Multi-PIE_impostor_118,240,103,310,310,310,71,0.2290,False,0.2179,False,True,2.4965
orb-fingervein,face,Multi-PIE_impostor_118,240,103,3902,4954,30,7,0.2333,False,0.2236,False,True,0.3843
sift-fingervein,face,Multi-PIE_impostor_118,240,103,870,1470,22,5,0.2273,False,0.2119,False,True,0.1260
superglue-fingervein,face,Multi-PIE_impostor_118,240,103,917,1236,337,57,0.1691,True,0.1561,False,False,3.1016
sgmnet-fingervein,face,Multi-PIE_impostor_118,240,103,2000,2000,254,12,0.0472,False,0.0468,False,True,1.1102
aspanformer,face,Multi-PIE_impostor_118,240,103,210,210,210,92,0.4381,True,0.4231,False,False,2.1966
deepdetect,face,Multi-PIE_impostor_118,240,103,14487,24247,24,14,0.5833,True,0.5833,False,False,1.0618
loftr,face,Multi-PIE_impostor_119,127,068,223,223,223,39,0.1749,False,0.1658,False,True,2.5681
orb-fingervein,face,Multi-PIE_impostor_119,127,068,3952,3965,35,0,,False,,False,True,
sift-fingervein,face,Multi-PIE_impostor_119,127,068,727,761,20,0,,False,,False,True,
superglue-fingervein,face,Multi-PIE_impostor_119,127,068,841,910,258,38,0.1473,False,0.1361,False,True,3.0832
sgmnet-fingervein,face,Multi-PIE_impostor_119,127,068,1934,2000,154,7,0.0455,False,0.0436,False,True,0.6022
aspanformer,face,Multi-PIE_impostor_119,127,068,40,40,40,21,0.5250,True,0.5031,False,False,2.3412
deepdetect,face,Multi-PIE_impostor_119,127,068,15791,17272,15,7,0.4667,True,0.4667,False,False,0.2792
loftr,face,Multi-PIE_impostor_120,007,031,300,300,300,76,0.2533,False,0.2476,False,True,1.9543
orb-fingervein,face,Multi-PIE_impostor_120,007,031,3052,2783,58,17,0.2931,False,0.2813,False,True,2.2823
sift-fingervein,face,Multi-PIE_impostor_120,007,031,429,422,23,0,,False,,False,True,
superglue-fingervein,face,Multi-PIE_impostor_120,007,031,474,520,206,51,0.2476,True,0.2308,False,False,2.9005
sgmnet-fingervein,face,Multi-PIE_impostor_120,007,031,2000,2000,276,19,0.0688,False,0.0687,False,True,1.5153
aspanformer,face,Multi-PIE_impostor_120,007,031,352,352,352,143,0.4062,False,0.3965,False,True,1.9838
deepdetect,face,Multi-PIE_impostor_120,007,031,9955,10890,18,13,0.7222,True,0.7222,False,False,1.2711
loftr,face,Multi-PIE_impostor_121,057,167,211,211,211,27,0.1280,False,0.1203,False,True,2.7336
orb-fingervein,face,Multi-PIE_impostor_121,057,167,3404,3813,41,0,,False,,False,True,
sift-fingervein,face,Multi-PIE_impostor_121,057,167,479,578,19,0,,False,,False,True,
superglue-fingervein,face,Multi-PIE_impostor_121,057,167,580,629,209,39,0.1866,True,0.1761,False,False,2.6624
sgmnet-fingervein,face,Multi-PIE_impostor_121,057,167,2000,2000,174,9,0.0517,False,0.0505,False,True,0.9105
aspanformer,face,Multi-PIE_impostor_121,057,167,53,53,53,40,0.7547,True,0.7379,False,False,1.9520
deepdetect,face,Multi-PIE_impostor_121,057,167,12792,17114,11,8,0.7273,True,0.7273,False,False,0.8543
loftr,face,Multi-PIE_impostor_122,238,198,110,110,110,37,0.3364,False,0.3206,False,True,2.4608
orb-fingervein,face,Multi-PIE_impostor_122,238,198,2832,3604,26,0,,False,,False,True,
sift-fingervein,face,Multi-PIE_impostor_122,238,198,520,723,23,0,,False,,False,True,
superglue-fingervein,face,Multi-PIE_impostor_122,238,198,663,859,180,35,0.1944,True,0.1847,False,False,2.5245
sgmnet-fingervein,face,Multi-PIE_impostor_122,238,198,2000,2000,125,7,0.0560,False,0.0537,False,True,0.3638
aspanformer,face,Multi-PIE_impostor_122,238,198,117,117,117,61,0.5214,True,0.5035,False,False,2.1973
deepdetect,face,Multi-PIE_impostor_122,238,198,15332,25504,8,0,,False,,False,True,
loftr,face,Multi-PIE_impostor_123,090,142,189,189,189,22,0.1164,False,0.1116,False,True,2.3315
orb-fingervein,face,Multi-PIE_impostor_123,090,142,3901,3385,36,0,,False,,False,True,
sift-fingervein,face,Multi-PIE_impostor_123,090,142,748,475,17,5,0.2941,False,0.2742,False,True,1.4141
superglue-fingervein,face,Multi-PIE_impostor_123,090,142,700,562,174,25,0.1437,False,0.1372,False,True,2.4247
sgmnet-fingervein,face,Multi-PIE_impostor_123,090,142,2000,2000,137,11,0.0803,False,0.0792,False,True,0.9353
aspanformer,face,Multi-PIE_impostor_123,090,142,90,90,90,52,0.5778,True,0.5640,False,False,1.9819
deepdetect,face,Multi-PIE_impostor_123,090,142,12803,12551,6,0,,False,,False,True,
loftr,face,Multi-PIE_impostor_124,100,124,180,180,180,54,0.3000,False,0.2912,False,True,2.0971
orb-fingervein,face,Multi-PIE_impostor_124,100,124,3630,2921,50,10,0.2000,False,0.1965,False,True,1.2923
sift-fingervein,face,Multi-PIE_impostor_124,100,124,519,404,17,0,,False,,False,True,
superglue-fingervein,face,Multi-PIE_impostor_124,100,124,563,454,158,25,0.1582,True,0.1532,False,False,2.1477
sgmnet-fingervein,face,Multi-PIE_impostor_124,100,124,2000,2000,243,15,0.0617,False,0.0615,False,True,1.2795
aspanformer,face,Multi-PIE_impostor_124,100,124,4,4,4,0,,False,,False,True,
deepdetect,face,Multi-PIE_impostor_124,100,124,11545,7879,28,20,0.7143,True,0.7143,False,False,1.0402
loftr,face,Multi-PIE_impostor_125,077,174,168,168,168,39,0.2321,False,0.2240,False,True,2.2125
orb-fingervein,face,Multi-PIE_impostor_125,077,174,4609,4650,48,11,0.2292,False,0.2246,False,True,1.6383
sift-fingervein,face,Multi-PIE_impostor_125,077,174,966,1115,22,0,,False,,False,True,
superglue-fingervein,face,Multi-PIE_impostor_125,077,174,897,898,274,71,0.2591,True,0.2415,False,False,2.9117
sgmnet-fingervein,face,Multi-PIE_impostor_125,077,174,2000,1976,263,16,0.0608,False,0.0607,False,True,1.3117
aspanformer,face,Multi-PIE_impostor_125,077,174,221,221,221,96,0.4344,True,0.4167,False,False,2.3327
deepdetect,face,Multi-PIE_impostor_125,077,174,12315,17051,11,4,0.3636,True,0.3636,False,False,0.0000
loftr,face,Multi-PIE_impostor_126,127,032,317,317,317,74,0.2334,False,0.2268,False,True,2.0786
orb-fingervein,face,Multi-PIE_impostor_126,127,032,4250,3378,41,9,0.2195,False,0.2143,False,True,0.9480
sift-fingervein,face,Multi-PIE_impostor_126,127,032,1018,714,23,0,,False,,False,True,
superglue-fingervein,face,Multi-PIE_impostor_126,127,032,871,790,299,58,0.1940,True,0.1800,False,False,2.9918
sgmnet-fingervein,face,Multi-PIE_impostor_126,127,032,2000,2000,162,0,,False,,False,True,
aspanformer,face,Multi-PIE_impostor_126,127,032,166,166,166,87,0.5241,True,0.4998,False,False,2.4509
deepdetect,face,Multi-PIE_impostor_126,127,032,18619,13267,30,14,0.4667,True,0.4667,False,False,2.3716
loftr,face,Multi-PIE_impostor_127,005,230,381,381,381,71,0.1864,False,0.1791,False,True,2.2917
orb-fingervein,face,Multi-PIE_impostor_127,005,230,4124,4270,49,0,,False,,False,True,
sift-fingervein,face,Multi-PIE_impostor_127,005,230,780,923,15,0,,False,,False,True,
superglue-fingervein,face,Multi-PIE_impostor_127,005,230,768,914,304,50,0.1645,True,0.1555,False,False,2.6237
sgmnet-fingervein,face,Multi-PIE_impostor_127,005,230,2000,2000,225,9,0.0400,False,0.0390,False,True,0.6474
aspanformer,face,Multi-PIE_impostor_127,005,230,143,143,143,46,0.3217,False,0.3088,False,True,2.3141
deepdetect,face,Multi-PIE_impostor_127,005,230,13885,15524,5,0,,False,,False,True,
loftr,face,Multi-PIE_impostor_128,062,147,303,303,303,55,0.1815,False,0.1713,False,True,2.6594
orb-fingervein,face,Multi-PIE_impostor_128,062,147,3304,2931,44,15,0.3409,False,0.3318,False,True,1.9716
sift-fingervein,face,Multi-PIE_impostor_128,062,147,432,331,18,5,0.2778,False,0.2589,False,True,0.4361
superglue-fingervein,face,Multi-PIE_impostor_128,062,147,523,497,166,20,0.1205,False,0.1167,False,True,2.1177
sgmnet-fingervein,face,Multi-PIE_impostor_128,062,147,2000,2000,309,13,0.0421,False,0.0418,False,True,1.1492
aspanformer,face,Multi-PIE_impostor_128,062,147,61,61,61,24,0.3934,False,0.3846,False,True,1.9525
deepdetect,face,Multi-PIE_impostor_128,062,147,7820,8067,36,24,0.6667,True,0.6667,False,False,2.4574
loftr,face,Multi-PIE_impostor_129,115,041,59,59,59,18,0.3051,False,0.2910,False,True,2.4172
orb-fingervein,face,Multi-PIE_impostor_129,115,041,4123,3647,54,0,,False,,False,True,
sift-fingervein,face,Multi-PIE_impostor_129,115,041,758,568,19,0,,False,,False,True,
superglue-fingervein,face,Multi-PIE_impostor_129,115,041,653,714,119,35,0.2941,True,0.2747,False,False,2.8665
sgmnet-fingervein,face,Multi-PIE_impostor_129,115,041,2000,2000,96,7,0.0729,False,0.0699,False,True,0.7568
aspanformer,face,Multi-PIE_impostor_129,115,041,44,44,44,26,0.5909,True,0.5758,False,False,2.0175
deepdetect,face,Multi-PIE_impostor_129,115,041,18631,12045,27,0,,False,,False,True,
loftr,face,Multi-PIE_impostor_130,159,068,104,104,104,29,0.2788,False,0.2676,False,True,2.3242
orb-fingervein,face,Multi-PIE_impostor_130,159,068,616,647,18,0,,False,,False,True,
sift-fingervein,face,Multi-PIE_impostor_130,159,068,135,179,3,0,,False,,False,True,
superglue-fingervein,face,Multi-PIE_impostor_130,159,068,414,408,96,19,0.1979,True,0.1875,False,False,2.5641
sgmnet-fingervein,face,Multi-PIE_impostor_130,159,068,2000,2000,152,7,0.0461,False,0.0441,False,True,0.7365
aspanformer,face,Multi-PIE_impostor_130,159,068,5,5,5,5,1.0000,True,0.9322,False,False,0.6343
deepdetect,face,Multi-PIE_impostor_130,159,068,5125,4373,14,0,,False,,False,True,
loftr,face,Multi-PIE_impostor_131,005,011,355,355,355,62,0.1746,False,0.1681,False,True,2.2602
orb-fingervein,face,Multi-PIE_impostor_131,005,011,3830,3206,38,12,0.3158,False,0.3128,False,True,1.1636
sift-fingervein,face,Multi-PIE_impostor_131,005,011,689,533,23,0,,False,,False,True,
superglue-fingervein,face,Multi-PIE_impostor_131,005,011,734,679,261,39,0.1494,False,0.1417,False,True,2.5634
sgmnet-fingervein,face,Multi-PIE_impostor_131,005,011,2000,2000,308,12,0.0390,False,0.0386,False,True,1.3860
aspanformer,face,Multi-PIE_impostor_131,005,011,124,124,124,46,0.3710,False,0.3494,False,True,2.6990
deepdetect,face,Multi-PIE_impostor_131,005,011,18420,19111,44,34,0.7727,True,0.7727,False,False,1.2710
loftr,face,Multi-PIE_impostor_132,130,015,317,317,317,74,0.2334,False,0.2221,False,True,2.4921
orb-fingervein,face,Multi-PIE_impostor_132,130,015,733,1310,16,0,,False,,False,True,
sift-fingervein,face,Multi-PIE_impostor_132,130,015,155,285,7,0,,False,,False,True,
superglue-fingervein,face,Multi-PIE_impostor_132,130,015,393,454,115,28,0.2435,True,0.2345,False,False,2.2523
sgmnet-fingervein,face,Multi-PIE_impostor_132,130,015,2000,2000,188,10,0.0532,False,0.0523,False,True,1.2328
aspanformer,face,Multi-PIE_impostor_132,130,015,60,60,60,36,0.6000,True,0.5832,False,False,2.0664
deepdetect,face,Multi-PIE_impostor_132,130,015,5530,6753,0,0,,False,,False,True,
loftr,face,Multi-PIE_impostor_133,047,069,336,336,336,73,0.2173,False,0.2060,False,True,2.5599
orb-fingervein,face,Multi-PIE_impostor_133,047,069,2925,3444,45,10,0.2222,False,0.2144,False,True,1.8630
sift-fingervein,face,Multi-PIE_impostor_133,047,069,520,556,8,4,0.5000,True,0.4583,False,False,0.0000
superglue-fingervein,face,Multi-PIE_impostor_133,047,069,608,620,200,48,0.2400,True,0.2252,False,False,2.7743
sgmnet-fingervein,face,Multi-PIE_impostor_133,047,069,2000,2000,99,7,0.0707,False,0.0678,False,True,0.4960
aspanformer,face,Multi-PIE_impostor_133,047,069,130,130,130,51,0.3923,False,0.3706,False,True,2.6404
deepdetect,face,Multi-PIE_impostor_133,047,069,8305,11886,17,14,0.8235,True,0.8235,False,False,1.7761
loftr,face,Multi-PIE_impostor_134,106,194,385,385,385,73,0.1896,False,0.1807,False,True,2.4593
orb-fingervein,face,Multi-PIE_impostor_134,106,194,4213,3600,46,12,0.2609,False,0.2584,False,True,1.3089
sift-fingervein,face,Multi-PIE_impostor_134,106,194,784,744,18,6,0.3333,False,0.3154,False,True,0.3193
superglue-fingervein,face,Multi-PIE_impostor_134,106,194,767,675,309,57,0.1845,True,0.1697,False,False,3.1689
sgmnet-fingervein,face,Multi-PIE_impostor_134,106,194,2000,2000,192,12,0.0625,False,0.0616,False,True,1.6123
aspanformer,face,Multi-PIE_impostor_134,106,194,418,418,418,126,0.3014,False,0.2842,False,True,2.6756
deepdetect,face,Multi-PIE_impostor_134,106,194,16107,11801,58,48,0.8276,True,0.8276,False,False,0.7621
loftr,face,Multi-PIE_impostor_135,031,182,470,470,470,82,0.1745,False,0.1646,False,True,2.6654
orb-fingervein,face,Multi-PIE_impostor_135,031,182,2532,1411,55,14,0.2545,False,0.2484,False,True,1.8894
sift-fingervein,face,Multi-PIE_impostor_135,031,182,379,246,19,0,,False,,False,True,
superglue-fingervein,face,Multi-PIE_impostor_135,031,182,390,412,148,30,0.2027,True,0.1925,False,False,2.5308
sgmnet-fingervein,face,Multi-PIE_impostor_135,031,182,2000,2000,223,10,0.0448,False,0.0441,False,True,1.3705
aspanformer,face,Multi-PIE_impostor_135,031,182,218,218,218,68,0.3119,False,0.2945,False,True,2.6519
deepdetect,face,Multi-PIE_impostor_135,031,182,7895,7195,28,18,0.6429,True,0.6429,False,False,1.0227
loftr,face,Multi-PIE_impostor_136,136,160,327,327,327,77,0.2355,False,0.2259,False,True,2.3324
orb-fingervein,face,Multi-PIE_impostor_136,136,160,3953,3449,47,0,,False,,False,True,
sift-fingervein,face,Multi-PIE_impostor_136,136,160,786,743,26,5,0.1923,False,0.1793,False,True,0.8144
superglue-fingervein,face,Multi-PIE_impostor_136,136,160,774,725,286,57,0.1993,True,0.1857,False,False,2.9169
sgmnet-fingervein,face,Multi-PIE_impostor_136,136,160,2000,1995,218,11,0.0505,False,0.0498,False,True,1.3096
aspanformer,face,Multi-PIE_impostor_136,136,160,145,145,145,79,0.5448,True,0.5294,False,False,2.0752
deepdetect,face,Multi-PIE_impostor_136,136,160,21957,14714,37,30,0.8108,True,0.8108,False,False,0.9657
loftr,face,Multi-PIE_impostor_137,078,109,550,550,550,157,0.2855,False,0.2687,False,True,2.7124
orb-fingervein,face,Multi-PIE_impostor_137,078,109,4357,3936,45,19,0.4222,False,0.4218,False,True,1.3389
sift-fingervein,face,Multi-PIE_impostor_137,078,109,744,669,28,7,0.2500,False,0.2396,False,True,0.1705
superglue-fingervein,face,Multi-PIE_impostor_137,078,109,719,647,293,69,0.2355,True,0.2198,False,False,2.8821
sgmnet-fingervein,face,Multi-PIE_impostor_137,078,109,2000,2000,337,13,0.0386,False,0.0383,False,True,1.4520
aspanformer,face,Multi-PIE_impostor_137,078,109,257,257,257,135,0.5253,True,0.5059,False,False,2.2521
deepdetect,face,Multi-PIE_impostor_137,078,109,14309,14579,12,7,0.5833,True,0.5833,False,False,1.5647
loftr,face,Multi-PIE_impostor_138,014,115,173,173,173,48,0.2775,False,0.2671,False,True,2.2585
orb-fingervein,face,Multi-PIE_impostor_138,014,115,3755,4260,60,0,,False,,False,True,
sift-fingervein,face,Multi-PIE_impostor_138,014,115,643,1182,17,0,,False,,False,True,
superglue-fingervein,face,Multi-PIE_impostor_138,014,115,787,1017,127,34,0.2677,True,0.2499,False,False,2.8772
sgmnet-fingervein,face,Multi-PIE_impostor_138,014,115,2000,2000,131,11,0.0840,False,0.0829,False,True,0.9077
aspanformer,face,Multi-PIE_impostor_138,014,115,72,72,72,37,0.5139,True,0.5003,False,False,2.0355
deepdetect,face,Multi-PIE_impostor_138,014,115,13172,16733,14,0,,False,,False,True,
loftr,face,Multi-PIE_impostor_139,205,249,356,356,356,87,0.2444,False,0.2377,False,True,2.0528
orb-fingervein,face,Multi-PIE_impostor_139,205,249,1735,1048,25,0,,False,,False,True,
sift-fingervein,face,Multi-PIE_impostor_139,205,249,435,235,12,0,,False,,False,True,
superglue-fingervein,face,Multi-PIE_impostor_139,205,249,727,557,248,54,0.2177,True,0.2049,False,False,2.7167
sgmnet-fingervein,face,Multi-PIE_impostor_139,205,249,2000,2000,220,12,0.0545,False,0.0540,False,True,1.2518
aspanformer,face,Multi-PIE_impostor_139,205,249,108,108,108,62,0.5741,True,0.5558,False,False,2.1472
deepdetect,face,Multi-PIE_impostor_139,205,249,6987,6615,5,0,,False,,False,True,
loftr,face,Multi-PIE_impostor_140,099,012,518,518,518,149,0.2876,False,0.2774,False,True,2.2243
orb-fingervein,face,Multi-PIE_impostor_140,099,012,3491,3650,55,22,0.4000,False,0.3938,False,True,1.8050
sift-fingervein,face,Multi-PIE_impostor_140,099,012,678,681,17,7,0.4118,False,0.3946,False,True,1.0695
superglue-fingervein,face,Multi-PIE_impostor_140,099,012,742,713,318,77,0.2421,True,0.2299,False,False,2.5344
sgmnet-fingervein,face,Multi-PIE_impostor_140,099,012,2000,2000,339,19,0.0560,False,0.0559,False,True,1.5340
aspanformer,face,Multi-PIE_impostor_140,099,012,449,449,449,219,0.4878,True,0.4718,False,False,2.1661
deepdetect,face,Multi-PIE_impostor_140,099,012,17769,18284,75,56,0.7467,True,0.7467,False,False,1.0615
loftr,face,Multi-PIE_impostor_141,007,211,409,409,409,116,0.2836,False,0.2699,False,True,2.4910
orb-fingervein,face,Multi-PIE_impostor_141,007,211,2172,3540,31,0,,False,,False,True,
sift-fingervein,face,Multi-PIE_impostor_141,007,211,452,747,16,6,0.3750,False,0.3548,False,True,1.0978
superglue-fingervein,face,Multi-PIE_impostor_141,007,211,567,790,334,81,0.2425,True,0.2262,False,False,2.8910
sgmnet-fingervein,face,Multi-PIE_impostor_141,007,211,2000,2000,319,20,0.0627,False,0.0621,False,True,1.6677
aspanformer,face,Multi-PIE_impostor_141,007,211,320,320,320,150,0.4688,True,0.4513,False,False,2.2599
deepdetect,face,Multi-PIE_impostor_141,007,211,8378,13134,15,12,0.8000,True,0.8000,False,False,1.1063
loftr,face,Multi-PIE_impostor_142,182,017,679,679,679,228,0.3358,False,0.3183,False,True,2.5690
orb-fingervein,face,Multi-PIE_impostor_142,182,017,3108,3145,94,42,0.4468,False,0.4420,False,True,1.7151
sift-fingervein,face,Multi-PIE_impostor_142,182,017,591,618,46,14,0.3043,False,0.2944,False,True,2.0651
superglue-fingervein,face,Multi-PIE_impostor_142,182,017,804,669,318,95,0.2987,True,0.2797,False,False,2.8194
sgmnet-fingervein,face,Multi-PIE_impostor_142,182,017,2000,2000,665,54,0.0812,False,0.0806,False,True,1.6446
aspanformer,face,Multi-PIE_impostor_142,182,017,501,501,501,251,0.5010,True,0.4785,False,False,2.4195
deepdetect,face,Multi-PIE_impostor_142,182,017,14936,17335,19,0,,False,,False,True,
loftr,face,Multi-PIE_impostor_143,180,192,403,403,403,103,0.2556,False,0.2388,False,True,2.8548
orb-fingervein,face,Multi-PIE_impostor_143,180,192,3693,3785,41,8,0.1951,False,0.1889,False,True,0.2085
sift-fingervein,face,Multi-PIE_impostor_143,180,192,635,725,17,0,,False,,False,True,
superglue-fingervein,face,Multi-PIE_impostor_143,180,192,756,803,332,113,0.3404,True,0.3166,False,False,2.9477
sgmnet-fingervein,face,Multi-PIE_impostor_143,180,192,2000,2000,151,11,0.0728,False,0.0719,False,True,1.0597
aspanformer,face,Multi-PIE_impostor_143,180,192,124,124,124,54,0.4355,True,0.4241,False,False,2.0313
deepdetect,face,Multi-PIE_impostor_143,180,192,15254,17620,20,15,0.7500,True,0.7500,False,False,0.3279
loftr,face,Multi-PIE_impostor_144,240,195,67,67,67,22,0.3284,False,0.3246,False,True,1.7223
orb-fingervein,face,Multi-PIE_impostor_144,240,195,1040,779,13,7,0.5385,True,0.5138,False,False,1.5867
sift-fingervein,face,Multi-PIE_impostor_144,240,195,197,137,5,0,,False,,False,True,
superglue-fingervein,face,Multi-PIE_impostor_144,240,195,387,220,61,16,0.2623,True,0.2509,False,False,2.3369
sgmnet-fingervein,face,Multi-PIE_impostor_144,240,195,2000,2000,72,7,0.0972,False,0.0932,False,True,0.4719
aspanformer,face,Multi-PIE_impostor_144,240,195,63,63,63,31,0.4921,True,0.4725,False,False,2.3126
deepdetect,face,Multi-PIE_impostor_144,240,195,6814,4984,12,0,,False,,False,True,
loftr,face,Multi-PIE_impostor_145,237,104,121,121,121,30,0.2479,False,0.2409,False,True,2.0731
orb-fingervein,face,Multi-PIE_impostor_145,237,104,2595,3398,49,0,,False,,False,True,
sift-fingervein,face,Multi-PIE_impostor_145,237,104,912,796,31,0,,False,,False,True,
superglue-fingervein,face,Multi-PIE_impostor_145,237,104,684,806,131,27,0.2061,True,0.1942,False,False,2.6875
sgmnet-fingervein,face,Multi-PIE_impostor_145,237,104,2000,2000,158,10,0.0633,False,0.0622,False,True,0.9376
aspanformer,face,Multi-PIE_impostor_145,237,104,59,59,59,39,0.6610,True,0.6436,False,False,2.0350
deepdetect,face,Multi-PIE_impostor_145,237,104,19153,12148,76,0,,False,,False,True,
loftr,face,Multi-PIE_impostor_146,047,149,202,202,202,47,0.2327,False,0.2207,False,True,2.5577
orb-fingervein,face,Multi-PIE_impostor_146,047,149,3355,3035,42,0,,False,,False,True,
sift-fingervein,face,Multi-PIE_impostor_146,047,149,466,353,18,5,0.2778,False,0.2589,False,True,0.4329
superglue-fingervein,face,Multi-PIE_impostor_146,047,149,468,471,187,51,0.2727,True,0.2540,False,False,2.9201
sgmnet-fingervein,face,Multi-PIE_impostor_146,047,149,2000,2000,266,16,0.0602,False,0.0597,False,True,1.6123
aspanformer,face,Multi-PIE_impostor_146,047,149,224,224,224,100,0.4464,True,0.4291,False,False,2.2899
deepdetect,face,Multi-PIE_impostor_146,047,149,7705,7032,20,16,0.8000,True,0.8000,False,False,1.4032
loftr,face,Multi-PIE_impostor_147,154,093,367,367,367,86,0.2343,False,0.2232,False,True,2.4697
orb-fingervein,face,Multi-PIE_impostor_147,154,093,1946,3386,31,0,,False,,False,True,
sift-fingervein,face,Multi-PIE_impostor_147,154,093,364,666,10,0,,False,,False,True,
superglue-fingervein,face,Multi-PIE_impostor_147,154,093,607,703,241,51,0.2116,True,0.1982,False,False,2.8056
sgmnet-fingervein,face,Multi-PIE_impostor_147,154,093,2000,2000,247,14,0.0567,False,0.0562,False,True,1.5674
aspanformer,face,Multi-PIE_impostor_147,154,093,46,46,46,29,0.6304,True,0.6184,False,False,1.8854
deepdetect,face,Multi-PIE_impostor_147,154,093,10865,12254,29,0,,False,,False,True,
loftr,face,Multi-PIE_impostor_148,168,241,246,246,246,75,0.3049,False,0.2969,False,True,2.0302
orb-fingervein,face,Multi-PIE_impostor_148,168,241,3838,3264,56,0,,False,,False,True,
sift-fingervein,face,Multi-PIE_impostor_148,168,241,578,494,22,0,,False,,False,True,
superglue-fingervein,face,Multi-PIE_impostor_148,168,241,641,577,249,78,0.3133,True,0.2904,False,False,3.0161
sgmnet-fingervein,face,Multi-PIE_impostor_148,168,241,2000,2000,204,8,0.0392,False,0.0380,False,True,0.8049
aspanformer,face,Multi-PIE_impostor_148,168,241,244,244,244,152,0.6230,True,0.6070,False,False,2.0186
deepdetect,face,Multi-PIE_impostor_148,168,241,10348,8871,7,0,,False,,False,True,
loftr,face,Multi-PIE_impostor_149,135,026,372,372,372,83,0.2231,False,0.2124,False,True,2.4829
orb-fingervein,face,Multi-PIE_impostor_149,135,026,2527,3129,44,12,0.2727,False,0.2701,False,True,1.1316
sift-fingervein,face,Multi-PIE_impostor_149,135,026,350,438,14,5,0.3571,False,0.3329,False,True,0.5838
superglue-fingervein,face,Multi-PIE_impostor_149,135,026,519,511,195,43,0.2205,True,0.2047,False,False,2.9897
sgmnet-fingervein,face,Multi-PIE_impostor_149,135,026,2000,2000,342,18,0.0526,False,0.0520,False,True,1.7077
aspanformer,face,Multi-PIE_impostor_149,135,026,93,93,93,59,0.6344,True,0.6204,False,False,1.9473
deepdetect,face,Multi-PIE_impostor_149,135,026,9255,12734,13,7,0.5385,True,0.5385,False,False,1.1047
loftr,face,Multi-PIE_impostor_150,144,207,203,203,203,49,0.2414,False,0.2310,False,True,2.3800
orb-fingervein,face,Multi-PIE_impostor_150,144,207,238,1334,3,0,,False,,False,True,
sift-fingervein,face,Multi-PIE_impostor_150,144,207,71,245,1,0,,False,,False,True,
superglue-fingervein,face,Multi-PIE_impostor_150,144,207,502,345,10,0,,False,,False,True,
sgmnet-fingervein,face,Multi-PIE_impostor_150,144,207,2000,2000,87,7,0.0805,False,0.0771,False,True,1.0628
aspanformer,face,Multi-PIE_impostor_150,144,207,96,96,96,36,0.3750,False,0.3713,False,True,1.6984
deepdetect,face,Multi-PIE_impostor_150,144,207,12410,4260,38,0,,False,,False,True,
loftr,face,Multi-PIE_impostor_151,063,030,66,66,66,23,0.3485,False,0.3292,False,True,2.6358
orb-fingervein,face,Multi-PIE_impostor_151,063,030,457,1135,4,0,,False,,False,True,
sift-fingervein,face,Multi-PIE_impostor_151,063,030,157,247,7,0,,False,,False,True,
superglue-fingervein,face,Multi-PIE_impostor_151,063,030,394,461,131,31,0.2366,True,0.2236,False,False,2.6310
sgmnet-fingervein,face,Multi-PIE_impostor_151,063,030,2000,2000,92,6,0.0652,False,0.0617,False,True,0.5080
aspanformer,face,Multi-PIE_impostor_151,063,030,11,11,11,9,0.8182,True,0.7987,False,False,0.1802
deepdetect,face,Multi-PIE_impostor_151,063,030,4906,7400,10,0,,False,,False,True,
loftr,face,Multi-PIE_impostor_152,181,212,113,113,113,22,0.1947,False,0.1897,False,True,2.0103
orb-fingervein,face,Multi-PIE_impostor_152,181,212,2820,3058,38,8,0.2105,False,0.2015,False,True,1.7292
sift-fingervein,face,Multi-PIE_impostor_152,181,212,639,429,27,6,0.2222,False,0.2103,False,True,1.2067
superglue-fingervein,face,Multi-PIE_impostor_152,181,212,599,600,149,39,0.2617,True,0.2472,False,False,2.6471
sgmnet-fingervein,face,Multi-PIE_impostor_152,181,212,2000,2000,158,0,,False,,False,True,
aspanformer,face,Multi-PIE_impostor_152,181,212,44,44,44,21,0.4773,True,0.4668,False,False,1.9330
deepdetect,face,Multi-PIE_impostor_152,181,212,9174,10108,9,0,,False,,False,True,
loftr,face,Multi-PIE_impostor_153,094,212,208,208,208,52,0.2500,False,0.2336,False,True,2.8539
orb-fingervein,face,Multi-PIE_impostor_153,094,212,994,650,18,0,,False,,False,True,
sift-fingervein,face,Multi-PIE_impostor_153,094,212,238,145,9,0,,False,,False,True,
superglue-fingervein,face,Multi-PIE_impostor_153,094,212,414,285,121,21,0.1736,True,0.1651,False,False,2.4868
sgmnet-fingervein,face,Multi-PIE_impostor_153,094,212,2000,2000,185,9,0.0486,False,0.0475,False,True,0.8832
aspanformer,face,Multi-PIE_impostor_153,094,212,106,106,106,54,0.5094,True,0.4904,False,False,2.2602
deepdetect,face,Multi-PIE_impostor_153,094,212,5753,4093,6,0,,False,,False,True,
loftr,face,Multi-PIE_impostor_154,070,012,425,425,425,113,0.2659,False,0.2574,False,True,2.1503
orb-fingervein,face,Multi-PIE_impostor_154,070,012,3236,4046,57,24,0.4211,False,0.4167,False,True,1.7019
sift-fingervein,face,Multi-PIE_impostor_154,070,012,547,681,20,6,0.3000,False,0.2839,False,True,1.3119
superglue-fingervein,face,Multi-PIE_impostor_154,070,012,584,731,329,83,0.2523,True,0.2345,False,False,2.9576
sgmnet-fingervein,face,Multi-PIE_impostor_154,070,012,2000,2000,328,25,0.0762,False,0.0762,False,True,1.1137
aspanformer,face,Multi-PIE_impostor_154,070,012,310,310,310,162,0.5226,True,0.5024,False,False,2.2895
deepdetect,face,Multi-PIE_impostor_154,070,012,8972,13310,8,0,,False,,False,True,
loftr,face,Multi-PIE_impostor_155,030,115,318,318,318,104,0.3270,False,0.3134,False,True,2.3508
orb-fingervein,face,Multi-PIE_impostor_155,030,115,3319,4155,50,13,0.2600,False,0.2544,False,True,1.7947
sift-fingervein,face,Multi-PIE_impostor_155,030,115,635,1235,17,5,0.2941,False,0.2742,False,True,0.1185
superglue-fingervein,face,Multi-PIE_impostor_155,030,115,700,844,324,66,0.2037,True,0.1893,False,False,2.9626
sgmnet-fingervein,face,Multi-PIE_impostor_155,030,115,2000,2000,227,23,0.1013,False,0.1003,False,True,1.6984
aspanformer,face,Multi-PIE_impostor_155,030,115,312,312,312,134,0.4295,True,0.4098,False,False,2.4395
deepdetect,face,Multi-PIE_impostor_155,030,115,18362,26637,28,21,0.7500,True,0.7500,False,False,0.9479
loftr,face,Multi-PIE_impostor_156,139,068,195,195,195,31,0.1590,False,0.1543,False,True,2.0951
orb-fingervein,face,Multi-PIE_impostor_156,139,068,1517,1450,43,16,0.3721,False,0.1276,False,True,22.8575
sift-fingervein,face,Multi-PIE_impostor_156,139,068,381,382,15,0,,False,,False,True,
superglue-fingervein,face,Multi-PIE_impostor_156,139,068,533,503,7,5,0.7143,True,0.6658,False,False,0.3360
sgmnet-fingervein,face,Multi-PIE_impostor_156,139,068,2000,2000,99,7,0.0707,False,0.0678,False,True,0.5115
aspanformer,face,Multi-PIE_impostor_156,139,068,33,33,33,18,0.5455,True,0.5245,False,False,2.2550
deepdetect,face,Multi-PIE_impostor_156,139,068,7893,5814,11,7,0.6364,True,0.6364,False,False,0.1946
loftr,face,Multi-PIE_impostor_157,141,104,392,392,392,94,0.2398,False,0.2236,False,True,2.8947
orb-fingervein,face,Multi-PIE_impostor_157,141,104,3200,4300,53,15,0.2830,False,0.2820,False,True,1.4932
sift-fingervein,face,Multi-PIE_impostor_157,141,104,467,834,31,8,0.2581,False,0.2497,False,True,1.5166
superglue-fingervein,face,Multi-PIE_impostor_157,141,104,603,874,276,81,0.2935,True,0.2759,False,False,2.7341
sgmnet-fingervein,face,Multi-PIE_impostor_157,141,104,2000,2000,285,24,0.0842,False,0.0842,False,True,1.4397
aspanformer,face,Multi-PIE_impostor_157,141,104,180,180,180,88,0.4889,True,0.4705,False,False,2.2654
deepdetect,face,Multi-PIE_impostor_157,141,104,13996,18900,28,0,,False,,False,True,
loftr,face,Multi-PIE_impostor_158,189,044,348,348,348,83,0.2385,False,0.2284,False,True,2.3654
orb-fingervein,face,Multi-PIE_impostor_158,189,044,4235,4090,43,8,0.1860,False,0.1801,False,True,0.9299
sift-fingervein,face,Multi-PIE_impostor_158,189,044,925,955,23,0,,False,,False,True,
superglue-fingervein,face,Multi-PIE_impostor_158,189,044,869,628,236,48,0.2034,True,0.1891,False,False,2.9540
sgmnet-fingervein,face,Multi-PIE_impostor_158,189,044,2000,2000,422,27,0.0640,False,0.0633,False,True,1.7215
aspanformer,face,Multi-PIE_impostor_158,189,044,159,159,159,72,0.4528,True,0.4393,False,False,2.1055
deepdetect,face,Multi-PIE_impostor_158,189,044,12903,12320,12,6,0.5000,True,0.5000,False,False,0.2219
loftr,face,Multi-PIE_impostor_159,076,246,175,175,175,38,0.2171,False,0.2096,False,True,2.2074
orb-fingervein,face,Multi-PIE_impostor_159,076,246,990,1874,10,4,0.4000,False,0.3666,False,True,0.0000
sift-fingervein,face,Multi-PIE_impostor_159,076,246,233,478,4,0,,False,,False,True,
superglue-fingervein,face,Multi-PIE_impostor_159,076,246,341,576,164,41,0.2500,True,0.2378,False,False,2.5045
sgmnet-fingervein,face,Multi-PIE_impostor_159,076,246,2000,2000,139,9,0.0647,False,0.0632,False,True,1.4050
aspanformer,face,Multi-PIE_impostor_159,076,246,88,88,88,46,0.5227,True,0.5127,False,False,1.8873
deepdetect,face,Multi-PIE_impostor_159,076,246,4504,7524,6,0,,False,,False,True,
loftr,face,Multi-PIE_impostor_160,244,062,271,271,271,65,0.2399,False,0.2269,False,True,2.6072
orb-fingervein,face,Multi-PIE_impostor_160,244,062,2821,3334,42,0,,False,,False,True,
sift-fingervein,face,Multi-PIE_impostor_160,244,062,423,458,16,0,,False,,False,True,
superglue-fingervein,face,Multi-PIE_impostor_160,244,062,630,582,205,45,0.2195,True,0.2035,False,False,3.0122
sgmnet-fingervein,face,Multi-PIE_impostor_160,244,062,2000,2000,153,8,0.0523,False,0.0506,False,True,1.2236
aspanformer,face,Multi-PIE_impostor_160,244,062,72,72,72,35,0.4861,True,0.4691,False,False,2.2110
deepdetect,face,Multi-PIE_impostor_160,244,062,9850,11327,8,0,,False,,False,True,
loftr,face,Multi-PIE_impostor_161,096,189,114,114,114,26,0.2281,False,0.2244,False,True,1.8266
orb-fingervein,face,Multi-PIE_impostor_161,096,189,1987,3856,29,12,0.4138,False,0.4099,False,True,1.4248
sift-fingervein,face,Multi-PIE_impostor_161,096,189,349,1023,11,0,,False,,False,True,
superglue-fingervein,face,Multi-PIE_impostor_161,096,189,524,872,74,24,0.3243,True,0.3157,False,False,2.0326
sgmnet-fingervein,face,Multi-PIE_impostor_161,096,189,2000,2000,116,9,0.0776,False,0.0757,False,True,0.7659
aspanformer,face,Multi-PIE_impostor_161,096,189,84,84,84,37,0.4405,True,0.4405,False,False,1.2953
deepdetect,face,Multi-PIE_impostor_161,096,189,8782,12951,18,11,0.6111,True,0.6111,False,False,1.3171
loftr,face,Multi-PIE_impostor_162,095,058,404,404,404,87,0.2153,False,0.2028,False,True,2.7031
orb-fingervein,face,Multi-PIE_impostor_162,095,058,3835,3259,54,0,,False,,False,True,
sift-fingervein,face,Multi-PIE_impostor_162,095,058,742,564,23,0,,False,,False,True,
superglue-fingervein,face,Multi-PIE_impostor_162,095,058,785,612,260,79,0.3038,True,0.2896,False,False,2.4588
sgmnet-fingervein,face,Multi-PIE_impostor_162,095,058,2000,1808,174,12,0.0690,False,0.0683,False,True,1.3205
aspanformer,face,Multi-PIE_impostor_162,095,058,217,217,217,88,0.4055,False,0.3902,False,True,2.2725
deepdetect,face,Multi-PIE_impostor_162,095,058,17137,16795,3,0,,False,,False,True,
loftr,face,Multi-PIE_impostor_163,201,106,262,262,262,73,0.2786,False,0.2617,False,True,2.7554
orb-fingervein,face,Multi-PIE_impostor_163,201,106,2675,2826,46,13,0.2826,False,0.2807,False,True,1.2160
sift-fingervein,face,Multi-PIE_impostor_163,201,106,376,406,7,0,,False,,False,True,
superglue-fingervein,face,Multi-PIE_impostor_163,201,106,481,507,205,69,0.3366,True,0.3140,False,False,2.8877
sgmnet-fingervein,face,Multi-PIE_impostor_163,201,106,2000,2000,524,27,0.0515,False,0.0512,False,True,1.6286
aspanformer,face,Multi-PIE_impostor_163,201,106,201,201,201,121,0.6020,True,0.5683,False,False,2.6520
deepdetect,face,Multi-PIE_impostor_163,201,106,7501,7242,3,0,,False,,False,True,
loftr,face,Multi-PIE_impostor_164,020,086,160,160,160,23,0.1437,False,0.1351,False,True,2.7366
orb-fingervein,face,Multi-PIE_impostor_164,020,086,4094,4813,40,9,0.2250,False,0.2196,False,True,1.3406
sift-fingervein,face,Multi-PIE_impostor_164,020,086,884,1184,19,0,,False,,False,True,
superglue-fingervein,face,Multi-PIE_impostor_164,020,086,809,916,288,64,0.2222,True,0.2058,False,False,3.0332
sgmnet-fingervein,face,Multi-PIE_impostor_164,020,086,2000,1692,85,9,0.1059,False,0.1034,False,True,0.7790
aspanformer,face,Multi-PIE_impostor_164,020,086,165,165,165,83,0.5030,True,0.4806,False,False,2.4143
deepdetect,face,Multi-PIE_impostor_164,020,086,10411,16749,9,6,0.6667,True,0.6667,False,False,0.2790
loftr,face,Multi-PIE_impostor_165,093,155,314,314,314,63,0.2006,False,0.1910,False,True,2.4792
orb-fingervein,face,Multi-PIE_impostor_165,093,155,3624,3491,37,8,0.2162,False,0.2093,False,True,1.2480
sift-fingervein,face,Multi-PIE_impostor_165,093,155,661,519,16,0,,False,,False,True,
superglue-fingervein,face,Multi-PIE_impostor_165,093,155,759,640,282,45,0.1596,False,0.1487,False,True,2.9130
sgmnet-fingervein,face,Multi-PIE_impostor_165,093,155,2000,2000,127,7,0.0551,False,0.0528,False,True,0.5312
aspanformer,face,Multi-PIE_impostor_165,093,155,113,113,113,50,0.4425,True,0.4306,False,False,2.0436
deepdetect,face,Multi-PIE_impostor_165,093,155,12576,10741,10,0,,False,,False,True,
loftr,face,Multi-PIE_impostor_166,031,248,235,235,235,39,0.1660,False,0.1623,False,True,1.9467
orb-fingervein,face,Multi-PIE_impostor_166,031,248,3430,4211,50,0,,False,,False,True,
sift-fingervein,face,Multi-PIE_impostor_166,031,248,498,816,10,0,,False,,False,True,
superglue-fingervein,face,Multi-PIE_impostor_166,031,248,573,828,232,29,0.1250,False,0.1188,False,True,2.5131
sgmnet-fingervein,face,Multi-PIE_impostor_166,031,248,2000,2000,175,8,0.0457,False,0.0443,False,True,1.2878
aspanformer,face,Multi-PIE_impostor_166,031,248,87,87,87,44,0.5057,True,0.5038,False,False,1.5759
deepdetect,face,Multi-PIE_impostor_166,031,248,12408,14367,15,0,,False,,False,True,
loftr,face,Multi-PIE_impostor_167,018,016,104,104,104,40,0.3846,False,0.3676,False,True,2.4050
orb-fingervein,face,Multi-PIE_impostor_167,018,016,5000,4669,42,0,,False,,False,True,
sift-fingervein,face,Multi-PIE_impostor_167,018,016,1582,1259,31,0,,False,,False,True,
superglue-fingervein,face,Multi-PIE_impostor_167,018,016,1134,1338,161,39,0.2422,True,0.2266,False,False,2.8365
sgmnet-fingervein,face,Multi-PIE_impostor_167,018,016,2000,2000,110,7,0.0636,False,0.0610,False,True,0.9627
aspanformer,face,Multi-PIE_impostor_167,018,016,29,29,29,15,0.5172,True,0.4910,False,False,2.4705
deepdetect,face,Multi-PIE_impostor_167,018,016,15187,14849,9,7,0.7778,True,0.7778,False,False,2.0740
loftr,face,Multi-PIE_impostor_168,043,241,342,342,342,129,0.3772,False,0.3579,False,True,2.5527
orb-fingervein,face,Multi-PIE_impostor_168,043,241,3487,3350,41,9,0.2195,False,0.2143,False,True,0.8230
sift-fingervein,face,Multi-PIE_impostor_168,043,241,608,552,20,6,0.3000,False,0.2839,False,True,0.4781
superglue-fingervein,face,Multi-PIE_impostor_168,043,241,632,576,262,99,0.3779,True,0.3570,False,False,2.6363
sgmnet-fingervein,face,Multi-PIE_impostor_168,043,241,2000,2000,191,13,0.0681,False,0.0676,False,True,1.1775
aspanformer,face,Multi-PIE_impostor_168,043,241,343,343,343,185,0.5394,True,0.5165,False,False,2.3680
deepdetect,face,Multi-PIE_impostor_168,043,241,10400,13694,8,6,0.7500,True,0.7500,False,False,0.3969
loftr,face,Multi-PIE_impostor_169,214,231,149,149,149,28,0.1879,False,0.1759,False,True,2.8172
orb-fingervein,face,Multi-PIE_impostor_169,214,231,1021,335,25,0,,False,,False,True,
sift-fingervein,face,Multi-PIE_impostor_169,214,231,241,104,9,5,0.5556,True,0.5179,False,False,0.4545
superglue-fingervein,face,Multi-PIE_impostor_169,214,231,386,287,109,25,0.2294,True,0.2154,False,False,2.7562
sgmnet-fingervein,face,Multi-PIE_impostor_169,214,231,2000,2000,253,10,0.0395,False,0.0388,False,True,1.1624
aspanformer,face,Multi-PIE_impostor_169,214,231,51,51,51,32,0.6275,True,0.5905,False,False,2.7125
deepdetect,face,Multi-PIE_impostor_169,214,231,5852,4302,10,8,0.8000,True,0.8000,False,False,0.8979
loftr,face,Multi-PIE_impostor_170,113,010,384,384,384,125,0.3255,False,0.3227,False,True,1.6770
orb-fingervein,face,Multi-PIE_impostor_170,113,010,2961,4116,37,8,0.2162,False,0.2079,False,True,1.6400
sift-fingervein,face,Multi-PIE_impostor_170,113,010,658,888,27,0,,False,,False,True,
superglue-fingervein,face,Multi-PIE_impostor_170,113,010,654,740,292,75,0.2568,True,0.2350,False,False,3.2820
sgmnet-fingervein,face,Multi-PIE_impostor_170,113,010,2000,1827,223,18,0.0807,False,0.0806,False,True,1.4560
aspanformer,face,Multi-PIE_impostor_170,113,010,276,276,276,138,0.5000,True,0.4816,False,False,2.2486
deepdetect,face,Multi-PIE_impostor_170,113,010,13965,20663,19,13,0.6842,True,0.6842,False,False,1.4294
loftr,face,Multi-PIE_impostor_171,183,221,322,322,322,81,0.2516,False,0.2434,False,True,2.1599
orb-fingervein,face,Multi-PIE_impostor_171,183,221,4131,3834,40,15,0.3750,False,0.3726,False,True,1.5586
sift-fingervein,face,Multi-PIE_impostor_171,183,221,1037,677,32,7,0.2188,False,0.2096,False,True,0.5083
superglue-fingervein,face,Multi-PIE_impostor_171,183,221,915,685,321,67,0.2087,True,0.1936,False,False,3.0068
sgmnet-fingervein,face,Multi-PIE_impostor_171,183,221,2000,2000,227,13,0.0573,False,0.0569,False,True,1.3941
aspanformer,face,Multi-PIE_impostor_171,183,221,204,204,204,74,0.3627,False,0.3513,False,True,2.1421
deepdetect,face,Multi-PIE_impostor_171,183,221,15604,13904,24,13,0.5417,True,0.5417,False,False,1.2409
loftr,face,Multi-PIE_impostor_172,211,180,383,383,383,93,0.2428,False,0.2318,False,True,2.4317
orb-fingervein,face,Multi-PIE_impostor_172,211,180,4071,4031,37,0,,False,,False,True,
sift-fingervein,face,Multi-PIE_impostor_172,211,180,710,745,10,0,,False,,False,True,
superglue-fingervein,face,Multi-PIE_impostor_172,211,180,759,726,313,66,0.2109,True,0.1971,False,False,2.8510
sgmnet-fingervein,face,Multi-PIE_impostor_172,211,180,2000,2000,273,13,0.0476,False,0.0473,False,True,1.1007
aspanformer,face,Multi-PIE_impostor_172,211,180,163,163,163,86,0.5276,True,0.5053,False,False,2.3647
deepdetect,face,Multi-PIE_impostor_172,211,180,10686,15197,4,0,,False,,False,True,
loftr,face,Multi-PIE_impostor_173,031,170,328,328,328,92,0.2805,False,0.2651,False,True,2.6266
orb-fingervein,face,Multi-PIE_impostor_173,031,170,3196,3679,57,0,,False,,False,True,
sift-fingervein,face,Multi-PIE_impostor_173,031,170,593,936,13,0,,False,,False,True,
superglue-fingervein,face,Multi-PIE_impostor_173,031,170,559,773,233,43,0.1845,True,0.1723,False,False,2.8763
sgmnet-fingervein,face,Multi-PIE_impostor_173,031,170,2000,2000,399,13,0.0326,False,0.0324,False,True,1.2174
aspanformer,face,Multi-PIE_impostor_173,031,170,199,199,199,83,0.4171,False,0.3949,False,True,2.5925
deepdetect,face,Multi-PIE_impostor_173,031,170,16439,20531,27,0,,False,,False,True,
loftr,face,Multi-PIE_impostor_174,108,179,471,471,471,92,0.1953,False,0.1868,False,True,2.3938
orb-fingervein,face,Multi-PIE_impostor_174,108,179,4102,3171,61,12,0.1967,False,0.1900,False,True,2.0070
sift-fingervein,face,Multi-PIE_impostor_174,108,179,1070,633,21,0,,False,,False,True,
superglue-fingervein,face,Multi-PIE_impostor_174,108,179,872,661,313,62,0.1981,True,0.1853,False,False,2.8378
sgmnet-fingervein,face,Multi-PIE_impostor_174,108,179,2000,2000,366,15,0.0410,False,0.0408,False,True,1.2347
aspanformer,face,Multi-PIE_impostor_174,108,179,300,300,300,100,0.3333,False,0.3203,False,True,2.2995
deepdetect,face,Multi-PIE_impostor_174,108,179,12307,10239,14,0,,False,,False,True,
loftr,face,Multi-PIE_impostor_175,221,175,375,375,375,108,0.2880,False,0.2724,False,True,2.6164
orb-fingervein,face,Multi-PIE_impostor_175,221,175,3759,4003,33,0,,False,,False,True,
sift-fingervein,face,Multi-PIE_impostor_175,221,175,657,742,19,0,,False,,False,True,
superglue-fingervein,face,Multi-PIE_impostor_175,221,175,626,663,228,70,0.3070,True,0.2852,False,False,2.9724
sgmnet-fingervein,face,Multi-PIE_impostor_175,221,175,2000,1814,150,11,0.0733,False,0.0724,False,True,0.8774
aspanformer,face,Multi-PIE_impostor_175,221,175,249,249,249,113,0.4538,True,0.4304,False,False,2.5586
deepdetect,face,Multi-PIE_impostor_175,221,175,16105,18999,18,15,0.8333,True,0.8333,False,False,0.8141
loftr,face,Multi-PIE_impostor_176,170,007,471,471,471,104,0.2208,False,0.2075,False,True,2.7453
orb-fingervein,face,Multi-PIE_impostor_176,170,007,4769,3292,69,0,,False,,False,True,
sift-fingervein,face,Multi-PIE_impostor_176,170,007,1314,623,25,0,,False,,False,True,
superglue-fingervein,face,Multi-PIE_impostor_176,170,007,820,708,285,46,0.1614,True,0.1525,False,False,2.6357
sgmnet-fingervein,face,Multi-PIE_impostor_176,170,007,2000,1977,166,12,0.0723,False,0.0716,False,True,1.4588
aspanformer,face,Multi-PIE_impostor_176,170,007,280,280,280,108,0.3857,False,0.3625,False,True,2.7422
deepdetect,face,Multi-PIE_impostor_176,170,007,30477,12618,28,12,0.4286,True,0.4286,False,False,1.7198
loftr,face,Multi-PIE_impostor_177,208,049,542,542,542,111,0.2048,False,0.1956,False,True,2.4220
orb-fingervein,face,Multi-PIE_impostor_177,208,049,4028,3513,58,13,0.2241,False,0.2226,False,True,1.3846
sift-fingervein,face,Multi-PIE_impostor_177,208,049,878,682,36,0,,False,,False,True,
superglue-fingervein,face,Multi-PIE_impostor_177,208,049,888,756,295,85,0.2881,True,0.2702,False,False,2.7882
sgmnet-fingervein,face,Multi-PIE_impostor_177,208,049,2000,2000,387,18,0.0465,False,0.0462,False,True,1.6249
aspanformer,face,Multi-PIE_impostor_177,208,049,157,157,157,61,0.3885,False,0.3764,False,True,2.1335
deepdetect,face,Multi-PIE_impostor_177,208,049,25644,22339,78,63,0.8077,True,0.8077,False,False,1.5808
loftr,face,Multi-PIE_impostor_178,058,035,434,434,434,93,0.2143,False,0.2029,False,True,2.5913
orb-fingervein,face,Multi-PIE_impostor_178,058,035,3450,3834,41,0,,False,,False,True,
sift-fingervein,face,Multi-PIE_impostor_178,058,035,664,915,24,6,0.2500,False,0.2366,False,True,0.6447
superglue-fingervein,face,Multi-PIE_impostor_178,058,035,671,921,283,56,0.1979,True,0.1834,False,False,3.0236
sgmnet-fingervein,face,Multi-PIE_impostor_178,058,035,1621,2000,181,11,0.0608,False,0.0600,False,True,0.9247
aspanformer,face,Multi-PIE_impostor_178,058,035,349,349,349,138,0.3954,False,0.3712,False,True,2.7616
deepdetect,face,Multi-PIE_impostor_178,058,035,18919,20271,22,9,0.4091,True,0.4091,False,False,0.9417
loftr,face,Multi-PIE_impostor_179,164,199,297,297,297,70,0.2357,False,0.2281,False,True,2.1535
orb-fingervein,face,Multi-PIE_impostor_179,164,199,1516,2278,27,11,0.4074,False,0.4015,False,True,1.5329
sift-fingervein,face,Multi-PIE_impostor_179,164,199,306,478,9,5,0.5556,True,0.5179,False,False,0.4999
superglue-fingervein,face,Multi-PIE_impostor_179,164,199,470,626,221,50,0.2262,True,0.2163,False,False,2.3951
sgmnet-fingervein,face,Multi-PIE_impostor_179,164,199,2000,2000,305,11,0.0361,False,0.0356,False,True,0.9473
aspanformer,face,Multi-PIE_impostor_179,164,199,228,228,228,101,0.4430,True,0.4261,False,False,2.2771
deepdetect,face,Multi-PIE_impostor_179,164,199,5707,8180,4,0,,False,,False,True,
loftr,face,Multi-PIE_impostor_180,236,069,637,637,637,115,0.1805,False,0.1671,False,True,3.0431
orb-fingervein,face,Multi-PIE_impostor_180,236,069,4775,4651,55,11,0.2000,False,0.1973,False,True,1.5067
sift-fingervein,face,Multi-PIE_impostor_180,236,069,1141,992,27,0,,False,,False,True,
superglue-fingervein,face,Multi-PIE_impostor_180,236,069,1007,932,381,60,0.1575,False,0.1475,False,True,2.8080
sgmnet-fingervein,face,Multi-PIE_impostor_180,236,069,2000,1900,286,14,0.0490,False,0.0487,False,True,1.3098
aspanformer,face,Multi-PIE_impostor_180,236,069,549,549,549,154,0.2805,False,0.2672,False,True,2.4693
deepdetect,face,Multi-PIE_impostor_180,236,069,24626,15540,58,26,0.4483,True,0.4483,False,False,1.5111
loftr,face,Multi-PIE_impostor_181,055,159,229,229,229,42,0.1834,False,0.1744,False,True,2.5111
orb-fingervein,face,Multi-PIE_impostor_181,055,159,4129,3241,47,0,,False,,False,True,
sift-fingervein,face,Multi-PIE_impostor_181,055,159,685,537,16,0,,False,,False,True,
superglue-fingervein,face,Multi-PIE_impostor_181,055,159,861,653,202,36,0.1782,True,0.1663,False,False,2.8871
sgmnet-fingervein,face,Multi-PIE_impostor_181,055,159,2000,2000,101,7,0.0693,False,0.0664,False,True,0.8485
aspanformer,face,Multi-PIE_impostor_181,055,159,42,42,42,23,0.5476,True,0.5305,False,False,2.1313
deepdetect,face,Multi-PIE_impostor_181,055,159,18066,12573,43,28,0.6512,True,0.6512,False,False,1.8807
loftr,face,Multi-PIE_impostor_182,150,216,470,470,470,121,0.2574,False,0.2461,False,True,2.4008
orb-fingervein,face,Multi-PIE_impostor_182,150,216,3183,3365,35,10,0.2857,False,0.2807,False,True,1.2310
sift-fingervein,face,Multi-PIE_impostor_182,150,216,621,585,23,6,0.2609,False,0.2468,False,True,0.2150
superglue-fingervein,face,Multi-PIE_impostor_182,150,216,735,591,267,64,0.2397,True,0.2227,False,False,2.9743
sgmnet-fingervein,face,Multi-PIE_impostor_182,150,216,2000,2000,310,18,0.0581,False,0.0577,False,True,1.6009
aspanformer,face,Multi-PIE_impostor_182,150,216,428,428,428,176,0.4112,False,0.3837,False,True,2.8874
deepdetect,face,Multi-PIE_impostor_182,150,216,11546,12621,26,21,0.8077,True,0.8077,False,False,0.9922
loftr,face,Multi-PIE_impostor_183,045,163,491,491,491,103,0.2098,False,0.2008,False,True,2.3702
orb-fingervein,face,Multi-PIE_impostor_183,045,163,4504,3449,61,10,0.1639,False,0.1605,False,True,1.5684
sift-fingervein,face,Multi-PIE_impostor_183,045,163,949,660,28,0,,False,,False,True,
superglue-fingervein,face,Multi-PIE_impostor_183,045,163,817,749,288,78,0.2708,True,0.2514,False,False,2.9902
sgmnet-fingervein,face,Multi-PIE_impostor_183,045,163,1920,2000,159,13,0.0818,False,0.0812,False,True,0.9906
aspanformer,face,Multi-PIE_impostor_183,045,163,230,230,230,98,0.4261,True,0.4013,False,False,2.7005
deepdetect,face,Multi-PIE_impostor_183,045,163,27488,13201,33,11,0.3333,True,0.3333,False,False,1.6681
loftr,face,Multi-PIE_impostor_184,048,052,169,169,169,39,0.2308,False,0.2249,False,True,2.0117
orb-fingervein,face,Multi-PIE_impostor_184,048,052,796,395,30,12,0.4000,False,0.3962,False,True,1.2860
sift-fingervein,face,Multi-PIE_impostor_184,048,052,176,96,14,5,0.3571,False,0.3329,False,True,0.0000
superglue-fingervein,face,Multi-PIE_impostor_184,048,052,335,280,155,45,0.2903,True,0.2737,False,False,2.6759
sgmnet-fingervein,face,Multi-PIE_impostor_184,048,052,2000,2000,219,9,0.0411,False,0.0401,False,True,0.7979
aspanformer,face,Multi-PIE_impostor_184,048,052,133,133,133,71,0.5338,True,0.5180,False,False,2.1028
deepdetect,face,Multi-PIE_impostor_184,048,052,6129,3362,30,0,,False,,False,True,
loftr,face,Multi-PIE_impostor_185,004,231,318,318,318,92,0.2893,False,0.2704,False,True,2.8524
orb-fingervein,face,Multi-PIE_impostor_185,004,231,4221,2955,44,19,0.4318,False,0.4246,False,True,1.8186
sift-fingervein,face,Multi-PIE_impostor_185,004,231,804,523,27,0,,False,,False,True,
superglue-fingervein,face,Multi-PIE_impostor_185,004,231,802,617,257,49,0.1907,True,0.1799,False,False,2.6664
sgmnet-fingervein,face,Multi-PIE_impostor_185,004,231,1885,2000,181,9,0.0497,False,0.0485,False,True,0.9896
aspanformer,face,Multi-PIE_impostor_185,004,231,118,118,118,67,0.5678,True,0.5468,False,False,2.2542
deepdetect,face,Multi-PIE_impostor_185,004,231,17089,12206,17,9,0.5294,True,0.5294,False,False,1.0736
loftr,face,Multi-PIE_impostor_186,163,121,163,163,163,30,0.1840,False,0.1762,False,True,2.3750
orb-fingervein,face,Multi-PIE_impostor_186,163,121,2418,2422,40,15,0.3750,False,0.3664,False,True,1.8926
sift-fingervein,face,Multi-PIE_impostor_186,163,121,372,320,18,6,0.3333,False,0.3154,False,True,1.3252
superglue-fingervein,face,Multi-PIE_impostor_186,163,121,491,476,157,37,0.2357,True,0.2261,False,False,2.3249
sgmnet-fingervein,face,Multi-PIE_impostor_186,163,121,2000,2000,193,10,0.0518,False,0.0509,False,True,0.9952
aspanformer,face,Multi-PIE_impostor_186,163,121,65,65,65,37,0.5692,True,0.5512,False,False,2.1433
deepdetect,face,Multi-PIE_impostor_186,163,121,8028,7154,1,0,,False,,False,True,
loftr,face,Multi-PIE_impostor_187,179,040,325,325,325,75,0.2308,False,0.2237,False,True,2.1263
orb-fingervein,face,Multi-PIE_impostor_187,179,040,4227,4910,57,17,0.2982,False,0.2977,False,True,1.3497
sift-fingervein,face,Multi-PIE_impostor_187,179,040,895,1391,18,0,,False,,False,True,
superglue-fingervein,face,Multi-PIE_impostor_187,179,040,934,1127,398,83,0.2085,True,0.1969,False,False,2.6468
sgmnet-fingervein,face,Multi-PIE_impostor_187,179,040,2000,2000,304,16,0.0526,False,0.0525,False,True,1.4536
aspanformer,face,Multi-PIE_impostor_187,179,040,261,261,261,88,0.3372,False,0.3337,False,True,1.7089
deepdetect,face,Multi-PIE_impostor_187,179,040,15731,15471,16,8,0.5000,True,0.5000,False,False,1.1199
loftr,face,Multi-PIE_impostor_188,028,219,226,226,226,65,0.2876,False,0.2720,False,True,2.6152
orb-fingervein,face,Multi-PIE_impostor_188,028,219,4032,3349,60,14,0.2333,False,0.1703,False,True,7.7021
sift-fingervein,face,Multi-PIE_impostor_188,028,219,910,481,27,0,,False,,False,True,
superglue-fingervein,face,Multi-PIE_impostor_188,028,219,699,466,170,49,0.2882,True,0.2678,False,False,2.9691
sgmnet-fingervein,face,Multi-PIE_impostor_188,028,219,2000,2000,129,9,0.0698,False,0.0681,False,True,0.8235
aspanformer,face,Multi-PIE_impostor_188,028,219,180,180,180,78,0.4333,True,0.4169,False,False,2.2754
deepdetect,face,Multi-PIE_impostor_188,028,219,12261,9674,11,7,0.6364,True,0.6364,False,False,1.2474
loftr,face,Multi-PIE_impostor_189,084,101,236,236,236,41,0.1737,False,0.1671,False,True,2.2835
orb-fingervein,face,Multi-PIE_impostor_189,084,101,2179,1894,26,0,,False,,False,True,
sift-fingervein,face,Multi-PIE_impostor_189,084,101,430,348,8,0,,False,,False,True,
superglue-fingervein,face,Multi-PIE_impostor_189,084,101,640,496,198,39,0.1970,True,0.1849,False,False,2.7616
sgmnet-fingervein,face,Multi-PIE_impostor_189,084,101,2000,2000,145,8,0.0552,False,0.0534,False,True,0.7667
aspanformer,face,Multi-PIE_impostor_189,084,101,104,104,104,53,0.5096,True,0.4974,False,False,1.9836
deepdetect,face,Multi-PIE_impostor_189,084,101,6449,4564,9,0,,False,,False,True,
loftr,face,Multi-PIE_impostor_190,172,107,582,582,582,112,0.1924,False,0.1813,False,True,2.6979
orb-fingervein,face,Multi-PIE_impostor_190,172,107,4249,4039,66,10,0.1515,False,0.1463,False,True,1.8497
sift-fingervein,face,Multi-PIE_impostor_190,172,107,806,943,33,0,,False,,False,True,
superglue-fingervein,face,Multi-PIE_impostor_190,172,107,690,864,349,105,0.3009,True,0.2864,False,False,2.4859
sgmnet-fingervein,face,Multi-PIE_impostor_190,172,107,1887,2000,297,16,0.0539,False,0.0537,False,True,1.2993
aspanformer,face,Multi-PIE_impostor_190,172,107,453,453,453,134,0.2958,False,0.2853,False,True,2.2247
deepdetect,face,Multi-PIE_impostor_190,172,107,19810,10104,41,23,0.5610,True,0.5610,False,False,1.8227
loftr,face,Multi-PIE_impostor_191,115,110,348,348,348,109,0.3132,False,0.2958,False,True,2.6462
orb-fingervein,face,Multi-PIE_impostor_191,115,110,4544,4589,45,10,0.2222,False,0.2137,False,True,1.9226
sift-fingervein,face,Multi-PIE_impostor_191,115,110,1390,1156,35,0,,False,,False,True,
superglue-fingervein,face,Multi-PIE_impostor_191,115,110,976,1043,353,79,0.2238,True,0.2104,False,False,2.7302
sgmnet-fingervein,face,Multi-PIE_impostor_191,115,110,2000,2000,292,14,0.0479,False,0.0477,False,True,1.5113
aspanformer,face,Multi-PIE_impostor_191,115,110,411,411,411,160,0.3893,False,0.3754,False,True,2.2282
deepdetect,face,Multi-PIE_impostor_191,115,110,33146,29833,36,0,,False,,False,True,
loftr,face,Multi-PIE_impostor_192,243,210,356,356,356,97,0.2725,False,0.2559,False,True,2.7518
orb-fingervein,face,Multi-PIE_impostor_192,243,210,3494,4052,36,8,0.2222,False,0.2129,False,True,1.7143
sift-fingervein,face,Multi-PIE_impostor_192,243,210,541,837,17,0,,False,,False,True,
superglue-fingervein,face,Multi-PIE_impostor_192,243,210,678,875,278,81,0.2914,True,0.2692,False,False,3.0861
sgmnet-fingervein,face,Multi-PIE_impostor_192,243,210,2000,2000,216,16,0.0741,False,0.0739,False,True,1.2219
aspanformer,face,Multi-PIE_impostor_192,243,210,107,107,107,48,0.4486,True,0.4369,False,False,2.0306
deepdetect,face,Multi-PIE_impostor_192,243,210,11379,16816,13,9,0.6923,True,0.6923,False,False,1.7532
loftr,face,Multi-PIE_impostor_193,166,144,240,240,240,60,0.2500,False,0.2413,False,True,2.2054
orb-fingervein,face,Multi-PIE_impostor_193,166,144,1756,1835,23,11,0.4783,False,0.3019,False,True,10.4406
sift-fingervein,face,Multi-PIE_impostor_193,166,144,276,294,16,0,,False,,False,True,
superglue-fingervein,face,Multi-PIE_impostor_193,166,144,394,484,149,44,0.2953,True,0.2775,False,False,2.7413
sgmnet-fingervein,face,Multi-PIE_impostor_193,166,144,2000,2000,176,20,0.1136,False,0.1136,False,True,1.1600
aspanformer,face,Multi-PIE_impostor_193,166,144,83,83,83,36,0.4337,True,0.4252,False,False,1.8981
deepdetect,face,Multi-PIE_impostor_193,166,144,4713,5047,4,0,,False,,False,True,
loftr,face,Multi-PIE_impostor_194,101,005,318,318,318,68,0.2138,False,0.2031,False,True,2.5290
orb-fingervein,face,Multi-PIE_impostor_194,101,005,2986,3146,32,0,,False,,False,True,
sift-fingervein,face,Multi-PIE_impostor_194,101,005,456,518,11,0,,False,,False,True,
superglue-fingervein,face,Multi-PIE_impostor_194,101,005,577,579,256,67,0.2617,True,0.2403,False,False,3.2088
sgmnet-fingervein,face,Multi-PIE_impostor_194,101,005,2000,2000,229,13,0.0568,False,0.0564,False,True,1.2737
aspanformer,face,Multi-PIE_impostor_194,101,005,228,228,228,72,0.3158,False,0.3015,False,True,2.4268
deepdetect,face,Multi-PIE_impostor_194,101,005,10327,8663,19,13,0.6842,True,0.6842,False,False,1.0205
loftr,face,Multi-PIE_impostor_195,041,179,504,504,504,151,0.2996,False,0.2844,False,True,2.5426
orb-fingervein,face,Multi-PIE_impostor_195,041,179,4153,3580,35,8,0.2286,False,0.2213,False,True,0.6810
sift-fingervein,face,Multi-PIE_impostor_195,041,179,731,673,30,7,0.2333,False,0.2195,False,True,1.8666
superglue-fingervein,face,Multi-PIE_impostor_195,041,179,771,774,350,107,0.3057,True,0.2851,False,False,2.8997
sgmnet-fingervein,face,Multi-PIE_impostor_195,041,179,2000,2000,400,22,0.0550,False,0.0544,False,True,1.7221
aspanformer,face,Multi-PIE_impostor_195,041,179,380,380,380,170,0.4474,True,0.4300,False,False,2.2930
deepdetect,face,Multi-PIE_impostor_195,041,179,15915,10756,30,18,0.6000,True,0.6000,False,False,2.5866
loftr,face,Multi-PIE_impostor_196,144,155,385,385,385,68,0.1766,False,0.1662,False,True,2.7204
orb-fingervein,face,Multi-PIE_impostor_196,144,155,3272,2661,41,0,,False,,False,True,
sift-fingervein,face,Multi-PIE_impostor_196,144,155,641,429,16,5,0.3125,False,0.2913,False,True,1.2921
superglue-fingervein,face,Multi-PIE_impostor_196,144,155,657,612,111,36,0.3243,True,0.3071,False,False,2.5924
sgmnet-fingervein,face,Multi-PIE_impostor_196,144,155,2000,2000,277,19,0.0686,False,0.0685,False,True,1.4981
aspanformer,face,Multi-PIE_impostor_196,144,155,118,118,118,67,0.5678,True,0.5605,False,False,1.7595
deepdetect,face,Multi-PIE_impostor_196,144,155,14620,14572,25,0,,False,,False,True,
loftr,face,Multi-PIE_impostor_197,012,092,362,362,362,59,0.1630,False,0.1552,False,True,2.4821
orb-fingervein,face,Multi-PIE_impostor_197,012,092,2513,2420,52,0,,False,,False,True,
sift-fingervein,face,Multi-PIE_impostor_197,012,092,404,327,13,0,,False,,False,True,
superglue-fingervein,face,Multi-PIE_impostor_197,012,092,570,519,256,44,0.1719,True,0.1620,False,False,2.6779
sgmnet-fingervein,face,Multi-PIE_impostor_197,012,092,2000,2000,492,17,0.0346,False,0.0345,False,True,1.4724
aspanformer,face,Multi-PIE_impostor_197,012,092,118,118,118,48,0.4068,False,0.3872,False,True,2.4878
deepdetect,face,Multi-PIE_impostor_197,012,092,12398,13253,10,0,,False,,False,True,
loftr,face,Multi-PIE_impostor_198,250,224,242,242,242,57,0.2355,False,0.2258,False,True,2.3442
orb-fingervein,face,Multi-PIE_impostor_198,250,224,2524,1304,40,9,0.2250,False,0.2196,False,True,1.2886
sift-fingervein,face,Multi-PIE_impostor_198,250,224,656,338,24,0,,False,,False,True,
superglue-fingervein,face,Multi-PIE_impostor_198,250,224,648,547,111,24,0.2162,True,0.2066,False,False,2.4076
sgmnet-fingervein,face,Multi-PIE_impostor_198,250,224,2000,2000,187,11,0.0588,False,0.0581,False,True,1.4051
aspanformer,face,Multi-PIE_impostor_198,250,224,147,147,147,69,0.4694,True,0.4410,False,False,2.7463
deepdetect,face,Multi-PIE_impostor_198,250,224,11538,7082,12,0,,False,,False,True,
loftr,face,Multi-PIE_impostor_199,197,033,171,171,171,41,0.2398,False,0.2303,False,True,2.3078
orb-fingervein,face,Multi-PIE_impostor_199,197,033,2530,3002,33,0,,False,,False,True,
sift-fingervein,face,Multi-PIE_impostor_199,197,033,550,572,18,7,0.3889,False,0.3710,False,True,1.5919
superglue-fingervein,face,Multi-PIE_impostor_199,197,033,611,690,206,37,0.1796,True,0.1709,False,False,2.4955
sgmnet-fingervein,face,Multi-PIE_impostor_199,197,033,2000,2000,149,10,0.0671,False,0.0659,False,True,0.9406
aspanformer,face,Multi-PIE_impostor_199,197,033,157,157,157,41,0.2611,False,0.2518,False,True,2.2299
deepdetect,face,Multi-PIE_impostor_199,197,033,10153,12247,10,0,,False,,False,True,
loftr,face,Multi-PIE_impostor_200,200,070,348,348,348,82,0.2356,False,0.2279,False,True,2.1701
orb-fingervein,face,Multi-PIE_impostor_200,200,070,3498,2866,45,13,0.2889,False,0.2869,False,True,1.4699
sift-fingervein,face,Multi-PIE_impostor_200,200,070,519,474,18,0,,False,,False,True,
superglue-fingervein,face,Multi-PIE_impostor_200,200,070,700,614,207,55,0.2657,True,0.2500,False,False,2.7211
sgmnet-fingervein,face,Multi-PIE_impostor_200,200,070,2000,2000,196,10,0.0510,False,0.0501,False,True,0.9803
aspanformer,face,Multi-PIE_impostor_200,200,070,212,212,212,107,0.5047,True,0.5029,False,False,1.5702
deepdetect,face,Multi-PIE_impostor_200,200,070,11190,9135,19,15,0.7895,True,0.7895,False,False,1.5875
loftr,face,Multi-PIE_impostor_201,178,020,243,243,243,59,0.2428,False,0.2329,False,True,2.3367
orb-fingervein,face,Multi-PIE_impostor_201,178,020,2364,3041,50,20,0.4000,False,0.3981,False,True,1.5832
sift-fingervein,face,Multi-PIE_impostor_201,178,020,381,433,15,7,0.4667,False,0.4472,False,True,0.7084
superglue-fingervein,face,Multi-PIE_impostor_201,178,020,520,545,195,64,0.3282,True,0.3126,False,False,2.4755
sgmnet-fingervein,face,Multi-PIE_impostor_201,178,020,2000,2000,229,12,0.0524,False,0.0519,False,True,1.0466
aspanformer,face,Multi-PIE_impostor_201,178,020,140,140,140,77,0.5500,True,0.5303,False,False,2.2289
deepdetect,face,Multi-PIE_impostor_201,178,020,7180,7234,67,61,0.9104,True,0.9104,False,False,0.7114
loftr,face,Multi-PIE_impostor_202,174,105,8,8,8,0,,False,,False,True,
orb-fingervein,face,Multi-PIE_impostor_202,174,105,2751,2536,31,0,,False,,False,True,
sift-fingervein,face,Multi-PIE_impostor_202,174,105,650,431,13,0,,False,,False,True,
superglue-fingervein,face,Multi-PIE_impostor_202,174,105,618,561,64,15,0.2344,True,0.2246,False,False,2.2792
sgmnet-fingervein,face,Multi-PIE_impostor_202,174,105,2000,2000,97,10,0.1031,False,0.1013,False,True,0.6499
aspanformer,face,Multi-PIE_impostor_202,174,105,5,5,5,0,,False,,False,True,
deepdetect,face,Multi-PIE_impostor_202,174,105,14196,10171,13,9,0.6923,True,0.6923,False,False,1.3469
loftr,face,Multi-PIE_impostor_203,186,004,289,289,289,52,0.1799,False,0.1705,False,True,2.5746
orb-fingervein,face,Multi-PIE_impostor_203,186,004,3368,4328,36,0,,False,,False,True,
sift-fingervein,face,Multi-PIE_impostor_203,186,004,667,938,20,0,,False,,False,True,
superglue-fingervein,face,Multi-PIE_impostor_203,186,004,685,786,260,48,0.1846,True,0.1711,False,False,3.0229
sgmnet-fingervein,face,Multi-PIE_impostor_203,186,004,2000,2000,176,10,0.0568,False,0.0558,False,True,1.2139
aspanformer,face,Multi-PIE_impostor_203,186,004,195,195,195,62,0.3179,False,0.3034,False,True,2.4369
deepdetect,face,Multi-PIE_impostor_203,186,004,13587,16297,54,50,0.9259,True,0.9259,False,False,0.4176
loftr,face,Multi-PIE_impostor_204,073,154,188,188,188,47,0.2500,False,0.2414,False,True,2.2016
orb-fingervein,face,Multi-PIE_impostor_204,073,154,3933,3681,50,9,0.1800,False,0.1750,False,True,1.5814
sift-fingervein,face,Multi-PIE_impostor_204,073,154,681,672,19,5,0.2632,False,0.2453,False,True,0.7414
superglue-fingervein,face,Multi-PIE_impostor_204,073,154,757,661,220,43,0.1955,True,0.1819,False,False,2.9378
sgmnet-fingervein,face,Multi-PIE_impostor_204,073,154,2000,2000,175,12,0.0686,False,0.0679,False,True,1.1252
aspanformer,face,Multi-PIE_impostor_204,073,154,97,97,97,54,0.5567,True,0.5567,False,False,0.9712
deepdetect,face,Multi-PIE_impostor_204,073,154,12448,9004,7,0,,False,,False,True,
loftr,face,Multi-PIE_impostor_205,188,230,454,454,454,105,0.2313,False,0.2177,False,True,2.7071
orb-fingervein,face,Multi-PIE_impostor_205,188,230,5000,4985,62,0,,False,,False,True,
sift-fingervein,face,Multi-PIE_impostor_205,188,230,1815,1404,39,6,0.1538,False,0.1456,False,True,0.6701
superglue-fingervein,face,Multi-PIE_impostor_205,188,230,1414,1250,407,68,0.1671,True,0.1566,False,False,2.8008
sgmnet-fingervein,face,Multi-PIE_impostor_205,188,230,2000,2000,347,17,0.0490,False,0.0485,False,True,1.6650
aspanformer,face,Multi-PIE_impostor_205,188,230,514,514,514,151,0.2938,False,0.2845,False,True,2.1420
deepdetect,face,Multi-PIE_impostor_205,188,230,32801,22008,48,0,,False,,False,True,
loftr,face,Multi-PIE_impostor_206,250,120,195,195,195,41,0.2103,False,0.2024,False,True,2.2598
orb-fingervein,face,Multi-PIE_impostor_206,250,120,4646,3809,46,0,,False,,False,True,
sift-fingervein,face,Multi-PIE_impostor_206,250,120,975,736,29,0,,False,,False,True,
superglue-fingervein,face,Multi-PIE_impostor_206,250,120,836,715,234,49,0.2094,True,0.1958,False,False,2.8402
sgmnet-fingervein,face,Multi-PIE_impostor_206,250,120,1994,1813,166,11,0.0663,False,0.0654,False,True,1.1830
aspanformer,face,Multi-PIE_impostor_206,250,120,86,86,86,47,0.5465,True,0.5253,False,False,2.2900
deepdetect,face,Multi-PIE_impostor_206,250,120,16700,21172,23,0,,False,,False,True,
loftr,face,Multi-PIE_impostor_207,145,087,437,437,437,80,0.1831,False,0.1709,False,True,2.8764
orb-fingervein,face,Multi-PIE_impostor_207,145,087,2763,2870,41,14,0.3415,False,0.3334,False,True,1.8795
sift-fingervein,face,Multi-PIE_impostor_207,145,087,591,472,19,0,,False,,False,True,
superglue-fingervein,face,Multi-PIE_impostor_207,145,087,569,566,214,36,0.1682,True,0.1569,False,False,2.8891
sgmnet-fingervein,face,Multi-PIE_impostor_207,145,087,2000,2000,197,10,0.0508,False,0.0499,False,True,0.7731
aspanformer,face,Multi-PIE_impostor_207,145,087,203,203,203,76,0.3744,False,0.3511,False,True,2.7867
deepdetect,face,Multi-PIE_impostor_207,145,087,11807,12102,8,0,,False,,False,True,
loftr,face,Multi-PIE_impostor_208,220,228,390,390,390,63,0.1615,False,0.1538,False,True,2.4852
orb-fingervein,face,Multi-PIE_impostor_208,220,228,3501,4080,44,11,0.2500,False,0.2442,False,True,1.7100
sift-fingervein,face,Multi-PIE_impostor_208,220,228,675,908,17,0,,False,,False,True,
superglue-fingervein,face,Multi-PIE_impostor_208,220,228,547,809,311,50,0.1608,False,0.1495,False,True,2.9584
sgmnet-fingervein,face,Multi-PIE_impostor_208,220,228,2000,2000,343,13,0.0379,False,0.0376,False,True,1.1203
aspanformer,face,Multi-PIE_impostor_208,220,228,342,342,342,113,0.3304,False,0.3117,False,True,2.6651
deepdetect,face,Multi-PIE_impostor_208,220,228,14826,16269,23,15,0.6522,True,0.6522,False,False,1.8162
loftr,face,Multi-PIE_impostor_209,167,202,503,503,503,161,0.3201,False,0.3027,False,True,2.6144
orb-fingervein,face,Multi-PIE_impostor_209,167,202,3648,3616,78,20,0.2564,False,0.2453,False,True,2.3756
sift-fingervein,face,Multi-PIE_impostor_209,167,202,704,659,41,8,0.1951,False,0.1889,False,True,0.8120
superglue-fingervein,face,Multi-PIE_impostor_209,167,202,702,684,266,67,0.2519,True,0.2379,False,False,2.6445
sgmnet-fingervein,face,Multi-PIE_impostor_209,167,202,2000,1677,260,18,0.0692,False,0.0691,False,True,1.1779
aspanformer,face,Multi-PIE_impostor_209,167,202,473,473,473,204,0.4313,True,0.4177,False,False,2.1389
deepdetect,face,Multi-PIE_impostor_209,167,202,27649,18325,58,34,0.5862,True,0.5862,False,False,2.0471
loftr,face,Multi-PIE_impostor_210,054,075,270,270,270,62,0.2296,False,0.2156,False,True,2.7603
orb-fingervein,face,Multi-PIE_impostor_210,054,075,3133,3172,35,0,,False,,False,True,
sift-fingervein,face,Multi-PIE_impostor_210,054,075,441,459,18,0,,False,,False,True,
superglue-fingervein,face,Multi-PIE_impostor_210,054,075,527,712,215,49,0.2279,True,0.2133,False,False,2.8257
sgmnet-fingervein,face,Multi-PIE_impostor_210,054,075,2000,2000,202,10,0.0495,False,0.0486,False,True,1.0823
aspanformer,face,Multi-PIE_impostor_210,054,075,49,49,49,20,0.4082,False,0.3853,False,True,2.6388
deepdetect,face,Multi-PIE_impostor_210,054,075,8383,10525,1,0,,False,,False,True,
loftr,face,Multi-PIE_impostor_211,096,065,236,236,236,58,0.2458,False,0.2306,False,True,2.7748
orb-fingervein,face,Multi-PIE_impostor_211,096,065,365,446,16,0,,False,,False,True,
sift-fingervein,face,Multi-PIE_impostor_211,096,065,107,128,15,0,,False,,False,True,
superglue-fingervein,face,Multi-PIE_impostor_211,096,065,240,319,139,37,0.2662,True,0.2532,False,False,2.4981
sgmnet-fingervein,face,Multi-PIE_impostor_211,096,065,2000,2000,211,14,0.0664,False,0.0657,False,True,1.5845
aspanformer,face,Multi-PIE_impostor_211,096,065,97,97,97,51,0.5258,True,0.5174,False,False,1.8221
deepdetect,face,Multi-PIE_impostor_211,096,065,3246,4311,33,0,,False,,False,True,
loftr,face,Multi-PIE_impostor_212,148,084,184,184,184,55,0.2989,False,0.2834,False,True,2.5672
orb-fingervein,face,Multi-PIE_impostor_212,148,084,1912,2557,27,0,,False,,False,True,
sift-fingervein,face,Multi-PIE_impostor_212,148,084,338,438,12,0,,False,,False,True,
superglue-fingervein,face,Multi-PIE_impostor_212,148,084,404,542,90,34,0.3778,True,0.3616,False,False,2.3766
sgmnet-fingervein,face,Multi-PIE_impostor_212,148,084,2000,2000,147,10,0.0680,False,0.0668,False,True,0.7104
aspanformer,face,Multi-PIE_impostor_212,148,084,90,90,90,61,0.6778,True,0.6604,False,False,2.0197
deepdetect,face,Multi-PIE_impostor_212,148,084,5544,8551,6,0,,False,,False,True,
loftr,face,Multi-PIE_impostor_213,136,066,453,453,453,59,0.1302,False,0.1253,False,True,2.2672
orb-fingervein,face,Multi-PIE_impostor_213,136,066,4894,4457,63,0,,False,,False,True,
sift-fingervein,face,Multi-PIE_impostor_213,136,066,1050,1000,31,0,,False,,False,True,
superglue-fingervein,face,Multi-PIE_impostor_213,136,066,1023,927,327,72,0.2202,True,0.2040,False,False,3.0302
sgmnet-fingervein,face,Multi-PIE_impostor_213,136,066,2000,2000,175,9,0.0514,False,0.0502,False,True,1.1755
aspanformer,face,Multi-PIE_impostor_213,136,066,163,163,163,50,0.3067,False,0.2927,False,True,2.4408
deepdetect,face,Multi-PIE_impostor_213,136,066,15163,15951,16,0,,False,,False,True,
loftr,face,Multi-PIE_impostor_214,049,210,360,360,360,127,0.3528,False,0.3331,False,True,2.6493
orb-fingervein,face,Multi-PIE_impostor_214,049,210,2837,3193,47,18,0.3830,False,0.3825,False,True,1.4520
sift-fingervein,face,Multi-PIE_impostor_214,049,210,528,707,14,0,,False,,False,True,
superglue-fingervein,face,Multi-PIE_impostor_214,049,210,711,869,281,97,0.3452,True,0.3231,False,False,2.8223
sgmnet-fingervein,face,Multi-PIE_impostor_214,049,210,2000,2000,253,13,0.0514,False,0.0510,False,True,0.9241
aspanformer,face,Multi-PIE_impostor_214,049,210,158,158,158,82,0.5190,True,0.5112,False,False,1.8028
deepdetect,face,Multi-PIE_impostor_214,049,210,15812,22430,15,0,,False,,False,True,
loftr,face,Multi-PIE_impostor_215,125,014,50,50,50,11,0.2200,False,0.2146,False,True,1.7367
orb-fingervein,face,Multi-PIE_impostor_215,125,014,1169,897,21,0,,False,,False,True,
sift-fingervein,face,Multi-PIE_impostor_215,125,014,245,215,11,5,0.4545,False,0.4237,False,True,0.5668
superglue-fingervein,face,Multi-PIE_impostor_215,125,014,446,444,151,40,0.2649,True,0.2488,False,False,2.7577
sgmnet-fingervein,face,Multi-PIE_impostor_215,125,014,2000,2000,207,11,0.0531,False,0.0524,False,True,0.9637
aspanformer,face,Multi-PIE_impostor_215,125,014,25,25,25,19,0.7600,True,0.7529,False,False,1.6688
deepdetect,face,Multi-PIE_impostor_215,125,014,5992,3955,53,36,0.6792,True,0.6792,False,False,1.0193
loftr,face,Multi-PIE_impostor_216,202,235,163,163,163,69,0.4233,False,0.4105,False,True,2.1156
orb-fingervein,face,Multi-PIE_impostor_216,202,235,2675,2990,53,15,0.2830,False,0.2722,False,True,2.2045
sift-fingervein,face,Multi-PIE_impostor_216,202,235,346,394,17,0,,False,,False,True,
superglue-fingervein,face,Multi-PIE_impostor_216,202,235,415,490,123,41,0.3333,True,0.3123,False,False,2.8037
sgmnet-fingervein,face,Multi-PIE_impostor_216,202,235,2000,2000,238,15,0.0630,False,0.0628,False,True,1.2647
aspanformer,face,Multi-PIE_impostor_216,202,235,172,172,172,77,0.4477,True,0.4261,False,False,2.4892
deepdetect,face,Multi-PIE_impostor_216,202,235,9218,8224,29,0,,False,,False,True,
loftr,face,Multi-PIE_impostor_217,143,130,329,329,329,75,0.2280,False,0.2216,False,True,2.0626
orb-fingervein,face,Multi-PIE_impostor_217,143,130,2554,3551,23,0,,False,,False,True,
sift-fingervein,face,Multi-PIE_impostor_217,143,130,355,533,13,5,0.3846,False,0.3585,False,True,0.9729
superglue-fingervein,face,Multi-PIE_impostor_217,143,130,548,733,231,53,0.2294,True,0.2149,False,False,2.8051
sgmnet-fingervein,face,Multi-PIE_impostor_217,143,130,2000,2000,115,7,0.0609,False,0.0583,False,True,0.8735
aspanformer,face,Multi-PIE_impostor_217,143,130,108,108,108,52,0.4815,True,0.4632,False,False,2.2742
deepdetect,face,Multi-PIE_impostor_217,143,130,10118,9572,16,0,,False,,False,True,
loftr,face,Multi-PIE_impostor_218,053,092,449,449,449,68,0.1514,False,0.1419,False,True,2.7957
orb-fingervein,face,Multi-PIE_impostor_218,053,092,3268,3376,69,12,0.1739,False,0.1683,False,True,1.9608
sift-fingervein,face,Multi-PIE_impostor_218,053,092,461,495,17,5,0.2941,False,0.2742,False,True,1.2940
superglue-fingervein,face,Multi-PIE_impostor_218,053,092,634,638,238,53,0.2227,True,0.2098,False,False,2.6930
sgmnet-fingervein,face,Multi-PIE_impostor_218,053,092,2000,2000,146,8,0.0548,False,0.0531,False,True,0.8423
aspanformer,face,Multi-PIE_impostor_218,053,092,74,74,74,42,0.5676,True,0.5548,False,False,1.9556
deepdetect,face,Multi-PIE_impostor_218,053,092,8745,10731,24,13,0.5417,True,0.5417,False,False,1.1032
loftr,face,Multi-PIE_impostor_219,146,234,540,540,540,156,0.2889,False,0.2820,False,True,1.9856
orb-fingervein,face,Multi-PIE_impostor_219,146,234,3927,4264,53,10,0.1887,False,0.1853,False,True,0.7880
sift-fingervein,face,Multi-PIE_impostor_219,146,234,746,1107,17,0,,False,,False,True,
superglue-fingervein,face,Multi-PIE_impostor_219,146,234,824,965,371,110,0.2965,True,0.2754,False,False,2.9777
sgmnet-fingervein,face,Multi-PIE_impostor_219,146,234,2000,2000,405,21,0.0519,False,0.0518,False,True,1.4905
aspanformer,face,Multi-PIE_impostor_219,146,234,615,615,615,275,0.4472,True,0.4276,False,False,2.3930
deepdetect,face,Multi-PIE_impostor_219,146,234,22627,23296,31,19,0.6129,True,0.6129,False,False,1.5712
loftr,face,Multi-PIE_impostor_220,065,070,581,581,581,180,0.3098,False,0.2913,False,True,2.7346
orb-fingervein,face,Multi-PIE_impostor_220,065,070,4314,3446,68,14,0.2059,False,0.2032,False,True,1.6671
sift-fingervein,face,Multi-PIE_impostor_220,065,070,984,704,51,10,0.1961,False,0.1875,False,True,2.0382
superglue-fingervein,face,Multi-PIE_impostor_220,065,070,958,725,388,132,0.3402,True,0.3174,False,False,2.8872
sgmnet-fingervein,face,Multi-PIE_impostor_220,065,070,2000,2000,507,27,0.0533,False,0.0527,False,True,1.6957
aspanformer,face,Multi-PIE_impostor_220,065,070,681,681,681,302,0.4435,True,0.4215,False,False,2.5139
deepdetect,face,Multi-PIE_impostor_220,065,070,17377,15581,29,12,0.4138,True,0.4138,False,False,2.0307
loftr,face,Multi-PIE_impostor_221,195,028,153,153,153,20,0.1307,False,0.1252,False,True,2.3448
orb-fingervein,face,Multi-PIE_impostor_221,195,028,3885,3952,27,0,,False,,False,True,
sift-fingervein,face,Multi-PIE_impostor_221,195,028,807,978,27,6,0.2222,False,0.2103,False,True,1.2195
superglue-fingervein,face,Multi-PIE_impostor_221,195,028,782,716,257,41,0.1595,True,0.1501,False,False,2.7247
sgmnet-fingervein,face,Multi-PIE_impostor_221,195,028,2000,2000,309,13,0.0421,False,0.0418,False,True,1.3482
aspanformer,face,Multi-PIE_impostor_221,195,028,134,134,134,46,0.3433,False,0.3317,False,True,2.1859
deepdetect,face,Multi-PIE_impostor_221,195,028,12471,15185,19,9,0.4737,True,0.4737,False,False,1.1762
loftr,face,Multi-PIE_impostor_222,197,235,168,168,168,35,0.2083,False,0.2025,False,True,2.0678
orb-fingervein,face,Multi-PIE_impostor_222,197,235,3283,3630,32,10,0.3125,False,0.3070,False,True,1.4647
sift-fingervein,face,Multi-PIE_impostor_222,197,235,695,702,15,0,,False,,False,True,
superglue-fingervein,face,Multi-PIE_impostor_222,197,235,862,808,126,25,0.1984,True,0.1853,False,False,2.8702
sgmnet-fingervein,face,Multi-PIE_impostor_222,197,235,2000,2000,126,8,0.0635,False,0.0615,False,True,1.2394
aspanformer,face,Multi-PIE_impostor_222,197,235,47,47,47,24,0.5106,True,0.5054,False,False,1.7011
deepdetect,face,Multi-PIE_impostor_222,197,235,21833,19948,12,8,0.6667,True,0.6667,False,False,2.4054
loftr,face,Multi-PIE_impostor_223,245,077,302,302,302,84,0.2781,False,0.2724,False,True,1.9204
orb-fingervein,face,Multi-PIE_impostor_223,245,077,3726,2934,45,10,0.2222,False,0.2183,False,True,0.4929
sift-fingervein,face,Multi-PIE_impostor_223,245,077,592,368,18,0,,False,,False,True,
superglue-fingervein,face,Multi-PIE_impostor_223,245,077,677,518,209,50,0.2392,True,0.2234,False,False,2.8688
sgmnet-fingervein,face,Multi-PIE_impostor_223,245,077,2000,2000,295,13,0.0441,False,0.0438,False,True,1.0458
aspanformer,face,Multi-PIE_impostor_223,245,077,70,70,70,38,0.5429,True,0.5415,False,False,1.5489
deepdetect,face,Multi-PIE_impostor_223,245,077,10833,10172,19,15,0.7895,True,0.7895,False,False,0.5004
loftr,face,Multi-PIE_impostor_224,009,006,205,205,205,44,0.2146,False,0.2082,False,True,2.1127
orb-fingervein,face,Multi-PIE_impostor_224,009,006,2420,3164,36,0,,False,,False,True,
sift-fingervein,face,Multi-PIE_impostor_224,009,006,405,582,11,5,0.4545,False,0.4237,False,True,0.9276
superglue-fingervein,face,Multi-PIE_impostor_224,009,006,550,702,192,36,0.1875,True,0.1762,False,False,2.7439
sgmnet-fingervein,face,Multi-PIE_impostor_224,009,006,2000,2000,94,7,0.0745,False,0.0714,False,True,0.6094
aspanformer,face,Multi-PIE_impostor_224,009,006,136,136,136,51,0.3750,False,0.3592,False,True,2.3635
deepdetect,face,Multi-PIE_impostor_224,009,006,8415,7576,13,0,,False,,False,True,
loftr,face,Multi-PIE_impostor_225,047,229,429,429,429,63,0.1469,False,0.1378,False,True,2.7663
orb-fingervein,face,Multi-PIE_impostor_225,047,229,685,711,15,8,0.5333,True,0.5164,False,False,1.0552
sift-fingervein,face,Multi-PIE_impostor_225,047,229,185,181,12,5,0.4167,False,0.3884,False,True,1.0598
superglue-fingervein,face,Multi-PIE_impostor_225,047,229,407,459,202,44,0.2178,True,0.2021,False,False,2.9988
sgmnet-fingervein,face,Multi-PIE_impostor_225,047,229,2000,2000,252,15,0.0595,False,0.0593,False,True,1.4064
aspanformer,face,Multi-PIE_impostor_225,047,229,66,66,66,39,0.5909,True,0.5905,False,False,1.5139
deepdetect,face,Multi-PIE_impostor_225,047,229,5899,5613,6,5,0.8333,True,0.8333,False,False,0.7360
loftr,face,Multi-PIE_impostor_226,110,183,186,186,186,29,0.1559,False,0.1518,False,True,2.0280
orb-fingervein,face,Multi-PIE_impostor_226,110,183,1098,897,13,0,,False,,False,True,
sift-fingervein,face,Multi-PIE_impostor_226,110,183,263,195,3,0,,False,,False,True,
superglue-fingervein,face,Multi-PIE_impostor_226,110,183,403,396,128,22,0.1719,True,0.1653,False,False,2.2756
sgmnet-fingervein,face,Multi-PIE_impostor_226,110,183,2000,2000,178,7,0.0393,False,0.0377,False,True,1.0385
aspanformer,face,Multi-PIE_impostor_226,110,183,67,67,67,28,0.4179,True,0.4115,False,False,1.8082
deepdetect,face,Multi-PIE_impostor_226,110,183,4945,3422,33,29,0.8788,True,0.8788,False,False,1.7539
loftr,face,Multi-PIE_impostor_227,021,105,386,386,386,78,0.2021,False,0.1934,False,True,2.3722
orb-fingervein,face,Multi-PIE_impostor_227,021,105,4198,3339,57,11,0.1930,False,0.1905,False,True,1.3587
sift-fingervein,face,Multi-PIE_impostor_227,021,105,857,594,27,0,,False,,False,True,
superglue-fingervein,face,Multi-PIE_impostor_227,021,105,909,829,348,51,0.1466,False,0.1372,False,True,2.8142
sgmnet-fingervein,face,Multi-PIE_impostor_227,021,105,2000,2000,376,15,0.0399,False,0.0398,False,True,1.2545
aspanformer,face,Multi-PIE_impostor_227,021,105,159,159,159,78,0.4906,True,0.4714,False,False,2.2958
deepdetect,face,Multi-PIE_impostor_227,021,105,19473,17164,39,0,,False,,False,True,
loftr,face,Multi-PIE_impostor_228,026,055,283,283,283,77,0.2721,False,0.2570,False,True,2.6438
orb-fingervein,face,Multi-PIE_impostor_228,026,055,3234,4398,40,0,,False,,False,True,
sift-fingervein,face,Multi-PIE_impostor_228,026,055,422,769,16,0,,False,,False,True,
superglue-fingervein,face,Multi-PIE_impostor_228,026,055,578,855,218,76,0.3486,True,0.3244,False,False,2.9382
sgmnet-fingervein,face,Multi-PIE_impostor_228,026,055,2000,2000,189,17,0.0899,False,0.0897,False,True,1.5287
aspanformer,face,Multi-PIE_impostor_228,026,055,83,83,83,46,0.5542,True,0.5444,False,False,1.8585
deepdetect,face,Multi-PIE_impostor_228,026,055,10043,11699,10,7,0.7000,True,0.7000,False,False,2.3806
loftr,face,Multi-PIE_impostor_229,004,083,280,280,280,73,0.2607,False,0.2449,False,True,2.7550
orb-fingervein,face,Multi-PIE_impostor_229,004,083,3581,3327,37,0,,False,,False,True,
sift-fingervein,face,Multi-PIE_impostor_229,004,083,584,478,20,0,,False,,False,True,
superglue-fingervein,face,Multi-PIE_impostor_229,004,083,627,567,262,70,0.2672,True,0.2498,False,False,2.8441
sgmnet-fingervein,face,Multi-PIE_impostor_229,004,083,2000,2000,239,12,0.0502,False,0.0497,False,True,1.4456
aspanformer,face,Multi-PIE_impostor_229,004,083,92,92,92,54,0.5870,True,0.5687,False,False,2.1331
deepdetect,face,Multi-PIE_impostor_229,004,083,8598,9327,11,6,0.5455,True,0.5455,False,False,0.6536
loftr,face,Multi-PIE_impostor_230,235,155,168,168,168,40,0.2381,False,0.2327,False,True,1.9546
orb-fingervein,face,Multi-PIE_impostor_230,235,155,3439,4065,25,0,,False,,False,True,
sift-fingervein,face,Multi-PIE_impostor_230,235,155,706,829,30,0,,False,,False,True,
superglue-fingervein,face,Multi-PIE_impostor_230,235,155,593,779,126,28,0.2222,True,0.2059,False,False,3.0283
sgmnet-fingervein,face,Multi-PIE_impostor_230,235,155,2000,2000,197,9,0.0457,False,0.0446,False,True,1.0015
aspanformer,face,Multi-PIE_impostor_230,235,155,73,73,73,29,0.3973,False,0.3845,False,True,2.1510
deepdetect,face,Multi-PIE_impostor_230,235,155,14293,17774,10,5,0.5000,True,0.5000,False,False,0.5203
loftr,face,Multi-PIE_impostor_231,238,107,336,336,336,104,0.3095,False,0.3039,False,True,1.8643
orb-fingervein,face,Multi-PIE_impostor_231,238,107,3146,3977,37,9,0.2432,False,0.2374,False,True,1.2467
sift-fingervein,face,Multi-PIE_impostor_231,238,107,563,816,17,6,0.3529,False,0.3340,False,True,0.3757
superglue-fingervein,face,Multi-PIE_impostor_231,238,107,708,980,263,54,0.2053,True,0.1922,False,False,2.8175
sgmnet-fingervein,face,Multi-PIE_impostor_231,238,107,2000,2000,126,9,0.0714,False,0.0697,False,True,0.8723
aspanformer,face,Multi-PIE_impostor_231,238,107,67,67,67,45,0.6716,True,0.6447,False,False,2.3178
deepdetect,face,Multi-PIE_impostor_231,238,107,25323,15671,49,16,0.3265,True,0.3265,False,False,1.6104
loftr,face,Multi-PIE_impostor_232,045,205,421,421,421,111,0.2637,False,0.2481,False,True,2.7145
orb-fingervein,face,Multi-PIE_impostor_232,045,205,3497,2501,45,16,0.3556,False,0.3492,False,True,1.8117
sift-fingervein,face,Multi-PIE_impostor_232,045,205,552,394,21,6,0.2857,False,0.2703,False,True,1.1826
superglue-fingervein,face,Multi-PIE_impostor_232,045,205,577,512,221,65,0.2941,True,0.2762,False,False,2.7586
sgmnet-fingervein,face,Multi-PIE_impostor_232,045,205,2000,2000,172,10,0.0581,False,0.0571,False,True,1.1122
aspanformer,face,Multi-PIE_impostor_232,045,205,170,170,170,84,0.4941,True,0.4729,False,False,2.3764
deepdetect,face,Multi-PIE_impostor_232,045,205,12892,9489,36,28,0.7778,True,0.7778,False,False,0.6871
loftr,face,Multi-PIE_impostor_233,208,243,480,480,480,130,0.2708,False,0.2526,False,True,2.8959
orb-fingervein,face,Multi-PIE_impostor_233,208,243,4027,3714,52,17,0.3269,False,0.3130,False,True,2.3306
sift-fingervein,face,Multi-PIE_impostor_233,208,243,850,707,35,7,0.2000,False,0.1917,False,True,1.2946
superglue-fingervein,face,Multi-PIE_impostor_233,208,243,808,735,320,80,0.2500,True,0.2345,False,False,2.7803
sgmnet-fingervein,face,Multi-PIE_impostor_233,208,243,2000,1983,366,18,0.0492,False,0.0491,False,True,1.5035
aspanformer,face,Multi-PIE_impostor_233,208,243,418,418,418,176,0.4211,False,0.3997,False,True,2.5400
deepdetect,face,Multi-PIE_impostor_233,208,243,22423,18622,17,0,,False,,False,True,
loftr,face,Multi-PIE_impostor_234,030,122,349,349,349,152,0.4355,False,0.4245,False,True,2.0145
orb-fingervein,face,Multi-PIE_impostor_234,030,122,1019,578,42,18,0.4286,False,0.4070,False,True,2.5040
sift-fingervein,face,Multi-PIE_impostor_234,030,122,217,128,12,5,0.4167,False,0.3884,False,True,0.3726
superglue-fingervein,face,Multi-PIE_impostor_234,030,122,418,325,135,43,0.3185,True,0.3017,False,False,2.5875
sgmnet-fingervein,face,Multi-PIE_impostor_234,030,122,2000,2000,131,9,0.0687,False,0.0671,False,True,1.1042
aspanformer,face,Multi-PIE_impostor_234,030,122,233,233,233,165,0.7082,True,0.6949,False,False,1.8768
deepdetect,face,Multi-PIE_impostor_234,030,122,6654,3979,37,19,0.5135,True,0.5135,False,False,2.3361
loftr,face,Multi-PIE_impostor_235,064,209,109,109,109,28,0.2569,False,0.2532,False,True,1.7906
orb-fingervein,face,Multi-PIE_impostor_235,064,209,3047,2723,27,7,0.2593,False,0.2484,False,True,0.5601
sift-fingervein,face,Multi-PIE_impostor_235,064,209,427,354,10,0,,False,,False,True,
superglue-fingervein,face,Multi-PIE_impostor_235,064,209,526,463,165,44,0.2667,True,0.2510,False,False,2.7121
sgmnet-fingervein,face,Multi-PIE_impostor_235,064,209,2000,2000,245,9,0.0367,False,0.0359,False,True,0.8298
aspanformer,face,Multi-PIE_impostor_235,064,209,32,32,32,18,0.5625,True,0.5617,False,False,1.3813
deepdetect,face,Multi-PIE_impostor_235,064,209,9055,10071,21,14,0.6667,True,0.6667,False,False,0.7993
loftr,face,Multi-PIE_impostor_236,245,087,237,237,237,49,0.2068,False,0.2008,False,True,2.0867
orb-fingervein,face,Multi-PIE_impostor_236,245,087,2226,2759,15,0,,False,,False,True,
sift-fingervein,face,Multi-PIE_impostor_236,245,087,330,409,12,5,0.4167,False,0.3884,False,True,0.8854
superglue-fingervein,face,Multi-PIE_impostor_236,245,087,490,442,179,43,0.2402,True,0.2281,False,False,2.5394
sgmnet-fingervein,face,Multi-PIE_impostor_236,245,087,2000,2000,199,10,0.0503,False,0.0494,False,True,1.1850
aspanformer,face,Multi-PIE_impostor_236,245,087,69,69,69,34,0.4928,True,0.4837,False,False,1.8705
deepdetect,face,Multi-PIE_impostor_236,245,087,6689,8274,22,0,,False,,False,True,
loftr,face,Multi-PIE_impostor_237,168,033,240,240,240,51,0.2125,False,0.2044,False,True,2.2811
orb-fingervein,face,Multi-PIE_impostor_237,168,033,3317,3692,34,10,0.2941,False,0.2889,False,True,1.1644
sift-fingervein,face,Multi-PIE_impostor_237,168,033,729,797,12,0,,False,,False,True,
superglue-fingervein,face,Multi-PIE_impostor_237,168,033,619,723,201,46,0.2289,True,0.2128,False,False,2.9527
sgmnet-fingervein,face,Multi-PIE_impostor_237,168,033,2000,2000,188,10,0.0532,False,0.0521,False,True,1.5741
aspanformer,face,Multi-PIE_impostor_237,168,033,165,165,165,61,0.3697,False,0.3516,False,True,2.5016
deepdetect,face,Multi-PIE_impostor_237,168,033,11165,13322,9,0,,False,,False,True,
loftr,face,Multi-PIE_impostor_238,051,170,113,113,113,24,0.2124,False,0.2049,False,True,2.2120
orb-fingervein,face,Multi-PIE_impostor_238,051,170,1412,1708,38,0,,False,,False,True,
sift-fingervein,face,Multi-PIE_impostor_238,051,170,401,453,10,4,0.4000,False,0.3666,False,True,0.0000
superglue-fingervein,face,Multi-PIE_impostor_238,051,170,643,561,154,42,0.2727,True,0.2539,False,False,2.9303
sgmnet-fingervein,face,Multi-PIE_impostor_238,051,170,2000,2000,170,8,0.0471,False,0.0456,False,True,0.5935
aspanformer,face,Multi-PIE_impostor_238,051,170,47,47,47,28,0.5957,True,0.5686,False,False,2.4327
deepdetect,face,Multi-PIE_impostor_238,051,170,8179,12141,22,12,0.5455,True,0.5455,False,False,0.5465
loftr,face,Multi-PIE_impostor_239,070,052,156,156,156,69,0.4423,False,0.4209,False,True,2.4946
orb-fingervein,face,Multi-PIE_impostor_239,070,052,598,508,17,10,0.5882,True,0.5699,False,False,1.7754
sift-fingervein,face,Multi-PIE_impostor_239,070,052,141,116,8,4,0.5000,True,0.4583,False,False,0.0000
superglue-fingervein,face,Multi-PIE_impostor_239,070,052,300,284,124,35,0.2823,True,0.2638,False,False,2.8500
sgmnet-fingervein,face,Multi-PIE_impostor_239,070,052,2000,2000,232,21,0.0905,False,0.0905,False,True,1.4486
aspanformer,face,Multi-PIE_impostor_239,070,052,45,45,45,30,0.6667,True,0.6667,False,False,0.8375
deepdetect,face,Multi-PIE_impostor_239,070,052,4128,4580,56,51,0.9107,True,0.9107,False,False,0.2945
loftr,face,Multi-PIE_impostor_240,149,129,449,449,449,168,0.3742,False,0.3513,False,True,2.7583
orb-fingervein,face,Multi-PIE_impostor_240,149,129,3567,4679,79,41,0.5190,True,0.5190,False,False,1.1590
sift-fingervein,face,Multi-PIE_impostor_240,149,129,585,1389,18,7,0.3889,False,0.3727,False,True,1.3766
superglue-fingervein,face,Multi-PIE_impostor_240,149,129,728,1085,339,112,0.3304,True,0.3083,False,False,2.8808
sgmnet-fingervein,face,Multi-PIE_impostor_240,149,129,1931,2000,373,36,0.0965,False,0.0965,False,True,1.4698
aspanformer,face,Multi-PIE_impostor_240,149,129,448,448,448,224,0.5000,True,0.4825,False,False,2.2129
deepdetect,face,Multi-PIE_impostor_240,149,129,15389,31232,14,9,0.6429,True,0.6429,False,False,1.4075
loftr,face,Multi-PIE_impostor_241,182,147,289,289,289,36,0.1246,False,0.1183,False,True,2.5396
orb-fingervein,face,Multi-PIE_impostor_241,182,147,2176,2096,35,16,0.4571,False,0.4446,False,True,2.0027
sift-fingervein,face,Multi-PIE_impostor_241,182,147,360,343,10,0,,False,,False,True,
superglue-fingervein,face,Multi-PIE_impostor_241,182,147,511,487,154,30,0.1948,True,0.1812,False,False,2.9504
sgmnet-fingervein,face,Multi-PIE_impostor_241,182,147,2000,2000,213,13,0.0610,False,0.0606,False,True,1.4219
aspanformer,face,Multi-PIE_impostor_241,182,147,108,108,108,36,0.3333,False,0.3305,False,True,1.6699
deepdetect,face,Multi-PIE_impostor_241,182,147,9816,9591,3,0,,False,,False,True,
loftr,face,Multi-PIE_impostor_242,239,211,356,356,356,92,0.2584,False,0.2427,False,True,2.7579
orb-fingervein,face,Multi-PIE_impostor_242,239,211,3523,3597,25,0,,False,,False,True,
sift-fingervein,face,Multi-PIE_impostor_242,239,211,680,723,26,0,,False,,False,True,
superglue-fingervein,face,Multi-PIE_impostor_242,239,211,679,860,239,62,0.2594,True,0.2442,False,False,2.7063
sgmnet-fingervein,face,Multi-PIE_impostor_242,239,211,2000,2000,200,10,0.0500,False,0.0491,False,True,1.2828
aspanformer,face,Multi-PIE_impostor_242,239,211,281,281,281,103,0.3665,False,0.3481,False,True,2.5330
deepdetect,face,Multi-PIE_impostor_242,239,211,15698,14325,19,12,0.6316,True,0.6316,False,False,1.3710
loftr,face,Multi-PIE_impostor_243,105,084,237,237,237,43,0.1814,False,0.1754,False,True,2.1758
orb-fingervein,face,Multi-PIE_impostor_243,105,084,3804,4169,40,9,0.2250,False,0.2124,False,True,2.1727
sift-fingervein,face,Multi-PIE_impostor_243,105,084,663,736,28,0,,False,,False,True,
superglue-fingervein,face,Multi-PIE_impostor_243,105,084,793,832,309,80,0.2589,True,0.2424,False,False,2.8130
sgmnet-fingervein,face,Multi-PIE_impostor_243,105,084,2000,2000,211,11,0.0521,False,0.0515,False,True,0.8965
aspanformer,face,Multi-PIE_impostor_243,105,084,119,119,119,63,0.5294,True,0.5294,False,False,1.4003
deepdetect,face,Multi-PIE_impostor_243,105,084,12439,13763,50,42,0.8400,True,0.8400,False,False,3.7120
loftr,face,Multi-PIE_impostor_244,065,171,487,487,487,92,0.1889,False,0.1794,False,True,2.5347
orb-fingervein,face,Multi-PIE_impostor_244,065,171,2483,1990,54,16,0.2963,False,0.2922,False,True,1.7234
sift-fingervein,face,Multi-PIE_impostor_244,065,171,395,256,18,5,0.2778,False,0.2589,False,True,0.8048
superglue-fingervein,face,Multi-PIE_impostor_244,065,171,551,429,196,46,0.2347,True,0.2200,False,False,2.7892
sgmnet-fingervein,face,Multi-PIE_impostor_244,065,171,2000,2000,338,16,0.0473,False,0.0472,False,True,1.0804
aspanformer,face,Multi-PIE_impostor_244,065,171,220,220,220,90,0.4091,False,0.3967,False,True,2.1161
deepdetect,face,Multi-PIE_impostor_244,065,171,7755,6845,27,23,0.8519,True,0.8519,False,False,1.1360
loftr,face,Multi-PIE_impostor_245,168,177,291,291,291,81,0.2784,False,0.2641,False,True,2.5475
orb-fingervein,face,Multi-PIE_impostor_245,168,177,4456,3837,56,8,0.1429,False,0.1355,False,True,1.9047
sift-fingervein,face,Multi-PIE_impostor_245,168,177,794,879,15,0,,False,,False,True,
superglue-fingervein,face,Multi-PIE_impostor_245,168,177,903,914,309,77,0.2492,True,0.2336,False,False,2.7906
sgmnet-fingervein,face,Multi-PIE_impostor_245,168,177,1976,2000,292,19,0.0651,False,0.0650,False,True,1.3659
aspanformer,face,Multi-PIE_impostor_245,168,177,242,242,242,117,0.4835,True,0.4835,False,False,1.3008
deepdetect,face,Multi-PIE_impostor_245,168,177,16215,20400,31,23,0.7419,True,0.7419,False,False,2.6980
loftr,face,Multi-PIE_impostor_246,178,066,378,378,378,88,0.2328,False,0.2245,False,True,2.2275
orb-fingervein,face,Multi-PIE_impostor_246,178,066,3528,4002,59,0,,False,,False,True,
sift-fingervein,face,Multi-PIE_impostor_246,178,066,536,702,27,0,,False,,False,True,
superglue-fingervein,face,Multi-PIE_impostor_246,178,066,672,650,266,63,0.2368,True,0.2207,False,False,2.9152
sgmnet-fingervein,face,Multi-PIE_impostor_246,178,066,2000,2000,240,15,0.0625,False,0.0623,False,True,1.3244
aspanformer,face,Multi-PIE_impostor_246,178,066,209,209,209,86,0.4115,False,0.3968,False,True,2.2246
deepdetect,face,Multi-PIE_impostor_246,178,066,9547,14641,14,9,0.6429,True,0.6429,False,False,0.4252
loftr,face,Multi-PIE_impostor_247,035,049,544,544,544,168,0.3088,False,0.2927,False,True,2.5745
orb-fingervein,face,Multi-PIE_impostor_247,035,049,3399,2522,70,14,0.2000,False,0.1990,False,True,1.4244
sift-fingervein,face,Multi-PIE_impostor_247,035,049,745,492,28,6,0.2143,False,0.2028,False,True,0.4775
superglue-fingervein,face,Multi-PIE_impostor_247,035,049,880,723,446,102,0.2287,True,0.2137,False,False,2.8536
sgmnet-fingervein,face,Multi-PIE_impostor_247,035,049,2000,2000,371,18,0.0485,False,0.0481,False,True,1.6264
aspanformer,face,Multi-PIE_impostor_247,035,049,695,695,695,292,0.4201,False,0.4000,False,True,2.4844
deepdetect,face,Multi-PIE_impostor_247,035,049,17221,15747,47,28,0.5957,True,0.5957,False,False,2.3999
loftr,face,Multi-PIE_impostor_248,011,205,353,353,353,80,0.2266,False,0.2137,False,True,2.6719
orb-fingervein,face,Multi-PIE_impostor_248,011,205,3697,4580,27,0,,False,,False,True,
sift-fingervein,face,Multi-PIE_impostor_248,011,205,697,948,15,0,,False,,False,True,
superglue-fingervein,face,Multi-PIE_impostor_248,011,205,827,999,319,74,0.2320,True,0.2170,False,False,2.8386
sgmnet-fingervein,face,Multi-PIE_impostor_248,011,205,2000,2000,377,16,0.0424,False,0.0423,False,True,1.3845
aspanformer,face,Multi-PIE_impostor_248,011,205,244,244,244,73,0.2992,False,0.2812,False,True,2.7411
deepdetect,face,Multi-PIE_impostor_248,011,205,16211,19369,12,10,0.8333,True,0.8333,False,False,1.0318
loftr,face,Multi-PIE_impostor_249,010,107,355,355,355,67,0.1887,False,0.1816,False,True,2.2706
orb-fingervein,face,Multi-PIE_impostor_249,010,107,1881,1746,26,0,,False,,False,True,
sift-fingervein,face,Multi-PIE_impostor_249,010,107,365,435,16,0,,False,,False,True,
superglue-fingervein,face,Multi-PIE_impostor_249,010,107,467,530,208,56,0.2692,True,0.2526,False,False,2.7721
sgmnet-fingervein,face,Multi-PIE_impostor_249,010,107,2000,2000,156,11,0.0705,False,0.0696,False,True,1.1418
aspanformer,face,Multi-PIE_impostor_249,010,107,139,139,139,68,0.4892,True,0.4892,False,False,1.1763
deepdetect,face,Multi-PIE_impostor_249,010,107,8193,10051,31,23,0.7419,True,0.7419,False,False,1.7314
