matcher,modality,pair_id,identity1,identity2,num_keypoints_image1,num_keypoints_image2,num_matches,num_inliers,inlier_ratio,is_same_person_pred,confidence,ground_truth,is_correct,reprojection_error
loftr,finger,THU-FVFDT_genuine_0,201,201,502,502,502,266,0.5299,True,0.5102,True,True,2.2577
orb-fingervein,finger,THU-FVFDT_genuine_0,201,201,3890,3352,116,30,0.2586,False,0.2494,True,False,2.2259
sift-fingervein,finger,THU-FVFDT_genuine_0,201,201,831,710,30,11,0.3667,False,0.3544,True,False,1.9205
superglue-fingervein,finger,THU-FVFDT_genuine_0,201,201,1504,1367,676,289,0.4275,True,0.4019,True,True,2.7336
sgmnet-fingervein,finger,THU-FVFDT_genuine_0,201,201,1224,1198,469,87,0.1855,False,0.1828,True,False,1.7891
aspanformer,finger,THU-FVFDT_genuine_0,201,201,931,931,931,569,0.6112,True,0.6088,True,True,1.5776
deepdetect,finger,THU-FVFDT_genuine_0,201,201,47361,44188,109,44,0.4037,True,0.4037,True,True,1.9394
loftr,finger,THU-FVFDT_genuine_1,121,121,714,714,714,498,0.6975,True,0.6975,True,True,0.8835
orb-fingervein,finger,THU-FVFDT_genuine_1,121,121,4419,4620,173,119,0.6879,True,0.6772,True,True,1.8113
sift-fingervein,finger,THU-FVFDT_genuine_1,121,121,905,904,58,35,0.6034,True,0.5973,True,True,1.7047
superglue-fingervein,finger,THU-FVFDT_genuine_1,121,121,1178,1275,776,395,0.5090,True,0.4841,True,True,2.5054
sgmnet-fingervein,finger,THU-FVFDT_genuine_1,121,121,1187,1169,627,254,0.4051,True,0.4015,True,True,1.6779
aspanformer,finger,THU-FVFDT_genuine_1,121,121,1731,1731,1731,1401,0.8094,True,0.8094,True,True,1.1722
deepdetect,finger,THU-FVFDT_genuine_1,121,121,32365,27443,149,99,0.6644,True,0.6644,True,True,2.7241
loftr,finger,THU-FVFDT_genuine_2,352,352,608,608,608,396,0.6513,True,0.6209,True,True,2.4577
orb-fingervein,finger,THU-FVFDT_genuine_2,352,352,4703,4889,147,54,0.3673,False,0.3575,True,False,2.0426
sift-fingervein,finger,THU-FVFDT_genuine_2,352,352,1089,1654,28,17,0.6071,True,0.5994,True,True,1.7206
superglue-fingervein,finger,THU-FVFDT_genuine_2,352,352,875,956,457,188,0.4114,True,0.3865,True,True,2.7473
sgmnet-fingervein,finger,THU-FVFDT_genuine_2,352,352,1339,1708,687,212,0.3086,True,0.3041,True,True,1.7907
aspanformer,finger,THU-FVFDT_genuine_2,352,352,1131,1131,1131,847,0.7489,True,0.7365,True,True,1.8334
deepdetect,finger,THU-FVFDT_genuine_2,352,352,67202,69546,151,86,0.5695,True,0.5695,True,True,2.6352
loftr,finger,THU-FVFDT_genuine_3,324,324,764,764,764,572,0.7487,True,0.7332,True,True,1.9188
orb-fingervein,finger,THU-FVFDT_genuine_3,324,324,4989,5000,142,59,0.4155,False,0.4118,True,False,1.6800
sift-fingervein,finger,THU-FVFDT_genuine_3,324,324,1317,1592,64,33,0.5156,True,0.4954,True,True,2.2983
superglue-fingervein,finger,THU-FVFDT_genuine_3,324,324,1326,1369,780,445,0.5705,True,0.5353,True,True,2.7743
sgmnet-fingervein,finger,THU-FVFDT_genuine_3,324,324,1375,1523,860,309,0.3593,True,0.3531,True,True,1.8506
aspanformer,finger,THU-FVFDT_genuine_3,324,324,1570,1570,1570,1357,0.8643,True,0.8572,True,True,1.6647
deepdetect,finger,THU-FVFDT_genuine_3,324,324,74551,86328,212,156,0.7358,True,0.7358,True,True,1.9866
loftr,finger,THU-FVFDT_genuine_4,304,304,816,816,816,548,0.6716,True,0.6588,True,True,1.8831
orb-fingervein,finger,THU-FVFDT_genuine_4,304,304,4949,4796,186,103,0.5538,True,0.5389,True,True,2.0435
sift-fingervein,finger,THU-FVFDT_genuine_4,304,304,1240,1093,56,30,0.5357,True,0.5166,True,True,2.2280
superglue-fingervein,finger,THU-FVFDT_genuine_4,304,304,714,749,365,177,0.4849,True,0.4567,True,True,2.7007
sgmnet-fingervein,finger,THU-FVFDT_genuine_4,304,304,1356,1250,672,226,0.3363,True,0.3308,True,True,1.8310
aspanformer,finger,THU-FVFDT_genuine_4,304,304,1551,1551,1551,1119,0.7215,True,0.6943,True,True,2.2677
deepdetect,finger,THU-FVFDT_genuine_4,304,304,65688,70688,258,178,0.6899,True,0.6899,True,True,2.8878
loftr,finger,THU-FVFDT_genuine_5,227,227,909,909,909,834,0.9175,True,0.9175,True,True,1.3549
orb-fingervein,finger,THU-FVFDT_genuine_5,227,227,4769,4938,249,132,0.5301,True,0.5149,True,True,2.0812
sift-fingervein,finger,THU-FVFDT_genuine_5,227,227,1287,1432,87,61,0.7011,True,0.6805,True,True,2.0967
superglue-fingervein,finger,THU-FVFDT_genuine_5,227,227,706,889,418,228,0.5455,True,0.5156,True,True,2.6267
sgmnet-fingervein,finger,THU-FVFDT_genuine_5,227,227,1509,1472,815,330,0.4049,True,0.4010,True,True,1.6943
aspanformer,finger,THU-FVFDT_genuine_5,227,227,1788,1788,1788,1727,0.9659,True,0.9659,True,True,1.4371
deepdetect,finger,THU-FVFDT_genuine_5,227,227,58918,67722,223,179,0.8027,True,0.8027,True,True,3.0370
loftr,finger,THU-FVFDT_genuine_6,193,193,765,765,765,583,0.7621,True,0.7384,True,True,2.1319
orb-fingervein,finger,THU-FVFDT_genuine_6,193,193,3664,3823,243,121,0.4979,True,0.4902,True,True,1.8119
sift-fingervein,finger,THU-FVFDT_genuine_6,193,193,891,867,91,65,0.7143,True,0.6893,True,True,2.2114
superglue-fingervein,finger,THU-FVFDT_genuine_6,193,193,702,829,433,220,0.5081,True,0.4823,True,True,2.5426
sgmnet-fingervein,finger,THU-FVFDT_genuine_6,193,193,1247,1158,625,286,0.4576,True,0.4532,True,True,1.6937
aspanformer,finger,THU-FVFDT_genuine_6,193,193,1502,1502,1502,1100,0.7324,True,0.7247,True,True,1.7097
deepdetect,finger,THU-FVFDT_genuine_6,193,193,45521,45625,188,139,0.7394,True,0.7394,True,True,2.1687
loftr,finger,THU-FVFDT_genuine_7,601,601,935,935,935,651,0.6963,True,0.6817,True,True,1.9237
orb-fingervein,finger,THU-FVFDT_genuine_7,601,601,4650,4751,258,172,0.6667,True,0.6500,True,True,2.0055
sift-fingervein,finger,THU-FVFDT_genuine_7,601,601,1313,1621,70,46,0.6571,True,0.6501,True,True,1.7157
superglue-fingervein,finger,THU-FVFDT_genuine_7,601,601,649,610,369,212,0.5745,True,0.5424,True,True,2.6509
sgmnet-fingervein,finger,THU-FVFDT_genuine_7,601,601,1589,1756,928,339,0.3653,True,0.3611,True,True,1.7310
aspanformer,finger,THU-FVFDT_genuine_7,601,601,1581,1581,1581,1400,0.8855,True,0.8855,True,True,1.0807
deepdetect,finger,THU-FVFDT_genuine_7,601,601,65942,64453,356,275,0.7725,True,0.7725,True,True,2.3555
loftr,finger,THU-FVFDT_genuine_8,18,18,685,685,685,528,0.7708,True,0.7708,True,True,1.0933
orb-fingervein,finger,THU-FVFDT_genuine_8,18,18,3665,3970,206,140,0.6796,True,0.6611,True,True,2.0527
sift-fingervein,finger,THU-FVFDT_genuine_8,18,18,552,590,74,46,0.6216,True,0.6092,True,True,1.9028
superglue-fingervein,finger,THU-FVFDT_genuine_8,18,18,891,997,484,270,0.5579,True,0.5292,True,True,2.5552
sgmnet-fingervein,finger,THU-FVFDT_genuine_8,18,18,907,957,454,170,0.3744,True,0.3727,True,True,1.5935
aspanformer,finger,THU-FVFDT_genuine_8,18,18,1598,1598,1598,1497,0.9368,True,0.9368,True,True,1.3561
deepdetect,finger,THU-FVFDT_genuine_8,18,18,35830,41709,119,85,0.7143,True,0.7143,True,True,2.1494
loftr,finger,THU-FVFDT_genuine_9,489,489,874,874,874,673,0.7700,True,0.7700,True,True,1.1850
orb-fingervein,finger,THU-FVFDT_genuine_9,489,489,4819,4778,228,127,0.5570,True,0.5415,True,True,2.0638
sift-fingervein,finger,THU-FVFDT_genuine_9,489,489,1057,1341,76,47,0.6184,True,0.6153,True,True,1.6008
superglue-fingervein,finger,THU-FVFDT_genuine_9,489,489,690,642,362,192,0.5304,True,0.5034,True,True,2.5431
sgmnet-fingervein,finger,THU-FVFDT_genuine_9,489,489,1336,1547,799,304,0.3805,True,0.3775,True,True,1.6578
aspanformer,finger,THU-FVFDT_genuine_9,489,489,1588,1588,1588,1423,0.8961,True,0.8961,True,True,1.3323
deepdetect,finger,THU-FVFDT_genuine_9,489,489,65521,61918,217,143,0.6590,True,0.6590,True,True,2.4402
loftr,finger,THU-FVFDT_genuine_10,128,128,866,866,866,541,0.6247,True,0.6217,True,True,1.5976
orb-fingervein,finger,THU-FVFDT_genuine_10,128,128,4616,4440,222,144,0.6486,True,0.6366,True,True,1.8741
sift-fingervein,finger,THU-FVFDT_genuine_10,128,128,897,802,81,46,0.5679,True,0.5542,True,True,1.9881
superglue-fingervein,finger,THU-FVFDT_genuine_10,128,128,985,1045,590,307,0.5203,True,0.4967,True,True,2.4304
sgmnet-fingervein,finger,THU-FVFDT_genuine_10,128,128,1174,1148,657,289,0.4399,True,0.4364,True,True,1.6596
aspanformer,finger,THU-FVFDT_genuine_10,128,128,1630,1630,1630,1455,0.8926,True,0.8868,True,True,1.6315
deepdetect,finger,THU-FVFDT_genuine_10,128,128,36765,37730,135,97,0.7185,True,0.7185,True,True,2.2607
loftr,finger,THU-FVFDT_genuine_11,126,126,1147,1147,1147,996,0.8684,True,0.8684,True,True,0.8569
orb-fingervein,finger,THU-FVFDT_genuine_11,126,126,4563,4601,362,277,0.7652,True,0.7559,True,True,1.7443
sift-fingervein,finger,THU-FVFDT_genuine_11,126,126,915,904,108,78,0.7222,True,0.7070,True,True,1.9256
superglue-fingervein,finger,THU-FVFDT_genuine_11,126,126,957,1017,596,392,0.6577,True,0.6258,True,True,2.4956
sgmnet-fingervein,finger,THU-FVFDT_genuine_11,126,126,1198,1212,685,257,0.3752,True,0.3733,True,True,1.5995
aspanformer,finger,THU-FVFDT_genuine_11,126,126,1952,1952,1952,1928,0.9877,True,0.9877,True,True,0.8942
deepdetect,finger,THU-FVFDT_genuine_11,126,126,28840,35483,110,90,0.8182,True,0.8182,True,True,1.7475
loftr,finger,THU-FVFDT_genuine_12,185,185,1135,1135,1135,1107,0.9753,True,0.9753,True,True,0.4947
orb-fingervein,finger,THU-FVFDT_genuine_12,185,185,4225,4152,553,363,0.6564,True,0.6433,True,True,1.9030
sift-fingervein,finger,THU-FVFDT_genuine_12,185,185,772,767,146,119,0.8151,True,0.7997,True,True,1.8806
superglue-fingervein,finger,THU-FVFDT_genuine_12,185,185,897,840,526,361,0.6863,True,0.6596,True,True,2.2946
sgmnet-fingervein,finger,THU-FVFDT_genuine_12,185,185,1064,1068,583,261,0.4477,True,0.4469,True,True,1.5359
aspanformer,finger,THU-FVFDT_genuine_12,185,185,1993,1993,1993,1897,0.9518,True,0.9518,True,True,0.8716
deepdetect,finger,THU-FVFDT_genuine_12,185,185,45672,47912,167,135,0.8084,True,0.8084,True,True,2.3823
loftr,finger,THU-FVFDT_genuine_13,30,30,1078,1078,1078,1005,0.9323,True,0.9323,True,True,1.2344
orb-fingervein,finger,THU-FVFDT_genuine_13,30,30,4650,4478,269,179,0.6654,True,0.6554,True,True,1.8043
sift-fingervein,finger,THU-FVFDT_genuine_13,30,30,908,923,96,80,0.8333,True,0.8219,True,True,1.7767
superglue-fingervein,finger,THU-FVFDT_genuine_13,30,30,1083,1044,631,386,0.6117,True,0.5846,True,True,2.4065
sgmnet-fingervein,finger,THU-FVFDT_genuine_13,30,30,1201,1200,687,289,0.4207,True,0.4171,True,True,1.6697
aspanformer,finger,THU-FVFDT_genuine_13,30,30,1907,1907,1907,1665,0.8731,True,0.8731,True,True,1.2608
deepdetect,finger,THU-FVFDT_genuine_13,30,30,42702,51993,160,121,0.7562,True,0.7562,True,True,2.1832
loftr,finger,THU-FVFDT_genuine_14,313,313,395,395,395,244,0.6177,True,0.5896,True,True,2.4314
orb-fingervein,finger,THU-FVFDT_genuine_14,313,313,4497,4934,89,34,0.3820,False,0.3684,True,False,2.2244
sift-fingervein,finger,THU-FVFDT_genuine_14,313,313,1533,1409,36,15,0.4167,False,0.4147,True,False,1.5218
superglue-fingervein,finger,THU-FVFDT_genuine_14,313,313,891,660,160,70,0.4375,True,0.4123,True,True,2.6873
sgmnet-fingervein,finger,THU-FVFDT_genuine_14,313,313,1699,1554,679,218,0.3211,True,0.3172,True,True,1.7406
aspanformer,finger,THU-FVFDT_genuine_14,313,313,949,949,949,675,0.7113,True,0.6882,True,True,2.1605
deepdetect,finger,THU-FVFDT_genuine_14,313,313,61667,58116,126,55,0.4365,True,0.4365,True,True,2.3257
loftr,finger,THU-FVFDT_genuine_15,565,565,922,922,922,790,0.8568,True,0.8568,True,True,1.3947
orb-fingervein,finger,THU-FVFDT_genuine_15,565,565,4986,4989,231,164,0.7100,True,0.6923,True,True,2.0040
sift-fingervein,finger,THU-FVFDT_genuine_15,565,565,1675,1313,98,63,0.6429,True,0.6210,True,True,2.1912
superglue-fingervein,finger,THU-FVFDT_genuine_15,565,565,961,878,518,236,0.4556,True,0.4332,True,True,2.5073
sgmnet-fingervein,finger,THU-FVFDT_genuine_15,565,565,1605,1483,870,319,0.3667,True,0.3634,True,True,1.6795
aspanformer,finger,THU-FVFDT_genuine_15,565,565,1738,1738,1738,1351,0.7773,True,0.7743,True,True,1.5789
deepdetect,finger,THU-FVFDT_genuine_15,565,565,71696,66945,431,363,0.8422,True,0.8422,True,True,2.4529
loftr,finger,THU-FVFDT_genuine_16,123,123,781,781,781,642,0.8220,True,0.8009,True,True,2.0206
orb-fingervein,finger,THU-FVFDT_genuine_16,123,123,4728,4430,288,190,0.6597,True,0.6463,True,True,1.9102
sift-fingervein,finger,THU-FVFDT_genuine_16,123,123,807,813,94,62,0.6596,True,0.6590,True,True,1.5166
superglue-fingervein,finger,THU-FVFDT_genuine_16,123,123,1029,965,439,231,0.5262,True,0.5006,True,True,2.4956
sgmnet-fingervein,finger,THU-FVFDT_genuine_16,123,123,1006,922,512,223,0.4355,True,0.4340,True,True,1.5717
aspanformer,finger,THU-FVFDT_genuine_16,123,123,1313,1313,1313,1048,0.7982,True,0.7839,True,True,1.8613
deepdetect,finger,THU-FVFDT_genuine_16,123,123,44511,69355,144,91,0.6319,True,0.6319,True,True,2.2341
loftr,finger,THU-FVFDT_genuine_17,67,67,1111,1111,1111,1069,0.9622,True,0.9622,True,True,0.4898
orb-fingervein,finger,THU-FVFDT_genuine_17,67,67,4641,4528,595,394,0.6622,True,0.6562,True,True,1.6808
sift-fingervein,finger,THU-FVFDT_genuine_17,67,67,730,779,184,147,0.7989,True,0.7900,True,True,1.7237
superglue-fingervein,finger,THU-FVFDT_genuine_17,67,67,1199,1141,580,376,0.6483,True,0.6301,True,True,2.0679
sgmnet-fingervein,finger,THU-FVFDT_genuine_17,67,67,904,942,524,211,0.4027,True,0.4015,True,True,1.5601
aspanformer,finger,THU-FVFDT_genuine_17,67,67,2048,2048,2048,2004,0.9785,True,0.9785,True,True,0.6502
deepdetect,finger,THU-FVFDT_genuine_17,67,67,54259,60143,348,332,0.9540,True,0.9540,True,True,1.7294
loftr,finger,THU-FVFDT_genuine_18,282,282,788,788,788,528,0.6701,True,0.6476,True,True,2.1820
orb-fingervein,finger,THU-FVFDT_genuine_18,282,282,5000,5000,113,59,0.5221,True,0.5084,True,True,2.0320
sift-fingervein,finger,THU-FVFDT_genuine_18,282,282,1449,1774,36,24,0.6667,True,0.6593,True,True,1.7188
superglue-fingervein,finger,THU-FVFDT_genuine_18,282,282,896,914,490,260,0.5306,True,0.4976,True,True,2.7828
sgmnet-fingervein,finger,THU-FVFDT_genuine_18,282,282,1623,1776,915,329,0.3596,True,0.3554,True,True,1.7311
aspanformer,finger,THU-FVFDT_genuine_18,282,282,1437,1437,1437,1141,0.7940,True,0.7665,True,True,2.2048
deepdetect,finger,THU-FVFDT_genuine_18,282,282,67351,69762,213,133,0.6244,True,0.6244,True,True,2.6026
loftr,finger,THU-FVFDT_genuine_19,92,92,773,773,773,502,0.6494,True,0.6425,True,True,1.7142
orb-fingervein,finger,THU-FVFDT_genuine_19,92,92,4668,4582,237,133,0.5612,True,0.5488,True,True,1.9468
sift-fingervein,finger,THU-FVFDT_genuine_19,92,92,962,944,70,41,0.5857,True,0.5810,True,True,1.6600
superglue-fingervein,finger,THU-FVFDT_genuine_19,92,92,1128,1214,570,349,0.6123,True,0.5874,True,True,2.3306
sgmnet-fingervein,finger,THU-FVFDT_genuine_19,92,92,1205,1181,627,195,0.3110,True,0.3073,True,True,1.7403
aspanformer,finger,THU-FVFDT_genuine_19,92,92,1346,1346,1346,1155,0.8581,True,0.8474,True,True,1.7508
deepdetect,finger,THU-FVFDT_genuine_19,92,92,66680,43567,274,141,0.5146,True,0.5146,True,True,2.6408
loftr,finger,THU-FVFDT_genuine_20,486,486,874,874,874,742,0.8490,True,0.8490,True,True,1.2113
orb-fingervein,finger,THU-FVFDT_genuine_20,486,486,4747,4411,194,87,0.4485,False,0.4378,True,False,1.9801
sift-fingervein,finger,THU-FVFDT_genuine_20,486,486,1371,1372,41,22,0.5366,True,0.5267,True,True,1.8629
superglue-fingervein,finger,THU-FVFDT_genuine_20,486,486,879,803,414,207,0.5000,True,0.4720,True,True,2.6520
sgmnet-fingervein,finger,THU-FVFDT_genuine_20,486,486,1505,1611,768,289,0.3763,True,0.3725,True,True,1.7036
aspanformer,finger,THU-FVFDT_genuine_20,486,486,1614,1614,1614,1498,0.9281,True,0.9254,True,True,1.5592
deepdetect,finger,THU-FVFDT_genuine_20,486,486,61755,62107,171,94,0.5497,True,0.5497,True,True,2.3746
loftr,finger,THU-FVFDT_genuine_21,301,301,820,820,820,662,0.8073,True,0.8073,True,True,1.3718
orb-fingervein,finger,THU-FVFDT_genuine_21,301,301,4915,4914,136,90,0.6618,True,0.6511,True,True,1.8258
sift-fingervein,finger,THU-FVFDT_genuine_21,301,301,1696,1697,40,20,0.5000,True,0.4953,True,True,1.6764
superglue-fingervein,finger,THU-FVFDT_genuine_21,301,301,860,791,539,259,0.4805,True,0.4559,True,True,2.5502
sgmnet-fingervein,finger,THU-FVFDT_genuine_21,301,301,1792,1923,1024,454,0.4434,True,0.4390,True,True,1.6977
aspanformer,finger,THU-FVFDT_genuine_21,301,301,1636,1636,1636,1610,0.9841,True,0.9841,True,True,1.3084
deepdetect,finger,THU-FVFDT_genuine_21,301,301,60458,57090,240,149,0.6208,True,0.6208,True,True,1.8787
loftr,finger,THU-FVFDT_genuine_22,512,512,698,698,698,453,0.6490,True,0.6268,True,True,2.1962
orb-fingervein,finger,THU-FVFDT_genuine_22,512,512,4953,5000,153,76,0.4967,True,0.4872,True,True,1.8864
sift-fingervein,finger,THU-FVFDT_genuine_22,512,512,1433,1400,62,44,0.7097,True,0.6832,True,True,2.2612
superglue-fingervein,finger,THU-FVFDT_genuine_22,512,512,904,940,458,234,0.5109,True,0.4838,True,True,2.5903
sgmnet-fingervein,finger,THU-FVFDT_genuine_22,512,512,1501,1401,794,270,0.3401,True,0.3359,True,True,1.7465
aspanformer,finger,THU-FVFDT_genuine_22,512,512,1307,1307,1307,1079,0.8256,True,0.7984,True,True,2.1678
deepdetect,finger,THU-FVFDT_genuine_22,512,512,71813,68567,301,231,0.7674,True,0.7674,True,True,2.2954
loftr,finger,THU-FVFDT_genuine_23,355,355,672,672,672,478,0.7113,True,0.7008,True,True,1.7985
orb-fingervein,finger,THU-FVFDT_genuine_23,355,355,4770,3975,62,17,0.2742,False,0.2737,True,False,1.4547
sift-fingervein,finger,THU-FVFDT_genuine_23,355,355,1590,946,26,9,0.3462,False,0.3379,True,False,1.0848
superglue-fingervein,finger,THU-FVFDT_genuine_23,355,355,745,539,373,142,0.3807,True,0.3588,True,True,2.6832
sgmnet-fingervein,finger,THU-FVFDT_genuine_23,355,355,1893,1504,815,203,0.2491,True,0.2452,True,True,1.8167
aspanformer,finger,THU-FVFDT_genuine_23,355,355,1451,1451,1451,1229,0.8470,True,0.8470,True,True,1.3746
deepdetect,finger,THU-FVFDT_genuine_23,355,355,58349,47212,110,43,0.3909,True,0.3909,True,True,2.0914
loftr,finger,THU-FVFDT_genuine_24,104,104,924,924,924,801,0.8669,True,0.8669,True,True,1.1294
orb-fingervein,finger,THU-FVFDT_genuine_24,104,104,4719,4677,245,167,0.6816,True,0.6681,True,True,1.9010
sift-fingervein,finger,THU-FVFDT_genuine_24,104,104,946,945,104,66,0.6346,True,0.6190,True,True,1.9989
superglue-fingervein,finger,THU-FVFDT_genuine_24,104,104,874,913,509,354,0.6955,True,0.6644,True,True,2.4137
sgmnet-fingervein,finger,THU-FVFDT_genuine_24,104,104,1197,1182,663,272,0.4103,True,0.4071,True,True,1.6537
aspanformer,finger,THU-FVFDT_genuine_24,104,104,1748,1748,1748,1690,0.9668,True,0.9668,True,True,1.3619
deepdetect,finger,THU-FVFDT_genuine_24,104,104,59806,62136,211,149,0.7062,True,0.7062,True,True,2.4395
loftr,finger,THU-FVFDT_genuine_25,246,246,807,807,807,672,0.8327,True,0.8327,True,True,0.7658
orb-fingervein,finger,THU-FVFDT_genuine_25,246,246,4916,5000,141,68,0.4823,True,0.4714,True,True,1.9580
sift-fingervein,finger,THU-FVFDT_genuine_25,246,246,1152,1434,42,23,0.5476,True,0.5321,True,True,2.0703
superglue-fingervein,finger,THU-FVFDT_genuine_25,246,246,928,1134,529,286,0.5406,True,0.5114,True,True,2.6138
sgmnet-fingervein,finger,THU-FVFDT_genuine_25,246,246,1345,1449,804,312,0.3881,True,0.3828,True,True,1.7706
aspanformer,finger,THU-FVFDT_genuine_25,246,246,1727,1727,1727,1722,0.9971,True,0.9971,True,True,0.9508
deepdetect,finger,THU-FVFDT_genuine_25,246,246,68127,74854,300,232,0.7733,True,0.7733,True,True,2.2299
loftr,finger,THU-FVFDT_genuine_26,90,90,919,919,919,732,0.7965,True,0.7965,True,True,1.1406
orb-fingervein,finger,THU-FVFDT_genuine_26,90,90,4928,4932,517,449,0.8685,True,0.8607,True,True,1.6808
sift-fingervein,finger,THU-FVFDT_genuine_26,90,90,986,923,183,159,0.8689,True,0.8601,True,True,1.7032
superglue-fingervein,finger,THU-FVFDT_genuine_26,90,90,1311,1236,654,427,0.6529,True,0.6303,True,True,2.2055
sgmnet-fingervein,finger,THU-FVFDT_genuine_26,90,90,1120,1123,648,330,0.5093,True,0.5065,True,True,1.6081
aspanformer,finger,THU-FVFDT_genuine_26,90,90,1824,1824,1824,1763,0.9666,True,0.9666,True,True,0.9494
deepdetect,finger,THU-FVFDT_genuine_26,90,90,59451,47248,561,528,0.9412,True,0.9412,True,True,1.9004
loftr,finger,THU-FVFDT_genuine_27,412,412,826,826,826,543,0.6574,True,0.6418,True,True,1.9813
orb-fingervein,finger,THU-FVFDT_genuine_27,412,412,4467,5000,154,107,0.6948,True,0.6887,True,True,1.6753
sift-fingervein,finger,THU-FVFDT_genuine_27,412,412,1289,1815,52,39,0.7500,True,0.7387,True,True,1.8023
superglue-fingervein,finger,THU-FVFDT_genuine_27,412,412,619,1368,451,255,0.5654,True,0.5366,True,True,2.5467
sgmnet-fingervein,finger,THU-FVFDT_genuine_27,412,412,1596,1737,925,442,0.4778,True,0.4723,True,True,1.7352
aspanformer,finger,THU-FVFDT_genuine_27,412,412,1733,1733,1733,1684,0.9717,True,0.9558,True,True,1.8303
deepdetect,finger,THU-FVFDT_genuine_27,412,412,53863,79584,258,211,0.8178,True,0.8178,True,True,1.7284
loftr,finger,THU-FVFDT_genuine_28,78,78,1121,1121,1121,1073,0.9572,True,0.9572,True,True,1.0364
orb-fingervein,finger,THU-FVFDT_genuine_28,78,78,4923,4957,403,317,0.7866,True,0.7720,True,True,1.8759
sift-fingervein,finger,THU-FVFDT_genuine_28,78,78,871,880,98,79,0.8061,True,0.7972,True,True,1.7231
superglue-fingervein,finger,THU-FVFDT_genuine_28,78,78,1422,1353,901,478,0.5305,True,0.5064,True,True,2.4306
sgmnet-fingervein,finger,THU-FVFDT_genuine_28,78,78,1043,1053,601,260,0.4326,True,0.4298,True,True,1.6319
aspanformer,finger,THU-FVFDT_genuine_28,78,78,1830,1830,1830,1713,0.9361,True,0.9361,True,True,1.3526
deepdetect,finger,THU-FVFDT_genuine_28,78,78,42974,34845,208,155,0.7452,True,0.7452,True,True,1.8135
loftr,finger,THU-FVFDT_genuine_29,242,242,541,541,541,231,0.4270,False,0.4144,True,False,2.1007
orb-fingervein,finger,THU-FVFDT_genuine_29,242,242,4249,3875,136,39,0.2868,False,0.2744,True,False,2.3847
sift-fingervein,finger,THU-FVFDT_genuine_29,242,242,1215,1168,34,12,0.3529,False,0.3459,True,False,1.7111
superglue-fingervein,finger,THU-FVFDT_genuine_29,242,242,895,917,271,91,0.3358,True,0.3157,True,True,2.7364
sgmnet-fingervein,finger,THU-FVFDT_genuine_29,242,242,1354,1411,626,145,0.2316,True,0.2286,True,True,1.7663
aspanformer,finger,THU-FVFDT_genuine_29,242,242,661,661,661,369,0.5582,True,0.5317,True,True,2.4738
deepdetect,finger,THU-FVFDT_genuine_29,242,242,63379,61882,225,67,0.2978,False,0.2978,True,False,2.5759
loftr,finger,THU-FVFDT_genuine_30,298,298,718,718,718,492,0.6852,True,0.6852,True,True,1.2214
orb-fingervein,finger,THU-FVFDT_genuine_30,298,298,4555,4544,106,50,0.4717,True,0.4591,True,True,2.0406
sift-fingervein,finger,THU-FVFDT_genuine_30,298,298,1240,1443,26,12,0.4615,False,0.4425,True,False,2.1530
superglue-fingervein,finger,THU-FVFDT_genuine_30,298,298,1191,1204,695,323,0.4647,True,0.4359,True,True,2.7797
sgmnet-fingervein,finger,THU-FVFDT_genuine_30,298,298,1678,1796,833,252,0.3025,True,0.2983,True,True,1.7841
aspanformer,finger,THU-FVFDT_genuine_30,298,298,1338,1338,1338,918,0.6861,True,0.6852,True,True,1.5256
deepdetect,finger,THU-FVFDT_genuine_30,298,298,52365,55263,172,71,0.4128,True,0.4128,True,True,2.5697
loftr,finger,THU-FVFDT_genuine_31,409,409,1064,1064,1064,923,0.8675,True,0.8662,True,True,1.5307
orb-fingervein,finger,THU-FVFDT_genuine_31,409,409,5000,4993,369,275,0.7453,True,0.7338,True,True,1.8106
sift-fingervein,finger,THU-FVFDT_genuine_31,409,409,1225,1307,101,79,0.7822,True,0.7523,True,True,2.2799
superglue-fingervein,finger,THU-FVFDT_genuine_31,409,409,1297,980,600,368,0.6133,True,0.5897,True,True,2.2850
sgmnet-fingervein,finger,THU-FVFDT_genuine_31,409,409,1279,1406,758,259,0.3417,True,0.3345,True,True,1.9251
aspanformer,finger,THU-FVFDT_genuine_31,409,409,1820,1820,1820,1601,0.8797,True,0.8765,True,True,1.5725
deepdetect,finger,THU-FVFDT_genuine_31,409,409,64532,60320,284,227,0.7993,True,0.7993,True,True,2.1343
loftr,finger,THU-FVFDT_genuine_32,93,93,704,704,704,613,0.8707,True,0.8511,True,True,1.9569
orb-fingervein,finger,THU-FVFDT_genuine_32,93,93,4463,4692,229,149,0.6507,True,0.6372,True,True,1.9171
sift-fingervein,finger,THU-FVFDT_genuine_32,93,93,720,808,83,49,0.5904,True,0.5894,True,True,1.5321
superglue-fingervein,finger,THU-FVFDT_genuine_32,93,93,977,1190,531,321,0.6045,True,0.5712,True,True,2.6348
sgmnet-fingervein,finger,THU-FVFDT_genuine_32,93,93,1034,1044,515,220,0.4272,True,0.4244,True,True,1.6312
aspanformer,finger,THU-FVFDT_genuine_32,93,93,1436,1436,1436,1330,0.9262,True,0.9045,True,True,1.9728
deepdetect,finger,THU-FVFDT_genuine_32,93,93,53171,48002,194,134,0.6907,True,0.6907,True,True,2.0268
loftr,finger,THU-FVFDT_genuine_33,184,184,670,670,670,438,0.6537,True,0.6365,True,True,2.0346
orb-fingervein,finger,THU-FVFDT_genuine_33,184,184,3769,4066,311,178,0.5723,True,0.5502,True,True,2.2906
sift-fingervein,finger,THU-FVFDT_genuine_33,184,184,628,665,89,72,0.8090,True,0.7713,True,True,2.4543
superglue-fingervein,finger,THU-FVFDT_genuine_33,184,184,902,984,492,273,0.5549,True,0.5301,True,True,2.4123
sgmnet-fingervein,finger,THU-FVFDT_genuine_33,184,184,881,926,480,183,0.3812,True,0.3773,True,True,1.7077
aspanformer,finger,THU-FVFDT_genuine_33,184,184,1170,1170,1170,982,0.8393,True,0.8367,True,True,1.5617
deepdetect,finger,THU-FVFDT_genuine_33,184,184,46640,47548,165,99,0.6000,True,0.6000,True,True,3.1971
loftr,finger,THU-FVFDT_genuine_34,45,45,840,840,840,707,0.8417,True,0.8417,True,True,1.2179
orb-fingervein,finger,THU-FVFDT_genuine_34,45,45,4282,4159,269,210,0.7807,True,0.7582,True,True,2.0849
sift-fingervein,finger,THU-FVFDT_genuine_34,45,45,774,737,101,76,0.7525,True,0.7370,True,True,1.9149
superglue-fingervein,finger,THU-FVFDT_genuine_34,45,45,989,952,608,304,0.5000,True,0.4754,True,True,2.5099
sgmnet-fingervein,finger,THU-FVFDT_genuine_34,45,45,1043,1090,592,237,0.4003,True,0.3979,True,True,1.6220
aspanformer,finger,THU-FVFDT_genuine_34,45,45,1639,1639,1639,1310,0.7993,True,0.7993,True,True,1.4464
deepdetect,finger,THU-FVFDT_genuine_34,45,45,52119,35370,327,223,0.6820,True,0.6820,True,True,2.1328
loftr,finger,THU-FVFDT_genuine_35,189,189,768,768,768,439,0.5716,True,0.5554,True,True,2.0747
orb-fingervein,finger,THU-FVFDT_genuine_35,189,189,4678,4218,324,196,0.6049,True,0.5859,True,True,2.1410
sift-fingervein,finger,THU-FVFDT_genuine_35,189,189,831,779,115,65,0.5652,True,0.5418,True,True,2.3453
superglue-fingervein,finger,THU-FVFDT_genuine_35,189,189,1196,1024,560,255,0.4554,True,0.4265,True,True,2.8111
sgmnet-fingervein,finger,THU-FVFDT_genuine_35,189,189,1031,1011,539,174,0.3228,True,0.3199,True,True,1.6799
aspanformer,finger,THU-FVFDT_genuine_35,189,189,1030,1030,1030,637,0.6184,True,0.6062,True,True,1.8984
deepdetect,finger,THU-FVFDT_genuine_35,189,189,55288,50502,175,90,0.5143,True,0.5143,True,True,2.7891
loftr,finger,THU-FVFDT_genuine_36,43,43,967,967,967,817,0.8449,True,0.8449,True,True,0.4904
orb-fingervein,finger,THU-FVFDT_genuine_36,43,43,4674,4677,586,351,0.5990,True,0.5918,True,True,1.7395
sift-fingervein,finger,THU-FVFDT_genuine_36,43,43,834,900,178,122,0.6854,True,0.6807,True,True,1.6386
superglue-fingervein,finger,THU-FVFDT_genuine_36,43,43,1158,1102,662,386,0.5831,True,0.5572,True,True,2.4081
sgmnet-fingervein,finger,THU-FVFDT_genuine_36,43,43,1013,1050,590,287,0.4864,True,0.4864,True,True,1.4946
aspanformer,finger,THU-FVFDT_genuine_36,43,43,1721,1721,1721,1694,0.9843,True,0.9843,True,True,1.1608
deepdetect,finger,THU-FVFDT_genuine_36,43,43,51717,49285,328,318,0.9695,True,0.9695,True,True,1.7870
loftr,finger,THU-FVFDT_genuine_37,416,416,776,776,776,722,0.9304,True,0.9054,True,True,2.0448
orb-fingervein,finger,THU-FVFDT_genuine_37,416,416,4122,5000,184,98,0.5326,True,0.5251,True,True,1.7855
sift-fingervein,finger,THU-FVFDT_genuine_37,416,416,1171,1982,46,36,0.7826,True,0.7698,True,True,1.8287
superglue-fingervein,finger,THU-FVFDT_genuine_37,416,416,718,1030,454,200,0.4405,True,0.4185,True,True,2.5260
sgmnet-fingervein,finger,THU-FVFDT_genuine_37,416,416,1612,1921,937,344,0.3671,True,0.3632,True,True,1.7126
aspanformer,finger,THU-FVFDT_genuine_37,416,416,1360,1360,1360,1175,0.8640,True,0.8640,True,True,1.4731
deepdetect,finger,THU-FVFDT_genuine_37,416,416,48303,72146,165,117,0.7091,True,0.7091,True,True,2.0130
loftr,finger,THU-FVFDT_genuine_38,342,342,833,833,833,617,0.7407,True,0.7346,True,True,1.6649
orb-fingervein,finger,THU-FVFDT_genuine_38,342,342,4531,4983,130,65,0.5000,True,0.4812,True,True,2.2672
sift-fingervein,finger,THU-FVFDT_genuine_38,342,342,1220,1480,59,30,0.5085,True,0.4967,True,True,1.9670
superglue-fingervein,finger,THU-FVFDT_genuine_38,342,342,1115,1587,722,423,0.5859,True,0.5511,True,True,2.7229
sgmnet-fingervein,finger,THU-FVFDT_genuine_38,342,342,1671,1703,910,267,0.2934,True,0.2880,True,True,1.8741
aspanformer,finger,THU-FVFDT_genuine_38,342,342,1599,1599,1599,1308,0.8180,True,0.8120,True,True,1.6465
deepdetect,finger,THU-FVFDT_genuine_38,342,342,51713,69363,95,56,0.5895,True,0.5895,True,True,2.4416
loftr,finger,THU-FVFDT_genuine_39,139,139,820,820,820,725,0.8841,True,0.8736,True,True,1.7398
orb-fingervein,finger,THU-FVFDT_genuine_39,139,139,4243,4319,426,303,0.7113,True,0.6996,True,True,1.8317
sift-fingervein,finger,THU-FVFDT_genuine_39,139,139,818,754,92,59,0.6413,True,0.6379,True,True,1.6076
superglue-fingervein,finger,THU-FVFDT_genuine_39,139,139,974,938,527,333,0.6319,True,0.6067,True,True,2.3132
sgmnet-fingervein,finger,THU-FVFDT_genuine_39,139,139,1115,999,563,209,0.3712,True,0.3682,True,True,1.6645
aspanformer,finger,THU-FVFDT_genuine_39,139,139,1487,1487,1487,1291,0.8682,True,0.8682,True,True,1.3554
deepdetect,finger,THU-FVFDT_genuine_39,139,139,53102,54162,214,179,0.8364,True,0.8364,True,True,1.9829
loftr,finger,THU-FVFDT_genuine_40,522,522,521,521,521,289,0.5547,True,0.5327,True,True,2.3109
orb-fingervein,finger,THU-FVFDT_genuine_40,522,522,3767,3558,131,28,0.2137,False,0.2054,True,False,2.2924
sift-fingervein,finger,THU-FVFDT_genuine_40,522,522,824,964,29,11,0.3793,False,0.3627,True,False,2.1352
superglue-fingervein,finger,THU-FVFDT_genuine_40,522,522,749,709,91,38,0.4176,True,0.3991,True,True,2.4049
sgmnet-fingervein,finger,THU-FVFDT_genuine_40,522,522,1278,1392,602,139,0.2309,True,0.2282,True,True,1.7362
aspanformer,finger,THU-FVFDT_genuine_40,522,522,1148,1148,1148,720,0.6272,True,0.6272,True,True,1.2710
deepdetect,finger,THU-FVFDT_genuine_40,522,522,57152,51182,140,45,0.3214,True,0.3214,True,True,2.3904
loftr,finger,THU-FVFDT_genuine_41,594,594,835,835,835,663,0.7940,True,0.7650,True,True,2.2440
orb-fingervein,finger,THU-FVFDT_genuine_41,594,594,4303,4963,200,90,0.4500,False,0.4404,True,False,1.9318
sift-fingervein,finger,THU-FVFDT_genuine_41,594,594,1045,1521,85,51,0.6000,True,0.5913,True,True,1.7928
superglue-fingervein,finger,THU-FVFDT_genuine_41,594,594,847,1433,526,273,0.5190,True,0.4890,True,True,2.6924
sgmnet-fingervein,finger,THU-FVFDT_genuine_41,594,594,1351,1571,767,225,0.2934,True,0.2900,True,True,1.7285
aspanformer,finger,THU-FVFDT_genuine_41,594,594,1456,1456,1456,1232,0.8462,True,0.8229,True,True,2.0583
deepdetect,finger,THU-FVFDT_genuine_41,594,594,61541,69404,271,142,0.5240,True,0.5240,True,True,2.7406
loftr,finger,THU-FVFDT_genuine_42,213,213,704,704,704,421,0.5980,True,0.5808,True,True,2.0854
orb-fingervein,finger,THU-FVFDT_genuine_42,213,213,4008,4225,218,135,0.6193,True,0.6095,True,True,1.8171
sift-fingervein,finger,THU-FVFDT_genuine_42,213,213,731,797,68,45,0.6618,True,0.6395,True,True,2.1846
superglue-fingervein,finger,THU-FVFDT_genuine_42,213,213,946,936,509,251,0.4931,True,0.4688,True,True,2.5125
sgmnet-fingervein,finger,THU-FVFDT_genuine_42,213,213,1043,1160,580,188,0.3241,True,0.3197,True,True,1.7728
aspanformer,finger,THU-FVFDT_genuine_42,213,213,1344,1344,1344,925,0.6882,True,0.6727,True,True,1.9558
deepdetect,finger,THU-FVFDT_genuine_42,213,213,38530,36811,137,70,0.5109,True,0.5109,True,True,2.1617
loftr,finger,THU-FVFDT_genuine_43,448,448,766,766,766,489,0.6384,True,0.6234,True,True,1.9765
orb-fingervein,finger,THU-FVFDT_genuine_43,448,448,4931,4962,323,213,0.6594,True,0.6513,True,True,1.7473
sift-fingervein,finger,THU-FVFDT_genuine_43,448,448,1238,1506,71,42,0.5915,True,0.5816,True,True,1.8395
superglue-fingervein,finger,THU-FVFDT_genuine_43,448,448,740,762,392,171,0.4362,True,0.4152,True,True,2.4856
sgmnet-fingervein,finger,THU-FVFDT_genuine_43,448,448,1435,1624,804,270,0.3358,True,0.3308,True,True,1.8003
aspanformer,finger,THU-FVFDT_genuine_43,448,448,1406,1406,1406,959,0.6821,True,0.6674,True,True,1.9350
deepdetect,finger,THU-FVFDT_genuine_43,448,448,64273,62279,296,211,0.7128,True,0.7128,True,True,2.4779
loftr,finger,THU-FVFDT_genuine_44,171,171,1137,1137,1137,1064,0.9358,True,0.9358,True,True,0.4790
orb-fingervein,finger,THU-FVFDT_genuine_44,171,171,4901,4917,524,402,0.7672,True,0.7550,True,True,1.8191
sift-fingervein,finger,THU-FVFDT_genuine_44,171,171,820,814,140,99,0.7071,True,0.7044,True,True,1.5779
superglue-fingervein,finger,THU-FVFDT_genuine_44,171,171,1256,1280,713,423,0.5933,True,0.5767,True,True,2.0671
sgmnet-fingervein,finger,THU-FVFDT_genuine_44,171,171,963,974,507,231,0.4556,True,0.4544,True,True,1.5534
aspanformer,finger,THU-FVFDT_genuine_44,171,171,1963,1963,1963,1822,0.9282,True,0.9282,True,True,0.9006
deepdetect,finger,THU-FVFDT_genuine_44,171,171,57952,57051,264,223,0.8447,True,0.8447,True,True,1.9058
loftr,finger,THU-FVFDT_genuine_45,37,37,1340,1340,1340,1332,0.9940,True,0.9940,True,True,0.5858
orb-fingervein,finger,THU-FVFDT_genuine_45,37,37,4858,4959,692,559,0.8078,True,0.8001,True,True,1.6922
sift-fingervein,finger,THU-FVFDT_genuine_45,37,37,788,780,201,163,0.8109,True,0.8044,True,True,1.6629
superglue-fingervein,finger,THU-FVFDT_genuine_45,37,37,1345,1295,713,566,0.7938,True,0.7698,True,True,2.1159
sgmnet-fingervein,finger,THU-FVFDT_genuine_45,37,37,944,962,553,294,0.5316,True,0.5316,True,True,1.4889
aspanformer,finger,THU-FVFDT_genuine_45,37,37,2033,2033,2033,1818,0.8942,True,0.8942,True,True,0.6922
deepdetect,finger,THU-FVFDT_genuine_45,37,37,43898,46230,303,292,0.9637,True,0.9637,True,True,1.5105
loftr,finger,THU-FVFDT_genuine_46,432,432,857,857,857,648,0.7561,True,0.7384,True,True,1.9744
orb-fingervein,finger,THU-FVFDT_genuine_46,432,432,4578,4667,275,197,0.7164,True,0.6986,True,True,2.0015
sift-fingervein,finger,THU-FVFDT_genuine_46,432,432,1444,1628,92,54,0.5870,True,0.5806,True,True,1.7162
superglue-fingervein,finger,THU-FVFDT_genuine_46,432,432,1199,1091,536,362,0.6754,True,0.6392,True,True,2.6001
sgmnet-fingervein,finger,THU-FVFDT_genuine_46,432,432,1648,1752,902,385,0.4268,True,0.4219,True,True,1.7324
aspanformer,finger,THU-FVFDT_genuine_46,432,432,1367,1367,1367,935,0.6840,True,0.6783,True,True,1.6656
deepdetect,finger,THU-FVFDT_genuine_46,432,432,61070,60621,345,207,0.6000,True,0.6000,True,True,2.4616
loftr,finger,THU-FVFDT_genuine_47,276,276,633,633,633,523,0.8262,True,0.7975,True,True,2.2078
orb-fingervein,finger,THU-FVFDT_genuine_47,276,276,4432,4919,263,144,0.5475,True,0.5359,True,True,1.9302
sift-fingervein,finger,THU-FVFDT_genuine_47,276,276,1177,1481,59,29,0.4915,True,0.4776,True,True,2.0756
superglue-fingervein,finger,THU-FVFDT_genuine_47,276,276,1084,1273,560,297,0.5304,True,0.5070,True,True,2.4004
sgmnet-fingervein,finger,THU-FVFDT_genuine_47,276,276,1323,1476,711,260,0.3657,True,0.3628,True,True,1.6594
aspanformer,finger,THU-FVFDT_genuine_47,276,276,1052,1052,1052,839,0.7975,True,0.7815,True,True,1.9049
deepdetect,finger,THU-FVFDT_genuine_47,276,276,67727,73122,224,138,0.6161,True,0.6161,True,True,2.3576
loftr,finger,THU-FVFDT_genuine_48,163,163,910,910,910,807,0.8868,True,0.8714,True,True,1.8501
orb-fingervein,finger,THU-FVFDT_genuine_48,163,163,4868,4846,448,321,0.7165,True,0.7071,True,True,1.7638
sift-fingervein,finger,THU-FVFDT_genuine_48,163,163,893,923,103,76,0.7379,True,0.7298,True,True,1.7185
superglue-fingervein,finger,THU-FVFDT_genuine_48,163,163,1239,1188,601,377,0.6273,True,0.5969,True,True,2.4921
sgmnet-fingervein,finger,THU-FVFDT_genuine_48,163,163,1059,1151,642,295,0.4595,True,0.4550,True,True,1.6981
aspanformer,finger,THU-FVFDT_genuine_48,163,163,1679,1679,1679,1524,0.9077,True,0.9077,True,True,1.3832
deepdetect,finger,THU-FVFDT_genuine_48,163,163,61510,59505,198,147,0.7424,True,0.7424,True,True,1.9074
loftr,finger,THU-FVFDT_genuine_49,140,140,970,970,970,758,0.7814,True,0.7814,True,True,1.4227
orb-fingervein,finger,THU-FVFDT_genuine_49,140,140,4885,4769,425,290,0.6824,True,0.6721,True,True,1.8030
sift-fingervein,finger,THU-FVFDT_genuine_49,140,140,879,887,118,79,0.6695,True,0.6598,True,True,1.7914
superglue-fingervein,finger,THU-FVFDT_genuine_49,140,140,1159,1295,692,393,0.5679,True,0.5475,True,True,2.2306
sgmnet-fingervein,finger,THU-FVFDT_genuine_49,140,140,1102,1122,624,241,0.3862,True,0.3855,True,True,1.5355
aspanformer,finger,THU-FVFDT_genuine_49,140,140,1828,1828,1828,1811,0.9907,True,0.9907,True,True,1.0107
deepdetect,finger,THU-FVFDT_genuine_49,140,140,43305,41133,317,279,0.8801,True,0.8801,True,True,1.9376
loftr,finger,THU-FVFDT_genuine_50,309,309,809,809,809,617,0.7627,True,0.7331,True,True,2.2898
orb-fingervein,finger,THU-FVFDT_genuine_50,309,309,4978,4869,148,68,0.4595,False,0.4486,True,False,1.9787
sift-fingervein,finger,THU-FVFDT_genuine_50,309,309,1376,1039,59,27,0.4576,False,0.4454,True,False,2.0413
superglue-fingervein,finger,THU-FVFDT_genuine_50,309,309,1832,1827,833,425,0.5102,True,0.4853,True,True,2.5022
sgmnet-fingervein,finger,THU-FVFDT_genuine_50,309,309,1367,1241,594,172,0.2896,True,0.2845,True,True,1.8509
aspanformer,finger,THU-FVFDT_genuine_50,309,309,1216,1216,1216,832,0.6842,True,0.6727,True,True,1.8402
deepdetect,finger,THU-FVFDT_genuine_50,309,309,74761,71306,202,130,0.6436,True,0.6436,True,True,2.3772
loftr,finger,THU-FVFDT_genuine_51,366,366,780,780,780,521,0.6679,True,0.6490,True,True,2.0751
orb-fingervein,finger,THU-FVFDT_genuine_51,366,366,4849,4995,174,92,0.5287,True,0.5193,True,True,1.8591
sift-fingervein,finger,THU-FVFDT_genuine_51,366,366,1289,1803,58,42,0.7241,True,0.7063,True,True,1.9980
superglue-fingervein,finger,THU-FVFDT_genuine_51,366,366,615,970,409,171,0.4181,True,0.3910,True,True,2.8409
sgmnet-fingervein,finger,THU-FVFDT_genuine_51,366,366,1536,1758,884,352,0.3982,True,0.3915,True,True,1.8383
aspanformer,finger,THU-FVFDT_genuine_51,366,366,1527,1527,1527,1169,0.7656,True,0.7447,True,True,2.0521
deepdetect,finger,THU-FVFDT_genuine_51,366,366,58447,61550,431,343,0.7958,True,0.7958,True,True,2.4962
loftr,finger,THU-FVFDT_genuine_52,172,172,1059,1059,1059,987,0.9320,True,0.9320,True,True,0.7939
orb-fingervein,finger,THU-FVFDT_genuine_52,172,172,4457,4533,334,281,0.8413,True,0.8249,True,True,1.8949
sift-fingervein,finger,THU-FVFDT_genuine_52,172,172,968,967,147,113,0.7687,True,0.7536,True,True,1.8976
superglue-fingervein,finger,THU-FVFDT_genuine_52,172,172,1042,940,560,378,0.6750,True,0.6450,True,True,2.4095
sgmnet-fingervein,finger,THU-FVFDT_genuine_52,172,172,1245,1275,734,310,0.4223,True,0.4184,True,True,1.6855
aspanformer,finger,THU-FVFDT_genuine_52,172,172,1944,1944,1944,1774,0.9126,True,0.9126,True,True,0.9655
deepdetect,finger,THU-FVFDT_genuine_52,172,172,57578,56876,345,258,0.7478,True,0.7478,True,True,1.7417
loftr,finger,THU-FVFDT_genuine_53,86,86,454,454,454,241,0.5308,True,0.5212,True,True,1.8662
orb-fingervein,finger,THU-FVFDT_genuine_53,86,86,4248,4244,116,46,0.3966,False,0.3831,True,False,2.1912
sift-fingervein,finger,THU-FVFDT_genuine_53,86,86,888,885,43,19,0.4419,False,0.4263,True,False,2.1983
superglue-fingervein,finger,THU-FVFDT_genuine_53,86,86,1770,1825,332,199,0.5994,True,0.5719,True,True,2.4403
sgmnet-fingervein,finger,THU-FVFDT_genuine_53,86,86,1270,1224,479,118,0.2463,True,0.2450,True,True,1.6106
aspanformer,finger,THU-FVFDT_genuine_53,86,86,893,893,893,710,0.7951,True,0.7869,True,True,1.7058
deepdetect,finger,THU-FVFDT_genuine_53,86,86,53272,47385,91,32,0.3516,True,0.3516,True,True,2.2024
loftr,finger,THU-FVFDT_genuine_54,192,192,634,634,634,442,0.6972,True,0.6725,True,True,2.2213
orb-fingervein,finger,THU-FVFDT_genuine_54,192,192,4664,4851,224,152,0.6786,True,0.6676,True,True,1.8248
sift-fingervein,finger,THU-FVFDT_genuine_54,192,192,801,850,71,46,0.6479,True,0.6373,True,True,1.8280
superglue-fingervein,finger,THU-FVFDT_genuine_54,192,192,1194,1244,577,330,0.5719,True,0.5441,True,True,2.4958
sgmnet-fingervein,finger,THU-FVFDT_genuine_54,192,192,1003,1026,547,184,0.3364,True,0.3331,True,True,1.6937
aspanformer,finger,THU-FVFDT_genuine_54,192,192,1399,1399,1399,1078,0.7706,True,0.7706,True,True,1.4821
deepdetect,finger,THU-FVFDT_genuine_54,192,192,59614,48755,228,122,0.5351,True,0.5351,True,True,2.4037
loftr,finger,THU-FVFDT_genuine_55,68,68,703,703,703,529,0.7525,True,0.7472,True,True,1.6398
orb-fingervein,finger,THU-FVFDT_genuine_55,68,68,4526,4407,271,149,0.5498,True,0.5299,True,True,2.2372
sift-fingervein,finger,THU-FVFDT_genuine_55,68,68,583,516,52,25,0.4808,True,0.4701,True,True,1.9465
superglue-fingervein,finger,THU-FVFDT_genuine_55,68,68,1050,982,561,252,0.4492,True,0.4224,True,True,2.7300
sgmnet-fingervein,finger,THU-FVFDT_genuine_55,68,68,845,776,388,128,0.3299,True,0.3264,True,True,1.7129
aspanformer,finger,THU-FVFDT_genuine_55,68,68,1154,1154,1154,872,0.7556,True,0.7495,True,True,1.6617
deepdetect,finger,THU-FVFDT_genuine_55,68,68,48661,49891,178,118,0.6629,True,0.6629,True,True,2.3853
loftr,finger,THU-FVFDT_genuine_56,73,73,1347,1347,1347,1342,0.9963,True,0.9963,True,True,0.4261
orb-fingervein,finger,THU-FVFDT_genuine_56,73,73,4587,4801,664,530,0.7982,True,0.7889,True,True,1.7330
sift-fingervein,finger,THU-FVFDT_genuine_56,73,73,799,807,207,157,0.7585,True,0.7534,True,True,1.6329
superglue-fingervein,finger,THU-FVFDT_genuine_56,73,73,1189,1192,798,578,0.7243,True,0.6975,True,True,2.2556
sgmnet-fingervein,finger,THU-FVFDT_genuine_56,73,73,919,933,541,293,0.5416,True,0.5405,True,True,1.5416
aspanformer,finger,THU-FVFDT_genuine_56,73,73,2032,2032,2032,1872,0.9213,True,0.9213,True,True,0.6287
deepdetect,finger,THU-FVFDT_genuine_56,73,73,35587,38334,233,209,0.8970,True,0.8970,True,True,1.7134
loftr,finger,THU-FVFDT_genuine_57,517,517,622,622,622,439,0.7058,True,0.6863,True,True,2.0596
orb-fingervein,finger,THU-FVFDT_genuine_57,517,517,4508,4878,151,58,0.3841,False,0.3690,True,False,2.3008
sift-fingervein,finger,THU-FVFDT_genuine_57,517,517,1724,1809,43,16,0.3721,False,0.3611,True,False,2.0455
superglue-fingervein,finger,THU-FVFDT_genuine_57,517,517,1460,1476,628,319,0.5080,True,0.4776,True,True,2.7317
sgmnet-fingervein,finger,THU-FVFDT_genuine_57,517,517,1788,1787,826,258,0.3123,True,0.3090,True,True,1.7177
aspanformer,finger,THU-FVFDT_genuine_57,517,517,1258,1258,1258,799,0.6351,True,0.6282,True,True,1.7210
deepdetect,finger,THU-FVFDT_genuine_57,517,517,63767,69599,208,99,0.4760,True,0.4760,True,True,2.5058
loftr,finger,THU-FVFDT_genuine_58,435,435,871,871,871,611,0.7015,True,0.6935,True,True,1.7295
orb-fingervein,finger,THU-FVFDT_genuine_58,435,435,4595,4488,223,126,0.5650,True,0.5416,True,True,2.3479
sift-fingervein,finger,THU-FVFDT_genuine_58,435,435,1307,1085,65,31,0.4769,True,0.4644,True,True,2.0307
superglue-fingervein,finger,THU-FVFDT_genuine_58,435,435,1010,882,463,259,0.5594,True,0.5339,True,True,2.4332
sgmnet-fingervein,finger,THU-FVFDT_genuine_58,435,435,1461,1321,723,210,0.2905,True,0.2863,True,True,1.7886
aspanformer,finger,THU-FVFDT_genuine_58,435,435,1466,1466,1466,1111,0.7578,True,0.7497,True,True,1.7159
deepdetect,finger,THU-FVFDT_genuine_58,435,435,69350,68451,216,110,0.5093,True,0.5093,True,True,2.5695
loftr,finger,THU-FVFDT_genuine_59,249,249,350,350,350,175,0.5000,True,0.4890,True,True,1.9452
orb-fingervein,finger,THU-FVFDT_genuine_59,249,249,4987,4288,118,57,0.4831,True,0.4679,True,True,2.1363
sift-fingervein,finger,THU-FVFDT_genuine_59,249,249,1135,1073,35,16,0.4571,False,0.4495,True,False,1.7865
superglue-fingervein,finger,THU-FVFDT_genuine_59,249,249,1018,555,253,117,0.4625,True,0.4361,True,True,2.6718
sgmnet-fingervein,finger,THU-FVFDT_genuine_59,249,249,1407,1535,719,172,0.2392,True,0.2362,True,True,1.7519
aspanformer,finger,THU-FVFDT_genuine_59,249,249,920,920,920,652,0.7087,True,0.6883,True,True,2.0828
deepdetect,finger,THU-FVFDT_genuine_59,249,249,45767,48533,96,36,0.3750,True,0.3750,True,True,2.0826
loftr,finger,THU-FVFDT_genuine_60,440,440,707,707,707,457,0.6464,True,0.6405,True,True,1.6842
orb-fingervein,finger,THU-FVFDT_genuine_60,440,440,4923,5000,255,157,0.6157,True,0.5977,True,True,2.0919
sift-fingervein,finger,THU-FVFDT_genuine_60,440,440,963,1453,61,41,0.6721,True,0.6441,True,True,2.3529
superglue-fingervein,finger,THU-FVFDT_genuine_60,440,440,945,996,509,240,0.4715,True,0.4479,True,True,2.5254
sgmnet-fingervein,finger,THU-FVFDT_genuine_60,440,440,1151,1399,705,239,0.3390,True,0.3330,True,True,1.8551
aspanformer,finger,THU-FVFDT_genuine_60,440,440,1518,1518,1518,1146,0.7549,True,0.7515,True,True,1.5926
deepdetect,finger,THU-FVFDT_genuine_60,440,440,75476,71876,278,183,0.6583,True,0.6583,True,True,2.5747
loftr,finger,THU-FVFDT_genuine_61,426,426,681,681,681,494,0.7254,True,0.7016,True,True,2.1671
orb-fingervein,finger,THU-FVFDT_genuine_61,426,426,4208,4838,158,91,0.5759,True,0.5651,True,True,1.8789
sift-fingervein,finger,THU-FVFDT_genuine_61,426,426,1039,1263,50,30,0.6000,True,0.5913,True,True,1.7909
superglue-fingervein,finger,THU-FVFDT_genuine_61,426,426,761,1085,470,274,0.5830,True,0.5514,True,True,2.6155
sgmnet-fingervein,finger,THU-FVFDT_genuine_61,426,426,1508,1474,729,273,0.3745,True,0.3703,True,True,1.7264
aspanformer,finger,THU-FVFDT_genuine_61,426,426,1182,1182,1182,916,0.7750,True,0.7692,True,True,1.6482
deepdetect,finger,THU-FVFDT_genuine_61,426,426,45997,64018,137,85,0.6204,True,0.6204,True,True,2.0253
loftr,finger,THU-FVFDT_genuine_62,292,292,482,482,482,294,0.6100,True,0.5770,True,True,2.6095
orb-fingervein,finger,THU-FVFDT_genuine_62,292,292,4694,4015,101,23,0.2277,False,0.2253,True,False,1.7052
sift-fingervein,finger,THU-FVFDT_genuine_62,292,292,933,821,33,12,0.3636,False,0.3602,True,False,1.4302
superglue-fingervein,finger,THU-FVFDT_genuine_62,292,292,699,551,223,94,0.4215,True,0.3968,True,True,2.7079
sgmnet-fingervein,finger,THU-FVFDT_genuine_62,292,292,1042,1291,314,63,0.2006,False,0.1973,True,False,1.8318
aspanformer,finger,THU-FVFDT_genuine_62,292,292,630,630,630,394,0.6254,True,0.6195,True,True,1.6907
deepdetect,finger,THU-FVFDT_genuine_62,292,292,67615,50939,105,34,0.3238,True,0.3238,True,True,2.7522
loftr,finger,THU-FVFDT_genuine_63,345,345,1149,1149,1149,1102,0.9591,True,0.9591,True,True,0.5521
orb-fingervein,finger,THU-FVFDT_genuine_63,345,345,4022,3979,252,206,0.8175,True,0.7977,True,True,1.9897
sift-fingervein,finger,THU-FVFDT_genuine_63,345,345,994,955,96,71,0.7396,True,0.7158,True,True,2.1545
superglue-fingervein,finger,THU-FVFDT_genuine_63,345,345,538,485,276,125,0.4529,True,0.4306,True,True,2.5081
sgmnet-fingervein,finger,THU-FVFDT_genuine_63,345,345,1525,1543,846,321,0.3794,True,0.3748,True,True,1.7477
aspanformer,finger,THU-FVFDT_genuine_63,345,345,1694,1694,1694,1427,0.8424,True,0.8424,True,True,0.9392
deepdetect,finger,THU-FVFDT_genuine_63,345,345,45579,42889,230,186,0.8087,True,0.8087,True,True,2.7560
loftr,finger,THU-FVFDT_genuine_64,165,165,838,838,838,730,0.8711,True,0.8711,True,True,0.5033
orb-fingervein,finger,THU-FVFDT_genuine_64,165,165,3923,3650,403,248,0.6154,True,0.6030,True,True,1.9051
sift-fingervein,finger,THU-FVFDT_genuine_64,165,165,664,553,103,78,0.7573,True,0.7360,True,True,2.0695
superglue-fingervein,finger,THU-FVFDT_genuine_64,165,165,913,785,455,281,0.6176,True,0.5957,True,True,2.2222
sgmnet-fingervein,finger,THU-FVFDT_genuine_64,165,165,989,957,525,188,0.3581,True,0.3556,True,True,1.6412
aspanformer,finger,THU-FVFDT_genuine_64,165,165,1991,1991,1991,1934,0.9714,True,0.9714,True,True,0.9193
deepdetect,finger,THU-FVFDT_genuine_64,165,165,40176,36044,146,122,0.8356,True,0.8356,True,True,2.2808
loftr,finger,THU-FVFDT_genuine_65,257,257,729,729,729,434,0.5953,True,0.5785,True,True,2.0734
orb-fingervein,finger,THU-FVFDT_genuine_65,257,257,4621,4568,174,82,0.4713,True,0.4539,True,True,2.2508
sift-fingervein,finger,THU-FVFDT_genuine_65,257,257,1672,1722,72,25,0.3472,False,0.3342,True,False,2.2630
superglue-fingervein,finger,THU-FVFDT_genuine_65,257,257,1278,1080,469,223,0.4755,True,0.4481,True,True,2.6871
sgmnet-fingervein,finger,THU-FVFDT_genuine_65,257,257,1670,1617,862,239,0.2773,True,0.2751,True,True,1.6590
aspanformer,finger,THU-FVFDT_genuine_65,257,257,1276,1276,1276,825,0.6466,True,0.6207,True,True,2.3170
deepdetect,finger,THU-FVFDT_genuine_65,257,257,73408,74614,375,181,0.4827,True,0.4827,True,True,2.6329
loftr,finger,THU-FVFDT_genuine_66,96,96,1015,1015,1015,845,0.8325,True,0.8325,True,True,1.0201
orb-fingervein,finger,THU-FVFDT_genuine_66,96,96,4454,4879,166,108,0.6506,True,0.6435,True,True,1.7204
sift-fingervein,finger,THU-FVFDT_genuine_66,96,96,930,954,49,33,0.6735,True,0.6620,True,True,1.8430
superglue-fingervein,finger,THU-FVFDT_genuine_66,96,96,993,1074,673,371,0.5513,True,0.5228,True,True,2.5609
sgmnet-fingervein,finger,THU-FVFDT_genuine_66,96,96,1267,1251,715,299,0.4182,True,0.4139,True,True,1.7072
aspanformer,finger,THU-FVFDT_genuine_66,96,96,1673,1673,1673,1298,0.7759,True,0.7759,True,True,0.9399
deepdetect,finger,THU-FVFDT_genuine_66,96,96,36284,42462,88,55,0.6250,True,0.6250,True,True,1.8197
loftr,finger,THU-FVFDT_genuine_67,25,25,1273,1273,1273,1039,0.8162,True,0.8162,True,True,0.6920
orb-fingervein,finger,THU-FVFDT_genuine_67,25,25,4952,4972,645,484,0.7504,True,0.7338,True,True,1.9476
sift-fingervein,finger,THU-FVFDT_genuine_67,25,25,820,841,225,181,0.8044,True,0.7922,True,True,1.8066
superglue-fingervein,finger,THU-FVFDT_genuine_67,25,25,1191,1293,706,564,0.7989,True,0.7666,True,True,2.3234
sgmnet-fingervein,finger,THU-FVFDT_genuine_67,25,25,922,981,783,251,0.3206,True,0.3192,True,True,1.5848
aspanformer,finger,THU-FVFDT_genuine_67,25,25,2036,2036,2036,1844,0.9057,True,0.9057,True,True,0.8225
deepdetect,finger,THU-FVFDT_genuine_67,25,25,52122,46068,587,473,0.8058,True,0.8058,True,True,2.1346
loftr,finger,THU-FVFDT_genuine_68,525,525,720,720,720,370,0.5139,True,0.4952,True,True,2.2412
orb-fingervein,finger,THU-FVFDT_genuine_68,525,525,4731,3713,131,45,0.3435,False,0.3323,True,False,2.1637
sift-fingervein,finger,THU-FVFDT_genuine_68,525,525,1102,904,39,19,0.4872,True,0.4728,True,True,2.0783
superglue-fingervein,finger,THU-FVFDT_genuine_68,525,525,810,578,250,113,0.4520,True,0.4215,True,True,2.8987
sgmnet-fingervein,finger,THU-FVFDT_genuine_68,525,525,1289,1356,657,182,0.2770,True,0.2731,True,True,1.7869
aspanformer,finger,THU-FVFDT_genuine_68,525,525,1279,1279,1279,975,0.7623,True,0.7325,True,True,2.2984
deepdetect,finger,THU-FVFDT_genuine_68,525,525,66574,56882,152,80,0.5263,True,0.5263,True,True,2.5326
loftr,finger,THU-FVFDT_genuine_69,449,449,771,771,771,561,0.7276,True,0.7017,True,True,2.2247
orb-fingervein,finger,THU-FVFDT_genuine_69,449,449,3633,4918,89,26,0.2921,False,0.2899,True,False,1.6503
sift-fingervein,finger,THU-FVFDT_genuine_69,449,449,992,1666,29,23,0.7931,True,0.7776,True,True,1.8902
superglue-fingervein,finger,THU-FVFDT_genuine_69,449,449,464,686,292,111,0.3801,True,0.3566,True,True,2.7783
sgmnet-fingervein,finger,THU-FVFDT_genuine_69,449,449,1580,1809,892,253,0.2836,True,0.2793,True,True,1.8112
aspanformer,finger,THU-FVFDT_genuine_69,449,449,1294,1294,1294,925,0.7148,True,0.6970,True,True,2.0061
deepdetect,finger,THU-FVFDT_genuine_69,449,449,51159,64470,85,34,0.4000,True,0.4000,True,True,3.3798
loftr,finger,THU-FVFDT_genuine_70,348,348,538,538,538,361,0.6710,True,0.6442,True,True,2.3153
orb-fingervein,finger,THU-FVFDT_genuine_70,348,348,2879,4934,58,15,0.2586,False,0.2537,True,False,1.8158
sift-fingervein,finger,THU-FVFDT_genuine_70,348,348,867,1738,22,11,0.5000,True,0.4935,True,True,1.2314
superglue-fingervein,finger,THU-FVFDT_genuine_70,348,348,442,795,310,106,0.3419,True,0.3204,True,True,2.8024
sgmnet-fingervein,finger,THU-FVFDT_genuine_70,348,348,1690,1770,770,180,0.2338,True,0.2300,True,True,1.8238
aspanformer,finger,THU-FVFDT_genuine_70,348,348,1136,1136,1136,685,0.6030,True,0.5791,True,True,2.3089
deepdetect,finger,THU-FVFDT_genuine_70,348,348,40628,53026,84,35,0.4167,True,0.4167,True,True,2.1733
loftr,finger,THU-FVFDT_genuine_71,300,300,750,750,750,503,0.6707,True,0.6707,True,True,1.2311
orb-fingervein,finger,THU-FVFDT_genuine_71,300,300,4445,4623,103,68,0.6602,True,0.6516,True,True,1.7630
sift-fingervein,finger,THU-FVFDT_genuine_71,300,300,1291,1331,29,20,0.6897,True,0.6863,True,True,1.5852
superglue-fingervein,finger,THU-FVFDT_genuine_71,300,300,493,498,280,135,0.4821,True,0.4541,True,True,2.7002
sgmnet-fingervein,finger,THU-FVFDT_genuine_71,300,300,1746,1744,846,347,0.4102,True,0.4061,True,True,1.6989
aspanformer,finger,THU-FVFDT_genuine_71,300,300,1301,1301,1301,1108,0.8517,True,0.8429,True,True,1.7057
deepdetect,finger,THU-FVFDT_genuine_71,300,300,47156,49224,183,139,0.7596,True,0.7596,True,True,1.9139
loftr,finger,THU-FVFDT_genuine_72,399,399,824,824,824,546,0.6626,True,0.6626,True,True,1.1312
orb-fingervein,finger,THU-FVFDT_genuine_72,399,399,4891,4980,225,128,0.5689,True,0.5563,True,True,1.9474
sift-fingervein,finger,THU-FVFDT_genuine_72,399,399,1210,1600,69,48,0.6957,True,0.6785,True,True,2.0001
superglue-fingervein,finger,THU-FVFDT_genuine_72,399,399,1057,1004,563,391,0.6945,True,0.6610,True,True,2.4879
sgmnet-fingervein,finger,THU-FVFDT_genuine_72,399,399,1419,1613,841,283,0.3365,True,0.3327,True,True,1.7281
aspanformer,finger,THU-FVFDT_genuine_72,399,399,1454,1454,1454,1079,0.7421,True,0.7273,True,True,1.9027
deepdetect,finger,THU-FVFDT_genuine_72,399,399,66405,67216,315,212,0.6730,True,0.6730,True,True,2.6677
loftr,finger,THU-FVFDT_genuine_73,150,150,404,404,404,209,0.5173,True,0.4955,True,True,2.3621
orb-fingervein,finger,THU-FVFDT_genuine_73,150,150,4673,4315,87,25,0.2874,False,0.2808,True,False,1.9606
sift-fingervein,finger,THU-FVFDT_genuine_73,150,150,865,815,23,7,0.3043,False,0.2871,True,False,1.8169
superglue-fingervein,finger,THU-FVFDT_genuine_73,150,150,1416,1418,255,140,0.5490,True,0.5183,True,True,2.6526
sgmnet-fingervein,finger,THU-FVFDT_genuine_73,150,150,1220,1109,450,98,0.2178,True,0.2162,True,True,1.6496
aspanformer,finger,THU-FVFDT_genuine_73,150,150,792,792,792,551,0.6957,True,0.6746,True,True,2.1164
deepdetect,finger,THU-FVFDT_genuine_73,150,150,37906,29441,94,43,0.4574,True,0.4574,True,True,2.3004
loftr,finger,THU-FVFDT_genuine_74,31,31,986,986,986,912,0.9249,True,0.9249,True,True,1.0019
orb-fingervein,finger,THU-FVFDT_genuine_74,31,31,4755,4724,534,433,0.8109,True,0.8056,True,True,1.6290
sift-fingervein,finger,THU-FVFDT_genuine_74,31,31,864,849,143,110,0.7692,True,0.7609,True,True,1.7188
superglue-fingervein,finger,THU-FVFDT_genuine_74,31,31,1095,1121,635,471,0.7417,True,0.7089,True,True,2.4060
sgmnet-fingervein,finger,THU-FVFDT_genuine_74,31,31,1066,1068,634,293,0.4621,True,0.4596,True,True,1.6098
aspanformer,finger,THU-FVFDT_genuine_74,31,31,1850,1850,1850,1776,0.9600,True,0.9600,True,True,1.0447
deepdetect,finger,THU-FVFDT_genuine_74,31,31,47521,46626,493,425,0.8621,True,0.8621,True,True,1.2068
loftr,finger,THU-FVFDT_genuine_75,9,9,1171,1171,1171,1150,0.9821,True,0.9821,True,True,0.6483
orb-fingervein,finger,THU-FVFDT_genuine_75,9,9,4999,4983,631,539,0.8542,True,0.8448,True,True,1.7223
sift-fingervein,finger,THU-FVFDT_genuine_75,9,9,1026,1013,212,191,0.9009,True,0.8983,True,True,1.5594
superglue-fingervein,finger,THU-FVFDT_genuine_75,9,9,1275,1362,776,489,0.6302,True,0.6122,True,True,2.0767
sgmnet-fingervein,finger,THU-FVFDT_genuine_75,9,9,1202,1161,686,352,0.5131,True,0.5128,True,True,1.5135
aspanformer,finger,THU-FVFDT_genuine_75,9,9,1971,1971,1971,1936,0.9822,True,0.9822,True,True,0.6266
deepdetect,finger,THU-FVFDT_genuine_75,9,9,52962,51252,520,504,0.9692,True,0.9692,True,True,1.6044
loftr,finger,THU-FVFDT_genuine_76,390,390,838,838,838,613,0.7315,True,0.7151,True,True,1.9526
orb-fingervein,finger,THU-FVFDT_genuine_76,390,390,4908,5000,252,173,0.6865,True,0.6731,True,True,1.8942
sift-fingervein,finger,THU-FVFDT_genuine_76,390,390,1240,1191,78,47,0.6026,True,0.5921,True,True,1.8487
superglue-fingervein,finger,THU-FVFDT_genuine_76,390,390,1190,1406,471,262,0.5563,True,0.5333,True,True,2.3415
sgmnet-fingervein,finger,THU-FVFDT_genuine_76,390,390,1420,1229,732,266,0.3634,True,0.3562,True,True,1.8982
aspanformer,finger,THU-FVFDT_genuine_76,390,390,1426,1426,1426,1134,0.7952,True,0.7795,True,True,1.9005
deepdetect,finger,THU-FVFDT_genuine_76,390,390,71353,77560,320,254,0.7937,True,0.7937,True,True,1.9767
loftr,finger,THU-FVFDT_genuine_77,469,469,851,851,851,586,0.6886,True,0.6794,True,True,1.7689
orb-fingervein,finger,THU-FVFDT_genuine_77,469,469,4999,4926,275,192,0.6982,True,0.6790,True,True,2.0581
sift-fingervein,finger,THU-FVFDT_genuine_77,469,469,1564,1603,95,71,0.7474,True,0.7365,True,True,1.7927
superglue-fingervein,finger,THU-FVFDT_genuine_77,469,469,985,815,507,300,0.5917,True,0.5645,True,True,2.4407
sgmnet-fingervein,finger,THU-FVFDT_genuine_77,469,469,1566,1629,890,358,0.4022,True,0.3984,True,True,1.6917
aspanformer,finger,THU-FVFDT_genuine_77,469,469,1784,1784,1784,1728,0.9686,True,0.9676,True,True,1.5205
deepdetect,finger,THU-FVFDT_genuine_77,469,469,74838,69829,528,444,0.8409,True,0.8409,True,True,2.0554
loftr,finger,THU-FVFDT_genuine_78,346,346,925,925,925,766,0.8281,True,0.8062,True,True,2.0356
orb-fingervein,finger,THU-FVFDT_genuine_78,346,346,4322,4822,143,69,0.4825,True,0.4710,True,True,1.9840
sift-fingervein,finger,THU-FVFDT_genuine_78,346,346,1329,1904,44,26,0.5909,True,0.5842,True,True,1.7255
superglue-fingervein,finger,THU-FVFDT_genuine_78,346,346,499,710,354,159,0.4492,True,0.4211,True,True,2.7920
sgmnet-fingervein,finger,THU-FVFDT_genuine_78,346,346,1676,1973,995,341,0.3427,True,0.3383,True,True,1.7600
aspanformer,finger,THU-FVFDT_genuine_78,346,346,1470,1470,1470,1185,0.8061,True,0.7940,True,True,1.8037
deepdetect,finger,THU-FVFDT_genuine_78,346,346,55061,61676,235,140,0.5957,True,0.5957,True,True,2.3725
loftr,finger,THU-FVFDT_genuine_79,16,16,918,918,918,774,0.8431,True,0.8431,True,True,0.8715
orb-fingervein,finger,THU-FVFDT_genuine_79,16,16,4756,4761,516,403,0.7810,True,0.7646,True,True,1.9240
sift-fingervein,finger,THU-FVFDT_genuine_79,16,16,782,821,153,121,0.7908,True,0.7743,True,True,1.9239
superglue-fingervein,finger,THU-FVFDT_genuine_79,16,16,1185,1123,698,518,0.7421,True,0.7122,True,True,2.3242
sgmnet-fingervein,finger,THU-FVFDT_genuine_79,16,16,1006,1004,586,282,0.4812,True,0.4786,True,True,1.6087
aspanformer,finger,THU-FVFDT_genuine_79,16,16,1854,1854,1854,1811,0.9768,True,0.9768,True,True,0.7182
deepdetect,finger,THU-FVFDT_genuine_79,16,16,43197,40897,275,207,0.7527,True,0.7527,True,True,2.1394
loftr,finger,THU-FVFDT_genuine_80,294,294,887,887,887,744,0.8388,True,0.8388,True,True,0.9761
orb-fingervein,finger,THU-FVFDT_genuine_80,294,294,4616,4678,194,133,0.6856,True,0.6687,True,True,1.9983
sift-fingervein,finger,THU-FVFDT_genuine_80,294,294,1146,1159,67,44,0.6567,True,0.6462,True,True,1.8226
superglue-fingervein,finger,THU-FVFDT_genuine_80,294,294,633,618,371,165,0.4447,True,0.4212,True,True,2.5874
sgmnet-fingervein,finger,THU-FVFDT_genuine_80,294,294,1354,1457,772,260,0.3368,True,0.3311,True,True,1.8412
aspanformer,finger,THU-FVFDT_genuine_80,294,294,1782,1782,1782,1719,0.9646,True,0.9646,True,True,1.4962
deepdetect,finger,THU-FVFDT_genuine_80,294,294,60396,56735,214,139,0.6495,True,0.6495,True,True,2.2096
loftr,finger,THU-FVFDT_genuine_81,39,39,1355,1355,1355,1348,0.9948,True,0.9948,True,True,0.4488
orb-fingervein,finger,THU-FVFDT_genuine_81,39,39,4635,4505,884,780,0.8824,True,0.8824,True,True,1.4915
sift-fingervein,finger,THU-FVFDT_genuine_81,39,39,830,848,203,178,0.8768,True,0.8767,True,True,1.5043
superglue-fingervein,finger,THU-FVFDT_genuine_81,39,39,1127,1074,728,499,0.6854,True,0.6661,True,True,2.0724
sgmnet-fingervein,finger,THU-FVFDT_genuine_81,39,39,1067,1094,634,341,0.5379,True,0.5379,True,True,1.4562
aspanformer,finger,THU-FVFDT_genuine_81,39,39,2048,2048,2048,2048,1.0000,True,1.0000,True,True,0.5250
deepdetect,finger,THU-FVFDT_genuine_81,39,39,30293,32861,274,228,0.8321,True,0.8321,True,True,1.0844
loftr,finger,THU-FVFDT_genuine_82,295,295,660,660,660,518,0.7848,True,0.7646,True,True,2.0218
orb-fingervein,finger,THU-FVFDT_genuine_82,295,295,4368,4875,171,105,0.6140,True,0.6014,True,True,1.9162
sift-fingervein,finger,THU-FVFDT_genuine_82,295,295,1074,1227,45,33,0.7333,True,0.7265,True,True,1.6859
superglue-fingervein,finger,THU-FVFDT_genuine_82,295,295,940,1071,467,277,0.5931,True,0.5620,True,True,2.5792
sgmnet-fingervein,finger,THU-FVFDT_genuine_82,295,295,1386,1423,733,274,0.3738,True,0.3708,True,True,1.6638
aspanformer,finger,THU-FVFDT_genuine_82,295,295,1267,1267,1267,1079,0.8516,True,0.8451,True,True,1.6531
deepdetect,finger,THU-FVFDT_genuine_82,295,295,61986,65574,227,155,0.6828,True,0.6828,True,True,2.3332
loftr,finger,THU-FVFDT_genuine_83,56,56,1414,1414,1414,1412,0.9986,True,0.9986,True,True,0.4249
orb-fingervein,finger,THU-FVFDT_genuine_83,56,56,4461,4545,1057,984,0.9309,True,0.9309,True,True,1.3382
sift-fingervein,finger,THU-FVFDT_genuine_83,56,56,757,854,283,237,0.8375,True,0.8375,True,True,1.2532
superglue-fingervein,finger,THU-FVFDT_genuine_83,56,56,1108,1127,748,565,0.7553,True,0.7440,True,True,1.8039
sgmnet-fingervein,finger,THU-FVFDT_genuine_83,56,56,936,990,541,346,0.6396,True,0.6396,True,True,1.3310
aspanformer,finger,THU-FVFDT_genuine_83,56,56,2048,2048,2048,2048,1.0000,True,1.0000,True,True,0.5057
deepdetect,finger,THU-FVFDT_genuine_83,56,56,43673,43908,1763,1761,0.9989,True,0.9989,True,True,0.5789
loftr,finger,THU-FVFDT_genuine_84,464,464,988,988,988,731,0.7399,True,0.7399,True,True,1.1136
orb-fingervein,finger,THU-FVFDT_genuine_84,464,464,5000,5000,336,259,0.7708,True,0.7616,True,True,1.7409
sift-fingervein,finger,THU-FVFDT_genuine_84,464,464,1252,1468,138,105,0.7609,True,0.7426,True,True,1.9874
superglue-fingervein,finger,THU-FVFDT_genuine_84,464,464,1361,1344,720,435,0.6042,True,0.5793,True,True,2.3405
sgmnet-fingervein,finger,THU-FVFDT_genuine_84,464,464,1194,1366,724,302,0.4171,True,0.4148,True,True,1.6138
aspanformer,finger,THU-FVFDT_genuine_84,464,464,1590,1590,1590,1465,0.9214,True,0.9214,True,True,1.4303
deepdetect,finger,THU-FVFDT_genuine_84,464,464,81383,77370,555,472,0.8505,True,0.8505,True,True,2.9467
loftr,finger,THU-FVFDT_genuine_85,521,521,830,830,830,502,0.6048,True,0.5906,True,True,1.9767
orb-fingervein,finger,THU-FVFDT_genuine_85,521,521,4521,4740,157,78,0.4968,True,0.4848,True,True,1.9900
sift-fingervein,finger,THU-FVFDT_genuine_85,521,521,1123,1216,57,32,0.5614,True,0.5506,True,True,1.8880
superglue-fingervein,finger,THU-FVFDT_genuine_85,521,521,709,636,358,182,0.5084,True,0.4792,True,True,2.6812
sgmnet-fingervein,finger,THU-FVFDT_genuine_85,521,521,1381,1420,783,220,0.2810,True,0.2780,True,True,1.7136
aspanformer,finger,THU-FVFDT_genuine_85,521,521,1590,1590,1590,1265,0.7956,True,0.7954,True,True,1.5038
deepdetect,finger,THU-FVFDT_genuine_85,521,521,62427,67688,210,138,0.6571,True,0.6571,True,True,2.4651
loftr,finger,THU-FVFDT_genuine_86,230,230,770,770,770,557,0.7234,True,0.7052,True,True,2.0084
orb-fingervein,finger,THU-FVFDT_genuine_86,230,230,5000,5000,133,70,0.5263,True,0.5209,True,True,1.7067
sift-fingervein,finger,THU-FVFDT_genuine_86,230,230,1756,1827,49,20,0.4082,False,0.4006,True,False,1.8596
superglue-fingervein,finger,THU-FVFDT_genuine_86,230,230,1617,1534,859,470,0.5471,True,0.5234,True,True,2.3888
sgmnet-fingervein,finger,THU-FVFDT_genuine_86,230,230,1815,1907,938,366,0.3902,True,0.3855,True,True,1.7442
aspanformer,finger,THU-FVFDT_genuine_86,230,230,1486,1486,1486,1111,0.7476,True,0.7391,True,True,1.7310
deepdetect,finger,THU-FVFDT_genuine_86,230,230,66678,73060,206,104,0.5049,True,0.5049,True,True,2.1258
loftr,finger,THU-FVFDT_genuine_87,343,343,820,820,820,623,0.7598,True,0.7515,True,True,1.7193
orb-fingervein,finger,THU-FVFDT_genuine_87,343,343,4428,4848,322,225,0.6988,True,0.6917,True,True,1.7045
sift-fingervein,finger,THU-FVFDT_genuine_87,343,343,1081,1237,107,93,0.8692,True,0.8565,True,True,1.7931
superglue-fingervein,finger,THU-FVFDT_genuine_87,343,343,565,807,377,175,0.4642,True,0.4398,True,True,2.5799
sgmnet-fingervein,finger,THU-FVFDT_genuine_87,343,343,1511,1570,823,343,0.4168,True,0.4123,True,True,1.7165
aspanformer,finger,THU-FVFDT_genuine_87,343,343,1762,1762,1762,1708,0.9694,True,0.9694,True,True,1.2541
deepdetect,finger,THU-FVFDT_genuine_87,343,343,50413,48360,366,287,0.7842,True,0.7842,True,True,2.2930
loftr,finger,THU-FVFDT_genuine_88,94,94,904,904,904,812,0.8982,True,0.8863,True,True,1.7664
orb-fingervein,finger,THU-FVFDT_genuine_88,94,94,4389,4203,237,186,0.7848,True,0.7628,True,True,2.0695
sift-fingervein,finger,THU-FVFDT_genuine_88,94,94,905,895,109,75,0.6881,True,0.6742,True,True,1.9068
superglue-fingervein,finger,THU-FVFDT_genuine_88,94,94,822,842,539,265,0.4917,True,0.4608,True,True,2.7945
sgmnet-fingervein,finger,THU-FVFDT_genuine_88,94,94,1226,1164,656,270,0.4116,True,0.4095,True,True,1.5998
aspanformer,finger,THU-FVFDT_genuine_88,94,94,1667,1667,1667,1441,0.8644,True,0.8644,True,True,1.3381
deepdetect,finger,THU-FVFDT_genuine_88,94,94,33878,34761,178,115,0.6461,True,0.6461,True,True,2.2555
loftr,finger,THU-FVFDT_genuine_89,326,326,779,779,779,442,0.5674,True,0.5507,True,True,2.0961
orb-fingervein,finger,THU-FVFDT_genuine_89,326,326,4970,4951,138,72,0.5217,True,0.5121,True,True,1.8745
sift-fingervein,finger,THU-FVFDT_genuine_89,326,326,1535,1412,40,19,0.4750,True,0.4633,True,True,1.9808
superglue-fingervein,finger,THU-FVFDT_genuine_89,326,326,897,1095,489,242,0.4949,True,0.4611,True,True,2.9122
sgmnet-fingervein,finger,THU-FVFDT_genuine_89,326,326,1583,1432,741,206,0.2780,True,0.2741,True,True,1.7848
aspanformer,finger,THU-FVFDT_genuine_89,326,326,1464,1464,1464,904,0.6175,True,0.5990,True,True,2.1092
deepdetect,finger,THU-FVFDT_genuine_89,326,326,71069,75702,201,126,0.6269,True,0.6269,True,True,2.8202
loftr,finger,THU-FVFDT_genuine_90,341,341,504,504,504,308,0.6111,True,0.5986,True,True,1.9152
orb-fingervein,finger,THU-FVFDT_genuine_90,341,341,4787,4808,173,73,0.4220,False,0.4019,True,False,2.4746
sift-fingervein,finger,THU-FVFDT_genuine_90,341,341,1274,1384,40,19,0.4750,True,0.4560,True,True,2.2964
superglue-fingervein,finger,THU-FVFDT_genuine_90,341,341,1389,1375,589,327,0.5552,True,0.5276,True,True,2.5203
sgmnet-fingervein,finger,THU-FVFDT_genuine_90,341,341,1462,1515,577,106,0.1837,False,0.1824,True,False,1.6454
aspanformer,finger,THU-FVFDT_genuine_90,341,341,1211,1211,1211,806,0.6656,True,0.6536,True,True,1.8619
deepdetect,finger,THU-FVFDT_genuine_90,341,341,74876,67050,195,81,0.4154,True,0.4154,True,True,2.6972
loftr,finger,THU-FVFDT_genuine_91,494,494,925,925,925,687,0.7427,True,0.7419,True,True,1.5208
orb-fingervein,finger,THU-FVFDT_genuine_91,494,494,4984,5000,292,168,0.5753,True,0.5644,True,True,1.8846
sift-fingervein,finger,THU-FVFDT_genuine_91,494,494,1483,1699,101,66,0.6535,True,0.6389,True,True,1.9522
superglue-fingervein,finger,THU-FVFDT_genuine_91,494,494,1171,1262,682,484,0.7097,True,0.6788,True,True,2.3891
sgmnet-fingervein,finger,THU-FVFDT_genuine_91,494,494,1455,1639,863,369,0.4276,True,0.4234,True,True,1.6945
aspanformer,finger,THU-FVFDT_genuine_91,494,494,1666,1666,1666,1422,0.8535,True,0.8385,True,True,1.8554
deepdetect,finger,THU-FVFDT_genuine_91,494,494,67690,67129,366,257,0.7022,True,0.7022,True,True,1.4970
loftr,finger,THU-FVFDT_genuine_92,467,467,1004,1004,1004,905,0.9014,True,0.9014,True,True,0.5809
orb-fingervein,finger,THU-FVFDT_genuine_92,467,467,4247,4377,320,224,0.7000,True,0.6855,True,True,1.9193
sift-fingervein,finger,THU-FVFDT_genuine_92,467,467,888,1053,90,61,0.6778,True,0.6644,True,True,1.8999
superglue-fingervein,finger,THU-FVFDT_genuine_92,467,467,744,757,278,162,0.5827,True,0.5565,True,True,2.4198
sgmnet-fingervein,finger,THU-FVFDT_genuine_92,467,467,1121,1226,632,253,0.4003,True,0.3956,True,True,1.7389
aspanformer,finger,THU-FVFDT_genuine_92,467,467,1882,1882,1882,1845,0.9803,True,0.9803,True,True,0.9085
deepdetect,finger,THU-FVFDT_genuine_92,467,467,65983,64887,544,476,0.8750,True,0.8750,True,True,1.6245
loftr,finger,THU-FVFDT_genuine_93,606,606,770,770,770,605,0.7857,True,0.7857,True,True,1.2682
orb-fingervein,finger,THU-FVFDT_genuine_93,606,606,4959,4883,217,115,0.5300,True,0.5112,True,True,2.2207
sift-fingervein,finger,THU-FVFDT_genuine_93,606,606,1431,1161,78,42,0.5385,True,0.5344,True,True,1.6509
superglue-fingervein,finger,THU-FVFDT_genuine_93,606,606,1245,1050,616,288,0.4675,True,0.4431,True,True,2.5725
sgmnet-fingervein,finger,THU-FVFDT_genuine_93,606,606,1453,1232,736,240,0.3261,True,0.3219,True,True,1.7563
aspanformer,finger,THU-FVFDT_genuine_93,606,606,1840,1840,1840,1591,0.8647,True,0.8647,True,True,1.4989
deepdetect,finger,THU-FVFDT_genuine_93,606,606,66106,60578,204,107,0.5245,True,0.5245,True,True,2.3940
loftr,finger,THU-FVFDT_genuine_94,584,584,592,592,592,360,0.6081,True,0.5973,True,True,1.8589
orb-fingervein,finger,THU-FVFDT_genuine_94,584,584,3880,3866,54,10,0.1852,False,0.1778,True,False,1.9593
sift-fingervein,finger,THU-FVFDT_genuine_94,584,584,1107,1230,18,6,0.3333,False,0.3154,True,False,1.0708
superglue-fingervein,finger,THU-FVFDT_genuine_94,584,584,622,758,290,103,0.3552,True,0.3336,True,True,2.7545
sgmnet-fingervein,finger,THU-FVFDT_genuine_94,584,584,1685,1762,550,91,0.1655,False,0.1645,True,False,1.6168
aspanformer,finger,THU-FVFDT_genuine_94,584,584,985,985,985,709,0.7198,True,0.6959,True,True,2.1751
deepdetect,finger,THU-FVFDT_genuine_94,584,584,49801,51254,104,25,0.2404,False,0.2404,True,False,2.7331
loftr,finger,THU-FVFDT_genuine_95,226,226,974,974,974,909,0.9333,True,0.9333,True,True,0.9752
orb-fingervein,finger,THU-FVFDT_genuine_95,226,226,4637,4883,183,108,0.5902,True,0.5748,True,True,2.0285
sift-fingervein,finger,THU-FVFDT_genuine_95,226,226,1208,1507,59,34,0.5763,True,0.5604,True,True,2.0580
superglue-fingervein,finger,THU-FVFDT_genuine_95,226,226,696,887,443,229,0.5169,True,0.4920,True,True,2.4893
sgmnet-fingervein,finger,THU-FVFDT_genuine_95,226,226,1529,1666,899,338,0.3760,True,0.3727,True,True,1.6747
aspanformer,finger,THU-FVFDT_genuine_95,226,226,1926,1926,1926,1923,0.9984,True,0.9984,True,True,1.1159
deepdetect,finger,THU-FVFDT_genuine_95,226,226,52512,61977,243,189,0.7778,True,0.7778,True,True,1.9257
loftr,finger,THU-FVFDT_genuine_96,554,554,843,843,843,605,0.7177,True,0.7019,True,True,1.9441
orb-fingervein,finger,THU-FVFDT_genuine_96,554,554,4980,4907,247,145,0.5870,True,0.5761,True,True,1.8770
sift-fingervein,finger,THU-FVFDT_genuine_96,554,554,1524,1374,86,51,0.5930,True,0.5831,True,True,1.8383
superglue-fingervein,finger,THU-FVFDT_genuine_96,554,554,842,771,464,255,0.5496,True,0.5250,True,True,2.4151
sgmnet-fingervein,finger,THU-FVFDT_genuine_96,554,554,1637,1547,870,306,0.3517,True,0.3475,True,True,1.7391
aspanformer,finger,THU-FVFDT_genuine_96,554,554,1480,1480,1480,1147,0.7750,True,0.7750,True,True,1.4144
deepdetect,finger,THU-FVFDT_genuine_96,554,554,57060,50401,365,274,0.7507,True,0.7507,True,True,2.5042
loftr,finger,THU-FVFDT_genuine_97,183,183,814,814,814,685,0.8415,True,0.8415,True,True,1.2558
orb-fingervein,finger,THU-FVFDT_genuine_97,183,183,4167,4006,223,159,0.7130,True,0.7049,True,True,1.7280
sift-fingervein,finger,THU-FVFDT_genuine_97,183,183,781,767,84,55,0.6548,True,0.6435,True,True,1.8476
superglue-fingervein,finger,THU-FVFDT_genuine_97,183,183,768,854,476,264,0.5546,True,0.5249,True,True,2.6016
sgmnet-fingervein,finger,THU-FVFDT_genuine_97,183,183,1153,1148,630,218,0.3460,True,0.3437,True,True,1.6335
aspanformer,finger,THU-FVFDT_genuine_97,183,183,1612,1612,1612,1421,0.8815,True,0.8815,True,True,1.2327
deepdetect,finger,THU-FVFDT_genuine_97,183,183,41433,34044,193,147,0.7617,True,0.7617,True,True,2.2246
loftr,finger,THU-FVFDT_genuine_98,142,142,946,946,946,848,0.8964,True,0.8964,True,True,1.2788
orb-fingervein,finger,THU-FVFDT_genuine_98,142,142,4688,4794,518,415,0.8012,True,0.7976,True,True,1.5885
sift-fingervein,finger,THU-FVFDT_genuine_98,142,142,952,965,156,128,0.8205,True,0.8138,True,True,1.6643
superglue-fingervein,finger,THU-FVFDT_genuine_98,142,142,1088,1083,699,519,0.7425,True,0.7072,True,True,2.4729
sgmnet-fingervein,finger,THU-FVFDT_genuine_98,142,142,1244,1234,701,376,0.5364,True,0.5356,True,True,1.5299
aspanformer,finger,THU-FVFDT_genuine_98,142,142,1775,1775,1775,1722,0.9701,True,0.9701,True,True,0.8989
deepdetect,finger,THU-FVFDT_genuine_98,142,142,54412,51709,443,391,0.8826,True,0.8826,True,True,1.6808
loftr,finger,THU-FVFDT_genuine_99,496,496,803,803,803,617,0.7684,True,0.7485,True,True,2.0243
orb-fingervein,finger,THU-FVFDT_genuine_99,496,496,4456,4816,177,91,0.5141,True,0.5010,True,True,2.0154
sift-fingervein,finger,THU-FVFDT_genuine_99,496,496,1104,1212,54,35,0.6481,True,0.6292,True,True,2.0948
superglue-fingervein,finger,THU-FVFDT_genuine_99,496,496,859,788,382,226,0.5916,True,0.5546,True,True,2.7909
sgmnet-fingervein,finger,THU-FVFDT_genuine_99,496,496,1311,1402,681,287,0.4214,True,0.4175,True,True,1.6859
aspanformer,finger,THU-FVFDT_genuine_99,496,496,1283,1283,1283,913,0.7116,True,0.6984,True,True,1.8744
deepdetect,finger,THU-FVFDT_genuine_99,496,496,62148,63142,208,116,0.5577,True,0.5577,True,True,2.7120
loftr,finger,THU-FVFDT_genuine_100,15,15,940,940,940,883,0.9394,True,0.9394,True,True,0.7948
orb-fingervein,finger,THU-FVFDT_genuine_100,15,15,4676,4680,643,539,0.8383,True,0.8152,True,True,2.0573
sift-fingervein,finger,THU-FVFDT_genuine_100,15,15,859,869,188,162,0.8617,True,0.8524,True,True,1.7182
superglue-fingervein,finger,THU-FVFDT_genuine_100,15,15,1091,1023,619,350,0.5654,True,0.5445,True,True,2.2560
sgmnet-fingervein,finger,THU-FVFDT_genuine_100,15,15,1041,1031,580,276,0.4759,True,0.4743,True,True,1.5663
aspanformer,finger,THU-FVFDT_genuine_100,15,15,2032,2032,2032,2016,0.9921,True,0.9921,True,True,0.8205
deepdetect,finger,THU-FVFDT_genuine_100,15,15,48434,46588,404,360,0.8911,True,0.8911,True,True,2.1281
loftr,finger,THU-FVFDT_genuine_101,17,17,743,743,743,597,0.8035,True,0.8035,True,True,0.6948
orb-fingervein,finger,THU-FVFDT_genuine_101,17,17,3701,3782,211,130,0.6161,True,0.6074,True,True,1.7834
sift-fingervein,finger,THU-FVFDT_genuine_101,17,17,658,626,67,46,0.6866,True,0.6762,True,True,1.8053
superglue-fingervein,finger,THU-FVFDT_genuine_101,17,17,846,865,455,215,0.4725,True,0.4507,True,True,2.4460
sgmnet-fingervein,finger,THU-FVFDT_genuine_101,17,17,966,946,473,148,0.3129,True,0.3091,True,True,1.7466
aspanformer,finger,THU-FVFDT_genuine_101,17,17,1613,1613,1613,1463,0.9070,True,0.9070,True,True,1.1400
deepdetect,finger,THU-FVFDT_genuine_101,17,17,54087,41698,199,123,0.6181,True,0.6181,True,True,1.9198
loftr,finger,THU-FVFDT_genuine_102,389,389,632,632,632,455,0.7199,True,0.6898,True,True,2.3545
orb-fingervein,finger,THU-FVFDT_genuine_102,389,389,4082,4056,86,28,0.3256,False,0.3166,True,False,2.0561
sift-fingervein,finger,THU-FVFDT_genuine_102,389,389,1112,809,35,20,0.5714,True,0.5641,True,True,1.7446
superglue-fingervein,finger,THU-FVFDT_genuine_102,389,389,651,779,303,124,0.4092,True,0.3855,True,True,2.6933
sgmnet-fingervein,finger,THU-FVFDT_genuine_102,389,389,1512,1237,548,126,0.2299,True,0.2268,True,True,1.7696
aspanformer,finger,THU-FVFDT_genuine_102,389,389,1059,1059,1059,621,0.5864,True,0.5619,True,True,2.3544
deepdetect,finger,THU-FVFDT_genuine_102,389,389,58766,62082,92,31,0.3370,True,0.3370,True,True,2.4064
loftr,finger,THU-FVFDT_genuine_103,600,600,821,821,821,688,0.8380,True,0.8195,True,True,1.9453
orb-fingervein,finger,THU-FVFDT_genuine_103,600,600,4775,4963,188,129,0.6862,True,0.6701,True,True,1.9749
sift-fingervein,finger,THU-FVFDT_genuine_103,600,600,1562,1615,53,31,0.5849,True,0.5827,True,True,1.5761
superglue-fingervein,finger,THU-FVFDT_genuine_103,600,600,810,784,401,266,0.6633,True,0.6327,True,True,2.4473
sgmnet-fingervein,finger,THU-FVFDT_genuine_103,600,600,1764,1749,842,342,0.4062,True,0.4023,True,True,1.6914
aspanformer,finger,THU-FVFDT_genuine_103,600,600,1309,1309,1309,1170,0.8938,True,0.8764,True,True,1.8939
deepdetect,finger,THU-FVFDT_genuine_103,600,600,57197,43653,197,143,0.7259,True,0.7259,True,True,1.9939
loftr,finger,THU-FVFDT_genuine_104,572,572,934,934,934,727,0.7784,True,0.7784,True,True,0.5268
orb-fingervein,finger,THU-FVFDT_genuine_104,572,572,4320,4513,197,118,0.5990,True,0.5854,True,True,1.9575
sift-fingervein,finger,THU-FVFDT_genuine_104,572,572,1175,1294,92,57,0.6196,True,0.6013,True,True,2.0999
superglue-fingervein,finger,THU-FVFDT_genuine_104,572,572,1059,1041,491,292,0.5947,True,0.5684,True,True,2.4032
sgmnet-fingervein,finger,THU-FVFDT_genuine_104,572,572,1349,1463,787,273,0.3469,True,0.3438,True,True,1.6793
aspanformer,finger,THU-FVFDT_genuine_104,572,572,1713,1713,1713,1492,0.8710,True,0.8704,True,True,1.5137
deepdetect,finger,THU-FVFDT_genuine_104,572,572,69919,70903,344,264,0.7674,True,0.7674,True,True,2.1987
loftr,finger,THU-FVFDT_genuine_105,74,74,841,841,841,687,0.8169,True,0.8169,True,True,1.1963
orb-fingervein,finger,THU-FVFDT_genuine_105,74,74,4431,4349,361,245,0.6787,True,0.6629,True,True,1.9690
sift-fingervein,finger,THU-FVFDT_genuine_105,74,74,703,761,87,60,0.6897,True,0.6672,True,True,2.1609
superglue-fingervein,finger,THU-FVFDT_genuine_105,74,74,1060,1055,652,373,0.5721,True,0.5471,True,True,2.3923
sgmnet-fingervein,finger,THU-FVFDT_genuine_105,74,74,1016,1063,567,245,0.4321,True,0.4297,True,True,1.6095
aspanformer,finger,THU-FVFDT_genuine_105,74,74,1498,1498,1498,1390,0.9279,True,0.9279,True,True,1.2364
deepdetect,finger,THU-FVFDT_genuine_105,74,74,35603,38280,230,211,0.9174,True,0.9174,True,True,1.4074
loftr,finger,THU-FVFDT_genuine_106,576,576,798,798,798,568,0.7118,True,0.7013,True,True,1.7972
orb-fingervein,finger,THU-FVFDT_genuine_106,576,576,4997,4984,265,180,0.6792,True,0.6584,True,True,2.1230
sift-fingervein,finger,THU-FVFDT_genuine_106,576,576,1488,1818,81,57,0.7037,True,0.6935,True,True,1.7927
superglue-fingervein,finger,THU-FVFDT_genuine_106,576,576,1069,1164,637,331,0.5196,True,0.4931,True,True,2.5496
sgmnet-fingervein,finger,THU-FVFDT_genuine_106,576,576,1549,1807,904,330,0.3650,True,0.3619,True,True,1.6741
aspanformer,finger,THU-FVFDT_genuine_106,576,576,1663,1663,1663,1283,0.7715,True,0.7549,True,True,1.9359
deepdetect,finger,THU-FVFDT_genuine_106,576,576,76458,75437,327,205,0.6269,True,0.6269,True,True,2.6179
loftr,finger,THU-FVFDT_genuine_107,374,374,466,466,466,268,0.5751,True,0.5600,True,True,2.0317
orb-fingervein,finger,THU-FVFDT_genuine_107,374,374,4026,4436,180,70,0.3889,False,0.3746,True,False,2.2505
sift-fingervein,finger,THU-FVFDT_genuine_107,374,374,1110,1315,38,16,0.4211,False,0.4124,True,False,1.8641
superglue-fingervein,finger,THU-FVFDT_genuine_107,374,374,785,914,228,108,0.4737,True,0.4461,True,True,2.6985
sgmnet-fingervein,finger,THU-FVFDT_genuine_107,374,374,1415,1475,594,118,0.1987,False,0.1960,True,False,1.7673
aspanformer,finger,THU-FVFDT_genuine_107,374,374,863,863,863,597,0.6918,True,0.6634,True,True,2.3364
deepdetect,finger,THU-FVFDT_genuine_107,374,374,64312,68590,157,57,0.3631,True,0.3631,True,True,2.3255
loftr,finger,THU-FVFDT_genuine_108,580,580,638,638,638,437,0.6850,True,0.6546,True,True,2.4080
orb-fingervein,finger,THU-FVFDT_genuine_108,580,580,4789,5000,191,141,0.7382,True,0.7322,True,True,1.6650
sift-fingervein,finger,THU-FVFDT_genuine_108,580,580,1178,1678,44,32,0.7273,True,0.7273,True,True,1.4132
superglue-fingervein,finger,THU-FVFDT_genuine_108,580,580,736,997,498,253,0.5080,True,0.4794,True,True,2.6605
sgmnet-fingervein,finger,THU-FVFDT_genuine_108,580,580,1504,1721,830,278,0.3349,True,0.3305,True,True,1.7647
aspanformer,finger,THU-FVFDT_genuine_108,580,580,1349,1349,1349,928,0.6879,True,0.6682,True,True,2.0813
deepdetect,finger,THU-FVFDT_genuine_108,580,580,59301,67373,348,221,0.6351,True,0.6351,True,True,2.1481
loftr,finger,THU-FVFDT_genuine_109,277,277,909,909,909,762,0.8383,True,0.8383,True,True,0.8975
orb-fingervein,finger,THU-FVFDT_genuine_109,277,277,4953,4976,299,155,0.5184,True,0.4946,True,True,2.4402
sift-fingervein,finger,THU-FVFDT_genuine_109,277,277,1456,1561,81,51,0.6296,True,0.6126,True,True,2.0487
superglue-fingervein,finger,THU-FVFDT_genuine_109,277,277,1045,1058,279,153,0.5484,True,0.5217,True,True,2.4965
sgmnet-fingervein,finger,THU-FVFDT_genuine_109,277,277,1481,1576,832,319,0.3834,True,0.3805,True,True,1.6511
aspanformer,finger,THU-FVFDT_genuine_109,277,277,1675,1675,1675,1637,0.9773,True,0.9773,True,True,0.8855
deepdetect,finger,THU-FVFDT_genuine_109,277,277,62648,69896,235,165,0.7021,True,0.7021,True,True,2.4109
loftr,finger,THU-FVFDT_genuine_110,275,275,497,497,497,309,0.6217,True,0.5883,True,True,2.6039
orb-fingervein,finger,THU-FVFDT_genuine_110,275,275,4094,4359,127,41,0.3228,False,0.3181,True,False,1.7985
sift-fingervein,finger,THU-FVFDT_genuine_110,275,275,1067,1166,39,17,0.4359,False,0.4259,True,False,1.9250
superglue-fingervein,finger,THU-FVFDT_genuine_110,275,275,1353,1422,490,292,0.5959,True,0.5629,True,True,2.6387
sgmnet-fingervein,finger,THU-FVFDT_genuine_110,275,275,1544,1465,626,165,0.2636,True,0.2579,True,True,1.9380
aspanformer,finger,THU-FVFDT_genuine_110,275,275,785,785,785,622,0.7924,True,0.7688,True,True,2.1045
deepdetect,finger,THU-FVFDT_genuine_110,275,275,49025,59019,168,57,0.3393,True,0.3393,True,True,2.0719
loftr,finger,THU-FVFDT_genuine_111,551,551,707,707,707,442,0.6252,True,0.6098,True,True,1.9996
orb-fingervein,finger,THU-FVFDT_genuine_111,551,551,4723,4520,157,69,0.4395,False,0.4201,True,False,2.4035
sift-fingervein,finger,THU-FVFDT_genuine_111,551,551,1504,1272,56,27,0.4821,True,0.4566,True,True,2.5864
superglue-fingervein,finger,THU-FVFDT_genuine_111,551,551,1279,1211,665,376,0.5654,True,0.5361,True,True,2.5635
sgmnet-fingervein,finger,THU-FVFDT_genuine_111,551,551,1589,1616,839,246,0.2932,True,0.2906,True,True,1.6812
aspanformer,finger,THU-FVFDT_genuine_111,551,551,1326,1326,1326,1005,0.7579,True,0.7548,True,True,1.5834
deepdetect,finger,THU-FVFDT_genuine_111,551,551,61332,59457,199,100,0.5025,True,0.5025,True,True,2.7856
loftr,finger,THU-FVFDT_genuine_112,314,314,725,725,725,428,0.5903,True,0.5725,True,True,2.1151
orb-fingervein,finger,THU-FVFDT_genuine_112,314,314,4465,4973,191,107,0.5602,True,0.5474,True,True,1.9634
sift-fingervein,finger,THU-FVFDT_genuine_112,314,314,1017,1241,73,43,0.5890,True,0.5766,True,True,1.9256
superglue-fingervein,finger,THU-FVFDT_genuine_112,314,314,783,962,439,225,0.5125,True,0.4834,True,True,2.6702
sgmnet-fingervein,finger,THU-FVFDT_genuine_112,314,314,1143,1282,661,253,0.3828,True,0.3786,True,True,1.7168
aspanformer,finger,THU-FVFDT_genuine_112,314,314,1445,1445,1445,1079,0.7467,True,0.7127,True,True,2.4330
deepdetect,finger,THU-FVFDT_genuine_112,314,314,67836,69863,267,157,0.5880,True,0.5880,True,True,2.3378
loftr,finger,THU-FVFDT_genuine_113,64,64,1311,1311,1311,1305,0.9954,True,0.9954,True,True,0.4693
orb-fingervein,finger,THU-FVFDT_genuine_113,64,64,4214,4273,485,423,0.8722,True,0.8650,True,True,1.6639
sift-fingervein,finger,THU-FVFDT_genuine_113,64,64,807,795,174,150,0.8621,True,0.8540,True,True,1.6882
superglue-fingervein,finger,THU-FVFDT_genuine_113,64,64,975,1033,608,441,0.7253,True,0.7067,True,True,2.0199
sgmnet-fingervein,finger,THU-FVFDT_genuine_113,64,64,1092,1130,618,323,0.5227,True,0.5212,True,True,1.5551
aspanformer,finger,THU-FVFDT_genuine_113,64,64,2035,2035,2035,2022,0.9936,True,0.9936,True,True,0.6388
deepdetect,finger,THU-FVFDT_genuine_113,64,64,38549,48655,198,176,0.8889,True,0.8889,True,True,1.5458
loftr,finger,THU-FVFDT_genuine_114,214,214,770,770,770,514,0.6675,True,0.6560,True,True,1.8486
orb-fingervein,finger,THU-FVFDT_genuine_114,214,214,3892,4268,272,148,0.5441,True,0.5349,True,True,1.8413
sift-fingervein,finger,THU-FVFDT_genuine_114,214,214,833,840,75,47,0.6267,True,0.6229,True,True,1.6193
superglue-fingervein,finger,THU-FVFDT_genuine_114,214,214,915,961,508,258,0.5079,True,0.4787,True,True,2.6832
sgmnet-fingervein,finger,THU-FVFDT_genuine_114,214,214,1042,1061,579,182,0.3143,True,0.3127,True,True,1.6031
aspanformer,finger,THU-FVFDT_genuine_114,214,214,1428,1428,1428,1257,0.8803,True,0.8624,True,True,1.9109
deepdetect,finger,THU-FVFDT_genuine_114,214,214,52188,57896,141,85,0.6028,True,0.6028,True,True,2.2934
loftr,finger,THU-FVFDT_genuine_115,354,354,758,758,758,471,0.6214,True,0.6134,True,True,1.7576
orb-fingervein,finger,THU-FVFDT_genuine_115,354,354,4687,4864,111,49,0.4414,False,0.4294,True,False,2.0512
sift-fingervein,finger,THU-FVFDT_genuine_115,354,354,1386,1738,42,19,0.4524,False,0.4417,True,False,1.9581
superglue-fingervein,finger,THU-FVFDT_genuine_115,354,354,658,882,380,218,0.5737,True,0.5354,True,True,2.8809
sgmnet-fingervein,finger,THU-FVFDT_genuine_115,354,354,1733,1856,906,224,0.2472,True,0.2432,True,True,1.8288
aspanformer,finger,THU-FVFDT_genuine_115,354,354,1519,1519,1519,1284,0.8453,True,0.8453,True,True,1.1132
deepdetect,finger,THU-FVFDT_genuine_115,354,354,54796,61426,129,51,0.3953,True,0.3953,True,True,2.9186
loftr,finger,THU-FVFDT_genuine_116,559,559,728,728,728,442,0.6071,True,0.6026,True,True,1.6515
orb-fingervein,finger,THU-FVFDT_genuine_116,559,559,5000,4971,222,120,0.5405,True,0.5177,True,True,2.3635
sift-fingervein,finger,THU-FVFDT_genuine_116,559,559,1543,1212,76,43,0.5658,True,0.5528,True,True,1.9627
superglue-fingervein,finger,THU-FVFDT_genuine_116,559,559,1289,1150,643,414,0.6439,True,0.6080,True,True,2.6453
sgmnet-fingervein,finger,THU-FVFDT_genuine_116,559,559,1555,1344,787,296,0.3761,True,0.3719,True,True,1.7274
aspanformer,finger,THU-FVFDT_genuine_116,559,559,1313,1313,1313,1214,0.9246,True,0.9093,True,True,1.8334
deepdetect,finger,THU-FVFDT_genuine_116,559,559,80939,70118,305,171,0.5607,True,0.5607,True,True,2.4886
loftr,finger,THU-FVFDT_genuine_117,533,533,730,730,730,584,0.8000,True,0.8000,True,True,1.2331
orb-fingervein,finger,THU-FVFDT_genuine_117,533,533,4828,4459,118,40,0.3390,False,0.3246,True,False,2.3673
sift-fingervein,finger,THU-FVFDT_genuine_117,533,533,1189,1100,30,10,0.3333,False,0.3185,True,False,2.0545
superglue-fingervein,finger,THU-FVFDT_genuine_117,533,533,1146,818,397,211,0.5315,True,0.5012,True,True,2.6731
sgmnet-fingervein,finger,THU-FVFDT_genuine_117,533,533,1494,1506,732,223,0.3046,True,0.2996,True,True,1.8346
aspanformer,finger,THU-FVFDT_genuine_117,533,533,1141,1141,1141,866,0.7590,True,0.7590,True,True,0.8496
deepdetect,finger,THU-FVFDT_genuine_117,533,533,58845,56222,118,42,0.3559,True,0.3559,True,True,3.1249
loftr,finger,THU-FVFDT_genuine_118,103,103,688,688,688,576,0.8372,True,0.8353,True,True,1.5468
orb-fingervein,finger,THU-FVFDT_genuine_118,103,103,4400,4149,201,89,0.4428,False,0.4275,True,False,2.2016
sift-fingervein,finger,THU-FVFDT_genuine_118,103,103,716,718,70,40,0.5714,True,0.5575,True,True,1.9920
superglue-fingervein,finger,THU-FVFDT_genuine_118,103,103,915,885,455,209,0.4593,True,0.4381,True,True,2.4488
sgmnet-fingervein,finger,THU-FVFDT_genuine_118,103,103,985,994,504,142,0.2817,True,0.2765,True,True,1.8745
aspanformer,finger,THU-FVFDT_genuine_118,103,103,1494,1494,1494,1133,0.7584,True,0.7518,True,True,1.6734
deepdetect,finger,THU-FVFDT_genuine_118,103,103,41619,49903,94,53,0.5638,True,0.5638,True,True,2.6698
loftr,finger,THU-FVFDT_genuine_119,553,553,886,886,886,653,0.7370,True,0.7130,True,True,2.1613
orb-fingervein,finger,THU-FVFDT_genuine_119,553,553,5000,4971,227,129,0.5683,True,0.5488,True,True,2.1977
sift-fingervein,finger,THU-FVFDT_genuine_119,553,553,1536,1354,94,63,0.6702,True,0.6444,True,True,2.2859
superglue-fingervein,finger,THU-FVFDT_genuine_119,553,553,906,797,505,244,0.4832,True,0.4571,True,True,2.6104
sgmnet-fingervein,finger,THU-FVFDT_genuine_119,553,553,1498,1381,802,287,0.3579,True,0.3531,True,True,1.7656
aspanformer,finger,THU-FVFDT_genuine_119,553,553,1628,1628,1628,1205,0.7402,True,0.7295,True,True,1.7905
deepdetect,finger,THU-FVFDT_genuine_119,553,553,64621,58778,387,283,0.7313,True,0.7313,True,True,2.3722
loftr,finger,THU-FVFDT_genuine_120,431,431,891,891,891,635,0.7127,True,0.6943,True,True,2.0233
orb-fingervein,finger,THU-FVFDT_genuine_120,431,431,4181,4221,308,158,0.5130,True,0.4924,True,True,2.3179
sift-fingervein,finger,THU-FVFDT_genuine_120,431,431,1316,1509,87,47,0.5402,True,0.5263,True,True,2.0227
superglue-fingervein,finger,THU-FVFDT_genuine_120,431,431,866,899,409,201,0.4914,True,0.4674,True,True,2.5049
sgmnet-fingervein,finger,THU-FVFDT_genuine_120,431,431,1593,1652,902,310,0.3437,True,0.3392,True,True,1.7602
aspanformer,finger,THU-FVFDT_genuine_120,431,431,1685,1685,1685,1279,0.7591,True,0.7591,True,True,1.2516
deepdetect,finger,THU-FVFDT_genuine_120,431,431,63506,66505,376,214,0.5691,True,0.5691,True,True,2.6914
loftr,finger,THU-FVFDT_genuine_121,151,151,751,751,751,629,0.8375,True,0.8191,True,True,1.9460
orb-fingervein,finger,THU-FVFDT_genuine_121,151,151,4394,4470,419,281,0.6706,True,0.6598,True,True,1.8257
sift-fingervein,finger,THU-FVFDT_genuine_121,151,151,685,712,95,67,0.7053,True,0.6899,True,True,1.9395
superglue-fingervein,finger,THU-FVFDT_genuine_121,151,151,1007,1013,551,306,0.5554,True,0.5294,True,True,2.4588
sgmnet-fingervein,finger,THU-FVFDT_genuine_121,151,151,928,942,503,184,0.3658,True,0.3624,True,True,1.6885
aspanformer,finger,THU-FVFDT_genuine_121,151,151,1478,1478,1478,1240,0.8390,True,0.8390,True,True,1.4783
deepdetect,finger,THU-FVFDT_genuine_121,151,151,50058,54413,105,81,0.7714,True,0.7714,True,True,2.3638
loftr,finger,THU-FVFDT_genuine_122,413,413,773,773,773,630,0.8150,True,0.7813,True,True,2.3450
orb-fingervein,finger,THU-FVFDT_genuine_122,413,413,3866,4990,131,78,0.5954,True,0.5896,True,True,1.6957
sift-fingervein,finger,THU-FVFDT_genuine_122,413,413,1047,1808,26,16,0.6154,True,0.6049,True,True,1.7934
superglue-fingervein,finger,THU-FVFDT_genuine_122,413,413,775,976,452,255,0.5642,True,0.5323,True,True,2.6628
sgmnet-fingervein,finger,THU-FVFDT_genuine_122,413,413,1659,1892,912,288,0.3158,True,0.3120,True,True,1.7426
aspanformer,finger,THU-FVFDT_genuine_122,413,413,1376,1376,1376,923,0.6708,True,0.6582,True,True,1.8786
deepdetect,finger,THU-FVFDT_genuine_122,413,413,42056,70169,118,63,0.5339,True,0.5339,True,True,2.1515
loftr,finger,THU-FVFDT_genuine_123,507,507,750,750,750,584,0.7787,True,0.7609,True,True,1.9614
orb-fingervein,finger,THU-FVFDT_genuine_123,507,507,4524,4908,233,118,0.5064,True,0.4918,True,True,2.0875
sift-fingervein,finger,THU-FVFDT_genuine_123,507,507,905,1073,85,55,0.6471,True,0.6311,True,True,1.9979
superglue-fingervein,finger,THU-FVFDT_genuine_123,507,507,802,925,443,207,0.4673,True,0.4397,True,True,2.7156
sgmnet-fingervein,finger,THU-FVFDT_genuine_123,507,507,1102,1296,683,236,0.3455,True,0.3422,True,True,1.6959
aspanformer,finger,THU-FVFDT_genuine_123,507,507,1450,1450,1450,1072,0.7393,True,0.7235,True,True,1.9324
deepdetect,finger,THU-FVFDT_genuine_123,507,507,72498,72297,228,164,0.7193,True,0.7193,True,True,2.4681
loftr,finger,THU-FVFDT_genuine_124,578,578,1152,1152,1152,1001,0.8689,True,0.8689,True,True,0.6545
orb-fingervein,finger,THU-FVFDT_genuine_124,578,578,4983,5000,316,227,0.7184,True,0.7070,True,True,1.8178
sift-fingervein,finger,THU-FVFDT_genuine_124,578,578,1525,1596,112,74,0.6607,True,0.6556,True,True,1.6559
superglue-fingervein,finger,THU-FVFDT_genuine_124,578,578,1206,1547,714,403,0.5644,True,0.5391,True,True,2.4171
sgmnet-fingervein,finger,THU-FVFDT_genuine_124,578,578,1501,1556,909,372,0.4092,True,0.4038,True,True,1.7674
aspanformer,finger,THU-FVFDT_genuine_124,578,578,1787,1787,1787,1451,0.8120,True,0.8120,True,True,1.1973
deepdetect,finger,THU-FVFDT_genuine_124,578,578,77302,78481,518,461,0.8900,True,0.8900,True,True,1.8286
loftr,finger,THU-FVFDT_genuine_125,445,445,806,806,806,546,0.6774,True,0.6674,True,True,1.7984
orb-fingervein,finger,THU-FVFDT_genuine_125,445,445,3713,4964,126,68,0.5397,True,0.5271,True,True,1.9732
sift-fingervein,finger,THU-FVFDT_genuine_125,445,445,1057,1600,39,16,0.4103,False,0.3938,True,False,2.2647
superglue-fingervein,finger,THU-FVFDT_genuine_125,445,445,594,1065,402,195,0.4851,True,0.4576,True,True,2.6672
sgmnet-fingervein,finger,THU-FVFDT_genuine_125,445,445,1608,1652,859,295,0.3434,True,0.3377,True,True,1.8361
aspanformer,finger,THU-FVFDT_genuine_125,445,445,1597,1597,1597,1340,0.8391,True,0.8391,True,True,1.2522
deepdetect,finger,THU-FVFDT_genuine_125,445,445,41332,60900,95,67,0.7053,True,0.7053,True,True,2.3479
loftr,finger,THU-FVFDT_genuine_126,221,221,670,670,670,506,0.7552,True,0.7552,True,True,1.3731
orb-fingervein,finger,THU-FVFDT_genuine_126,221,221,4823,5000,266,154,0.5789,True,0.5662,True,True,1.9444
sift-fingervein,finger,THU-FVFDT_genuine_126,221,221,962,1453,57,45,0.7895,True,0.7678,True,True,2.0569
superglue-fingervein,finger,THU-FVFDT_genuine_126,221,221,987,1186,461,275,0.5965,True,0.5655,True,True,2.5690
sgmnet-fingervein,finger,THU-FVFDT_genuine_126,221,221,1248,1472,721,232,0.3218,True,0.3175,True,True,1.7698
aspanformer,finger,THU-FVFDT_genuine_126,221,221,1458,1458,1458,1294,0.8875,True,0.8873,True,True,1.5058
deepdetect,finger,THU-FVFDT_genuine_126,221,221,64490,60824,250,161,0.6440,True,0.6440,True,True,2.0776
loftr,finger,THU-FVFDT_genuine_127,453,453,655,655,655,510,0.7786,True,0.7485,True,True,2.2896
orb-fingervein,finger,THU-FVFDT_genuine_127,453,453,4994,4884,163,86,0.5276,True,0.5112,True,True,2.1313
sift-fingervein,finger,THU-FVFDT_genuine_127,453,453,1620,1629,51,25,0.4902,True,0.4784,True,True,1.9848
superglue-fingervein,finger,THU-FVFDT_genuine_127,453,453,1326,1310,652,359,0.5506,True,0.5154,True,True,2.8233
sgmnet-fingervein,finger,THU-FVFDT_genuine_127,453,453,1586,1570,825,247,0.2994,True,0.2965,True,True,1.6936
aspanformer,finger,THU-FVFDT_genuine_127,453,453,1226,1226,1226,774,0.6313,True,0.6143,True,True,2.0465
deepdetect,finger,THU-FVFDT_genuine_127,453,453,70851,74459,351,173,0.4929,True,0.4929,True,True,2.7686
loftr,finger,THU-FVFDT_genuine_128,395,395,846,846,846,521,0.6158,True,0.5938,True,True,2.2295
orb-fingervein,finger,THU-FVFDT_genuine_128,395,395,4971,4814,247,172,0.6964,True,0.6755,True,True,2.1094
sift-fingervein,finger,THU-FVFDT_genuine_128,395,395,1860,1544,79,45,0.5696,True,0.5599,True,True,1.8433
superglue-fingervein,finger,THU-FVFDT_genuine_128,395,395,1226,1207,721,408,0.5659,True,0.5370,True,True,2.5459
sgmnet-fingervein,finger,THU-FVFDT_genuine_128,395,395,1751,1642,870,273,0.3138,True,0.3096,True,True,1.7715
aspanformer,finger,THU-FVFDT_genuine_128,395,395,1401,1401,1401,1053,0.7516,True,0.7294,True,True,2.1005
deepdetect,finger,THU-FVFDT_genuine_128,395,395,67135,59312,280,189,0.6750,True,0.6750,True,True,2.0864
loftr,finger,THU-FVFDT_genuine_129,256,256,721,721,721,628,0.8710,True,0.8512,True,True,1.9592
orb-fingervein,finger,THU-FVFDT_genuine_129,256,256,4460,4813,164,73,0.4451,False,0.4320,True,False,2.0998
sift-fingervein,finger,THU-FVFDT_genuine_129,256,256,1268,1274,52,23,0.4423,False,0.4212,True,False,2.4719
superglue-fingervein,finger,THU-FVFDT_genuine_129,256,256,742,824,412,206,0.5000,True,0.4743,True,True,2.5566
sgmnet-fingervein,finger,THU-FVFDT_genuine_129,256,256,1642,1476,722,237,0.3283,True,0.3251,True,True,1.6941
aspanformer,finger,THU-FVFDT_genuine_129,256,256,1333,1333,1333,1123,0.8425,True,0.8425,True,True,1.3259
deepdetect,finger,THU-FVFDT_genuine_129,256,256,51606,58857,205,136,0.6634,True,0.6634,True,True,2.8471
loftr,finger,THU-FVFDT_genuine_130,582,582,599,599,599,349,0.5826,True,0.5664,True,True,2.0659
orb-fingervein,finger,THU-FVFDT_genuine_130,582,582,3912,3882,94,23,0.2447,False,0.2364,True,False,2.1816
sift-fingervein,finger,THU-FVFDT_genuine_130,582,582,1171,1343,20,8,0.4000,False,0.3873,True,False,1.0284
superglue-fingervein,finger,THU-FVFDT_genuine_130,582,582,814,786,443,171,0.3860,True,0.3580,True,True,3.0065
sgmnet-fingervein,finger,THU-FVFDT_genuine_130,582,582,1610,1833,777,175,0.2252,True,0.2230,True,True,1.6974
aspanformer,finger,THU-FVFDT_genuine_130,582,582,1109,1109,1109,738,0.6655,True,0.6372,True,True,2.3688
deepdetect,finger,THU-FVFDT_genuine_130,582,582,44615,46680,105,36,0.3429,True,0.3429,True,True,2.5035
loftr,finger,THU-FVFDT_genuine_131,234,234,781,781,781,608,0.7785,True,0.7533,True,True,2.1581
orb-fingervein,finger,THU-FVFDT_genuine_131,234,234,4880,4897,245,130,0.5306,True,0.5146,True,True,2.1120
sift-fingervein,finger,THU-FVFDT_genuine_131,234,234,1274,1432,68,46,0.6765,True,0.6632,True,True,1.8970
superglue-fingervein,finger,THU-FVFDT_genuine_131,234,234,863,1029,373,196,0.5255,True,0.4943,True,True,2.7228
sgmnet-fingervein,finger,THU-FVFDT_genuine_131,234,234,1424,1492,738,265,0.3591,True,0.3532,True,True,1.8274
aspanformer,finger,THU-FVFDT_genuine_131,234,234,1194,1194,1194,916,0.7672,True,0.7498,True,True,1.9581
deepdetect,finger,THU-FVFDT_genuine_131,234,234,60393,59227,255,160,0.6275,True,0.6275,True,True,1.9946
loftr,finger,THU-FVFDT_genuine_132,3,3,881,881,881,722,0.8195,True,0.7976,True,True,2.0416
orb-fingervein,finger,THU-FVFDT_genuine_132,3,3,4966,4982,254,156,0.6142,True,0.5988,True,True,2.0065
sift-fingervein,finger,THU-FVFDT_genuine_132,3,3,1111,1088,63,41,0.6508,True,0.6404,True,True,1.8205
superglue-fingervein,finger,THU-FVFDT_genuine_132,3,3,1063,1157,648,383,0.5910,True,0.5598,True,True,2.5879
sgmnet-fingervein,finger,THU-FVFDT_genuine_132,3,3,1157,1153,687,247,0.3595,True,0.3580,True,True,1.5874
aspanformer,finger,THU-FVFDT_genuine_132,3,3,1788,1788,1788,1667,0.9323,True,0.9323,True,True,1.4358
deepdetect,finger,THU-FVFDT_genuine_132,3,3,54489,63985,208,149,0.7163,True,0.7163,True,True,2.1337
loftr,finger,THU-FVFDT_genuine_133,608,608,622,622,622,389,0.6254,True,0.6000,True,True,2.3290
orb-fingervein,finger,THU-FVFDT_genuine_133,608,608,4924,5000,224,124,0.5536,True,0.5360,True,True,2.1445
sift-fingervein,finger,THU-FVFDT_genuine_133,608,608,1227,1280,62,33,0.5323,True,0.5314,True,True,1.5323
superglue-fingervein,finger,THU-FVFDT_genuine_133,608,608,979,1297,566,278,0.4912,True,0.4707,True,True,2.3519
sgmnet-fingervein,finger,THU-FVFDT_genuine_133,608,608,1254,1339,707,219,0.3098,True,0.3059,True,True,1.7537
aspanformer,finger,THU-FVFDT_genuine_133,608,608,1362,1362,1362,933,0.6850,True,0.6589,True,True,2.2779
deepdetect,finger,THU-FVFDT_genuine_133,608,608,68056,75419,231,140,0.6061,True,0.6061,True,True,2.6985
loftr,finger,THU-FVFDT_genuine_134,308,308,761,761,761,550,0.7227,True,0.7186,True,True,1.6145
orb-fingervein,finger,THU-FVFDT_genuine_134,308,308,5000,4927,171,103,0.6023,True,0.5827,True,True,2.1623
sift-fingervein,finger,THU-FVFDT_genuine_134,308,308,1549,1926,60,33,0.5500,True,0.5330,True,True,2.1269
superglue-fingervein,finger,THU-FVFDT_genuine_134,308,308,924,1024,489,251,0.5133,True,0.4859,True,True,2.5949
sgmnet-fingervein,finger,THU-FVFDT_genuine_134,308,308,1526,1899,828,331,0.3998,True,0.3977,True,True,1.6044
aspanformer,finger,THU-FVFDT_genuine_134,308,308,1300,1300,1300,1083,0.8331,True,0.8309,True,True,1.5534
deepdetect,finger,THU-FVFDT_genuine_134,308,308,61206,56218,342,244,0.7135,True,0.7135,True,True,2.3519
loftr,finger,THU-FVFDT_genuine_135,10,10,1205,1205,1205,1157,0.9602,True,0.9602,True,True,0.6772
orb-fingervein,finger,THU-FVFDT_genuine_135,10,10,4917,4977,731,516,0.7059,True,0.7059,True,True,1.4115
sift-fingervein,finger,THU-FVFDT_genuine_135,10,10,994,1020,207,174,0.8406,True,0.8359,True,True,1.6111
superglue-fingervein,finger,THU-FVFDT_genuine_135,10,10,1267,1241,785,544,0.6930,True,0.6686,True,True,2.2155
sgmnet-fingervein,finger,THU-FVFDT_genuine_135,10,10,1161,1242,667,370,0.5547,True,0.5530,True,True,1.5633
aspanformer,finger,THU-FVFDT_genuine_135,10,10,2048,2048,2048,2048,1.0000,True,1.0000,True,True,0.5431
deepdetect,finger,THU-FVFDT_genuine_135,10,10,38676,41568,432,393,0.9097,True,0.9097,True,True,1.3468
loftr,finger,THU-FVFDT_genuine_136,54,54,1161,1161,1161,1023,0.8811,True,0.8811,True,True,0.4775
orb-fingervein,finger,THU-FVFDT_genuine_136,54,54,4436,4379,554,416,0.7509,True,0.7448,True,True,1.6637
sift-fingervein,finger,THU-FVFDT_genuine_136,54,54,856,855,199,186,0.9347,True,0.9269,True,True,1.6662
superglue-fingervein,finger,THU-FVFDT_genuine_136,54,54,1004,1010,608,427,0.7023,True,0.6808,True,True,2.1206
sgmnet-fingervein,finger,THU-FVFDT_genuine_136,54,54,1029,1039,584,260,0.4452,True,0.4452,True,True,1.4781
aspanformer,finger,THU-FVFDT_genuine_136,54,54,2040,2040,2040,2040,1.0000,True,1.0000,True,True,0.5674
deepdetect,finger,THU-FVFDT_genuine_136,54,54,57111,55373,493,464,0.9412,True,0.9412,True,True,1.6872
loftr,finger,THU-FVFDT_genuine_137,502,502,941,941,941,876,0.9309,True,0.9309,True,True,0.8852
orb-fingervein,finger,THU-FVFDT_genuine_137,502,502,4964,4976,272,152,0.5588,True,0.5413,True,True,2.1380
sift-fingervein,finger,THU-FVFDT_genuine_137,502,502,1463,1253,91,54,0.5934,True,0.5742,True,True,2.1597
superglue-fingervein,finger,THU-FVFDT_genuine_137,502,502,1376,1337,684,474,0.6930,True,0.6605,True,True,2.4597
sgmnet-fingervein,finger,THU-FVFDT_genuine_137,502,502,1477,1286,763,297,0.3893,True,0.3843,True,True,1.7550
aspanformer,finger,THU-FVFDT_genuine_137,502,502,1795,1795,1795,1531,0.8529,True,0.8529,True,True,1.4201
deepdetect,finger,THU-FVFDT_genuine_137,502,502,81920,76606,413,249,0.6029,True,0.6029,True,True,2.1502
loftr,finger,THU-FVFDT_genuine_138,430,430,837,837,837,473,0.5651,True,0.5482,True,True,2.1071
orb-fingervein,finger,THU-FVFDT_genuine_138,430,430,4822,4553,209,91,0.4354,False,0.4238,True,False,2.0391
sift-fingervein,finger,THU-FVFDT_genuine_138,430,430,1686,1474,68,32,0.4706,True,0.4626,True,True,1.8434
superglue-fingervein,finger,THU-FVFDT_genuine_138,430,430,1459,1365,703,331,0.4708,True,0.4416,True,True,2.7822
sgmnet-fingervein,finger,THU-FVFDT_genuine_138,430,430,1745,1769,922,249,0.2701,True,0.2670,True,True,1.7254
aspanformer,finger,THU-FVFDT_genuine_138,430,430,1352,1352,1352,830,0.6139,True,0.5869,True,True,2.4004
deepdetect,finger,THU-FVFDT_genuine_138,430,430,68654,60622,282,135,0.4787,True,0.4787,True,True,2.8537
loftr,finger,THU-FVFDT_genuine_139,22,22,779,779,779,630,0.8087,True,0.8087,True,True,1.4418
orb-fingervein,finger,THU-FVFDT_genuine_139,22,22,4023,4293,190,94,0.4947,True,0.4747,True,True,2.3270
sift-fingervein,finger,THU-FVFDT_genuine_139,22,22,726,717,84,54,0.6429,True,0.6338,True,True,1.7840
superglue-fingervein,finger,THU-FVFDT_genuine_139,22,22,1018,1116,570,336,0.5895,True,0.5545,True,True,2.7219
sgmnet-fingervein,finger,THU-FVFDT_genuine_139,22,22,1039,936,506,202,0.3992,True,0.3962,True,True,1.6513
aspanformer,finger,THU-FVFDT_genuine_139,22,22,1729,1729,1729,1431,0.8276,True,0.8197,True,True,1.6927
deepdetect,finger,THU-FVFDT_genuine_139,22,22,42056,41681,129,85,0.6589,True,0.6589,True,True,2.2576
loftr,finger,THU-FVFDT_genuine_140,33,33,1058,1058,1058,1015,0.9594,True,0.9594,True,True,0.7937
orb-fingervein,finger,THU-FVFDT_genuine_140,33,33,3991,4021,538,437,0.8123,True,0.8004,True,True,1.7948
sift-fingervein,finger,THU-FVFDT_genuine_140,33,33,745,761,152,120,0.7895,True,0.7794,True,True,1.7575
superglue-fingervein,finger,THU-FVFDT_genuine_140,33,33,856,909,518,319,0.6158,True,0.5934,True,True,2.2437
sgmnet-fingervein,finger,THU-FVFDT_genuine_140,33,33,1047,1104,607,318,0.5239,True,0.5183,True,True,1.7154
aspanformer,finger,THU-FVFDT_genuine_140,33,33,2046,2046,2046,2046,1.0000,True,1.0000,True,True,0.8936
deepdetect,finger,THU-FVFDT_genuine_140,33,33,36223,34002,258,200,0.7752,True,0.7752,True,True,1.9275
loftr,finger,THU-FVFDT_genuine_141,450,450,633,633,633,345,0.5450,True,0.5262,True,True,2.2013
orb-fingervein,finger,THU-FVFDT_genuine_141,450,450,5000,5000,96,41,0.4271,False,0.4184,True,False,1.9130
sift-fingervein,finger,THU-FVFDT_genuine_141,450,450,1847,1762,45,21,0.4667,True,0.4613,True,True,1.7215
superglue-fingervein,finger,THU-FVFDT_genuine_141,450,450,1438,1278,584,259,0.4435,True,0.4123,True,True,2.9605
sgmnet-fingervein,finger,THU-FVFDT_genuine_141,450,450,1746,1854,801,206,0.2572,True,0.2545,True,True,1.7130
aspanformer,finger,THU-FVFDT_genuine_141,450,450,1184,1184,1184,659,0.5566,True,0.5372,True,True,2.2076
deepdetect,finger,THU-FVFDT_genuine_141,450,450,78696,67900,280,121,0.4321,True,0.4321,True,True,2.4629
loftr,finger,THU-FVFDT_genuine_142,181,181,752,752,752,507,0.6742,True,0.6742,True,True,1.2769
orb-fingervein,finger,THU-FVFDT_genuine_142,181,181,4628,4656,199,115,0.5779,True,0.5687,True,True,1.8221
sift-fingervein,finger,THU-FVFDT_genuine_142,181,181,874,899,67,48,0.7164,True,0.7020,True,True,1.9067
superglue-fingervein,finger,THU-FVFDT_genuine_142,181,181,962,1029,633,354,0.5592,True,0.5322,True,True,2.4928
sgmnet-fingervein,finger,THU-FVFDT_genuine_142,181,181,1187,1200,668,267,0.3997,True,0.3953,True,True,1.7239
aspanformer,finger,THU-FVFDT_genuine_142,181,181,1524,1524,1524,1053,0.6909,True,0.6909,True,True,1.4254
deepdetect,finger,THU-FVFDT_genuine_142,181,181,48624,43757,248,163,0.6573,True,0.6573,True,True,2.1049
loftr,finger,THU-FVFDT_genuine_143,332,332,950,950,950,655,0.6895,True,0.6745,True,True,1.9403
orb-fingervein,finger,THU-FVFDT_genuine_143,332,332,4973,4943,215,150,0.6977,True,0.6931,True,True,1.6305
sift-fingervein,finger,THU-FVFDT_genuine_143,332,332,1913,1798,84,54,0.6429,True,0.6309,True,True,1.8764
superglue-fingervein,finger,THU-FVFDT_genuine_143,332,332,1013,1223,540,332,0.6148,True,0.5842,True,True,2.5227
sgmnet-fingervein,finger,THU-FVFDT_genuine_143,332,332,1838,1672,924,419,0.4535,True,0.4488,True,True,1.7056
aspanformer,finger,THU-FVFDT_genuine_143,332,332,1463,1463,1463,1434,0.9802,True,0.9684,True,True,1.7423
deepdetect,finger,THU-FVFDT_genuine_143,332,332,70362,71854,538,391,0.7268,True,0.7268,True,True,1.8346
loftr,finger,THU-FVFDT_genuine_144,148,148,936,936,936,850,0.9081,True,0.9081,True,True,1.2311
orb-fingervein,finger,THU-FVFDT_genuine_144,148,148,4979,4949,427,365,0.8548,True,0.8493,True,True,1.6300
sift-fingervein,finger,THU-FVFDT_genuine_144,148,148,936,966,116,91,0.7845,True,0.7845,True,True,1.4059
superglue-fingervein,finger,THU-FVFDT_genuine_144,148,148,1205,1330,694,467,0.6729,True,0.6412,True,True,2.4642
sgmnet-fingervein,finger,THU-FVFDT_genuine_144,148,148,1157,1200,687,338,0.4920,True,0.4886,True,True,1.6396
aspanformer,finger,THU-FVFDT_genuine_144,148,148,1785,1785,1785,1770,0.9916,True,0.9916,True,True,1.2233
deepdetect,finger,THU-FVFDT_genuine_144,148,148,56086,50205,396,316,0.7980,True,0.7980,True,True,1.6930
loftr,finger,THU-FVFDT_genuine_145,50,50,1443,1443,1443,1443,1.0000,True,1.0000,True,True,0.5081
orb-fingervein,finger,THU-FVFDT_genuine_145,50,50,4528,4591,883,740,0.8381,True,0.8381,True,True,1.4494
sift-fingervein,finger,THU-FVFDT_genuine_145,50,50,808,806,230,166,0.7217,True,0.7217,True,True,1.3233
superglue-fingervein,finger,THU-FVFDT_genuine_145,50,50,1238,1263,834,678,0.8129,True,0.7931,True,True,1.9933
sgmnet-fingervein,finger,THU-FVFDT_genuine_145,50,50,1125,1109,630,412,0.6540,True,0.6540,True,True,1.4474
aspanformer,finger,THU-FVFDT_genuine_145,50,50,2048,2048,2048,1960,0.9570,True,0.9570,True,True,0.4943
deepdetect,finger,THU-FVFDT_genuine_145,50,50,44783,45599,785,761,0.9694,True,0.9694,True,True,0.9855
loftr,finger,THU-FVFDT_genuine_146,388,388,688,688,688,501,0.7282,True,0.6919,True,True,2.5231
orb-fingervein,finger,THU-FVFDT_genuine_146,388,388,4532,4555,122,40,0.3279,False,0.3181,True,False,2.1042
sift-fingervein,finger,THU-FVFDT_genuine_146,388,388,942,1066,39,14,0.3590,False,0.3461,True,False,2.1282
superglue-fingervein,finger,THU-FVFDT_genuine_146,388,388,809,625,352,174,0.4943,True,0.4659,True,True,2.6846
sgmnet-fingervein,finger,THU-FVFDT_genuine_146,388,388,1217,1403,645,204,0.3163,True,0.3112,True,True,1.8268
aspanformer,finger,THU-FVFDT_genuine_146,388,388,1398,1398,1398,826,0.5908,True,0.5744,True,True,2.0643
deepdetect,finger,THU-FVFDT_genuine_146,388,388,67159,61019,175,99,0.5657,True,0.5657,True,True,2.6967
loftr,finger,THU-FVFDT_genuine_147,236,236,765,765,765,536,0.7007,True,0.6823,True,True,2.0323
orb-fingervein,finger,THU-FVFDT_genuine_147,236,236,4510,4891,117,63,0.5385,True,0.5223,True,True,2.1104
sift-fingervein,finger,THU-FVFDT_genuine_147,236,236,963,1160,34,14,0.4118,False,0.3954,True,False,2.2112
superglue-fingervein,finger,THU-FVFDT_genuine_147,236,236,915,975,403,223,0.5533,True,0.5220,True,True,2.6673
sgmnet-fingervein,finger,THU-FVFDT_genuine_147,236,236,1294,1375,606,202,0.3333,True,0.3278,True,True,1.8369
aspanformer,finger,THU-FVFDT_genuine_147,236,236,1176,1176,1176,961,0.8172,True,0.7953,True,True,2.0422
deepdetect,finger,THU-FVFDT_genuine_147,236,236,60847,55095,148,72,0.4865,True,0.4865,True,True,2.3881
loftr,finger,THU-FVFDT_genuine_148,487,487,761,761,761,514,0.6754,True,0.6516,True,True,2.2194
orb-fingervein,finger,THU-FVFDT_genuine_148,487,487,3871,4740,110,37,0.3364,False,0.3275,True,False,2.0362
sift-fingervein,finger,THU-FVFDT_genuine_148,487,487,915,1304,53,32,0.6038,True,0.5936,True,True,1.8399
superglue-fingervein,finger,THU-FVFDT_genuine_148,487,487,652,624,290,141,0.4862,True,0.4592,True,True,2.6419
sgmnet-fingervein,finger,THU-FVFDT_genuine_148,487,487,1385,1606,836,309,0.3696,True,0.3645,True,True,1.7813
aspanformer,finger,THU-FVFDT_genuine_148,487,487,1502,1502,1502,1089,0.7250,True,0.7227,True,True,1.5655
deepdetect,finger,THU-FVFDT_genuine_148,487,487,55085,61729,176,115,0.6534,True,0.6534,True,True,2.5867
loftr,finger,THU-FVFDT_genuine_149,394,394,647,647,647,390,0.6028,True,0.5806,True,True,2.2495
orb-fingervein,finger,THU-FVFDT_genuine_149,394,394,4963,5000,160,56,0.3500,False,0.3386,True,False,2.1628
sift-fingervein,finger,THU-FVFDT_genuine_149,394,394,1293,1525,41,22,0.5366,True,0.5210,True,True,2.0814
superglue-fingervein,finger,THU-FVFDT_genuine_149,394,394,904,1198,418,223,0.5335,True,0.5033,True,True,2.6653
sgmnet-fingervein,finger,THU-FVFDT_genuine_149,394,394,1385,1503,647,267,0.4127,True,0.4088,True,True,1.6902
aspanformer,finger,THU-FVFDT_genuine_149,394,394,993,993,993,707,0.7120,True,0.6853,True,True,2.2649
deepdetect,finger,THU-FVFDT_genuine_149,394,394,63895,72357,148,81,0.5473,True,0.5473,True,True,2.6354
loftr,finger,THU-FVFDT_genuine_150,519,519,668,668,668,412,0.6168,True,0.5986,True,True,2.0992
orb-fingervein,finger,THU-FVFDT_genuine_150,519,519,4804,4755,157,69,0.4395,False,0.4296,True,False,1.9563
sift-fingervein,finger,THU-FVFDT_genuine_150,519,519,1393,1373,46,25,0.5435,True,0.5434,True,True,1.4533
superglue-fingervein,finger,THU-FVFDT_genuine_150,519,519,1108,1126,580,309,0.5328,True,0.4999,True,True,2.7744
sgmnet-fingervein,finger,THU-FVFDT_genuine_150,519,519,1500,1417,708,202,0.2853,True,0.2818,True,True,1.7475
aspanformer,finger,THU-FVFDT_genuine_150,519,519,1215,1215,1215,866,0.7128,True,0.6950,True,True,2.0034
deepdetect,finger,THU-FVFDT_genuine_150,519,519,71381,68551,197,79,0.4010,True,0.4010,True,True,2.0898
loftr,finger,THU-FVFDT_genuine_151,38,38,1285,1285,1285,1232,0.9588,True,0.9588,True,True,0.4919
orb-fingervein,finger,THU-FVFDT_genuine_151,38,38,4749,4863,843,636,0.7544,True,0.7517,True,True,1.5736
sift-fingervein,finger,THU-FVFDT_genuine_151,38,38,745,744,200,175,0.8750,True,0.8679,True,True,1.6638
superglue-fingervein,finger,THU-FVFDT_genuine_151,38,38,1268,1376,822,580,0.7056,True,0.6843,True,True,2.1134
sgmnet-fingervein,finger,THU-FVFDT_genuine_151,38,38,840,903,482,303,0.6286,True,0.6286,True,True,1.4309
aspanformer,finger,THU-FVFDT_genuine_151,38,38,2048,2048,2048,2048,1.0000,True,1.0000,True,True,0.5969
deepdetect,finger,THU-FVFDT_genuine_151,38,38,46646,55249,432,430,0.9954,True,0.9954,True,True,1.2582
loftr,finger,THU-FVFDT_genuine_152,190,190,670,670,670,511,0.7627,True,0.7365,True,True,2.1987
orb-fingervein,finger,THU-FVFDT_genuine_152,190,190,4237,4689,185,109,0.5892,True,0.5839,True,True,1.6787
sift-fingervein,finger,THU-FVFDT_genuine_152,190,190,845,917,62,39,0.6290,True,0.6128,True,True,2.0243
superglue-fingervein,finger,THU-FVFDT_genuine_152,190,190,930,964,521,264,0.5067,True,0.4824,True,True,2.4834
sgmnet-fingervein,finger,THU-FVFDT_genuine_152,190,190,1160,1112,610,206,0.3377,True,0.3329,True,True,1.7883
aspanformer,finger,THU-FVFDT_genuine_152,190,190,1224,1224,1224,902,0.7369,True,0.7340,True,True,1.5789
deepdetect,finger,THU-FVFDT_genuine_152,190,190,51813,61262,120,66,0.5500,True,0.5500,True,True,2.1936
loftr,finger,THU-FVFDT_genuine_153,557,557,663,663,663,498,0.7511,True,0.7294,True,True,2.0872
orb-fingervein,finger,THU-FVFDT_genuine_153,557,557,5000,5000,150,65,0.4333,False,0.4111,True,False,2.5540
sift-fingervein,finger,THU-FVFDT_genuine_153,557,557,1293,1382,62,35,0.5645,True,0.5458,True,True,2.1759
superglue-fingervein,finger,THU-FVFDT_genuine_153,557,557,1378,1321,676,304,0.4497,True,0.4251,True,True,2.6255
sgmnet-fingervein,finger,THU-FVFDT_genuine_153,557,557,1309,1315,664,203,0.3057,True,0.3009,True,True,1.8157
aspanformer,finger,THU-FVFDT_genuine_153,557,557,1264,1264,1264,998,0.7896,True,0.7696,True,True,2.0124
deepdetect,finger,THU-FVFDT_genuine_153,557,557,78754,79733,306,174,0.5686,True,0.5686,True,True,3.0026
loftr,finger,THU-FVFDT_genuine_154,271,271,1062,1062,1062,901,0.8484,True,0.8373,True,True,1.7643
orb-fingervein,finger,THU-FVFDT_genuine_154,271,271,4980,4969,367,254,0.6921,True,0.6838,True,True,1.7413
sift-fingervein,finger,THU-FVFDT_genuine_154,271,271,1468,1555,110,76,0.6909,True,0.6844,True,True,1.6897
superglue-fingervein,finger,THU-FVFDT_genuine_154,271,271,951,1077,570,314,0.5509,True,0.5232,True,True,2.5318
sgmnet-fingervein,finger,THU-FVFDT_genuine_154,271,271,1433,1502,814,370,0.4545,True,0.4507,True,True,1.6708
aspanformer,finger,THU-FVFDT_genuine_154,271,271,1755,1755,1755,1536,0.8752,True,0.8646,True,True,1.7446
deepdetect,finger,THU-FVFDT_genuine_154,271,271,78652,70802,630,479,0.7603,True,0.7603,True,True,2.2961
loftr,finger,THU-FVFDT_genuine_155,520,520,733,733,733,519,0.7080,True,0.6790,True,True,2.3376
orb-fingervein,finger,THU-FVFDT_genuine_155,520,520,4424,4171,148,73,0.4932,True,0.4707,True,True,2.4377
sift-fingervein,finger,THU-FVFDT_genuine_155,520,520,1053,1175,26,13,0.5000,True,0.4899,True,True,1.7707
superglue-fingervein,finger,THU-FVFDT_genuine_155,520,520,1148,1001,428,229,0.5350,True,0.5011,True,True,2.8117
sgmnet-fingervein,finger,THU-FVFDT_genuine_155,520,520,1293,1577,508,141,0.2776,True,0.2742,True,True,1.7457
aspanformer,finger,THU-FVFDT_genuine_155,520,520,1182,1182,1182,797,0.6743,True,0.6543,True,True,2.1025
deepdetect,finger,THU-FVFDT_genuine_155,520,520,66996,54248,238,100,0.4202,True,0.4202,True,True,3.0865
loftr,finger,THU-FVFDT_genuine_156,173,173,1260,1260,1260,1257,0.9976,True,0.9976,True,True,1.0387
orb-fingervein,finger,THU-FVFDT_genuine_156,173,173,4818,4769,534,387,0.7247,True,0.7179,True,True,1.6890
sift-fingervein,finger,THU-FVFDT_genuine_156,173,173,842,819,128,89,0.6953,True,0.6852,True,True,1.7921
superglue-fingervein,finger,THU-FVFDT_genuine_156,173,173,1126,1212,713,450,0.6311,True,0.6022,True,True,2.4372
sgmnet-fingervein,finger,THU-FVFDT_genuine_156,173,173,1096,1108,629,245,0.3895,True,0.3859,True,True,1.6885
aspanformer,finger,THU-FVFDT_genuine_156,173,173,2000,2000,2000,1995,0.9975,True,0.9975,True,True,0.9798
deepdetect,finger,THU-FVFDT_genuine_156,173,173,52351,54037,210,191,0.9095,True,0.9095,True,True,1.6184
loftr,finger,THU-FVFDT_genuine_157,585,585,755,755,755,516,0.6834,True,0.6592,True,True,2.2224
orb-fingervein,finger,THU-FVFDT_genuine_157,585,585,4685,4636,119,60,0.5042,True,0.4892,True,True,2.1039
sift-fingervein,finger,THU-FVFDT_genuine_157,585,585,1188,1193,30,10,0.3333,False,0.3263,True,False,1.5698
superglue-fingervein,finger,THU-FVFDT_genuine_157,585,585,742,717,356,158,0.4438,True,0.4177,True,True,2.7122
sgmnet-fingervein,finger,THU-FVFDT_genuine_157,585,585,1442,1425,679,195,0.2872,True,0.2825,True,True,1.8273
aspanformer,finger,THU-FVFDT_genuine_157,585,585,1455,1455,1455,1106,0.7601,True,0.7347,True,True,2.1804
deepdetect,finger,THU-FVFDT_genuine_157,585,585,62643,67120,164,90,0.5488,True,0.5488,True,True,3.0112
loftr,finger,THU-FVFDT_genuine_158,458,458,694,694,694,432,0.6225,True,0.6062,True,True,2.0309
orb-fingervein,finger,THU-FVFDT_genuine_158,458,458,4945,5000,166,87,0.5241,True,0.5159,True,True,1.8145
sift-fingervein,finger,THU-FVFDT_genuine_158,458,458,1569,1696,58,27,0.4655,True,0.4584,True,True,1.8048
superglue-fingervein,finger,THU-FVFDT_genuine_158,458,458,1205,1071,520,278,0.5346,True,0.5074,True,True,2.5434
sgmnet-fingervein,finger,THU-FVFDT_genuine_158,458,458,1659,1723,857,310,0.3617,True,0.3589,True,True,1.6547
aspanformer,finger,THU-FVFDT_genuine_158,458,458,1133,1133,1133,837,0.7387,True,0.7124,True,True,2.2268
deepdetect,finger,THU-FVFDT_genuine_158,458,458,67745,72350,269,149,0.5539,True,0.5539,True,True,2.6659
loftr,finger,THU-FVFDT_genuine_159,57,57,1283,1283,1283,1276,0.9945,True,0.9945,True,True,0.4668
orb-fingervein,finger,THU-FVFDT_genuine_159,57,57,4962,4862,636,499,0.7846,True,0.7796,True,True,1.6277
sift-fingervein,finger,THU-FVFDT_genuine_159,57,57,1049,1038,258,229,0.8876,True,0.8876,True,True,1.4423
superglue-fingervein,finger,THU-FVFDT_genuine_159,57,57,1079,1102,672,435,0.6473,True,0.6230,True,True,2.2669
sgmnet-fingervein,finger,THU-FVFDT_genuine_159,57,57,1227,1211,689,327,0.4746,True,0.4746,True,True,1.4957
aspanformer,finger,THU-FVFDT_genuine_159,57,57,2048,2048,2048,2048,1.0000,True,1.0000,True,True,0.5996
deepdetect,finger,THU-FVFDT_genuine_159,57,57,59083,63149,579,553,0.9551,True,0.9551,True,True,1.5580
loftr,finger,THU-FVFDT_genuine_160,1,1,1150,1150,1150,1089,0.9470,True,0.9470,True,True,1.0799
orb-fingervein,finger,THU-FVFDT_genuine_160,1,1,4686,4623,445,311,0.6989,True,0.6922,True,True,1.6927
sift-fingervein,finger,THU-FVFDT_genuine_160,1,1,866,782,117,92,0.7863,True,0.7782,True,True,1.7070
superglue-fingervein,finger,THU-FVFDT_genuine_160,1,1,1218,1146,709,475,0.6700,True,0.6450,True,True,2.2579
sgmnet-fingervein,finger,THU-FVFDT_genuine_160,1,1,1162,1079,622,290,0.4662,True,0.4627,True,True,1.6526
aspanformer,finger,THU-FVFDT_genuine_160,1,1,1977,1977,1977,1897,0.9595,True,0.9595,True,True,1.0567
deepdetect,finger,THU-FVFDT_genuine_160,1,1,44097,37913,235,200,0.8511,True,0.8511,True,True,1.7267
loftr,finger,THU-FVFDT_genuine_161,375,375,476,476,476,339,0.7122,True,0.6886,True,True,2.1739
orb-fingervein,finger,THU-FVFDT_genuine_161,375,375,3735,3941,129,47,0.3643,False,0.3475,True,False,2.4479
sift-fingervein,finger,THU-FVFDT_genuine_161,375,375,1145,1174,32,12,0.3750,False,0.3606,True,False,2.0903
superglue-fingervein,finger,THU-FVFDT_genuine_161,375,375,847,829,311,145,0.4662,True,0.4383,True,True,2.7348
sgmnet-fingervein,finger,THU-FVFDT_genuine_161,375,375,1479,1460,609,148,0.2430,True,0.2405,True,True,1.7122
aspanformer,finger,THU-FVFDT_genuine_161,375,375,684,684,684,543,0.7939,True,0.7917,True,True,1.5533
deepdetect,finger,THU-FVFDT_genuine_161,375,375,59782,63378,133,43,0.3233,True,0.3233,True,True,2.9276
loftr,finger,THU-FVFDT_genuine_162,248,248,742,742,742,628,0.8464,True,0.8200,True,True,2.1335
orb-fingervein,finger,THU-FVFDT_genuine_162,248,248,4962,4852,208,114,0.5481,True,0.5328,True,True,2.0643
sift-fingervein,finger,THU-FVFDT_genuine_162,248,248,1454,1384,84,50,0.5952,True,0.5792,True,True,2.0466
superglue-fingervein,finger,THU-FVFDT_genuine_162,248,248,800,839,442,199,0.4502,True,0.4223,True,True,2.7795
sgmnet-fingervein,finger,THU-FVFDT_genuine_162,248,248,1498,1548,879,285,0.3242,True,0.3213,True,True,1.6807
aspanformer,finger,THU-FVFDT_genuine_162,248,248,1420,1420,1420,970,0.6831,True,0.6675,True,True,1.9609
deepdetect,finger,THU-FVFDT_genuine_162,248,248,72772,64252,424,280,0.6604,True,0.6604,True,True,2.5979
loftr,finger,THU-FVFDT_genuine_163,589,589,826,826,826,651,0.7881,True,0.7591,True,True,2.2498
orb-fingervein,finger,THU-FVFDT_genuine_163,589,589,4550,4841,246,147,0.5976,True,0.5880,True,True,1.8233
sift-fingervein,finger,THU-FVFDT_genuine_163,589,589,1105,1184,72,42,0.5833,True,0.5673,True,True,2.0591
superglue-fingervein,finger,THU-FVFDT_genuine_163,589,589,665,872,375,217,0.5787,True,0.5431,True,True,2.7700
sgmnet-fingervein,finger,THU-FVFDT_genuine_163,589,589,1433,1428,717,247,0.3445,True,0.3421,True,True,1.6404
aspanformer,finger,THU-FVFDT_genuine_163,589,589,1435,1435,1435,1173,0.8174,True,0.8036,True,True,1.8412
deepdetect,finger,THU-FVFDT_genuine_163,589,589,52610,63525,146,105,0.7192,True,0.7192,True,True,2.3466
loftr,finger,THU-FVFDT_genuine_164,107,107,864,864,864,800,0.9259,True,0.9161,True,True,1.7129
orb-fingervein,finger,THU-FVFDT_genuine_164,107,107,4628,4564,411,303,0.7372,True,0.7149,True,True,2.1137
sift-fingervein,finger,THU-FVFDT_genuine_164,107,107,842,877,107,78,0.7290,True,0.7165,True,True,1.8440
superglue-fingervein,finger,THU-FVFDT_genuine_164,107,107,1059,1059,575,328,0.5704,True,0.5490,True,True,2.2656
sgmnet-fingervein,finger,THU-FVFDT_genuine_164,107,107,1051,1076,595,287,0.4824,True,0.4813,True,True,1.5450
aspanformer,finger,THU-FVFDT_genuine_164,107,107,1557,1557,1557,1467,0.9422,True,0.9407,True,True,1.5316
deepdetect,finger,THU-FVFDT_genuine_164,107,107,62384,63774,256,184,0.7188,True,0.7188,True,True,1.8494
loftr,finger,THU-FVFDT_genuine_165,530,530,837,837,837,570,0.6810,True,0.6613,True,True,2.0881
orb-fingervein,finger,THU-FVFDT_genuine_165,530,530,4892,4977,229,141,0.6157,True,0.6053,True,True,1.8420
sift-fingervein,finger,THU-FVFDT_genuine_165,530,530,906,1017,103,57,0.5534,True,0.5369,True,True,2.1058
superglue-fingervein,finger,THU-FVFDT_genuine_165,530,530,929,932,441,269,0.6100,True,0.5767,True,True,2.6222
sgmnet-fingervein,finger,THU-FVFDT_genuine_165,530,530,1008,1066,562,193,0.3434,True,0.3405,True,True,1.6703
aspanformer,finger,THU-FVFDT_genuine_165,530,530,1563,1563,1563,1342,0.8586,True,0.8586,True,True,1.4548
deepdetect,finger,THU-FVFDT_genuine_165,530,530,71919,65140,372,299,0.8038,True,0.8038,True,True,2.0983
loftr,finger,THU-FVFDT_genuine_166,266,266,889,889,889,691,0.7773,True,0.7640,True,True,1.8454
orb-fingervein,finger,THU-FVFDT_genuine_166,266,266,4962,5000,291,205,0.7045,True,0.6967,True,True,1.7209
sift-fingervein,finger,THU-FVFDT_genuine_166,266,266,1330,1436,108,58,0.5370,True,0.5240,True,True,1.9908
superglue-fingervein,finger,THU-FVFDT_genuine_166,266,266,935,1350,611,350,0.5728,True,0.5466,True,True,2.4382
sgmnet-fingervein,finger,THU-FVFDT_genuine_166,266,266,1489,1448,839,288,0.3433,True,0.3398,True,True,1.7039
aspanformer,finger,THU-FVFDT_genuine_166,266,266,1655,1655,1655,1314,0.7940,True,0.7768,True,True,1.9379
deepdetect,finger,THU-FVFDT_genuine_166,266,266,63085,72027,338,286,0.8462,True,0.8462,True,True,2.6019
loftr,finger,THU-FVFDT_genuine_167,482,482,589,589,589,441,0.7487,True,0.7163,True,True,2.3860
orb-fingervein,finger,THU-FVFDT_genuine_167,482,482,4947,4943,201,121,0.6020,True,0.5875,True,True,1.9861
sift-fingervein,finger,THU-FVFDT_genuine_167,482,482,1284,1182,62,37,0.5968,True,0.5793,True,True,2.0928
superglue-fingervein,finger,THU-FVFDT_genuine_167,482,482,1148,1061,578,359,0.6211,True,0.5848,True,True,2.7059
sgmnet-fingervein,finger,THU-FVFDT_genuine_167,482,482,1411,1270,759,246,0.3241,True,0.3211,True,True,1.6836
aspanformer,finger,THU-FVFDT_genuine_167,482,482,1348,1348,1348,1089,0.8079,True,0.7895,True,True,1.9600
deepdetect,finger,THU-FVFDT_genuine_167,482,482,80186,76411,347,261,0.7522,True,0.7522,True,True,1.9379
loftr,finger,THU-FVFDT_genuine_168,471,471,738,738,738,457,0.6192,True,0.6094,True,True,1.8209
orb-fingervein,finger,THU-FVFDT_genuine_168,471,471,4148,4132,168,80,0.4762,True,0.4648,True,True,1.9850
sift-fingervein,finger,THU-FVFDT_genuine_168,471,471,1559,1378,54,19,0.3519,False,0.3489,True,False,1.6493
superglue-fingervein,finger,THU-FVFDT_genuine_168,471,471,1234,1251,619,324,0.5234,True,0.4924,True,True,2.7203
sgmnet-fingervein,finger,THU-FVFDT_genuine_168,471,471,1706,1591,861,238,0.2764,True,0.2731,True,True,1.7428
aspanformer,finger,THU-FVFDT_genuine_168,471,471,1274,1274,1274,914,0.7174,True,0.7063,True,True,1.8122
deepdetect,finger,THU-FVFDT_genuine_168,471,471,66700,62446,325,128,0.3938,True,0.3938,True,True,2.6163
loftr,finger,THU-FVFDT_genuine_169,240,240,423,423,423,290,0.6856,True,0.6856,True,True,1.0200
orb-fingervein,finger,THU-FVFDT_genuine_169,240,240,4256,4519,82,30,0.3659,False,0.3585,True,False,1.9039
sift-fingervein,finger,THU-FVFDT_genuine_169,240,240,1120,1200,28,15,0.5357,True,0.5314,True,True,1.5889
superglue-fingervein,finger,THU-FVFDT_genuine_169,240,240,748,658,365,196,0.5370,True,0.5044,True,True,2.7523
sgmnet-fingervein,finger,THU-FVFDT_genuine_169,240,240,1616,1555,827,247,0.2987,True,0.2963,True,True,1.6599
aspanformer,finger,THU-FVFDT_genuine_169,240,240,1371,1371,1371,1287,0.9387,True,0.9387,True,True,1.3919
deepdetect,finger,THU-FVFDT_genuine_169,240,240,49040,61235,134,90,0.6716,True,0.6716,True,True,1.6557
loftr,finger,THU-FVFDT_genuine_170,209,209,867,867,867,623,0.7186,True,0.7186,True,True,1.1231
orb-fingervein,finger,THU-FVFDT_genuine_170,209,209,4092,3819,413,295,0.7143,True,0.6937,True,True,2.0859
sift-fingervein,finger,THU-FVFDT_genuine_170,209,209,840,838,128,98,0.7656,True,0.7521,True,True,1.8563
superglue-fingervein,finger,THU-FVFDT_genuine_170,209,209,887,831,456,303,0.6645,True,0.6317,True,True,2.5121
sgmnet-fingervein,finger,THU-FVFDT_genuine_170,209,209,1167,1123,628,290,0.4618,True,0.4591,True,True,1.6168
aspanformer,finger,THU-FVFDT_genuine_170,209,209,1614,1614,1614,1558,0.9653,True,0.9574,True,True,1.6654
deepdetect,finger,THU-FVFDT_genuine_170,209,209,53448,46154,426,264,0.6197,True,0.6197,True,True,2.3250
loftr,finger,THU-FVFDT_genuine_171,125,125,1013,1013,1013,868,0.8569,True,0.8569,True,True,0.4882
orb-fingervein,finger,THU-FVFDT_genuine_171,125,125,4341,4349,340,221,0.6500,True,0.6451,True,True,1.6505
sift-fingervein,finger,THU-FVFDT_genuine_171,125,125,911,850,124,91,0.7339,True,0.7223,True,True,1.8171
superglue-fingervein,finger,THU-FVFDT_genuine_171,125,125,875,930,540,276,0.5111,True,0.4945,True,True,2.1608
sgmnet-fingervein,finger,THU-FVFDT_genuine_171,125,125,1188,1158,680,390,0.5735,True,0.5694,True,True,1.6451
aspanformer,finger,THU-FVFDT_genuine_171,125,125,2021,2021,2021,2016,0.9975,True,0.9975,True,True,0.8537
deepdetect,finger,THU-FVFDT_genuine_171,125,125,48012,51498,388,344,0.8866,True,0.8866,True,True,1.7629
loftr,finger,THU-FVFDT_genuine_172,21,21,628,628,628,396,0.6306,True,0.6091,True,True,2.1924
orb-fingervein,finger,THU-FVFDT_genuine_172,21,21,3878,3990,292,181,0.6199,True,0.6043,True,True,2.0098
sift-fingervein,finger,THU-FVFDT_genuine_172,21,21,630,638,74,48,0.6486,True,0.6350,True,True,1.9252
superglue-fingervein,finger,THU-FVFDT_genuine_172,21,21,993,948,498,263,0.5281,True,0.4987,True,True,2.6448
sgmnet-fingervein,finger,THU-FVFDT_genuine_172,21,21,960,991,505,191,0.3782,True,0.3752,True,True,1.6587
aspanformer,finger,THU-FVFDT_genuine_172,21,21,1316,1316,1316,1023,0.7774,True,0.7661,True,True,1.7922
deepdetect,finger,THU-FVFDT_genuine_172,21,21,44000,48569,122,74,0.6066,True,0.6066,True,True,2.4285
loftr,finger,THU-FVFDT_genuine_173,360,360,719,719,719,628,0.8734,True,0.8449,True,True,2.1645
orb-fingervein,finger,THU-FVFDT_genuine_173,360,360,4925,5000,242,151,0.6240,True,0.6147,True,True,1.7986
sift-fingervein,finger,THU-FVFDT_genuine_173,360,360,1068,1375,65,48,0.7385,True,0.7240,True,True,1.8967
superglue-fingervein,finger,THU-FVFDT_genuine_173,360,360,1052,1206,574,383,0.6672,True,0.6362,True,True,2.4517
sgmnet-fingervein,finger,THU-FVFDT_genuine_173,360,360,1169,1317,667,243,0.3643,True,0.3620,True,True,1.6276
aspanformer,finger,THU-FVFDT_genuine_173,360,360,1286,1286,1286,1197,0.9308,True,0.9118,True,True,1.9124
deepdetect,finger,THU-FVFDT_genuine_173,360,360,56442,67244,227,172,0.7577,True,0.7577,True,True,2.2598
loftr,finger,THU-FVFDT_genuine_174,135,135,593,593,593,373,0.6290,True,0.5992,True,True,2.4700
orb-fingervein,finger,THU-FVFDT_genuine_174,135,135,4904,4601,113,60,0.5310,True,0.5126,True,True,2.2025
sift-fingervein,finger,THU-FVFDT_genuine_174,135,135,966,930,34,14,0.4118,False,0.3901,True,False,2.4812
superglue-fingervein,finger,THU-FVFDT_genuine_174,135,135,1420,1058,458,226,0.4934,True,0.4637,True,True,2.7443
sgmnet-fingervein,finger,THU-FVFDT_genuine_174,135,135,1128,1254,552,185,0.3351,True,0.3331,True,True,1.6245
aspanformer,finger,THU-FVFDT_genuine_174,135,135,1206,1206,1206,904,0.7496,True,0.7291,True,True,2.0553
deepdetect,finger,THU-FVFDT_genuine_174,135,135,35655,42205,58,22,0.3793,True,0.3793,True,True,2.2163
loftr,finger,THU-FVFDT_genuine_175,138,138,1036,1036,1036,816,0.7876,True,0.7876,True,True,1.3506
orb-fingervein,finger,THU-FVFDT_genuine_175,138,138,4237,4425,368,268,0.7283,True,0.7148,True,True,1.8742
sift-fingervein,finger,THU-FVFDT_genuine_175,138,138,850,893,107,67,0.6262,True,0.6122,True,True,1.9523
superglue-fingervein,finger,THU-FVFDT_genuine_175,138,138,1038,1074,585,338,0.5778,True,0.5572,True,True,2.2247
sgmnet-fingervein,finger,THU-FVFDT_genuine_175,138,138,1120,1146,685,283,0.4131,True,0.4084,True,True,1.7290
aspanformer,finger,THU-FVFDT_genuine_175,138,138,1750,1750,1750,1530,0.8743,True,0.8743,True,True,1.0560
deepdetect,finger,THU-FVFDT_genuine_175,138,138,55499,56873,272,230,0.8456,True,0.8456,True,True,2.4699
loftr,finger,THU-FVFDT_genuine_176,436,436,882,882,882,550,0.6236,True,0.6088,True,True,1.9812
orb-fingervein,finger,THU-FVFDT_genuine_176,436,436,4944,4687,323,231,0.7152,True,0.7091,True,True,1.6693
sift-fingervein,finger,THU-FVFDT_genuine_176,436,436,1140,968,109,80,0.7339,True,0.7339,True,True,1.4662
superglue-fingervein,finger,THU-FVFDT_genuine_176,436,436,1046,868,519,285,0.5491,True,0.5230,True,True,2.4753
sgmnet-fingervein,finger,THU-FVFDT_genuine_176,436,436,1242,1146,675,324,0.4800,True,0.4761,True,True,1.6646
aspanformer,finger,THU-FVFDT_genuine_176,436,436,1491,1491,1491,1244,0.8343,True,0.8343,True,True,1.2132
deepdetect,finger,THU-FVFDT_genuine_176,436,436,70988,65980,300,235,0.7833,True,0.7833,True,True,2.0283
loftr,finger,THU-FVFDT_genuine_177,322,322,690,690,690,444,0.6435,True,0.6321,True,True,1.8558
orb-fingervein,finger,THU-FVFDT_genuine_177,322,322,4700,5000,145,81,0.5586,True,0.5441,True,True,2.0266
sift-fingervein,finger,THU-FVFDT_genuine_177,322,322,1263,1888,44,33,0.7500,True,0.7394,True,True,1.7842
superglue-fingervein,finger,THU-FVFDT_genuine_177,322,322,664,985,411,216,0.5255,True,0.5004,True,True,2.4803
sgmnet-fingervein,finger,THU-FVFDT_genuine_177,322,322,1582,1831,923,350,0.3792,True,0.3745,True,True,1.7515
aspanformer,finger,THU-FVFDT_genuine_177,322,322,1509,1509,1509,1277,0.8463,True,0.8432,True,True,1.5723
deepdetect,finger,THU-FVFDT_genuine_177,322,322,53577,70561,195,116,0.5949,True,0.5949,True,True,2.1079
loftr,finger,THU-FVFDT_genuine_178,475,475,800,800,800,645,0.8063,True,0.7907,True,True,1.8895
orb-fingervein,finger,THU-FVFDT_genuine_178,475,475,4905,4960,128,68,0.5312,True,0.5069,True,True,2.4395
sift-fingervein,finger,THU-FVFDT_genuine_178,475,475,1736,1570,45,23,0.5111,True,0.5110,True,True,1.2606
superglue-fingervein,finger,THU-FVFDT_genuine_178,475,475,1148,1210,564,310,0.5496,True,0.5198,True,True,2.6170
sgmnet-fingervein,finger,THU-FVFDT_genuine_178,475,475,1722,1557,861,320,0.3717,True,0.3673,True,True,1.7342
aspanformer,finger,THU-FVFDT_genuine_178,475,475,1152,1152,1152,782,0.6788,True,0.6761,True,True,1.5790
deepdetect,finger,THU-FVFDT_genuine_178,475,475,68679,65951,185,106,0.5730,True,0.5730,True,True,2.6429
loftr,finger,THU-FVFDT_genuine_179,130,130,1059,1059,1059,808,0.7630,True,0.7630,True,True,0.8287
orb-fingervein,finger,THU-FVFDT_genuine_179,130,130,4245,4230,311,253,0.8135,True,0.8060,True,True,1.6844
sift-fingervein,finger,THU-FVFDT_genuine_179,130,130,928,882,112,71,0.6339,True,0.6227,True,True,1.8566
superglue-fingervein,finger,THU-FVFDT_genuine_179,130,130,810,756,495,292,0.5899,True,0.5615,True,True,2.4882
sgmnet-fingervein,finger,THU-FVFDT_genuine_179,130,130,1237,1241,731,326,0.4460,True,0.4440,True,True,1.5902
aspanformer,finger,THU-FVFDT_genuine_179,130,130,1967,1967,1967,1692,0.8602,True,0.8602,True,True,0.8570
deepdetect,finger,THU-FVFDT_genuine_179,130,130,52806,49339,260,175,0.6731,True,0.6731,True,True,2.2046
loftr,finger,THU-FVFDT_genuine_180,599,599,702,702,702,417,0.5940,True,0.5876,True,True,1.7167
orb-fingervein,finger,THU-FVFDT_genuine_180,599,599,4989,4980,306,185,0.6046,True,0.5893,True,True,2.0122
sift-fingervein,finger,THU-FVFDT_genuine_180,599,599,1094,1084,60,36,0.6000,True,0.5791,True,True,2.2075
superglue-fingervein,finger,THU-FVFDT_genuine_180,599,599,1151,1192,309,169,0.5469,True,0.5198,True,True,2.5159
sgmnet-fingervein,finger,THU-FVFDT_genuine_180,599,599,1152,1206,591,195,0.3299,True,0.3248,True,True,1.8127
aspanformer,finger,THU-FVFDT_genuine_180,599,599,1245,1245,1245,1047,0.8410,True,0.8181,True,True,2.0509
deepdetect,finger,THU-FVFDT_genuine_180,599,599,69184,65177,209,111,0.5311,True,0.5311,True,True,2.1590
loftr,finger,THU-FVFDT_genuine_181,344,344,1064,1064,1064,927,0.8712,True,0.8712,True,True,1.0288
orb-fingervein,finger,THU-FVFDT_genuine_181,344,344,4867,4974,394,315,0.7995,True,0.7881,True,True,1.7859
sift-fingervein,finger,THU-FVFDT_genuine_181,344,344,1267,1340,150,118,0.7867,True,0.7716,True,True,1.8855
superglue-fingervein,finger,THU-FVFDT_genuine_181,344,344,757,777,435,241,0.5540,True,0.5215,True,True,2.7093
sgmnet-fingervein,finger,THU-FVFDT_genuine_181,344,344,1461,1500,883,463,0.5243,True,0.5193,True,True,1.6917
aspanformer,finger,THU-FVFDT_genuine_181,344,344,1941,1941,1941,1932,0.9954,True,0.9954,True,True,1.0308
deepdetect,finger,THU-FVFDT_genuine_181,344,344,63652,66939,499,388,0.7776,True,0.7776,True,True,2.1967
loftr,finger,THU-FVFDT_genuine_182,452,452,824,824,824,524,0.6359,True,0.6235,True,True,1.8952
orb-fingervein,finger,THU-FVFDT_genuine_182,452,452,5000,5000,126,91,0.7222,True,0.7000,True,True,2.1251
sift-fingervein,finger,THU-FVFDT_genuine_182,452,452,1536,1603,37,24,0.6486,True,0.6270,True,True,2.1751
superglue-fingervein,finger,THU-FVFDT_genuine_182,452,452,1412,1096,716,388,0.5419,True,0.5114,True,True,2.6587
sgmnet-fingervein,finger,THU-FVFDT_genuine_182,452,452,1561,1704,894,272,0.3043,True,0.2999,True,True,1.7848
aspanformer,finger,THU-FVFDT_genuine_182,452,452,1345,1345,1345,939,0.6981,True,0.6980,True,True,1.5045
deepdetect,finger,THU-FVFDT_genuine_182,452,452,70108,68979,179,98,0.5475,True,0.5475,True,True,2.7713
loftr,finger,THU-FVFDT_genuine_183,157,157,1206,1206,1206,1148,0.9519,True,0.9519,True,True,0.6429
orb-fingervein,finger,THU-FVFDT_genuine_183,157,157,4739,4870,367,276,0.7520,True,0.7421,True,True,1.7649
sift-fingervein,finger,THU-FVFDT_genuine_183,157,157,928,970,112,88,0.7857,True,0.7775,True,True,1.7093
superglue-fingervein,finger,THU-FVFDT_genuine_183,157,157,1114,1149,757,405,0.5350,True,0.5144,True,True,2.2869
sgmnet-fingervein,finger,THU-FVFDT_genuine_183,157,157,1214,1240,692,334,0.4827,True,0.4802,True,True,1.6007
aspanformer,finger,THU-FVFDT_genuine_183,157,157,2013,2013,2013,1766,0.8773,True,0.8773,True,True,0.6744
deepdetect,finger,THU-FVFDT_genuine_183,157,157,42076,46935,262,198,0.7557,True,0.7557,True,True,1.6931
loftr,finger,THU-FVFDT_genuine_184,158,158,1278,1278,1278,1238,0.9687,True,0.9687,True,True,0.5441
orb-fingervein,finger,THU-FVFDT_genuine_184,158,158,4981,4969,513,386,0.7524,True,0.7463,True,True,1.6634
sift-fingervein,finger,THU-FVFDT_genuine_184,158,158,974,952,169,128,0.7574,True,0.7468,True,True,1.7812
superglue-fingervein,finger,THU-FVFDT_genuine_184,158,158,1122,1134,749,453,0.6048,True,0.5889,True,True,2.0330
sgmnet-fingervein,finger,THU-FVFDT_genuine_184,158,158,1072,1139,631,337,0.5341,True,0.5341,True,True,1.4931
aspanformer,finger,THU-FVFDT_genuine_184,158,158,2048,2048,2048,1984,0.9688,True,0.9688,True,True,0.6934
deepdetect,finger,THU-FVFDT_genuine_184,158,158,63155,60718,643,586,0.9114,True,0.9114,True,True,1.7560
loftr,finger,THU-FVFDT_genuine_185,402,402,943,943,943,760,0.8059,True,0.8059,True,True,0.7543
orb-fingervein,finger,THU-FVFDT_genuine_185,402,402,4833,4947,367,247,0.6730,True,0.6577,True,True,1.9601
sift-fingervein,finger,THU-FVFDT_genuine_185,402,402,1179,1537,107,93,0.8692,True,0.8507,True,True,1.9295
superglue-fingervein,finger,THU-FVFDT_genuine_185,402,402,867,1011,545,307,0.5633,True,0.5400,True,True,2.3438
sgmnet-fingervein,finger,THU-FVFDT_genuine_185,402,402,1400,1644,857,366,0.4271,True,0.4214,True,True,1.7678
aspanformer,finger,THU-FVFDT_genuine_185,402,402,1822,1822,1822,1602,0.8793,True,0.8793,True,True,1.2063
deepdetect,finger,THU-FVFDT_genuine_185,402,402,62930,65701,490,422,0.8612,True,0.8612,True,True,2.1289
loftr,finger,THU-FVFDT_genuine_186,318,318,840,840,840,614,0.7310,True,0.7186,True,True,1.8408
orb-fingervein,finger,THU-FVFDT_genuine_186,318,318,4958,4872,242,142,0.5868,True,0.5681,True,True,2.1452
sift-fingervein,finger,THU-FVFDT_genuine_186,318,318,1050,1051,73,48,0.6575,True,0.6527,True,True,1.6479
superglue-fingervein,finger,THU-FVFDT_genuine_186,318,318,833,842,455,204,0.4484,True,0.4204,True,True,2.7859
sgmnet-fingervein,finger,THU-FVFDT_genuine_186,318,318,1284,1262,662,231,0.3489,True,0.3455,True,True,1.6970
aspanformer,finger,THU-FVFDT_genuine_186,318,318,1492,1492,1492,1083,0.7259,True,0.7258,True,True,1.5016
deepdetect,finger,THU-FVFDT_genuine_186,318,318,53811,58221,216,174,0.8056,True,0.8056,True,True,2.0524
loftr,finger,THU-FVFDT_genuine_187,97,97,1125,1125,1125,1073,0.9538,True,0.9538,True,True,0.9784
orb-fingervein,finger,THU-FVFDT_genuine_187,97,97,4913,4892,470,282,0.6000,True,0.5881,True,True,1.9011
sift-fingervein,finger,THU-FVFDT_genuine_187,97,97,901,829,163,119,0.7301,True,0.7170,True,True,1.8623
superglue-fingervein,finger,THU-FVFDT_genuine_187,97,97,1066,1154,703,450,0.6401,True,0.6100,True,True,2.4631
sgmnet-fingervein,finger,THU-FVFDT_genuine_187,97,97,1056,956,625,253,0.4048,True,0.4031,True,True,1.5836
aspanformer,finger,THU-FVFDT_genuine_187,97,97,1950,1950,1950,1949,0.9995,True,0.9995,True,True,1.2154
deepdetect,finger,THU-FVFDT_genuine_187,97,97,37438,41816,150,115,0.7667,True,0.7667,True,True,1.9451
loftr,finger,THU-FVFDT_genuine_188,175,175,1008,1008,1008,827,0.8204,True,0.8204,True,True,0.6671
orb-fingervein,finger,THU-FVFDT_genuine_188,175,175,4735,4907,276,194,0.7029,True,0.6918,True,True,1.8197
sift-fingervein,finger,THU-FVFDT_genuine_188,175,175,923,980,91,63,0.6923,True,0.6899,True,True,1.5687
superglue-fingervein,finger,THU-FVFDT_genuine_188,175,175,1100,1137,692,450,0.6503,True,0.6233,True,True,2.3473
sgmnet-fingervein,finger,THU-FVFDT_genuine_188,175,175,1174,1204,682,286,0.4194,True,0.4173,True,True,1.5970
aspanformer,finger,THU-FVFDT_genuine_188,175,175,1871,1871,1871,1839,0.9829,True,0.9829,True,True,1.1943
deepdetect,finger,THU-FVFDT_genuine_188,175,175,48773,46364,255,222,0.8706,True,0.8706,True,True,2.0760
loftr,finger,THU-FVFDT_genuine_189,220,220,979,979,979,887,0.9060,True,0.9060,True,True,0.4485
orb-fingervein,finger,THU-FVFDT_genuine_189,220,220,4766,4926,516,433,0.8391,True,0.8221,True,True,1.9097
sift-fingervein,finger,THU-FVFDT_genuine_189,220,220,831,940,125,88,0.7040,True,0.6992,True,True,1.6358
superglue-fingervein,finger,THU-FVFDT_genuine_189,220,220,1060,1143,626,472,0.7540,True,0.7330,True,True,2.0636
sgmnet-fingervein,finger,THU-FVFDT_genuine_189,220,220,1152,1187,688,324,0.4709,True,0.4670,True,True,1.6675
aspanformer,finger,THU-FVFDT_genuine_189,220,220,1976,1976,1976,1789,0.9054,True,0.9054,True,True,0.9065
deepdetect,finger,THU-FVFDT_genuine_189,220,220,40163,40476,219,182,0.8311,True,0.8311,True,True,1.7466
loftr,finger,THU-FVFDT_genuine_190,546,546,769,769,769,609,0.7919,True,0.7608,True,True,2.3030
orb-fingervein,finger,THU-FVFDT_genuine_190,546,546,4681,4648,223,111,0.4978,True,0.4767,True,True,2.3634
sift-fingervein,finger,THU-FVFDT_genuine_190,546,546,1435,1175,82,49,0.5976,True,0.5818,True,True,2.0360
superglue-fingervein,finger,THU-FVFDT_genuine_190,546,546,1066,864,472,295,0.6250,True,0.5886,True,True,2.6990
sgmnet-fingervein,finger,THU-FVFDT_genuine_190,546,546,1585,1473,808,317,0.3923,True,0.3858,True,True,1.8367
aspanformer,finger,THU-FVFDT_genuine_190,546,546,1435,1435,1435,1026,0.7150,True,0.6764,True,True,2.6091
deepdetect,finger,THU-FVFDT_genuine_190,546,546,62272,54417,190,102,0.5368,True,0.5368,True,True,2.4517
loftr,finger,THU-FVFDT_genuine_191,379,379,600,600,600,326,0.5433,True,0.5184,True,True,2.4412
orb-fingervein,finger,THU-FVFDT_genuine_191,379,379,4729,4938,197,80,0.4061,False,0.3860,True,False,2.5146
sift-fingervein,finger,THU-FVFDT_genuine_191,379,379,1726,1627,49,21,0.4286,False,0.4169,True,False,2.0443
superglue-fingervein,finger,THU-FVFDT_genuine_191,379,379,1179,1244,111,65,0.5856,True,0.5592,True,True,2.4235
sgmnet-fingervein,finger,THU-FVFDT_genuine_191,379,379,1650,1567,788,221,0.2805,True,0.2780,True,True,1.6785
aspanformer,finger,THU-FVFDT_genuine_191,379,379,1181,1181,1181,654,0.5538,True,0.5306,True,True,2.3539
deepdetect,finger,THU-FVFDT_genuine_191,379,379,62106,75962,151,64,0.4238,True,0.4238,True,True,2.1559
loftr,finger,THU-FVFDT_genuine_192,552,552,955,955,955,848,0.8880,True,0.8762,True,True,1.7657
orb-fingervein,finger,THU-FVFDT_genuine_192,552,552,4940,4972,268,138,0.5149,True,0.4983,True,True,2.1572
sift-fingervein,finger,THU-FVFDT_genuine_192,552,552,1685,1344,93,60,0.6452,True,0.6313,True,True,1.9335
superglue-fingervein,finger,THU-FVFDT_genuine_192,552,552,1077,962,528,292,0.5530,True,0.5254,True,True,2.5251
sgmnet-fingervein,finger,THU-FVFDT_genuine_192,552,552,1661,1488,850,392,0.4612,True,0.4572,True,True,1.6718
aspanformer,finger,THU-FVFDT_genuine_192,552,552,1509,1509,1509,1324,0.8774,True,0.8774,True,True,1.2785
deepdetect,finger,THU-FVFDT_genuine_192,552,552,56348,51172,299,234,0.7826,True,0.7826,True,True,2.1833
loftr,finger,THU-FVFDT_genuine_193,197,197,539,539,539,231,0.4286,False,0.4123,True,False,2.2760
orb-fingervein,finger,THU-FVFDT_genuine_193,197,197,4318,3728,67,22,0.3284,False,0.3211,True,False,1.9384
sift-fingervein,finger,THU-FVFDT_genuine_193,197,197,804,688,13,6,0.4615,False,0.4367,True,False,1.0351
superglue-fingervein,finger,THU-FVFDT_genuine_193,197,197,823,915,380,139,0.3658,True,0.3425,True,True,2.8177
sgmnet-fingervein,finger,THU-FVFDT_genuine_193,197,197,1245,1171,474,97,0.2046,True,0.2025,True,True,1.7056
aspanformer,finger,THU-FVFDT_genuine_193,197,197,827,827,827,453,0.5478,True,0.5310,True,True,2.1208
deepdetect,finger,THU-FVFDT_genuine_193,197,197,41729,43785,74,0,,False,,True,False,
loftr,finger,THU-FVFDT_genuine_194,506,506,763,763,763,572,0.7497,True,0.7497,True,True,0.8337
orb-fingervein,finger,THU-FVFDT_genuine_194,506,506,4368,4370,314,234,0.7452,True,0.7306,True,True,1.8977
sift-fingervein,finger,THU-FVFDT_genuine_194,506,506,899,879,75,45,0.6000,True,0.5897,True,True,1.8451
superglue-fingervein,finger,THU-FVFDT_genuine_194,506,506,669,619,349,160,0.4585,True,0.4361,True,True,2.5004
sgmnet-fingervein,finger,THU-FVFDT_genuine_194,506,506,1241,1212,658,243,0.3693,True,0.3660,True,True,1.6815
aspanformer,finger,THU-FVFDT_genuine_194,506,506,1670,1670,1670,1623,0.9719,True,0.9719,True,True,1.0105
deepdetect,finger,THU-FVFDT_genuine_194,506,506,51875,54133,222,167,0.7523,True,0.7523,True,True,1.8542
loftr,finger,THU-FVFDT_genuine_195,447,447,1027,1027,1027,937,0.9124,True,0.9124,True,True,0.5154
orb-fingervein,finger,THU-FVFDT_genuine_195,447,447,4813,4961,200,106,0.5300,True,0.5229,True,True,1.7697
sift-fingervein,finger,THU-FVFDT_genuine_195,447,447,1506,1506,59,36,0.6102,True,0.5991,True,True,1.8647
superglue-fingervein,finger,THU-FVFDT_genuine_195,447,447,862,1147,498,240,0.4819,True,0.4561,True,True,2.6027
sgmnet-fingervein,finger,THU-FVFDT_genuine_195,447,447,1676,1610,931,347,0.3727,True,0.3674,True,True,1.7854
aspanformer,finger,THU-FVFDT_genuine_195,447,447,1909,1909,1909,1840,0.9639,True,0.9639,True,True,0.9002
deepdetect,finger,THU-FVFDT_genuine_195,447,447,69766,71188,280,240,0.8571,True,0.8571,True,True,1.6838
loftr,finger,THU-FVFDT_genuine_196,596,596,558,558,558,451,0.8082,True,0.7848,True,True,2.0878
orb-fingervein,finger,THU-FVFDT_genuine_196,596,596,4844,4995,157,65,0.4140,False,0.4028,True,False,2.0467
sift-fingervein,finger,THU-FVFDT_genuine_196,596,596,1217,1588,60,32,0.5333,True,0.5185,True,True,2.0632
superglue-fingervein,finger,THU-FVFDT_genuine_196,596,596,951,1267,491,262,0.5336,True,0.5016,True,True,2.7385
sgmnet-fingervein,finger,THU-FVFDT_genuine_196,596,596,1374,1605,775,236,0.3045,True,0.3011,True,True,1.7274
aspanformer,finger,THU-FVFDT_genuine_196,596,596,1460,1460,1460,1166,0.7986,True,0.7770,True,True,2.0486
deepdetect,finger,THU-FVFDT_genuine_196,596,596,67453,73293,243,168,0.6914,True,0.6914,True,True,2.0888
loftr,finger,THU-FVFDT_genuine_197,417,417,500,500,500,344,0.6880,True,0.6672,True,True,2.1154
orb-fingervein,finger,THU-FVFDT_genuine_197,417,417,4996,5000,138,55,0.3986,False,0.3776,True,False,2.5802
sift-fingervein,finger,THU-FVFDT_genuine_197,417,417,1793,1517,38,21,0.5526,True,0.5524,True,True,1.4918
superglue-fingervein,finger,THU-FVFDT_genuine_197,417,417,1391,1593,783,498,0.6360,True,0.6064,True,True,2.4532
sgmnet-fingervein,finger,THU-FVFDT_genuine_197,417,417,1782,1526,753,217,0.2882,True,0.2843,True,True,1.7694
aspanformer,finger,THU-FVFDT_genuine_197,417,417,1242,1242,1242,878,0.7069,True,0.6867,True,True,2.0807
deepdetect,finger,THU-FVFDT_genuine_197,417,417,80279,78723,262,148,0.5649,True,0.5649,True,True,2.6968
loftr,finger,THU-FVFDT_genuine_198,191,191,570,570,570,296,0.5193,True,0.5033,True,True,2.1277
orb-fingervein,finger,THU-FVFDT_genuine_198,191,191,3697,3602,127,51,0.4016,False,0.3901,True,False,2.0781
sift-fingervein,finger,THU-FVFDT_genuine_198,191,191,829,745,45,16,0.3556,False,0.3461,True,False,1.9866
superglue-fingervein,finger,THU-FVFDT_genuine_198,191,191,1180,1020,412,133,0.3228,True,0.3043,True,True,2.6844
sgmnet-fingervein,finger,THU-FVFDT_genuine_198,191,191,1192,1072,525,109,0.2076,True,0.2058,True,True,1.6728
aspanformer,finger,THU-FVFDT_genuine_198,191,191,901,901,901,501,0.5560,True,0.5339,True,True,2.3113
deepdetect,finger,THU-FVFDT_genuine_198,191,191,52391,55683,87,24,0.2759,False,0.2759,True,False,2.3467
loftr,finger,THU-FVFDT_genuine_199,428,428,840,840,840,673,0.8012,True,0.8012,True,True,1.2840
orb-fingervein,finger,THU-FVFDT_genuine_199,428,428,4802,4969,181,104,0.5746,True,0.5608,True,True,1.9841
sift-fingervein,finger,THU-FVFDT_genuine_199,428,428,1139,1219,50,26,0.5200,True,0.5091,True,True,1.9203
superglue-fingervein,finger,THU-FVFDT_genuine_199,428,428,758,1008,468,204,0.4359,True,0.4115,True,True,2.6541
sgmnet-fingervein,finger,THU-FVFDT_genuine_199,428,428,1424,1361,744,271,0.3642,True,0.3600,True,True,1.7336
aspanformer,finger,THU-FVFDT_genuine_199,428,428,1535,1535,1535,1369,0.8919,True,0.8919,True,True,1.3089
deepdetect,finger,THU-FVFDT_genuine_199,428,428,61155,66972,301,208,0.6910,True,0.6910,True,True,2.0624
loftr,finger,THU-FVFDT_genuine_200,72,72,1312,1312,1312,1287,0.9809,True,0.9809,True,True,0.4459
orb-fingervein,finger,THU-FVFDT_genuine_200,72,72,4958,4971,752,619,0.8231,True,0.8226,True,True,1.5119
sift-fingervein,finger,THU-FVFDT_genuine_200,72,72,970,958,218,173,0.7936,True,0.7918,True,True,1.5450
superglue-fingervein,finger,THU-FVFDT_genuine_200,72,72,1255,1193,807,604,0.7485,True,0.7275,True,True,2.0678
sgmnet-fingervein,finger,THU-FVFDT_genuine_200,72,72,1108,1050,595,299,0.5025,True,0.5025,True,True,1.4890
aspanformer,finger,THU-FVFDT_genuine_200,72,72,2046,2046,2046,2039,0.9966,True,0.9966,True,True,0.6183
deepdetect,finger,THU-FVFDT_genuine_200,72,72,60627,58491,1297,1238,0.9545,True,0.9545,True,True,0.9517
loftr,finger,THU-FVFDT_genuine_201,283,283,652,652,652,348,0.5337,True,0.5151,True,True,2.2103
orb-fingervein,finger,THU-FVFDT_genuine_201,283,283,4606,4933,195,98,0.5026,True,0.4932,True,True,1.8757
sift-fingervein,finger,THU-FVFDT_genuine_201,283,283,1330,1403,61,36,0.5902,True,0.5889,True,True,1.5440
superglue-fingervein,finger,THU-FVFDT_genuine_201,283,283,1018,879,295,115,0.3898,True,0.3692,True,True,2.5856
sgmnet-fingervein,finger,THU-FVFDT_genuine_201,283,283,1442,1429,680,180,0.2647,True,0.2630,True,True,1.6279
aspanformer,finger,THU-FVFDT_genuine_201,283,283,1023,1023,1023,739,0.7224,True,0.6932,True,True,2.3243
deepdetect,finger,THU-FVFDT_genuine_201,283,283,72884,70399,206,113,0.5485,True,0.5485,True,True,2.1532
loftr,finger,THU-FVFDT_genuine_202,408,408,694,694,694,379,0.5461,True,0.5265,True,True,2.2308
orb-fingervein,finger,THU-FVFDT_genuine_202,408,408,5000,4991,211,89,0.4218,False,0.4019,True,False,2.4672
sift-fingervein,finger,THU-FVFDT_genuine_202,408,408,1165,1363,69,38,0.5507,True,0.5337,True,True,2.1283
superglue-fingervein,finger,THU-FVFDT_genuine_202,408,408,1129,1199,511,211,0.4129,True,0.3945,True,True,2.4137
sgmnet-fingervein,finger,THU-FVFDT_genuine_202,408,408,1207,1376,663,179,0.2700,True,0.2672,True,True,1.7040
aspanformer,finger,THU-FVFDT_genuine_202,408,408,1180,1180,1180,660,0.5593,True,0.5459,True,True,1.9845
deepdetect,finger,THU-FVFDT_genuine_202,408,408,70833,70398,337,213,0.6320,True,0.6320,True,True,2.9787
loftr,finger,THU-FVFDT_genuine_203,583,583,732,732,732,469,0.6407,True,0.6330,True,True,1.7427
orb-fingervein,finger,THU-FVFDT_genuine_203,583,583,4515,4368,91,40,0.4396,False,0.4304,True,False,1.9231
sift-fingervein,finger,THU-FVFDT_genuine_203,583,583,1162,1171,40,18,0.4500,False,0.4310,True,False,2.3373
superglue-fingervein,finger,THU-FVFDT_genuine_203,583,583,632,539,285,117,0.4105,True,0.3855,True,True,2.7594
sgmnet-fingervein,finger,THU-FVFDT_genuine_203,583,583,1572,1562,864,309,0.3576,True,0.3526,True,True,1.7846
aspanformer,finger,THU-FVFDT_genuine_203,583,583,1357,1357,1357,1046,0.7708,True,0.7684,True,True,1.5625
deepdetect,finger,THU-FVFDT_genuine_203,583,583,52661,52645,170,78,0.4588,True,0.4588,True,True,2.8317
loftr,finger,THU-FVFDT_genuine_204,509,509,625,625,625,346,0.5536,True,0.5355,True,True,2.1644
orb-fingervein,finger,THU-FVFDT_genuine_204,509,509,3886,4745,117,45,0.3846,False,0.3673,True,False,2.4204
sift-fingervein,finger,THU-FVFDT_genuine_204,509,509,1061,1188,38,21,0.5526,True,0.5405,True,True,1.9340
superglue-fingervein,finger,THU-FVFDT_genuine_204,509,509,1027,1250,84,34,0.4048,True,0.3949,True,True,1.9933
sgmnet-fingervein,finger,THU-FVFDT_genuine_204,509,509,1349,1251,533,131,0.2458,True,0.2436,True,True,1.6770
aspanformer,finger,THU-FVFDT_genuine_204,509,509,982,982,982,793,0.8075,True,0.7774,True,True,2.2604
deepdetect,finger,THU-FVFDT_genuine_204,509,509,60575,68977,143,46,0.3217,True,0.3217,True,True,2.6962
loftr,finger,THU-FVFDT_genuine_205,563,563,862,862,862,599,0.6949,True,0.6845,True,True,1.8012
orb-fingervein,finger,THU-FVFDT_genuine_205,563,563,4972,4915,200,109,0.5450,True,0.5304,True,True,2.0440
sift-fingervein,finger,THU-FVFDT_genuine_205,563,563,1787,1667,47,23,0.4894,True,0.4793,True,True,1.9093
superglue-fingervein,finger,THU-FVFDT_genuine_205,563,563,1226,960,601,289,0.4809,True,0.4559,True,True,2.5653
sgmnet-fingervein,finger,THU-FVFDT_genuine_205,563,563,1810,1785,924,265,0.2868,True,0.2818,True,True,1.8542
aspanformer,finger,THU-FVFDT_genuine_205,563,563,1451,1451,1451,894,0.6161,True,0.6072,True,True,1.7906
deepdetect,finger,THU-FVFDT_genuine_205,563,563,64456,58540,257,140,0.5447,True,0.5447,True,True,1.8271
loftr,finger,THU-FVFDT_genuine_206,337,337,459,459,459,316,0.6885,True,0.6706,True,True,2.0269
orb-fingervein,finger,THU-FVFDT_genuine_206,337,337,4818,4987,132,45,0.3409,False,0.3267,True,False,2.3540
sift-fingervein,finger,THU-FVFDT_genuine_206,337,337,1321,1572,43,20,0.4651,True,0.4587,True,True,1.7620
superglue-fingervein,finger,THU-FVFDT_genuine_206,337,337,1451,1422,413,200,0.4843,True,0.4542,True,True,2.7826
sgmnet-fingervein,finger,THU-FVFDT_genuine_206,337,337,1451,1594,748,198,0.2647,True,0.2621,True,True,1.6957
aspanformer,finger,THU-FVFDT_genuine_206,337,337,985,985,985,775,0.7868,True,0.7702,True,True,1.9269
deepdetect,finger,THU-FVFDT_genuine_206,337,337,67624,74217,229,111,0.4847,True,0.4847,True,True,3.0678
loftr,finger,THU-FVFDT_genuine_207,307,307,972,972,972,829,0.8529,True,0.8343,True,True,1.9408
orb-fingervein,finger,THU-FVFDT_genuine_207,307,307,5000,4872,169,97,0.5740,True,0.5662,True,True,1.7732
sift-fingervein,finger,THU-FVFDT_genuine_207,307,307,1427,1349,70,40,0.5714,True,0.5610,True,True,1.8690
superglue-fingervein,finger,THU-FVFDT_genuine_207,307,307,1655,1975,924,545,0.5898,True,0.5615,True,True,2.4859
sgmnet-fingervein,finger,THU-FVFDT_genuine_207,307,307,1528,1573,875,286,0.3269,True,0.3219,True,True,1.8067
aspanformer,finger,THU-FVFDT_genuine_207,307,307,1607,1607,1607,1176,0.7318,True,0.7145,True,True,1.9793
deepdetect,finger,THU-FVFDT_genuine_207,307,307,75663,62065,354,252,0.7119,True,0.7119,True,True,2.1004
loftr,finger,THU-FVFDT_genuine_208,154,154,831,831,831,689,0.8291,True,0.8291,True,True,1.2812
orb-fingervein,finger,THU-FVFDT_genuine_208,154,154,4078,4345,171,112,0.6550,True,0.6424,True,True,1.8889
sift-fingervein,finger,THU-FVFDT_genuine_208,154,154,907,946,57,31,0.5439,True,0.5175,True,True,2.4946
superglue-fingervein,finger,THU-FVFDT_genuine_208,154,154,743,782,447,271,0.6063,True,0.5711,True,True,2.6951
sgmnet-fingervein,finger,THU-FVFDT_genuine_208,154,154,1345,1388,769,322,0.4187,True,0.4134,True,True,1.7567
aspanformer,finger,THU-FVFDT_genuine_208,154,154,1643,1643,1643,1589,0.9671,True,0.9671,True,True,1.4955
deepdetect,finger,THU-FVFDT_genuine_208,154,154,49928,44770,158,96,0.6076,True,0.6076,True,True,2.3759
loftr,finger,THU-FVFDT_genuine_209,212,212,1203,1203,1203,1183,0.9834,True,0.9834,True,True,0.7879
orb-fingervein,finger,THU-FVFDT_genuine_209,212,212,4739,4626,452,346,0.7655,True,0.7511,True,True,1.8787
sift-fingervein,finger,THU-FVFDT_genuine_209,212,212,992,883,133,101,0.7594,True,0.7534,True,True,1.6581
superglue-fingervein,finger,THU-FVFDT_genuine_209,212,212,1126,1178,746,463,0.6206,True,0.5908,True,True,2.4867
sgmnet-fingervein,finger,THU-FVFDT_genuine_209,212,212,1103,1162,644,300,0.4658,True,0.4639,True,True,1.5834
aspanformer,finger,THU-FVFDT_genuine_209,212,212,1940,1940,1940,1893,0.9758,True,0.9758,True,True,0.7835
deepdetect,finger,THU-FVFDT_genuine_209,212,212,45046,37658,267,228,0.8539,True,0.8539,True,True,1.6747
loftr,finger,THU-FVFDT_genuine_210,202,202,678,678,678,450,0.6637,True,0.6637,True,True,1.4170
orb-fingervein,finger,THU-FVFDT_genuine_210,202,202,4683,4579,221,111,0.5023,True,0.4889,True,True,2.0409
sift-fingervein,finger,THU-FVFDT_genuine_210,202,202,876,869,35,20,0.5714,True,0.5473,True,True,2.3491
superglue-fingervein,finger,THU-FVFDT_genuine_210,202,202,1147,978,543,318,0.5856,True,0.5535,True,True,2.6277
sgmnet-fingervein,finger,THU-FVFDT_genuine_210,202,202,1194,1182,598,196,0.3278,True,0.3241,True,True,1.7217
aspanformer,finger,THU-FVFDT_genuine_210,202,202,1243,1243,1243,946,0.7611,True,0.7463,True,True,1.8910
deepdetect,finger,THU-FVFDT_genuine_210,202,202,44820,47375,161,74,0.4596,True,0.4596,True,True,2.2875
loftr,finger,THU-FVFDT_genuine_211,550,550,801,801,801,575,0.7179,True,0.7179,True,True,1.0669
orb-fingervein,finger,THU-FVFDT_genuine_211,550,550,4921,4843,163,100,0.6135,True,0.5944,True,True,2.1311
sift-fingervein,finger,THU-FVFDT_genuine_211,550,550,1596,1601,51,26,0.5098,True,0.5085,True,True,1.5512
superglue-fingervein,finger,THU-FVFDT_genuine_211,550,550,865,951,570,302,0.5298,True,0.5007,True,True,2.6308
sgmnet-fingervein,finger,THU-FVFDT_genuine_211,550,550,1693,1728,922,336,0.3644,True,0.3603,True,True,1.7260
aspanformer,finger,THU-FVFDT_genuine_211,550,550,1378,1378,1378,1276,0.9260,True,0.9234,True,True,1.5556
deepdetect,finger,THU-FVFDT_genuine_211,550,550,68283,65020,294,210,0.7143,True,0.7143,True,True,2.4316
loftr,finger,THU-FVFDT_genuine_212,255,255,1070,1070,1070,1009,0.9430,True,0.9430,True,True,0.6619
orb-fingervein,finger,THU-FVFDT_genuine_212,255,255,5000,4984,349,242,0.6934,True,0.6755,True,True,2.0231
sift-fingervein,finger,THU-FVFDT_genuine_212,255,255,1453,1469,119,90,0.7563,True,0.7405,True,True,1.9216
superglue-fingervein,finger,THU-FVFDT_genuine_212,255,255,1058,969,582,297,0.5103,True,0.4879,True,True,2.3975
sgmnet-fingervein,finger,THU-FVFDT_genuine_212,255,255,1512,1469,846,347,0.4102,True,0.4055,True,True,1.7312
aspanformer,finger,THU-FVFDT_genuine_212,255,255,1864,1864,1864,1780,0.9549,True,0.9549,True,True,1.0896
deepdetect,finger,THU-FVFDT_genuine_212,255,255,70696,66826,655,499,0.7618,True,0.7618,True,True,2.0130
loftr,finger,THU-FVFDT_genuine_213,108,108,866,866,866,575,0.6640,True,0.6530,True,True,1.8340
orb-fingervein,finger,THU-FVFDT_genuine_213,108,108,4340,4564,223,118,0.5291,True,0.5163,True,True,1.9904
sift-fingervein,finger,THU-FVFDT_genuine_213,108,108,931,857,93,59,0.6344,True,0.6216,True,True,1.9063
superglue-fingervein,finger,THU-FVFDT_genuine_213,108,108,935,1048,549,290,0.5282,True,0.5006,True,True,2.5748
sgmnet-fingervein,finger,THU-FVFDT_genuine_213,108,108,1135,1011,598,207,0.3462,True,0.3422,True,True,1.7318
aspanformer,finger,THU-FVFDT_genuine_213,108,108,1643,1643,1643,1471,0.8953,True,0.8891,True,True,1.6397
deepdetect,finger,THU-FVFDT_genuine_213,108,108,55118,46619,197,166,0.8426,True,0.8426,True,True,2.2436
loftr,finger,THU-FVFDT_genuine_214,370,370,578,578,578,360,0.6228,True,0.6012,True,True,2.2063
orb-fingervein,finger,THU-FVFDT_genuine_214,370,370,3707,4897,111,30,0.2703,False,0.2629,True,False,2.0500
sift-fingervein,finger,THU-FVFDT_genuine_214,370,370,1153,1605,31,14,0.4516,False,0.4423,True,False,1.8177
superglue-fingervein,finger,THU-FVFDT_genuine_214,370,370,671,926,289,122,0.4221,True,0.3973,True,True,2.7121
sgmnet-fingervein,finger,THU-FVFDT_genuine_214,370,370,1470,1650,651,171,0.2627,True,0.2590,True,True,1.7794
aspanformer,finger,THU-FVFDT_genuine_214,370,370,944,944,944,689,0.7299,True,0.7175,True,True,1.8429
deepdetect,finger,THU-FVFDT_genuine_214,370,370,61663,71375,106,34,0.3208,True,0.3208,True,True,1.7974
loftr,finger,THU-FVFDT_genuine_215,544,544,781,781,781,522,0.6684,True,0.6553,True,True,1.8957
orb-fingervein,finger,THU-FVFDT_genuine_215,544,544,4198,4809,175,117,0.6686,True,0.6525,True,True,1.9864
sift-fingervein,finger,THU-FVFDT_genuine_215,544,544,1155,1291,76,48,0.6316,True,0.6150,True,True,2.0335
superglue-fingervein,finger,THU-FVFDT_genuine_215,544,544,690,719,387,204,0.5271,True,0.5026,True,True,2.4537
sgmnet-fingervein,finger,THU-FVFDT_genuine_215,544,544,1424,1360,753,286,0.3798,True,0.3780,True,True,1.5974
aspanformer,finger,THU-FVFDT_genuine_215,544,544,1482,1482,1482,1165,0.7861,True,0.7804,True,True,1.6461
deepdetect,finger,THU-FVFDT_genuine_215,544,544,65700,69075,295,217,0.7356,True,0.7356,True,True,1.9133
loftr,finger,THU-FVFDT_genuine_216,204,204,729,729,729,506,0.6941,True,0.6633,True,True,2.4075
orb-fingervein,finger,THU-FVFDT_genuine_216,204,204,4721,4395,214,141,0.6589,True,0.6394,True,True,2.1000
sift-fingervein,finger,THU-FVFDT_genuine_216,204,204,939,918,51,34,0.6667,True,0.6337,True,True,2.5140
superglue-fingervein,finger,THU-FVFDT_genuine_216,204,204,1034,958,528,227,0.4299,True,0.4044,True,True,2.7254
sgmnet-fingervein,finger,THU-FVFDT_genuine_216,204,204,1213,1225,645,217,0.3364,True,0.3338,True,True,1.6585
aspanformer,finger,THU-FVFDT_genuine_216,204,204,1418,1418,1418,1093,0.7708,True,0.7397,True,True,2.3251
deepdetect,finger,THU-FVFDT_genuine_216,204,204,44034,47802,172,99,0.5756,True,0.5756,True,True,2.2228
loftr,finger,THU-FVFDT_genuine_217,455,455,675,675,675,324,0.4800,True,0.4594,True,True,2.3775
orb-fingervein,finger,THU-FVFDT_genuine_217,455,455,4978,4858,178,63,0.3539,False,0.3407,True,False,2.2595
sift-fingervein,finger,THU-FVFDT_genuine_217,455,455,1445,1543,69,25,0.3623,False,0.3478,True,False,2.3141
superglue-fingervein,finger,THU-FVFDT_genuine_217,455,455,1414,1392,197,83,0.4213,True,0.3955,True,True,2.7673
sgmnet-fingervein,finger,THU-FVFDT_genuine_217,455,455,1484,1507,739,153,0.2070,True,0.2039,True,True,1.8036
aspanformer,finger,THU-FVFDT_genuine_217,455,455,1151,1151,1151,605,0.5256,True,0.5056,True,True,2.2789
deepdetect,finger,THU-FVFDT_genuine_217,455,455,78401,76661,325,153,0.4708,True,0.4708,True,True,3.1577
loftr,finger,THU-FVFDT_genuine_218,20,20,570,570,570,346,0.6070,True,0.5857,True,True,2.2137
orb-fingervein,finger,THU-FVFDT_genuine_218,20,20,3614,3674,170,78,0.4588,False,0.4402,True,False,2.3309
sift-fingervein,finger,THU-FVFDT_genuine_218,20,20,678,656,45,28,0.6222,True,0.6014,True,True,2.1789
superglue-fingervein,finger,THU-FVFDT_genuine_218,20,20,819,801,418,191,0.4569,True,0.4283,True,True,2.7950
sgmnet-fingervein,finger,THU-FVFDT_genuine_218,20,20,976,954,439,153,0.3485,True,0.3422,True,True,1.8660
aspanformer,finger,THU-FVFDT_genuine_218,20,20,1205,1205,1205,849,0.7046,True,0.7023,True,True,1.5638
deepdetect,finger,THU-FVFDT_genuine_218,20,20,45628,52771,90,49,0.5444,True,0.5444,True,True,2.0176
loftr,finger,THU-FVFDT_genuine_219,101,101,893,893,893,813,0.9104,True,0.9050,True,True,1.6197
orb-fingervein,finger,THU-FVFDT_genuine_219,101,101,4284,4229,350,228,0.6514,True,0.6408,True,True,1.8300
sift-fingervein,finger,THU-FVFDT_genuine_219,101,101,855,817,103,83,0.8058,True,0.7920,True,True,1.8470
superglue-fingervein,finger,THU-FVFDT_genuine_219,101,101,808,883,494,301,0.6093,True,0.5848,True,True,2.3212
sgmnet-fingervein,finger,THU-FVFDT_genuine_219,101,101,1180,1115,646,275,0.4257,True,0.4225,True,True,1.6520
aspanformer,finger,THU-FVFDT_genuine_219,101,101,1825,1825,1825,1623,0.8893,True,0.8893,True,True,1.3655
deepdetect,finger,THU-FVFDT_genuine_219,101,101,44230,41467,228,163,0.7149,True,0.7149,True,True,1.9435
loftr,finger,THU-FVFDT_genuine_220,131,131,638,638,638,364,0.5705,True,0.5492,True,True,2.2605
orb-fingervein,finger,THU-FVFDT_genuine_220,131,131,4872,4722,295,200,0.6780,True,0.6660,True,True,1.8548
sift-fingervein,finger,THU-FVFDT_genuine_220,131,131,945,909,70,48,0.6857,True,0.6661,True,True,2.0811
superglue-fingervein,finger,THU-FVFDT_genuine_220,131,131,1178,1221,658,390,0.5927,True,0.5670,True,True,2.3882
sgmnet-fingervein,finger,THU-FVFDT_genuine_220,131,131,1107,1063,565,183,0.3239,True,0.3239,True,True,1.4933
aspanformer,finger,THU-FVFDT_genuine_220,131,131,1379,1379,1379,1087,0.7883,True,0.7740,True,True,1.8640
deepdetect,finger,THU-FVFDT_genuine_220,131,131,37923,44897,132,83,0.6288,True,0.6288,True,True,2.1946
loftr,finger,THU-FVFDT_genuine_221,425,425,844,844,844,535,0.6339,True,0.6296,True,True,1.6341
orb-fingervein,finger,THU-FVFDT_genuine_221,425,425,4714,4901,303,196,0.6469,True,0.6376,True,True,1.7896
sift-fingervein,finger,THU-FVFDT_genuine_221,425,425,1399,1571,108,74,0.6852,True,0.6747,True,True,1.8095
superglue-fingervein,finger,THU-FVFDT_genuine_221,425,425,1104,1144,616,313,0.5081,True,0.4855,True,True,2.4104
sgmnet-fingervein,finger,THU-FVFDT_genuine_221,425,425,1540,1537,805,326,0.4050,True,0.3998,True,True,1.7580
aspanformer,finger,THU-FVFDT_genuine_221,425,425,1295,1295,1295,926,0.7151,True,0.7037,True,True,1.8199
deepdetect,finger,THU-FVFDT_genuine_221,425,425,63950,63413,429,341,0.7949,True,0.7949,True,True,1.7733
loftr,finger,THU-FVFDT_genuine_222,58,58,1091,1091,1091,1033,0.9468,True,0.9468,True,True,0.4328
orb-fingervein,finger,THU-FVFDT_genuine_222,58,58,4975,4762,552,485,0.8786,True,0.8725,True,True,1.6410
sift-fingervein,finger,THU-FVFDT_genuine_222,58,58,999,931,215,196,0.9116,True,0.9023,True,True,1.7061
superglue-fingervein,finger,THU-FVFDT_genuine_222,58,58,1181,1118,770,510,0.6623,True,0.6398,True,True,2.1915
sgmnet-fingervein,finger,THU-FVFDT_genuine_222,58,58,1206,1125,684,335,0.4898,True,0.4882,True,True,1.5654
aspanformer,finger,THU-FVFDT_genuine_222,58,58,2027,2027,2027,2027,1.0000,True,1.0000,True,True,0.6045
deepdetect,finger,THU-FVFDT_genuine_222,58,58,60930,58041,452,391,0.8650,True,0.8650,True,True,1.6930
loftr,finger,THU-FVFDT_genuine_223,89,89,965,965,965,929,0.9627,True,0.9627,True,True,1.3071
orb-fingervein,finger,THU-FVFDT_genuine_223,89,89,4978,4953,358,239,0.6676,True,0.6616,True,True,1.6796
sift-fingervein,finger,THU-FVFDT_genuine_223,89,89,935,984,123,98,0.7967,True,0.7852,True,True,1.7925
superglue-fingervein,finger,THU-FVFDT_genuine_223,89,89,1223,1172,766,421,0.5496,True,0.5258,True,True,2.3872
sgmnet-fingervein,finger,THU-FVFDT_genuine_223,89,89,1170,1146,633,302,0.4771,True,0.4741,True,True,1.6275
aspanformer,finger,THU-FVFDT_genuine_223,89,89,1788,1788,1788,1632,0.9128,True,0.9128,True,True,1.1315
deepdetect,finger,THU-FVFDT_genuine_223,89,89,27637,24520,202,172,0.8515,True,0.8515,True,True,2.0368
loftr,finger,THU-FVFDT_genuine_224,542,542,726,726,726,513,0.7066,True,0.6806,True,True,2.2497
orb-fingervein,finger,THU-FVFDT_genuine_224,542,542,4671,5000,160,76,0.4750,True,0.4705,True,True,1.6906
sift-fingervein,finger,THU-FVFDT_genuine_224,542,542,1228,1592,52,21,0.4038,False,0.3968,True,False,1.8416
superglue-fingervein,finger,THU-FVFDT_genuine_224,542,542,1269,1520,645,306,0.4744,True,0.4492,True,True,2.5924
sgmnet-fingervein,finger,THU-FVFDT_genuine_224,542,542,1383,1478,677,231,0.3412,True,0.3364,True,True,1.7817
aspanformer,finger,THU-FVFDT_genuine_224,542,542,1316,1316,1316,887,0.6740,True,0.6537,True,True,2.1135
deepdetect,finger,THU-FVFDT_genuine_224,542,542,68045,75183,180,109,0.6056,True,0.6056,True,True,2.3691
loftr,finger,THU-FVFDT_genuine_225,13,13,1055,1055,1055,937,0.8882,True,0.8882,True,True,1.2727
orb-fingervein,finger,THU-FVFDT_genuine_225,13,13,4978,5000,461,335,0.7267,True,0.7189,True,True,1.7150
sift-fingervein,finger,THU-FVFDT_genuine_225,13,13,868,951,123,100,0.8130,True,0.7977,True,True,1.8807
superglue-fingervein,finger,THU-FVFDT_genuine_225,13,13,1288,1298,714,541,0.7577,True,0.7322,True,True,2.1849
sgmnet-fingervein,finger,THU-FVFDT_genuine_225,13,13,1089,1118,658,297,0.4514,True,0.4482,True,True,1.6400
aspanformer,finger,THU-FVFDT_genuine_225,13,13,1925,1925,1925,1715,0.8909,True,0.8909,True,True,1.2609
deepdetect,finger,THU-FVFDT_genuine_225,13,13,46892,46402,281,239,0.8505,True,0.8505,True,True,2.0554
loftr,finger,THU-FVFDT_genuine_226,113,113,802,802,802,619,0.7718,True,0.7529,True,True,1.9961
orb-fingervein,finger,THU-FVFDT_genuine_226,113,113,3998,4138,95,55,0.5789,True,0.5635,True,True,2.0394
sift-fingervein,finger,THU-FVFDT_genuine_226,113,113,860,863,55,39,0.7091,True,0.7040,True,True,1.6449
superglue-fingervein,finger,THU-FVFDT_genuine_226,113,113,720,733,428,231,0.5397,True,0.5113,True,True,2.5832
sgmnet-fingervein,finger,THU-FVFDT_genuine_226,113,113,1272,1255,713,290,0.4067,True,0.4036,True,True,1.6567
aspanformer,finger,THU-FVFDT_genuine_226,113,113,1509,1509,1509,1227,0.8131,True,0.8075,True,True,1.6390
deepdetect,finger,THU-FVFDT_genuine_226,113,113,30790,38696,84,51,0.6071,True,0.6071,True,True,2.0084
loftr,finger,THU-FVFDT_genuine_227,251,251,820,820,820,620,0.7561,True,0.7561,True,True,1.4052
orb-fingervein,finger,THU-FVFDT_genuine_227,251,251,4844,4709,191,102,0.5340,True,0.5234,True,True,1.9022
sift-fingervein,finger,THU-FVFDT_genuine_227,251,251,1487,1498,47,27,0.5745,True,0.5698,True,True,1.6602
superglue-fingervein,finger,THU-FVFDT_genuine_227,251,251,669,604,313,134,0.4281,True,0.4010,True,True,2.8071
sgmnet-fingervein,finger,THU-FVFDT_genuine_227,251,251,1600,1681,912,367,0.4024,True,0.3991,True,True,1.6643
aspanformer,finger,THU-FVFDT_genuine_227,251,251,1361,1361,1361,1030,0.7568,True,0.7568,True,True,1.3621
deepdetect,finger,THU-FVFDT_genuine_227,251,251,52896,55391,188,126,0.6702,True,0.6702,True,True,2.2517
loftr,finger,THU-FVFDT_genuine_228,80,80,787,787,787,645,0.8196,True,0.8196,True,True,1.1677
orb-fingervein,finger,THU-FVFDT_genuine_228,80,80,4867,4662,234,179,0.7650,True,0.7521,True,True,1.8395
sift-fingervein,finger,THU-FVFDT_genuine_228,80,80,876,818,72,51,0.7083,True,0.7083,True,True,1.5007
superglue-fingervein,finger,THU-FVFDT_genuine_228,80,80,1117,1058,561,301,0.5365,True,0.5084,True,True,2.5758
sgmnet-fingervein,finger,THU-FVFDT_genuine_228,80,80,1129,1137,652,257,0.3942,True,0.3904,True,True,1.6906
aspanformer,finger,THU-FVFDT_genuine_228,80,80,1713,1713,1713,1647,0.9615,True,0.9615,True,True,1.2512
deepdetect,finger,THU-FVFDT_genuine_228,80,80,48809,43847,215,169,0.7860,True,0.7860,True,True,2.2234
loftr,finger,THU-FVFDT_genuine_229,336,336,472,472,472,267,0.5657,True,0.5419,True,True,2.3605
orb-fingervein,finger,THU-FVFDT_genuine_229,336,336,4904,5000,170,86,0.5059,True,0.4971,True,True,1.8496
sift-fingervein,finger,THU-FVFDT_genuine_229,336,336,1618,1491,50,21,0.4200,False,0.4081,True,False,2.0642
superglue-fingervein,finger,THU-FVFDT_genuine_229,336,336,1505,1664,737,411,0.5577,True,0.5273,True,True,2.6209
sgmnet-fingervein,finger,THU-FVFDT_genuine_229,336,336,1741,1474,736,170,0.2310,True,0.2280,True,True,1.7587
aspanformer,finger,THU-FVFDT_genuine_229,336,336,1065,1065,1065,701,0.6582,True,0.6370,True,True,2.1543
deepdetect,finger,THU-FVFDT_genuine_229,336,336,69886,75747,203,93,0.4581,True,0.4581,True,True,2.7757
loftr,finger,THU-FVFDT_genuine_230,208,208,951,951,951,735,0.7729,True,0.7729,True,True,1.1238
orb-fingervein,finger,THU-FVFDT_genuine_230,208,208,4637,4596,250,176,0.7040,True,0.6893,True,True,1.9213
sift-fingervein,finger,THU-FVFDT_genuine_230,208,208,772,833,91,69,0.7582,True,0.7490,True,True,1.7455
superglue-fingervein,finger,THU-FVFDT_genuine_230,208,208,1109,1026,468,296,0.6325,True,0.6060,True,True,2.3547
sgmnet-fingervein,finger,THU-FVFDT_genuine_230,208,208,1096,1087,593,231,0.3895,True,0.3848,True,True,1.7439
aspanformer,finger,THU-FVFDT_genuine_230,208,208,1735,1735,1735,1575,0.9078,True,0.9004,True,True,1.6642
deepdetect,finger,THU-FVFDT_genuine_230,208,208,42241,58762,145,117,0.8069,True,0.8069,True,True,1.9375
loftr,finger,THU-FVFDT_genuine_231,569,569,936,936,936,783,0.8365,True,0.8365,True,True,0.5340
orb-fingervein,finger,THU-FVFDT_genuine_231,569,569,4852,4773,272,175,0.6434,True,0.6259,True,True,2.0516
sift-fingervein,finger,THU-FVFDT_genuine_231,569,569,1080,977,84,51,0.6071,True,0.5878,True,True,2.1471
superglue-fingervein,finger,THU-FVFDT_genuine_231,569,569,994,875,475,277,0.5832,True,0.5553,True,True,2.4774
sgmnet-fingervein,finger,THU-FVFDT_genuine_231,569,569,1261,1175,666,273,0.4099,True,0.4041,True,True,1.7835
aspanformer,finger,THU-FVFDT_genuine_231,569,569,1906,1906,1906,1906,1.0000,True,1.0000,True,True,1.1689
deepdetect,finger,THU-FVFDT_genuine_231,569,569,62280,59761,170,119,0.7000,True,0.7000,True,True,2.1287
loftr,finger,THU-FVFDT_genuine_232,407,407,434,434,434,219,0.5046,True,0.4893,True,True,2.1146
orb-fingervein,finger,THU-FVFDT_genuine_232,407,407,4752,4926,149,46,0.3087,False,0.2955,True,False,2.3780
sift-fingervein,finger,THU-FVFDT_genuine_232,407,407,1555,1247,45,14,0.3111,False,0.3060,True,False,1.7285
superglue-fingervein,finger,THU-FVFDT_genuine_232,407,407,1532,1821,510,249,0.4882,True,0.4624,True,True,2.5891
sgmnet-fingervein,finger,THU-FVFDT_genuine_232,407,407,1530,1250,531,90,0.1695,False,0.1682,True,False,1.6483
aspanformer,finger,THU-FVFDT_genuine_232,407,407,816,816,816,414,0.5074,True,0.4919,True,True,2.1182
deepdetect,finger,THU-FVFDT_genuine_232,407,407,74906,77359,231,59,0.2554,False,0.2554,True,False,2.8754
loftr,finger,THU-FVFDT_genuine_233,75,75,746,746,746,557,0.7466,True,0.7233,True,True,2.1345
orb-fingervein,finger,THU-FVFDT_genuine_233,75,75,4539,4558,261,145,0.5556,True,0.5443,True,True,1.9101
sift-fingervein,finger,THU-FVFDT_genuine_233,75,75,737,869,89,66,0.7416,True,0.7242,True,True,1.9748
superglue-fingervein,finger,THU-FVFDT_genuine_233,75,75,1056,987,582,313,0.5378,True,0.5078,True,True,2.6473
sgmnet-fingervein,finger,THU-FVFDT_genuine_233,75,75,977,1150,579,197,0.3402,True,0.3368,True,True,1.7050
aspanformer,finger,THU-FVFDT_genuine_233,75,75,1539,1539,1539,1278,0.8304,True,0.8205,True,True,1.7392
deepdetect,finger,THU-FVFDT_genuine_233,75,75,35276,49523,87,62,0.7126,True,0.7126,True,True,2.1047
loftr,finger,THU-FVFDT_genuine_234,198,198,836,836,836,589,0.7045,True,0.6933,True,True,1.8228
orb-fingervein,finger,THU-FVFDT_genuine_234,198,198,4203,4018,267,173,0.6479,True,0.6377,True,True,1.8172
sift-fingervein,finger,THU-FVFDT_genuine_234,198,198,721,775,70,48,0.6857,True,0.6701,True,True,1.9620
superglue-fingervein,finger,THU-FVFDT_genuine_234,198,198,1027,1093,492,321,0.6524,True,0.6214,True,True,2.4745
sgmnet-fingervein,finger,THU-FVFDT_genuine_234,198,198,1116,1162,581,219,0.3769,True,0.3743,True,True,1.6426
aspanformer,finger,THU-FVFDT_genuine_234,198,198,1428,1428,1428,1152,0.8067,True,0.7987,True,True,1.7011
deepdetect,finger,THU-FVFDT_genuine_234,198,198,38868,46753,66,54,0.8182,True,0.8182,True,True,2.4930
loftr,finger,THU-FVFDT_genuine_235,473,473,615,615,615,315,0.5122,True,0.4894,True,True,2.4104
orb-fingervein,finger,THU-FVFDT_genuine_235,473,473,4662,4579,129,35,0.2713,False,0.2612,True,False,2.2625
sift-fingervein,finger,THU-FVFDT_genuine_235,473,473,1415,1284,47,12,0.2553,False,0.2476,True,False,1.9244
superglue-fingervein,finger,THU-FVFDT_genuine_235,473,473,1308,1298,411,224,0.5450,True,0.5114,True,True,2.7717
sgmnet-fingervein,finger,THU-FVFDT_genuine_235,473,473,1628,1555,667,163,0.2444,True,0.2407,True,True,1.8007
aspanformer,finger,THU-FVFDT_genuine_235,473,473,1008,1008,1008,621,0.6161,True,0.5930,True,True,2.2630
deepdetect,finger,THU-FVFDT_genuine_235,473,473,60540,57397,183,61,0.3333,True,0.3333,True,True,2.8075
loftr,finger,THU-FVFDT_genuine_236,577,577,979,979,979,844,0.8621,True,0.8621,True,True,0.5788
orb-fingervein,finger,THU-FVFDT_genuine_236,577,577,4957,4943,413,270,0.6538,True,0.6404,True,True,1.9127
sift-fingervein,finger,THU-FVFDT_genuine_236,577,577,1254,1223,118,64,0.5424,True,0.5248,True,True,2.1572
superglue-fingervein,finger,THU-FVFDT_genuine_236,577,577,1575,1436,733,469,0.6398,True,0.6166,True,True,2.2401
sgmnet-fingervein,finger,THU-FVFDT_genuine_236,577,577,1288,1325,725,283,0.3903,True,0.3875,True,True,1.6469
aspanformer,finger,THU-FVFDT_genuine_236,577,577,1864,1864,1864,1663,0.8922,True,0.8922,True,True,0.8517
deepdetect,finger,THU-FVFDT_genuine_236,577,577,77528,76002,572,486,0.8497,True,0.8497,True,True,1.8013
loftr,finger,THU-FVFDT_genuine_237,564,564,704,704,704,368,0.5227,True,0.5056,True,True,2.1655
orb-fingervein,finger,THU-FVFDT_genuine_237,564,564,5000,4962,176,73,0.4148,False,0.3987,True,False,2.2893
sift-fingervein,finger,THU-FVFDT_genuine_237,564,564,1327,1285,60,32,0.5333,True,0.5280,True,True,1.7023
superglue-fingervein,finger,THU-FVFDT_genuine_237,564,564,1184,1067,577,321,0.5563,True,0.5218,True,True,2.7802
sgmnet-fingervein,finger,THU-FVFDT_genuine_237,564,564,1338,1414,670,226,0.3373,True,0.3341,True,True,1.6901
aspanformer,finger,THU-FVFDT_genuine_237,564,564,1214,1214,1214,642,0.5288,True,0.5075,True,True,2.3241
deepdetect,finger,THU-FVFDT_genuine_237,564,564,68732,62937,298,167,0.5604,True,0.5604,True,True,3.1939
loftr,finger,THU-FVFDT_genuine_238,362,362,926,926,926,689,0.7441,True,0.7231,True,True,2.0717
orb-fingervein,finger,THU-FVFDT_genuine_238,362,362,5000,5000,204,141,0.6912,True,0.6792,True,True,1.8481
sift-fingervein,finger,THU-FVFDT_genuine_238,362,362,1393,1147,69,39,0.5652,True,0.5462,True,True,2.1832
superglue-fingervein,finger,THU-FVFDT_genuine_238,362,362,1309,1397,775,411,0.5303,True,0.5018,True,True,2.6048
sgmnet-fingervein,finger,THU-FVFDT_genuine_238,362,362,1427,1251,732,230,0.3142,True,0.3106,True,True,1.7307
aspanformer,finger,THU-FVFDT_genuine_238,362,362,1523,1523,1523,1285,0.8437,True,0.8276,True,True,1.8850
deepdetect,finger,THU-FVFDT_genuine_238,362,362,72965,73397,360,278,0.7722,True,0.7722,True,True,2.8934
loftr,finger,THU-FVFDT_genuine_239,365,365,895,895,895,739,0.8257,True,0.7907,True,True,2.3652
orb-fingervein,finger,THU-FVFDT_genuine_239,365,365,5000,5000,197,115,0.5838,True,0.5721,True,True,1.9050
sift-fingervein,finger,THU-FVFDT_genuine_239,365,365,1603,1597,99,75,0.7576,True,0.7329,True,True,2.1623
superglue-fingervein,finger,THU-FVFDT_genuine_239,365,365,1026,1169,621,369,0.5942,True,0.5626,True,True,2.5935
sgmnet-fingervein,finger,THU-FVFDT_genuine_239,365,365,1700,1588,896,383,0.4275,True,0.4240,True,True,1.6641
aspanformer,finger,THU-FVFDT_genuine_239,365,365,1669,1669,1669,1158,0.6938,True,0.6657,True,True,2.3284
deepdetect,finger,THU-FVFDT_genuine_239,365,365,68379,59765,662,559,0.8444,True,0.8444,True,True,2.7270
loftr,finger,THU-FVFDT_genuine_240,317,317,923,923,923,641,0.6945,True,0.6891,True,True,1.6551
orb-fingervein,finger,THU-FVFDT_genuine_240,317,317,3939,4624,256,161,0.6289,True,0.6121,True,True,2.0410
sift-fingervein,finger,THU-FVFDT_genuine_240,317,317,760,877,94,65,0.6915,True,0.6689,True,True,2.1633
superglue-fingervein,finger,THU-FVFDT_genuine_240,317,317,577,806,369,197,0.5339,True,0.5090,True,True,2.4529
sgmnet-fingervein,finger,THU-FVFDT_genuine_240,317,317,1115,1078,600,194,0.3233,True,0.3197,True,True,1.7268
aspanformer,finger,THU-FVFDT_genuine_240,317,317,1520,1520,1520,1480,0.9737,True,0.9737,True,True,0.9043
deepdetect,finger,THU-FVFDT_genuine_240,317,317,56143,62842,223,161,0.7220,True,0.7220,True,True,2.1430
loftr,finger,THU-FVFDT_genuine_241,210,210,848,848,848,555,0.6545,True,0.6545,True,True,1.3527
orb-fingervein,finger,THU-FVFDT_genuine_241,210,210,3843,3809,199,121,0.6080,True,0.6026,True,True,1.6810
sift-fingervein,finger,THU-FVFDT_genuine_241,210,210,916,920,62,45,0.7258,True,0.7071,True,True,2.0225
superglue-fingervein,finger,THU-FVFDT_genuine_241,210,210,866,849,579,299,0.5164,True,0.4921,True,True,2.4651
sgmnet-fingervein,finger,THU-FVFDT_genuine_241,210,210,1376,1444,795,297,0.3736,True,0.3695,True,True,1.7224
aspanformer,finger,THU-FVFDT_genuine_241,210,210,1513,1513,1513,1266,0.8367,True,0.8365,True,True,1.5071
deepdetect,finger,THU-FVFDT_genuine_241,210,210,42585,46803,192,140,0.7292,True,0.7292,True,True,2.1551
loftr,finger,THU-FVFDT_genuine_242,587,587,912,912,912,765,0.8388,True,0.8388,True,True,1.1478
orb-fingervein,finger,THU-FVFDT_genuine_242,587,587,4968,4911,225,138,0.6133,True,0.5921,True,True,2.2041
sift-fingervein,finger,THU-FVFDT_genuine_242,587,587,1398,1379,62,40,0.6452,True,0.6349,True,True,1.8193
superglue-fingervein,finger,THU-FVFDT_genuine_242,587,587,641,813,379,210,0.5541,True,0.5251,True,True,2.5734
sgmnet-fingervein,finger,THU-FVFDT_genuine_242,587,587,1617,1551,887,349,0.3935,True,0.3876,True,True,1.8015
aspanformer,finger,THU-FVFDT_genuine_242,587,587,1718,1718,1718,1316,0.7660,True,0.7660,True,True,1.0840
deepdetect,finger,THU-FVFDT_genuine_242,587,587,61836,64947,198,139,0.7020,True,0.7020,True,True,2.5482
loftr,finger,THU-FVFDT_genuine_243,287,287,341,341,341,181,0.5308,True,0.5106,True,True,2.2753
orb-fingervein,finger,THU-FVFDT_genuine_243,287,287,4141,5000,149,76,0.5101,True,0.4936,True,True,2.1554
sift-fingervein,finger,THU-FVFDT_genuine_243,287,287,1333,1663,30,13,0.4333,False,0.4294,True,False,1.5428
superglue-fingervein,finger,THU-FVFDT_genuine_243,287,287,1117,1098,37,14,0.3784,True,0.3698,True,True,1.8573
sgmnet-fingervein,finger,THU-FVFDT_genuine_243,287,287,1556,1646,581,135,0.2324,True,0.2288,True,True,1.8091
aspanformer,finger,THU-FVFDT_genuine_243,287,287,631,631,631,499,0.7908,True,0.7661,True,True,2.1353
deepdetect,finger,THU-FVFDT_genuine_243,287,287,64472,72780,148,63,0.4257,True,0.4257,True,True,2.2151
loftr,finger,THU-FVFDT_genuine_244,187,187,983,983,983,903,0.9186,True,0.9186,True,True,0.4276
orb-fingervein,finger,THU-FVFDT_genuine_244,187,187,4219,4532,494,375,0.7591,True,0.7511,True,True,1.7109
sift-fingervein,finger,THU-FVFDT_genuine_244,187,187,960,953,176,133,0.7557,True,0.7478,True,True,1.7102
superglue-fingervein,finger,THU-FVFDT_genuine_244,187,187,968,988,581,375,0.6454,True,0.6223,True,True,2.2299
sgmnet-fingervein,finger,THU-FVFDT_genuine_244,187,187,1109,1173,652,316,0.4847,True,0.4833,True,True,1.5574
aspanformer,finger,THU-FVFDT_genuine_244,187,187,1948,1948,1948,1794,0.9209,True,0.9209,True,True,0.6958
deepdetect,finger,THU-FVFDT_genuine_244,187,187,57229,53647,434,404,0.9309,True,0.9309,True,True,2.0671
loftr,finger,THU-FVFDT_genuine_245,573,573,958,958,958,756,0.7891,True,0.7797,True,True,1.7399
orb-fingervein,finger,THU-FVFDT_genuine_245,573,573,4757,4833,266,149,0.5602,True,0.5475,True,True,1.9553
sift-fingervein,finger,THU-FVFDT_genuine_245,573,573,1426,1378,101,76,0.7525,True,0.7355,True,True,1.9560
superglue-fingervein,finger,THU-FVFDT_genuine_245,573,573,789,939,485,281,0.5794,True,0.5485,True,True,2.5949
sgmnet-fingervein,finger,THU-FVFDT_genuine_245,573,573,1538,1560,879,339,0.3857,True,0.3827,True,True,1.6560
aspanformer,finger,THU-FVFDT_genuine_245,573,573,1802,1802,1802,1768,0.9811,True,0.9811,True,True,0.8026
deepdetect,finger,THU-FVFDT_genuine_245,573,573,57313,60518,241,183,0.7593,True,0.7593,True,True,2.1736
loftr,finger,THU-FVFDT_genuine_246,143,143,886,886,886,812,0.9165,True,0.9165,True,True,0.8912
orb-fingervein,finger,THU-FVFDT_genuine_246,143,143,4841,4630,348,253,0.7270,True,0.7181,True,True,1.7462
sift-fingervein,finger,THU-FVFDT_genuine_246,143,143,875,846,81,59,0.7284,True,0.7133,True,True,1.9201
superglue-fingervein,finger,THU-FVFDT_genuine_246,143,143,1288,1173,683,376,0.5505,True,0.5279,True,True,2.3396
sgmnet-fingervein,finger,THU-FVFDT_genuine_246,143,143,1216,1176,671,313,0.4665,True,0.4633,True,True,1.6358
aspanformer,finger,THU-FVFDT_genuine_246,143,143,1729,1729,1729,1694,0.9798,True,0.9798,True,True,1.2667
deepdetect,finger,THU-FVFDT_genuine_246,143,143,42528,55103,128,106,0.8281,True,0.8281,True,True,1.7508
loftr,finger,THU-FVFDT_genuine_247,481,481,760,760,760,435,0.5724,True,0.5581,True,True,2.0056
orb-fingervein,finger,THU-FVFDT_genuine_247,481,481,4996,4933,171,94,0.5497,True,0.5350,True,True,2.0406
sift-fingervein,finger,THU-FVFDT_genuine_247,481,481,1496,1483,64,36,0.5625,True,0.5462,True,True,2.0894
superglue-fingervein,finger,THU-FVFDT_genuine_247,481,481,930,876,465,214,0.4602,True,0.4297,True,True,2.8715
sgmnet-fingervein,finger,THU-FVFDT_genuine_247,481,481,1519,1579,827,270,0.3265,True,0.3219,True,True,1.7809
aspanformer,finger,THU-FVFDT_genuine_247,481,481,1252,1252,1252,865,0.6909,True,0.6766,True,True,1.9177
deepdetect,finger,THU-FVFDT_genuine_247,481,481,64300,68666,241,162,0.6722,True,0.6722,True,True,2.7879
loftr,finger,THU-FVFDT_genuine_248,71,71,1194,1194,1194,1156,0.9682,True,0.9682,True,True,0.5128
orb-fingervein,finger,THU-FVFDT_genuine_248,71,71,5000,5000,752,570,0.7580,True,0.7580,True,True,1.4669
sift-fingervein,finger,THU-FVFDT_genuine_248,71,71,994,980,233,196,0.8412,True,0.8407,True,True,1.5116
superglue-fingervein,finger,THU-FVFDT_genuine_248,71,71,1404,1409,871,624,0.7164,True,0.6959,True,True,2.0820
sgmnet-fingervein,finger,THU-FVFDT_genuine_248,71,71,1093,1136,631,345,0.5468,True,0.5461,True,True,1.5239
aspanformer,finger,THU-FVFDT_genuine_248,71,71,2045,2045,2045,2041,0.9980,True,0.9980,True,True,0.7455
deepdetect,finger,THU-FVFDT_genuine_248,71,71,55519,60784,477,443,0.9287,True,0.9287,True,True,1.4944
loftr,finger,THU-FVFDT_genuine_249,262,262,495,495,495,270,0.5455,True,0.5240,True,True,2.3012
orb-fingervein,finger,THU-FVFDT_genuine_249,262,262,4858,4916,68,9,0.1324,False,0.1269,True,False,1.8578
sift-fingervein,finger,THU-FVFDT_genuine_249,262,262,1066,1183,18,7,0.3889,False,0.3727,True,False,1.3604
superglue-fingervein,finger,THU-FVFDT_genuine_249,262,262,873,978,133,48,0.3609,True,0.3412,True,True,2.6204
sgmnet-fingervein,finger,THU-FVFDT_genuine_249,262,262,1187,1288,455,98,0.2154,True,0.2131,True,True,1.7126
aspanformer,finger,THU-FVFDT_genuine_249,262,262,768,768,768,586,0.7630,True,0.7355,True,True,2.2345
deepdetect,finger,THU-FVFDT_genuine_249,262,262,66349,57263,91,24,0.2637,False,0.2637,True,False,2.1638
loftr,finger,THU-FVFDT_impostor_0,49,478,175,175,175,32,0.1829,False,0.1800,False,True,1.8106
orb-fingervein,finger,THU-FVFDT_impostor_0,49,478,4222,4960,53,0,,False,,False,True,
sift-fingervein,finger,THU-FVFDT_impostor_0,49,478,867,1560,9,4,0.4444,False,0.4073,False,True,0.0000
superglue-fingervein,finger,THU-FVFDT_impostor_0,49,478,1166,1026,0,0,,False,,False,True,
sgmnet-fingervein,finger,THU-FVFDT_impostor_0,49,478,1129,1726,79,8,0.1013,False,0.0980,False,True,0.9929
aspanformer,finger,THU-FVFDT_impostor_0,49,478,46,46,46,16,0.3478,False,0.3305,False,True,2.4700
deepdetect,finger,THU-FVFDT_impostor_0,49,478,39638,56548,47,13,0.2766,False,0.2766,False,True,1.5964
loftr,finger,THU-FVFDT_impostor_1,19,155,161,161,161,19,0.1180,False,0.1161,False,True,1.8041
orb-fingervein,finger,THU-FVFDT_impostor_1,19,155,3686,4983,59,0,,False,,False,True,
sift-fingervein,finger,THU-FVFDT_impostor_1,19,155,644,884,5,0,,False,,False,True,
superglue-fingervein,finger,THU-FVFDT_impostor_1,19,155,968,1164,1,0,,False,,False,True,
sgmnet-fingervein,finger,THU-FVFDT_impostor_1,19,155,1117,968,190,10,0.0526,False,0.0517,False,True,1.0219
aspanformer,finger,THU-FVFDT_impostor_1,19,155,93,93,93,19,0.2043,False,0.2007,False,True,1.8388
deepdetect,finger,THU-FVFDT_impostor_1,19,155,42947,53006,45,11,0.2444,False,0.2444,False,True,1.7716
loftr,finger,THU-FVFDT_impostor_2,2,328,118,118,118,16,0.1356,False,0.1299,False,True,2.3007
orb-fingervein,finger,THU-FVFDT_impostor_2,2,328,4993,4932,43,6,0.1395,False,0.1320,False,True,0.7560
sift-fingervein,finger,THU-FVFDT_impostor_2,2,328,1044,1179,14,4,0.2857,False,0.2619,False,True,0.0000
superglue-fingervein,finger,THU-FVFDT_impostor_2,2,328,1383,927,7,7,1.0000,True,0.9583,False,False,1.1868
sgmnet-fingervein,finger,THU-FVFDT_impostor_2,2,328,1161,1416,113,9,0.0796,False,0.0777,False,True,1.0305
aspanformer,finger,THU-FVFDT_impostor_2,2,328,57,57,57,19,0.3333,False,0.3221,False,True,2.1639
deepdetect,finger,THU-FVFDT_impostor_2,2,328,61892,65716,69,0,,False,,False,True,
loftr,finger,THU-FVFDT_impostor_3,594,512,153,153,153,16,0.1046,False,0.0987,False,True,2.5964
orb-fingervein,finger,THU-FVFDT_impostor_3,594,512,4303,5000,66,12,0.1818,False,0.1801,False,True,0.8389
sift-fingervein,finger,THU-FVFDT_impostor_3,594,512,1045,1400,15,0,,False,,False,True,
superglue-fingervein,finger,THU-FVFDT_impostor_3,594,512,847,940,0,0,,False,,False,True,
sgmnet-fingervein,finger,THU-FVFDT_impostor_3,594,512,1351,1401,101,7,0.0693,False,0.0664,False,True,0.5154
aspanformer,finger,THU-FVFDT_impostor_3,594,512,30,30,30,11,0.3667,False,0.3565,False,True,1.8022
deepdetect,finger,THU-FVFDT_impostor_3,594,512,61541,68567,78,15,0.1923,False,0.1923,False,True,1.4974
loftr,finger,THU-FVFDT_impostor_4,268,356,128,128,128,22,0.1719,False,0.1647,False,True,2.3473
orb-fingervein,finger,THU-FVFDT_impostor_4,268,356,4964,4979,47,0,,False,,False,True,
sift-fingervein,finger,THU-FVFDT_impostor_4,268,356,1401,1546,13,0,,False,,False,True,
superglue-fingervein,finger,THU-FVFDT_impostor_4,268,356,1064,1139,0,0,,False,,False,True,
sgmnet-fingervein,finger,THU-FVFDT_impostor_4,268,356,1493,1678,73,7,0.0959,False,0.0919,False,True,0.9990
aspanformer,finger,THU-FVFDT_impostor_4,268,356,60,60,60,22,0.3667,False,0.3569,False,True,2.0349
deepdetect,finger,THU-FVFDT_impostor_4,268,356,64159,65158,98,19,0.1939,False,0.1939,False,True,1.8423
loftr,finger,THU-FVFDT_impostor_5,169,507,102,102,102,17,0.1667,False,0.1621,False,True,2.0183
orb-fingervein,finger,THU-FVFDT_impostor_5,169,507,3431,4524,47,0,,False,,False,True,
sift-fingervein,finger,THU-FVFDT_impostor_5,169,507,703,905,16,0,,False,,False,True,
superglue-fingervein,finger,THU-FVFDT_impostor_5,169,507,767,802,0,0,,False,,False,True,
sgmnet-fingervein,finger,THU-FVFDT_impostor_5,169,507,1005,1102,112,9,0.0804,False,0.0784,False,True,0.9672
aspanformer,finger,THU-FVFDT_impostor_5,169,507,32,32,32,13,0.4062,True,0.4035,False,False,1.3904
deepdetect,finger,THU-FVFDT_impostor_5,169,507,42332,72498,58,19,0.3276,True,0.3276,False,False,1.9158
loftr,finger,THU-FVFDT_impostor_6,598,112,162,162,162,33,0.2037,False,0.1990,False,True,1.9650
orb-fingervein,finger,THU-FVFDT_impostor_6,598,112,5000,4945,49,0,,False,,False,True,
sift-fingervein,finger,THU-FVFDT_impostor_6,598,112,1674,1083,17,5,0.2941,False,0.2742,False,True,0.3543
superglue-fingervein,finger,THU-FVFDT_impostor_6,598,112,937,999,3,0,,False,,False,True,
sgmnet-fingervein,finger,THU-FVFDT_impostor_6,598,112,1668,1279,82,8,0.0976,False,0.0945,False,True,0.5931
aspanformer,finger,THU-FVFDT_impostor_6,598,112,40,40,40,12,0.3000,False,0.2913,False,True,1.8988
deepdetect,finger,THU-FVFDT_impostor_6,598,112,74010,58858,110,17,0.1545,False,0.1545,False,True,9.4557
loftr,finger,THU-FVFDT_impostor_7,252,474,251,251,251,45,0.1793,False,0.1702,False,True,2.5433
orb-fingervein,finger,THU-FVFDT_impostor_7,252,474,4908,4936,53,0,,False,,False,True,
sift-fingervein,finger,THU-FVFDT_impostor_7,252,474,1577,1495,19,0,,False,,False,True,
superglue-fingervein,finger,THU-FVFDT_impostor_7,252,474,1060,1040,0,0,,False,,False,True,
sgmnet-fingervein,finger,THU-FVFDT_impostor_7,252,474,1644,1576,110,8,0.0727,False,0.0704,False,True,0.5843
aspanformer,finger,THU-FVFDT_impostor_7,252,474,88,88,88,22,0.2500,False,0.2424,False,True,2.1144
deepdetect,finger,THU-FVFDT_impostor_7,252,474,65621,70286,88,16,0.1818,False,0.1818,False,True,1.3793
loftr,finger,THU-FVFDT_impostor_8,296,469,195,195,195,41,0.2103,False,0.2022,False,True,2.2802
orb-fingervein,finger,THU-FVFDT_impostor_8,296,469,5000,4999,47,8,0.1702,False,0.1648,False,True,0.6526
sift-fingervein,finger,THU-FVFDT_impostor_8,296,469,1326,1564,9,0,,False,,False,True,
superglue-fingervein,finger,THU-FVFDT_impostor_8,296,469,1004,985,1,0,,False,,False,True,
sgmnet-fingervein,finger,THU-FVFDT_impostor_8,296,469,1435,1566,193,8,0.0415,False,0.0401,False,True,1.0472
aspanformer,finger,THU-FVFDT_impostor_8,296,469,133,133,133,45,0.3383,False,0.3254,False,True,2.2773
deepdetect,finger,THU-FVFDT_impostor_8,296,469,64184,74838,110,13,0.1182,False,0.1182,False,True,2.3489
loftr,finger,THU-FVFDT_impostor_9,449,100,194,194,194,30,0.1546,False,0.1475,False,True,2.4430
orb-fingervein,finger,THU-FVFDT_impostor_9,449,100,4918,4584,53,10,0.1887,False,0.1853,False,True,0.8864
sift-fingervein,finger,THU-FVFDT_impostor_9,449,100,1666,879,28,0,,False,,False,True,
superglue-fingervein,finger,THU-FVFDT_impostor_9,449,100,686,980,6,5,0.8333,True,0.7768,False,False,1.3501
sgmnet-fingervein,finger,THU-FVFDT_impostor_9,449,100,1809,1132,49,6,0.1224,False,0.1159,False,True,0.9607
aspanformer,finger,THU-FVFDT_impostor_9,449,100,52,52,52,21,0.4038,False,0.3986,False,True,1.7532
deepdetect,finger,THU-FVFDT_impostor_9,449,100,64470,55349,100,14,0.1400,False,0.1400,False,True,2.1304
loftr,finger,THU-FVFDT_impostor_10,518,362,159,159,159,30,0.1887,False,0.1855,False,True,1.8394
orb-fingervein,finger,THU-FVFDT_impostor_10,518,362,4950,5000,58,8,0.1379,False,0.1335,False,True,1.2141
sift-fingervein,finger,THU-FVFDT_impostor_10,518,362,1545,1147,7,0,,False,,False,True,
superglue-fingervein,finger,THU-FVFDT_impostor_10,518,362,1050,1397,13,6,0.4615,True,0.4367,False,False,1.1351
sgmnet-fingervein,finger,THU-FVFDT_impostor_10,518,362,1569,1251,83,8,0.0964,False,0.0933,False,True,1.0299
aspanformer,finger,THU-FVFDT_impostor_10,518,362,59,59,59,17,0.2881,False,0.2829,False,True,1.8278
deepdetect,finger,THU-FVFDT_impostor_10,518,362,67888,73397,94,16,0.1702,False,0.1702,False,True,1.7387
loftr,finger,THU-FVFDT_impostor_11,241,274,157,157,157,29,0.1847,False,0.1787,False,True,2.1645
orb-fingervein,finger,THU-FVFDT_impostor_11,241,274,4290,4550,40,10,0.2500,False,0.2456,False,True,0.6305
sift-fingervein,finger,THU-FVFDT_impostor_11,241,274,1174,1165,10,4,0.4000,False,0.3666,False,True,0.0000
superglue-fingervein,finger,THU-FVFDT_impostor_11,241,274,692,734,0,0,,False,,False,True,
sgmnet-fingervein,finger,THU-FVFDT_impostor_11,241,274,1629,1417,73,8,0.1096,False,0.1061,False,True,0.7498
aspanformer,finger,THU-FVFDT_impostor_11,241,274,57,57,57,16,0.2807,False,0.2800,False,True,1.2332
deepdetect,finger,THU-FVFDT_impostor_11,241,274,49944,62386,83,12,0.1446,False,0.1446,False,True,2.1187
loftr,finger,THU-FVFDT_impostor_12,152,84,116,116,116,22,0.1897,False,0.1859,False,True,1.8910
orb-fingervein,finger,THU-FVFDT_impostor_12,152,84,4223,4294,68,0,,False,,False,True,
sift-fingervein,finger,THU-FVFDT_impostor_12,152,84,741,932,15,0,,False,,False,True,
superglue-fingervein,finger,THU-FVFDT_impostor_12,152,84,1031,947,0,0,,False,,False,True,
sgmnet-fingervein,finger,THU-FVFDT_impostor_12,152,84,1020,1304,151,9,0.0596,False,0.0582,False,True,0.7344
aspanformer,finger,THU-FVFDT_impostor_12,152,84,54,54,54,27,0.5000,True,0.5000,False,False,0.9797
deepdetect,finger,THU-FVFDT_impostor_12,152,84,41892,42207,55,0,,False,,False,True,
loftr,finger,THU-FVFDT_impostor_13,151,145,157,157,157,36,0.2293,False,0.2189,False,True,2.4263
orb-fingervein,finger,THU-FVFDT_impostor_13,151,145,4470,4971,65,0,,False,,False,True,
sift-fingervein,finger,THU-FVFDT_impostor_13,151,145,712,967,9,0,,False,,False,True,
superglue-fingervein,finger,THU-FVFDT_impostor_13,151,145,1013,1385,0,0,,False,,False,True,
sgmnet-fingervein,finger,THU-FVFDT_impostor_13,151,145,942,1107,107,9,0.0841,False,0.0821,False,True,0.8476
aspanformer,finger,THU-FVFDT_impostor_13,151,145,32,32,32,16,0.5000,True,0.4951,False,False,1.6469
deepdetect,finger,THU-FVFDT_impostor_13,151,145,54413,28979,81,0,,False,,False,True,
loftr,finger,THU-FVFDT_impostor_14,151,568,62,62,62,10,0.1613,False,0.1562,False,True,1.7871
orb-fingervein,finger,THU-FVFDT_impostor_14,151,568,4394,4756,81,0,,False,,False,True,
sift-fingervein,finger,THU-FVFDT_impostor_14,151,568,685,975,4,0,,False,,False,True,
superglue-fingervein,finger,THU-FVFDT_impostor_14,151,568,1007,845,0,0,,False,,False,True,
sgmnet-fingervein,finger,THU-FVFDT_impostor_14,151,568,928,1190,48,6,0.1250,False,0.1183,False,True,0.6430
aspanformer,finger,THU-FVFDT_impostor_14,151,568,37,37,37,17,0.4595,True,0.4571,False,False,1.5664
deepdetect,finger,THU-FVFDT_impostor_14,151,568,50058,69556,78,0,,False,,False,True,
loftr,finger,THU-FVFDT_impostor_15,162,99,119,119,119,20,0.1681,False,0.1625,False,True,2.1647
orb-fingervein,finger,THU-FVFDT_impostor_15,162,99,4997,4340,67,0,,False,,False,True,
sift-fingervein,finger,THU-FVFDT_impostor_15,162,99,985,816,22,6,0.2727,False,0.2581,False,True,0.9545
superglue-fingervein,finger,THU-FVFDT_impostor_15,162,99,1532,929,0,0,,False,,False,True,
sgmnet-fingervein,finger,THU-FVFDT_impostor_15,162,99,1074,1131,88,7,0.0795,False,0.0762,False,True,0.1884
aspanformer,finger,THU-FVFDT_impostor_15,162,99,35,35,35,18,0.5143,True,0.4504,False,False,4.1256
deepdetect,finger,THU-FVFDT_impostor_15,162,99,49760,47267,56,13,0.2321,False,0.2321,False,True,1.2454
loftr,finger,THU-FVFDT_impostor_16,471,209,137,137,137,21,0.1533,False,0.1477,False,True,2.2336
orb-fingervein,finger,THU-FVFDT_impostor_16,471,209,4148,4092,92,0,,False,,False,True,
sift-fingervein,finger,THU-FVFDT_impostor_16,471,209,1559,840,17,0,,False,,False,True,
superglue-fingervein,finger,THU-FVFDT_impostor_16,471,209,1234,887,0,0,,False,,False,True,
sgmnet-fingervein,finger,THU-FVFDT_impostor_16,471,209,1706,1167,26,5,0.1923,False,0.1793,False,True,0.4670
aspanformer,finger,THU-FVFDT_impostor_16,471,209,45,45,45,14,0.3111,False,0.3096,False,True,1.1671
deepdetect,finger,THU-FVFDT_impostor_16,471,209,66700,53448,83,18,0.2169,False,0.2169,False,True,1.7651
loftr,finger,THU-FVFDT_impostor_17,174,486,134,134,134,15,0.1119,False,0.1062,False,True,2.4733
orb-fingervein,finger,THU-FVFDT_impostor_17,174,486,4989,4411,73,0,,False,,False,True,
sift-fingervein,finger,THU-FVFDT_impostor_17,174,486,927,1372,13,0,,False,,False,True,
superglue-fingervein,finger,THU-FVFDT_impostor_17,174,486,1102,803,0,0,,False,,False,True,
sgmnet-fingervein,finger,THU-FVFDT_impostor_17,174,486,1098,1611,90,9,0.1000,False,0.0976,False,True,1.1682
aspanformer,finger,THU-FVFDT_impostor_17,174,486,68,68,68,14,0.2059,False,0.2013,False,True,1.8538
deepdetect,finger,THU-FVFDT_impostor_17,174,486,56329,62107,56,12,0.2143,False,0.2143,False,True,1.8630
loftr,finger,THU-FVFDT_impostor_18,288,389,74,74,74,14,0.1892,False,0.1882,False,True,0.9617
orb-fingervein,finger,THU-FVFDT_impostor_18,288,389,4953,4056,89,0,,False,,False,True,
sift-fingervein,finger,THU-FVFDT_impostor_18,288,389,1518,809,18,0,,False,,False,True,
superglue-fingervein,finger,THU-FVFDT_impostor_18,288,389,1184,779,0,0,,False,,False,True,
sgmnet-fingervein,finger,THU-FVFDT_impostor_18,288,389,1430,1237,99,10,0.1010,False,0.0992,False,True,1.5052
aspanformer,finger,THU-FVFDT_impostor_18,288,389,26,26,26,10,0.3846,False,0.3695,False,True,1.9435
deepdetect,finger,THU-FVFDT_impostor_18,288,389,63168,62082,85,17,0.2000,False,0.2000,False,True,1.6736
loftr,finger,THU-FVFDT_impostor_19,464,22,101,101,101,15,0.1485,False,0.1412,False,True,2.4451
orb-fingervein,finger,THU-FVFDT_impostor_19,464,22,5000,4293,55,8,0.1455,False,0.1408,False,True,0.6055
sift-fingervein,finger,THU-FVFDT_impostor_19,464,22,1468,717,17,0,,False,,False,True,
superglue-fingervein,finger,THU-FVFDT_impostor_19,464,22,1344,1116,0,0,,False,,False,True,
sgmnet-fingervein,finger,THU-FVFDT_impostor_19,464,22,1366,936,30,6,0.2000,False,0.1892,False,True,0.5100
aspanformer,finger,THU-FVFDT_impostor_19,464,22,77,77,77,29,0.3766,False,0.3609,False,True,2.3506
deepdetect,finger,THU-FVFDT_impostor_19,464,22,77370,41681,132,19,0.1439,False,0.1439,False,True,1.2062
loftr,finger,THU-FVFDT_impostor_20,390,166,113,113,113,27,0.2389,False,0.2342,False,True,1.8969
orb-fingervein,finger,THU-FVFDT_impostor_20,390,166,4908,4930,82,10,0.1220,False,0.1198,False,True,0.9046
sift-fingervein,finger,THU-FVFDT_impostor_20,390,166,1240,872,13,4,0.3077,False,0.2820,False,True,0.0000
superglue-fingervein,finger,THU-FVFDT_impostor_20,390,166,1190,1084,0,0,,False,,False,True,
sgmnet-fingervein,finger,THU-FVFDT_impostor_20,390,166,1420,1025,72,8,0.1111,False,0.1076,False,True,0.7409
aspanformer,finger,THU-FVFDT_impostor_20,390,166,28,28,28,9,0.3214,False,0.3049,False,True,2.0735
deepdetect,finger,THU-FVFDT_impostor_20,390,166,71353,47965,90,16,0.1778,False,0.1778,False,True,2.2016
loftr,finger,THU-FVFDT_impostor_21,69,191,93,93,93,20,0.2151,False,0.2149,False,True,1.4872
orb-fingervein,finger,THU-FVFDT_impostor_21,69,191,5000,3697,63,0,,False,,False,True,
sift-fingervein,finger,THU-FVFDT_impostor_21,69,191,938,829,8,0,,False,,False,True,
superglue-fingervein,finger,THU-FVFDT_impostor_21,69,191,1378,1180,0,0,,False,,False,True,
sgmnet-fingervein,finger,THU-FVFDT_impostor_21,69,191,1101,1192,160,11,0.0688,False,0.0679,False,True,1.1610
aspanformer,finger,THU-FVFDT_impostor_21,69,191,20,20,20,10,0.5000,True,0.4888,False,False,1.5983
deepdetect,finger,THU-FVFDT_impostor_21,69,191,41447,52391,64,17,0.2656,False,0.2656,False,True,2.4625
loftr,finger,THU-FVFDT_impostor_22,566,343,133,133,133,20,0.1504,False,0.1503,False,True,1.4076
orb-fingervein,finger,THU-FVFDT_impostor_22,566,343,4556,4848,67,10,0.1493,False,0.1466,False,True,1.1973
sift-fingervein,finger,THU-FVFDT_impostor_22,566,343,1179,1237,17,5,0.2941,False,0.2742,False,True,0.4624
superglue-fingervein,finger,THU-FVFDT_impostor_22,566,343,1097,807,0,0,,False,,False,True,
sgmnet-fingervein,finger,THU-FVFDT_impostor_22,566,343,1428,1570,72,7,0.0972,False,0.0932,False,True,0.0857
aspanformer,finger,THU-FVFDT_impostor_22,566,343,32,32,32,14,0.4375,True,0.4259,False,False,1.9358
deepdetect,finger,THU-FVFDT_impostor_22,566,343,70844,48360,111,16,0.1441,False,0.1441,False,True,1.6581
loftr,finger,THU-FVFDT_impostor_23,162,324,112,112,112,15,0.1339,False,0.1334,False,True,0.9300
orb-fingervein,finger,THU-FVFDT_impostor_23,162,324,4971,5000,38,0,,False,,False,True,
sift-fingervein,finger,THU-FVFDT_impostor_23,162,324,956,1592,10,0,,False,,False,True,
superglue-fingervein,finger,THU-FVFDT_impostor_23,162,324,1400,1369,0,0,,False,,False,True,
sgmnet-fingervein,finger,THU-FVFDT_impostor_23,162,324,1074,1523,59,6,0.1017,False,0.0962,False,True,0.6173
aspanformer,finger,THU-FVFDT_impostor_23,162,324,16,16,16,7,0.4375,True,0.4192,False,False,1.1725
deepdetect,finger,THU-FVFDT_impostor_23,162,324,45071,86328,44,0,,False,,False,True,
loftr,finger,THU-FVFDT_impostor_24,244,502,177,177,177,29,0.1638,False,0.1562,False,True,2.4534
orb-fingervein,finger,THU-FVFDT_impostor_24,244,502,5000,4964,45,6,0.1333,False,0.1262,False,True,0.8286
sift-fingervein,finger,THU-FVFDT_impostor_24,244,502,1310,1463,13,0,,False,,False,True,
superglue-fingervein,finger,THU-FVFDT_impostor_24,244,502,1181,1376,0,0,,False,,False,True,
sgmnet-fingervein,finger,THU-FVFDT_impostor_24,244,502,1397,1477,109,0,,False,,False,True,
aspanformer,finger,THU-FVFDT_impostor_24,244,502,92,92,92,26,0.2826,False,0.2755,False,True,2.0097
deepdetect,finger,THU-FVFDT_impostor_24,244,502,76552,81920,98,13,0.1327,False,0.1327,False,True,2.5434
loftr,finger,THU-FVFDT_impostor_25,61,375,59,59,59,11,0.1864,False,0.1821,False,True,1.7150
orb-fingervein,finger,THU-FVFDT_impostor_25,61,375,5000,3735,72,0,,False,,False,True,
sift-fingervein,finger,THU-FVFDT_impostor_25,61,375,916,1145,6,0,,False,,False,True,
superglue-fingervein,finger,THU-FVFDT_impostor_25,61,375,1431,847,0,0,,False,,False,True,
sgmnet-fingervein,finger,THU-FVFDT_impostor_25,61,375,1006,1479,53,6,0.1132,False,0.1071,False,True,0.7798
aspanformer,finger,THU-FVFDT_impostor_25,61,375,20,20,20,10,0.5000,True,0.4812,False,False,1.9114
deepdetect,finger,THU-FVFDT_impostor_25,61,375,49155,59782,77,0,,False,,False,True,
loftr,finger,THU-FVFDT_impostor_26,342,205,81,81,81,11,0.1358,False,0.1334,False,True,1.6011
orb-fingervein,finger,THU-FVFDT_impostor_26,342,205,4531,4621,60,0,,False,,False,True,
sift-fingervein,finger,THU-FVFDT_impostor_26,342,205,1220,930,17,7,0.4118,False,0.3946,False,True,0.9546
superglue-fingervein,finger,THU-FVFDT_impostor_26,342,205,1115,1044,0,0,,False,,False,True,
sgmnet-fingervein,finger,THU-FVFDT_impostor_26,342,205,1671,1113,62,7,0.1129,False,0.1082,False,True,0.8305
aspanformer,finger,THU-FVFDT_impostor_26,342,205,12,12,12,5,0.4167,False,0.3884,False,True,1.1244
deepdetect,finger,THU-FVFDT_impostor_26,342,205,51713,58151,42,13,0.3095,False,0.3095,False,True,5.3107
loftr,finger,THU-FVFDT_impostor_27,35,359,92,92,92,12,0.1304,False,0.1239,False,True,2.3295
orb-fingervein,finger,THU-FVFDT_impostor_27,35,359,3898,5000,63,0,,False,,False,True,
sift-fingervein,finger,THU-FVFDT_impostor_27,35,359,716,985,6,0,,False,,False,True,
superglue-fingervein,finger,THU-FVFDT_impostor_27,35,359,995,1316,2,0,,False,,False,True,
sgmnet-fingervein,finger,THU-FVFDT_impostor_27,35,359,1145,1084,108,9,0.0833,False,0.0813,False,True,1.2021
aspanformer,finger,THU-FVFDT_impostor_27,35,359,45,45,45,11,0.2444,False,0.2413,False,True,1.0607
deepdetect,finger,THU-FVFDT_impostor_27,35,359,39005,66541,68,9,0.1324,False,0.1324,False,True,1.2684
loftr,finger,THU-FVFDT_impostor_28,287,342,119,119,119,12,0.1008,False,0.0975,False,True,1.9739
orb-fingervein,finger,THU-FVFDT_impostor_28,287,342,5000,4983,42,8,0.1905,False,0.1844,False,True,0.9285
sift-fingervein,finger,THU-FVFDT_impostor_28,287,342,1663,1480,12,5,0.4167,False,0.3884,False,True,0.0000
superglue-fingervein,finger,THU-FVFDT_impostor_28,287,342,1098,1587,0,0,,False,,False,True,
sgmnet-fingervein,finger,THU-FVFDT_impostor_28,287,342,1646,1703,123,9,0.0732,False,0.0714,False,True,0.9940
aspanformer,finger,THU-FVFDT_impostor_28,287,342,39,39,39,15,0.3846,False,0.3832,False,True,1.4984
deepdetect,finger,THU-FVFDT_impostor_28,287,342,72780,69363,77,0,,False,,False,True,
loftr,finger,THU-FVFDT_impostor_29,146,184,159,159,159,29,0.1824,False,0.1789,False,True,1.8895
orb-fingervein,finger,THU-FVFDT_impostor_29,146,184,4506,4066,72,8,0.1111,False,0.1076,False,True,1.3353
sift-fingervein,finger,THU-FVFDT_impostor_29,146,184,802,665,14,5,0.3571,False,0.3329,False,True,0.0000
superglue-fingervein,finger,THU-FVFDT_impostor_29,146,184,1047,984,6,4,0.6667,True,0.6110,False,False,0.0000
sgmnet-fingervein,finger,THU-FVFDT_impostor_29,146,184,1068,926,125,7,0.0560,False,0.0537,False,True,1.0072
aspanformer,finger,THU-FVFDT_impostor_29,146,184,17,17,17,8,0.4706,True,0.4556,False,False,1.1741
deepdetect,finger,THU-FVFDT_impostor_29,146,184,48788,47548,70,15,0.2143,False,0.2143,False,True,2.6825
loftr,finger,THU-FVFDT_impostor_30,14,101,124,124,124,28,0.2258,False,0.2167,False,True,2.3195
orb-fingervein,finger,THU-FVFDT_impostor_30,14,101,4691,4284,53,7,0.1321,False,0.1266,False,True,1.1355
sift-fingervein,finger,THU-FVFDT_impostor_30,14,101,875,855,16,0,,False,,False,True,
superglue-fingervein,finger,THU-FVFDT_impostor_30,14,101,1278,808,1,0,,False,,False,True,
sgmnet-fingervein,finger,THU-FVFDT_impostor_30,14,101,1139,1180,120,9,0.0750,False,0.0732,False,True,0.5753
aspanformer,finger,THU-FVFDT_impostor_30,14,101,66,66,66,26,0.3939,False,0.3831,False,True,2.0574
deepdetect,finger,THU-FVFDT_impostor_30,14,101,45205,44230,51,11,0.2157,False,0.2157,False,True,1.9078
loftr,finger,THU-FVFDT_impostor_31,340,248,129,129,129,21,0.1628,False,0.1577,False,True,2.1225
orb-fingervein,finger,THU-FVFDT_impostor_31,340,248,4958,4852,61,7,0.1148,False,0.1100,False,True,1.3130
sift-fingervein,finger,THU-FVFDT_impostor_31,340,248,1362,1384,16,5,0.3125,False,0.2913,False,True,0.0000
superglue-fingervein,finger,THU-FVFDT_impostor_31,340,248,1112,839,0,0,,False,,False,True,
sgmnet-fingervein,finger,THU-FVFDT_impostor_31,340,248,1377,1548,120,7,0.0583,False,0.0559,False,True,0.4551
aspanformer,finger,THU-FVFDT_impostor_31,340,248,129,129,129,43,0.3333,False,0.3310,False,True,1.6379
deepdetect,finger,THU-FVFDT_impostor_31,340,248,70741,64252,90,16,0.1778,False,0.1778,False,True,2.3715
loftr,finger,THU-FVFDT_impostor_32,67,107,129,129,129,23,0.1783,False,0.1727,False,True,2.1295
orb-fingervein,finger,THU-FVFDT_impostor_32,67,107,4641,4628,91,0,,False,,False,True,
sift-fingervein,finger,THU-FVFDT_impostor_32,67,107,730,842,13,5,0.3846,False,0.3585,False,True,0.0000
superglue-fingervein,finger,THU-FVFDT_impostor_32,67,107,1199,1059,0,0,,False,,False,True,
sgmnet-fingervein,finger,THU-FVFDT_impostor_32,67,107,904,1051,120,8,0.0667,False,0.0645,False,True,0.5654
aspanformer,finger,THU-FVFDT_impostor_32,67,107,48,48,48,14,0.2917,False,0.2802,False,True,2.2007
deepdetect,finger,THU-FVFDT_impostor_32,67,107,54259,62384,71,13,0.1831,False,0.1831,False,True,1.4098
loftr,finger,THU-FVFDT_impostor_33,236,601,175,175,175,30,0.1714,False,0.1680,False,True,1.9008
orb-fingervein,finger,THU-FVFDT_impostor_33,236,601,4510,4751,66,9,0.1364,False,0.1303,False,True,1.9266
sift-fingervein,finger,THU-FVFDT_impostor_33,236,601,963,1621,7,0,,False,,False,True,
superglue-fingervein,finger,THU-FVFDT_impostor_33,236,601,915,610,0,0,,False,,False,True,
sgmnet-fingervein,finger,THU-FVFDT_impostor_33,236,601,1294,1756,77,8,0.1039,False,0.1006,False,True,0.3690
aspanformer,finger,THU-FVFDT_impostor_33,236,601,80,80,80,24,0.3000,False,0.2969,False,True,1.7022
deepdetect,finger,THU-FVFDT_impostor_33,236,601,60847,64453,118,30,0.2542,False,0.2542,False,True,2.1339
loftr,finger,THU-FVFDT_impostor_34,87,608,119,119,119,15,0.1261,False,0.1242,False,True,1.7221
orb-fingervein,finger,THU-FVFDT_impostor_34,87,608,4658,5000,61,8,0.1311,False,0.1270,False,True,1.3296
sift-fingervein,finger,THU-FVFDT_impostor_34,87,608,929,1280,8,0,,False,,False,True,
superglue-fingervein,finger,THU-FVFDT_impostor_34,87,608,1169,1297,0,0,,False,,False,True,
sgmnet-fingervein,finger,THU-FVFDT_impostor_34,87,608,1214,1339,80,7,0.0875,False,0.0838,False,True,0.6443
aspanformer,finger,THU-FVFDT_impostor_34,87,608,64,64,64,18,0.2812,False,0.2693,False,True,2.3412
deepdetect,finger,THU-FVFDT_impostor_34,87,608,51755,75419,80,12,0.1500,False,0.1500,False,True,2.2731
loftr,finger,THU-FVFDT_impostor_35,216,137,157,157,157,21,0.1338,False,0.1290,False,True,2.2218
orb-fingervein,finger,THU-FVFDT_impostor_35,216,137,5000,4985,40,0,,False,,False,True,
sift-fingervein,finger,THU-FVFDT_impostor_35,216,137,1173,984,11,0,,False,,False,True,
superglue-fingervein,finger,THU-FVFDT_impostor_35,216,137,1314,1165,7,6,0.8571,True,0.8110,False,False,1.4382
sgmnet-fingervein,finger,THU-FVFDT_impostor_35,216,137,1234,1130,82,7,0.0854,False,0.0818,False,True,1.0912
aspanformer,finger,THU-FVFDT_impostor_35,216,137,53,53,53,20,0.3774,False,0.3668,False,True,2.0526
deepdetect,finger,THU-FVFDT_impostor_35,216,137,43652,61570,84,16,0.1905,False,0.1905,False,True,1.7510
loftr,finger,THU-FVFDT_impostor_36,135,429,78,78,78,12,0.1538,False,0.1489,False,True,1.9619
orb-fingervein,finger,THU-FVFDT_impostor_36,135,429,4904,4854,52,8,0.1538,False,0.1490,False,True,1.1902
sift-fingervein,finger,THU-FVFDT_impostor_36,135,429,966,1615,21,0,,False,,False,True,
superglue-fingervein,finger,THU-FVFDT_impostor_36,135,429,1420,1246,0,0,,False,,False,True,
sgmnet-fingervein,finger,THU-FVFDT_impostor_36,135,429,1128,1620,49,6,0.1224,False,0.1159,False,True,0.6080
aspanformer,finger,THU-FVFDT_impostor_36,135,429,21,21,21,7,0.3333,False,0.3194,False,True,0.8625
deepdetect,finger,THU-FVFDT_impostor_36,135,429,35655,63865,35,9,0.2571,False,0.2571,False,True,3.1701
loftr,finger,THU-FVFDT_impostor_37,194,425,104,104,104,17,0.1635,False,0.1574,False,True,2.2157
orb-fingervein,finger,THU-FVFDT_impostor_37,194,425,4532,4714,77,0,,False,,False,True,
sift-fingervein,finger,THU-FVFDT_impostor_37,194,425,747,1399,13,6,0.4615,False,0.4367,False,True,0.0691
superglue-fingervein,finger,THU-FVFDT_impostor_37,194,425,994,1104,0,0,,False,,False,True,
sgmnet-fingervein,finger,THU-FVFDT_impostor_37,194,425,873,1540,66,7,0.1061,False,0.1016,False,True,0.8484
aspanformer,finger,THU-FVFDT_impostor_37,194,425,52,52,52,15,0.2885,False,0.2717,False,True,2.6220
deepdetect,finger,THU-FVFDT_impostor_37,194,425,55784,63950,83,21,0.2530,False,0.2530,False,True,2.1095
loftr,finger,THU-FVFDT_impostor_38,317,249,131,131,131,21,0.1603,False,0.1535,False,True,2.3594
orb-fingervein,finger,THU-FVFDT_impostor_38,317,249,3939,4288,65,0,,False,,False,True,
sift-fingervein,finger,THU-FVFDT_impostor_38,317,249,760,1073,10,4,0.4000,False,0.3666,False,True,0.0000
superglue-fingervein,finger,THU-FVFDT_impostor_38,317,249,577,555,0,0,,False,,False,True,
sgmnet-fingervein,finger,THU-FVFDT_impostor_38,317,249,1115,1535,67,7,0.1045,False,0.1001,False,True,0.4984
aspanformer,finger,THU-FVFDT_impostor_38,317,249,49,49,49,19,0.3878,False,0.3708,False,True,2.3725
deepdetect,finger,THU-FVFDT_impostor_38,317,249,56143,48533,98,0,,False,,False,True,
loftr,finger,THU-FVFDT_impostor_39,121,264,53,53,53,12,0.2264,False,0.2160,False,True,2.2532
orb-fingervein,finger,THU-FVFDT_impostor_39,121,264,4620,5000,33,8,0.2424,False,0.2347,False,True,0.9510
sift-fingervein,finger,THU-FVFDT_impostor_39,121,264,904,1557,6,4,0.6667,True,0.6110,False,False,0.0000
superglue-fingervein,finger,THU-FVFDT_impostor_39,121,264,1275,1159,0,0,,False,,False,True,
sgmnet-fingervein,finger,THU-FVFDT_impostor_39,121,264,1169,1512,159,12,0.0755,False,0.0748,False,True,1.0139
aspanformer,finger,THU-FVFDT_impostor_39,121,264,7,7,7,5,0.7143,True,0.6658,False,False,0.5742
deepdetect,finger,THU-FVFDT_impostor_39,121,264,27443,69553,30,10,0.3333,True,0.3333,False,False,1.3251
loftr,finger,THU-FVFDT_impostor_40,328,345,136,136,136,24,0.1765,False,0.1637,False,True,3.0013
orb-fingervein,finger,THU-FVFDT_impostor_40,328,345,4932,4022,53,8,0.1509,False,0.1461,False,True,0.9932
sift-fingervein,finger,THU-FVFDT_impostor_40,328,345,1179,994,15,0,,False,,False,True,
superglue-fingervein,finger,THU-FVFDT_impostor_40,328,345,927,538,0,0,,False,,False,True,
sgmnet-fingervein,finger,THU-FVFDT_impostor_40,328,345,1416,1525,125,9,0.0720,False,0.0703,False,True,0.9554
aspanformer,finger,THU-FVFDT_impostor_40,328,345,19,19,19,9,0.4737,True,0.4519,False,False,1.9600
deepdetect,finger,THU-FVFDT_impostor_40,328,345,65716,45579,103,21,0.2039,False,0.2039,False,True,1.9700
loftr,finger,THU-FVFDT_impostor_41,451,134,117,117,117,15,0.1282,False,0.1232,False,True,2.2313
orb-fingervein,finger,THU-FVFDT_impostor_41,451,134,4984,4106,59,0,,False,,False,True,
sift-fingervein,finger,THU-FVFDT_impostor_41,451,134,1802,771,18,0,,False,,False,True,
superglue-fingervein,finger,THU-FVFDT_impostor_41,451,134,1247,944,0,0,,False,,False,True,
sgmnet-fingervein,finger,THU-FVFDT_impostor_41,451,134,1860,1083,69,10,0.1449,False,0.1424,False,True,1.0050
aspanformer,finger,THU-FVFDT_impostor_41,451,134,31,31,31,12,0.3871,False,0.3784,False,True,1.7628
deepdetect,finger,THU-FVFDT_impostor_41,451,134,75455,43258,118,0,,False,,False,True,
loftr,finger,THU-FVFDT_impostor_42,283,523,152,152,152,31,0.2039,False,0.1973,False,True,2.1622
orb-fingervein,finger,THU-FVFDT_impostor_42,283,523,4933,3905,79,0,,False,,False,True,
sift-fingervein,finger,THU-FVFDT_impostor_42,283,523,1403,964,13,0,,False,,False,True,
superglue-fingervein,finger,THU-FVFDT_impostor_42,283,523,879,554,0,0,,False,,False,True,
sgmnet-fingervein,finger,THU-FVFDT_impostor_42,283,523,1429,1359,135,11,0.0815,False,0.0804,False,True,0.6774
aspanformer,finger,THU-FVFDT_impostor_42,283,523,64,64,64,16,0.2500,False,0.2494,False,True,1.1310
deepdetect,finger,THU-FVFDT_impostor_42,283,523,70399,59337,114,0,,False,,False,True,
loftr,finger,THU-FVFDT_impostor_43,309,304,146,146,146,29,0.1986,False,0.1948,False,True,1.8913
orb-fingervein,finger,THU-FVFDT_impostor_43,309,304,4978,4949,73,0,,False,,False,True,
sift-fingervein,finger,THU-FVFDT_impostor_43,309,304,1376,1240,22,0,,False,,False,True,
superglue-fingervein,finger,THU-FVFDT_impostor_43,309,304,1832,714,0,0,,False,,False,True,
sgmnet-fingervein,finger,THU-FVFDT_impostor_43,309,304,1367,1356,174,9,0.0517,False,0.0505,False,True,0.7848
aspanformer,finger,THU-FVFDT_impostor_43,309,304,7,7,7,5,0.7143,True,0.6658,False,False,0.4262
deepdetect,finger,THU-FVFDT_impostor_43,309,304,74761,65688,101,20,0.1980,False,0.1980,False,True,2.1386
loftr,finger,THU-FVFDT_impostor_44,467,401,137,137,137,18,0.1314,False,0.1278,False,True,2.0288
orb-fingervein,finger,THU-FVFDT_impostor_44,467,401,4377,5000,69,0,,False,,False,True,
sift-fingervein,finger,THU-FVFDT_impostor_44,467,401,1053,1584,16,0,,False,,False,True,
superglue-fingervein,finger,THU-FVFDT_impostor_44,467,401,757,1361,0,0,,False,,False,True,
sgmnet-fingervein,finger,THU-FVFDT_impostor_44,467,401,1226,1600,100,8,0.0800,False,0.0775,False,True,0.5143
aspanformer,finger,THU-FVFDT_impostor_44,467,401,57,57,57,16,0.2807,False,0.2708,False,True,2.1667
deepdetect,finger,THU-FVFDT_impostor_44,467,401,64887,73756,92,29,0.3152,True,0.3152,False,False,1.1300
loftr,finger,THU-FVFDT_impostor_45,356,422,143,143,143,28,0.1958,False,0.1899,False,True,2.1110
orb-fingervein,finger,THU-FVFDT_impostor_45,356,422,4957,4738,42,0,,False,,False,True,
sift-fingervein,finger,THU-FVFDT_impostor_45,356,422,1117,871,15,0,,False,,False,True,
superglue-fingervein,finger,THU-FVFDT_impostor_45,356,422,1080,930,0,0,,False,,False,True,
sgmnet-fingervein,finger,THU-FVFDT_impostor_45,356,422,1319,1032,93,9,0.0968,False,0.0945,False,True,0.9499
aspanformer,finger,THU-FVFDT_impostor_45,356,422,46,46,46,15,0.3261,False,0.3144,False,True,2.1572
deepdetect,finger,THU-FVFDT_impostor_45,356,422,61657,70548,84,16,0.1905,False,0.1905,False,True,1.3489
loftr,finger,THU-FVFDT_impostor_46,124,205,146,146,146,18,0.1233,False,0.1231,False,True,0.9801
orb-fingervein,finger,THU-FVFDT_impostor_46,124,205,3524,4621,50,0,,False,,False,True,
sift-fingervein,finger,THU-FVFDT_impostor_46,124,205,926,930,10,0,,False,,False,True,
superglue-fingervein,finger,THU-FVFDT_impostor_46,124,205,770,1044,2,0,,False,,False,True,
sgmnet-fingervein,finger,THU-FVFDT_impostor_46,124,205,1366,1113,123,10,0.0813,False,0.0799,False,True,1.2311
aspanformer,finger,THU-FVFDT_impostor_46,124,205,22,22,22,9,0.4091,False,0.3888,False,True,2.0372
deepdetect,finger,THU-FVFDT_impostor_46,124,205,49010,58151,67,12,0.1791,False,0.1791,False,True,1.6985
loftr,finger,THU-FVFDT_impostor_47,85,343,169,169,169,31,0.1834,False,0.1782,False,True,2.0837
orb-fingervein,finger,THU-FVFDT_impostor_47,85,343,4297,4428,50,0,,False,,False,True,
sift-fingervein,finger,THU-FVFDT_impostor_47,85,343,955,1081,11,4,0.3636,False,0.3333,False,True,0.0000
superglue-fingervein,finger,THU-FVFDT_impostor_47,85,343,1726,565,0,0,,False,,False,True,
sgmnet-fingervein,finger,THU-FVFDT_impostor_47,85,343,1271,1511,126,8,0.0635,False,0.0615,False,True,1.1134
aspanformer,finger,THU-FVFDT_impostor_47,85,343,20,20,20,8,0.4000,False,0.3873,False,True,1.4594
deepdetect,finger,THU-FVFDT_impostor_47,85,343,52709,50413,84,19,0.2262,False,0.2262,False,True,2.1459
loftr,finger,THU-FVFDT_impostor_48,5,417,114,114,114,14,0.1228,False,0.1180,False,True,2.2037
orb-fingervein,finger,THU-FVFDT_impostor_48,5,417,4423,5000,70,0,,False,,False,True,
sift-fingervein,finger,THU-FVFDT_impostor_48,5,417,903,1517,9,6,0.6667,True,0.6308,False,False,0.6402
superglue-fingervein,finger,THU-FVFDT_impostor_48,5,417,1104,1593,0,0,,False,,False,True,
sgmnet-fingervein,finger,THU-FVFDT_impostor_48,5,417,1082,1526,62,6,0.0968,False,0.0916,False,True,0.6614
aspanformer,finger,THU-FVFDT_impostor_48,5,417,26,26,26,0,,False,,False,True,
deepdetect,finger,THU-FVFDT_impostor_48,5,417,50336,78723,61,0,,False,,False,True,
loftr,finger,THU-FVFDT_impostor_49,570,205,95,95,95,15,0.1579,False,0.1499,False,True,2.4672
orb-fingervein,finger,THU-FVFDT_impostor_49,570,205,4936,4621,82,0,,False,,False,True,
sift-fingervein,finger,THU-FVFDT_impostor_49,570,205,1332,930,18,0,,False,,False,True,
superglue-fingervein,finger,THU-FVFDT_impostor_49,570,205,1501,1044,0,0,,False,,False,True,
sgmnet-fingervein,finger,THU-FVFDT_impostor_49,570,205,1421,1113,44,6,0.1364,False,0.1290,False,True,0.7553
aspanformer,finger,THU-FVFDT_impostor_49,570,205,15,15,15,8,0.5333,True,0.5034,False,False,2.0078
deepdetect,finger,THU-FVFDT_impostor_49,570,205,70267,58151,62,12,0.1935,False,0.1935,False,True,1.4310
loftr,finger,THU-FVFDT_impostor_50,333,14,113,113,113,14,0.1239,False,0.1191,False,True,2.1831
orb-fingervein,finger,THU-FVFDT_impostor_50,333,14,5000,4711,42,0,,False,,False,True,
sift-fingervein,finger,THU-FVFDT_impostor_50,333,14,1689,916,8,4,0.5000,True,0.4583,False,False,0.0000
superglue-fingervein,finger,THU-FVFDT_impostor_50,333,14,1340,1214,0,0,,False,,False,True,
sgmnet-fingervein,finger,THU-FVFDT_impostor_50,333,14,1678,1139,25,6,0.2400,True,0.2271,False,False,1.0488
aspanformer,finger,THU-FVFDT_impostor_50,333,14,64,64,64,17,0.2656,False,0.2620,False,True,1.7404
deepdetect,finger,THU-FVFDT_impostor_50,333,14,73289,50329,98,14,0.1429,False,0.1429,False,True,1.1719
loftr,finger,THU-FVFDT_impostor_51,579,596,171,171,171,24,0.1404,False,0.1331,False,True,2.5548
orb-fingervein,finger,THU-FVFDT_impostor_51,579,596,4951,4995,61,9,0.1475,False,0.1435,False,True,1.5710
sift-fingervein,finger,THU-FVFDT_impostor_51,579,596,1243,1588,14,0,,False,,False,True,
superglue-fingervein,finger,THU-FVFDT_impostor_51,579,596,1053,1267,2,0,,False,,False,True,
sgmnet-fingervein,finger,THU-FVFDT_impostor_51,579,596,1416,1605,80,7,0.0875,False,0.0838,False,True,0.9994
aspanformer,finger,THU-FVFDT_impostor_51,579,596,72,72,72,16,0.2222,False,0.2141,False,True,2.1940
deepdetect,finger,THU-FVFDT_impostor_51,579,596,68421,73293,100,0,,False,,False,True,
loftr,finger,THU-FVFDT_impostor_52,497,163,188,188,188,26,0.1383,False,0.1306,False,True,2.6410
orb-fingervein,finger,THU-FVFDT_impostor_52,497,163,4868,4846,64,0,,False,,False,True,
sift-fingervein,finger,THU-FVFDT_impostor_52,497,163,1322,923,21,0,,False,,False,True,
superglue-fingervein,finger,THU-FVFDT_impostor_52,497,163,898,1188,0,0,,False,,False,True,
sgmnet-fingervein,finger,THU-FVFDT_impostor_52,497,163,1384,1151,79,7,0.0886,False,0.0849,False,True,0.9179
aspanformer,finger,THU-FVFDT_impostor_52,497,163,130,130,130,36,0.2769,False,0.2662,False,True,2.2872
deepdetect,finger,THU-FVFDT_impostor_52,497,163,69335,59505,89,17,0.1910,False,0.1910,False,True,2.5385
loftr,finger,THU-FVFDT_impostor_53,213,376,88,88,88,14,0.1591,False,0.1560,False,True,1.7942
orb-fingervein,finger,THU-FVFDT_impostor_53,213,376,4225,4880,47,6,0.1277,False,0.1208,False,True,0.5614
sift-fingervein,finger,THU-FVFDT_impostor_53,213,376,797,1325,6,0,,False,,False,True,
superglue-fingervein,finger,THU-FVFDT_impostor_53,213,376,936,1291,0,0,,False,,False,True,
sgmnet-fingervein,finger,THU-FVFDT_impostor_53,213,376,1160,1391,90,7,0.0778,False,0.0745,False,True,0.8506
aspanformer,finger,THU-FVFDT_impostor_53,213,376,44,44,44,11,0.2500,False,0.2447,False,True,1.6673
deepdetect,finger,THU-FVFDT_impostor_53,213,376,36811,74636,49,12,0.2449,False,0.2449,False,True,1.6187
loftr,finger,THU-FVFDT_impostor_54,40,470,148,148,148,16,0.1081,False,0.1048,False,True,2.0642
orb-fingervein,finger,THU-FVFDT_impostor_54,40,470,4486,4983,66,0,,False,,False,True,
sift-fingervein,finger,THU-FVFDT_impostor_54,40,470,711,1792,4,0,,False,,False,True,
superglue-fingervein,finger,THU-FVFDT_impostor_54,40,470,1234,1107,1,0,,False,,False,True,
sgmnet-fingervein,finger,THU-FVFDT_impostor_54,40,470,875,1739,32,6,0.1875,False,0.1774,False,True,1.0695
aspanformer,finger,THU-FVFDT_impostor_54,40,470,35,35,35,13,0.3714,False,0.3610,False,True,1.9322
deepdetect,finger,THU-FVFDT_impostor_54,40,470,43464,63787,55,0,,False,,False,True,
loftr,finger,THU-FVFDT_impostor_55,276,487,134,134,134,25,0.1866,False,0.1824,False,True,1.9476
orb-fingervein,finger,THU-FVFDT_impostor_55,276,487,4919,3871,68,0,,False,,False,True,
sift-fingervein,finger,THU-FVFDT_impostor_55,276,487,1481,915,26,5,0.1923,False,0.1793,False,True,1.3631
superglue-fingervein,finger,THU-FVFDT_impostor_55,276,487,1273,652,0,0,,False,,False,True,
sgmnet-fingervein,finger,THU-FVFDT_impostor_55,276,487,1476,1385,103,8,0.0777,False,0.0752,False,True,0.4390
aspanformer,finger,THU-FVFDT_impostor_55,276,487,47,47,47,14,0.2979,False,0.2949,False,True,1.6029
deepdetect,finger,THU-FVFDT_impostor_55,276,487,73122,55085,156,21,0.1346,False,0.1346,False,True,2.3071
loftr,finger,THU-FVFDT_impostor_56,74,377,83,83,83,18,0.2169,False,0.2133,False,True,1.8012
orb-fingervein,finger,THU-FVFDT_impostor_56,74,377,4349,4537,69,0,,False,,False,True,
sift-fingervein,finger,THU-FVFDT_impostor_56,74,377,761,1933,6,0,,False,,False,True,
superglue-fingervein,finger,THU-FVFDT_impostor_56,74,377,1055,1126,0,0,,False,,False,True,
sgmnet-fingervein,finger,THU-FVFDT_impostor_56,74,377,1063,1940,32,6,0.1875,False,0.1774,False,True,0.8176
aspanformer,finger,THU-FVFDT_impostor_56,74,377,51,51,51,15,0.2941,False,0.2852,False,True,2.0446
deepdetect,finger,THU-FVFDT_impostor_56,74,377,38280,70053,60,0,,False,,False,True,
loftr,finger,THU-FVFDT_impostor_57,38,363,124,124,124,20,0.1613,False,0.1562,False,True,2.1212
orb-fingervein,finger,THU-FVFDT_impostor_57,38,363,4749,4996,91,9,0.0989,False,0.0965,False,True,0.4775
sift-fingervein,finger,THU-FVFDT_impostor_57,38,363,745,1134,12,0,,False,,False,True,
superglue-fingervein,finger,THU-FVFDT_impostor_57,38,363,1268,1387,7,6,0.8571,True,0.8110,False,False,1.0629
sgmnet-fingervein,finger,THU-FVFDT_impostor_57,38,363,840,1223,35,7,0.2000,False,0.1917,False,True,0.8049
aspanformer,finger,THU-FVFDT_impostor_57,38,363,47,47,47,16,0.3404,False,0.3395,False,True,1.4861
deepdetect,finger,THU-FVFDT_impostor_57,38,363,46646,64779,90,0,,False,,False,True,
loftr,finger,THU-FVFDT_impostor_58,84,396,156,156,156,31,0.1987,False,0.1935,False,True,2.0346
orb-fingervein,finger,THU-FVFDT_impostor_58,84,396,4294,4500,42,0,,False,,False,True,
sift-fingervein,finger,THU-FVFDT_impostor_58,84,396,932,1368,12,4,0.3333,False,0.3055,False,True,0.0000
superglue-fingervein,finger,THU-FVFDT_impostor_58,84,396,947,693,1,0,,False,,False,True,
sgmnet-fingervein,finger,THU-FVFDT_impostor_58,84,396,1304,1753,58,8,0.1379,False,0.1335,False,True,0.5331
aspanformer,finger,THU-FVFDT_impostor_58,84,396,25,25,25,8,0.3200,False,0.3008,False,True,2.0918
deepdetect,finger,THU-FVFDT_impostor_58,84,396,42207,53383,62,14,0.2258,False,0.2258,False,True,1.4993
loftr,finger,THU-FVFDT_impostor_59,506,296,142,142,142,21,0.1479,False,0.1455,False,True,1.8098
orb-fingervein,finger,THU-FVFDT_impostor_59,506,296,4370,5000,81,0,,False,,False,True,
sift-fingervein,finger,THU-FVFDT_impostor_59,506,296,879,1326,11,4,0.3636,False,0.3333,False,True,0.0000
superglue-fingervein,finger,THU-FVFDT_impostor_59,506,296,619,1004,1,0,,False,,False,True,
sgmnet-fingervein,finger,THU-FVFDT_impostor_59,506,296,1212,1435,153,9,0.0588,False,0.0574,False,True,0.9015
aspanformer,finger,THU-FVFDT_impostor_59,506,296,64,64,64,18,0.2812,False,0.2744,False,True,1.9643
deepdetect,finger,THU-FVFDT_impostor_59,506,296,54133,64184,96,0,,False,,False,True,
loftr,finger,THU-FVFDT_impostor_60,177,360,105,105,105,21,0.2000,False,0.1934,False,True,2.1594
orb-fingervein,finger,THU-FVFDT_impostor_60,177,360,4766,4925,59,0,,False,,False,True,
sift-fingervein,finger,THU-FVFDT_impostor_60,177,360,823,1068,10,0,,False,,False,True,
superglue-fingervein,finger,THU-FVFDT_impostor_60,177,360,1032,1052,1,0,,False,,False,True,
sgmnet-fingervein,finger,THU-FVFDT_impostor_60,177,360,1038,1169,121,12,0.0992,False,0.0982,False,True,1.1645
aspanformer,finger,THU-FVFDT_impostor_60,177,360,45,45,45,14,0.3111,False,0.3042,False,True,1.8466
deepdetect,finger,THU-FVFDT_impostor_60,177,360,44770,56442,71,16,0.2254,False,0.2254,False,True,2.0511
loftr,finger,THU-FVFDT_impostor_61,315,385,150,150,150,29,0.1933,False,0.1933,False,True,1.4487
orb-fingervein,finger,THU-FVFDT_impostor_61,315,385,4563,3618,68,0,,False,,False,True,
sift-fingervein,finger,THU-FVFDT_impostor_61,315,385,1322,837,13,5,0.3846,False,0.3585,False,True,0.9080
superglue-fingervein,finger,THU-FVFDT_impostor_61,315,385,919,942,2,0,,False,,False,True,
sgmnet-fingervein,finger,THU-FVFDT_impostor_61,315,385,1563,1527,107,8,0.0748,False,0.0724,False,True,0.8893
aspanformer,finger,THU-FVFDT_impostor_61,315,385,64,64,64,25,0.3906,False,0.3810,False,True,1.9940
deepdetect,finger,THU-FVFDT_impostor_61,315,385,49582,34372,55,0,,False,,False,True,
loftr,finger,THU-FVFDT_impostor_62,234,121,65,65,65,10,0.1538,False,0.1470,False,True,2.0513
orb-fingervein,finger,THU-FVFDT_impostor_62,234,121,4880,4419,41,0,,False,,False,True,
sift-fingervein,finger,THU-FVFDT_impostor_62,234,121,1274,905,12,4,0.3333,False,0.3055,False,True,0.0000
superglue-fingervein,finger,THU-FVFDT_impostor_62,234,121,863,1178,0,0,,False,,False,True,
sgmnet-fingervein,finger,THU-FVFDT_impostor_62,234,121,1424,1187,57,7,0.1228,False,0.1177,False,True,0.9975
aspanformer,finger,THU-FVFDT_impostor_62,234,121,17,17,17,8,0.4706,True,0.4470,False,False,1.8839
deepdetect,finger,THU-FVFDT_impostor_62,234,121,60393,32365,92,0,,False,,False,True,
loftr,finger,THU-FVFDT_impostor_63,537,166,112,112,112,16,0.1429,False,0.1420,False,True,1.5728
orb-fingervein,finger,THU-FVFDT_impostor_63,537,166,4937,4930,95,0,,False,,False,True,
sift-fingervein,finger,THU-FVFDT_impostor_63,537,166,1566,872,16,0,,False,,False,True,
superglue-fingervein,finger,THU-FVFDT_impostor_63,537,166,1456,1084,0,0,,False,,False,True,
sgmnet-fingervein,finger,THU-FVFDT_impostor_63,537,166,1380,1025,77,0,,False,,False,True,
aspanformer,finger,THU-FVFDT_impostor_63,537,166,62,62,62,20,0.3226,False,0.3087,False,True,2.3667
deepdetect,finger,THU-FVFDT_impostor_63,537,166,82634,47965,115,20,0.1739,False,0.1739,False,True,2.5377
loftr,finger,THU-FVFDT_impostor_64,80,279,144,144,144,21,0.1458,False,0.1429,False,True,1.8959
orb-fingervein,finger,THU-FVFDT_impostor_64,80,279,4662,5000,49,0,,False,,False,True,
sift-fingervein,finger,THU-FVFDT_impostor_64,80,279,818,1364,12,0,,False,,False,True,
superglue-fingervein,finger,THU-FVFDT_impostor_64,80,279,1058,1165,0,0,,False,,False,True,
sgmnet-fingervein,finger,THU-FVFDT_impostor_64,80,279,1137,1351,104,9,0.0865,False,0.0845,False,True,1.0827
aspanformer,finger,THU-FVFDT_impostor_64,80,279,72,72,72,27,0.3750,False,0.3737,False,True,1.5704
deepdetect,finger,THU-FVFDT_impostor_64,80,279,43847,75522,49,10,0.2041,False,0.2041,False,True,1.6033
loftr,finger,THU-FVFDT_impostor_65,468,323,206,206,206,28,0.1359,False,0.1317,False,True,2.1249
orb-fingervein,finger,THU-FVFDT_impostor_65,468,323,5000,5000,43,0,,False,,False,True,
sift-fingervein,finger,THU-FVFDT_impostor_65,468,323,2005,1404,19,4,0.2105,False,0.1930,False,True,0.0000
superglue-fingervein,finger,THU-FVFDT_impostor_65,468,323,1116,1013,4,4,1.0000,True,0.9165,False,False,0.0000
sgmnet-fingervein,finger,THU-FVFDT_impostor_65,468,323,1844,1503,147,11,0.0748,False,0.0739,False,True,1.0983
aspanformer,finger,THU-FVFDT_impostor_65,468,323,120,120,120,27,0.2250,False,0.2182,False,True,2.1091
deepdetect,finger,THU-FVFDT_impostor_65,468,323,71978,70751,108,16,0.1481,False,0.1481,False,True,2.2835
loftr,finger,THU-FVFDT_impostor_66,198,491,69,69,69,17,0.2464,False,0.2371,False,True,2.2310
orb-fingervein,finger,THU-FVFDT_impostor_66,198,491,4203,3842,50,0,,False,,False,True,
sift-fingervein,finger,THU-FVFDT_impostor_66,198,491,721,983,7,4,0.5714,True,0.5237,False,False,0.0000
superglue-fingervein,finger,THU-FVFDT_impostor_66,198,491,1027,966,0,0,,False,,False,True,
sgmnet-fingervein,finger,THU-FVFDT_impostor_66,198,491,1116,1413,62,7,0.1129,False,0.1082,False,True,0.6495
aspanformer,finger,THU-FVFDT_impostor_66,198,491,20,20,20,7,0.3500,False,0.3354,False,True,1.3953
deepdetect,finger,THU-FVFDT_impostor_66,198,491,38868,58168,48,0,,False,,False,True,
loftr,finger,THU-FVFDT_impostor_67,577,527,123,123,123,14,0.1138,False,0.1107,False,True,1.9601
orb-fingervein,finger,THU-FVFDT_impostor_67,577,527,4957,4854,107,9,0.0841,False,0.0821,False,True,1.2211
sift-fingervein,finger,THU-FVFDT_impostor_67,577,527,1254,1130,22,0,,False,,False,True,
superglue-fingervein,finger,THU-FVFDT_impostor_67,577,527,1575,998,0,0,,False,,False,True,
sgmnet-fingervein,finger,THU-FVFDT_impostor_67,577,527,1288,1260,77,8,0.1039,False,0.1006,False,True,0.7351
aspanformer,finger,THU-FVFDT_impostor_67,577,527,69,69,69,20,0.2899,False,0.2838,False,True,1.9113
deepdetect,finger,THU-FVFDT_impostor_67,577,527,77528,73774,144,17,0.1181,False,0.1181,False,True,2.2466
loftr,finger,THU-FVFDT_impostor_68,210,52,159,159,159,28,0.1761,False,0.1686,False,True,2.3676
orb-fingervein,finger,THU-FVFDT_impostor_68,210,52,3843,4388,50,0,,False,,False,True,
sift-fingervein,finger,THU-FVFDT_impostor_68,210,52,916,816,7,0,,False,,False,True,
superglue-fingervein,finger,THU-FVFDT_impostor_68,210,52,866,982,31,7,0.2258,True,0.2129,False,False,1.8267
sgmnet-fingervein,finger,THU-FVFDT_impostor_68,210,52,1376,1123,196,10,0.0510,False,0.0501,False,True,1.0071
aspanformer,finger,THU-FVFDT_impostor_68,210,52,55,55,55,21,0.3818,False,0.3816,False,True,1.1585
deepdetect,finger,THU-FVFDT_impostor_68,210,52,42585,43361,104,0,,False,,False,True,
loftr,finger,THU-FVFDT_impostor_69,589,65,135,135,135,22,0.1630,False,0.1587,False,True,2.0278
orb-fingervein,finger,THU-FVFDT_impostor_69,589,65,4841,4006,69,0,,False,,False,True,
sift-fingervein,finger,THU-FVFDT_impostor_69,589,65,1184,622,19,5,0.2632,False,0.2453,False,True,0.4514
superglue-fingervein,finger,THU-FVFDT_impostor_69,589,65,872,964,0,0,,False,,False,True,
sgmnet-fingervein,finger,THU-FVFDT_impostor_69,589,65,1428,908,59,9,0.1525,False,0.1489,False,True,1.0430
aspanformer,finger,THU-FVFDT_impostor_69,589,65,40,40,40,17,0.4250,True,0.4218,False,False,1.6130
deepdetect,finger,THU-FVFDT_impostor_69,589,65,63525,47043,95,27,0.2842,False,0.2842,False,True,1.3488
loftr,finger,THU-FVFDT_impostor_70,564,492,103,103,103,19,0.1845,False,0.1834,False,True,1.5952
orb-fingervein,finger,THU-FVFDT_impostor_70,564,492,4962,3908,79,7,0.0886,False,0.0849,False,True,0.8596
sift-fingervein,finger,THU-FVFDT_impostor_70,564,492,1285,1263,16,0,,False,,False,True,
superglue-fingervein,finger,THU-FVFDT_impostor_70,564,492,1067,1219,38,15,0.3947,True,0.3708,False,False,2.6798
sgmnet-fingervein,finger,THU-FVFDT_impostor_70,564,492,1414,1609,109,9,0.0826,False,0.0806,False,True,0.5467
aspanformer,finger,THU-FVFDT_impostor_70,564,492,30,30,30,14,0.4667,True,0.4643,False,False,1.3071
deepdetect,finger,THU-FVFDT_impostor_70,564,492,62937,58460,106,17,0.1604,False,0.1604,False,True,1.2739
loftr,finger,THU-FVFDT_impostor_71,537,513,90,90,90,14,0.1556,False,0.1520,False,True,1.8670
orb-fingervein,finger,THU-FVFDT_impostor_71,537,513,4937,4962,67,0,,False,,False,True,
sift-fingervein,finger,THU-FVFDT_impostor_71,537,513,1566,1417,12,4,0.3333,False,0.3055,False,True,0.0000
superglue-fingervein,finger,THU-FVFDT_impostor_71,537,513,1456,1568,0,0,,False,,False,True,
sgmnet-fingervein,finger,THU-FVFDT_impostor_71,537,513,1380,1463,121,10,0.0826,False,0.0812,False,True,1.0882
aspanformer,finger,THU-FVFDT_impostor_71,537,513,29,29,29,15,0.5172,True,0.5154,False,False,1.4933
deepdetect,finger,THU-FVFDT_impostor_71,537,513,82634,74283,105,0,,False,,False,True,
loftr,finger,THU-FVFDT_impostor_72,354,58,159,159,159,23,0.1447,False,0.1397,False,True,2.1907
orb-fingervein,finger,THU-FVFDT_impostor_72,354,58,4864,4975,55,0,,False,,False,True,
sift-fingervein,finger,THU-FVFDT_impostor_72,354,58,1738,999,16,0,,False,,False,True,
superglue-fingervein,finger,THU-FVFDT_impostor_72,354,58,882,1181,3,0,,False,,False,True,
sgmnet-fingervein,finger,THU-FVFDT_impostor_72,354,58,1856,1206,60,10,0.1667,False,0.1637,False,True,0.9628
aspanformer,finger,THU-FVFDT_impostor_72,354,58,48,48,48,15,0.3125,False,0.2991,False,True,2.3016
deepdetect,finger,THU-FVFDT_impostor_72,354,58,61426,60930,74,11,0.1486,False,0.1486,False,True,1.0090
loftr,finger,THU-FVFDT_impostor_73,352,504,92,92,92,15,0.1630,False,0.1612,False,True,1.6569
orb-fingervein,finger,THU-FVFDT_impostor_73,352,504,4703,4910,88,0,,False,,False,True,
sift-fingervein,finger,THU-FVFDT_impostor_73,352,504,1089,1023,10,0,,False,,False,True,
superglue-fingervein,finger,THU-FVFDT_impostor_73,352,504,875,1425,0,0,,False,,False,True,
sgmnet-fingervein,finger,THU-FVFDT_impostor_73,352,504,1339,1146,75,10,0.1333,False,0.1310,False,True,1.0260
aspanformer,finger,THU-FVFDT_impostor_73,352,504,45,45,45,14,0.3111,False,0.3016,False,True,2.0221
deepdetect,finger,THU-FVFDT_impostor_73,352,504,67202,65197,80,17,0.2125,False,0.2125,False,True,2.2633
loftr,finger,THU-FVFDT_impostor_74,315,35,117,117,117,19,0.1624,False,0.1565,False,True,2.2153
orb-fingervein,finger,THU-FVFDT_impostor_74,315,35,4749,3835,84,13,0.1548,False,0.1512,False,True,1.8313
sift-fingervein,finger,THU-FVFDT_impostor_74,315,35,1276,695,16,0,,False,,False,True,
superglue-fingervein,finger,THU-FVFDT_impostor_74,315,35,984,988,0,0,,False,,False,True,
sgmnet-fingervein,finger,THU-FVFDT_impostor_74,315,35,1471,1122,30,6,0.2000,False,0.1892,False,True,0.9321
aspanformer,finger,THU-FVFDT_impostor_74,315,35,29,29,29,13,0.4483,True,0.4413,False,False,1.6772
deepdetect,finger,THU-FVFDT_impostor_74,315,35,55205,39978,78,0,,False,,False,True,
loftr,finger,THU-FVFDT_impostor_75,598,173,102,102,102,16,0.1569,False,0.1547,False,True,1.7200
orb-fingervein,finger,THU-FVFDT_impostor_75,598,173,5000,4818,41,0,,False,,False,True,
sift-fingervein,finger,THU-FVFDT_impostor_75,598,173,1674,842,21,0,,False,,False,True,
superglue-fingervein,finger,THU-FVFDT_impostor_75,598,173,937,1126,150,28,0.1867,True,0.1743,False,False,2.8686
sgmnet-fingervein,finger,THU-FVFDT_impostor_75,598,173,1668,1096,40,7,0.1750,False,0.1677,False,True,0.8506
aspanformer,finger,THU-FVFDT_impostor_75,598,173,66,66,66,20,0.3030,False,0.3011,False,True,1.6156
deepdetect,finger,THU-FVFDT_impostor_75,598,173,74010,52351,117,19,0.1624,False,0.1624,False,True,1.5056
loftr,finger,THU-FVFDT_impostor_76,311,452,107,107,107,20,0.1869,False,0.1832,False,True,1.8846
orb-fingervein,finger,THU-FVFDT_impostor_76,311,452,4928,5000,60,0,,False,,False,True,
sift-fingervein,finger,THU-FVFDT_impostor_76,311,452,1769,1536,28,0,,False,,False,True,
superglue-fingervein,finger,THU-FVFDT_impostor_76,311,452,914,1412,47,13,0.2766,True,0.2677,False,False,2.0182
sgmnet-fingervein,finger,THU-FVFDT_impostor_76,311,452,1619,1561,142,8,0.0563,False,0.0545,False,True,1.2276
aspanformer,finger,THU-FVFDT_impostor_76,311,452,79,79,79,26,0.3291,False,0.3218,False,True,1.9506
deepdetect,finger,THU-FVFDT_impostor_76,311,452,71227,70108,61,13,0.2131,False,0.2131,False,True,2.6195
loftr,finger,THU-FVFDT_impostor_77,158,481,161,161,161,26,0.1615,False,0.1568,False,True,2.0918
orb-fingervein,finger,THU-FVFDT_impostor_77,158,481,4969,4933,66,0,,False,,False,True,
sift-fingervein,finger,THU-FVFDT_impostor_77,158,481,952,1483,9,0,,False,,False,True,
superglue-fingervein,finger,THU-FVFDT_impostor_77,158,481,1134,876,5,4,0.8000,True,0.7332,False,False,0.0000
sgmnet-fingervein,finger,THU-FVFDT_impostor_77,158,481,1139,1579,79,7,0.0886,False,0.0849,False,True,0.5410
aspanformer,finger,THU-FVFDT_impostor_77,158,481,74,74,74,25,0.3378,False,0.3361,False,True,1.6002
deepdetect,finger,THU-FVFDT_impostor_77,158,481,60718,68666,93,14,0.1505,False,0.1505,False,True,1.8520
loftr,finger,THU-FVFDT_impostor_78,6,529,142,142,142,27,0.1901,False,0.1854,False,True,2.0078
orb-fingervein,finger,THU-FVFDT_impostor_78,6,529,4573,4860,87,0,,False,,False,True,
sift-fingervein,finger,THU-FVFDT_impostor_78,6,529,826,1190,10,0,,False,,False,True,
superglue-fingervein,finger,THU-FVFDT_impostor_78,6,529,1298,960,0,0,,False,,False,True,
sgmnet-fingervein,finger,THU-FVFDT_impostor_78,6,529,1010,1252,98,7,0.0714,False,0.0684,False,True,0.7678
aspanformer,finger,THU-FVFDT_impostor_78,6,529,79,79,79,16,0.2025,False,0.1964,False,True,2.0667
deepdetect,finger,THU-FVFDT_impostor_78,6,529,49197,60312,72,13,0.1806,False,0.1806,False,True,2.3197
loftr,finger,THU-FVFDT_impostor_79,29,487,120,120,120,18,0.1500,False,0.1420,False,True,2.5654
orb-fingervein,finger,THU-FVFDT_impostor_79,29,487,4773,3871,60,9,0.1500,False,0.1464,False,True,0.6665
sift-fingervein,finger,THU-FVFDT_impostor_79,29,487,933,915,10,0,,False,,False,True,
superglue-fingervein,finger,THU-FVFDT_impostor_79,29,487,1071,652,0,0,,False,,False,True,
sgmnet-fingervein,finger,THU-FVFDT_impostor_79,29,487,1179,1385,177,8,0.0452,False,0.0438,False,True,0.6287
aspanformer,finger,THU-FVFDT_impostor_79,29,487,28,28,28,8,0.2857,False,0.2721,False,True,1.8294
deepdetect,finger,THU-FVFDT_impostor_79,29,487,41495,55085,90,23,0.2556,False,0.2556,False,True,1.6987
loftr,finger,THU-FVFDT_impostor_80,80,45,129,129,129,25,0.1938,False,0.1868,False,True,2.2313
orb-fingervein,finger,THU-FVFDT_impostor_80,80,45,4662,4282,65,0,,False,,False,True,
sift-fingervein,finger,THU-FVFDT_impostor_80,80,45,818,774,12,5,0.4167,False,0.3884,False,True,0.0406
superglue-fingervein,finger,THU-FVFDT_impostor_80,80,45,1058,989,50,11,0.2200,True,0.2131,False,False,1.8712
sgmnet-fingervein,finger,THU-FVFDT_impostor_80,80,45,1137,1043,73,7,0.0959,False,0.0919,False,True,0.6480
aspanformer,finger,THU-FVFDT_impostor_80,80,45,60,60,60,24,0.4000,False,0.3999,False,True,1.4646
deepdetect,finger,THU-FVFDT_impostor_80,80,45,43847,52119,85,0,,False,,False,True,
loftr,finger,THU-FVFDT_impostor_81,423,374,83,83,83,14,0.1687,False,0.1673,False,True,1.5609
orb-fingervein,finger,THU-FVFDT_impostor_81,423,374,4790,4436,75,9,0.1200,False,0.0455,False,True,20.4020
sift-fingervein,finger,THU-FVFDT_impostor_81,423,374,1067,1315,11,0,,False,,False,True,
superglue-fingervein,finger,THU-FVFDT_impostor_81,423,374,865,914,0,0,,False,,False,True,
sgmnet-fingervein,finger,THU-FVFDT_impostor_81,423,374,1347,1475,129,12,0.0930,False,0.0921,False,True,1.2026
aspanformer,finger,THU-FVFDT_impostor_81,423,374,60,60,60,17,0.2833,False,0.2715,False,True,2.3194
deepdetect,finger,THU-FVFDT_impostor_81,423,374,62954,68590,89,13,0.1461,False,0.1461,False,True,2.1370
loftr,finger,THU-FVFDT_impostor_82,596,602,125,125,125,22,0.1760,False,0.1757,False,True,1.5294
orb-fingervein,finger,THU-FVFDT_impostor_82,596,602,4844,5000,57,9,0.1579,False,0.1541,False,True,0.7367
sift-fingervein,finger,THU-FVFDT_impostor_82,596,602,1217,1729,9,0,,False,,False,True,
superglue-fingervein,finger,THU-FVFDT_impostor_82,596,602,951,764,1,0,,False,,False,True,
sgmnet-fingervein,finger,THU-FVFDT_impostor_82,596,602,1374,1737,58,0,,False,,False,True,
aspanformer,finger,THU-FVFDT_impostor_82,596,602,49,49,49,0,,False,,False,True,
deepdetect,finger,THU-FVFDT_impostor_82,596,602,67453,57065,112,21,0.1875,False,0.1875,False,True,2.6023
loftr,finger,THU-FVFDT_impostor_83,300,350,198,198,198,21,0.1061,False,0.1017,False,True,2.3271
orb-fingervein,finger,THU-FVFDT_impostor_83,300,350,4623,5000,22,0,,False,,False,True,
sift-fingervein,finger,THU-FVFDT_impostor_83,300,350,1331,2101,10,4,0.4000,False,0.3666,False,True,0.0000
superglue-fingervein,finger,THU-FVFDT_impostor_83,300,350,498,1230,6,4,0.6667,True,0.6110,False,False,0.0000
sgmnet-fingervein,finger,THU-FVFDT_impostor_83,300,350,1744,1993,142,8,0.0563,False,0.0545,False,True,0.3928
aspanformer,finger,THU-FVFDT_impostor_83,300,350,70,70,70,16,0.2286,False,0.2232,False,True,1.9249
deepdetect,finger,THU-FVFDT_impostor_83,300,350,49224,79375,43,10,0.2326,False,0.2326,False,True,2.2265
loftr,finger,THU-FVFDT_impostor_84,125,458,137,137,137,18,0.1314,False,0.1271,False,True,2.1375
orb-fingervein,finger,THU-FVFDT_impostor_84,125,458,4349,5000,48,0,,False,,False,True,
sift-fingervein,finger,THU-FVFDT_impostor_84,125,458,850,1696,11,4,0.3636,False,0.3333,False,True,0.0000
superglue-fingervein,finger,THU-FVFDT_impostor_84,125,458,930,1071,0,0,,False,,False,True,
sgmnet-fingervein,finger,THU-FVFDT_impostor_84,125,458,1158,1723,85,7,0.0824,False,0.0789,False,True,0.8620
aspanformer,finger,THU-FVFDT_impostor_84,125,458,69,69,69,28,0.4058,True,0.4001,False,False,1.7804
deepdetect,finger,THU-FVFDT_impostor_84,125,458,51498,72350,64,0,,False,,False,True,
loftr,finger,THU-FVFDT_impostor_85,251,53,191,191,191,35,0.1832,False,0.1786,False,True,2.0104
orb-fingervein,finger,THU-FVFDT_impostor_85,251,53,4844,4638,72,0,,False,,False,True,
sift-fingervein,finger,THU-FVFDT_impostor_85,251,53,1487,698,13,4,0.3077,False,0.2820,False,True,0.0000
superglue-fingervein,finger,THU-FVFDT_impostor_85,251,53,669,1162,0,0,,False,,False,True,
sgmnet-fingervein,finger,THU-FVFDT_impostor_85,251,53,1600,815,37,7,0.1892,False,0.1813,False,True,0.6575
aspanformer,finger,THU-FVFDT_impostor_85,251,53,27,27,27,11,0.4074,False,0.3972,False,True,1.7437
deepdetect,finger,THU-FVFDT_impostor_85,251,53,52896,66926,74,0,,False,,False,True,
loftr,finger,THU-FVFDT_impostor_86,462,96,87,87,87,12,0.1379,False,0.1349,False,True,1.7548
orb-fingervein,finger,THU-FVFDT_impostor_86,462,96,4828,4454,80,0,,False,,False,True,
sift-fingervein,finger,THU-FVFDT_impostor_86,462,96,1222,930,14,0,,False,,False,True,
superglue-fingervein,finger,THU-FVFDT_impostor_86,462,96,1390,993,0,0,,False,,False,True,
sgmnet-fingervein,finger,THU-FVFDT_impostor_86,462,96,1475,1267,58,6,0.1034,False,0.0979,False,True,0.6752
aspanformer,finger,THU-FVFDT_impostor_86,462,96,8,8,8,7,0.8750,True,0.8385,False,False,0.9694
deepdetect,finger,THU-FVFDT_impostor_86,462,96,70568,36284,91,16,0.1758,False,0.1758,False,True,2.8194
loftr,finger,THU-FVFDT_impostor_87,494,223,150,150,150,20,0.1333,False,0.1328,False,True,1.5594
orb-fingervein,finger,THU-FVFDT_impostor_87,494,223,5000,4842,44,7,0.1591,False,0.1525,False,True,1.3260
sift-fingervein,finger,THU-FVFDT_impostor_87,494,223,1699,1437,14,5,0.3571,False,0.3329,False,True,0.4226
superglue-fingervein,finger,THU-FVFDT_impostor_87,494,223,1262,809,9,0,,False,,False,True,
sgmnet-fingervein,finger,THU-FVFDT_impostor_87,494,223,1639,1607,124,7,0.0565,False,0.0541,False,True,0.9940
aspanformer,finger,THU-FVFDT_impostor_87,494,223,118,118,118,30,0.2542,False,0.2445,False,True,2.2778
deepdetect,finger,THU-FVFDT_impostor_87,494,223,67129,51688,103,15,0.1456,False,0.1456,False,True,1.3861
loftr,finger,THU-FVFDT_impostor_88,145,339,104,104,104,13,0.1250,False,0.1241,False,True,1.5025
orb-fingervein,finger,THU-FVFDT_impostor_88,145,339,4973,4996,48,0,,False,,False,True,
sift-fingervein,finger,THU-FVFDT_impostor_88,145,339,1062,1544,15,4,0.2667,False,0.2444,False,True,0.0000
superglue-fingervein,finger,THU-FVFDT_impostor_88,145,339,1245,1252,8,6,0.7500,True,0.7097,False,False,1.3412
sgmnet-fingervein,finger,THU-FVFDT_impostor_88,145,339,1304,1503,137,8,0.0584,False,0.0565,False,True,0.9682
aspanformer,finger,THU-FVFDT_impostor_88,145,339,36,36,36,15,0.4167,True,0.4075,False,False,1.8723
deepdetect,finger,THU-FVFDT_impostor_88,145,339,41234,78942,42,10,0.2381,False,0.2381,False,True,2.8197
loftr,finger,THU-FVFDT_impostor_89,294,518,206,206,206,35,0.1699,False,0.1656,False,True,2.0073
orb-fingervein,finger,THU-FVFDT_impostor_89,294,518,4678,4950,72,0,,False,,False,True,
sift-fingervein,finger,THU-FVFDT_impostor_89,294,518,1159,1545,9,4,0.4444,False,0.4073,False,True,0.0000
superglue-fingervein,finger,THU-FVFDT_impostor_89,294,518,618,1050,0,0,,False,,False,True,
sgmnet-fingervein,finger,THU-FVFDT_impostor_89,294,518,1457,1569,97,8,0.0825,False,0.0799,False,True,0.6592
aspanformer,finger,THU-FVFDT_impostor_89,294,518,70,70,70,17,0.2429,False,0.2403,False,True,1.6718
deepdetect,finger,THU-FVFDT_impostor_89,294,518,56735,67888,79,16,0.2025,False,0.2025,False,True,1.6057
loftr,finger,THU-FVFDT_impostor_90,449,355,189,189,189,25,0.1323,False,0.1239,False,True,2.8022
orb-fingervein,finger,THU-FVFDT_impostor_90,449,355,4918,3975,44,0,,False,,False,True,
sift-fingervein,finger,THU-FVFDT_impostor_90,449,355,1666,946,10,0,,False,,False,True,
superglue-fingervein,finger,THU-FVFDT_impostor_90,449,355,686,539,49,11,0.2245,True,0.2119,False,False,2.3936
sgmnet-fingervein,finger,THU-FVFDT_impostor_90,449,355,1809,1504,59,6,0.1017,False,0.0962,False,True,0.1798
aspanformer,finger,THU-FVFDT_impostor_90,449,355,42,42,42,12,0.2857,False,0.2799,False,True,1.7237
deepdetect,finger,THU-FVFDT_impostor_90,449,355,64470,47212,158,0,,False,,False,True,
loftr,finger,THU-FVFDT_impostor_91,174,532,127,127,127,20,0.1575,False,0.1547,False,True,1.8392
orb-fingervein,finger,THU-FVFDT_impostor_91,174,532,4926,4374,50,0,,False,,False,True,
sift-fingervein,finger,THU-FVFDT_impostor_91,174,532,951,1005,7,0,,False,,False,True,
superglue-fingervein,finger,THU-FVFDT_impostor_91,174,532,1164,931,0,0,,False,,False,True,
sgmnet-fingervein,finger,THU-FVFDT_impostor_91,174,532,1134,1337,39,0,,False,,False,True,
aspanformer,finger,THU-FVFDT_impostor_91,174,532,17,17,17,9,0.5294,True,0.5133,False,False,1.6341
deepdetect,finger,THU-FVFDT_impostor_91,174,532,56408,62855,71,12,0.1690,False,0.1690,False,True,1.8202
loftr,finger,THU-FVFDT_impostor_92,421,305,147,147,147,24,0.1633,False,0.1573,False,True,2.2410
orb-fingervein,finger,THU-FVFDT_impostor_92,421,305,3357,5000,49,0,,False,,False,True,
sift-fingervein,finger,THU-FVFDT_impostor_92,421,305,906,1703,10,5,0.5000,True,0.4661,False,False,0.7534
superglue-fingervein,finger,THU-FVFDT_impostor_92,421,305,662,1364,1,0,,False,,False,True,
sgmnet-fingervein,finger,THU-FVFDT_impostor_92,421,305,1452,1751,109,8,0.0734,False,0.0711,False,True,1.1179
aspanformer,finger,THU-FVFDT_impostor_92,421,305,31,31,31,13,0.4194,False,0.3976,False,True,2.4290
deepdetect,finger,THU-FVFDT_impostor_92,421,305,52997,74855,81,11,0.1358,False,0.1358,False,True,1.8898
loftr,finger,THU-FVFDT_impostor_93,127,327,135,135,135,19,0.1407,False,0.1359,False,True,2.1862
orb-fingervein,finger,THU-FVFDT_impostor_93,127,327,3888,4759,38,0,,False,,False,True,
sift-fingervein,finger,THU-FVFDT_impostor_93,127,327,708,914,7,0,,False,,False,True,
superglue-fingervein,finger,THU-FVFDT_impostor_93,127,327,726,966,0,0,,False,,False,True,
sgmnet-fingervein,finger,THU-FVFDT_impostor_93,127,327,1127,1128,71,7,0.0986,False,0.0945,False,True,0.5693
aspanformer,finger,THU-FVFDT_impostor_93,127,327,13,13,13,7,0.5385,True,0.5127,False,False,1.6299
deepdetect,finger,THU-FVFDT_impostor_93,127,327,49680,70050,51,12,0.2353,False,0.2353,False,True,1.8662
loftr,finger,THU-FVFDT_impostor_94,24,319,82,82,82,12,0.1463,False,0.1419,False,True,1.9262
orb-fingervein,finger,THU-FVFDT_impostor_94,24,319,4169,4967,72,0,,False,,False,True,
sift-fingervein,finger,THU-FVFDT_impostor_94,24,319,712,1593,21,0,,False,,False,True,
superglue-fingervein,finger,THU-FVFDT_impostor_94,24,319,1044,914,1,0,,False,,False,True,
sgmnet-fingervein,finger,THU-FVFDT_impostor_94,24,319,995,1743,36,6,0.1667,False,0.1577,False,True,0.5691
aspanformer,finger,THU-FVFDT_impostor_94,24,319,28,28,28,9,0.3214,False,0.3138,False,True,1.4097
deepdetect,finger,THU-FVFDT_impostor_94,24,319,42867,53580,66,0,,False,,False,True,
loftr,finger,THU-FVFDT_impostor_95,204,7,178,178,178,30,0.1685,False,0.1660,False,True,1.8032
orb-fingervein,finger,THU-FVFDT_impostor_95,204,7,4721,4473,44,0,,False,,False,True,
sift-fingervein,finger,THU-FVFDT_impostor_95,204,7,939,870,5,0,,False,,False,True,
superglue-fingervein,finger,THU-FVFDT_impostor_95,204,7,1034,1142,4,0,,False,,False,True,
sgmnet-fingervein,finger,THU-FVFDT_impostor_95,204,7,1213,1081,112,10,0.0893,False,0.0877,False,True,1.3901
aspanformer,finger,THU-FVFDT_impostor_95,204,7,72,72,72,24,0.3333,False,0.3282,False,True,1.8096
deepdetect,finger,THU-FVFDT_impostor_95,204,7,44034,43122,77,17,0.2208,False,0.2208,False,True,1.5522
loftr,finger,THU-FVFDT_impostor_96,335,439,132,132,132,15,0.1136,False,0.1106,False,True,1.9642
orb-fingervein,finger,THU-FVFDT_impostor_96,335,439,5000,4922,50,7,0.1400,False,0.1342,False,True,0.7227
sift-fingervein,finger,THU-FVFDT_impostor_96,335,439,1692,1077,12,0,,False,,False,True,
superglue-fingervein,finger,THU-FVFDT_impostor_96,335,439,1078,949,0,0,,False,,False,True,
sgmnet-fingervein,finger,THU-FVFDT_impostor_96,335,439,1710,1143,163,11,0.0675,False,0.0666,False,True,1.1830
aspanformer,finger,THU-FVFDT_impostor_96,335,439,43,43,43,9,0.2093,False,0.2031,False,True,1.6231
deepdetect,finger,THU-FVFDT_impostor_96,335,439,74205,66616,106,11,0.1038,False,0.1038,False,True,2.1032
loftr,finger,THU-FVFDT_impostor_97,25,386,107,107,107,16,0.1495,False,0.1437,False,True,2.2490
orb-fingervein,finger,THU-FVFDT_impostor_97,25,386,4952,4760,71,0,,False,,False,True,
sift-fingervein,finger,THU-FVFDT_impostor_97,25,386,820,1258,10,0,,False,,False,True,
superglue-fingervein,finger,THU-FVFDT_impostor_97,25,386,1191,967,0,0,,False,,False,True,
sgmnet-fingervein,finger,THU-FVFDT_impostor_97,25,386,922,1377,30,0,,False,,False,True,
aspanformer,finger,THU-FVFDT_impostor_97,25,386,21,21,21,8,0.3810,False,0.3628,False,True,1.8292
deepdetect,finger,THU-FVFDT_impostor_97,25,386,52122,73629,78,0,,False,,False,True,
loftr,finger,THU-FVFDT_impostor_98,387,80,105,105,105,26,0.2476,False,0.2444,False,True,1.7566
orb-fingervein,finger,THU-FVFDT_impostor_98,387,80,4452,4662,71,0,,False,,False,True,
sift-fingervein,finger,THU-FVFDT_impostor_98,387,80,936,818,10,0,,False,,False,True,
superglue-fingervein,finger,THU-FVFDT_impostor_98,387,80,859,1058,0,0,,False,,False,True,
sgmnet-fingervein,finger,THU-FVFDT_impostor_98,387,80,1243,1137,99,8,0.0808,False,0.0782,False,True,1.1051
aspanformer,finger,THU-FVFDT_impostor_98,387,80,56,56,56,16,0.2857,False,0.2709,False,True,2.5123
deepdetect,finger,THU-FVFDT_impostor_98,387,80,67499,43847,124,14,0.1129,False,0.1129,False,True,2.3670
loftr,finger,THU-FVFDT_impostor_99,282,169,147,147,147,18,0.1224,False,0.1223,False,True,1.4210
orb-fingervein,finger,THU-FVFDT_impostor_99,282,169,5000,3431,40,7,0.1750,False,0.1677,False,True,0.4537
sift-fingervein,finger,THU-FVFDT_impostor_99,282,169,1449,703,16,5,0.3125,False,0.2913,False,True,0.3614
superglue-fingervein,finger,THU-FVFDT_impostor_99,282,169,896,767,0,0,,False,,False,True,
sgmnet-fingervein,finger,THU-FVFDT_impostor_99,282,169,1623,1005,31,0,,False,,False,True,
aspanformer,finger,THU-FVFDT_impostor_99,282,169,76,76,76,19,0.2500,False,0.2488,False,True,1.5810
deepdetect,finger,THU-FVFDT_impostor_99,282,169,67351,42332,88,17,0.1932,False,0.1932,False,True,1.8377
loftr,finger,THU-FVFDT_impostor_100,377,21,115,115,115,11,0.0957,False,0.0926,False,True,1.8846
orb-fingervein,finger,THU-FVFDT_impostor_100,377,21,4537,3990,73,0,,False,,False,True,
sift-fingervein,finger,THU-FVFDT_impostor_100,377,21,1933,638,14,5,0.3571,False,0.3329,False,True,0.9653
superglue-fingervein,finger,THU-FVFDT_impostor_100,377,21,1126,948,0,0,,False,,False,True,
sgmnet-fingervein,finger,THU-FVFDT_impostor_100,377,21,1940,991,29,7,0.2414,True,0.2313,False,False,0.2598
aspanformer,finger,THU-FVFDT_impostor_100,377,21,42,42,42,13,0.3095,False,0.2995,False,True,2.0203
deepdetect,finger,THU-FVFDT_impostor_100,377,21,70053,48569,124,29,0.2339,False,0.2339,False,True,2.6046
loftr,finger,THU-FVFDT_impostor_101,590,494,144,144,144,26,0.1806,False,0.1731,False,True,2.3400
orb-fingervein,finger,THU-FVFDT_impostor_101,590,494,5000,4984,67,0,,False,,False,True,
sift-fingervein,finger,THU-FVFDT_impostor_101,590,494,1325,1483,12,4,0.3333,False,0.3055,False,True,0.0000
superglue-fingervein,finger,THU-FVFDT_impostor_101,590,494,1228,1171,1,0,,False,,False,True,
sgmnet-fingervein,finger,THU-FVFDT_impostor_101,590,494,1361,1455,152,9,0.0592,False,0.0578,False,True,1.0425
aspanformer,finger,THU-FVFDT_impostor_101,590,494,124,124,124,27,0.2177,False,0.2171,False,True,1.5601
deepdetect,finger,THU-FVFDT_impostor_101,590,494,73983,67690,115,15,0.1304,False,0.1304,False,True,1.6185
loftr,finger,THU-FVFDT_impostor_102,566,413,117,117,117,21,0.1795,False,0.1682,False,True,2.7850
orb-fingervein,finger,THU-FVFDT_impostor_102,566,413,4556,4990,60,0,,False,,False,True,
sift-fingervein,finger,THU-FVFDT_impostor_102,566,413,1179,1808,15,5,0.3333,False,0.3107,False,True,1.2034
superglue-fingervein,finger,THU-FVFDT_impostor_102,566,413,1097,976,1,0,,False,,False,True,
sgmnet-fingervein,finger,THU-FVFDT_impostor_102,566,413,1428,1892,107,7,0.0654,False,0.0627,False,True,0.8783
aspanformer,finger,THU-FVFDT_impostor_102,566,413,35,35,35,9,0.2571,False,0.2499,False,True,1.5856
deepdetect,finger,THU-FVFDT_impostor_102,566,413,70844,70169,93,0,,False,,False,True,
loftr,finger,THU-FVFDT_impostor_103,550,197,141,141,141,19,0.1348,False,0.1311,False,True,2.0379
orb-fingervein,finger,THU-FVFDT_impostor_103,550,197,4843,3728,73,0,,False,,False,True,
sift-fingervein,finger,THU-FVFDT_impostor_103,550,197,1601,688,16,0,,False,,False,True,
superglue-fingervein,finger,THU-FVFDT_impostor_103,550,197,951,915,1,0,,False,,False,True,
sgmnet-fingervein,finger,THU-FVFDT_impostor_103,550,197,1728,1171,49,8,0.1633,False,0.1581,False,True,0.3927
aspanformer,finger,THU-FVFDT_impostor_103,550,197,23,23,23,8,0.3478,False,0.3368,False,True,1.0892
deepdetect,finger,THU-FVFDT_impostor_103,550,197,65020,43785,90,17,0.1889,False,0.1889,False,True,2.5434
loftr,finger,THU-FVFDT_impostor_104,522,24,126,126,126,23,0.1825,False,0.1793,False,True,1.8559
orb-fingervein,finger,THU-FVFDT_impostor_104,522,24,3558,4169,74,10,0.1351,False,0.1327,False,True,0.3308
sift-fingervein,finger,THU-FVFDT_impostor_104,522,24,964,712,12,0,,False,,False,True,
superglue-fingervein,finger,THU-FVFDT_impostor_104,522,24,709,1044,0,0,,False,,False,True,
sgmnet-fingervein,finger,THU-FVFDT_impostor_104,522,24,1392,995,40,0,,False,,False,True,
aspanformer,finger,THU-FVFDT_impostor_104,522,24,30,30,30,9,0.3000,False,0.2885,False,True,1.7974
deepdetect,finger,THU-FVFDT_impostor_104,522,24,51182,42867,72,17,0.2361,False,0.2361,False,True,2.4640
loftr,finger,THU-FVFDT_impostor_105,580,348,112,112,112,11,0.0982,False,0.0938,False,True,2.1643
orb-fingervein,finger,THU-FVFDT_impostor_105,580,348,5000,4934,35,0,,False,,False,True,
sift-fingervein,finger,THU-FVFDT_impostor_105,580,348,1678,1738,20,0,,False,,False,True,
superglue-fingervein,finger,THU-FVFDT_impostor_105,580,348,997,795,0,0,,False,,False,True,
sgmnet-fingervein,finger,THU-FVFDT_impostor_105,580,348,1721,1770,80,7,0.0875,False,0.0838,False,True,0.8730
aspanformer,finger,THU-FVFDT_impostor_105,580,348,65,65,65,16,0.2462,False,0.2445,False,True,1.5853
deepdetect,finger,THU-FVFDT_impostor_105,580,348,67373,53026,88,13,0.1477,False,0.1477,False,True,6.5237
loftr,finger,THU-FVFDT_impostor_106,500,96,80,80,80,18,0.2250,False,0.2247,False,True,1.2911
orb-fingervein,finger,THU-FVFDT_impostor_106,500,96,4931,4879,64,0,,False,,False,True,
sift-fingervein,finger,THU-FVFDT_impostor_106,500,96,907,954,16,5,0.3125,False,0.2913,False,True,1.2683
superglue-fingervein,finger,THU-FVFDT_impostor_106,500,96,1096,1074,0,0,,False,,False,True,
sgmnet-fingervein,finger,THU-FVFDT_impostor_106,500,96,914,1251,43,6,0.1395,False,0.1320,False,True,0.9393
aspanformer,finger,THU-FVFDT_impostor_106,500,96,25,25,25,11,0.4400,True,0.4281,False,False,1.7856
deepdetect,finger,THU-FVFDT_impostor_106,500,96,79572,42462,99,20,0.2020,False,0.2020,False,True,1.0423
loftr,finger,THU-FVFDT_impostor_107,325,179,100,100,100,11,0.1100,False,0.1063,False,True,1.9174
orb-fingervein,finger,THU-FVFDT_impostor_107,325,179,5000,4320,71,0,,False,,False,True,
sift-fingervein,finger,THU-FVFDT_impostor_107,325,179,1486,858,23,0,,False,,False,True,
superglue-fingervein,finger,THU-FVFDT_impostor_107,325,179,1190,896,0,0,,False,,False,True,
sgmnet-fingervein,finger,THU-FVFDT_impostor_107,325,179,1498,1145,43,6,0.1395,False,0.1320,False,True,0.6265
aspanformer,finger,THU-FVFDT_impostor_107,325,179,43,43,43,15,0.3488,False,0.3446,False,True,1.6716
deepdetect,finger,THU-FVFDT_impostor_107,325,179,75097,53683,95,14,0.1474,False,0.1474,False,True,1.8580
loftr,finger,THU-FVFDT_impostor_108,323,527,180,180,180,19,0.1056,False,0.1033,False,True,1.9102
orb-fingervein,finger,THU-FVFDT_impostor_108,323,527,5000,4954,38,7,0.1842,False,0.1765,False,True,1.2437
sift-fingervein,finger,THU-FVFDT_impostor_108,323,527,1335,1223,12,5,0.4167,False,0.3884,False,True,0.0000
superglue-fingervein,finger,THU-FVFDT_impostor_108,323,527,1260,1122,0,0,,False,,False,True,
sgmnet-fingervein,finger,THU-FVFDT_impostor_108,323,527,1414,1264,135,9,0.0667,False,0.0651,False,True,1.1661
aspanformer,finger,THU-FVFDT_impostor_108,323,527,76,76,76,20,0.2632,False,0.2554,False,True,2.0813
deepdetect,finger,THU-FVFDT_impostor_108,323,527,70588,66424,137,20,0.1460,False,0.1460,False,True,1.4352
loftr,finger,THU-FVFDT_impostor_109,125,555,109,109,109,16,0.1468,False,0.1459,False,True,1.5726
orb-fingervein,finger,THU-FVFDT_impostor_109,125,555,4349,5000,57,0,,False,,False,True,
sift-fingervein,finger,THU-FVFDT_impostor_109,125,555,850,1559,8,4,0.5000,True,0.4583,False,False,0.0000
superglue-fingervein,finger,THU-FVFDT_impostor_109,125,555,930,1557,0,0,,False,,False,True,
sgmnet-fingervein,finger,THU-FVFDT_impostor_109,125,555,1158,1460,76,9,0.1184,False,0.1156,False,True,0.9846
aspanformer,finger,THU-FVFDT_impostor_109,125,555,24,24,24,11,0.4583,True,0.4442,False,False,1.8640
deepdetect,finger,THU-FVFDT_impostor_109,125,555,51498,76337,83,15,0.1807,False,0.1807,False,True,2.8757
loftr,finger,THU-FVFDT_impostor_110,549,295,202,202,202,31,0.1535,False,0.1483,False,True,2.1781
orb-fingervein,finger,THU-FVFDT_impostor_110,549,295,4977,4875,51,9,0.1765,False,0.1723,False,True,1.2483
sift-fingervein,finger,THU-FVFDT_impostor_110,549,295,1644,1227,13,0,,False,,False,True,
superglue-fingervein,finger,THU-FVFDT_impostor_110,549,295,819,1071,0,0,,False,,False,True,
sgmnet-fingervein,finger,THU-FVFDT_impostor_110,549,295,1715,1423,116,8,0.0690,False,0.0668,False,True,1.0146
aspanformer,finger,THU-FVFDT_impostor_110,549,295,63,63,63,23,0.3651,False,0.3499,False,True,2.3436
deepdetect,finger,THU-FVFDT_impostor_110,549,295,69600,65574,110,13,0.1182,False,0.1182,False,True,0.8247
loftr,finger,THU-FVFDT_impostor_111,412,357,147,147,147,21,0.1429,False,0.1380,False,True,2.1769
orb-fingervein,finger,THU-FVFDT_impostor_111,412,357,5000,5000,27,0,,False,,False,True,
sift-fingervein,finger,THU-FVFDT_impostor_111,412,357,1815,1604,15,5,0.3333,False,0.3107,False,True,0.2464
superglue-fingervein,finger,THU-FVFDT_impostor_111,412,357,1368,1116,48,10,0.2083,True,0.1988,False,False,2.0787
sgmnet-fingervein,finger,THU-FVFDT_impostor_111,412,357,1737,1648,124,8,0.0645,False,0.0625,False,True,1.0629
aspanformer,finger,THU-FVFDT_impostor_111,412,357,39,39,39,10,0.2564,False,0.2440,False,True,2.1314
deepdetect,finger,THU-FVFDT_impostor_111,412,357,79584,70871,148,15,0.1014,False,0.1014,False,True,1.7554
loftr,finger,THU-FVFDT_impostor_112,576,275,85,85,85,13,0.1529,False,0.1442,False,True,2.5455
orb-fingervein,finger,THU-FVFDT_impostor_112,576,275,4997,4094,50,6,0.1200,False,0.1135,False,True,1.2038
sift-fingervein,finger,THU-FVFDT_impostor_112,576,275,1488,1067,14,0,,False,,False,True,
superglue-fingervein,finger,THU-FVFDT_impostor_112,576,275,1069,1353,1,0,,False,,False,True,
sgmnet-fingervein,finger,THU-FVFDT_impostor_112,576,275,1549,1544,112,10,0.0893,False,0.0877,False,True,1.2052
aspanformer,finger,THU-FVFDT_impostor_112,576,275,56,56,56,17,0.3036,False,0.2952,False,True,2.0193
deepdetect,finger,THU-FVFDT_impostor_112,576,275,76458,49025,170,0,,False,,False,True,
loftr,finger,THU-FVFDT_impostor_113,474,55,169,169,169,22,0.1302,False,0.1284,False,True,1.7742
orb-fingervein,finger,THU-FVFDT_impostor_113,474,55,4623,4490,76,0,,False,,False,True,
sift-fingervein,finger,THU-FVFDT_impostor_113,474,55,1546,796,15,0,,False,,False,True,
superglue-fingervein,finger,THU-FVFDT_impostor_113,474,55,976,1048,1,0,,False,,False,True,
sgmnet-fingervein,finger,THU-FVFDT_impostor_113,474,55,1752,976,23,0,,False,,False,True,
aspanformer,finger,THU-FVFDT_impostor_113,474,55,33,33,33,13,0.3939,False,0.3912,False,True,1.4924
deepdetect,finger,THU-FVFDT_impostor_113,474,55,63110,61788,73,16,0.2192,False,0.2192,False,True,1.0361
loftr,finger,THU-FVFDT_impostor_114,551,511,147,147,147,15,0.1020,False,0.1009,False,True,1.6573
orb-fingervein,finger,THU-FVFDT_impostor_114,551,511,4723,4844,47,0,,False,,False,True,
sift-fingervein,finger,THU-FVFDT_impostor_114,551,511,1504,1328,14,5,0.3571,False,0.3329,False,True,0.9127
superglue-fingervein,finger,THU-FVFDT_impostor_114,551,511,1279,1000,0,0,,False,,False,True,
sgmnet-fingervein,finger,THU-FVFDT_impostor_114,551,511,1589,1407,112,9,0.0804,False,0.0784,False,True,1.1216
aspanformer,finger,THU-FVFDT_impostor_114,551,511,43,43,43,16,0.3721,False,0.3679,False,True,1.6751
deepdetect,finger,THU-FVFDT_impostor_114,551,511,61332,68115,98,21,0.2143,False,0.2143,False,True,1.5232
loftr,finger,THU-FVFDT_impostor_115,370,302,194,194,194,31,0.1598,False,0.1563,False,True,1.9399
orb-fingervein,finger,THU-FVFDT_impostor_115,370,302,4897,4997,76,11,0.1447,False,0.1420,False,True,1.6163
sift-fingervein,finger,THU-FVFDT_impostor_115,370,302,1605,1364,19,0,,False,,False,True,
superglue-fingervein,finger,THU-FVFDT_impostor_115,370,302,926,979,0,0,,False,,False,True,
sgmnet-fingervein,finger,THU-FVFDT_impostor_115,370,302,1650,1373,217,11,0.0507,False,0.0500,False,True,0.7194
aspanformer,finger,THU-FVFDT_impostor_115,370,302,95,95,95,34,0.3579,False,0.3503,False,True,1.9270
deepdetect,finger,THU-FVFDT_impostor_115,370,302,71375,71515,94,19,0.2021,False,0.2021,False,True,2.5275
loftr,finger,THU-FVFDT_impostor_116,381,86,128,128,128,23,0.1797,False,0.1731,False,True,2.2460
orb-fingervein,finger,THU-FVFDT_impostor_116,381,86,5000,4244,38,0,,False,,False,True,
sift-fingervein,finger,THU-FVFDT_impostor_116,381,86,1838,885,24,5,0.2083,False,0.1942,False,True,0.5147
superglue-fingervein,finger,THU-FVFDT_impostor_116,381,86,779,1825,0,0,,False,,False,True,
sgmnet-fingervein,finger,THU-FVFDT_impostor_116,381,86,1720,1224,35,6,0.1714,False,0.1622,False,True,0.7051
aspanformer,finger,THU-FVFDT_impostor_116,381,86,20,20,20,9,0.4500,True,0.4295,False,False,1.9513
deepdetect,finger,THU-FVFDT_impostor_116,381,86,79765,47385,100,0,,False,,False,True,
loftr,finger,THU-FVFDT_impostor_117,609,589,140,140,140,31,0.2214,False,0.2143,False,True,2.1552
orb-fingervein,finger,THU-FVFDT_impostor_117,609,589,5000,4841,59,0,,False,,False,True,
sift-fingervein,finger,THU-FVFDT_impostor_117,609,589,1592,1184,21,0,,False,,False,True,
superglue-fingervein,finger,THU-FVFDT_impostor_117,609,589,1252,872,27,9,0.3333,True,0.3196,False,False,1.8569
sgmnet-fingervein,finger,THU-FVFDT_impostor_117,609,589,1582,1428,78,8,0.1026,False,0.0993,False,True,0.6452
aspanformer,finger,THU-FVFDT_impostor_117,609,589,43,43,43,14,0.3256,False,0.3142,False,True,2.1148
deepdetect,finger,THU-FVFDT_impostor_117,609,589,66653,63525,60,13,0.2167,False,0.2167,False,True,1.6358
loftr,finger,THU-FVFDT_impostor_118,606,403,150,150,150,21,0.1400,False,0.1344,False,True,2.3081
orb-fingervein,finger,THU-FVFDT_impostor_118,606,403,4883,4976,77,8,0.1039,False,0.1006,False,True,0.9364
sift-fingervein,finger,THU-FVFDT_impostor_118,606,403,1161,1339,17,4,0.2353,False,0.2157,False,True,0.0000
superglue-fingervein,finger,THU-FVFDT_impostor_118,606,403,1050,1321,8,5,0.6250,True,0.5826,False,False,0.7659
sgmnet-fingervein,finger,THU-FVFDT_impostor_118,606,403,1232,1418,115,0,,False,,False,True,
aspanformer,finger,THU-FVFDT_impostor_118,606,403,47,47,47,18,0.3830,False,0.3765,False,True,1.8120
deepdetect,finger,THU-FVFDT_impostor_118,606,403,60578,71731,90,13,0.1444,False,0.1444,False,True,2.3789
loftr,finger,THU-FVFDT_impostor_119,349,381,191,191,191,33,0.1728,False,0.1728,False,True,1.4465
orb-fingervein,finger,THU-FVFDT_impostor_119,349,381,5000,4839,32,7,0.2188,False,0.2089,False,True,1.5722
sift-fingervein,finger,THU-FVFDT_impostor_119,349,381,1561,1408,15,0,,False,,False,True,
superglue-fingervein,finger,THU-FVFDT_impostor_119,349,381,1282,658,2,0,,False,,False,True,
sgmnet-fingervein,finger,THU-FVFDT_impostor_119,349,381,1514,1463,115,8,0.0696,False,0.0674,False,True,0.9717
aspanformer,finger,THU-FVFDT_impostor_119,349,381,45,45,45,15,0.3333,False,0.3274,False,True,1.7862
deepdetect,finger,THU-FVFDT_impostor_119,349,381,79128,69611,98,12,0.1224,False,0.1224,False,True,2.1059
loftr,finger,THU-FVFDT_impostor_120,21,277,133,133,133,30,0.2256,False,0.2167,False,True,2.3050
orb-fingervein,finger,THU-FVFDT_impostor_120,21,277,3990,4953,66,0,,False,,False,True,
sift-fingervein,finger,THU-FVFDT_impostor_120,21,277,638,1456,8,0,,False,,False,True,
superglue-fingervein,finger,THU-FVFDT_impostor_120,21,277,948,1045,0,0,,False,,False,True,
sgmnet-fingervein,finger,THU-FVFDT_impostor_120,21,277,991,1481,53,7,0.1321,False,0.1266,False,True,0.9573
aspanformer,finger,THU-FVFDT_impostor_120,21,277,50,50,50,20,0.4000,False,0.3968,False,True,1.6446
deepdetect,finger,THU-FVFDT_impostor_120,21,277,48569,62648,51,11,0.2157,False,0.2157,False,True,1.2496
loftr,finger,THU-FVFDT_impostor_121,593,27,176,176,176,23,0.1307,False,0.1252,False,True,2.3451
orb-fingervein,finger,THU-FVFDT_impostor_121,593,27,4895,4691,43,0,,False,,False,True,
sift-fingervein,finger,THU-FVFDT_impostor_121,593,27,1524,878,9,0,,False,,False,True,
superglue-fingervein,finger,THU-FVFDT_impostor_121,593,27,817,1064,0,0,,False,,False,True,
sgmnet-fingervein,finger,THU-FVFDT_impostor_121,593,27,1694,958,36,8,0.2222,True,0.2152,False,False,0.8033
aspanformer,finger,THU-FVFDT_impostor_121,593,27,88,88,88,40,0.4545,True,0.4334,False,False,2.4527
deepdetect,finger,THU-FVFDT_impostor_121,593,27,62408,67434,81,13,0.1605,False,0.1605,False,True,1.6268
loftr,finger,THU-FVFDT_impostor_122,545,354,211,211,211,42,0.1991,False,0.1912,False,True,2.3017
orb-fingervein,finger,THU-FVFDT_impostor_122,545,354,3236,4687,61,0,,False,,False,True,
sift-fingervein,finger,THU-FVFDT_impostor_122,545,354,1058,1386,14,5,0.3571,False,0.3329,False,True,0.8082
superglue-fingervein,finger,THU-FVFDT_impostor_122,545,354,588,658,0,0,,False,,False,True,
sgmnet-fingervein,finger,THU-FVFDT_impostor_122,545,354,1665,1733,61,7,0.1148,False,0.1100,False,True,0.9399
aspanformer,finger,THU-FVFDT_impostor_122,545,354,76,76,76,32,0.4211,True,0.4113,False,False,1.9686
deepdetect,finger,THU-FVFDT_impostor_122,545,354,48911,54796,78,17,0.2179,False,0.2179,False,True,1.4790
loftr,finger,THU-FVFDT_impostor_123,278,372,137,137,137,21,0.1533,False,0.1391,False,True,3.4353
orb-fingervein,finger,THU-FVFDT_impostor_123,278,372,4676,4895,69,0,,False,,False,True,
sift-fingervein,finger,THU-FVFDT_impostor_123,278,372,1328,1785,15,0,,False,,False,True,
superglue-fingervein,finger,THU-FVFDT_impostor_123,278,372,897,1113,0,0,,False,,False,True,
sgmnet-fingervein,finger,THU-FVFDT_impostor_123,278,372,1454,1833,53,6,0.1132,False,0.1071,False,True,0.8976
aspanformer,finger,THU-FVFDT_impostor_123,278,372,22,22,22,7,0.3182,False,0.3049,False,True,1.2588
deepdetect,finger,THU-FVFDT_impostor_123,278,372,72652,64090,125,17,0.1360,False,0.1360,False,True,1.8796
loftr,finger,THU-FVFDT_impostor_124,264,378,126,126,126,18,0.1429,False,0.1427,False,True,1.3697
orb-fingervein,finger,THU-FVFDT_impostor_124,264,378,5000,3884,75,0,,False,,False,True,
sift-fingervein,finger,THU-FVFDT_impostor_124,264,378,1613,1231,16,0,,False,,False,True,
superglue-fingervein,finger,THU-FVFDT_impostor_124,264,378,1005,862,0,0,,False,,False,True,
sgmnet-fingervein,finger,THU-FVFDT_impostor_124,264,378,1568,1346,68,9,0.1324,False,0.1292,False,True,1.2323
aspanformer,finger,THU-FVFDT_impostor_124,264,378,56,56,56,23,0.4107,True,0.4031,False,False,1.8671
deepdetect,finger,THU-FVFDT_impostor_124,264,378,71039,63293,119,17,0.1429,False,0.1429,False,True,1.7507
loftr,finger,THU-FVFDT_impostor_125,351,140,104,104,104,18,0.1731,False,0.1683,False,True,2.0367
orb-fingervein,finger,THU-FVFDT_impostor_125,351,140,4891,4769,94,8,0.0851,False,0.0824,False,True,1.3370
sift-fingervein,finger,THU-FVFDT_impostor_125,351,140,980,887,12,4,0.3333,False,0.3055,False,True,0.0000
superglue-fingervein,finger,THU-FVFDT_impostor_125,351,140,882,1295,0,0,,False,,False,True,
sgmnet-fingervein,finger,THU-FVFDT_impostor_125,351,140,1062,1122,93,10,0.1075,False,0.1056,False,True,1.1103
aspanformer,finger,THU-FVFDT_impostor_125,351,140,62,62,62,18,0.2903,False,0.2810,False,True,2.1280
deepdetect,finger,THU-FVFDT_impostor_125,351,140,73994,41133,111,16,0.1441,False,0.1441,False,True,1.8578
loftr,finger,THU-FVFDT_impostor_126,215,551,125,125,125,21,0.1680,False,0.1601,False,True,2.4565
orb-fingervein,finger,THU-FVFDT_impostor_126,215,551,4793,4723,63,0,,False,,False,True,
sift-fingervein,finger,THU-FVFDT_impostor_126,215,551,867,1504,8,4,0.5000,True,0.4583,False,False,0.0000
superglue-fingervein,finger,THU-FVFDT_impostor_126,215,551,1092,1279,0,0,,False,,False,True,
sgmnet-fingervein,finger,THU-FVFDT_impostor_126,215,551,974,1589,39,6,0.1538,False,0.1456,False,True,0.8852
aspanformer,finger,THU-FVFDT_impostor_126,215,551,35,35,35,11,0.3143,False,0.3026,False,True,1.9952
deepdetect,finger,THU-FVFDT_impostor_126,215,551,41616,61332,80,22,0.2750,False,0.2750,False,True,1.7820
loftr,finger,THU-FVFDT_impostor_127,79,361,110,110,110,17,0.1545,False,0.1480,False,True,2.3349
orb-fingervein,finger,THU-FVFDT_impostor_127,79,361,4856,5000,43,0,,False,,False,True,
sift-fingervein,finger,THU-FVFDT_impostor_127,79,361,993,1053,11,4,0.3636,False,0.3333,False,True,0.0000
superglue-fingervein,finger,THU-FVFDT_impostor_127,79,361,1327,1417,0,0,,False,,False,True,
sgmnet-fingervein,finger,THU-FVFDT_impostor_127,79,361,1162,1249,70,8,0.1143,False,0.1107,False,True,1.0954
aspanformer,finger,THU-FVFDT_impostor_127,79,361,40,40,40,10,0.2500,False,0.2391,False,True,2.0359
deepdetect,finger,THU-FVFDT_impostor_127,79,361,33685,62755,63,18,0.2857,False,0.2857,False,True,2.3616
loftr,finger,THU-FVFDT_impostor_128,505,412,158,158,158,22,0.1392,False,0.1319,False,True,2.5832
orb-fingervein,finger,THU-FVFDT_impostor_128,505,412,4887,4467,49,0,,False,,False,True,
sift-fingervein,finger,THU-FVFDT_impostor_128,505,412,1397,1289,15,0,,False,,False,True,
superglue-fingervein,finger,THU-FVFDT_impostor_128,505,412,772,619,1,0,,False,,False,True,
sgmnet-fingervein,finger,THU-FVFDT_impostor_128,505,412,1565,1596,134,9,0.0672,False,0.0656,False,True,1.3018
aspanformer,finger,THU-FVFDT_impostor_128,505,412,40,40,40,15,0.3750,False,0.3681,False,True,1.8007
deepdetect,finger,THU-FVFDT_impostor_128,505,412,57287,53863,81,14,0.1728,False,0.1728,False,True,1.9040
loftr,finger,THU-FVFDT_impostor_129,331,54,153,153,153,23,0.1503,False,0.1494,False,True,1.6240
orb-fingervein,finger,THU-FVFDT_impostor_129,331,54,4961,4436,82,0,,False,,False,True,
sift-fingervein,finger,THU-FVFDT_impostor_129,331,54,1444,856,16,0,,False,,False,True,
superglue-fingervein,finger,THU-FVFDT_impostor_129,331,54,1244,1004,0,0,,False,,False,True,
sgmnet-fingervein,finger,THU-FVFDT_impostor_129,331,54,1423,1029,34,7,0.2059,False,0.1973,False,True,0.5206
aspanformer,finger,THU-FVFDT_impostor_129,331,54,39,39,39,16,0.4103,False,0.3940,False,True,2.2550
deepdetect,finger,THU-FVFDT_impostor_129,331,54,73458,57111,96,20,0.2083,False,0.2083,False,True,2.4163
loftr,finger,THU-FVFDT_impostor_130,469,552,163,163,163,25,0.1534,False,0.1521,False,True,1.6667
orb-fingervein,finger,THU-FVFDT_impostor_130,469,552,4999,4940,64,10,0.1562,False,0.1528,False,True,1.5885
sift-fingervein,finger,THU-FVFDT_impostor_130,469,552,1564,1685,5,0,,False,,False,True,
superglue-fingervein,finger,THU-FVFDT_impostor_130,469,552,985,1077,6,5,0.8333,True,0.7768,False,False,0.3904
sgmnet-fingervein,finger,THU-FVFDT_impostor_130,469,552,1566,1661,122,9,0.0738,False,0.0720,False,True,1.3809
aspanformer,finger,THU-FVFDT_impostor_130,469,552,70,70,70,14,0.2000,False,0.1990,False,True,1.4355
deepdetect,finger,THU-FVFDT_impostor_130,469,552,74838,56348,164,22,0.1341,False,0.1341,False,True,1.2913
loftr,finger,THU-FVFDT_impostor_131,239,236,156,156,156,28,0.1795,False,0.1765,False,True,1.8323
orb-fingervein,finger,THU-FVFDT_impostor_131,239,236,4578,4510,62,9,0.1452,False,0.1417,False,True,1.1951
sift-fingervein,finger,THU-FVFDT_impostor_131,239,236,1168,963,10,4,0.4000,False,0.3666,False,True,0.0000
superglue-fingervein,finger,THU-FVFDT_impostor_131,239,236,750,915,0,0,,False,,False,True,
sgmnet-fingervein,finger,THU-FVFDT_impostor_131,239,236,1514,1294,76,8,0.1053,False,0.1019,False,True,0.2428
aspanformer,finger,THU-FVFDT_impostor_131,239,236,66,66,66,14,0.2121,False,0.2065,False,True,1.9327
deepdetect,finger,THU-FVFDT_impostor_131,239,236,63862,60847,111,14,0.1261,False,0.1261,False,True,1.6742
loftr,finger,THU-FVFDT_impostor_132,328,208,141,141,141,19,0.1348,False,0.1297,False,True,2.2471
orb-fingervein,finger,THU-FVFDT_impostor_132,328,208,5000,4637,51,0,,False,,False,True,
sift-fingervein,finger,THU-FVFDT_impostor_132,328,208,1356,772,13,5,0.3846,False,0.3585,False,True,0.0000
superglue-fingervein,finger,THU-FVFDT_impostor_132,328,208,1101,1109,0,0,,False,,False,True,
sgmnet-fingervein,finger,THU-FVFDT_impostor_132,328,208,1399,1096,80,8,0.1000,False,0.0968,False,True,1.2818
aspanformer,finger,THU-FVFDT_impostor_132,328,208,76,76,76,30,0.3947,False,0.3854,False,True,1.9759
deepdetect,finger,THU-FVFDT_impostor_132,328,208,73445,42241,126,17,0.1349,False,0.1349,False,True,1.3660
loftr,finger,THU-FVFDT_impostor_133,581,45,160,160,160,25,0.1562,False,0.1489,False,True,2.4597
orb-fingervein,finger,THU-FVFDT_impostor_133,581,45,4665,4159,65,0,,False,,False,True,
sift-fingervein,finger,THU-FVFDT_impostor_133,581,45,1503,737,16,5,0.3125,False,0.2913,False,True,0.7434
superglue-fingervein,finger,THU-FVFDT_impostor_133,581,45,861,952,8,5,0.6250,True,0.5826,False,False,0.2851
sgmnet-fingervein,finger,THU-FVFDT_impostor_133,581,45,1776,1090,19,6,0.3158,True,0.2988,False,False,0.4647
aspanformer,finger,THU-FVFDT_impostor_133,581,45,26,26,26,9,0.3462,False,0.3367,False,True,1.5694
deepdetect,finger,THU-FVFDT_impostor_133,581,45,57301,35370,131,24,0.1832,False,0.1832,False,True,1.3709
loftr,finger,THU-FVFDT_impostor_134,373,92,99,99,99,15,0.1515,False,0.1499,False,True,1.6407
orb-fingervein,finger,THU-FVFDT_impostor_134,373,92,4789,4582,89,12,0.1348,False,0.1328,False,True,1.6061
sift-fingervein,finger,THU-FVFDT_impostor_134,373,92,1211,944,14,5,0.3571,False,0.3329,False,True,0.0682
superglue-fingervein,finger,THU-FVFDT_impostor_134,373,92,1159,1214,0,0,,False,,False,True,
sgmnet-fingervein,finger,THU-FVFDT_impostor_134,373,92,1297,1181,100,7,0.0700,False,0.0671,False,True,0.6770
aspanformer,finger,THU-FVFDT_impostor_134,373,92,12,12,12,6,0.5000,True,0.4731,False,False,1.2176
deepdetect,finger,THU-FVFDT_impostor_134,373,92,75583,43567,124,20,0.1613,False,0.1613,False,True,2.2606
loftr,finger,THU-FVFDT_impostor_135,74,154,101,101,101,17,0.1683,False,0.1612,False,True,2.3253
orb-fingervein,finger,THU-FVFDT_impostor_135,74,154,4431,4078,47,0,,False,,False,True,
sift-fingervein,finger,THU-FVFDT_impostor_135,74,154,703,907,10,0,,False,,False,True,
superglue-fingervein,finger,THU-FVFDT_impostor_135,74,154,1060,743,0,0,,False,,False,True,
sgmnet-fingervein,finger,THU-FVFDT_impostor_135,74,154,1016,1345,88,9,0.1023,False,0.0998,False,True,1.1999
aspanformer,finger,THU-FVFDT_impostor_135,74,154,50,50,50,16,0.3200,False,0.3132,False,True,1.8756
deepdetect,finger,THU-FVFDT_impostor_135,74,154,35603,49928,27,11,0.4074,True,0.4074,False,False,1.0488
loftr,finger,THU-FVFDT_impostor_136,294,342,121,121,121,22,0.1818,False,0.1752,False,True,2.2377
orb-fingervein,finger,THU-FVFDT_impostor_136,294,342,4616,4531,54,7,0.1296,False,0.1242,False,True,1.1375
sift-fingervein,finger,THU-FVFDT_impostor_136,294,342,1146,1220,13,0,,False,,False,True,
superglue-fingervein,finger,THU-FVFDT_impostor_136,294,342,633,1115,0,0,,False,,False,True,
sgmnet-fingervein,finger,THU-FVFDT_impostor_136,294,342,1354,1671,85,9,0.1059,False,0.1034,False,True,1.0622
aspanformer,finger,THU-FVFDT_impostor_136,294,342,41,41,41,15,0.3659,False,0.3472,False,True,2.4742
deepdetect,finger,THU-FVFDT_impostor_136,294,342,60396,51713,50,12,0.2400,False,0.2400,False,True,1.5984
loftr,finger,THU-FVFDT_impostor_137,32,259,82,82,82,17,0.2073,False,0.2069,False,True,1.3774
orb-fingervein,finger,THU-FVFDT_impostor_137,32,259,4407,4255,56,0,,False,,False,True,
sift-fingervein,finger,THU-FVFDT_impostor_137,32,259,864,950,10,5,0.5000,True,0.4661,False,False,0.0000
superglue-fingervein,finger,THU-FVFDT_impostor_137,32,259,1144,787,0,0,,False,,False,True,
sgmnet-fingervein,finger,THU-FVFDT_impostor_137,32,259,1149,1259,49,0,,False,,False,True,
aspanformer,finger,THU-FVFDT_impostor_137,32,259,31,31,31,12,0.3871,False,0.3733,False,True,2.0346
deepdetect,finger,THU-FVFDT_impostor_137,32,259,32877,61981,45,13,0.2889,False,0.2889,False,True,0.6549
loftr,finger,THU-FVFDT_impostor_138,100,476,181,181,181,27,0.1492,False,0.1432,False,True,2.3162
orb-fingervein,finger,THU-FVFDT_impostor_138,100,476,4584,4913,65,0,,False,,False,True,
sift-fingervein,finger,THU-FVFDT_impostor_138,100,476,879,1291,17,4,0.2353,False,0.2157,False,True,0.0000
superglue-fingervein,finger,THU-FVFDT_impostor_138,100,476,980,793,0,0,,False,,False,True,
sgmnet-fingervein,finger,THU-FVFDT_impostor_138,100,476,1132,1485,31,6,0.1935,False,0.1831,False,True,0.7964
aspanformer,finger,THU-FVFDT_impostor_138,100,476,40,40,40,14,0.3500,False,0.3455,False,True,1.6564
deepdetect,finger,THU-FVFDT_impostor_138,100,476,55349,68405,80,0,,False,,False,True,
loftr,finger,THU-FVFDT_impostor_139,368,129,166,166,166,26,0.1566,False,0.1516,False,True,2.1468
orb-fingervein,finger,THU-FVFDT_impostor_139,368,129,4574,3533,105,11,0.1048,False,0.1019,False,True,1.7986
sift-fingervein,finger,THU-FVFDT_impostor_139,368,129,1290,773,14,0,,False,,False,True,
superglue-fingervein,finger,THU-FVFDT_impostor_139,368,129,1097,882,0,0,,False,,False,True,
sgmnet-fingervein,finger,THU-FVFDT_impostor_139,368,129,1470,1217,122,11,0.0902,False,0.0890,False,True,0.9036
aspanformer,finger,THU-FVFDT_impostor_139,368,129,43,43,43,13,0.3023,False,0.2921,False,True,2.0481
deepdetect,finger,THU-FVFDT_impostor_139,368,129,68997,49394,119,20,0.1681,False,0.1681,False,True,1.9976
loftr,finger,THU-FVFDT_impostor_140,36,517,106,106,106,14,0.1321,False,0.1246,False,True,2.5593
orb-fingervein,finger,THU-FVFDT_impostor_140,36,517,3656,4508,49,0,,False,,False,True,
sift-fingervein,finger,THU-FVFDT_impostor_140,36,517,710,1724,6,4,0.6667,True,0.6110,False,False,0.0000
superglue-fingervein,finger,THU-FVFDT_impostor_140,36,517,840,1460,0,0,,False,,False,True,
sgmnet-fingervein,finger,THU-FVFDT_impostor_140,36,517,1266,1788,55,7,0.1273,False,0.1220,False,True,0.3695
aspanformer,finger,THU-FVFDT_impostor_140,36,517,5,5,5,4,0.8000,True,0.7332,False,False,0.0000
deepdetect,finger,THU-FVFDT_impostor_140,36,517,32038,63767,62,0,,False,,False,True,
loftr,finger,THU-FVFDT_impostor_141,342,93,106,106,106,17,0.1604,False,0.1591,False,True,1.6225
orb-fingervein,finger,THU-FVFDT_impostor_141,342,93,4531,4692,56,0,,False,,False,True,
sift-fingervein,finger,THU-FVFDT_impostor_141,342,93,1220,808,13,0,,False,,False,True,
superglue-fingervein,finger,THU-FVFDT_impostor_141,342,93,1115,1190,0,0,,False,,False,True,
sgmnet-fingervein,finger,THU-FVFDT_impostor_141,342,93,1671,1044,30,6,0.2000,False,0.1892,False,True,0.6327
aspanformer,finger,THU-FVFDT_impostor_141,342,93,7,7,7,5,0.7143,True,0.6658,False,False,0.6386
deepdetect,finger,THU-FVFDT_impostor_141,342,93,51713,48002,64,15,0.2344,False,0.2344,False,True,1.6827
loftr,finger,THU-FVFDT_impostor_142,204,600,187,187,187,21,0.1123,False,0.1069,False,True,2.4738
orb-fingervein,finger,THU-FVFDT_impostor_142,204,600,4721,4775,59,0,,False,,False,True,
sift-fingervein,finger,THU-FVFDT_impostor_142,204,600,939,1562,8,0,,False,,False,True,
superglue-fingervein,finger,THU-FVFDT_impostor_142,204,600,1034,810,0,0,,False,,False,True,
sgmnet-fingervein,finger,THU-FVFDT_impostor_142,204,600,1213,1764,39,7,0.1795,False,0.1720,False,True,0.6112
aspanformer,finger,THU-FVFDT_impostor_142,204,600,75,75,75,18,0.2400,False,0.2304,False,True,2.2880
deepdetect,finger,THU-FVFDT_impostor_142,204,600,44034,57197,52,0,,False,,False,True,
loftr,finger,THU-FVFDT_impostor_143,344,23,159,159,159,24,0.1509,False,0.1454,False,True,2.2494
orb-fingervein,finger,THU-FVFDT_impostor_143,344,23,4867,3997,57,0,,False,,False,True,
sift-fingervein,finger,THU-FVFDT_impostor_143,344,23,1267,693,13,0,,False,,False,True,
superglue-fingervein,finger,THU-FVFDT_impostor_143,344,23,757,890,0,0,,False,,False,True,
sgmnet-fingervein,finger,THU-FVFDT_impostor_143,344,23,1461,1073,97,8,0.0825,False,0.0799,False,True,0.7866
aspanformer,finger,THU-FVFDT_impostor_143,344,23,81,81,81,22,0.2716,False,0.2644,False,True,2.0301
deepdetect,finger,THU-FVFDT_impostor_143,344,23,63652,50417,102,17,0.1667,False,0.1667,False,True,2.2503
loftr,finger,THU-FVFDT_impostor_144,251,382,134,134,134,12,0.0896,False,0.0877,False,True,1.7303
orb-fingervein,finger,THU-FVFDT_impostor_144,251,382,4709,5000,72,9,0.1250,False,0.1188,False,True,2.0351
sift-fingervein,finger,THU-FVFDT_impostor_144,251,382,1498,1492,12,4,0.3333,False,0.3055,False,True,0.0000
superglue-fingervein,finger,THU-FVFDT_impostor_144,251,382,604,2048,0,0,,False,,False,True,
sgmnet-fingervein,finger,THU-FVFDT_impostor_144,251,382,1681,1376,70,8,0.1143,False,0.1107,False,True,0.4994
aspanformer,finger,THU-FVFDT_impostor_144,251,382,31,31,31,9,0.2903,False,0.2834,False,True,1.4299
deepdetect,finger,THU-FVFDT_impostor_144,251,382,55391,84112,104,20,0.1923,False,0.1923,False,True,2.2171
loftr,finger,THU-FVFDT_impostor_145,213,530,94,94,94,16,0.1702,False,0.1631,False,True,2.3047
orb-fingervein,finger,THU-FVFDT_impostor_145,213,530,4225,4977,87,0,,False,,False,True,
sift-fingervein,finger,THU-FVFDT_impostor_145,213,530,797,1017,8,4,0.5000,True,0.4583,False,False,0.0000
superglue-fingervein,finger,THU-FVFDT_impostor_145,213,530,936,932,0,0,,False,,False,True,
sgmnet-fingervein,finger,THU-FVFDT_impostor_145,213,530,1160,1066,72,7,0.0972,False,0.0932,False,True,0.3945
aspanformer,finger,THU-FVFDT_impostor_145,213,530,30,30,30,0,,False,,False,True,
deepdetect,finger,THU-FVFDT_impostor_145,213,530,36811,65140,57,0,,False,,False,True,
loftr,finger,THU-FVFDT_impostor_146,35,560,109,109,109,18,0.1651,False,0.1630,False,True,1.7349
orb-fingervein,finger,THU-FVFDT_impostor_146,35,560,3835,4875,67,0,,False,,False,True,
sift-fingervein,finger,THU-FVFDT_impostor_146,35,560,695,1102,14,5,0.3571,False,0.3329,False,True,0.0730
superglue-fingervein,finger,THU-FVFDT_impostor_146,35,560,988,891,0,0,,False,,False,True,
sgmnet-fingervein,finger,THU-FVFDT_impostor_146,35,560,1122,1281,119,10,0.0840,False,0.0825,False,True,0.5068
aspanformer,finger,THU-FVFDT_impostor_146,35,560,40,40,40,13,0.3250,False,0.3168,False,True,1.8739
deepdetect,finger,THU-FVFDT_impostor_146,35,560,39978,64578,55,13,0.2364,False,0.2364,False,True,2.1380
loftr,finger,THU-FVFDT_impostor_147,173,135,177,177,177,41,0.2316,False,0.2219,False,True,2.3619
orb-fingervein,finger,THU-FVFDT_impostor_147,173,135,4769,4601,64,0,,False,,False,True,
sift-fingervein,finger,THU-FVFDT_impostor_147,173,135,819,930,7,0,,False,,False,True,
superglue-fingervein,finger,THU-FVFDT_impostor_147,173,135,1212,1058,2,0,,False,,False,True,
sgmnet-fingervein,finger,THU-FVFDT_impostor_147,173,135,1108,1254,179,11,0.0615,False,0.0607,False,True,1.0576
aspanformer,finger,THU-FVFDT_impostor_147,173,135,48,48,48,22,0.4583,True,0.4582,False,False,0.6538
deepdetect,finger,THU-FVFDT_impostor_147,173,135,54037,42205,73,24,0.3288,True,0.3288,False,False,1.6315
loftr,finger,THU-FVFDT_impostor_148,33,122,121,121,121,25,0.2066,False,0.2036,False,True,1.7882
orb-fingervein,finger,THU-FVFDT_impostor_148,33,122,3991,4145,54,9,0.1667,False,0.1627,False,True,0.5938
sift-fingervein,finger,THU-FVFDT_impostor_148,33,122,745,855,2,0,,False,,False,True,
superglue-fingervein,finger,THU-FVFDT_impostor_148,33,122,856,865,0,0,,False,,False,True,
sgmnet-fingervein,finger,THU-FVFDT_impostor_148,33,122,1047,1126,126,7,0.0556,False,0.0532,False,True,1.0803
aspanformer,finger,THU-FVFDT_impostor_148,33,122,43,43,43,12,0.2791,False,0.2749,False,True,1.6073
deepdetect,finger,THU-FVFDT_impostor_148,33,122,36223,43831,59,15,0.2542,False,0.2542,False,True,1.6188
loftr,finger,THU-FVFDT_impostor_149,80,91,217,217,217,27,0.1244,False,0.1231,False,True,1.7189
orb-fingervein,finger,THU-FVFDT_impostor_149,80,91,4867,4590,60,8,0.1333,False,0.1291,False,True,1.2349
sift-fingervein,finger,THU-FVFDT_impostor_149,80,91,876,929,9,0,,False,,False,True,
superglue-fingervein,finger,THU-FVFDT_impostor_149,80,91,1117,1308,0,0,,False,,False,True,
sgmnet-fingervein,finger,THU-FVFDT_impostor_149,80,91,1129,1148,81,7,0.0864,False,0.0828,False,True,1.1043
aspanformer,finger,THU-FVFDT_impostor_149,80,91,51,51,51,23,0.4510,True,0.4450,False,False,1.7626
deepdetect,finger,THU-FVFDT_impostor_149,80,91,48809,33628,104,28,0.2692,False,0.2692,False,True,2.1051
loftr,finger,THU-FVFDT_impostor_150,81,136,115,115,115,20,0.1739,False,0.1727,False,True,1.6297
orb-fingervein,finger,THU-FVFDT_impostor_150,81,136,4188,4890,38,0,,False,,False,True,
sift-fingervein,finger,THU-FVFDT_impostor_150,81,136,837,872,16,5,0.3125,False,0.2913,False,True,1.0107
superglue-fingervein,finger,THU-FVFDT_impostor_150,81,136,816,1016,2,0,,False,,False,True,
sgmnet-fingervein,finger,THU-FVFDT_impostor_150,81,136,1211,1054,209,9,0.0431,False,0.0420,False,True,0.7971
aspanformer,finger,THU-FVFDT_impostor_150,81,136,95,95,95,25,0.2632,False,0.2572,False,True,1.9543
deepdetect,finger,THU-FVFDT_impostor_150,81,136,50078,46878,114,21,0.1842,False,0.1842,False,True,1.8919
loftr,finger,THU-FVFDT_impostor_151,578,506,152,152,152,18,0.1184,False,0.1141,False,True,2.2201
orb-fingervein,finger,THU-FVFDT_impostor_151,578,506,5000,4368,51,0,,False,,False,True,
sift-fingervein,finger,THU-FVFDT_impostor_151,578,506,1596,899,17,0,,False,,False,True,
superglue-fingervein,finger,THU-FVFDT_impostor_151,578,506,1547,669,0,0,,False,,False,True,
sgmnet-fingervein,finger,THU-FVFDT_impostor_151,578,506,1556,1241,37,6,0.1622,False,0.1534,False,True,0.1368
aspanformer,finger,THU-FVFDT_impostor_151,578,506,81,81,81,28,0.3457,False,0.3438,False,True,1.6107
deepdetect,finger,THU-FVFDT_impostor_151,578,506,78481,51875,96,13,0.1354,False,0.1354,False,True,1.0086
loftr,finger,THU-FVFDT_impostor_152,9,500,159,159,159,37,0.2327,False,0.2173,False,True,2.8681
orb-fingervein,finger,THU-FVFDT_impostor_152,9,500,4983,4476,41,0,,False,,False,True,
sift-fingervein,finger,THU-FVFDT_impostor_152,9,500,1013,1094,12,4,0.3333,False,0.3055,False,True,0.0000
superglue-fingervein,finger,THU-FVFDT_impostor_152,9,500,1362,1183,0,0,,False,,False,True,
sgmnet-fingervein,finger,THU-FVFDT_impostor_152,9,500,1161,1131,80,7,0.0875,False,0.0838,False,True,0.5527
aspanformer,finger,THU-FVFDT_impostor_152,9,500,20,20,20,0,,False,,False,True,
deepdetect,finger,THU-FVFDT_impostor_152,9,500,51252,76921,71,10,0.1408,False,0.1408,False,True,1.2565
loftr,finger,THU-FVFDT_impostor_153,532,42,85,85,85,19,0.2235,False,0.2144,False,True,2.3184
orb-fingervein,finger,THU-FVFDT_impostor_153,532,42,4544,4287,76,0,,False,,False,True,
sift-fingervein,finger,THU-FVFDT_impostor_153,532,42,1077,905,11,0,,False,,False,True,
superglue-fingervein,finger,THU-FVFDT_impostor_153,532,42,806,981,0,0,,False,,False,True,
sgmnet-fingervein,finger,THU-FVFDT_impostor_153,532,42,1394,1247,35,6,0.1714,False,0.1622,False,True,0.8531
aspanformer,finger,THU-FVFDT_impostor_153,532,42,11,11,11,7,0.6364,True,0.6098,False,False,1.1104
deepdetect,finger,THU-FVFDT_impostor_153,532,42,65044,48843,85,14,0.1647,False,0.1647,False,True,2.4710
loftr,finger,THU-FVFDT_impostor_154,395,196,132,132,132,23,0.1742,False,0.1674,False,True,2.2941
orb-fingervein,finger,THU-FVFDT_impostor_154,395,196,4971,3995,58,0,,False,,False,True,
sift-fingervein,finger,THU-FVFDT_impostor_154,395,196,1860,720,18,0,,False,,False,True,
superglue-fingervein,finger,THU-FVFDT_impostor_154,395,196,1226,810,0,0,,False,,False,True,
sgmnet-fingervein,finger,THU-FVFDT_impostor_154,395,196,1751,1161,56,9,0.1607,False,0.1569,False,True,0.7221
aspanformer,finger,THU-FVFDT_impostor_154,395,196,43,43,43,13,0.3023,False,0.3002,False,True,1.3290
deepdetect,finger,THU-FVFDT_impostor_154,395,196,67135,47867,94,20,0.2128,False,0.2128,False,True,1.2108
loftr,finger,THU-FVFDT_impostor_155,479,556,154,154,154,26,0.1688,False,0.1622,False,True,2.2999
orb-fingervein,finger,THU-FVFDT_impostor_155,479,556,4994,4990,58,0,,False,,False,True,
sift-fingervein,finger,THU-FVFDT_impostor_155,479,556,1621,1315,18,5,0.2778,False,0.2589,False,True,1.1934
superglue-fingervein,finger,THU-FVFDT_impostor_155,479,556,1164,1176,0,0,,False,,False,True,
sgmnet-fingervein,finger,THU-FVFDT_impostor_155,479,556,1592,1382,57,6,0.1053,False,0.0996,False,True,0.4759
aspanformer,finger,THU-FVFDT_impostor_155,479,556,80,80,80,20,0.2500,False,0.2419,False,True,2.1468
deepdetect,finger,THU-FVFDT_impostor_155,479,556,71297,69866,117,15,0.1282,False,0.1282,False,True,1.7606
loftr,finger,THU-FVFDT_impostor_156,606,132,142,142,142,24,0.1690,False,0.1644,False,True,2.0450
orb-fingervein,finger,THU-FVFDT_impostor_156,606,132,4883,4391,87,0,,False,,False,True,
sift-fingervein,finger,THU-FVFDT_impostor_156,606,132,1161,822,16,4,0.2500,False,0.2291,False,True,0.0000
superglue-fingervein,finger,THU-FVFDT_impostor_156,606,132,1050,951,0,0,,False,,False,True,
sgmnet-fingervein,finger,THU-FVFDT_impostor_156,606,132,1232,1099,82,8,0.0976,False,0.0945,False,True,0.1993
aspanformer,finger,THU-FVFDT_impostor_156,606,132,74,74,74,22,0.2973,False,0.2972,False,True,1.4600
deepdetect,finger,THU-FVFDT_impostor_156,606,132,60578,55449,92,0,,False,,False,True,
loftr,finger,THU-FVFDT_impostor_157,39,331,130,130,130,20,0.1538,False,0.1483,False,True,2.2215
orb-fingervein,finger,THU-FVFDT_impostor_157,39,331,4505,4961,76,11,0.1447,False,0.1429,False,True,1.3112
sift-fingervein,finger,THU-FVFDT_impostor_157,39,331,848,1444,12,0,,False,,False,True,
superglue-fingervein,finger,THU-FVFDT_impostor_157,39,331,1074,1244,0,0,,False,,False,True,
sgmnet-fingervein,finger,THU-FVFDT_impostor_157,39,331,1094,1423,83,7,0.0843,False,0.0808,False,True,0.8603
aspanformer,finger,THU-FVFDT_impostor_157,39,331,55,55,55,25,0.4545,True,0.4448,False,False,1.9310
deepdetect,finger,THU-FVFDT_impostor_157,39,331,32861,73458,40,15,0.3750,True,0.3750,False,False,1.6454
loftr,finger,THU-FVFDT_impostor_158,471,573,191,191,191,29,0.1518,False,0.1518,False,True,1.2467
orb-fingervein,finger,THU-FVFDT_impostor_158,471,573,4148,4833,72,0,,False,,False,True,
sift-fingervein,finger,THU-FVFDT_impostor_158,471,573,1559,1378,35,0,,False,,False,True,
superglue-fingervein,finger,THU-FVFDT_impostor_158,471,573,1234,939,65,21,0.3231,True,0.3014,False,False,2.8772
sgmnet-fingervein,finger,THU-FVFDT_impostor_158,471,573,1706,1560,90,8,0.0889,False,0.0861,False,True,0.5355
aspanformer,finger,THU-FVFDT_impostor_158,471,573,65,65,65,25,0.3846,False,0.3729,False,True,2.1176
deepdetect,finger,THU-FVFDT_impostor_158,471,573,66700,60518,90,0,,False,,False,True,
loftr,finger,THU-FVFDT_impostor_159,480,149,102,102,102,14,0.1373,False,0.1323,False,True,2.1405
orb-fingervein,finger,THU-FVFDT_impostor_159,480,149,4979,4683,87,0,,False,,False,True,
sift-fingervein,finger,THU-FVFDT_impostor_159,480,149,1324,937,15,6,0.4000,False,0.3785,False,True,0.7352
superglue-fingervein,finger,THU-FVFDT_impostor_159,480,149,1087,1080,1,0,,False,,False,True,
sgmnet-fingervein,finger,THU-FVFDT_impostor_159,480,149,1400,1122,77,8,0.1039,False,0.1006,False,True,0.6666
aspanformer,finger,THU-FVFDT_impostor_159,480,149,83,83,83,18,0.2169,False,0.2100,False,True,2.1175
deepdetect,finger,THU-FVFDT_impostor_159,480,149,69932,54103,149,24,0.1611,False,0.1611,False,True,2.0170
loftr,finger,THU-FVFDT_impostor_160,559,506,173,173,173,44,0.2543,False,0.2500,False,True,1.8414
orb-fingervein,finger,THU-FVFDT_impostor_160,559,506,5000,4368,78,0,,False,,False,True,
sift-fingervein,finger,THU-FVFDT_impostor_160,559,506,1543,899,16,5,0.3125,False,0.2913,False,True,0.7178
superglue-fingervein,finger,THU-FVFDT_impostor_160,559,506,1289,669,0,0,,False,,False,True,
sgmnet-fingervein,finger,THU-FVFDT_impostor_160,559,506,1555,1241,32,6,0.1875,False,0.1774,False,True,0.4522
aspanformer,finger,THU-FVFDT_impostor_160,559,506,131,131,131,41,0.3130,False,0.3078,False,True,1.8307
deepdetect,finger,THU-FVFDT_impostor_160,559,506,80939,51875,168,21,0.1250,False,0.1250,False,True,1.7873
loftr,finger,THU-FVFDT_impostor_161,345,605,110,110,110,21,0.1909,False,0.1853,False,True,2.0847
orb-fingervein,finger,THU-FVFDT_impostor_161,345,605,4022,4922,35,7,0.2000,False,0.1913,False,True,1.5344
sift-fingervein,finger,THU-FVFDT_impostor_161,345,605,994,1107,6,0,,False,,False,True,
superglue-fingervein,finger,THU-FVFDT_impostor_161,345,605,538,1066,0,0,,False,,False,True,
sgmnet-fingervein,finger,THU-FVFDT_impostor_161,345,605,1525,1268,71,7,0.0986,False,0.0945,False,True,0.8294
aspanformer,finger,THU-FVFDT_impostor_161,345,605,46,46,46,18,0.3913,False,0.3908,False,True,1.4097
deepdetect,finger,THU-FVFDT_impostor_161,345,605,45579,65116,51,12,0.2353,False,0.2353,False,True,1.4913
loftr,finger,THU-FVFDT_impostor_162,502,546,83,83,83,11,0.1325,False,0.1280,False,True,1.9304
orb-fingervein,finger,THU-FVFDT_impostor_162,502,546,4964,4681,58,7,0.1207,False,0.1157,False,True,1.1776
sift-fingervein,finger,THU-FVFDT_impostor_162,502,546,1463,1435,20,0,,False,,False,True,
superglue-fingervein,finger,THU-FVFDT_impostor_162,502,546,1376,1066,0,0,,False,,False,True,
sgmnet-fingervein,finger,THU-FVFDT_impostor_162,502,546,1477,1585,109,8,0.0734,False,0.0711,False,True,0.7146
aspanformer,finger,THU-FVFDT_impostor_162,502,546,51,51,51,21,0.4118,False,0.3912,False,True,2.5154
deepdetect,finger,THU-FVFDT_impostor_162,502,546,81920,62272,168,17,0.1012,False,0.1012,False,True,2.1681
loftr,finger,THU-FVFDT_impostor_163,32,245,115,115,115,21,0.1826,False,0.1765,False,True,2.1667
orb-fingervein,finger,THU-FVFDT_impostor_163,32,245,4419,5000,54,0,,False,,False,True,
sift-fingervein,finger,THU-FVFDT_impostor_163,32,245,872,1291,8,0,,False,,False,True,
superglue-fingervein,finger,THU-FVFDT_impostor_163,32,245,1079,1275,21,6,0.2857,True,0.2703,False,False,1.3842
sgmnet-fingervein,finger,THU-FVFDT_impostor_163,32,245,1184,1327,131,7,0.0534,False,0.0512,False,True,0.6009
aspanformer,finger,THU-FVFDT_impostor_163,32,245,50,50,50,15,0.3000,False,0.2922,False,True,1.9541
deepdetect,finger,THU-FVFDT_impostor_163,32,245,40127,68387,40,12,0.3000,True,0.3000,False,False,1.6799
loftr,finger,THU-FVFDT_impostor_164,608,475,208,208,208,57,0.2740,False,0.2630,False,True,2.3226
orb-fingervein,finger,THU-FVFDT_impostor_164,608,475,4924,4905,60,0,,False,,False,True,
sift-fingervein,finger,THU-FVFDT_impostor_164,608,475,1227,1736,13,0,,False,,False,True,
superglue-fingervein,finger,THU-FVFDT_impostor_164,608,475,979,1148,0,0,,False,,False,True,
sgmnet-fingervein,finger,THU-FVFDT_impostor_164,608,475,1254,1722,90,8,0.0889,False,0.0861,False,True,0.5880
aspanformer,finger,THU-FVFDT_impostor_164,608,475,100,100,100,29,0.2900,False,0.2743,False,True,2.6112
deepdetect,finger,THU-FVFDT_impostor_164,608,475,68056,68679,87,12,0.1379,False,0.1379,False,True,2.3388
loftr,finger,THU-FVFDT_impostor_165,203,524,139,139,139,18,0.1295,False,0.1279,False,True,1.7135
orb-fingervein,finger,THU-FVFDT_impostor_165,203,524,4802,2996,70,10,0.1429,False,0.1403,False,True,0.8031
sift-fingervein,finger,THU-FVFDT_impostor_165,203,524,837,887,3,0,,False,,False,True,
superglue-fingervein,finger,THU-FVFDT_impostor_165,203,524,1056,620,0,0,,False,,False,True,
sgmnet-fingervein,finger,THU-FVFDT_impostor_165,203,524,1065,1734,38,6,0.1579,False,0.1494,False,True,0.7674
aspanformer,finger,THU-FVFDT_impostor_165,203,524,16,16,16,8,0.5000,True,0.4841,False,False,1.4435
deepdetect,finger,THU-FVFDT_impostor_165,203,524,47407,35182,73,23,0.3151,True,0.3151,False,False,2.0163
loftr,finger,THU-FVFDT_impostor_166,559,368,158,158,158,22,0.1392,False,0.1333,False,True,2.3686
orb-fingervein,finger,THU-FVFDT_impostor_166,559,368,4971,5000,76,0,,False,,False,True,
sift-fingervein,finger,THU-FVFDT_impostor_166,559,368,1212,1802,15,0,,False,,False,True,
superglue-fingervein,finger,THU-FVFDT_impostor_166,559,368,1150,1404,2,0,,False,,False,True,
sgmnet-fingervein,finger,THU-FVFDT_impostor_166,559,368,1344,1762,102,7,0.0686,False,0.0658,False,True,0.5756
aspanformer,finger,THU-FVFDT_impostor_166,559,368,44,44,44,18,0.4091,False,0.3892,False,True,2.4689
deepdetect,finger,THU-FVFDT_impostor_166,559,368,70118,72726,124,0,,False,,False,True,
loftr,finger,THU-FVFDT_impostor_167,544,534,163,163,163,22,0.1350,False,0.1347,False,True,1.5314
orb-fingervein,finger,THU-FVFDT_impostor_167,544,534,4198,4718,49,8,0.1633,False,0.1573,False,True,1.5958
sift-fingervein,finger,THU-FVFDT_impostor_167,544,534,1155,961,20,7,0.3500,False,0.3354,False,True,0.8208
superglue-fingervein,finger,THU-FVFDT_impostor_167,544,534,690,1190,2,0,,False,,False,True,
sgmnet-fingervein,finger,THU-FVFDT_impostor_167,544,534,1424,1152,84,8,0.0952,False,0.0922,False,True,1.0976
aspanformer,finger,THU-FVFDT_impostor_167,544,534,25,25,25,10,0.4000,False,0.3929,False,True,1.1666
deepdetect,finger,THU-FVFDT_impostor_167,544,534,65700,68314,95,16,0.1684,False,0.1684,False,True,1.5686
loftr,finger,THU-FVFDT_impostor_168,607,232,139,139,139,19,0.1367,False,0.1366,False,True,1.4560
orb-fingervein,finger,THU-FVFDT_impostor_168,607,232,5000,4986,60,0,,False,,False,True,
sift-fingervein,finger,THU-FVFDT_impostor_168,607,232,1391,1212,14,5,0.3571,False,0.3329,False,True,0.9765
superglue-fingervein,finger,THU-FVFDT_impostor_168,607,232,1175,1024,0,0,,False,,False,True,
sgmnet-fingervein,finger,THU-FVFDT_impostor_168,607,232,1445,1293,87,7,0.0805,False,0.0771,False,True,0.8074
aspanformer,finger,THU-FVFDT_impostor_168,607,232,61,61,61,18,0.2951,False,0.2888,False,True,1.9021
deepdetect,finger,THU-FVFDT_impostor_168,607,232,77743,71870,116,15,0.1293,False,0.1293,False,True,3.0769
loftr,finger,THU-FVFDT_impostor_169,568,224,134,134,134,22,0.1642,False,0.1628,False,True,1.6617
orb-fingervein,finger,THU-FVFDT_impostor_169,568,224,4756,4972,83,0,,False,,False,True,
sift-fingervein,finger,THU-FVFDT_impostor_169,568,224,975,1502,20,6,0.3000,False,0.2839,False,True,0.4399
superglue-fingervein,finger,THU-FVFDT_impostor_169,568,224,845,785,1,0,,False,,False,True,
sgmnet-fingervein,finger,THU-FVFDT_impostor_169,568,224,1190,1577,90,8,0.0889,False,0.0861,False,True,0.9599
aspanformer,finger,THU-FVFDT_impostor_169,568,224,21,21,21,8,0.3810,False,0.3680,False,True,1.5466
deepdetect,finger,THU-FVFDT_impostor_169,568,224,69556,69943,61,10,0.1639,False,0.1639,False,True,2.2507
loftr,finger,THU-FVFDT_impostor_170,481,412,104,104,104,18,0.1731,False,0.1695,False,True,1.8956
orb-fingervein,finger,THU-FVFDT_impostor_170,481,412,4933,4467,40,0,,False,,False,True,
sift-fingervein,finger,THU-FVFDT_impostor_170,481,412,1483,1289,11,4,0.3636,False,0.3333,False,True,0.0000
superglue-fingervein,finger,THU-FVFDT_impostor_170,481,412,876,619,0,0,,False,,False,True,
sgmnet-fingervein,finger,THU-FVFDT_impostor_170,481,412,1579,1596,79,7,0.0886,False,0.0849,False,True,1.1399
aspanformer,finger,THU-FVFDT_impostor_170,481,412,34,34,34,11,0.3235,False,0.3151,False,True,1.7637
deepdetect,finger,THU-FVFDT_impostor_170,481,412,68666,53863,76,12,0.1579,False,0.1579,False,True,0.8123
loftr,finger,THU-FVFDT_impostor_171,36,374,84,84,84,15,0.1786,False,0.1724,False,True,2.1294
orb-fingervein,finger,THU-FVFDT_impostor_171,36,374,3706,4026,31,5,0.1613,False,0.1503,False,True,1.4906
sift-fingervein,finger,THU-FVFDT_impostor_171,36,374,728,1110,8,0,,False,,False,True,
superglue-fingervein,finger,THU-FVFDT_impostor_171,36,374,904,785,0,0,,False,,False,True,
sgmnet-fingervein,finger,THU-FVFDT_impostor_171,36,374,1259,1415,74,7,0.0946,False,0.0906,False,True,0.4787
aspanformer,finger,THU-FVFDT_impostor_171,36,374,11,11,11,0,,False,,False,True,
deepdetect,finger,THU-FVFDT_impostor_171,36,374,31281,64312,36,14,0.3889,True,0.3889,False,False,2.7646
loftr,finger,THU-FVFDT_impostor_172,510,596,115,115,115,21,0.1826,False,0.1745,False,True,2.4011
orb-fingervein,finger,THU-FVFDT_impostor_172,510,596,5000,4995,41,0,,False,,False,True,
sift-fingervein,finger,THU-FVFDT_impostor_172,510,596,1372,1588,16,0,,False,,False,True,
superglue-fingervein,finger,THU-FVFDT_impostor_172,510,596,1607,1267,0,0,,False,,False,True,
sgmnet-fingervein,finger,THU-FVFDT_impostor_172,510,596,1441,1605,127,0,,False,,False,True,
aspanformer,finger,THU-FVFDT_impostor_172,510,596,78,78,78,17,0.2179,False,0.2159,False,True,1.6545
deepdetect,finger,THU-FVFDT_impostor_172,510,596,64331,73293,75,14,0.1867,False,0.1867,False,True,2.1463
loftr,finger,THU-FVFDT_impostor_173,405,608,147,147,147,29,0.1973,False,0.1919,False,True,2.0518
orb-fingervein,finger,THU-FVFDT_impostor_173,405,608,4813,5000,85,10,0.1176,False,0.1156,False,True,0.8652
sift-fingervein,finger,THU-FVFDT_impostor_173,405,608,1285,1280,25,0,,False,,False,True,
superglue-fingervein,finger,THU-FVFDT_impostor_173,405,608,1328,1297,0,0,,False,,False,True,
sgmnet-fingervein,finger,THU-FVFDT_impostor_173,405,608,1293,1339,94,8,0.0851,False,0.0824,False,True,0.7770
aspanformer,finger,THU-FVFDT_impostor_173,405,608,63,63,63,15,0.2381,False,0.2333,False,True,1.8354
deepdetect,finger,THU-FVFDT_impostor_173,405,608,74315,75419,138,27,0.1957,False,0.1957,False,True,1.3886
loftr,finger,THU-FVFDT_impostor_174,396,273,152,152,152,23,0.1513,False,0.1481,False,True,1.9187
orb-fingervein,finger,THU-FVFDT_impostor_174,396,273,4637,5000,61,0,,False,,False,True,
sift-fingervein,finger,THU-FVFDT_impostor_174,396,273,1275,1421,5,0,,False,,False,True,
superglue-fingervein,finger,THU-FVFDT_impostor_174,396,273,761,1317,6,4,0.6667,True,0.6110,False,False,0.0000
sgmnet-fingervein,finger,THU-FVFDT_impostor_174,396,273,1637,1413,87,8,0.0920,False,0.0890,False,True,0.6340
aspanformer,finger,THU-FVFDT_impostor_174,396,273,57,57,57,13,0.2281,False,0.2232,False,True,1.7917
deepdetect,finger,THU-FVFDT_impostor_174,396,273,54586,75587,80,13,0.1625,False,0.1625,False,True,1.9803
loftr,finger,THU-FVFDT_impostor_175,314,478,121,121,121,22,0.1818,False,0.1731,False,True,2.4704
orb-fingervein,finger,THU-FVFDT_impostor_175,314,478,4465,4966,78,0,,False,,False,True,
sift-fingervein,finger,THU-FVFDT_impostor_175,314,478,1017,1348,11,4,0.3636,False,0.3333,False,True,0.0000
superglue-fingervein,finger,THU-FVFDT_impostor_175,314,478,783,945,0,0,,False,,False,True,
sgmnet-fingervein,finger,THU-FVFDT_impostor_175,314,478,1143,1519,61,7,0.1148,False,0.1100,False,True,1.0266
aspanformer,finger,THU-FVFDT_impostor_175,314,478,42,42,42,16,0.3810,False,0.3649,False,True,2.3080
deepdetect,finger,THU-FVFDT_impostor_175,314,478,67836,57530,103,0,,False,,False,True,
loftr,finger,THU-FVFDT_impostor_176,535,450,122,122,122,21,0.1721,False,0.1676,False,True,2.0231
orb-fingervein,finger,THU-FVFDT_impostor_176,535,450,4588,5000,66,10,0.1515,False,0.1488,False,True,0.8976
sift-fingervein,finger,THU-FVFDT_impostor_176,535,450,971,1847,14,0,,False,,False,True,
superglue-fingervein,finger,THU-FVFDT_impostor_176,535,450,889,1438,0,0,,False,,False,True,
sgmnet-fingervein,finger,THU-FVFDT_impostor_176,535,450,1314,1746,56,6,0.1071,False,0.1014,False,True,0.2941
aspanformer,finger,THU-FVFDT_impostor_176,535,450,14,14,14,6,0.4286,True,0.4055,False,False,1.0259
deepdetect,finger,THU-FVFDT_impostor_176,535,450,53586,78696,81,17,0.2099,False,0.2099,False,True,2.9114
loftr,finger,THU-FVFDT_impostor_177,556,132,117,117,117,20,0.1709,False,0.1644,False,True,2.2633
orb-fingervein,finger,THU-FVFDT_impostor_177,556,132,4537,4442,100,0,,False,,False,True,
sift-fingervein,finger,THU-FVFDT_impostor_177,556,132,803,779,10,4,0.4000,False,0.3666,False,True,0.0000
superglue-fingervein,finger,THU-FVFDT_impostor_177,556,132,862,1010,0,0,,False,,False,True,
sgmnet-fingervein,finger,THU-FVFDT_impostor_177,556,132,1046,1022,59,7,0.1186,False,0.1137,False,True,0.7184
aspanformer,finger,THU-FVFDT_impostor_177,556,132,80,80,80,18,0.2250,False,0.2247,False,True,1.4185
deepdetect,finger,THU-FVFDT_impostor_177,556,132,68468,50066,85,0,,False,,False,True,
loftr,finger,THU-FVFDT_impostor_178,191,504,56,56,56,11,0.1964,False,0.1918,False,True,1.7118
orb-fingervein,finger,THU-FVFDT_impostor_178,191,504,3697,4910,74,0,,False,,False,True,
sift-fingervein,finger,THU-FVFDT_impostor_178,191,504,829,1023,12,0,,False,,False,True,
superglue-fingervein,finger,THU-FVFDT_impostor_178,191,504,1180,1425,0,0,,False,,False,True,
sgmnet-fingervein,finger,THU-FVFDT_impostor_178,191,504,1192,1146,133,9,0.0677,False,0.0661,False,True,0.8592
aspanformer,finger,THU-FVFDT_impostor_178,191,504,63,63,63,21,0.3333,False,0.3276,False,True,1.8383
deepdetect,finger,THU-FVFDT_impostor_178,191,504,52391,65197,68,14,0.2059,False,0.2059,False,True,1.7315
loftr,finger,THU-FVFDT_impostor_179,112,231,152,152,152,17,0.1118,False,0.1067,False,True,2.4007
orb-fingervein,finger,THU-FVFDT_impostor_179,112,231,4951,4967,53,0,,False,,False,True,
sift-fingervein,finger,THU-FVFDT_impostor_179,112,231,1123,1389,22,0,,False,,False,True,
superglue-fingervein,finger,THU-FVFDT_impostor_179,112,231,1006,1261,0,0,,False,,False,True,
sgmnet-fingervein,finger,THU-FVFDT_impostor_179,112,231,1301,1367,125,8,0.0640,False,0.0620,False,True,0.8221
aspanformer,finger,THU-FVFDT_impostor_179,112,231,40,40,40,11,0.2750,False,0.2714,False,True,1.1984
deepdetect,finger,THU-FVFDT_impostor_179,112,231,54112,76278,68,11,0.1618,False,0.1618,False,True,1.0038
loftr,finger,THU-FVFDT_impostor_180,168,531,111,111,111,19,0.1712,False,0.1670,False,True,1.9777
orb-fingervein,finger,THU-FVFDT_impostor_180,168,531,4905,4699,88,0,,False,,False,True,
sift-fingervein,finger,THU-FVFDT_impostor_180,168,531,884,1158,12,5,0.4167,False,0.3884,False,True,0.6869
superglue-fingervein,finger,THU-FVFDT_impostor_180,168,531,1134,766,0,0,,False,,False,True,
sgmnet-fingervein,finger,THU-FVFDT_impostor_180,168,531,988,1384,54,7,0.1296,False,0.1242,False,True,0.1159
aspanformer,finger,THU-FVFDT_impostor_180,168,531,46,46,46,11,0.2391,False,0.2270,False,True,2.2765
deepdetect,finger,THU-FVFDT_impostor_180,168,531,39211,59107,74,18,0.2432,False,0.2432,False,True,0.9878
loftr,finger,THU-FVFDT_impostor_181,466,173,127,127,127,25,0.1969,False,0.1872,False,True,2.4975
orb-fingervein,finger,THU-FVFDT_impostor_181,466,173,4926,4769,67,0,,False,,False,True,
sift-fingervein,finger,THU-FVFDT_impostor_181,466,173,1630,819,17,0,,False,,False,True,
superglue-fingervein,finger,THU-FVFDT_impostor_181,466,173,945,1212,2,0,,False,,False,True,
sgmnet-fingervein,finger,THU-FVFDT_impostor_181,466,173,1703,1108,29,7,0.2414,True,0.2313,False,False,0.7610
aspanformer,finger,THU-FVFDT_impostor_181,466,173,30,30,30,10,0.3333,False,0.3206,False,True,1.9212
deepdetect,finger,THU-FVFDT_impostor_181,466,173,73097,54037,66,12,0.1818,False,0.1818,False,True,1.1140
loftr,finger,THU-FVFDT_impostor_182,391,549,158,158,158,31,0.1962,False,0.1912,False,True,2.0128
orb-fingervein,finger,THU-FVFDT_impostor_182,391,549,4882,4990,65,0,,False,,False,True,
sift-fingervein,finger,THU-FVFDT_impostor_182,391,549,1224,1657,13,0,,False,,False,True,
superglue-fingervein,finger,THU-FVFDT_impostor_182,391,549,793,760,0,0,,False,,False,True,
sgmnet-fingervein,finger,THU-FVFDT_impostor_182,391,549,1431,1650,133,8,0.0602,False,0.0582,False,True,0.4995
aspanformer,finger,THU-FVFDT_impostor_182,391,549,95,95,95,32,0.3368,False,0.3368,False,True,0.6803
deepdetect,finger,THU-FVFDT_impostor_182,391,549,60446,54827,61,13,0.2131,False,0.2131,False,True,1.7772
loftr,finger,THU-FVFDT_impostor_183,315,364,168,168,168,21,0.1250,False,0.1239,False,True,1.6701
orb-fingervein,finger,THU-FVFDT_impostor_183,315,364,4563,4946,56,8,0.1429,False,0.1383,False,True,0.8440
sift-fingervein,finger,THU-FVFDT_impostor_183,315,364,1322,1534,7,4,0.5714,True,0.5237,False,False,0.0000
superglue-fingervein,finger,THU-FVFDT_impostor_183,315,364,919,776,0,0,,False,,False,True,
sgmnet-fingervein,finger,THU-FVFDT_impostor_183,315,364,1563,1690,110,8,0.0727,False,0.0704,False,True,0.9654
aspanformer,finger,THU-FVFDT_impostor_183,315,364,105,105,105,35,0.3333,False,0.3264,False,True,1.9188
deepdetect,finger,THU-FVFDT_impostor_183,315,364,49582,66065,105,16,0.1524,False,0.1524,False,True,1.7724
loftr,finger,THU-FVFDT_impostor_184,5,19,148,148,148,23,0.1554,False,0.1512,False,True,2.0439
orb-fingervein,finger,THU-FVFDT_impostor_184,5,19,4610,3686,62,0,,False,,False,True,
sift-fingervein,finger,THU-FVFDT_impostor_184,5,19,985,644,27,0,,False,,False,True,
superglue-fingervein,finger,THU-FVFDT_impostor_184,5,19,1132,968,0,0,,False,,False,True,
sgmnet-fingervein,finger,THU-FVFDT_impostor_184,5,19,1143,1117,180,9,0.0500,False,0.0488,False,True,1.2230
aspanformer,finger,THU-FVFDT_impostor_184,5,19,66,66,66,34,0.5152,True,0.5151,False,False,1.4284
deepdetect,finger,THU-FVFDT_impostor_184,5,19,46263,42947,55,12,0.2182,False,0.2182,False,True,1.7564
loftr,finger,THU-FVFDT_impostor_185,252,375,103,103,103,20,0.1942,False,0.1878,False,True,2.1513
orb-fingervein,finger,THU-FVFDT_impostor_185,252,375,4870,3735,72,0,,False,,False,True,
sift-fingervein,finger,THU-FVFDT_impostor_185,252,375,1309,1145,13,5,0.3846,False,0.3585,False,True,0.1699
superglue-fingervein,finger,THU-FVFDT_impostor_185,252,375,955,847,0,0,,False,,False,True,
sgmnet-fingervein,finger,THU-FVFDT_impostor_185,252,375,1431,1479,107,7,0.0654,False,0.0627,False,True,0.9690
aspanformer,finger,THU-FVFDT_impostor_185,252,375,5,5,5,4,0.8000,True,0.7332,False,False,0.0000
deepdetect,finger,THU-FVFDT_impostor_185,252,375,65570,59782,130,25,0.1923,False,0.1923,False,True,2.6582
loftr,finger,THU-FVFDT_impostor_186,399,150,129,129,129,17,0.1318,False,0.1277,False,True,2.0854
orb-fingervein,finger,THU-FVFDT_impostor_186,399,150,4980,4315,45,0,,False,,False,True,
sift-fingervein,finger,THU-FVFDT_impostor_186,399,150,1600,815,12,0,,False,,False,True,
superglue-fingervein,finger,THU-FVFDT_impostor_186,399,150,1004,1418,0,0,,False,,False,True,
sgmnet-fingervein,finger,THU-FVFDT_impostor_186,399,150,1613,1109,28,6,0.2143,True,0.2028,False,False,0.7003
aspanformer,finger,THU-FVFDT_impostor_186,399,150,13,13,13,8,0.6154,True,0.5813,False,False,1.9948
deepdetect,finger,THU-FVFDT_impostor_186,399,150,67216,29441,136,19,0.1397,False,0.1397,False,True,1.3742
loftr,finger,THU-FVFDT_impostor_187,444,497,181,181,181,40,0.2210,False,0.2210,False,True,0.7929
orb-fingervein,finger,THU-FVFDT_impostor_187,444,497,4530,4536,89,0,,False,,False,True,
sift-fingervein,finger,THU-FVFDT_impostor_187,444,497,1103,1000,11,0,,False,,False,True,
superglue-fingervein,finger,THU-FVFDT_impostor_187,444,497,647,683,10,7,0.7000,True,0.6535,False,False,2.0224
sgmnet-fingervein,finger,THU-FVFDT_impostor_187,444,497,1284,1233,124,8,0.0645,False,0.0625,False,True,0.7435
aspanformer,finger,THU-FVFDT_impostor_187,444,497,145,145,145,54,0.3724,False,0.3676,False,True,1.7603
deepdetect,finger,THU-FVFDT_impostor_187,444,497,63139,65745,87,14,0.1609,False,0.1609,False,True,2.2596
loftr,finger,THU-FVFDT_impostor_188,589,479,129,129,129,25,0.1938,False,0.1862,False,True,2.2981
orb-fingervein,finger,THU-FVFDT_impostor_188,589,479,4550,4919,65,0,,False,,False,True,
sift-fingervein,finger,THU-FVFDT_impostor_188,589,479,1105,1311,13,0,,False,,False,True,
superglue-fingervein,finger,THU-FVFDT_impostor_188,589,479,665,1039,0,0,,False,,False,True,
sgmnet-fingervein,finger,THU-FVFDT_impostor_188,589,479,1433,1435,82,7,0.0854,False,0.0818,False,True,0.5738
aspanformer,finger,THU-FVFDT_impostor_188,589,479,64,64,64,27,0.4219,True,0.4218,False,False,1.2198
deepdetect,finger,THU-FVFDT_impostor_188,589,479,52610,71355,69,11,0.1594,False,0.1594,False,True,1.2199
loftr,finger,THU-FVFDT_impostor_189,260,171,139,139,139,19,0.1367,False,0.1310,False,True,2.3265
orb-fingervein,finger,THU-FVFDT_impostor_189,260,171,4327,4901,87,0,,False,,False,True,
sift-fingervein,finger,THU-FVFDT_impostor_189,260,171,1128,820,16,4,0.2500,False,0.2291,False,True,0.0000
superglue-fingervein,finger,THU-FVFDT_impostor_189,260,171,973,1256,0,0,,False,,False,True,
sgmnet-fingervein,finger,THU-FVFDT_impostor_189,260,171,1409,963,57,6,0.1053,False,0.0996,False,True,0.8120
aspanformer,finger,THU-FVFDT_impostor_189,260,171,37,37,37,14,0.3784,False,0.3765,False,True,1.2663
deepdetect,finger,THU-FVFDT_impostor_189,260,171,57001,57952,77,16,0.2078,False,0.2078,False,True,1.4507
loftr,finger,THU-FVFDT_impostor_190,558,88,142,142,142,32,0.2254,False,0.2121,False,True,2.7110
orb-fingervein,finger,THU-FVFDT_impostor_190,558,88,5000,3891,84,9,0.1071,False,0.1045,False,True,1.5174
sift-fingervein,finger,THU-FVFDT_impostor_190,558,88,1682,680,15,5,0.3333,False,0.3107,False,True,0.5053
superglue-fingervein,finger,THU-FVFDT_impostor_190,558,88,1500,797,0,0,,False,,False,True,
sgmnet-fingervein,finger,THU-FVFDT_impostor_190,558,88,1571,1031,39,7,0.1795,False,0.1720,False,True,0.9486
aspanformer,finger,THU-FVFDT_impostor_190,558,88,54,54,54,21,0.3889,False,0.3725,False,True,2.3489
deepdetect,finger,THU-FVFDT_impostor_190,558,88,66912,46037,120,18,0.1500,False,0.1500,False,True,0.4987
loftr,finger,THU-FVFDT_impostor_191,524,333,127,127,127,19,0.1496,False,0.1452,False,True,2.0779
orb-fingervein,finger,THU-FVFDT_impostor_191,524,333,3026,5000,40,8,0.2000,False,0.1936,False,True,0.7892
sift-fingervein,finger,THU-FVFDT_impostor_191,524,333,923,1689,13,5,0.3846,False,0.3585,False,True,1.2514
superglue-fingervein,finger,THU-FVFDT_impostor_191,524,333,443,1340,0,0,,False,,False,True,
sgmnet-fingervein,finger,THU-FVFDT_impostor_191,524,333,1707,1678,67,7,0.1045,False,0.1001,False,True,0.4679
aspanformer,finger,THU-FVFDT_impostor_191,524,333,15,15,15,6,0.4000,False,0.3785,False,True,0.9911
deepdetect,finger,THU-FVFDT_impostor_191,524,333,35955,73289,42,11,0.2619,False,0.2619,False,True,1.8187
loftr,finger,THU-FVFDT_impostor_192,107,528,123,123,123,25,0.2033,False,0.1984,False,True,1.9814
orb-fingervein,finger,THU-FVFDT_impostor_192,107,528,4564,4760,61,7,0.1148,False,0.1100,False,True,1.2021
sift-fingervein,finger,THU-FVFDT_impostor_192,107,528,877,1409,13,0,,False,,False,True,
superglue-fingervein,finger,THU-FVFDT_impostor_192,107,528,1059,984,0,0,,False,,False,True,
sgmnet-fingervein,finger,THU-FVFDT_impostor_192,107,528,1076,1712,51,7,0.1373,False,0.1315,False,True,0.8881
aspanformer,finger,THU-FVFDT_impostor_192,107,528,52,52,52,19,0.3654,False,0.3643,False,True,1.5419
deepdetect,finger,THU-FVFDT_impostor_192,107,528,63774,61337,75,0,,False,,False,True,
loftr,finger,THU-FVFDT_impostor_193,167,506,78,78,78,17,0.2179,False,0.2090,False,True,2.3015
orb-fingervein,finger,THU-FVFDT_impostor_193,167,506,3679,4370,51,9,0.1765,False,0.1723,False,True,0.9546
sift-fingervein,finger,THU-FVFDT_impostor_193,167,506,782,879,11,0,,False,,False,True,
superglue-fingervein,finger,THU-FVFDT_impostor_193,167,506,866,619,0,0,,False,,False,True,
sgmnet-fingervein,finger,THU-FVFDT_impostor_193,167,506,1131,1212,142,7,0.0493,False,0.0472,False,True,1.0514
aspanformer,finger,THU-FVFDT_impostor_193,167,506,99,99,99,28,0.2828,False,0.2714,False,True,2.3231
deepdetect,finger,THU-FVFDT_impostor_193,167,506,47354,54133,58,16,0.2759,False,0.2759,False,True,1.3274
loftr,finger,THU-FVFDT_impostor_194,490,33,125,125,125,22,0.1760,False,0.1675,False,True,2.4818
orb-fingervein,finger,THU-FVFDT_impostor_194,490,33,3646,4021,79,0,,False,,False,True,
sift-fingervein,finger,THU-FVFDT_impostor_194,490,33,908,761,7,0,,False,,False,True,
superglue-fingervein,finger,THU-FVFDT_impostor_194,490,33,567,909,0,0,,False,,False,True,
sgmnet-fingervein,finger,THU-FVFDT_impostor_194,490,33,1386,1104,61,8,0.1311,False,0.1270,False,True,0.7289
aspanformer,finger,THU-FVFDT_impostor_194,490,33,27,27,27,12,0.4444,True,0.4402,False,False,1.0703
deepdetect,finger,THU-FVFDT_impostor_194,490,33,47674,34002,67,15,0.2239,False,0.2239,False,True,2.2785
loftr,finger,THU-FVFDT_impostor_195,282,453,209,209,209,27,0.1292,False,0.1278,False,True,1.7156
orb-fingervein,finger,THU-FVFDT_impostor_195,282,453,5000,4994,50,0,,False,,False,True,
sift-fingervein,finger,THU-FVFDT_impostor_195,282,453,1774,1620,15,5,0.3333,False,0.3107,False,True,0.3559
superglue-fingervein,finger,THU-FVFDT_impostor_195,282,453,914,1326,0,0,,False,,False,True,
sgmnet-fingervein,finger,THU-FVFDT_impostor_195,282,453,1776,1586,115,10,0.0870,False,0.0854,False,True,1.3031
aspanformer,finger,THU-FVFDT_impostor_195,282,453,50,50,50,14,0.2800,False,0.2720,False,True,1.9796
deepdetect,finger,THU-FVFDT_impostor_195,282,453,69762,70851,98,15,0.1531,False,0.1531,False,True,1.6537
loftr,finger,THU-FVFDT_impostor_196,317,450,168,168,168,25,0.1488,False,0.1440,False,True,2.1485
orb-fingervein,finger,THU-FVFDT_impostor_196,317,450,4624,5000,51,7,0.1373,False,0.1314,False,True,1.5121
sift-fingervein,finger,THU-FVFDT_impostor_196,317,450,877,1762,6,0,,False,,False,True,
superglue-fingervein,finger,THU-FVFDT_impostor_196,317,450,806,1278,0,0,,False,,False,True,
sgmnet-fingervein,finger,THU-FVFDT_impostor_196,317,450,1078,1854,54,6,0.1111,False,0.1051,False,True,0.3595
aspanformer,finger,THU-FVFDT_impostor_196,317,450,18,18,18,7,0.3889,False,0.3727,False,True,0.6275
deepdetect,finger,THU-FVFDT_impostor_196,317,450,62842,67900,119,17,0.1429,False,0.1429,False,True,1.9870
loftr,finger,THU-FVFDT_impostor_197,371,119,141,141,141,21,0.1489,False,0.1459,False,True,1.9027
orb-fingervein,finger,THU-FVFDT_impostor_197,371,119,5000,4932,54,9,0.1667,False,0.1591,False,True,1.9501
sift-fingervein,finger,THU-FVFDT_impostor_197,371,119,1368,950,10,0,,False,,False,True,
superglue-fingervein,finger,THU-FVFDT_impostor_197,371,119,1418,1138,2,0,,False,,False,True,
sgmnet-fingervein,finger,THU-FVFDT_impostor_197,371,119,1336,1151,46,6,0.1304,False,0.1234,False,True,0.7390
aspanformer,finger,THU-FVFDT_impostor_197,371,119,66,66,66,17,0.2576,False,0.2559,False,True,1.5963
deepdetect,finger,THU-FVFDT_impostor_197,371,119,78758,48801,152,0,,False,,False,True,
loftr,finger,THU-FVFDT_impostor_198,106,71,108,108,108,17,0.1574,False,0.1550,False,True,1.7683
orb-fingervein,finger,THU-FVFDT_impostor_198,106,71,4467,5000,61,0,,False,,False,True,
sift-fingervein,finger,THU-FVFDT_impostor_198,106,71,877,980,9,4,0.4444,False,0.4073,False,True,0.0000
superglue-fingervein,finger,THU-FVFDT_impostor_198,106,71,1027,1409,15,6,0.4000,True,0.3785,False,False,0.6964
sgmnet-fingervein,finger,THU-FVFDT_impostor_198,106,71,1140,1136,172,11,0.0640,False,0.0631,False,True,1.4508
aspanformer,finger,THU-FVFDT_impostor_198,106,71,27,27,27,8,0.2963,False,0.2856,False,True,1.5870
deepdetect,finger,THU-FVFDT_impostor_198,106,71,52876,60784,56,16,0.2857,False,0.2857,False,True,1.6698
loftr,finger,THU-FVFDT_impostor_199,363,310,143,143,143,15,0.1049,False,0.1018,False,True,2.0182
orb-fingervein,finger,THU-FVFDT_impostor_199,363,310,4996,4976,74,8,0.1081,False,0.1045,False,True,1.5384
sift-fingervein,finger,THU-FVFDT_impostor_199,363,310,1134,2107,12,4,0.3333,False,0.3055,False,True,0.0000
superglue-fingervein,finger,THU-FVFDT_impostor_199,363,310,1387,1272,0,0,,False,,False,True,
sgmnet-fingervein,finger,THU-FVFDT_impostor_199,363,310,1223,2000,107,8,0.0748,False,0.0724,False,True,0.7262
aspanformer,finger,THU-FVFDT_impostor_199,363,310,65,65,65,17,0.2615,False,0.2542,False,True,2.0318
deepdetect,finger,THU-FVFDT_impostor_199,363,310,64779,72953,90,12,0.1333,False,0.1333,False,True,2.0709
loftr,finger,THU-FVFDT_impostor_200,274,33,107,107,107,15,0.1402,False,0.1385,False,True,1.6660
orb-fingervein,finger,THU-FVFDT_impostor_200,274,33,4550,3991,57,0,,False,,False,True,
sift-fingervein,finger,THU-FVFDT_impostor_200,274,33,1165,745,16,5,0.3125,False,0.2913,False,True,0.2827
superglue-fingervein,finger,THU-FVFDT_impostor_200,274,33,734,856,0,0,,False,,False,True,
sgmnet-fingervein,finger,THU-FVFDT_impostor_200,274,33,1417,1047,71,7,0.0986,False,0.0945,False,True,0.9763
aspanformer,finger,THU-FVFDT_impostor_200,274,33,17,17,17,7,0.4118,False,0.3946,False,True,1.2282
deepdetect,finger,THU-FVFDT_impostor_200,274,33,62386,36223,124,27,0.2177,False,0.2177,False,True,1.5969
loftr,finger,THU-FVFDT_impostor_201,135,384,103,103,103,13,0.1262,False,0.1209,False,True,2.2228
orb-fingervein,finger,THU-FVFDT_impostor_201,135,384,4601,4234,43,6,0.1395,False,0.1320,False,True,0.7546
sift-fingervein,finger,THU-FVFDT_impostor_201,135,384,930,987,8,4,0.5000,True,0.4583,False,False,0.0000
superglue-fingervein,finger,THU-FVFDT_impostor_201,135,384,1058,730,0,0,,False,,False,True,
sgmnet-fingervein,finger,THU-FVFDT_impostor_201,135,384,1254,1340,68,7,0.1029,False,0.0986,False,True,0.9566
aspanformer,finger,THU-FVFDT_impostor_201,135,384,42,42,42,15,0.3571,False,0.3331,False,True,2.8200
deepdetect,finger,THU-FVFDT_impostor_201,135,384,42205,57448,89,0,,False,,False,True,
loftr,finger,THU-FVFDT_impostor_202,84,435,140,140,140,19,0.1357,False,0.1313,False,True,2.1496
orb-fingervein,finger,THU-FVFDT_impostor_202,84,435,4317,4595,57,8,0.1404,False,0.1345,False,True,1.7096
sift-fingervein,finger,THU-FVFDT_impostor_202,84,435,947,1307,7,0,,False,,False,True,
superglue-fingervein,finger,THU-FVFDT_impostor_202,84,435,878,1010,0,0,,False,,False,True,
sgmnet-fingervein,finger,THU-FVFDT_impostor_202,84,435,1269,1461,126,0,,False,,False,True,
aspanformer,finger,THU-FVFDT_impostor_202,84,435,38,38,38,9,0.2368,False,0.2291,False,True,1.6806
deepdetect,finger,THU-FVFDT_impostor_202,84,435,40994,69350,54,0,,False,,False,True,
loftr,finger,THU-FVFDT_impostor_203,371,40,115,115,115,26,0.2261,False,0.2142,False,True,2.5786
orb-fingervein,finger,THU-FVFDT_impostor_203,371,40,5000,4584,57,0,,False,,False,True,
sift-fingervein,finger,THU-FVFDT_impostor_203,371,40,1368,759,12,0,,False,,False,True,
superglue-fingervein,finger,THU-FVFDT_impostor_203,371,40,1418,1221,2,0,,False,,False,True,
sgmnet-fingervein,finger,THU-FVFDT_impostor_203,371,40,1336,933,39,7,0.1795,False,0.1720,False,True,0.6996
aspanformer,finger,THU-FVFDT_impostor_203,371,40,46,46,46,14,0.3043,False,0.2960,False,True,1.9531
deepdetect,finger,THU-FVFDT_impostor_203,371,40,78758,45314,116,18,0.1552,False,0.1552,False,True,2.3194
loftr,finger,THU-FVFDT_impostor_204,284,220,78,78,78,11,0.1410,False,0.1353,False,True,2.0671
orb-fingervein,finger,THU-FVFDT_impostor_204,284,220,4928,4926,65,0,,False,,False,True,
sift-fingervein,finger,THU-FVFDT_impostor_204,284,220,1383,940,20,5,0.2500,False,0.2330,False,True,0.8747
superglue-fingervein,finger,THU-FVFDT_impostor_204,284,220,1897,1143,0,0,,False,,False,True,
sgmnet-fingervein,finger,THU-FVFDT_impostor_204,284,220,1604,1187,65,9,0.1385,False,0.1352,False,True,0.7967
aspanformer,finger,THU-FVFDT_impostor_204,284,220,4,4,4,0,,False,,False,True,
deepdetect,finger,THU-FVFDT_impostor_204,284,220,69177,40476,96,0,,False,,False,True,
loftr,finger,THU-FVFDT_impostor_205,250,336,109,109,109,17,0.1560,False,0.1520,False,True,1.9835
orb-fingervein,finger,THU-FVFDT_impostor_205,250,336,4525,5000,46,7,0.1522,False,0.1458,False,True,1.0191
sift-fingervein,finger,THU-FVFDT_impostor_205,250,336,1211,1491,10,0,,False,,False,True,
superglue-fingervein,finger,THU-FVFDT_impostor_205,250,336,592,1664,5,5,1.0000,True,0.9322,False,False,1.0798
sgmnet-fingervein,finger,THU-FVFDT_impostor_205,250,336,1497,1474,86,7,0.0814,False,0.0780,False,True,0.6974
aspanformer,finger,THU-FVFDT_impostor_205,250,336,36,36,36,10,0.2778,False,0.2715,False,True,1.6025
deepdetect,finger,THU-FVFDT_impostor_205,250,336,51234,75747,64,0,,False,,False,True,
loftr,finger,THU-FVFDT_impostor_206,410,204,178,178,178,35,0.1966,False,0.1889,False,True,2.2993
orb-fingervein,finger,THU-FVFDT_impostor_206,410,204,5000,4721,49,0,,False,,False,True,
sift-fingervein,finger,THU-FVFDT_impostor_206,410,204,1500,939,15,0,,False,,False,True,
superglue-fingervein,finger,THU-FVFDT_impostor_206,410,204,954,1034,99,17,0.1717,True,0.1646,False,False,2.3079
sgmnet-fingervein,finger,THU-FVFDT_impostor_206,410,204,1548,1213,61,7,0.1148,False,0.1100,False,True,0.3820
aspanformer,finger,THU-FVFDT_impostor_206,410,204,64,64,64,18,0.2812,False,0.2736,False,True,2.0249
deepdetect,finger,THU-FVFDT_impostor_206,410,204,72972,44034,119,0,,False,,False,True,
loftr,finger,THU-FVFDT_impostor_207,229,307,200,200,200,30,0.1500,False,0.1492,False,True,1.6130
orb-fingervein,finger,THU-FVFDT_impostor_207,229,307,4974,4872,42,0,,False,,False,True,
sift-fingervein,finger,THU-FVFDT_impostor_207,229,307,1272,1349,7,4,0.5714,True,0.5237,False,False,0.0000
superglue-fingervein,finger,THU-FVFDT_impostor_207,229,307,954,1975,0,0,,False,,False,True,
sgmnet-fingervein,finger,THU-FVFDT_impostor_207,229,307,1442,1573,73,6,0.0822,False,0.0778,False,True,0.4536
aspanformer,finger,THU-FVFDT_impostor_207,229,307,38,38,38,10,0.2632,False,0.2473,False,True,2.3828
deepdetect,finger,THU-FVFDT_impostor_207,229,307,62408,62065,120,18,0.1500,False,0.1500,False,True,1.9622
loftr,finger,THU-FVFDT_impostor_208,182,463,105,105,105,21,0.2000,False,0.1932,False,True,2.1839
orb-fingervein,finger,THU-FVFDT_impostor_208,182,463,4477,5000,67,0,,False,,False,True,
sift-fingervein,finger,THU-FVFDT_impostor_208,182,463,853,1171,13,5,0.3846,False,0.3585,False,True,0.0347
superglue-fingervein,finger,THU-FVFDT_impostor_208,182,463,909,1189,2,0,,False,,False,True,
sgmnet-fingervein,finger,THU-FVFDT_impostor_208,182,463,1135,1164,100,7,0.0700,False,0.0671,False,True,0.8107
aspanformer,finger,THU-FVFDT_impostor_208,182,463,39,39,39,13,0.3333,False,0.3196,False,True,2.2021
deepdetect,finger,THU-FVFDT_impostor_208,182,463,44210,65235,56,0,,False,,False,True,
loftr,finger,THU-FVFDT_impostor_209,594,212,104,104,104,19,0.1827,False,0.1781,False,True,1.9847
orb-fingervein,finger,THU-FVFDT_impostor_209,594,212,4963,4626,72,10,0.1389,False,0.1346,False,True,1.7770
sift-fingervein,finger,THU-FVFDT_impostor_209,594,212,1521,883,29,0,,False,,False,True,
superglue-fingervein,finger,THU-FVFDT_impostor_209,594,212,1433,1178,0,0,,False,,False,True,
sgmnet-fingervein,finger,THU-FVFDT_impostor_209,594,212,1571,1162,56,7,0.1250,False,0.1198,False,True,0.5959
aspanformer,finger,THU-FVFDT_impostor_209,594,212,10,10,10,0,,False,,False,True,
deepdetect,finger,THU-FVFDT_impostor_209,594,212,69404,37658,108,0,,False,,False,True,
loftr,finger,THU-FVFDT_impostor_210,340,89,118,118,118,20,0.1695,False,0.1634,False,True,2.2241
orb-fingervein,finger,THU-FVFDT_impostor_210,340,89,4958,4953,65,0,,False,,False,True,
sift-fingervein,finger,THU-FVFDT_impostor_210,340,89,1362,984,17,0,,False,,False,True,
superglue-fingervein,finger,THU-FVFDT_impostor_210,340,89,1112,1172,1,0,,False,,False,True,
sgmnet-fingervein,finger,THU-FVFDT_impostor_210,340,89,1377,1146,52,6,0.1154,False,0.1092,False,True,0.4767
aspanformer,finger,THU-FVFDT_impostor_210,340,89,28,28,28,8,0.2857,False,0.2700,False,True,1.9827
deepdetect,finger,THU-FVFDT_impostor_210,340,89,70741,24520,171,0,,False,,False,True,
loftr,finger,THU-FVFDT_impostor_211,199,314,127,127,127,24,0.1890,False,0.1858,False,True,1.8330
orb-fingervein,finger,THU-FVFDT_impostor_211,199,314,4370,4465,54,0,,False,,False,True,
sift-fingervein,finger,THU-FVFDT_impostor_211,199,314,908,1017,10,5,0.5000,True,0.4661,False,False,0.0000
superglue-fingervein,finger,THU-FVFDT_impostor_211,199,314,963,783,0,0,,False,,False,True,
sgmnet-fingervein,finger,THU-FVFDT_impostor_211,199,314,1339,1143,49,6,0.1224,False,0.1159,False,True,0.5252
aspanformer,finger,THU-FVFDT_impostor_211,199,314,26,26,26,12,0.4615,True,0.4458,False,False,2.0026
deepdetect,finger,THU-FVFDT_impostor_211,199,314,32991,67836,29,11,0.3793,True,0.3793,False,False,1.6943
loftr,finger,THU-FVFDT_impostor_212,67,400,147,147,147,30,0.2041,False,0.1930,False,True,2.6133
orb-fingervein,finger,THU-FVFDT_impostor_212,67,400,4641,4915,97,10,0.1031,False,0.1013,False,True,1.2510
sift-fingervein,finger,THU-FVFDT_impostor_212,67,400,730,1335,8,0,,False,,False,True,
superglue-fingervein,finger,THU-FVFDT_impostor_212,67,400,1199,1047,1,0,,False,,False,True,
sgmnet-fingervein,finger,THU-FVFDT_impostor_212,67,400,904,1548,47,8,0.1702,False,0.1648,False,True,1.1106
aspanformer,finger,THU-FVFDT_impostor_212,67,400,64,64,64,23,0.3594,False,0.3473,False,True,2.1784
deepdetect,finger,THU-FVFDT_impostor_212,67,400,54259,61996,55,13,0.2364,False,0.2364,False,True,2.4735
loftr,finger,THU-FVFDT_impostor_213,527,378,149,149,149,27,0.1812,False,0.1749,False,True,2.2044
orb-fingervein,finger,THU-FVFDT_impostor_213,527,378,4954,3884,99,0,,False,,False,True,
sift-fingervein,finger,THU-FVFDT_impostor_213,527,378,1223,1231,13,5,0.3846,False,0.3585,False,True,0.8054
superglue-fingervein,finger,THU-FVFDT_impostor_213,527,378,1122,862,0,0,,False,,False,True,
sgmnet-fingervein,finger,THU-FVFDT_impostor_213,527,378,1264,1346,73,7,0.0959,False,0.0919,False,True,0.7302
aspanformer,finger,THU-FVFDT_impostor_213,527,378,30,30,30,13,0.4333,True,0.4227,False,False,1.8606
deepdetect,finger,THU-FVFDT_impostor_213,527,378,66424,63293,155,27,0.1742,False,0.1742,False,True,1.9060
loftr,finger,THU-FVFDT_impostor_214,228,140,134,134,134,29,0.2164,False,0.2104,False,True,2.0619
orb-fingervein,finger,THU-FVFDT_impostor_214,228,140,4340,4769,44,7,0.1591,False,0.1525,False,True,0.4985
sift-fingervein,finger,THU-FVFDT_impostor_214,228,140,1257,887,7,0,,False,,False,True,
superglue-fingervein,finger,THU-FVFDT_impostor_214,228,140,621,1295,0,0,,False,,False,True,
sgmnet-fingervein,finger,THU-FVFDT_impostor_214,228,140,1609,1122,35,6,0.1714,False,0.1622,False,True,0.9643
aspanformer,finger,THU-FVFDT_impostor_214,228,140,61,61,61,14,0.2295,False,0.2204,False,True,2.2058
deepdetect,finger,THU-FVFDT_impostor_214,228,140,49744,41133,69,11,0.1594,False,0.1594,False,True,0.9511
loftr,finger,THU-FVFDT_impostor_215,553,205,150,150,150,21,0.1400,False,0.1341,False,True,2.3509
orb-fingervein,finger,THU-FVFDT_impostor_215,553,205,5000,4621,68,9,0.1324,False,0.1292,False,True,1.4440
sift-fingervein,finger,THU-FVFDT_impostor_215,553,205,1536,930,17,6,0.3529,False,0.3340,False,True,0.7316
superglue-fingervein,finger,THU-FVFDT_impostor_215,553,205,906,1044,1,0,,False,,False,True,
sgmnet-fingervein,finger,THU-FVFDT_impostor_215,553,205,1498,1113,80,8,0.1000,False,0.0968,False,True,1.1329
aspanformer,finger,THU-FVFDT_impostor_215,553,205,70,70,70,23,0.3286,False,0.3220,False,True,1.8982
deepdetect,finger,THU-FVFDT_impostor_215,553,205,64621,58151,71,14,0.1972,False,0.1972,False,True,1.7349
loftr,finger,THU-FVFDT_impostor_216,595,223,186,186,186,28,0.1505,False,0.1433,False,True,2.4875
orb-fingervein,finger,THU-FVFDT_impostor_216,595,223,4907,4990,78,0,,False,,False,True,
sift-fingervein,finger,THU-FVFDT_impostor_216,595,223,1517,1662,21,0,,False,,False,True,
superglue-fingervein,finger,THU-FVFDT_impostor_216,595,223,1071,932,1,0,,False,,False,True,
sgmnet-fingervein,finger,THU-FVFDT_impostor_216,595,223,1532,1725,107,8,0.0748,False,0.0724,False,True,0.6946
aspanformer,finger,THU-FVFDT_impostor_216,595,223,68,68,68,17,0.2500,False,0.2494,False,True,1.5111
deepdetect,finger,THU-FVFDT_impostor_216,595,223,68833,49662,91,18,0.1978,False,0.1978,False,True,1.3830
loftr,finger,THU-FVFDT_impostor_217,440,598,131,131,131,19,0.1450,False,0.1400,False,True,2.1824
orb-fingervein,finger,THU-FVFDT_impostor_217,440,598,5000,5000,56,0,,False,,False,True,
sift-fingervein,finger,THU-FVFDT_impostor_217,440,598,1453,1674,9,4,0.4444,False,0.4073,False,True,0.0000
superglue-fingervein,finger,THU-FVFDT_impostor_217,440,598,996,937,6,4,0.6667,True,0.6110,False,False,0.0000
sgmnet-fingervein,finger,THU-FVFDT_impostor_217,440,598,1399,1668,84,7,0.0833,False,0.0799,False,True,0.7208
aspanformer,finger,THU-FVFDT_impostor_217,440,598,120,120,120,29,0.2417,False,0.2328,False,True,2.2486
deepdetect,finger,THU-FVFDT_impostor_217,440,598,71876,74010,82,9,0.1098,False,0.1098,False,True,1.5762
loftr,finger,THU-FVFDT_impostor_218,481,190,166,166,166,18,0.1084,False,0.1060,False,True,1.9355
orb-fingervein,finger,THU-FVFDT_impostor_218,481,190,4933,4689,55,9,0.1636,False,0.1597,False,True,1.0347
sift-fingervein,finger,THU-FVFDT_impostor_218,481,190,1483,917,12,5,0.4167,False,0.3884,False,True,0.9651
superglue-fingervein,finger,THU-FVFDT_impostor_218,481,190,876,964,0,0,,False,,False,True,
sgmnet-fingervein,finger,THU-FVFDT_impostor_218,481,190,1579,1112,64,9,0.1406,False,0.1373,False,True,0.7346
aspanformer,finger,THU-FVFDT_impostor_218,481,190,62,62,62,17,0.2742,False,0.2632,False,True,2.2827
deepdetect,finger,THU-FVFDT_impostor_218,481,190,68666,61262,106,16,0.1509,False,0.1509,False,True,2.2918
loftr,finger,THU-FVFDT_impostor_219,357,129,147,147,147,25,0.1701,False,0.1620,False,True,2.4717
orb-fingervein,finger,THU-FVFDT_impostor_219,357,129,5000,3721,39,0,,False,,False,True,
sift-fingervein,finger,THU-FVFDT_impostor_219,357,129,1559,802,13,0,,False,,False,True,
superglue-fingervein,finger,THU-FVFDT_impostor_219,357,129,972,896,1,0,,False,,False,True,
sgmnet-fingervein,finger,THU-FVFDT_impostor_219,357,129,1639,1238,77,9,0.1169,False,0.1141,False,True,0.9931
aspanformer,finger,THU-FVFDT_impostor_219,357,129,88,88,88,40,0.4545,True,0.4392,False,False,2.1854
deepdetect,finger,THU-FVFDT_impostor_219,357,129,72654,50393,86,13,0.1512,False,0.1512,False,True,1.5794
loftr,finger,THU-FVFDT_impostor_220,508,509,178,178,178,28,0.1573,False,0.1562,False,True,1.6443
orb-fingervein,finger,THU-FVFDT_impostor_220,508,509,4816,4745,57,8,0.1404,False,0.1359,False,True,0.5010
sift-fingervein,finger,THU-FVFDT_impostor_220,508,509,1138,1188,13,0,,False,,False,True,
superglue-fingervein,finger,THU-FVFDT_impostor_220,508,509,738,1250,0,0,,False,,False,True,
sgmnet-fingervein,finger,THU-FVFDT_impostor_220,508,509,1310,1251,88,8,0.0909,False,0.0880,False,True,1.0050
aspanformer,finger,THU-FVFDT_impostor_220,508,509,75,75,75,22,0.2933,False,0.2900,False,True,1.7187
deepdetect,finger,THU-FVFDT_impostor_220,508,509,66576,68977,114,19,0.1667,False,0.1667,False,True,1.4311
loftr,finger,THU-FVFDT_impostor_221,190,438,125,125,125,19,0.1520,False,0.1485,False,True,1.9415
orb-fingervein,finger,THU-FVFDT_impostor_221,190,438,4689,4973,78,10,0.1282,False,0.1255,False,True,1.5648
sift-fingervein,finger,THU-FVFDT_impostor_221,190,438,917,1265,14,4,0.2857,False,0.2619,False,True,0.0000
superglue-fingervein,finger,THU-FVFDT_impostor_221,190,438,964,934,0,0,,False,,False,True,
sgmnet-fingervein,finger,THU-FVFDT_impostor_221,190,438,1112,1338,60,8,0.1333,False,0.1291,False,True,0.6325
aspanformer,finger,THU-FVFDT_impostor_221,190,438,65,65,65,19,0.2923,False,0.2741,False,True,2.7641
deepdetect,finger,THU-FVFDT_impostor_221,190,438,61262,74965,81,15,0.1852,False,0.1852,False,True,1.9710
loftr,finger,THU-FVFDT_impostor_222,466,353,171,171,171,27,0.1579,False,0.1508,False,True,2.4188
orb-fingervein,finger,THU-FVFDT_impostor_222,466,353,5000,4665,48,7,0.1458,False,0.1397,False,True,0.5471
sift-fingervein,finger,THU-FVFDT_impostor_222,466,353,1835,980,20,0,,False,,False,True,
superglue-fingervein,finger,THU-FVFDT_impostor_222,466,353,1152,809,0,0,,False,,False,True,
sgmnet-fingervein,finger,THU-FVFDT_impostor_222,466,353,1774,1274,51,7,0.1373,False,0.1315,False,True,0.8228
aspanformer,finger,THU-FVFDT_impostor_222,466,353,95,95,95,25,0.2632,False,0.2501,False,True,2.5186
deepdetect,finger,THU-FVFDT_impostor_222,466,353,76975,67908,89,16,0.1798,False,0.1798,False,True,1.2867
loftr,finger,THU-FVFDT_impostor_223,518,183,88,88,88,19,0.2159,False,0.2126,False,True,1.7928
orb-fingervein,finger,THU-FVFDT_impostor_223,518,183,4852,4167,52,0,,False,,False,True,
sift-fingervein,finger,THU-FVFDT_impostor_223,518,183,1226,781,14,5,0.3571,False,0.3329,False,True,0.0928
superglue-fingervein,finger,THU-FVFDT_impostor_223,518,183,917,768,1,0,,False,,False,True,
sgmnet-fingervein,finger,THU-FVFDT_impostor_223,518,183,1475,1153,160,11,0.0688,False,0.0679,False,True,1.1429
aspanformer,finger,THU-FVFDT_impostor_223,518,183,80,80,80,20,0.2500,False,0.2400,False,True,2.3053
deepdetect,finger,THU-FVFDT_impostor_223,518,183,64968,41433,90,15,0.1667,False,0.1667,False,True,0.8127
loftr,finger,THU-FVFDT_impostor_224,145,406,160,160,160,39,0.2437,False,0.2341,False,True,2.3097
orb-fingervein,finger,THU-FVFDT_impostor_224,145,406,4971,4549,39,7,0.1795,False,0.1720,False,True,1.0940
sift-fingervein,finger,THU-FVFDT_impostor_224,145,406,967,1192,13,0,,False,,False,True,
superglue-fingervein,finger,THU-FVFDT_impostor_224,145,406,1385,940,0,0,,False,,False,True,
sgmnet-fingervein,finger,THU-FVFDT_impostor_224,145,406,1107,1433,54,6,0.1111,False,0.1051,False,True,0.6739
aspanformer,finger,THU-FVFDT_impostor_224,145,406,47,47,47,10,0.2128,False,0.2090,False,True,1.3261
deepdetect,finger,THU-FVFDT_impostor_224,145,406,28979,65974,34,10,0.2941,False,0.2941,False,True,1.2183
loftr,finger,THU-FVFDT_impostor_225,70,289,86,86,86,19,0.2209,False,0.2187,False,True,1.6852
orb-fingervein,finger,THU-FVFDT_impostor_225,70,289,4648,4991,49,6,0.1224,False,0.1159,False,True,1.3026
sift-fingervein,finger,THU-FVFDT_impostor_225,70,289,900,1526,11,4,0.3636,False,0.3333,False,True,0.0000
superglue-fingervein,finger,THU-FVFDT_impostor_225,70,289,1128,915,0,0,,False,,False,True,
sgmnet-fingervein,finger,THU-FVFDT_impostor_225,70,289,1121,1451,43,6,0.1395,False,0.1320,False,True,0.6177
aspanformer,finger,THU-FVFDT_impostor_225,70,289,4,4,4,4,1.0000,True,0.9165,False,False,0.0000
deepdetect,finger,THU-FVFDT_impostor_225,70,289,40375,73841,100,0,,False,,False,True,
loftr,finger,THU-FVFDT_impostor_226,90,299,161,161,161,25,0.1553,False,0.1512,False,True,2.0342
orb-fingervein,finger,THU-FVFDT_impostor_226,90,299,4928,4898,68,8,0.1176,False,0.1139,False,True,0.6123
sift-fingervein,finger,THU-FVFDT_impostor_226,90,299,986,1414,15,0,,False,,False,True,
superglue-fingervein,finger,THU-FVFDT_impostor_226,90,299,1311,711,0,0,,False,,False,True,
sgmnet-fingervein,finger,THU-FVFDT_impostor_226,90,299,1120,1717,123,8,0.0650,False,0.0630,False,True,0.8170
aspanformer,finger,THU-FVFDT_impostor_226,90,299,16,16,16,7,0.4375,True,0.4159,False,False,1.6611
deepdetect,finger,THU-FVFDT_impostor_226,90,299,59451,56780,77,14,0.1818,False,0.1818,False,True,1.2174
loftr,finger,THU-FVFDT_impostor_227,235,100,152,152,152,34,0.2237,False,0.2193,False,True,1.8940
orb-fingervein,finger,THU-FVFDT_impostor_227,235,100,4570,4688,70,0,,False,,False,True,
sift-fingervein,finger,THU-FVFDT_impostor_227,235,100,1094,947,15,0,,False,,False,True,
superglue-fingervein,finger,THU-FVFDT_impostor_227,235,100,821,981,3,0,,False,,False,True,
sgmnet-fingervein,finger,THU-FVFDT_impostor_227,235,100,1385,1260,59,7,0.1186,False,0.1137,False,True,1.2519
aspanformer,finger,THU-FVFDT_impostor_227,235,100,49,49,49,19,0.3878,False,0.3763,False,True,2.0789
deepdetect,finger,THU-FVFDT_impostor_227,235,100,58402,53365,84,18,0.2143,False,0.2143,False,True,3.0691
loftr,finger,THU-FVFDT_impostor_228,219,598,147,147,147,19,0.1293,False,0.1267,False,True,1.8802
orb-fingervein,finger,THU-FVFDT_impostor_228,219,598,4881,5000,47,6,0.1277,False,0.1208,False,True,1.2281
sift-fingervein,finger,THU-FVFDT_impostor_228,219,598,889,1674,15,6,0.4000,False,0.3785,False,True,0.1622
superglue-fingervein,finger,THU-FVFDT_impostor_228,219,598,1091,937,9,0,,False,,False,True,
sgmnet-fingervein,finger,THU-FVFDT_impostor_228,219,598,1195,1668,44,7,0.1591,False,0.1525,False,True,0.9454
aspanformer,finger,THU-FVFDT_impostor_228,219,598,56,56,56,10,0.1786,False,0.1736,False,True,1.7074
deepdetect,finger,THU-FVFDT_impostor_228,219,598,42588,74010,71,10,0.1408,False,0.1408,False,True,1.3303
loftr,finger,THU-FVFDT_impostor_229,20,122,110,110,110,18,0.1636,False,0.1589,False,True,2.0618
orb-fingervein,finger,THU-FVFDT_impostor_229,20,122,3614,4145,43,0,,False,,False,True,
sift-fingervein,finger,THU-FVFDT_impostor_229,20,122,678,855,8,0,,False,,False,True,
superglue-fingervein,finger,THU-FVFDT_impostor_229,20,122,819,865,1,0,,False,,False,True,
sgmnet-fingervein,finger,THU-FVFDT_impostor_229,20,122,976,1126,118,8,0.0678,False,0.0656,False,True,0.8456
aspanformer,finger,THU-FVFDT_impostor_229,20,122,57,57,57,19,0.3333,False,0.3225,False,True,2.1438
deepdetect,finger,THU-FVFDT_impostor_229,20,122,45628,43831,91,0,,False,,False,True,
loftr,finger,THU-FVFDT_impostor_230,429,318,170,170,170,32,0.1882,False,0.1860,False,True,1.7405
orb-fingervein,finger,THU-FVFDT_impostor_230,429,318,4724,4958,66,0,,False,,False,True,
sift-fingervein,finger,THU-FVFDT_impostor_230,429,318,1680,1050,19,0,,False,,False,True,
superglue-fingervein,finger,THU-FVFDT_impostor_230,429,318,1047,833,0,0,,False,,False,True,
sgmnet-fingervein,finger,THU-FVFDT_impostor_230,429,318,1787,1284,51,7,0.1373,False,0.1315,False,True,0.6461
aspanformer,finger,THU-FVFDT_impostor_230,429,318,19,19,19,8,0.4211,True,0.4009,False,False,1.8358
deepdetect,finger,THU-FVFDT_impostor_230,429,318,64164,53811,98,0,,False,,False,True,
loftr,finger,THU-FVFDT_impostor_231,26,343,98,98,98,17,0.1735,False,0.1684,False,True,2.0618
orb-fingervein,finger,THU-FVFDT_impostor_231,26,343,4956,4428,69,0,,False,,False,True,
sift-fingervein,finger,THU-FVFDT_impostor_231,26,343,836,1081,11,5,0.4545,False,0.4237,False,True,0.0000
superglue-fingervein,finger,THU-FVFDT_impostor_231,26,343,1138,565,2,0,,False,,False,True,
sgmnet-fingervein,finger,THU-FVFDT_impostor_231,26,343,987,1511,67,7,0.1045,False,0.1001,False,True,0.2982
aspanformer,finger,THU-FVFDT_impostor_231,26,343,51,51,51,19,0.3725,False,0.3609,False,True,2.1179
deepdetect,finger,THU-FVFDT_impostor_231,26,343,47940,50413,69,0,,False,,False,True,
loftr,finger,THU-FVFDT_impostor_232,488,584,107,107,107,14,0.1308,False,0.1268,False,True,2.0294
orb-fingervein,finger,THU-FVFDT_impostor_232,488,584,3440,3880,57,0,,False,,False,True,
sift-fingervein,finger,THU-FVFDT_impostor_232,488,584,880,1107,12,0,,False,,False,True,
superglue-fingervein,finger,THU-FVFDT_impostor_232,488,584,697,622,0,0,,False,,False,True,
sgmnet-fingervein,finger,THU-FVFDT_impostor_232,488,584,1378,1685,41,6,0.1463,False,0.1385,False,True,0.7190
aspanformer,finger,THU-FVFDT_impostor_232,488,584,31,31,31,14,0.4516,True,0.4476,False,False,1.5770
deepdetect,finger,THU-FVFDT_impostor_232,488,584,49405,49801,66,12,0.1818,False,0.1818,False,True,1.3382
loftr,finger,THU-FVFDT_impostor_233,538,512,158,158,158,28,0.1772,False,0.1754,False,True,1.7059
orb-fingervein,finger,THU-FVFDT_impostor_233,538,512,5000,4953,60,0,,False,,False,True,
sift-fingervein,finger,THU-FVFDT_impostor_233,538,512,1673,1433,25,0,,False,,False,True,
superglue-fingervein,finger,THU-FVFDT_impostor_233,538,512,1540,904,0,0,,False,,False,True,
sgmnet-fingervein,finger,THU-FVFDT_impostor_233,538,512,1472,1501,110,8,0.0727,False,0.0704,False,True,0.5403
aspanformer,finger,THU-FVFDT_impostor_233,538,512,46,46,46,18,0.3913,False,0.3677,False,True,2.7195
deepdetect,finger,THU-FVFDT_impostor_233,538,512,86089,71813,112,14,0.1250,False,0.1250,False,True,1.2743
loftr,finger,THU-FVFDT_impostor_234,515,563,157,157,157,23,0.1465,False,0.1396,False,True,2.4575
orb-fingervein,finger,THU-FVFDT_impostor_234,515,563,4795,4972,76,7,0.0921,False,0.0879,False,True,1.5780
sift-fingervein,finger,THU-FVFDT_impostor_234,515,563,1318,1787,7,0,,False,,False,True,
superglue-fingervein,finger,THU-FVFDT_impostor_234,515,563,849,1226,75,22,0.2933,True,0.2783,False,False,2.5417
sgmnet-fingervein,finger,THU-FVFDT_impostor_234,515,563,1568,1810,129,8,0.0620,False,0.0600,False,True,0.9855
aspanformer,finger,THU-FVFDT_impostor_234,515,563,122,122,122,49,0.4016,False,0.3892,False,True,2.1314
deepdetect,finger,THU-FVFDT_impostor_234,515,563,55670,64456,76,13,0.1711,False,0.1711,False,True,2.1955
loftr,finger,THU-FVFDT_impostor_235,58,377,97,97,97,14,0.1443,False,0.1420,False,True,1.7190
orb-fingervein,finger,THU-FVFDT_impostor_235,58,377,4762,4537,69,0,,False,,False,True,
sift-fingervein,finger,THU-FVFDT_impostor_235,58,377,931,1933,12,0,,False,,False,True,
superglue-fingervein,finger,THU-FVFDT_impostor_235,58,377,1118,1126,0,0,,False,,False,True,
sgmnet-fingervein,finger,THU-FVFDT_impostor_235,58,377,1125,1940,39,7,0.1795,False,0.1720,False,True,0.4094
aspanformer,finger,THU-FVFDT_impostor_235,58,377,31,31,31,8,0.2581,False,0.2484,False,True,1.6213
deepdetect,finger,THU-FVFDT_impostor_235,58,377,58041,70053,90,22,0.2444,False,0.2444,False,True,1.4375
loftr,finger,THU-FVFDT_impostor_236,155,540,124,124,124,12,0.0968,False,0.0952,False,True,1.6339
orb-fingervein,finger,THU-FVFDT_impostor_236,155,540,4983,5000,44,8,0.1818,False,0.1760,False,True,0.7976
sift-fingervein,finger,THU-FVFDT_impostor_236,155,540,884,1349,7,0,,False,,False,True,
superglue-fingervein,finger,THU-FVFDT_impostor_236,155,540,1164,1584,0,0,,False,,False,True,
sgmnet-fingervein,finger,THU-FVFDT_impostor_236,155,540,968,1438,94,10,0.1064,False,0.1045,False,True,0.8994
aspanformer,finger,THU-FVFDT_impostor_236,155,540,86,86,86,31,0.3605,False,0.3593,False,True,1.5656
deepdetect,finger,THU-FVFDT_impostor_236,155,540,53006,69763,64,11,0.1719,False,0.1719,False,True,1.2195
loftr,finger,THU-FVFDT_impostor_237,199,551,105,105,105,18,0.1714,False,0.1712,False,True,1.1772
orb-fingervein,finger,THU-FVFDT_impostor_237,199,551,4370,4723,47,0,,False,,False,True,
sift-fingervein,finger,THU-FVFDT_impostor_237,199,551,908,1504,4,0,,False,,False,True,
superglue-fingervein,finger,THU-FVFDT_impostor_237,199,551,963,1279,0,0,,False,,False,True,
sgmnet-fingervein,finger,THU-FVFDT_impostor_237,199,551,1339,1589,44,6,0.1364,False,0.1290,False,True,0.8565
aspanformer,finger,THU-FVFDT_impostor_237,199,551,42,42,42,19,0.4524,True,0.4481,False,False,1.6717
deepdetect,finger,THU-FVFDT_impostor_237,199,551,32991,61332,43,0,,False,,False,True,
loftr,finger,THU-FVFDT_impostor_238,173,396,100,100,100,22,0.2200,False,0.2152,False,True,1.9324
orb-fingervein,finger,THU-FVFDT_impostor_238,173,396,4818,4637,55,10,0.1818,False,0.1785,False,True,1.5146
sift-fingervein,finger,THU-FVFDT_impostor_238,173,396,842,1275,12,4,0.3333,False,0.3055,False,True,0.0000
superglue-fingervein,finger,THU-FVFDT_impostor_238,173,396,1126,761,0,0,,False,,False,True,
sgmnet-fingervein,finger,THU-FVFDT_impostor_238,173,396,1096,1637,61,7,0.1148,False,0.1100,False,True,0.1553
aspanformer,finger,THU-FVFDT_impostor_238,173,396,31,31,31,12,0.3871,False,0.3767,False,True,1.8551
deepdetect,finger,THU-FVFDT_impostor_238,173,396,52351,54586,73,20,0.2740,False,0.2740,False,True,1.8559
loftr,finger,THU-FVFDT_impostor_239,215,352,117,117,117,18,0.1538,False,0.1523,False,True,1.6755
orb-fingervein,finger,THU-FVFDT_impostor_239,215,352,4727,4889,91,0,,False,,False,True,
sift-fingervein,finger,THU-FVFDT_impostor_239,215,352,904,1654,11,4,0.3636,False,0.3333,False,True,0.0000
superglue-fingervein,finger,THU-FVFDT_impostor_239,215,352,1068,956,1,0,,False,,False,True,
sgmnet-fingervein,finger,THU-FVFDT_impostor_239,215,352,1031,1708,44,6,0.1364,False,0.1290,False,True,0.7157
aspanformer,finger,THU-FVFDT_impostor_239,215,352,44,44,44,12,0.2727,False,0.2701,False,True,1.0775
deepdetect,finger,THU-FVFDT_impostor_239,215,352,47976,69546,56,0,,False,,False,True,
loftr,finger,THU-FVFDT_impostor_240,589,370,120,120,120,18,0.1500,False,0.1430,False,True,2.4222
orb-fingervein,finger,THU-FVFDT_impostor_240,589,370,4841,4897,78,0,,False,,False,True,
sift-fingervein,finger,THU-FVFDT_impostor_240,589,370,1184,1605,19,0,,False,,False,True,
superglue-fingervein,finger,THU-FVFDT_impostor_240,589,370,872,926,5,4,0.8000,True,0.7332,False,False,0.0000
sgmnet-fingervein,finger,THU-FVFDT_impostor_240,589,370,1428,1650,81,7,0.0864,False,0.0828,False,True,0.7806
aspanformer,finger,THU-FVFDT_impostor_240,589,370,72,72,72,19,0.2639,False,0.2567,False,True,2.0293
deepdetect,finger,THU-FVFDT_impostor_240,589,370,63525,71375,74,14,0.1892,False,0.1892,False,True,0.6087
loftr,finger,THU-FVFDT_impostor_241,190,204,115,115,115,20,0.1739,False,0.1669,False,True,2.3042
orb-fingervein,finger,THU-FVFDT_impostor_241,190,204,4237,4395,50,0,,False,,False,True,
sift-fingervein,finger,THU-FVFDT_impostor_241,190,204,845,918,15,0,,False,,False,True,
superglue-fingervein,finger,THU-FVFDT_impostor_241,190,204,930,958,0,0,,False,,False,True,
sgmnet-fingervein,finger,THU-FVFDT_impostor_241,190,204,1160,1225,93,8,0.0860,False,0.0833,False,True,0.4467
aspanformer,finger,THU-FVFDT_impostor_241,190,204,79,79,79,28,0.3544,False,0.3481,False,True,1.8616
deepdetect,finger,THU-FVFDT_impostor_241,190,204,51813,47802,107,16,0.1495,False,0.1495,False,True,1.9559
loftr,finger,THU-FVFDT_impostor_242,515,309,154,154,154,18,0.1169,False,0.1132,False,True,2.1208
orb-fingervein,finger,THU-FVFDT_impostor_242,515,309,4978,4869,43,0,,False,,False,True,
sift-fingervein,finger,THU-FVFDT_impostor_242,515,309,1449,1039,13,0,,False,,False,True,
superglue-fingervein,finger,THU-FVFDT_impostor_242,515,309,990,1827,0,0,,False,,False,True,
sgmnet-fingervein,finger,THU-FVFDT_impostor_242,515,309,1594,1241,57,6,0.1053,False,0.0996,False,True,0.9507
aspanformer,finger,THU-FVFDT_impostor_242,515,309,8,8,8,4,0.5000,True,0.4583,False,False,0.0000
deepdetect,finger,THU-FVFDT_impostor_242,515,309,66513,71306,71,13,0.1831,False,0.1831,False,True,2.0248
loftr,finger,THU-FVFDT_impostor_243,517,467,90,90,90,17,0.1889,False,0.1809,False,True,2.3258
orb-fingervein,finger,THU-FVFDT_impostor_243,517,467,4878,4247,65,7,0.1077,False,0.1032,False,True,0.6207
sift-fingervein,finger,THU-FVFDT_impostor_243,517,467,1809,888,23,0,,False,,False,True,
superglue-fingervein,finger,THU-FVFDT_impostor_243,517,467,1476,744,0,0,,False,,False,True,
sgmnet-fingervein,finger,THU-FVFDT_impostor_243,517,467,1787,1121,41,7,0.1707,False,0.1636,False,True,0.4628
aspanformer,finger,THU-FVFDT_impostor_243,517,467,42,42,42,12,0.2857,False,0.2745,False,True,2.1115
deepdetect,finger,THU-FVFDT_impostor_243,517,467,69599,65983,124,17,0.1371,False,0.1371,False,True,1.8250
loftr,finger,THU-FVFDT_impostor_244,388,493,168,168,168,25,0.1488,False,0.1465,False,True,1.8073
orb-fingervein,finger,THU-FVFDT_impostor_244,388,493,4555,4846,66,0,,False,,False,True,
sift-fingervein,finger,THU-FVFDT_impostor_244,388,493,1066,1378,11,0,,False,,False,True,
superglue-fingervein,finger,THU-FVFDT_impostor_244,388,493,625,1120,0,0,,False,,False,True,
sgmnet-fingervein,finger,THU-FVFDT_impostor_244,388,493,1403,1444,73,6,0.0822,False,0.0778,False,True,0.2694
aspanformer,finger,THU-FVFDT_impostor_244,388,493,45,45,45,14,0.3111,False,0.2900,False,True,2.8070
deepdetect,finger,THU-FVFDT_impostor_244,388,493,61019,69563,80,12,0.1500,False,0.1500,False,True,1.6294
loftr,finger,THU-FVFDT_impostor_245,444,24,92,92,92,15,0.1630,False,0.1578,False,True,2.0862
orb-fingervein,finger,THU-FVFDT_impostor_245,444,24,4895,4169,92,0,,False,,False,True,
sift-fingervein,finger,THU-FVFDT_impostor_245,444,24,1700,712,17,0,,False,,False,True,
superglue-fingervein,finger,THU-FVFDT_impostor_245,444,24,981,1044,0,0,,False,,False,True,
sgmnet-fingervein,finger,THU-FVFDT_impostor_245,444,24,1621,995,38,7,0.1842,False,0.1765,False,True,1.0501
aspanformer,finger,THU-FVFDT_impostor_245,444,24,29,29,29,11,0.3793,False,0.3571,False,True,2.4430
deepdetect,finger,THU-FVFDT_impostor_245,444,24,70387,42867,146,41,0.2808,False,0.2808,False,True,1.2285
loftr,finger,THU-FVFDT_impostor_246,183,178,84,84,84,12,0.1429,False,0.1409,False,True,1.5866
orb-fingervein,finger,THU-FVFDT_impostor_246,183,178,4167,4046,32,7,0.2188,False,0.2096,False,True,0.3949
sift-fingervein,finger,THU-FVFDT_impostor_246,183,178,781,695,13,5,0.3846,False,0.3585,False,True,1.0774
superglue-fingervein,finger,THU-FVFDT_impostor_246,183,178,768,1010,0,0,,False,,False,True,
sgmnet-fingervein,finger,THU-FVFDT_impostor_246,183,178,1153,1016,81,6,0.0741,False,0.0701,False,True,0.5308
aspanformer,finger,THU-FVFDT_impostor_246,183,178,45,45,45,14,0.3111,False,0.2974,False,True,2.3014
deepdetect,finger,THU-FVFDT_impostor_246,183,178,41433,55300,32,8,0.2500,False,0.2500,False,True,0.7994
loftr,finger,THU-FVFDT_impostor_247,188,442,146,146,146,26,0.1781,False,0.1648,False,True,3.0525
orb-fingervein,finger,THU-FVFDT_impostor_247,188,442,4656,4857,62,0,,False,,False,True,
sift-fingervein,finger,THU-FVFDT_impostor_247,188,442,942,1501,10,4,0.4000,False,0.3666,False,True,0.0000
superglue-fingervein,finger,THU-FVFDT_impostor_247,188,442,979,796,0,0,,False,,False,True,
sgmnet-fingervein,finger,THU-FVFDT_impostor_247,188,442,1204,1620,76,7,0.0921,False,0.0883,False,True,1.2853
aspanformer,finger,THU-FVFDT_impostor_247,188,442,60,60,60,16,0.2667,False,0.2641,False,True,1.6444
deepdetect,finger,THU-FVFDT_impostor_247,188,442,50885,65648,64,11,0.1719,False,0.1719,False,True,1.2839
loftr,finger,THU-FVFDT_impostor_248,90,68,111,111,111,20,0.1802,False,0.1753,False,True,2.0322
orb-fingervein,finger,THU-FVFDT_impostor_248,90,68,4932,4526,60,0,,False,,False,True,
sift-fingervein,finger,THU-FVFDT_impostor_248,90,68,923,583,16,0,,False,,False,True,
superglue-fingervein,finger,THU-FVFDT_impostor_248,90,68,1236,1050,0,0,,False,,False,True,
sgmnet-fingervein,finger,THU-FVFDT_impostor_248,90,68,1123,845,83,9,0.1084,False,0.1058,False,True,1.3965
aspanformer,finger,THU-FVFDT_impostor_248,90,68,30,30,30,12,0.4000,False,0.3913,False,True,1.7497
deepdetect,finger,THU-FVFDT_impostor_248,90,68,47248,48661,101,31,0.3069,True,0.3069,False,False,1.3553
loftr,finger,THU-FVFDT_impostor_249,478,425,135,135,135,21,0.1556,False,0.1516,False,True,2.0049
orb-fingervein,finger,THU-FVFDT_impostor_249,478,425,4966,4714,48,0,,False,,False,True,
sift-fingervein,finger,THU-FVFDT_impostor_249,478,425,1348,1399,15,0,,False,,False,True,
superglue-fingervein,finger,THU-FVFDT_impostor_249,478,425,945,1104,0,0,,False,,False,True,
sgmnet-fingervein,finger,THU-FVFDT_impostor_249,478,425,1519,1540,182,15,0.0824,False,0.0820,False,True,1.5251
aspanformer,finger,THU-FVFDT_impostor_249,478,425,43,43,43,13,0.3023,False,0.3002,False,True,1.4568
deepdetect,finger,THU-FVFDT_impostor_249,478,425,57530,63950,77,17,0.2208,False,0.2208,False,True,1.9117
