pair_id,image1_path,image2_path,modality,ground_truth,identity1,identity2,dataset_name,metadata
Multi-PIE_genuine_0,Face\Multi_Pie_HR_128\048_01_01_110_11_crop_128.png,Face\Multi_Pie_HR_128\048_01_01_110_16_crop_128.png,face,True,048,048,Multi-PIE,"{""record1_meta"": {""version"": ""HR_128"", ""angle"": ""110"", ""lighting"": ""11"", ""expression"": ""01""}, ""record2_meta"": {""version"": ""HR_128"", ""angle"": ""110"", ""lighting"": ""16"", ""expression"": ""01""}}"
Multi-PIE_genuine_1,Face\Multi_Pie_HR_128\011_01_02_051_00_crop_128.png,Face\Multi_Pie_HR_128\011_01_02_051_12_crop_128.png,face,True,011,011,Multi-PIE,"{""record1_meta"": {""version"": ""HR_128"", ""angle"": ""051"", ""lighting"": ""00"", ""expression"": ""02""}, ""record2_meta"": {""version"": ""HR_128"", ""angle"": ""051"", ""lighting"": ""12"", ""expression"": ""02""}}"
Multi-PIE_genuine_2,Face\Multi_Pie_HR_128\117_01_02_110_08_crop_128.png,Face\Multi_Pie_HR_128\117_01_02_110_13_crop_128.png,face,True,117,117,Multi-PIE,"{""record1_meta"": {""version"": ""HR_128"", ""angle"": ""110"", ""lighting"": ""08"", ""expression"": ""02""}, ""record2_meta"": {""version"": ""HR_128"", ""angle"": ""110"", ""lighting"": ""13"", ""expression"": ""02""}}"
Multi-PIE_genuine_3,Face\Multi_Pie_HR_128\104_01_02_240_00_crop_128.png,Face\Multi_Pie_HR_128\104_01_02_240_06_crop_128.png,face,True,104,104,Multi-PIE,"{""record1_meta"": {""version"": ""HR_128"", ""angle"": ""240"", ""lighting"": ""00"", ""expression"": ""02""}, ""record2_meta"": {""version"": ""HR_128"", ""angle"": ""240"", ""lighting"": ""06"", ""expression"": ""02""}}"
Multi-PIE_genuine_4,Face\Multi_Pie_HR_128\095_01_02_110_09_crop_128.png,Face\Multi_Pie_HR_128\095_01_02_110_11_crop_128.png,face,True,095,095,Multi-PIE,"{""record1_meta"": {""version"": ""HR_128"", ""angle"": ""110"", ""lighting"": ""09"", ""expression"": ""02""}, ""record2_meta"": {""version"": ""HR_128"", ""angle"": ""110"", ""lighting"": ""11"", ""expression"": ""02""}}"
Multi-PIE_genuine_5,Face\Multi_Pie_HR_128\060_01_01_110_01_crop_128.png,Face\Multi_Pie_HR_128\060_01_01_110_15_crop_128.png,face,True,060,060,Multi-PIE,"{""record1_meta"": {""version"": ""HR_128"", ""angle"": ""110"", ""lighting"": ""01"", ""expression"": ""01""}, ""record2_meta"": {""version"": ""HR_128"", ""angle"": ""110"", ""lighting"": ""15"", ""expression"": ""01""}}"
Multi-PIE_genuine_6,Face\Multi_Pie_HR_128\044_01_02_010_03_crop_128.png,Face\Multi_Pie_HR_128\044_01_02_010_07_crop_128.png,face,True,044,044,Multi-PIE,"{""record1_meta"": {""version"": ""HR_128"", ""angle"": ""010"", ""lighting"": ""03"", ""expression"": ""02""}, ""record2_meta"": {""version"": ""HR_128"", ""angle"": ""010"", ""lighting"": ""07"", ""expression"": ""02""}}"
Multi-PIE_genuine_7,Face\Multi_Pie_HR_128\233_01_02_010_06_crop_128.png,Face\Multi_Pie_HR_128\233_01_02_010_14_crop_128.png,face,True,233,233,Multi-PIE,"{""record1_meta"": {""version"": ""HR_128"", ""angle"": ""010"", ""lighting"": ""06"", ""expression"": ""02""}, ""record2_meta"": {""version"": ""HR_128"", ""angle"": ""010"", ""lighting"": ""14"", ""expression"": ""02""}}"
Multi-PIE_genuine_8,Face\Multi_Pie_HR_128\037_01_02_190_07_crop_128.png,Face\Multi_Pie_HR_128\037_01_02_190_09_crop_128.png,face,True,037,037,Multi-PIE,"{""record1_meta"": {""version"": ""HR_128"", ""angle"": ""190"", ""lighting"": ""07"", ""expression"": ""02""}, ""record2_meta"": {""version"": ""HR_128"", ""angle"": ""190"", ""lighting"": ""09"", ""expression"": ""02""}}"
Multi-PIE_genuine_9,Face\Multi_Pie_HR_128\180_01_01_051_00_crop_128.png,Face\Multi_Pie_HR_128\180_01_01_051_05_crop_128.png,face,True,180,180,Multi-PIE,"{""record1_meta"": {""version"": ""HR_128"", ""angle"": ""051"", ""lighting"": ""00"", ""expression"": ""01""}, ""record2_meta"": {""version"": ""HR_128"", ""angle"": ""051"", ""lighting"": ""05"", ""expression"": ""01""}}"
Multi-PIE_genuine_10,Face\Multi_Pie_HR_128\014_01_01_240_10_crop_128.png,Face\Multi_Pie_HR_128\014_01_01_240_19_crop_128.png,face,True,014,014,Multi-PIE,"{""record1_meta"": {""version"": ""HR_128"", ""angle"": ""240"", ""lighting"": ""10"", ""expression"": ""01""}, ""record2_meta"": {""version"": ""HR_128"", ""angle"": ""240"", ""lighting"": ""19"", ""expression"": ""01""}}"
Multi-PIE_genuine_11,Face\Multi_Pie_HR_128\013_01_02_051_13_crop_128.png,Face\Multi_Pie_HR_128\013_01_02_051_14_crop_128.png,face,True,013,013,Multi-PIE,"{""record1_meta"": {""version"": ""HR_128"", ""angle"": ""051"", ""lighting"": ""13"", ""expression"": ""02""}, ""record2_meta"": {""version"": ""HR_128"", ""angle"": ""051"", ""lighting"": ""14"", ""expression"": ""02""}}"
Multi-PIE_genuine_12,Face\Multi_Pie_HR_128\040_01_02_120_01_crop_128.png,Face\Multi_Pie_HR_128\040_01_02_120_16_crop_128.png,face,True,040,040,Multi-PIE,"{""record1_meta"": {""version"": ""HR_128"", ""angle"": ""120"", ""lighting"": ""01"", ""expression"": ""02""}, ""record2_meta"": {""version"": ""HR_128"", ""angle"": ""120"", ""lighting"": ""16"", ""expression"": ""02""}}"
Multi-PIE_genuine_13,Face\Multi_Pie_HR_128\093_01_02_130_02_crop_128.png,Face\Multi_Pie_HR_128\093_01_02_130_13_crop_128.png,face,True,093,093,Multi-PIE,"{""record1_meta"": {""version"": ""HR_128"", ""angle"": ""130"", ""lighting"": ""02"", ""expression"": ""02""}, ""record2_meta"": {""version"": ""HR_128"", ""angle"": ""130"", ""lighting"": ""13"", ""expression"": ""02""}}"
Multi-PIE_genuine_14,Face\Multi_Pie_HR_128\099_01_02_120_00_crop_128.png,Face\Multi_Pie_HR_128\099_01_02_120_06_crop_128.png,face,True,099,099,Multi-PIE,"{""record1_meta"": {""version"": ""HR_128"", ""angle"": ""120"", ""lighting"": ""00"", ""expression"": ""02""}, ""record2_meta"": {""version"": ""HR_128"", ""angle"": ""120"", ""lighting"": ""06"", ""expression"": ""02""}}"
Multi-PIE_genuine_15,Face\Multi_Pie_HR_128\216_01_02_010_14_crop_128.png,Face\Multi_Pie_HR_128\216_01_02_010_16_crop_128.png,face,True,216,216,Multi-PIE,"{""record1_meta"": {""version"": ""HR_128"", ""angle"": ""010"", ""lighting"": ""14"", ""expression"": ""02""}, ""record2_meta"": {""version"": ""HR_128"", ""angle"": ""010"", ""lighting"": ""16"", ""expression"": ""02""}}"
Multi-PIE_genuine_16,Face\Multi_Pie_HR_128\012_01_01_110_13_crop_128.png,Face\Multi_Pie_HR_128\012_01_01_110_14_crop_128.png,face,True,012,012,Multi-PIE,"{""record1_meta"": {""version"": ""HR_128"", ""angle"": ""110"", ""lighting"": ""13"", ""expression"": ""01""}, ""record2_meta"": {""version"": ""HR_128"", ""angle"": ""110"", ""lighting"": ""14"", ""expression"": ""01""}}"
Multi-PIE_genuine_17,Face\Multi_Pie_HR_128\240_01_01_110_11_crop_128.png,Face\Multi_Pie_HR_128\240_01_01_110_14_crop_128.png,face,True,240,240,Multi-PIE,"{""record1_meta"": {""version"": ""HR_128"", ""angle"": ""110"", ""lighting"": ""11"", ""expression"": ""01""}, ""record2_meta"": {""version"": ""HR_128"", ""angle"": ""110"", ""lighting"": ""14"", ""expression"": ""01""}}"
Multi-PIE_genuine_18,Face\Multi_Pie_HR_128\085_01_01_190_08_crop_128.png,Face\Multi_Pie_HR_128\085_01_01_190_17_crop_128.png,face,True,085,085,Multi-PIE,"{""record1_meta"": {""version"": ""HR_128"", ""angle"": ""190"", ""lighting"": ""08"", ""expression"": ""01""}, ""record2_meta"": {""version"": ""HR_128"", ""angle"": ""190"", ""lighting"": ""17"", ""expression"": ""01""}}"
Multi-PIE_genuine_19,Face\Multi_Pie_HR_128\233_01_01_130_12_crop_128.png,Face\Multi_Pie_HR_128\233_01_01_130_16_crop_128.png,face,True,233,233,Multi-PIE,"{""record1_meta"": {""version"": ""HR_128"", ""angle"": ""130"", ""lighting"": ""12"", ""expression"": ""01""}, ""record2_meta"": {""version"": ""HR_128"", ""angle"": ""130"", ""lighting"": ""16"", ""expression"": ""01""}}"
Multi-PIE_genuine_20,Face\Multi_Pie_HR_128\179_01_01_050_05_crop_128.png,Face\Multi_Pie_HR_128\179_01_01_050_17_crop_128.png,face,True,179,179,Multi-PIE,"{""record1_meta"": {""version"": ""HR_128"", ""angle"": ""050"", ""lighting"": ""05"", ""expression"": ""01""}, ""record2_meta"": {""version"": ""HR_128"", ""angle"": ""050"", ""lighting"": ""17"", ""expression"": ""01""}}"
Multi-PIE_genuine_21,Face\Multi_Pie_HR_128\094_01_02_050_01_crop_128.png,Face\Multi_Pie_HR_128\094_01_02_050_10_crop_128.png,face,True,094,094,Multi-PIE,"{""record1_meta"": {""version"": ""HR_128"", ""angle"": ""050"", ""lighting"": ""01"", ""expression"": ""02""}, ""record2_meta"": {""version"": ""HR_128"", ""angle"": ""050"", ""lighting"": ""10"", ""expression"": ""02""}}"
Multi-PIE_genuine_22,Face\Multi_Pie_HR_128\191_01_02_090_02_crop_128.png,Face\Multi_Pie_HR_128\191_01_02_090_05_crop_128.png,face,True,191,191,Multi-PIE,"{""record1_meta"": {""version"": ""HR_128"", ""angle"": ""090"", ""lighting"": ""02"", ""expression"": ""02""}, ""record2_meta"": {""version"": ""HR_128"", ""angle"": ""090"", ""lighting"": ""05"", ""expression"": ""02""}}"
Multi-PIE_genuine_23,Face\Multi_Pie_HR_128\119_01_01_050_06_crop_128.png,Face\Multi_Pie_HR_128\119_01_01_050_16_crop_128.png,face,True,119,119,Multi-PIE,"{""record1_meta"": {""version"": ""HR_128"", ""angle"": ""050"", ""lighting"": ""06"", ""expression"": ""01""}, ""record2_meta"": {""version"": ""HR_128"", ""angle"": ""050"", ""lighting"": ""16"", ""expression"": ""01""}}"
Multi-PIE_genuine_24,Face\Multi_Pie_HR_128\003_01_02_110_09_crop_128.png,Face\Multi_Pie_HR_128\003_01_02_110_13_crop_128.png,face,True,003,003,Multi-PIE,"{""record1_meta"": {""version"": ""HR_128"", ""angle"": ""110"", ""lighting"": ""09"", ""expression"": ""02""}, ""record2_meta"": {""version"": ""HR_128"", ""angle"": ""110"", ""lighting"": ""13"", ""expression"": ""02""}}"
Multi-PIE_genuine_25,Face\Multi_Pie_HR_128\068_01_02_120_02_crop_128.png,Face\Multi_Pie_HR_128\068_01_02_120_15_crop_128.png,face,True,068,068,Multi-PIE,"{""record1_meta"": {""version"": ""HR_128"", ""angle"": ""120"", ""lighting"": ""02"", ""expression"": ""02""}, ""record2_meta"": {""version"": ""HR_128"", ""angle"": ""120"", ""lighting"": ""15"", ""expression"": ""02""}}"
Multi-PIE_genuine_26,Face\Multi_Pie_HR_128\180_01_01_190_08_crop_128.png,Face\Multi_Pie_HR_128\180_01_01_190_11_crop_128.png,face,True,180,180,Multi-PIE,"{""record1_meta"": {""version"": ""HR_128"", ""angle"": ""190"", ""lighting"": ""08"", ""expression"": ""01""}, ""record2_meta"": {""version"": ""HR_128"", ""angle"": ""190"", ""lighting"": ""11"", ""expression"": ""01""}}"
Multi-PIE_genuine_27,Face\Multi_Pie_HR_128\145_01_01_200_06_crop_128.png,Face\Multi_Pie_HR_128\145_01_01_200_15_crop_128.png,face,True,145,145,Multi-PIE,"{""record1_meta"": {""version"": ""HR_128"", ""angle"": ""200"", ""lighting"": ""06"", ""expression"": ""01""}, ""record2_meta"": {""version"": ""HR_128"", ""angle"": ""200"", ""lighting"": ""15"", ""expression"": ""01""}}"
Multi-PIE_genuine_28,Face\Multi_Pie_HR_128\118_01_02_240_00_crop_128.png,Face\Multi_Pie_HR_128\118_01_02_240_09_crop_128.png,face,True,118,118,Multi-PIE,"{""record1_meta"": {""version"": ""HR_128"", ""angle"": ""240"", ""lighting"": ""00"", ""expression"": ""02""}, ""record2_meta"": {""version"": ""HR_128"", ""angle"": ""240"", ""lighting"": ""09"", ""expression"": ""02""}}"
Multi-PIE_genuine_29,Face\Multi_Pie_HR_128\067_01_01_010_01_crop_128.png,Face\Multi_Pie_HR_128\067_01_01_010_07_crop_128.png,face,True,067,067,Multi-PIE,"{""record1_meta"": {""version"": ""HR_128"", ""angle"": ""010"", ""lighting"": ""01"", ""expression"": ""01""}, ""record2_meta"": {""version"": ""HR_128"", ""angle"": ""010"", ""lighting"": ""07"", ""expression"": ""01""}}"
Multi-PIE_genuine_30,Face\Multi_Pie_HR_128\092_01_01_190_06_crop_128.png,Face\Multi_Pie_HR_128\092_01_01_190_13_crop_128.png,face,True,092,092,Multi-PIE,"{""record1_meta"": {""version"": ""HR_128"", ""angle"": ""190"", ""lighting"": ""06"", ""expression"": ""01""}, ""record2_meta"": {""version"": ""HR_128"", ""angle"": ""190"", ""lighting"": ""13"", ""expression"": ""01""}}"
Multi-PIE_genuine_31,Face\Multi_Pie_HR_128\143_01_02_190_02_crop_128.png,Face\Multi_Pie_HR_128\143_01_02_190_05_crop_128.png,face,True,143,143,Multi-PIE,"{""record1_meta"": {""version"": ""HR_128"", ""angle"": ""190"", ""lighting"": ""02"", ""expression"": ""02""}, ""record2_meta"": {""version"": ""HR_128"", ""angle"": ""190"", ""lighting"": ""05"", ""expression"": ""02""}}"
Multi-PIE_genuine_32,Face\Multi_Pie_HR_128\044_01_01_190_01_crop_128.png,Face\Multi_Pie_HR_128\044_01_01_190_13_crop_128.png,face,True,044,044,Multi-PIE,"{""record1_meta"": {""version"": ""HR_128"", ""angle"": ""190"", ""lighting"": ""01"", ""expression"": ""01""}, ""record2_meta"": {""version"": ""HR_128"", ""angle"": ""190"", ""lighting"": ""13"", ""expression"": ""01""}}"
Multi-PIE_genuine_33,Face\Multi_Pie_HR_128\040_01_01_140_08_crop_128.png,Face\Multi_Pie_HR_128\040_01_01_140_17_crop_128.png,face,True,040,040,Multi-PIE,"{""record1_meta"": {""version"": ""HR_128"", ""angle"": ""140"", ""lighting"": ""08"", ""expression"": ""01""}, ""record2_meta"": {""version"": ""HR_128"", ""angle"": ""140"", ""lighting"": ""17"", ""expression"": ""01""}}"
Multi-PIE_genuine_34,Face\Multi_Pie_HR_128\162_01_01_120_05_crop_128.png,Face\Multi_Pie_HR_128\162_01_01_120_16_crop_128.png,face,True,162,162,Multi-PIE,"{""record1_meta"": {""version"": ""HR_128"", ""angle"": ""120"", ""lighting"": ""05"", ""expression"": ""01""}, ""record2_meta"": {""version"": ""HR_128"", ""angle"": ""120"", ""lighting"": ""16"", ""expression"": ""01""}}"
Multi-PIE_genuine_35,Face\Multi_Pie_HR_128\042_01_01_041_05_crop_128.png,Face\Multi_Pie_HR_128\042_01_01_041_19_crop_128.png,face,True,042,042,Multi-PIE,"{""record1_meta"": {""version"": ""HR_128"", ""angle"": ""041"", ""lighting"": ""05"", ""expression"": ""01""}, ""record2_meta"": {""version"": ""HR_128"", ""angle"": ""041"", ""lighting"": ""19"", ""expression"": ""01""}}"
Multi-PIE_genuine_36,Face\Multi_Pie_HR_128\153_01_01_190_03_crop_128.png,Face\Multi_Pie_HR_128\153_01_01_190_04_crop_128.png,face,True,153,153,Multi-PIE,"{""record1_meta"": {""version"": ""HR_128"", ""angle"": ""190"", ""lighting"": ""03"", ""expression"": ""01""}, ""record2_meta"": {""version"": ""HR_128"", ""angle"": ""190"", ""lighting"": ""04"", ""expression"": ""01""}}"
Multi-PIE_genuine_37,Face\Multi_Pie_HR_128\147_01_01_010_05_crop_128.png,Face\Multi_Pie_HR_128\147_01_01_010_08_crop_128.png,face,True,147,147,Multi-PIE,"{""record1_meta"": {""version"": ""HR_128"", ""angle"": ""010"", ""lighting"": ""05"", ""expression"": ""01""}, ""record2_meta"": {""version"": ""HR_128"", ""angle"": ""010"", ""lighting"": ""08"", ""expression"": ""01""}}"
Multi-PIE_genuine_38,Face\Multi_Pie_HR_128\113_01_01_120_08_crop_128.png,Face\Multi_Pie_HR_128\113_01_01_120_15_crop_128.png,face,True,113,113,Multi-PIE,"{""record1_meta"": {""version"": ""HR_128"", ""angle"": ""120"", ""lighting"": ""08"", ""expression"": ""01""}, ""record2_meta"": {""version"": ""HR_128"", ""angle"": ""120"", ""lighting"": ""15"", ""expression"": ""01""}}"
Multi-PIE_genuine_39,Face\Multi_Pie_HR_128\019_01_01_200_07_crop_128.png,Face\Multi_Pie_HR_128\019_01_01_200_08_crop_128.png,face,True,019,019,Multi-PIE,"{""record1_meta"": {""version"": ""HR_128"", ""angle"": ""200"", ""lighting"": ""07"", ""expression"": ""01""}, ""record2_meta"": {""version"": ""HR_128"", ""angle"": ""200"", ""lighting"": ""08"", ""expression"": ""01""}}"
Multi-PIE_genuine_40,Face\Multi_Pie_HR_128\196_01_01_010_15_crop_128.png,Face\Multi_Pie_HR_128\196_01_01_010_19_crop_128.png,face,True,196,196,Multi-PIE,"{""record1_meta"": {""version"": ""HR_128"", ""angle"": ""010"", ""lighting"": ""15"", ""expression"": ""01""}, ""record2_meta"": {""version"": ""HR_128"", ""angle"": ""010"", ""lighting"": ""19"", ""expression"": ""01""}}"
Multi-PIE_genuine_41,Face\Multi_Pie_HR_128\229_01_02_051_08_crop_128.png,Face\Multi_Pie_HR_128\229_01_02_051_16_crop_128.png,face,True,229,229,Multi-PIE,"{""record1_meta"": {""version"": ""HR_128"", ""angle"": ""051"", ""lighting"": ""08"", ""expression"": ""02""}, ""record2_meta"": {""version"": ""HR_128"", ""angle"": ""051"", ""lighting"": ""16"", ""expression"": ""02""}}"
Multi-PIE_genuine_42,Face\Multi_Pie_HR_128\053_01_02_240_10_crop_128.png,Face\Multi_Pie_HR_128\053_01_02_240_15_crop_128.png,face,True,053,053,Multi-PIE,"{""record1_meta"": {""version"": ""HR_128"", ""angle"": ""240"", ""lighting"": ""10"", ""expression"": ""02""}, ""record2_meta"": {""version"": ""HR_128"", ""angle"": ""240"", ""lighting"": ""15"", ""expression"": ""02""}}"
Multi-PIE_genuine_43,Face\Multi_Pie_HR_128\161_01_02_090_01_crop_128.png,Face\Multi_Pie_HR_128\161_01_02_090_07_crop_128.png,face,True,161,161,Multi-PIE,"{""record1_meta"": {""version"": ""HR_128"", ""angle"": ""090"", ""lighting"": ""01"", ""expression"": ""02""}, ""record2_meta"": {""version"": ""HR_128"", ""angle"": ""090"", ""lighting"": ""07"", ""expression"": ""02""}}"
Multi-PIE_genuine_44,Face\Multi_Pie_HR_128\034_01_01_200_10_crop_128.png,Face\Multi_Pie_HR_128\034_01_01_200_11_crop_128.png,face,True,034,034,Multi-PIE,"{""record1_meta"": {""version"": ""HR_128"", ""angle"": ""200"", ""lighting"": ""10"", ""expression"": ""01""}, ""record2_meta"": {""version"": ""HR_128"", ""angle"": ""200"", ""lighting"": ""11"", ""expression"": ""01""}}"
Multi-PIE_genuine_45,Face\Multi_Pie_HR_128\236_01_01_140_02_crop_128.png,Face\Multi_Pie_HR_128\236_01_01_140_09_crop_128.png,face,True,236,236,Multi-PIE,"{""record1_meta"": {""version"": ""HR_128"", ""angle"": ""140"", ""lighting"": ""02"", ""expression"": ""01""}, ""record2_meta"": {""version"": ""HR_128"", ""angle"": ""140"", ""lighting"": ""09"", ""expression"": ""01""}}"
Multi-PIE_genuine_46,Face\Multi_Pie_HR_128\125_01_01_200_18_crop_128.png,Face\Multi_Pie_HR_128\125_01_01_200_19_crop_128.png,face,True,125,125,Multi-PIE,"{""record1_meta"": {""version"": ""HR_128"", ""angle"": ""200"", ""lighting"": ""18"", ""expression"": ""01""}, ""record2_meta"": {""version"": ""HR_128"", ""angle"": ""200"", ""lighting"": ""19"", ""expression"": ""01""}}"
Multi-PIE_genuine_47,Face\Multi_Pie_HR_128\154_01_02_010_07_crop_128.png,Face\Multi_Pie_HR_128\154_01_02_010_09_crop_128.png,face,True,154,154,Multi-PIE,"{""record1_meta"": {""version"": ""HR_128"", ""angle"": ""010"", ""lighting"": ""07"", ""expression"": ""02""}, ""record2_meta"": {""version"": ""HR_128"", ""angle"": ""010"", ""lighting"": ""09"", ""expression"": ""02""}}"
Multi-PIE_genuine_48,Face\Multi_Pie_HR_128\247_01_01_050_07_crop_128.png,Face\Multi_Pie_HR_128\247_01_01_050_11_crop_128.png,face,True,247,247,Multi-PIE,"{""record1_meta"": {""version"": ""HR_128"", ""angle"": ""050"", ""lighting"": ""07"", ""expression"": ""01""}, ""record2_meta"": {""version"": ""HR_128"", ""angle"": ""050"", ""lighting"": ""11"", ""expression"": ""01""}}"
Multi-PIE_genuine_49,Face\Multi_Pie_HR_128\082_01_02_051_04_crop_128.png,Face\Multi_Pie_HR_128\082_01_02_051_13_crop_128.png,face,True,082,082,Multi-PIE,"{""record1_meta"": {""version"": ""HR_128"", ""angle"": ""051"", ""lighting"": ""04"", ""expression"": ""02""}, ""record2_meta"": {""version"": ""HR_128"", ""angle"": ""051"", ""lighting"": ""13"", ""expression"": ""02""}}"
Multi-PIE_genuine_50,Face\Multi_Pie_HR_128\030_01_02_010_09_crop_128.png,Face\Multi_Pie_HR_128\030_01_02_010_12_crop_128.png,face,True,030,030,Multi-PIE,"{""record1_meta"": {""version"": ""HR_128"", ""angle"": ""010"", ""lighting"": ""09"", ""expression"": ""02""}, ""record2_meta"": {""version"": ""HR_128"", ""angle"": ""010"", ""lighting"": ""12"", ""expression"": ""02""}}"
Multi-PIE_genuine_51,Face\Multi_Pie_HR_128\020_01_01_200_10_crop_128.png,Face\Multi_Pie_HR_128\020_01_01_200_16_crop_128.png,face,True,020,020,Multi-PIE,"{""record1_meta"": {""version"": ""HR_128"", ""angle"": ""200"", ""lighting"": ""10"", ""expression"": ""01""}, ""record2_meta"": {""version"": ""HR_128"", ""angle"": ""200"", ""lighting"": ""16"", ""expression"": ""01""}}"
Multi-PIE_genuine_52,Face\Multi_Pie_HR_128\097_01_02_110_05_crop_128.png,Face\Multi_Pie_HR_128\097_01_02_110_08_crop_128.png,face,True,097,097,Multi-PIE,"{""record1_meta"": {""version"": ""HR_128"", ""angle"": ""110"", ""lighting"": ""05"", ""expression"": ""02""}, ""record2_meta"": {""version"": ""HR_128"", ""angle"": ""110"", ""lighting"": ""08"", ""expression"": ""02""}}"
Multi-PIE_genuine_53,Face\Multi_Pie_HR_128\123_01_02_140_01_crop_128.png,Face\Multi_Pie_HR_128\123_01_02_140_13_crop_128.png,face,True,123,123,Multi-PIE,"{""record1_meta"": {""version"": ""HR_128"", ""angle"": ""140"", ""lighting"": ""01"", ""expression"": ""02""}, ""record2_meta"": {""version"": ""HR_128"", ""angle"": ""140"", ""lighting"": ""13"", ""expression"": ""02""}}"
Multi-PIE_genuine_54,Face\Multi_Pie_HR_128\034_01_02_140_09_crop_128.png,Face\Multi_Pie_HR_128\034_01_02_140_10_crop_128.png,face,True,034,034,Multi-PIE,"{""record1_meta"": {""version"": ""HR_128"", ""angle"": ""140"", ""lighting"": ""09"", ""expression"": ""02""}, ""record2_meta"": {""version"": ""HR_128"", ""angle"": ""140"", ""lighting"": ""10"", ""expression"": ""02""}}"
Multi-PIE_genuine_55,Face\Multi_Pie_HR_128\099_01_02_130_05_crop_128.png,Face\Multi_Pie_HR_128\099_01_02_130_08_crop_128.png,face,True,099,099,Multi-PIE,"{""record1_meta"": {""version"": ""HR_128"", ""angle"": ""130"", ""lighting"": ""05"", ""expression"": ""02""}, ""record2_meta"": {""version"": ""HR_128"", ""angle"": ""130"", ""lighting"": ""08"", ""expression"": ""02""}}"
Multi-PIE_genuine_56,Face\Multi_Pie_HR_128\043_01_02_140_11_crop_128.png,Face\Multi_Pie_HR_128\043_01_02_140_13_crop_128.png,face,True,043,043,Multi-PIE,"{""record1_meta"": {""version"": ""HR_128"", ""angle"": ""140"", ""lighting"": ""11"", ""expression"": ""02""}, ""record2_meta"": {""version"": ""HR_128"", ""angle"": ""140"", ""lighting"": ""13"", ""expression"": ""02""}}"
Multi-PIE_genuine_57,Face\Multi_Pie_HR_128\162_01_01_140_08_crop_128.png,Face\Multi_Pie_HR_128\162_01_01_140_17_crop_128.png,face,True,162,162,Multi-PIE,"{""record1_meta"": {""version"": ""HR_128"", ""angle"": ""140"", ""lighting"": ""08"", ""expression"": ""01""}, ""record2_meta"": {""version"": ""HR_128"", ""angle"": ""140"", ""lighting"": ""17"", ""expression"": ""01""}}"
Multi-PIE_genuine_58,Face\Multi_Pie_HR_128\119_01_01_010_01_crop_128.png,Face\Multi_Pie_HR_128\119_01_01_010_15_crop_128.png,face,True,119,119,Multi-PIE,"{""record1_meta"": {""version"": ""HR_128"", ""angle"": ""010"", ""lighting"": ""01"", ""expression"": ""01""}, ""record2_meta"": {""version"": ""HR_128"", ""angle"": ""010"", ""lighting"": ""15"", ""expression"": ""01""}}"
Multi-PIE_genuine_59,Face\Multi_Pie_HR_128\193_01_01_240_06_crop_128.png,Face\Multi_Pie_HR_128\193_01_01_240_18_crop_128.png,face,True,193,193,Multi-PIE,"{""record1_meta"": {""version"": ""HR_128"", ""angle"": ""240"", ""lighting"": ""06"", ""expression"": ""01""}, ""record2_meta"": {""version"": ""HR_128"", ""angle"": ""240"", ""lighting"": ""18"", ""expression"": ""01""}}"
Multi-PIE_genuine_60,Face\Multi_Pie_HR_128\155_01_02_140_12_crop_128.png,Face\Multi_Pie_HR_128\155_01_02_140_19_crop_128.png,face,True,155,155,Multi-PIE,"{""record1_meta"": {""version"": ""HR_128"", ""angle"": ""140"", ""lighting"": ""12"", ""expression"": ""02""}, ""record2_meta"": {""version"": ""HR_128"", ""angle"": ""140"", ""lighting"": ""19"", ""expression"": ""02""}}"
Multi-PIE_genuine_61,Face\Multi_Pie_HR_128\070_01_01_041_03_crop_128.png,Face\Multi_Pie_HR_128\070_01_01_041_10_crop_128.png,face,True,070,070,Multi-PIE,"{""record1_meta"": {""version"": ""HR_128"", ""angle"": ""041"", ""lighting"": ""03"", ""expression"": ""01""}, ""record2_meta"": {""version"": ""HR_128"", ""angle"": ""041"", ""lighting"": ""10"", ""expression"": ""01""}}"
Multi-PIE_genuine_62,Face\Multi_Pie_HR_128\158_01_01_051_14_crop_128.png,Face\Multi_Pie_HR_128\158_01_01_051_15_crop_128.png,face,True,158,158,Multi-PIE,"{""record1_meta"": {""version"": ""HR_128"", ""angle"": ""051"", ""lighting"": ""14"", ""expression"": ""01""}, ""record2_meta"": {""version"": ""HR_128"", ""angle"": ""051"", ""lighting"": ""15"", ""expression"": ""01""}}"
Multi-PIE_genuine_63,Face\Multi_Pie_HR_128\151_01_02_130_03_crop_128.png,Face\Multi_Pie_HR_128\151_01_02_130_16_crop_128.png,face,True,151,151,Multi-PIE,"{""record1_meta"": {""version"": ""HR_128"", ""angle"": ""130"", ""lighting"": ""03"", ""expression"": ""02""}, ""record2_meta"": {""version"": ""HR_128"", ""angle"": ""130"", ""lighting"": ""16"", ""expression"": ""02""}}"
Multi-PIE_genuine_64,Face\Multi_Pie_HR_128\089_01_02_200_05_crop_128.png,Face\Multi_Pie_HR_128\089_01_02_200_09_crop_128.png,face,True,089,089,Multi-PIE,"{""record1_meta"": {""version"": ""HR_128"", ""angle"": ""200"", ""lighting"": ""05"", ""expression"": ""02""}, ""record2_meta"": {""version"": ""HR_128"", ""angle"": ""200"", ""lighting"": ""09"", ""expression"": ""02""}}"
Multi-PIE_genuine_65,Face\Multi_Pie_HR_128\114_01_01_130_10_crop_128.png,Face\Multi_Pie_HR_128\114_01_01_130_19_crop_128.png,face,True,114,114,Multi-PIE,"{""record1_meta"": {""version"": ""HR_128"", ""angle"": ""130"", ""lighting"": ""10"", ""expression"": ""01""}, ""record2_meta"": {""version"": ""HR_128"", ""angle"": ""130"", ""lighting"": ""19"", ""expression"": ""01""}}"
Multi-PIE_genuine_66,Face\Multi_Pie_HR_128\031_01_01_130_01_crop_128.png,Face\Multi_Pie_HR_128\031_01_01_130_04_crop_128.png,face,True,031,031,Multi-PIE,"{""record1_meta"": {""version"": ""HR_128"", ""angle"": ""130"", ""lighting"": ""01"", ""expression"": ""01""}, ""record2_meta"": {""version"": ""HR_128"", ""angle"": ""130"", ""lighting"": ""04"", ""expression"": ""01""}}"
Multi-PIE_genuine_67,Face\Multi_Pie_HR_128\073_01_02_051_15_crop_128.png,Face\Multi_Pie_HR_128\073_01_02_051_19_crop_128.png,face,True,073,073,Multi-PIE,"{""record1_meta"": {""version"": ""HR_128"", ""angle"": ""051"", ""lighting"": ""15"", ""expression"": ""02""}, ""record2_meta"": {""version"": ""HR_128"", ""angle"": ""051"", ""lighting"": ""19"", ""expression"": ""02""}}"
Multi-PIE_genuine_68,Face\Multi_Pie_HR_128\228_01_02_110_07_crop_128.png,Face\Multi_Pie_HR_128\228_01_02_110_18_crop_128.png,face,True,228,228,Multi-PIE,"{""record1_meta"": {""version"": ""HR_128"", ""angle"": ""110"", ""lighting"": ""07"", ""expression"": ""02""}, ""record2_meta"": {""version"": ""HR_128"", ""angle"": ""110"", ""lighting"": ""18"", ""expression"": ""02""}}"
Multi-PIE_genuine_69,Face\Multi_Pie_HR_128\104_01_02_200_01_crop_128.png,Face\Multi_Pie_HR_128\104_01_02_200_08_crop_128.png,face,True,104,104,Multi-PIE,"{""record1_meta"": {""version"": ""HR_128"", ""angle"": ""200"", ""lighting"": ""01"", ""expression"": ""02""}, ""record2_meta"": {""version"": ""HR_128"", ""angle"": ""200"", ""lighting"": ""08"", ""expression"": ""02""}}"
Multi-PIE_genuine_70,Face\Multi_Pie_HR_128\070_01_01_140_06_crop_128.png,Face\Multi_Pie_HR_128\070_01_01_140_17_crop_128.png,face,True,070,070,Multi-PIE,"{""record1_meta"": {""version"": ""HR_128"", ""angle"": ""140"", ""lighting"": ""06"", ""expression"": ""01""}, ""record2_meta"": {""version"": ""HR_128"", ""angle"": ""140"", ""lighting"": ""17"", ""expression"": ""01""}}"
Multi-PIE_genuine_71,Face\Multi_Pie_HR_128\197_01_01_110_02_crop_128.png,Face\Multi_Pie_HR_128\197_01_01_110_15_crop_128.png,face,True,197,197,Multi-PIE,"{""record1_meta"": {""version"": ""HR_128"", ""angle"": ""110"", ""lighting"": ""02"", ""expression"": ""01""}, ""record2_meta"": {""version"": ""HR_128"", ""angle"": ""110"", ""lighting"": ""15"", ""expression"": ""01""}}"
Multi-PIE_genuine_72,Face\Multi_Pie_HR_128\162_01_01_050_03_crop_128.png,Face\Multi_Pie_HR_128\162_01_01_050_05_crop_128.png,face,True,162,162,Multi-PIE,"{""record1_meta"": {""version"": ""HR_128"", ""angle"": ""050"", ""lighting"": ""03"", ""expression"": ""01""}, ""record2_meta"": {""version"": ""HR_128"", ""angle"": ""050"", ""lighting"": ""05"", ""expression"": ""01""}}"
Multi-PIE_genuine_73,Face\Multi_Pie_HR_128\115_01_02_050_06_crop_128.png,Face\Multi_Pie_HR_128\115_01_02_050_19_crop_128.png,face,True,115,115,Multi-PIE,"{""record1_meta"": {""version"": ""HR_128"", ""angle"": ""050"", ""lighting"": ""06"", ""expression"": ""02""}, ""record2_meta"": {""version"": ""HR_128"", ""angle"": ""050"", ""lighting"": ""19"", ""expression"": ""02""}}"
Multi-PIE_genuine_74,Face\Multi_Pie_HR_128\238_01_01_200_04_crop_128.png,Face\Multi_Pie_HR_128\238_01_01_200_13_crop_128.png,face,True,238,238,Multi-PIE,"{""record1_meta"": {""version"": ""HR_128"", ""angle"": ""200"", ""lighting"": ""04"", ""expression"": ""01""}, ""record2_meta"": {""version"": ""HR_128"", ""angle"": ""200"", ""lighting"": ""13"", ""expression"": ""01""}}"
Multi-PIE_genuine_75,Face\Multi_Pie_HR_128\094_01_01_110_00_crop_128.png,Face\Multi_Pie_HR_128\094_01_01_110_07_crop_128.png,face,True,094,094,Multi-PIE,"{""record1_meta"": {""version"": ""HR_128"", ""angle"": ""110"", ""lighting"": ""00"", ""expression"": ""01""}, ""record2_meta"": {""version"": ""HR_128"", ""angle"": ""110"", ""lighting"": ""07"", ""expression"": ""01""}}"
Multi-PIE_genuine_76,Face\Multi_Pie_HR_128\138_01_02_080_03_crop_128.png,Face\Multi_Pie_HR_128\138_01_02_080_10_crop_128.png,face,True,138,138,Multi-PIE,"{""record1_meta"": {""version"": ""HR_128"", ""angle"": ""080"", ""lighting"": ""03"", ""expression"": ""02""}, ""record2_meta"": {""version"": ""HR_128"", ""angle"": ""080"", ""lighting"": ""10"", ""expression"": ""02""}}"
Multi-PIE_genuine_77,Face\Multi_Pie_HR_128\024_01_02_110_04_crop_128.png,Face\Multi_Pie_HR_128\024_01_02_110_15_crop_128.png,face,True,024,024,Multi-PIE,"{""record1_meta"": {""version"": ""HR_128"", ""angle"": ""110"", ""lighting"": ""04"", ""expression"": ""02""}, ""record2_meta"": {""version"": ""HR_128"", ""angle"": ""110"", ""lighting"": ""15"", ""expression"": ""02""}}"
Multi-PIE_genuine_78,Face\Multi_Pie_HR_128\098_01_01_110_01_crop_128.png,Face\Multi_Pie_HR_128\098_01_01_110_11_crop_128.png,face,True,098,098,Multi-PIE,"{""record1_meta"": {""version"": ""HR_128"", ""angle"": ""110"", ""lighting"": ""01"", ""expression"": ""01""}, ""record2_meta"": {""version"": ""HR_128"", ""angle"": ""110"", ""lighting"": ""11"", ""expression"": ""01""}}"
Multi-PIE_genuine_79,Face\Multi_Pie_HR_128\014_01_02_051_03_crop_128.png,Face\Multi_Pie_HR_128\014_01_02_051_09_crop_128.png,face,True,014,014,Multi-PIE,"{""record1_meta"": {""version"": ""HR_128"", ""angle"": ""051"", ""lighting"": ""03"", ""expression"": ""02""}, ""record2_meta"": {""version"": ""HR_128"", ""angle"": ""051"", ""lighting"": ""09"", ""expression"": ""02""}}"
Multi-PIE_genuine_80,Face\Multi_Pie_HR_128\134_01_02_190_12_crop_128.png,Face\Multi_Pie_HR_128\134_01_02_190_13_crop_128.png,face,True,134,134,Multi-PIE,"{""record1_meta"": {""version"": ""HR_128"", ""angle"": ""190"", ""lighting"": ""12"", ""expression"": ""02""}, ""record2_meta"": {""version"": ""HR_128"", ""angle"": ""190"", ""lighting"": ""13"", ""expression"": ""02""}}"
Multi-PIE_genuine_81,Face\Multi_Pie_HR_128\171_01_01_120_13_crop_128.png,Face\Multi_Pie_HR_128\171_01_01_120_18_crop_128.png,face,True,171,171,Multi-PIE,"{""record1_meta"": {""version"": ""HR_128"", ""angle"": ""120"", ""lighting"": ""13"", ""expression"": ""01""}, ""record2_meta"": {""version"": ""HR_128"", ""angle"": ""120"", ""lighting"": ""18"", ""expression"": ""01""}}"
Multi-PIE_genuine_82,Face\Multi_Pie_HR_128\114_01_02_080_02_crop_128.png,Face\Multi_Pie_HR_128\114_01_02_080_09_crop_128.png,face,True,114,114,Multi-PIE,"{""record1_meta"": {""version"": ""HR_128"", ""angle"": ""080"", ""lighting"": ""02"", ""expression"": ""02""}, ""record2_meta"": {""version"": ""HR_128"", ""angle"": ""080"", ""lighting"": ""09"", ""expression"": ""02""}}"
Multi-PIE_genuine_83,Face\Multi_Pie_HR_128\029_01_01_050_06_crop_128.png,Face\Multi_Pie_HR_128\029_01_01_050_15_crop_128.png,face,True,029,029,Multi-PIE,"{""record1_meta"": {""version"": ""HR_128"", ""angle"": ""050"", ""lighting"": ""06"", ""expression"": ""01""}, ""record2_meta"": {""version"": ""HR_128"", ""angle"": ""050"", ""lighting"": ""15"", ""expression"": ""01""}}"
Multi-PIE_genuine_84,Face\Multi_Pie_HR_128\090_01_02_041_09_crop_128.png,Face\Multi_Pie_HR_128\090_01_02_041_18_crop_128.png,face,True,090,090,Multi-PIE,"{""record1_meta"": {""version"": ""HR_128"", ""angle"": ""041"", ""lighting"": ""09"", ""expression"": ""02""}, ""record2_meta"": {""version"": ""HR_128"", ""angle"": ""041"", ""lighting"": ""18"", ""expression"": ""02""}}"
Multi-PIE_genuine_85,Face\Multi_Pie_HR_128\242_01_02_120_03_crop_128.png,Face\Multi_Pie_HR_128\242_01_02_120_12_crop_128.png,face,True,242,242,Multi-PIE,"{""record1_meta"": {""version"": ""HR_128"", ""angle"": ""120"", ""lighting"": ""03"", ""expression"": ""02""}, ""record2_meta"": {""version"": ""HR_128"", ""angle"": ""120"", ""lighting"": ""12"", ""expression"": ""02""}}"
Multi-PIE_genuine_86,Face\Multi_Pie_HR_128\134_01_02_050_03_crop_128.png,Face\Multi_Pie_HR_128\134_01_02_050_07_crop_128.png,face,True,134,134,Multi-PIE,"{""record1_meta"": {""version"": ""HR_128"", ""angle"": ""050"", ""lighting"": ""03"", ""expression"": ""02""}, ""record2_meta"": {""version"": ""HR_128"", ""angle"": ""050"", ""lighting"": ""07"", ""expression"": ""02""}}"
Multi-PIE_genuine_87,Face\Multi_Pie_HR_128\091_01_01_110_13_crop_128.png,Face\Multi_Pie_HR_128\091_01_01_110_15_crop_128.png,face,True,091,091,Multi-PIE,"{""record1_meta"": {""version"": ""HR_128"", ""angle"": ""110"", ""lighting"": ""13"", ""expression"": ""01""}, ""record2_meta"": {""version"": ""HR_128"", ""angle"": ""110"", ""lighting"": ""15"", ""expression"": ""01""}}"
Multi-PIE_genuine_88,Face\Multi_Pie_HR_128\212_01_02_200_03_crop_128.png,Face\Multi_Pie_HR_128\212_01_02_200_13_crop_128.png,face,True,212,212,Multi-PIE,"{""record1_meta"": {""version"": ""HR_128"", ""angle"": ""200"", ""lighting"": ""03"", ""expression"": ""02""}, ""record2_meta"": {""version"": ""HR_128"", ""angle"": ""200"", ""lighting"": ""13"", ""expression"": ""02""}}"
Multi-PIE_genuine_89,Face\Multi_Pie_HR_128\168_01_02_200_11_crop_128.png,Face\Multi_Pie_HR_128\168_01_02_200_18_crop_128.png,face,True,168,168,Multi-PIE,"{""record1_meta"": {""version"": ""HR_128"", ""angle"": ""200"", ""lighting"": ""11"", ""expression"": ""02""}, ""record2_meta"": {""version"": ""HR_128"", ""angle"": ""200"", ""lighting"": ""18"", ""expression"": ""02""}}"
Multi-PIE_genuine_90,Face\Multi_Pie_HR_128\195_01_02_120_07_crop_128.png,Face\Multi_Pie_HR_128\195_01_02_120_18_crop_128.png,face,True,195,195,Multi-PIE,"{""record1_meta"": {""version"": ""HR_128"", ""angle"": ""120"", ""lighting"": ""07"", ""expression"": ""02""}, ""record2_meta"": {""version"": ""HR_128"", ""angle"": ""120"", ""lighting"": ""18"", ""expression"": ""02""}}"
Multi-PIE_genuine_91,Face\Multi_Pie_HR_128\061_01_02_051_15_crop_128.png,Face\Multi_Pie_HR_128\061_01_02_051_19_crop_128.png,face,True,061,061,Multi-PIE,"{""record1_meta"": {""version"": ""HR_128"", ""angle"": ""051"", ""lighting"": ""15"", ""expression"": ""02""}, ""record2_meta"": {""version"": ""HR_128"", ""angle"": ""051"", ""lighting"": ""19"", ""expression"": ""02""}}"
Multi-PIE_genuine_92,Face\Multi_Pie_HR_128\113_01_01_200_07_crop_128.png,Face\Multi_Pie_HR_128\113_01_01_200_19_crop_128.png,face,True,113,113,Multi-PIE,"{""record1_meta"": {""version"": ""HR_128"", ""angle"": ""200"", ""lighting"": ""07"", ""expression"": ""01""}, ""record2_meta"": {""version"": ""HR_128"", ""angle"": ""200"", ""lighting"": ""19"", ""expression"": ""01""}}"
Multi-PIE_genuine_93,Face\Multi_Pie_HR_128\060_01_01_120_01_crop_128.png,Face\Multi_Pie_HR_128\060_01_01_120_19_crop_128.png,face,True,060,060,Multi-PIE,"{""record1_meta"": {""version"": ""HR_128"", ""angle"": ""120"", ""lighting"": ""01"", ""expression"": ""01""}, ""record2_meta"": {""version"": ""HR_128"", ""angle"": ""120"", ""lighting"": ""19"", ""expression"": ""01""}}"
Multi-PIE_genuine_94,Face\Multi_Pie_HR_128\105_01_02_090_01_crop_128.png,Face\Multi_Pie_HR_128\105_01_02_090_18_crop_128.png,face,True,105,105,Multi-PIE,"{""record1_meta"": {""version"": ""HR_128"", ""angle"": ""090"", ""lighting"": ""01"", ""expression"": ""02""}, ""record2_meta"": {""version"": ""HR_128"", ""angle"": ""090"", ""lighting"": ""18"", ""expression"": ""02""}}"
Multi-PIE_genuine_95,Face\Multi_Pie_HR_128\240_01_01_130_01_crop_128.png,Face\Multi_Pie_HR_128\240_01_01_130_17_crop_128.png,face,True,240,240,Multi-PIE,"{""record1_meta"": {""version"": ""HR_128"", ""angle"": ""130"", ""lighting"": ""01"", ""expression"": ""01""}, ""record2_meta"": {""version"": ""HR_128"", ""angle"": ""130"", ""lighting"": ""17"", ""expression"": ""01""}}"
Multi-PIE_genuine_96,Face\Multi_Pie_HR_128\230_01_02_130_00_crop_128.png,Face\Multi_Pie_HR_128\230_01_02_130_08_crop_128.png,face,True,230,230,Multi-PIE,"{""record1_meta"": {""version"": ""HR_128"", ""angle"": ""130"", ""lighting"": ""00"", ""expression"": ""02""}, ""record2_meta"": {""version"": ""HR_128"", ""angle"": ""130"", ""lighting"": ""08"", ""expression"": ""02""}}"
Multi-PIE_genuine_97,Face\Multi_Pie_HR_128\112_01_02_041_00_crop_128.png,Face\Multi_Pie_HR_128\112_01_02_041_10_crop_128.png,face,True,112,112,Multi-PIE,"{""record1_meta"": {""version"": ""HR_128"", ""angle"": ""041"", ""lighting"": ""00"", ""expression"": ""02""}, ""record2_meta"": {""version"": ""HR_128"", ""angle"": ""041"", ""lighting"": ""10"", ""expression"": ""02""}}"
Multi-PIE_genuine_98,Face\Multi_Pie_HR_128\250_01_01_080_05_crop_128.png,Face\Multi_Pie_HR_128\250_01_01_080_06_crop_128.png,face,True,250,250,Multi-PIE,"{""record1_meta"": {""version"": ""HR_128"", ""angle"": ""080"", ""lighting"": ""05"", ""expression"": ""01""}, ""record2_meta"": {""version"": ""HR_128"", ""angle"": ""080"", ""lighting"": ""06"", ""expression"": ""01""}}"
Multi-PIE_genuine_99,Face\Multi_Pie_HR_128\182_01_02_140_13_crop_128.png,Face\Multi_Pie_HR_128\182_01_02_140_15_crop_128.png,face,True,182,182,Multi-PIE,"{""record1_meta"": {""version"": ""HR_128"", ""angle"": ""140"", ""lighting"": ""13"", ""expression"": ""02""}, ""record2_meta"": {""version"": ""HR_128"", ""angle"": ""140"", ""lighting"": ""15"", ""expression"": ""02""}}"
Multi-PIE_genuine_100,Face\Multi_Pie_HR_128\249_01_02_090_11_crop_128.png,Face\Multi_Pie_HR_128\249_01_02_090_15_crop_128.png,face,True,249,249,Multi-PIE,"{""record1_meta"": {""version"": ""HR_128"", ""angle"": ""090"", ""lighting"": ""11"", ""expression"": ""02""}, ""record2_meta"": {""version"": ""HR_128"", ""angle"": ""090"", ""lighting"": ""15"", ""expression"": ""02""}}"
Multi-PIE_genuine_101,Face\Multi_Pie_HR_128\170_01_02_041_04_crop_128.png,Face\Multi_Pie_HR_128\170_01_02_041_18_crop_128.png,face,True,170,170,Multi-PIE,"{""record1_meta"": {""version"": ""HR_128"", ""angle"": ""041"", ""lighting"": ""04"", ""expression"": ""02""}, ""record2_meta"": {""version"": ""HR_128"", ""angle"": ""041"", ""lighting"": ""18"", ""expression"": ""02""}}"
Multi-PIE_genuine_102,Face\Multi_Pie_HR_128\154_01_02_080_06_crop_128.png,Face\Multi_Pie_HR_128\154_01_02_080_19_crop_128.png,face,True,154,154,Multi-PIE,"{""record1_meta"": {""version"": ""HR_128"", ""angle"": ""080"", ""lighting"": ""06"", ""expression"": ""02""}, ""record2_meta"": {""version"": ""HR_128"", ""angle"": ""080"", ""lighting"": ""19"", ""expression"": ""02""}}"
Multi-PIE_genuine_103,Face\Multi_Pie_HR_128\094_01_01_050_10_crop_128.png,Face\Multi_Pie_HR_128\094_01_01_050_14_crop_128.png,face,True,094,094,Multi-PIE,"{""record1_meta"": {""version"": ""HR_128"", ""angle"": ""050"", ""lighting"": ""10"", ""expression"": ""01""}, ""record2_meta"": {""version"": ""HR_128"", ""angle"": ""050"", ""lighting"": ""14"", ""expression"": ""01""}}"
Multi-PIE_genuine_104,Face\Multi_Pie_HR_128\059_01_02_090_12_crop_128.png,Face\Multi_Pie_HR_128\059_01_02_090_13_crop_128.png,face,True,059,059,Multi-PIE,"{""record1_meta"": {""version"": ""HR_128"", ""angle"": ""090"", ""lighting"": ""12"", ""expression"": ""02""}, ""record2_meta"": {""version"": ""HR_128"", ""angle"": ""090"", ""lighting"": ""13"", ""expression"": ""02""}}"
Multi-PIE_genuine_105,Face\Multi_Pie_HR_128\218_01_01_120_16_crop_128.png,Face\Multi_Pie_HR_128\218_01_01_120_17_crop_128.png,face,True,218,218,Multi-PIE,"{""record1_meta"": {""version"": ""HR_128"", ""angle"": ""120"", ""lighting"": ""16"", ""expression"": ""01""}, ""record2_meta"": {""version"": ""HR_128"", ""angle"": ""120"", ""lighting"": ""17"", ""expression"": ""01""}}"
Multi-PIE_genuine_106,Face\Multi_Pie_HR_128\210_01_02_010_02_crop_128.png,Face\Multi_Pie_HR_128\210_01_02_010_13_crop_128.png,face,True,210,210,Multi-PIE,"{""record1_meta"": {""version"": ""HR_128"", ""angle"": ""010"", ""lighting"": ""02"", ""expression"": ""02""}, ""record2_meta"": {""version"": ""HR_128"", ""angle"": ""010"", ""lighting"": ""13"", ""expression"": ""02""}}"
Multi-PIE_genuine_107,Face\Multi_Pie_HR_128\039_01_02_050_04_crop_128.png,Face\Multi_Pie_HR_128\039_01_02_050_15_crop_128.png,face,True,039,039,Multi-PIE,"{""record1_meta"": {""version"": ""HR_128"", ""angle"": ""050"", ""lighting"": ""04"", ""expression"": ""02""}, ""record2_meta"": {""version"": ""HR_128"", ""angle"": ""050"", ""lighting"": ""15"", ""expression"": ""02""}}"
Multi-PIE_genuine_108,Face\Multi_Pie_HR_128\021_01_01_010_00_crop_128.png,Face\Multi_Pie_HR_128\021_01_01_010_11_crop_128.png,face,True,021,021,Multi-PIE,"{""record1_meta"": {""version"": ""HR_128"", ""angle"": ""010"", ""lighting"": ""00"", ""expression"": ""01""}, ""record2_meta"": {""version"": ""HR_128"", ""angle"": ""010"", ""lighting"": ""11"", ""expression"": ""01""}}"
Multi-PIE_genuine_109,Face\Multi_Pie_HR_128\047_01_02_041_02_crop_128.png,Face\Multi_Pie_HR_128\047_01_02_041_16_crop_128.png,face,True,047,047,Multi-PIE,"{""record1_meta"": {""version"": ""HR_128"", ""angle"": ""041"", ""lighting"": ""02"", ""expression"": ""02""}, ""record2_meta"": {""version"": ""HR_128"", ""angle"": ""041"", ""lighting"": ""16"", ""expression"": ""02""}}"
Multi-PIE_genuine_110,Face\Multi_Pie_HR_128\065_01_02_190_00_crop_128.png,Face\Multi_Pie_HR_128\065_01_02_190_02_crop_128.png,face,True,065,065,Multi-PIE,"{""record1_meta"": {""version"": ""HR_128"", ""angle"": ""190"", ""lighting"": ""00"", ""expression"": ""02""}, ""record2_meta"": {""version"": ""HR_128"", ""angle"": ""190"", ""lighting"": ""02"", ""expression"": ""02""}}"
Multi-PIE_genuine_111,Face\Multi_Pie_HR_128\068_01_02_190_11_crop_128.png,Face\Multi_Pie_HR_128\068_01_02_190_14_crop_128.png,face,True,068,068,Multi-PIE,"{""record1_meta"": {""version"": ""HR_128"", ""angle"": ""190"", ""lighting"": ""11"", ""expression"": ""02""}, ""record2_meta"": {""version"": ""HR_128"", ""angle"": ""190"", ""lighting"": ""14"", ""expression"": ""02""}}"
Multi-PIE_genuine_112,Face\Multi_Pie_HR_128\180_01_01_090_07_crop_128.png,Face\Multi_Pie_HR_128\180_01_01_090_19_crop_128.png,face,True,180,180,Multi-PIE,"{""record1_meta"": {""version"": ""HR_128"", ""angle"": ""090"", ""lighting"": ""07"", ""expression"": ""01""}, ""record2_meta"": {""version"": ""HR_128"", ""angle"": ""090"", ""lighting"": ""19"", ""expression"": ""01""}}"
Multi-PIE_genuine_113,Face\Multi_Pie_HR_128\027_01_02_240_02_crop_128.png,Face\Multi_Pie_HR_128\027_01_02_240_03_crop_128.png,face,True,027,027,Multi-PIE,"{""record1_meta"": {""version"": ""HR_128"", ""angle"": ""240"", ""lighting"": ""02"", ""expression"": ""02""}, ""record2_meta"": {""version"": ""HR_128"", ""angle"": ""240"", ""lighting"": ""03"", ""expression"": ""02""}}"
Multi-PIE_genuine_114,Face\Multi_Pie_HR_128\164_01_01_130_14_crop_128.png,Face\Multi_Pie_HR_128\164_01_01_130_15_crop_128.png,face,True,164,164,Multi-PIE,"{""record1_meta"": {""version"": ""HR_128"", ""angle"": ""130"", ""lighting"": ""14"", ""expression"": ""01""}, ""record2_meta"": {""version"": ""HR_128"", ""angle"": ""130"", ""lighting"": ""15"", ""expression"": ""01""}}"
Multi-PIE_genuine_115,Face\Multi_Pie_HR_128\163_01_01_010_01_crop_128.png,Face\Multi_Pie_HR_128\163_01_01_010_16_crop_128.png,face,True,163,163,Multi-PIE,"{""record1_meta"": {""version"": ""HR_128"", ""angle"": ""010"", ""lighting"": ""01"", ""expression"": ""01""}, ""record2_meta"": {""version"": ""HR_128"", ""angle"": ""010"", ""lighting"": ""16"", ""expression"": ""01""}}"
Multi-PIE_genuine_116,Face\Multi_Pie_HR_128\199_01_02_090_01_crop_128.png,Face\Multi_Pie_HR_128\199_01_02_090_14_crop_128.png,face,True,199,199,Multi-PIE,"{""record1_meta"": {""version"": ""HR_128"", ""angle"": ""090"", ""lighting"": ""01"", ""expression"": ""02""}, ""record2_meta"": {""version"": ""HR_128"", ""angle"": ""090"", ""lighting"": ""14"", ""expression"": ""02""}}"
Multi-PIE_genuine_117,Face\Multi_Pie_HR_128\226_01_02_051_01_crop_128.png,Face\Multi_Pie_HR_128\226_01_02_051_16_crop_128.png,face,True,226,226,Multi-PIE,"{""record1_meta"": {""version"": ""HR_128"", ""angle"": ""051"", ""lighting"": ""01"", ""expression"": ""02""}, ""record2_meta"": {""version"": ""HR_128"", ""angle"": ""051"", ""lighting"": ""16"", ""expression"": ""02""}}"
Multi-PIE_genuine_118,Face\Multi_Pie_HR_128\107_01_02_110_00_crop_128.png,Face\Multi_Pie_HR_128\107_01_02_110_04_crop_128.png,face,True,107,107,Multi-PIE,"{""record1_meta"": {""version"": ""HR_128"", ""angle"": ""110"", ""lighting"": ""00"", ""expression"": ""02""}, ""record2_meta"": {""version"": ""HR_128"", ""angle"": ""110"", ""lighting"": ""04"", ""expression"": ""02""}}"
Multi-PIE_genuine_119,Face\Multi_Pie_HR_128\236_01_02_140_03_crop_128.png,Face\Multi_Pie_HR_128\236_01_02_140_08_crop_128.png,face,True,236,236,Multi-PIE,"{""record1_meta"": {""version"": ""HR_128"", ""angle"": ""140"", ""lighting"": ""03"", ""expression"": ""02""}, ""record2_meta"": {""version"": ""HR_128"", ""angle"": ""140"", ""lighting"": ""08"", ""expression"": ""02""}}"
Multi-PIE_genuine_120,Face\Multi_Pie_HR_128\005_01_02_140_09_crop_128.png,Face\Multi_Pie_HR_128\005_01_02_140_12_crop_128.png,face,True,005,005,Multi-PIE,"{""record1_meta"": {""version"": ""HR_128"", ""angle"": ""140"", ""lighting"": ""09"", ""expression"": ""02""}, ""record2_meta"": {""version"": ""HR_128"", ""angle"": ""140"", ""lighting"": ""12"", ""expression"": ""02""}}"
Multi-PIE_genuine_121,Face\Multi_Pie_HR_128\049_01_02_051_04_crop_128.png,Face\Multi_Pie_HR_128\049_01_02_051_07_crop_128.png,face,True,049,049,Multi-PIE,"{""record1_meta"": {""version"": ""HR_128"", ""angle"": ""051"", ""lighting"": ""04"", ""expression"": ""02""}, ""record2_meta"": {""version"": ""HR_128"", ""angle"": ""051"", ""lighting"": ""07"", ""expression"": ""02""}}"
Multi-PIE_genuine_122,Face\Multi_Pie_HR_128\229_01_02_200_12_crop_128.png,Face\Multi_Pie_HR_128\229_01_02_200_19_crop_128.png,face,True,229,229,Multi-PIE,"{""record1_meta"": {""version"": ""HR_128"", ""angle"": ""200"", ""lighting"": ""12"", ""expression"": ""02""}, ""record2_meta"": {""version"": ""HR_128"", ""angle"": ""200"", ""lighting"": ""19"", ""expression"": ""02""}}"
Multi-PIE_genuine_123,Face\Multi_Pie_HR_128\114_01_01_120_01_crop_128.png,Face\Multi_Pie_HR_128\114_01_01_120_05_crop_128.png,face,True,114,114,Multi-PIE,"{""record1_meta"": {""version"": ""HR_128"", ""angle"": ""120"", ""lighting"": ""01"", ""expression"": ""01""}, ""record2_meta"": {""version"": ""HR_128"", ""angle"": ""120"", ""lighting"": ""05"", ""expression"": ""01""}}"
Multi-PIE_genuine_124,Face\Multi_Pie_HR_128\145_01_01_190_09_crop_128.png,Face\Multi_Pie_HR_128\145_01_01_190_14_crop_128.png,face,True,145,145,Multi-PIE,"{""record1_meta"": {""version"": ""HR_128"", ""angle"": ""190"", ""lighting"": ""09"", ""expression"": ""01""}, ""record2_meta"": {""version"": ""HR_128"", ""angle"": ""190"", ""lighting"": ""14"", ""expression"": ""01""}}"
Multi-PIE_genuine_125,Face\Multi_Pie_HR_128\048_01_01_140_02_crop_128.png,Face\Multi_Pie_HR_128\048_01_01_140_17_crop_128.png,face,True,048,048,Multi-PIE,"{""record1_meta"": {""version"": ""HR_128"", ""angle"": ""140"", ""lighting"": ""02"", ""expression"": ""01""}, ""record2_meta"": {""version"": ""HR_128"", ""angle"": ""140"", ""lighting"": ""17"", ""expression"": ""01""}}"
Multi-PIE_genuine_126,Face\Multi_Pie_HR_128\125_01_02_050_06_crop_128.png,Face\Multi_Pie_HR_128\125_01_02_050_12_crop_128.png,face,True,125,125,Multi-PIE,"{""record1_meta"": {""version"": ""HR_128"", ""angle"": ""050"", ""lighting"": ""06"", ""expression"": ""02""}, ""record2_meta"": {""version"": ""HR_128"", ""angle"": ""050"", ""lighting"": ""12"", ""expression"": ""02""}}"
Multi-PIE_genuine_127,Face\Multi_Pie_HR_128\185_01_02_041_10_crop_128.png,Face\Multi_Pie_HR_128\185_01_02_041_14_crop_128.png,face,True,185,185,Multi-PIE,"{""record1_meta"": {""version"": ""HR_128"", ""angle"": ""041"", ""lighting"": ""10"", ""expression"": ""02""}, ""record2_meta"": {""version"": ""HR_128"", ""angle"": ""041"", ""lighting"": ""14"", ""expression"": ""02""}}"
Multi-PIE_genuine_128,Face\Multi_Pie_HR_128\068_01_01_051_08_crop_128.png,Face\Multi_Pie_HR_128\068_01_01_051_15_crop_128.png,face,True,068,068,Multi-PIE,"{""record1_meta"": {""version"": ""HR_128"", ""angle"": ""051"", ""lighting"": ""08"", ""expression"": ""01""}, ""record2_meta"": {""version"": ""HR_128"", ""angle"": ""051"", ""lighting"": ""15"", ""expression"": ""01""}}"
Multi-PIE_genuine_129,Face\Multi_Pie_HR_128\193_01_02_051_00_crop_128.png,Face\Multi_Pie_HR_128\193_01_02_051_08_crop_128.png,face,True,193,193,Multi-PIE,"{""record1_meta"": {""version"": ""HR_128"", ""angle"": ""051"", ""lighting"": ""00"", ""expression"": ""02""}, ""record2_meta"": {""version"": ""HR_128"", ""angle"": ""051"", ""lighting"": ""08"", ""expression"": ""02""}}"
Multi-PIE_genuine_130,Face\Multi_Pie_HR_128\002_01_01_140_11_crop_128.png,Face\Multi_Pie_HR_128\002_01_01_140_13_crop_128.png,face,True,002,002,Multi-PIE,"{""record1_meta"": {""version"": ""HR_128"", ""angle"": ""140"", ""lighting"": ""11"", ""expression"": ""01""}, ""record2_meta"": {""version"": ""HR_128"", ""angle"": ""140"", ""lighting"": ""13"", ""expression"": ""01""}}"
Multi-PIE_genuine_131,Face\Multi_Pie_HR_128\112_01_02_130_01_crop_128.png,Face\Multi_Pie_HR_128\112_01_02_130_19_crop_128.png,face,True,112,112,Multi-PIE,"{""record1_meta"": {""version"": ""HR_128"", ""angle"": ""130"", ""lighting"": ""01"", ""expression"": ""02""}, ""record2_meta"": {""version"": ""HR_128"", ""angle"": ""130"", ""lighting"": ""19"", ""expression"": ""02""}}"
Multi-PIE_genuine_132,Face\Multi_Pie_HR_128\214_01_02_010_03_crop_128.png,Face\Multi_Pie_HR_128\214_01_02_010_05_crop_128.png,face,True,214,214,Multi-PIE,"{""record1_meta"": {""version"": ""HR_128"", ""angle"": ""010"", ""lighting"": ""03"", ""expression"": ""02""}, ""record2_meta"": {""version"": ""HR_128"", ""angle"": ""010"", ""lighting"": ""05"", ""expression"": ""02""}}"
Multi-PIE_genuine_133,Face\Multi_Pie_HR_128\076_01_02_130_13_crop_128.png,Face\Multi_Pie_HR_128\076_01_02_130_15_crop_128.png,face,True,076,076,Multi-PIE,"{""record1_meta"": {""version"": ""HR_128"", ""angle"": ""130"", ""lighting"": ""13"", ""expression"": ""02""}, ""record2_meta"": {""version"": ""HR_128"", ""angle"": ""130"", ""lighting"": ""15"", ""expression"": ""02""}}"
Multi-PIE_genuine_134,Face\Multi_Pie_HR_128\217_01_02_010_07_crop_128.png,Face\Multi_Pie_HR_128\217_01_02_010_11_crop_128.png,face,True,217,217,Multi-PIE,"{""record1_meta"": {""version"": ""HR_128"", ""angle"": ""010"", ""lighting"": ""07"", ""expression"": ""02""}, ""record2_meta"": {""version"": ""HR_128"", ""angle"": ""010"", ""lighting"": ""11"", ""expression"": ""02""}}"
Multi-PIE_genuine_135,Face\Multi_Pie_HR_128\046_01_01_080_06_crop_128.png,Face\Multi_Pie_HR_128\046_01_01_080_07_crop_128.png,face,True,046,046,Multi-PIE,"{""record1_meta"": {""version"": ""HR_128"", ""angle"": ""080"", ""lighting"": ""06"", ""expression"": ""01""}, ""record2_meta"": {""version"": ""HR_128"", ""angle"": ""080"", ""lighting"": ""07"", ""expression"": ""01""}}"
Multi-PIE_genuine_136,Face\Multi_Pie_HR_128\127_01_02_090_01_crop_128.png,Face\Multi_Pie_HR_128\127_01_02_090_07_crop_128.png,face,True,127,127,Multi-PIE,"{""record1_meta"": {""version"": ""HR_128"", ""angle"": ""090"", ""lighting"": ""01"", ""expression"": ""02""}, ""record2_meta"": {""version"": ""HR_128"", ""angle"": ""090"", ""lighting"": ""07"", ""expression"": ""02""}}"
Multi-PIE_genuine_137,Face\Multi_Pie_HR_128\217_01_02_010_04_crop_128.png,Face\Multi_Pie_HR_128\217_01_02_010_11_crop_128.png,face,True,217,217,Multi-PIE,"{""record1_meta"": {""version"": ""HR_128"", ""angle"": ""010"", ""lighting"": ""04"", ""expression"": ""02""}, ""record2_meta"": {""version"": ""HR_128"", ""angle"": ""010"", ""lighting"": ""11"", ""expression"": ""02""}}"
Multi-PIE_genuine_138,Face\Multi_Pie_HR_128\085_01_01_200_05_crop_128.png,Face\Multi_Pie_HR_128\085_01_01_200_17_crop_128.png,face,True,085,085,Multi-PIE,"{""record1_meta"": {""version"": ""HR_128"", ""angle"": ""200"", ""lighting"": ""05"", ""expression"": ""01""}, ""record2_meta"": {""version"": ""HR_128"", ""angle"": ""200"", ""lighting"": ""17"", ""expression"": ""01""}}"
Multi-PIE_genuine_139,Face\Multi_Pie_HR_128\065_01_02_140_17_crop_128.png,Face\Multi_Pie_HR_128\065_01_02_140_18_crop_128.png,face,True,065,065,Multi-PIE,"{""record1_meta"": {""version"": ""HR_128"", ""angle"": ""140"", ""lighting"": ""17"", ""expression"": ""02""}, ""record2_meta"": {""version"": ""HR_128"", ""angle"": ""140"", ""lighting"": ""18"", ""expression"": ""02""}}"
Multi-PIE_genuine_140,Face\Multi_Pie_HR_128\159_01_02_110_01_crop_128.png,Face\Multi_Pie_HR_128\159_01_02_110_07_crop_128.png,face,True,159,159,Multi-PIE,"{""record1_meta"": {""version"": ""HR_128"", ""angle"": ""110"", ""lighting"": ""01"", ""expression"": ""02""}, ""record2_meta"": {""version"": ""HR_128"", ""angle"": ""110"", ""lighting"": ""07"", ""expression"": ""02""}}"
Multi-PIE_genuine_141,Face\Multi_Pie_HR_128\069_01_02_050_01_crop_128.png,Face\Multi_Pie_HR_128\069_01_02_050_05_crop_128.png,face,True,069,069,Multi-PIE,"{""record1_meta"": {""version"": ""HR_128"", ""angle"": ""050"", ""lighting"": ""01"", ""expression"": ""02""}, ""record2_meta"": {""version"": ""HR_128"", ""angle"": ""050"", ""lighting"": ""05"", ""expression"": ""02""}}"
Multi-PIE_genuine_142,Face\Multi_Pie_HR_128\230_01_02_240_05_crop_128.png,Face\Multi_Pie_HR_128\230_01_02_240_10_crop_128.png,face,True,230,230,Multi-PIE,"{""record1_meta"": {""version"": ""HR_128"", ""angle"": ""240"", ""lighting"": ""05"", ""expression"": ""02""}, ""record2_meta"": {""version"": ""HR_128"", ""angle"": ""240"", ""lighting"": ""10"", ""expression"": ""02""}}"
Multi-PIE_genuine_143,Face\Multi_Pie_HR_128\227_01_01_051_12_crop_128.png,Face\Multi_Pie_HR_128\227_01_01_051_13_crop_128.png,face,True,227,227,Multi-PIE,"{""record1_meta"": {""version"": ""HR_128"", ""angle"": ""051"", ""lighting"": ""12"", ""expression"": ""01""}, ""record2_meta"": {""version"": ""HR_128"", ""angle"": ""051"", ""lighting"": ""13"", ""expression"": ""01""}}"
Multi-PIE_genuine_144,Face\Multi_Pie_HR_128\001_01_01_110_03_crop_128.png,Face\Multi_Pie_HR_128\001_01_01_110_09_crop_128.png,face,True,001,001,Multi-PIE,"{""record1_meta"": {""version"": ""HR_128"", ""angle"": ""110"", ""lighting"": ""03"", ""expression"": ""01""}, ""record2_meta"": {""version"": ""HR_128"", ""angle"": ""110"", ""lighting"": ""09"", ""expression"": ""01""}}"
Multi-PIE_genuine_145,Face\Multi_Pie_HR_128\138_01_02_050_13_crop_128.png,Face\Multi_Pie_HR_128\138_01_02_050_19_crop_128.png,face,True,138,138,Multi-PIE,"{""record1_meta"": {""version"": ""HR_128"", ""angle"": ""050"", ""lighting"": ""13"", ""expression"": ""02""}, ""record2_meta"": {""version"": ""HR_128"", ""angle"": ""050"", ""lighting"": ""19"", ""expression"": ""02""}}"
Multi-PIE_genuine_146,Face\Multi_Pie_HR_128\208_01_01_200_00_crop_128.png,Face\Multi_Pie_HR_128\208_01_01_200_11_crop_128.png,face,True,208,208,Multi-PIE,"{""record1_meta"": {""version"": ""HR_128"", ""angle"": ""200"", ""lighting"": ""00"", ""expression"": ""01""}, ""record2_meta"": {""version"": ""HR_128"", ""angle"": ""200"", ""lighting"": ""11"", ""expression"": ""01""}}"
Multi-PIE_genuine_147,Face\Multi_Pie_HR_128\009_01_01_110_16_crop_128.png,Face\Multi_Pie_HR_128\009_01_01_110_18_crop_128.png,face,True,009,009,Multi-PIE,"{""record1_meta"": {""version"": ""HR_128"", ""angle"": ""110"", ""lighting"": ""16"", ""expression"": ""01""}, ""record2_meta"": {""version"": ""HR_128"", ""angle"": ""110"", ""lighting"": ""18"", ""expression"": ""01""}}"
Multi-PIE_genuine_148,Face\Multi_Pie_HR_128\048_01_01_240_09_crop_128.png,Face\Multi_Pie_HR_128\048_01_01_240_18_crop_128.png,face,True,048,048,Multi-PIE,"{""record1_meta"": {""version"": ""HR_128"", ""angle"": ""240"", ""lighting"": ""09"", ""expression"": ""01""}, ""record2_meta"": {""version"": ""HR_128"", ""angle"": ""240"", ""lighting"": ""18"", ""expression"": ""01""}}"
Multi-PIE_genuine_149,Face\Multi_Pie_HR_128\155_01_01_050_05_crop_128.png,Face\Multi_Pie_HR_128\155_01_01_050_06_crop_128.png,face,True,155,155,Multi-PIE,"{""record1_meta"": {""version"": ""HR_128"", ""angle"": ""050"", ""lighting"": ""05"", ""expression"": ""01""}, ""record2_meta"": {""version"": ""HR_128"", ""angle"": ""050"", ""lighting"": ""06"", ""expression"": ""01""}}"
Multi-PIE_genuine_150,Face\Multi_Pie_HR_128\131_01_02_041_02_crop_128.png,Face\Multi_Pie_HR_128\131_01_02_041_09_crop_128.png,face,True,131,131,Multi-PIE,"{""record1_meta"": {""version"": ""HR_128"", ""angle"": ""041"", ""lighting"": ""02"", ""expression"": ""02""}, ""record2_meta"": {""version"": ""HR_128"", ""angle"": ""041"", ""lighting"": ""09"", ""expression"": ""02""}}"
Multi-PIE_genuine_151,Face\Multi_Pie_HR_128\102_01_02_051_17_crop_128.png,Face\Multi_Pie_HR_128\102_01_02_051_18_crop_128.png,face,True,102,102,Multi-PIE,"{""record1_meta"": {""version"": ""HR_128"", ""angle"": ""051"", ""lighting"": ""17"", ""expression"": ""02""}, ""record2_meta"": {""version"": ""HR_128"", ""angle"": ""051"", ""lighting"": ""18"", ""expression"": ""02""}}"
Multi-PIE_genuine_152,Face\Multi_Pie_HR_128\025_01_02_050_03_crop_128.png,Face\Multi_Pie_HR_128\025_01_02_050_17_crop_128.png,face,True,025,025,Multi-PIE,"{""record1_meta"": {""version"": ""HR_128"", ""angle"": ""050"", ""lighting"": ""03"", ""expression"": ""02""}, ""record2_meta"": {""version"": ""HR_128"", ""angle"": ""050"", ""lighting"": ""17"", ""expression"": ""02""}}"
Multi-PIE_genuine_153,Face\Multi_Pie_HR_128\103_01_01_110_08_crop_128.png,Face\Multi_Pie_HR_128\103_01_01_110_09_crop_128.png,face,True,103,103,Multi-PIE,"{""record1_meta"": {""version"": ""HR_128"", ""angle"": ""110"", ""lighting"": ""08"", ""expression"": ""01""}, ""record2_meta"": {""version"": ""HR_128"", ""angle"": ""110"", ""lighting"": ""09"", ""expression"": ""01""}}"
Multi-PIE_genuine_154,Face\Multi_Pie_HR_128\242_01_02_140_02_crop_128.png,Face\Multi_Pie_HR_128\242_01_02_140_19_crop_128.png,face,True,242,242,Multi-PIE,"{""record1_meta"": {""version"": ""HR_128"", ""angle"": ""140"", ""lighting"": ""02"", ""expression"": ""02""}, ""record2_meta"": {""version"": ""HR_128"", ""angle"": ""140"", ""lighting"": ""19"", ""expression"": ""02""}}"
Multi-PIE_genuine_155,Face\Multi_Pie_HR_128\034_01_01_200_03_crop_128.png,Face\Multi_Pie_HR_128\034_01_01_200_05_crop_128.png,face,True,034,034,Multi-PIE,"{""record1_meta"": {""version"": ""HR_128"", ""angle"": ""200"", ""lighting"": ""03"", ""expression"": ""01""}, ""record2_meta"": {""version"": ""HR_128"", ""angle"": ""200"", ""lighting"": ""05"", ""expression"": ""01""}}"
Multi-PIE_genuine_156,Face\Multi_Pie_HR_128\037_01_01_140_04_crop_128.png,Face\Multi_Pie_HR_128\037_01_01_140_13_crop_128.png,face,True,037,037,Multi-PIE,"{""record1_meta"": {""version"": ""HR_128"", ""angle"": ""140"", ""lighting"": ""04"", ""expression"": ""01""}, ""record2_meta"": {""version"": ""HR_128"", ""angle"": ""140"", ""lighting"": ""13"", ""expression"": ""01""}}"
Multi-PIE_genuine_157,Face\Multi_Pie_HR_128\207_01_01_130_01_crop_128.png,Face\Multi_Pie_HR_128\207_01_01_130_18_crop_128.png,face,True,207,207,Multi-PIE,"{""record1_meta"": {""version"": ""HR_128"", ""angle"": ""130"", ""lighting"": ""01"", ""expression"": ""01""}, ""record2_meta"": {""version"": ""HR_128"", ""angle"": ""130"", ""lighting"": ""18"", ""expression"": ""01""}}"
Multi-PIE_genuine_158,Face\Multi_Pie_HR_128\030_01_01_140_14_crop_128.png,Face\Multi_Pie_HR_128\030_01_01_140_19_crop_128.png,face,True,030,030,Multi-PIE,"{""record1_meta"": {""version"": ""HR_128"", ""angle"": ""140"", ""lighting"": ""14"", ""expression"": ""01""}, ""record2_meta"": {""version"": ""HR_128"", ""angle"": ""140"", ""lighting"": ""19"", ""expression"": ""01""}}"
Multi-PIE_genuine_159,Face\Multi_Pie_HR_128\228_01_01_051_11_crop_128.png,Face\Multi_Pie_HR_128\228_01_01_051_13_crop_128.png,face,True,228,228,Multi-PIE,"{""record1_meta"": {""version"": ""HR_128"", ""angle"": ""051"", ""lighting"": ""11"", ""expression"": ""01""}, ""record2_meta"": {""version"": ""HR_128"", ""angle"": ""051"", ""lighting"": ""13"", ""expression"": ""01""}}"
Multi-PIE_genuine_160,Face\Multi_Pie_HR_128\054_01_01_190_00_crop_128.png,Face\Multi_Pie_HR_128\054_01_01_190_19_crop_128.png,face,True,054,054,Multi-PIE,"{""record1_meta"": {""version"": ""HR_128"", ""angle"": ""190"", ""lighting"": ""00"", ""expression"": ""01""}, ""record2_meta"": {""version"": ""HR_128"", ""angle"": ""190"", ""lighting"": ""19"", ""expression"": ""01""}}"
Multi-PIE_genuine_161,Face\Multi_Pie_HR_128\055_01_02_010_01_crop_128.png,Face\Multi_Pie_HR_128\055_01_02_010_09_crop_128.png,face,True,055,055,Multi-PIE,"{""record1_meta"": {""version"": ""HR_128"", ""angle"": ""010"", ""lighting"": ""01"", ""expression"": ""02""}, ""record2_meta"": {""version"": ""HR_128"", ""angle"": ""010"", ""lighting"": ""09"", ""expression"": ""02""}}"
Multi-PIE_genuine_162,Face\Multi_Pie_HR_128\202_01_02_110_18_crop_128.png,Face\Multi_Pie_HR_128\202_01_02_110_19_crop_128.png,face,True,202,202,Multi-PIE,"{""record1_meta"": {""version"": ""HR_128"", ""angle"": ""110"", ""lighting"": ""18"", ""expression"": ""02""}, ""record2_meta"": {""version"": ""HR_128"", ""angle"": ""110"", ""lighting"": ""19"", ""expression"": ""02""}}"
Multi-PIE_genuine_163,Face\Multi_Pie_HR_128\235_01_01_190_06_crop_128.png,Face\Multi_Pie_HR_128\235_01_01_190_09_crop_128.png,face,True,235,235,Multi-PIE,"{""record1_meta"": {""version"": ""HR_128"", ""angle"": ""190"", ""lighting"": ""06"", ""expression"": ""01""}, ""record2_meta"": {""version"": ""HR_128"", ""angle"": ""190"", ""lighting"": ""09"", ""expression"": ""01""}}"
Multi-PIE_genuine_164,Face\Multi_Pie_HR_128\071_01_01_050_07_crop_128.png,Face\Multi_Pie_HR_128\071_01_01_050_12_crop_128.png,face,True,071,071,Multi-PIE,"{""record1_meta"": {""version"": ""HR_128"", ""angle"": ""050"", ""lighting"": ""07"", ""expression"": ""01""}, ""record2_meta"": {""version"": ""HR_128"", ""angle"": ""050"", ""lighting"": ""12"", ""expression"": ""01""}}"
Multi-PIE_genuine_165,Face\Multi_Pie_HR_128\113_01_02_010_07_crop_128.png,Face\Multi_Pie_HR_128\113_01_02_010_10_crop_128.png,face,True,113,113,Multi-PIE,"{""record1_meta"": {""version"": ""HR_128"", ""angle"": ""010"", ""lighting"": ""07"", ""expression"": ""02""}, ""record2_meta"": {""version"": ""HR_128"", ""angle"": ""010"", ""lighting"": ""10"", ""expression"": ""02""}}"
Multi-PIE_genuine_166,Face\Multi_Pie_HR_128\226_01_01_010_02_crop_128.png,Face\Multi_Pie_HR_128\226_01_01_010_18_crop_128.png,face,True,226,226,Multi-PIE,"{""record1_meta"": {""version"": ""HR_128"", ""angle"": ""010"", ""lighting"": ""02"", ""expression"": ""01""}, ""record2_meta"": {""version"": ""HR_128"", ""angle"": ""010"", ""lighting"": ""18"", ""expression"": ""01""}}"
Multi-PIE_genuine_167,Face\Multi_Pie_HR_128\180_01_02_051_04_crop_128.png,Face\Multi_Pie_HR_128\180_01_02_051_19_crop_128.png,face,True,180,180,Multi-PIE,"{""record1_meta"": {""version"": ""HR_128"", ""angle"": ""051"", ""lighting"": ""04"", ""expression"": ""02""}, ""record2_meta"": {""version"": ""HR_128"", ""angle"": ""051"", ""lighting"": ""19"", ""expression"": ""02""}}"
Multi-PIE_genuine_168,Face\Multi_Pie_HR_128\090_01_02_190_09_crop_128.png,Face\Multi_Pie_HR_128\090_01_02_190_18_crop_128.png,face,True,090,090,Multi-PIE,"{""record1_meta"": {""version"": ""HR_128"", ""angle"": ""190"", ""lighting"": ""09"", ""expression"": ""02""}, ""record2_meta"": {""version"": ""HR_128"", ""angle"": ""190"", ""lighting"": ""18"", ""expression"": ""02""}}"
Multi-PIE_genuine_169,Face\Multi_Pie_HR_128\230_01_02_200_06_crop_128.png,Face\Multi_Pie_HR_128\230_01_02_200_13_crop_128.png,face,True,230,230,Multi-PIE,"{""record1_meta"": {""version"": ""HR_128"", ""angle"": ""200"", ""lighting"": ""06"", ""expression"": ""02""}, ""record2_meta"": {""version"": ""HR_128"", ""angle"": ""200"", ""lighting"": ""13"", ""expression"": ""02""}}"
Multi-PIE_genuine_170,Face\Multi_Pie_HR_128\086_01_01_190_02_crop_128.png,Face\Multi_Pie_HR_128\086_01_01_190_10_crop_128.png,face,True,086,086,Multi-PIE,"{""record1_meta"": {""version"": ""HR_128"", ""angle"": ""190"", ""lighting"": ""02"", ""expression"": ""01""}, ""record2_meta"": {""version"": ""HR_128"", ""angle"": ""190"", ""lighting"": ""10"", ""expression"": ""01""}}"
Multi-PIE_genuine_171,Face\Multi_Pie_HR_128\133_01_01_130_07_crop_128.png,Face\Multi_Pie_HR_128\133_01_01_130_12_crop_128.png,face,True,133,133,Multi-PIE,"{""record1_meta"": {""version"": ""HR_128"", ""angle"": ""130"", ""lighting"": ""07"", ""expression"": ""01""}, ""record2_meta"": {""version"": ""HR_128"", ""angle"": ""130"", ""lighting"": ""12"", ""expression"": ""01""}}"
Multi-PIE_genuine_172,Face\Multi_Pie_HR_128\170_01_01_140_14_crop_128.png,Face\Multi_Pie_HR_128\170_01_01_140_17_crop_128.png,face,True,170,170,Multi-PIE,"{""record1_meta"": {""version"": ""HR_128"", ""angle"": ""140"", ""lighting"": ""14"", ""expression"": ""01""}, ""record2_meta"": {""version"": ""HR_128"", ""angle"": ""140"", ""lighting"": ""17"", ""expression"": ""01""}}"
Multi-PIE_genuine_173,Face\Multi_Pie_HR_128\159_01_02_010_08_crop_128.png,Face\Multi_Pie_HR_128\159_01_02_010_14_crop_128.png,face,True,159,159,Multi-PIE,"{""record1_meta"": {""version"": ""HR_128"", ""angle"": ""010"", ""lighting"": ""08"", ""expression"": ""02""}, ""record2_meta"": {""version"": ""HR_128"", ""angle"": ""010"", ""lighting"": ""14"", ""expression"": ""02""}}"
Multi-PIE_genuine_174,Face\Multi_Pie_HR_128\186_01_02_240_07_crop_128.png,Face\Multi_Pie_HR_128\186_01_02_240_08_crop_128.png,face,True,186,186,Multi-PIE,"{""record1_meta"": {""version"": ""HR_128"", ""angle"": ""240"", ""lighting"": ""07"", ""expression"": ""02""}, ""record2_meta"": {""version"": ""HR_128"", ""angle"": ""240"", ""lighting"": ""08"", ""expression"": ""02""}}"
Multi-PIE_genuine_175,Face\Multi_Pie_HR_128\221_01_02_090_11_crop_128.png,Face\Multi_Pie_HR_128\221_01_02_090_13_crop_128.png,face,True,221,221,Multi-PIE,"{""record1_meta"": {""version"": ""HR_128"", ""angle"": ""090"", ""lighting"": ""11"", ""expression"": ""02""}, ""record2_meta"": {""version"": ""HR_128"", ""angle"": ""090"", ""lighting"": ""13"", ""expression"": ""02""}}"
Multi-PIE_genuine_176,Face\Multi_Pie_HR_128\192_01_02_080_03_crop_128.png,Face\Multi_Pie_HR_128\192_01_02_080_15_crop_128.png,face,True,192,192,Multi-PIE,"{""record1_meta"": {""version"": ""HR_128"", ""angle"": ""080"", ""lighting"": ""03"", ""expression"": ""02""}, ""record2_meta"": {""version"": ""HR_128"", ""angle"": ""080"", ""lighting"": ""15"", ""expression"": ""02""}}"
Multi-PIE_genuine_177,Face\Multi_Pie_HR_128\052_01_01_140_07_crop_128.png,Face\Multi_Pie_HR_128\052_01_01_140_10_crop_128.png,face,True,052,052,Multi-PIE,"{""record1_meta"": {""version"": ""HR_128"", ""angle"": ""140"", ""lighting"": ""07"", ""expression"": ""01""}, ""record2_meta"": {""version"": ""HR_128"", ""angle"": ""140"", ""lighting"": ""10"", ""expression"": ""01""}}"
Multi-PIE_genuine_178,Face\Multi_Pie_HR_128\106_01_01_110_03_crop_128.png,Face\Multi_Pie_HR_128\106_01_01_110_05_crop_128.png,face,True,106,106,Multi-PIE,"{""record1_meta"": {""version"": ""HR_128"", ""angle"": ""110"", ""lighting"": ""03"", ""expression"": ""01""}, ""record2_meta"": {""version"": ""HR_128"", ""angle"": ""110"", ""lighting"": ""05"", ""expression"": ""01""}}"
Multi-PIE_genuine_179,Face\Multi_Pie_HR_128\096_01_01_190_01_crop_128.png,Face\Multi_Pie_HR_128\096_01_01_190_07_crop_128.png,face,True,096,096,Multi-PIE,"{""record1_meta"": {""version"": ""HR_128"", ""angle"": ""190"", ""lighting"": ""01"", ""expression"": ""01""}, ""record2_meta"": {""version"": ""HR_128"", ""angle"": ""190"", ""lighting"": ""07"", ""expression"": ""01""}}"
Multi-PIE_genuine_180,Face\Multi_Pie_HR_128\028_01_01_080_08_crop_128.png,Face\Multi_Pie_HR_128\028_01_01_080_17_crop_128.png,face,True,028,028,Multi-PIE,"{""record1_meta"": {""version"": ""HR_128"", ""angle"": ""080"", ""lighting"": ""08"", ""expression"": ""01""}, ""record2_meta"": {""version"": ""HR_128"", ""angle"": ""080"", ""lighting"": ""17"", ""expression"": ""01""}}"
Multi-PIE_genuine_181,Face\Multi_Pie_HR_128\144_01_02_010_08_crop_128.png,Face\Multi_Pie_HR_128\144_01_02_010_11_crop_128.png,face,True,144,144,Multi-PIE,"{""record1_meta"": {""version"": ""HR_128"", ""angle"": ""010"", ""lighting"": ""08"", ""expression"": ""02""}, ""record2_meta"": {""version"": ""HR_128"", ""angle"": ""010"", ""lighting"": ""11"", ""expression"": ""02""}}"
Multi-PIE_genuine_182,Face\Multi_Pie_HR_128\009_01_02_200_01_crop_128.png,Face\Multi_Pie_HR_128\009_01_02_200_15_crop_128.png,face,True,009,009,Multi-PIE,"{""record1_meta"": {""version"": ""HR_128"", ""angle"": ""200"", ""lighting"": ""01"", ""expression"": ""02""}, ""record2_meta"": {""version"": ""HR_128"", ""angle"": ""200"", ""lighting"": ""15"", ""expression"": ""02""}}"
Multi-PIE_genuine_183,Face\Multi_Pie_HR_128\237_01_01_051_17_crop_128.png,Face\Multi_Pie_HR_128\237_01_01_051_18_crop_128.png,face,True,237,237,Multi-PIE,"{""record1_meta"": {""version"": ""HR_128"", ""angle"": ""051"", ""lighting"": ""17"", ""expression"": ""01""}, ""record2_meta"": {""version"": ""HR_128"", ""angle"": ""051"", ""lighting"": ""18"", ""expression"": ""01""}}"
Multi-PIE_genuine_184,Face\Multi_Pie_HR_128\098_01_02_080_14_crop_128.png,Face\Multi_Pie_HR_128\098_01_02_080_15_crop_128.png,face,True,098,098,Multi-PIE,"{""record1_meta"": {""version"": ""HR_128"", ""angle"": ""080"", ""lighting"": ""14"", ""expression"": ""02""}, ""record2_meta"": {""version"": ""HR_128"", ""angle"": ""080"", ""lighting"": ""15"", ""expression"": ""02""}}"
Multi-PIE_genuine_185,Face\Multi_Pie_HR_128\094_01_01_240_08_crop_128.png,Face\Multi_Pie_HR_128\094_01_01_240_14_crop_128.png,face,True,094,094,Multi-PIE,"{""record1_meta"": {""version"": ""HR_128"", ""angle"": ""240"", ""lighting"": ""08"", ""expression"": ""01""}, ""record2_meta"": {""version"": ""HR_128"", ""angle"": ""240"", ""lighting"": ""14"", ""expression"": ""01""}}"
Multi-PIE_genuine_186,Face\Multi_Pie_HR_128\004_01_01_041_04_crop_128.png,Face\Multi_Pie_HR_128\004_01_01_041_05_crop_128.png,face,True,004,004,Multi-PIE,"{""record1_meta"": {""version"": ""HR_128"", ""angle"": ""041"", ""lighting"": ""04"", ""expression"": ""01""}, ""record2_meta"": {""version"": ""HR_128"", ""angle"": ""041"", ""lighting"": ""05"", ""expression"": ""01""}}"
Multi-PIE_genuine_187,Face\Multi_Pie_HR_128\031_01_01_051_07_crop_128.png,Face\Multi_Pie_HR_128\031_01_01_051_09_crop_128.png,face,True,031,031,Multi-PIE,"{""record1_meta"": {""version"": ""HR_128"", ""angle"": ""051"", ""lighting"": ""07"", ""expression"": ""01""}, ""record2_meta"": {""version"": ""HR_128"", ""angle"": ""051"", ""lighting"": ""09"", ""expression"": ""01""}}"
Multi-PIE_genuine_188,Face\Multi_Pie_HR_128\025_01_02_240_11_crop_128.png,Face\Multi_Pie_HR_128\025_01_02_240_15_crop_128.png,face,True,025,025,Multi-PIE,"{""record1_meta"": {""version"": ""HR_128"", ""angle"": ""240"", ""lighting"": ""11"", ""expression"": ""02""}, ""record2_meta"": {""version"": ""HR_128"", ""angle"": ""240"", ""lighting"": ""15"", ""expression"": ""02""}}"
Multi-PIE_genuine_189,Face\Multi_Pie_HR_128\098_01_01_080_16_crop_128.png,Face\Multi_Pie_HR_128\098_01_01_080_18_crop_128.png,face,True,098,098,Multi-PIE,"{""record1_meta"": {""version"": ""HR_128"", ""angle"": ""080"", ""lighting"": ""16"", ""expression"": ""01""}, ""record2_meta"": {""version"": ""HR_128"", ""angle"": ""080"", ""lighting"": ""18"", ""expression"": ""01""}}"
Multi-PIE_genuine_190,Face\Multi_Pie_HR_128\029_01_02_050_14_crop_128.png,Face\Multi_Pie_HR_128\029_01_02_050_18_crop_128.png,face,True,029,029,Multi-PIE,"{""record1_meta"": {""version"": ""HR_128"", ""angle"": ""050"", ""lighting"": ""14"", ""expression"": ""02""}, ""record2_meta"": {""version"": ""HR_128"", ""angle"": ""050"", ""lighting"": ""18"", ""expression"": ""02""}}"
Multi-PIE_genuine_191,Face\Multi_Pie_HR_128\014_01_01_130_09_crop_128.png,Face\Multi_Pie_HR_128\014_01_01_130_12_crop_128.png,face,True,014,014,Multi-PIE,"{""record1_meta"": {""version"": ""HR_128"", ""angle"": ""130"", ""lighting"": ""09"", ""expression"": ""01""}, ""record2_meta"": {""version"": ""HR_128"", ""angle"": ""130"", ""lighting"": ""12"", ""expression"": ""01""}}"
Multi-PIE_genuine_192,Face\Multi_Pie_HR_128\141_01_01_120_01_crop_128.png,Face\Multi_Pie_HR_128\141_01_01_120_11_crop_128.png,face,True,141,141,Multi-PIE,"{""record1_meta"": {""version"": ""HR_128"", ""angle"": ""120"", ""lighting"": ""01"", ""expression"": ""01""}, ""record2_meta"": {""version"": ""HR_128"", ""angle"": ""120"", ""lighting"": ""11"", ""expression"": ""01""}}"
Multi-PIE_genuine_193,Face\Multi_Pie_HR_128\031_01_01_050_00_crop_128.png,Face\Multi_Pie_HR_128\031_01_01_050_19_crop_128.png,face,True,031,031,Multi-PIE,"{""record1_meta"": {""version"": ""HR_128"", ""angle"": ""050"", ""lighting"": ""00"", ""expression"": ""01""}, ""record2_meta"": {""version"": ""HR_128"", ""angle"": ""050"", ""lighting"": ""19"", ""expression"": ""01""}}"
Multi-PIE_genuine_194,Face\Multi_Pie_HR_128\220_01_01_120_00_crop_128.png,Face\Multi_Pie_HR_128\220_01_01_120_14_crop_128.png,face,True,220,220,Multi-PIE,"{""record1_meta"": {""version"": ""HR_128"", ""angle"": ""120"", ""lighting"": ""00"", ""expression"": ""01""}, ""record2_meta"": {""version"": ""HR_128"", ""angle"": ""120"", ""lighting"": ""14"", ""expression"": ""01""}}"
Multi-PIE_genuine_195,Face\Multi_Pie_HR_128\102_01_01_041_00_crop_128.png,Face\Multi_Pie_HR_128\102_01_01_041_02_crop_128.png,face,True,102,102,Multi-PIE,"{""record1_meta"": {""version"": ""HR_128"", ""angle"": ""041"", ""lighting"": ""00"", ""expression"": ""01""}, ""record2_meta"": {""version"": ""HR_128"", ""angle"": ""041"", ""lighting"": ""02"", ""expression"": ""01""}}"
Multi-PIE_genuine_196,Face\Multi_Pie_HR_128\119_01_01_090_09_crop_128.png,Face\Multi_Pie_HR_128\119_01_01_090_14_crop_128.png,face,True,119,119,Multi-PIE,"{""record1_meta"": {""version"": ""HR_128"", ""angle"": ""090"", ""lighting"": ""09"", ""expression"": ""01""}, ""record2_meta"": {""version"": ""HR_128"", ""angle"": ""090"", ""lighting"": ""14"", ""expression"": ""01""}}"
Multi-PIE_genuine_197,Face\Multi_Pie_HR_128\207_01_01_041_11_crop_128.png,Face\Multi_Pie_HR_128\207_01_01_041_15_crop_128.png,face,True,207,207,Multi-PIE,"{""record1_meta"": {""version"": ""HR_128"", ""angle"": ""041"", ""lighting"": ""11"", ""expression"": ""01""}, ""record2_meta"": {""version"": ""HR_128"", ""angle"": ""041"", ""lighting"": ""15"", ""expression"": ""01""}}"
Multi-PIE_genuine_198,Face\Multi_Pie_HR_128\091_01_02_200_08_crop_128.png,Face\Multi_Pie_HR_128\091_01_02_200_12_crop_128.png,face,True,091,091,Multi-PIE,"{""record1_meta"": {""version"": ""HR_128"", ""angle"": ""200"", ""lighting"": ""08"", ""expression"": ""02""}, ""record2_meta"": {""version"": ""HR_128"", ""angle"": ""200"", ""lighting"": ""12"", ""expression"": ""02""}}"
Multi-PIE_genuine_199,Face\Multi_Pie_HR_128\230_01_02_190_12_crop_128.png,Face\Multi_Pie_HR_128\230_01_02_190_16_crop_128.png,face,True,230,230,Multi-PIE,"{""record1_meta"": {""version"": ""HR_128"", ""angle"": ""190"", ""lighting"": ""12"", ""expression"": ""02""}, ""record2_meta"": {""version"": ""HR_128"", ""angle"": ""190"", ""lighting"": ""16"", ""expression"": ""02""}}"
Multi-PIE_genuine_200,Face\Multi_Pie_HR_128\057_01_01_080_04_crop_128.png,Face\Multi_Pie_HR_128\057_01_01_080_13_crop_128.png,face,True,057,057,Multi-PIE,"{""record1_meta"": {""version"": ""HR_128"", ""angle"": ""080"", ""lighting"": ""04"", ""expression"": ""01""}, ""record2_meta"": {""version"": ""HR_128"", ""angle"": ""080"", ""lighting"": ""13"", ""expression"": ""01""}}"
Multi-PIE_genuine_201,Face\Multi_Pie_HR_128\244_01_01_190_16_crop_128.png,Face\Multi_Pie_HR_128\244_01_01_190_17_crop_128.png,face,True,244,244,Multi-PIE,"{""record1_meta"": {""version"": ""HR_128"", ""angle"": ""190"", ""lighting"": ""16"", ""expression"": ""01""}, ""record2_meta"": {""version"": ""HR_128"", ""angle"": ""190"", ""lighting"": ""17"", ""expression"": ""01""}}"
Multi-PIE_genuine_202,Face\Multi_Pie_HR_128\246_01_02_051_00_crop_128.png,Face\Multi_Pie_HR_128\246_01_02_051_04_crop_128.png,face,True,246,246,Multi-PIE,"{""record1_meta"": {""version"": ""HR_128"", ""angle"": ""051"", ""lighting"": ""00"", ""expression"": ""02""}, ""record2_meta"": {""version"": ""HR_128"", ""angle"": ""051"", ""lighting"": ""04"", ""expression"": ""02""}}"
Multi-PIE_genuine_203,Face\Multi_Pie_HR_128\201_01_02_080_01_crop_128.png,Face\Multi_Pie_HR_128\201_01_02_080_15_crop_128.png,face,True,201,201,Multi-PIE,"{""record1_meta"": {""version"": ""HR_128"", ""angle"": ""080"", ""lighting"": ""01"", ""expression"": ""02""}, ""record2_meta"": {""version"": ""HR_128"", ""angle"": ""080"", ""lighting"": ""15"", ""expression"": ""02""}}"
Multi-PIE_genuine_204,Face\Multi_Pie_HR_128\104_01_01_080_01_crop_128.png,Face\Multi_Pie_HR_128\104_01_01_080_05_crop_128.png,face,True,104,104,Multi-PIE,"{""record1_meta"": {""version"": ""HR_128"", ""angle"": ""080"", ""lighting"": ""01"", ""expression"": ""01""}, ""record2_meta"": {""version"": ""HR_128"", ""angle"": ""080"", ""lighting"": ""05"", ""expression"": ""01""}}"
Multi-PIE_genuine_205,Face\Multi_Pie_HR_128\201_01_02_120_05_crop_128.png,Face\Multi_Pie_HR_128\201_01_02_120_17_crop_128.png,face,True,201,201,Multi-PIE,"{""record1_meta"": {""version"": ""HR_128"", ""angle"": ""120"", ""lighting"": ""05"", ""expression"": ""02""}, ""record2_meta"": {""version"": ""HR_128"", ""angle"": ""120"", ""lighting"": ""17"", ""expression"": ""02""}}"
Multi-PIE_genuine_206,Face\Multi_Pie_HR_128\173_01_02_120_16_crop_128.png,Face\Multi_Pie_HR_128\173_01_02_120_19_crop_128.png,face,True,173,173,Multi-PIE,"{""record1_meta"": {""version"": ""HR_128"", ""angle"": ""120"", ""lighting"": ""16"", ""expression"": ""02""}, ""record2_meta"": {""version"": ""HR_128"", ""angle"": ""120"", ""lighting"": ""19"", ""expression"": ""02""}}"
Multi-PIE_genuine_207,Face\Multi_Pie_HR_128\081_01_02_130_08_crop_128.png,Face\Multi_Pie_HR_128\081_01_02_130_13_crop_128.png,face,True,081,081,Multi-PIE,"{""record1_meta"": {""version"": ""HR_128"", ""angle"": ""130"", ""lighting"": ""08"", ""expression"": ""02""}, ""record2_meta"": {""version"": ""HR_128"", ""angle"": ""130"", ""lighting"": ""13"", ""expression"": ""02""}}"
Multi-PIE_genuine_208,Face\Multi_Pie_HR_128\041_01_01_041_01_crop_128.png,Face\Multi_Pie_HR_128\041_01_01_041_08_crop_128.png,face,True,041,041,Multi-PIE,"{""record1_meta"": {""version"": ""HR_128"", ""angle"": ""041"", ""lighting"": ""01"", ""expression"": ""01""}, ""record2_meta"": {""version"": ""HR_128"", ""angle"": ""041"", ""lighting"": ""08"", ""expression"": ""01""}}"
Multi-PIE_genuine_209,Face\Multi_Pie_HR_128\042_01_01_051_12_crop_128.png,Face\Multi_Pie_HR_128\042_01_01_051_19_crop_128.png,face,True,042,042,Multi-PIE,"{""record1_meta"": {""version"": ""HR_128"", ""angle"": ""051"", ""lighting"": ""12"", ""expression"": ""01""}, ""record2_meta"": {""version"": ""HR_128"", ""angle"": ""051"", ""lighting"": ""19"", ""expression"": ""01""}}"
Multi-PIE_genuine_210,Face\Multi_Pie_HR_128\183_01_02_240_10_crop_128.png,Face\Multi_Pie_HR_128\183_01_02_240_15_crop_128.png,face,True,183,183,Multi-PIE,"{""record1_meta"": {""version"": ""HR_128"", ""angle"": ""240"", ""lighting"": ""10"", ""expression"": ""02""}, ""record2_meta"": {""version"": ""HR_128"", ""angle"": ""240"", ""lighting"": ""15"", ""expression"": ""02""}}"
Multi-PIE_genuine_211,Face\Multi_Pie_HR_128\151_01_01_190_07_crop_128.png,Face\Multi_Pie_HR_128\151_01_01_190_11_crop_128.png,face,True,151,151,Multi-PIE,"{""record1_meta"": {""version"": ""HR_128"", ""angle"": ""190"", ""lighting"": ""07"", ""expression"": ""01""}, ""record2_meta"": {""version"": ""HR_128"", ""angle"": ""190"", ""lighting"": ""11"", ""expression"": ""01""}}"
Multi-PIE_genuine_212,Face\Multi_Pie_HR_128\180_01_02_130_03_crop_128.png,Face\Multi_Pie_HR_128\180_01_02_130_08_crop_128.png,face,True,180,180,Multi-PIE,"{""record1_meta"": {""version"": ""HR_128"", ""angle"": ""130"", ""lighting"": ""03"", ""expression"": ""02""}, ""record2_meta"": {""version"": ""HR_128"", ""angle"": ""130"", ""lighting"": ""08"", ""expression"": ""02""}}"
Multi-PIE_genuine_213,Face\Multi_Pie_HR_128\175_01_02_010_07_crop_128.png,Face\Multi_Pie_HR_128\175_01_02_010_09_crop_128.png,face,True,175,175,Multi-PIE,"{""record1_meta"": {""version"": ""HR_128"", ""angle"": ""010"", ""lighting"": ""07"", ""expression"": ""02""}, ""record2_meta"": {""version"": ""HR_128"", ""angle"": ""010"", ""lighting"": ""09"", ""expression"": ""02""}}"
Multi-PIE_genuine_214,Face\Multi_Pie_HR_128\199_01_01_110_11_crop_128.png,Face\Multi_Pie_HR_128\199_01_01_110_19_crop_128.png,face,True,199,199,Multi-PIE,"{""record1_meta"": {""version"": ""HR_128"", ""angle"": ""110"", ""lighting"": ""11"", ""expression"": ""01""}, ""record2_meta"": {""version"": ""HR_128"", ""angle"": ""110"", ""lighting"": ""19"", ""expression"": ""01""}}"
Multi-PIE_genuine_215,Face\Multi_Pie_HR_128\023_01_02_240_14_crop_128.png,Face\Multi_Pie_HR_128\023_01_02_240_15_crop_128.png,face,True,023,023,Multi-PIE,"{""record1_meta"": {""version"": ""HR_128"", ""angle"": ""240"", ""lighting"": ""14"", ""expression"": ""02""}, ""record2_meta"": {""version"": ""HR_128"", ""angle"": ""240"", ""lighting"": ""15"", ""expression"": ""02""}}"
Multi-PIE_genuine_216,Face\Multi_Pie_HR_128\042_01_02_120_03_crop_128.png,Face\Multi_Pie_HR_128\042_01_02_120_07_crop_128.png,face,True,042,042,Multi-PIE,"{""record1_meta"": {""version"": ""HR_128"", ""angle"": ""120"", ""lighting"": ""03"", ""expression"": ""02""}, ""record2_meta"": {""version"": ""HR_128"", ""angle"": ""120"", ""lighting"": ""07"", ""expression"": ""02""}}"
Multi-PIE_genuine_217,Face\Multi_Pie_HR_128\026_01_02_110_00_crop_128.png,Face\Multi_Pie_HR_128\026_01_02_110_04_crop_128.png,face,True,026,026,Multi-PIE,"{""record1_meta"": {""version"": ""HR_128"", ""angle"": ""110"", ""lighting"": ""00"", ""expression"": ""02""}, ""record2_meta"": {""version"": ""HR_128"", ""angle"": ""110"", ""lighting"": ""04"", ""expression"": ""02""}}"
Multi-PIE_genuine_218,Face\Multi_Pie_HR_128\171_01_02_190_17_crop_128.png,Face\Multi_Pie_HR_128\171_01_02_190_19_crop_128.png,face,True,171,171,Multi-PIE,"{""record1_meta"": {""version"": ""HR_128"", ""angle"": ""190"", ""lighting"": ""17"", ""expression"": ""02""}, ""record2_meta"": {""version"": ""HR_128"", ""angle"": ""190"", ""lighting"": ""19"", ""expression"": ""02""}}"
Multi-PIE_genuine_219,Face\Multi_Pie_HR_128\145_01_01_041_01_crop_128.png,Face\Multi_Pie_HR_128\145_01_01_041_02_crop_128.png,face,True,145,145,Multi-PIE,"{""record1_meta"": {""version"": ""HR_128"", ""angle"": ""041"", ""lighting"": ""01"", ""expression"": ""01""}, ""record2_meta"": {""version"": ""HR_128"", ""angle"": ""041"", ""lighting"": ""02"", ""expression"": ""01""}}"
Multi-PIE_genuine_220,Face\Multi_Pie_HR_128\047_01_01_190_00_crop_128.png,Face\Multi_Pie_HR_128\047_01_01_190_14_crop_128.png,face,True,047,047,Multi-PIE,"{""record1_meta"": {""version"": ""HR_128"", ""angle"": ""190"", ""lighting"": ""00"", ""expression"": ""01""}, ""record2_meta"": {""version"": ""HR_128"", ""angle"": ""190"", ""lighting"": ""14"", ""expression"": ""01""}}"
Multi-PIE_genuine_221,Face\Multi_Pie_HR_128\106_01_02_041_06_crop_128.png,Face\Multi_Pie_HR_128\106_01_02_041_18_crop_128.png,face,True,106,106,Multi-PIE,"{""record1_meta"": {""version"": ""HR_128"", ""angle"": ""041"", ""lighting"": ""06"", ""expression"": ""02""}, ""record2_meta"": {""version"": ""HR_128"", ""angle"": ""041"", ""lighting"": ""18"", ""expression"": ""02""}}"
Multi-PIE_genuine_222,Face\Multi_Pie_HR_128\082_01_01_130_08_crop_128.png,Face\Multi_Pie_HR_128\082_01_01_130_18_crop_128.png,face,True,082,082,Multi-PIE,"{""record1_meta"": {""version"": ""HR_128"", ""angle"": ""130"", ""lighting"": ""08"", ""expression"": ""01""}, ""record2_meta"": {""version"": ""HR_128"", ""angle"": ""130"", ""lighting"": ""18"", ""expression"": ""01""}}"
Multi-PIE_genuine_223,Face\Multi_Pie_HR_128\081_01_02_110_05_crop_128.png,Face\Multi_Pie_HR_128\081_01_02_110_07_crop_128.png,face,True,081,081,Multi-PIE,"{""record1_meta"": {""version"": ""HR_128"", ""angle"": ""110"", ""lighting"": ""05"", ""expression"": ""02""}, ""record2_meta"": {""version"": ""HR_128"", ""angle"": ""110"", ""lighting"": ""07"", ""expression"": ""02""}}"
Multi-PIE_genuine_224,Face\Multi_Pie_HR_128\229_01_02_080_03_crop_128.png,Face\Multi_Pie_HR_128\229_01_02_080_12_crop_128.png,face,True,229,229,Multi-PIE,"{""record1_meta"": {""version"": ""HR_128"", ""angle"": ""080"", ""lighting"": ""03"", ""expression"": ""02""}, ""record2_meta"": {""version"": ""HR_128"", ""angle"": ""080"", ""lighting"": ""12"", ""expression"": ""02""}}"
Multi-PIE_genuine_225,Face\Multi_Pie_HR_128\191_01_01_200_07_crop_128.png,Face\Multi_Pie_HR_128\191_01_01_200_16_crop_128.png,face,True,191,191,Multi-PIE,"{""record1_meta"": {""version"": ""HR_128"", ""angle"": ""200"", ""lighting"": ""07"", ""expression"": ""01""}, ""record2_meta"": {""version"": ""HR_128"", ""angle"": ""200"", ""lighting"": ""16"", ""expression"": ""01""}}"
Multi-PIE_genuine_226,Face\Multi_Pie_HR_128\060_01_02_010_02_crop_128.png,Face\Multi_Pie_HR_128\060_01_02_010_19_crop_128.png,face,True,060,060,Multi-PIE,"{""record1_meta"": {""version"": ""HR_128"", ""angle"": ""010"", ""lighting"": ""02"", ""expression"": ""02""}, ""record2_meta"": {""version"": ""HR_128"", ""angle"": ""010"", ""lighting"": ""19"", ""expression"": ""02""}}"
Multi-PIE_genuine_227,Face\Multi_Pie_HR_128\180_01_01_050_06_crop_128.png,Face\Multi_Pie_HR_128\180_01_01_050_17_crop_128.png,face,True,180,180,Multi-PIE,"{""record1_meta"": {""version"": ""HR_128"", ""angle"": ""050"", ""lighting"": ""06"", ""expression"": ""01""}, ""record2_meta"": {""version"": ""HR_128"", ""angle"": ""050"", ""lighting"": ""17"", ""expression"": ""01""}}"
Multi-PIE_genuine_228,Face\Multi_Pie_HR_128\078_01_02_190_02_crop_128.png,Face\Multi_Pie_HR_128\078_01_02_190_18_crop_128.png,face,True,078,078,Multi-PIE,"{""record1_meta"": {""version"": ""HR_128"", ""angle"": ""190"", ""lighting"": ""02"", ""expression"": ""02""}, ""record2_meta"": {""version"": ""HR_128"", ""angle"": ""190"", ""lighting"": ""18"", ""expression"": ""02""}}"
Multi-PIE_genuine_229,Face\Multi_Pie_HR_128\119_01_01_110_05_crop_128.png,Face\Multi_Pie_HR_128\119_01_01_110_12_crop_128.png,face,True,119,119,Multi-PIE,"{""record1_meta"": {""version"": ""HR_128"", ""angle"": ""110"", ""lighting"": ""05"", ""expression"": ""01""}, ""record2_meta"": {""version"": ""HR_128"", ""angle"": ""110"", ""lighting"": ""12"", ""expression"": ""01""}}"
Multi-PIE_genuine_230,Face\Multi_Pie_HR_128\197_01_01_190_03_crop_128.png,Face\Multi_Pie_HR_128\197_01_01_190_11_crop_128.png,face,True,197,197,Multi-PIE,"{""record1_meta"": {""version"": ""HR_128"", ""angle"": ""190"", ""lighting"": ""03"", ""expression"": ""01""}, ""record2_meta"": {""version"": ""HR_128"", ""angle"": ""190"", ""lighting"": ""11"", ""expression"": ""01""}}"
Multi-PIE_genuine_231,Face\Multi_Pie_HR_128\107_01_01_041_02_crop_128.png,Face\Multi_Pie_HR_128\107_01_01_041_18_crop_128.png,face,True,107,107,Multi-PIE,"{""record1_meta"": {""version"": ""HR_128"", ""angle"": ""041"", ""lighting"": ""02"", ""expression"": ""01""}, ""record2_meta"": {""version"": ""HR_128"", ""angle"": ""041"", ""lighting"": ""18"", ""expression"": ""01""}}"
Multi-PIE_genuine_232,Face\Multi_Pie_HR_128\033_01_01_010_00_crop_128.png,Face\Multi_Pie_HR_128\033_01_01_010_14_crop_128.png,face,True,033,033,Multi-PIE,"{""record1_meta"": {""version"": ""HR_128"", ""angle"": ""010"", ""lighting"": ""00"", ""expression"": ""01""}, ""record2_meta"": {""version"": ""HR_128"", ""angle"": ""010"", ""lighting"": ""14"", ""expression"": ""01""}}"
Multi-PIE_genuine_233,Face\Multi_Pie_HR_128\189_01_01_051_01_crop_128.png,Face\Multi_Pie_HR_128\189_01_01_051_05_crop_128.png,face,True,189,189,Multi-PIE,"{""record1_meta"": {""version"": ""HR_128"", ""angle"": ""051"", ""lighting"": ""01"", ""expression"": ""01""}, ""record2_meta"": {""version"": ""HR_128"", ""angle"": ""051"", ""lighting"": ""05"", ""expression"": ""01""}}"
Multi-PIE_genuine_234,Face\Multi_Pie_HR_128\235_01_02_051_03_crop_128.png,Face\Multi_Pie_HR_128\235_01_02_051_05_crop_128.png,face,True,235,235,Multi-PIE,"{""record1_meta"": {""version"": ""HR_128"", ""angle"": ""051"", ""lighting"": ""03"", ""expression"": ""02""}, ""record2_meta"": {""version"": ""HR_128"", ""angle"": ""051"", ""lighting"": ""05"", ""expression"": ""02""}}"
Multi-PIE_genuine_235,Face\Multi_Pie_HR_128\042_01_02_041_08_crop_128.png,Face\Multi_Pie_HR_128\042_01_02_041_14_crop_128.png,face,True,042,042,Multi-PIE,"{""record1_meta"": {""version"": ""HR_128"", ""angle"": ""041"", ""lighting"": ""08"", ""expression"": ""02""}, ""record2_meta"": {""version"": ""HR_128"", ""angle"": ""041"", ""lighting"": ""14"", ""expression"": ""02""}}"
Multi-PIE_genuine_236,Face\Multi_Pie_HR_128\022_01_01_240_04_crop_128.png,Face\Multi_Pie_HR_128\022_01_01_240_06_crop_128.png,face,True,022,022,Multi-PIE,"{""record1_meta"": {""version"": ""HR_128"", ""angle"": ""240"", ""lighting"": ""04"", ""expression"": ""01""}, ""record2_meta"": {""version"": ""HR_128"", ""angle"": ""240"", ""lighting"": ""06"", ""expression"": ""01""}}"
Multi-PIE_genuine_237,Face\Multi_Pie_HR_128\231_01_01_240_11_crop_128.png,Face\Multi_Pie_HR_128\231_01_01_240_13_crop_128.png,face,True,231,231,Multi-PIE,"{""record1_meta"": {""version"": ""HR_128"", ""angle"": ""240"", ""lighting"": ""11"", ""expression"": ""01""}, ""record2_meta"": {""version"": ""HR_128"", ""angle"": ""240"", ""lighting"": ""13"", ""expression"": ""01""}}"
Multi-PIE_genuine_238,Face\Multi_Pie_HR_128\007_01_01_110_13_crop_128.png,Face\Multi_Pie_HR_128\007_01_01_110_14_crop_128.png,face,True,007,007,Multi-PIE,"{""record1_meta"": {""version"": ""HR_128"", ""angle"": ""110"", ""lighting"": ""13"", ""expression"": ""01""}, ""record2_meta"": {""version"": ""HR_128"", ""angle"": ""110"", ""lighting"": ""14"", ""expression"": ""01""}}"
Multi-PIE_genuine_239,Face\Multi_Pie_HR_128\040_01_02_050_04_crop_128.png,Face\Multi_Pie_HR_128\040_01_02_050_11_crop_128.png,face,True,040,040,Multi-PIE,"{""record1_meta"": {""version"": ""HR_128"", ""angle"": ""050"", ""lighting"": ""04"", ""expression"": ""02""}, ""record2_meta"": {""version"": ""HR_128"", ""angle"": ""050"", ""lighting"": ""11"", ""expression"": ""02""}}"
Multi-PIE_genuine_240,Face\Multi_Pie_HR_128\101_01_01_140_00_crop_128.png,Face\Multi_Pie_HR_128\101_01_01_140_14_crop_128.png,face,True,101,101,Multi-PIE,"{""record1_meta"": {""version"": ""HR_128"", ""angle"": ""140"", ""lighting"": ""00"", ""expression"": ""01""}, ""record2_meta"": {""version"": ""HR_128"", ""angle"": ""140"", ""lighting"": ""14"", ""expression"": ""01""}}"
Multi-PIE_genuine_241,Face\Multi_Pie_HR_128\071_01_02_050_08_crop_128.png,Face\Multi_Pie_HR_128\071_01_02_050_14_crop_128.png,face,True,071,071,Multi-PIE,"{""record1_meta"": {""version"": ""HR_128"", ""angle"": ""050"", ""lighting"": ""08"", ""expression"": ""02""}, ""record2_meta"": {""version"": ""HR_128"", ""angle"": ""050"", ""lighting"": ""14"", ""expression"": ""02""}}"
Multi-PIE_genuine_242,Face\Multi_Pie_HR_128\173_01_02_010_12_crop_128.png,Face\Multi_Pie_HR_128\173_01_02_010_13_crop_128.png,face,True,173,173,Multi-PIE,"{""record1_meta"": {""version"": ""HR_128"", ""angle"": ""010"", ""lighting"": ""12"", ""expression"": ""02""}, ""record2_meta"": {""version"": ""HR_128"", ""angle"": ""010"", ""lighting"": ""13"", ""expression"": ""02""}}"
Multi-PIE_genuine_243,Face\Multi_Pie_HR_128\207_01_01_080_03_crop_128.png,Face\Multi_Pie_HR_128\207_01_01_080_13_crop_128.png,face,True,207,207,Multi-PIE,"{""record1_meta"": {""version"": ""HR_128"", ""angle"": ""080"", ""lighting"": ""03"", ""expression"": ""01""}, ""record2_meta"": {""version"": ""HR_128"", ""angle"": ""080"", ""lighting"": ""13"", ""expression"": ""01""}}"
Multi-PIE_genuine_244,Face\Multi_Pie_HR_128\205_01_01_140_00_crop_128.png,Face\Multi_Pie_HR_128\205_01_01_140_12_crop_128.png,face,True,205,205,Multi-PIE,"{""record1_meta"": {""version"": ""HR_128"", ""angle"": ""140"", ""lighting"": ""00"", ""expression"": ""01""}, ""record2_meta"": {""version"": ""HR_128"", ""angle"": ""140"", ""lighting"": ""12"", ""expression"": ""01""}}"
Multi-PIE_genuine_245,Face\Multi_Pie_HR_128\091_01_02_110_02_crop_128.png,Face\Multi_Pie_HR_128\091_01_02_110_16_crop_128.png,face,True,091,091,Multi-PIE,"{""record1_meta"": {""version"": ""HR_128"", ""angle"": ""110"", ""lighting"": ""02"", ""expression"": ""02""}, ""record2_meta"": {""version"": ""HR_128"", ""angle"": ""110"", ""lighting"": ""16"", ""expression"": ""02""}}"
Multi-PIE_genuine_246,Face\Multi_Pie_HR_128\171_01_01_110_06_crop_128.png,Face\Multi_Pie_HR_128\171_01_01_110_10_crop_128.png,face,True,171,171,Multi-PIE,"{""record1_meta"": {""version"": ""HR_128"", ""angle"": ""110"", ""lighting"": ""06"", ""expression"": ""01""}, ""record2_meta"": {""version"": ""HR_128"", ""angle"": ""110"", ""lighting"": ""10"", ""expression"": ""01""}}"
Multi-PIE_genuine_247,Face\Multi_Pie_HR_128\025_01_02_190_02_crop_128.png,Face\Multi_Pie_HR_128\025_01_02_190_03_crop_128.png,face,True,025,025,Multi-PIE,"{""record1_meta"": {""version"": ""HR_128"", ""angle"": ""190"", ""lighting"": ""02"", ""expression"": ""02""}, ""record2_meta"": {""version"": ""HR_128"", ""angle"": ""190"", ""lighting"": ""03"", ""expression"": ""02""}}"
Multi-PIE_genuine_248,Face\Multi_Pie_HR_128\070_01_02_190_02_crop_128.png,Face\Multi_Pie_HR_128\070_01_02_190_05_crop_128.png,face,True,070,070,Multi-PIE,"{""record1_meta"": {""version"": ""HR_128"", ""angle"": ""190"", ""lighting"": ""02"", ""expression"": ""02""}, ""record2_meta"": {""version"": ""HR_128"", ""angle"": ""190"", ""lighting"": ""05"", ""expression"": ""02""}}"
Multi-PIE_genuine_249,Face\Multi_Pie_HR_128\161_01_02_140_16_crop_128.png,Face\Multi_Pie_HR_128\161_01_02_140_17_crop_128.png,face,True,161,161,Multi-PIE,"{""record1_meta"": {""version"": ""HR_128"", ""angle"": ""140"", ""lighting"": ""16"", ""expression"": ""02""}, ""record2_meta"": {""version"": ""HR_128"", ""angle"": ""140"", ""lighting"": ""17"", ""expression"": ""02""}}"
Multi-PIE_impostor_0,Face\Multi_Pie_HR_128\131_01_02_010_17_crop_128.png,Face\Multi_Pie_HR_128\211_01_02_010_08_crop_128.png,face,False,131,211,Multi-PIE,"{""record1_meta"": {""version"": ""HR_128"", ""angle"": ""010"", ""lighting"": ""17"", ""expression"": ""02""}, ""record2_meta"": {""version"": ""HR_128"", ""angle"": ""010"", ""lighting"": ""08"", ""expression"": ""02""}}"
Multi-PIE_impostor_1,Face\Multi_Pie_HR_128\229_01_02_200_04_crop_128.png,Face\Multi_Pie_HR_128\171_01_02_200_15_crop_128.png,face,False,229,171,Multi-PIE,"{""record1_meta"": {""version"": ""HR_128"", ""angle"": ""200"", ""lighting"": ""04"", ""expression"": ""02""}, ""record2_meta"": {""version"": ""HR_128"", ""angle"": ""200"", ""lighting"": ""15"", ""expression"": ""02""}}"
Multi-PIE_impostor_2,Face\Multi_Pie_HR_128\156_01_02_140_17_crop_128.png,Face\Multi_Pie_HR_128\041_01_02_140_17_crop_128.png,face,False,156,041,Multi-PIE,"{""record1_meta"": {""version"": ""HR_128"", ""angle"": ""140"", ""lighting"": ""17"", ""expression"": ""02""}, ""record2_meta"": {""version"": ""HR_128"", ""angle"": ""140"", ""lighting"": ""17"", ""expression"": ""02""}}"
Multi-PIE_impostor_3,Face\Multi_Pie_HR_128\009_01_02_110_19_crop_128.png,Face\Multi_Pie_HR_128\077_01_02_110_18_crop_128.png,face,False,009,077,Multi-PIE,"{""record1_meta"": {""version"": ""HR_128"", ""angle"": ""110"", ""lighting"": ""19"", ""expression"": ""02""}, ""record2_meta"": {""version"": ""HR_128"", ""angle"": ""110"", ""lighting"": ""18"", ""expression"": ""02""}}"
Multi-PIE_impostor_4,Face\Multi_Pie_HR_128\223_01_02_051_10_crop_128.png,Face\Multi_Pie_HR_128\054_01_02_051_14_crop_128.png,face,False,223,054,Multi-PIE,"{""record1_meta"": {""version"": ""HR_128"", ""angle"": ""051"", ""lighting"": ""10"", ""expression"": ""02""}, ""record2_meta"": {""version"": ""HR_128"", ""angle"": ""051"", ""lighting"": ""14"", ""expression"": ""02""}}"
Multi-PIE_impostor_5,Face\Multi_Pie_HR_128\207_01_02_050_00_crop_128.png,Face\Multi_Pie_HR_128\156_01_02_050_16_crop_128.png,face,False,207,156,Multi-PIE,"{""record1_meta"": {""version"": ""HR_128"", ""angle"": ""050"", ""lighting"": ""00"", ""expression"": ""02""}, ""record2_meta"": {""version"": ""HR_128"", ""angle"": ""050"", ""lighting"": ""16"", ""expression"": ""02""}}"
Multi-PIE_impostor_6,Face\Multi_Pie_HR_128\185_01_01_050_18_crop_128.png,Face\Multi_Pie_HR_128\114_01_01_050_18_crop_128.png,face,False,185,114,Multi-PIE,"{""record1_meta"": {""version"": ""HR_128"", ""angle"": ""050"", ""lighting"": ""18"", ""expression"": ""01""}, ""record2_meta"": {""version"": ""HR_128"", ""angle"": ""050"", ""lighting"": ""18"", ""expression"": ""01""}}"
Multi-PIE_impostor_7,Face\Multi_Pie_HR_128\205_01_01_010_05_crop_128.png,Face\Multi_Pie_HR_128\208_01_01_010_13_crop_128.png,face,False,205,208,Multi-PIE,"{""record1_meta"": {""version"": ""HR_128"", ""angle"": ""010"", ""lighting"": ""05"", ""expression"": ""01""}, ""record2_meta"": {""version"": ""HR_128"", ""angle"": ""010"", ""lighting"": ""13"", ""expression"": ""01""}}"
Multi-PIE_impostor_8,Face\Multi_Pie_HR_128\018_01_01_140_05_crop_128.png,Face\Multi_Pie_HR_128\071_01_01_140_07_crop_128.png,face,False,018,071,Multi-PIE,"{""record1_meta"": {""version"": ""HR_128"", ""angle"": ""140"", ""lighting"": ""05"", ""expression"": ""01""}, ""record2_meta"": {""version"": ""HR_128"", ""angle"": ""140"", ""lighting"": ""07"", ""expression"": ""01""}}"
Multi-PIE_impostor_9,Face\Multi_Pie_HR_128\140_01_01_240_17_crop_128.png,Face\Multi_Pie_HR_128\019_01_01_240_04_crop_128.png,face,False,140,019,Multi-PIE,"{""record1_meta"": {""version"": ""HR_128"", ""angle"": ""240"", ""lighting"": ""17"", ""expression"": ""01""}, ""record2_meta"": {""version"": ""HR_128"", ""angle"": ""240"", ""lighting"": ""04"", ""expression"": ""01""}}"
Multi-PIE_impostor_10,Face\Multi_Pie_HR_128\211_01_02_130_02_crop_128.png,Face\Multi_Pie_HR_128\060_01_02_130_07_crop_128.png,face,False,211,060,Multi-PIE,"{""record1_meta"": {""version"": ""HR_128"", ""angle"": ""130"", ""lighting"": ""02"", ""expression"": ""02""}, ""record2_meta"": {""version"": ""HR_128"", ""angle"": ""130"", ""lighting"": ""07"", ""expression"": ""02""}}"
Multi-PIE_impostor_11,Face\Multi_Pie_HR_128\179_01_01_240_06_crop_128.png,Face\Multi_Pie_HR_128\068_01_01_240_07_crop_128.png,face,False,179,068,Multi-PIE,"{""record1_meta"": {""version"": ""HR_128"", ""angle"": ""240"", ""lighting"": ""06"", ""expression"": ""01""}, ""record2_meta"": {""version"": ""HR_128"", ""angle"": ""240"", ""lighting"": ""07"", ""expression"": ""01""}}"
Multi-PIE_impostor_12,Face\Multi_Pie_HR_128\066_01_02_051_07_crop_128.png,Face\Multi_Pie_HR_128\058_01_02_051_14_crop_128.png,face,False,066,058,Multi-PIE,"{""record1_meta"": {""version"": ""HR_128"", ""angle"": ""051"", ""lighting"": ""07"", ""expression"": ""02""}, ""record2_meta"": {""version"": ""HR_128"", ""angle"": ""051"", ""lighting"": ""14"", ""expression"": ""02""}}"
Multi-PIE_impostor_13,Face\Multi_Pie_HR_128\051_01_02_200_01_crop_128.png,Face\Multi_Pie_HR_128\014_01_02_200_13_crop_128.png,face,False,051,014,Multi-PIE,"{""record1_meta"": {""version"": ""HR_128"", ""angle"": ""200"", ""lighting"": ""01"", ""expression"": ""02""}, ""record2_meta"": {""version"": ""HR_128"", ""angle"": ""200"", ""lighting"": ""13"", ""expression"": ""02""}}"
Multi-PIE_impostor_14,Face\Multi_Pie_HR_128\137_01_02_090_01_crop_128.png,Face\Multi_Pie_HR_128\023_01_02_090_14_crop_128.png,face,False,137,023,Multi-PIE,"{""record1_meta"": {""version"": ""HR_128"", ""angle"": ""090"", ""lighting"": ""01"", ""expression"": ""02""}, ""record2_meta"": {""version"": ""HR_128"", ""angle"": ""090"", ""lighting"": ""14"", ""expression"": ""02""}}"
Multi-PIE_impostor_15,Face\Multi_Pie_HR_128\039_01_01_110_15_crop_128.png,Face\Multi_Pie_HR_128\056_01_01_110_09_crop_128.png,face,False,039,056,Multi-PIE,"{""record1_meta"": {""version"": ""HR_128"", ""angle"": ""110"", ""lighting"": ""15"", ""expression"": ""01""}, ""record2_meta"": {""version"": ""HR_128"", ""angle"": ""110"", ""lighting"": ""09"", ""expression"": ""01""}}"
Multi-PIE_impostor_16,Face\Multi_Pie_HR_128\041_01_02_041_13_crop_128.png,Face\Multi_Pie_HR_128\206_01_02_041_07_crop_128.png,face,False,041,206,Multi-PIE,"{""record1_meta"": {""version"": ""HR_128"", ""angle"": ""041"", ""lighting"": ""13"", ""expression"": ""02""}, ""record2_meta"": {""version"": ""HR_128"", ""angle"": ""041"", ""lighting"": ""07"", ""expression"": ""02""}}"
Multi-PIE_impostor_17,Face\Multi_Pie_HR_128\016_01_02_140_09_crop_128.png,Face\Multi_Pie_HR_128\089_01_02_140_08_crop_128.png,face,False,016,089,Multi-PIE,"{""record1_meta"": {""version"": ""HR_128"", ""angle"": ""140"", ""lighting"": ""09"", ""expression"": ""02""}, ""record2_meta"": {""version"": ""HR_128"", ""angle"": ""140"", ""lighting"": ""08"", ""expression"": ""02""}}"
Multi-PIE_impostor_18,Face\Multi_Pie_HR_128\071_01_01_120_14_crop_128.png,Face\Multi_Pie_HR_128\055_01_01_120_01_crop_128.png,face,False,071,055,Multi-PIE,"{""record1_meta"": {""version"": ""HR_128"", ""angle"": ""120"", ""lighting"": ""14"", ""expression"": ""01""}, ""record2_meta"": {""version"": ""HR_128"", ""angle"": ""120"", ""lighting"": ""01"", ""expression"": ""01""}}"
Multi-PIE_impostor_19,Face\Multi_Pie_HR_128\227_01_01_140_10_crop_128.png,Face\Multi_Pie_HR_128\101_01_01_140_04_crop_128.png,face,False,227,101,Multi-PIE,"{""record1_meta"": {""version"": ""HR_128"", ""angle"": ""140"", ""lighting"": ""10"", ""expression"": ""01""}, ""record2_meta"": {""version"": ""HR_128"", ""angle"": ""140"", ""lighting"": ""04"", ""expression"": ""01""}}"
Multi-PIE_impostor_20,Face\Multi_Pie_HR_128\215_01_01_090_10_crop_128.png,Face\Multi_Pie_HR_128\181_01_01_090_18_crop_128.png,face,False,215,181,Multi-PIE,"{""record1_meta"": {""version"": ""HR_128"", ""angle"": ""090"", ""lighting"": ""10"", ""expression"": ""01""}, ""record2_meta"": {""version"": ""HR_128"", ""angle"": ""090"", ""lighting"": ""18"", ""expression"": ""01""}}"
Multi-PIE_impostor_21,Face\Multi_Pie_HR_128\022_01_01_140_15_crop_128.png,Face\Multi_Pie_HR_128\186_01_01_140_11_crop_128.png,face,False,022,186,Multi-PIE,"{""record1_meta"": {""version"": ""HR_128"", ""angle"": ""140"", ""lighting"": ""15"", ""expression"": ""01""}, ""record2_meta"": {""version"": ""HR_128"", ""angle"": ""140"", ""lighting"": ""11"", ""expression"": ""01""}}"
Multi-PIE_impostor_22,Face\Multi_Pie_HR_128\051_01_01_090_06_crop_128.png,Face\Multi_Pie_HR_128\172_01_01_090_19_crop_128.png,face,False,051,172,Multi-PIE,"{""record1_meta"": {""version"": ""HR_128"", ""angle"": ""090"", ""lighting"": ""06"", ""expression"": ""01""}, ""record2_meta"": {""version"": ""HR_128"", ""angle"": ""090"", ""lighting"": ""19"", ""expression"": ""01""}}"
Multi-PIE_impostor_23,Face\Multi_Pie_HR_128\041_01_01_110_04_crop_128.png,Face\Multi_Pie_HR_128\240_01_01_110_01_crop_128.png,face,False,041,240,Multi-PIE,"{""record1_meta"": {""version"": ""HR_128"", ""angle"": ""110"", ""lighting"": ""04"", ""expression"": ""01""}, ""record2_meta"": {""version"": ""HR_128"", ""angle"": ""110"", ""lighting"": ""01"", ""expression"": ""01""}}"
Multi-PIE_impostor_24,Face\Multi_Pie_HR_128\182_01_01_200_16_crop_128.png,Face\Multi_Pie_HR_128\145_01_01_200_15_crop_128.png,face,False,182,145,Multi-PIE,"{""record1_meta"": {""version"": ""HR_128"", ""angle"": ""200"", ""lighting"": ""16"", ""expression"": ""01""}, ""record2_meta"": {""version"": ""HR_128"", ""angle"": ""200"", ""lighting"": ""15"", ""expression"": ""01""}}"
Multi-PIE_impostor_25,Face\Multi_Pie_HR_128\168_01_02_120_00_crop_128.png,Face\Multi_Pie_HR_128\171_01_02_120_02_crop_128.png,face,False,168,171,Multi-PIE,"{""record1_meta"": {""version"": ""HR_128"", ""angle"": ""120"", ""lighting"": ""00"", ""expression"": ""02""}, ""record2_meta"": {""version"": ""HR_128"", ""angle"": ""120"", ""lighting"": ""02"", ""expression"": ""02""}}"
Multi-PIE_impostor_26,Face\Multi_Pie_HR_128\233_01_01_110_02_crop_128.png,Face\Multi_Pie_HR_128\203_01_01_110_18_crop_128.png,face,False,233,203,Multi-PIE,"{""record1_meta"": {""version"": ""HR_128"", ""angle"": ""110"", ""lighting"": ""02"", ""expression"": ""01""}, ""record2_meta"": {""version"": ""HR_128"", ""angle"": ""110"", ""lighting"": ""18"", ""expression"": ""01""}}"
Multi-PIE_impostor_27,Face\Multi_Pie_HR_128\081_01_02_080_04_crop_128.png,Face\Multi_Pie_HR_128\158_01_02_080_10_crop_128.png,face,False,081,158,Multi-PIE,"{""record1_meta"": {""version"": ""HR_128"", ""angle"": ""080"", ""lighting"": ""04"", ""expression"": ""02""}, ""record2_meta"": {""version"": ""HR_128"", ""angle"": ""080"", ""lighting"": ""10"", ""expression"": ""02""}}"
Multi-PIE_impostor_28,Face\Multi_Pie_HR_128\013_01_02_080_19_crop_128.png,Face\Multi_Pie_HR_128\039_01_02_080_13_crop_128.png,face,False,013,039,Multi-PIE,"{""record1_meta"": {""version"": ""HR_128"", ""angle"": ""080"", ""lighting"": ""19"", ""expression"": ""02""}, ""record2_meta"": {""version"": ""HR_128"", ""angle"": ""080"", ""lighting"": ""13"", ""expression"": ""02""}}"
Multi-PIE_impostor_29,Face\Multi_Pie_HR_128\160_01_02_120_14_crop_128.png,Face\Multi_Pie_HR_128\075_01_02_120_01_crop_128.png,face,False,160,075,Multi-PIE,"{""record1_meta"": {""version"": ""HR_128"", ""angle"": ""120"", ""lighting"": ""14"", ""expression"": ""02""}, ""record2_meta"": {""version"": ""HR_128"", ""angle"": ""120"", ""lighting"": ""01"", ""expression"": ""02""}}"
Multi-PIE_impostor_30,Face\Multi_Pie_HR_128\052_01_02_050_15_crop_128.png,Face\Multi_Pie_HR_128\102_01_02_050_02_crop_128.png,face,False,052,102,Multi-PIE,"{""record1_meta"": {""version"": ""HR_128"", ""angle"": ""050"", ""lighting"": ""15"", ""expression"": ""02""}, ""record2_meta"": {""version"": ""HR_128"", ""angle"": ""050"", ""lighting"": ""02"", ""expression"": ""02""}}"
Multi-PIE_impostor_31,Face\Multi_Pie_HR_128\214_01_01_010_11_crop_128.png,Face\Multi_Pie_HR_128\177_01_01_010_02_crop_128.png,face,False,214,177,Multi-PIE,"{""record1_meta"": {""version"": ""HR_128"", ""angle"": ""010"", ""lighting"": ""11"", ""expression"": ""01""}, ""record2_meta"": {""version"": ""HR_128"", ""angle"": ""010"", ""lighting"": ""02"", ""expression"": ""01""}}"
Multi-PIE_impostor_32,Face\Multi_Pie_HR_128\063_01_01_010_12_crop_128.png,Face\Multi_Pie_HR_128\207_01_01_010_09_crop_128.png,face,False,063,207,Multi-PIE,"{""record1_meta"": {""version"": ""HR_128"", ""angle"": ""010"", ""lighting"": ""12"", ""expression"": ""01""}, ""record2_meta"": {""version"": ""HR_128"", ""angle"": ""010"", ""lighting"": ""09"", ""expression"": ""01""}}"
Multi-PIE_impostor_33,Face\Multi_Pie_HR_128\084_01_01_190_13_crop_128.png,Face\Multi_Pie_HR_128\078_01_01_190_00_crop_128.png,face,False,084,078,Multi-PIE,"{""record1_meta"": {""version"": ""HR_128"", ""angle"": ""190"", ""lighting"": ""13"", ""expression"": ""01""}, ""record2_meta"": {""version"": ""HR_128"", ""angle"": ""190"", ""lighting"": ""00"", ""expression"": ""01""}}"
Multi-PIE_impostor_34,Face\Multi_Pie_HR_128\036_01_01_080_15_crop_128.png,Face\Multi_Pie_HR_128\037_01_01_080_05_crop_128.png,face,False,036,037,Multi-PIE,"{""record1_meta"": {""version"": ""HR_128"", ""angle"": ""080"", ""lighting"": ""15"", ""expression"": ""01""}, ""record2_meta"": {""version"": ""HR_128"", ""angle"": ""080"", ""lighting"": ""05"", ""expression"": ""01""}}"
Multi-PIE_impostor_35,Face\Multi_Pie_HR_128\226_01_01_200_02_crop_128.png,Face\Multi_Pie_HR_128\144_01_01_200_03_crop_128.png,face,False,226,144,Multi-PIE,"{""record1_meta"": {""version"": ""HR_128"", ""angle"": ""200"", ""lighting"": ""02"", ""expression"": ""01""}, ""record2_meta"": {""version"": ""HR_128"", ""angle"": ""200"", ""lighting"": ""03"", ""expression"": ""01""}}"
Multi-PIE_impostor_36,Face\Multi_Pie_HR_128\158_01_01_050_17_crop_128.png,Face\Multi_Pie_HR_128\065_01_01_050_14_crop_128.png,face,False,158,065,Multi-PIE,"{""record1_meta"": {""version"": ""HR_128"", ""angle"": ""050"", ""lighting"": ""17"", ""expression"": ""01""}, ""record2_meta"": {""version"": ""HR_128"", ""angle"": ""050"", ""lighting"": ""14"", ""expression"": ""01""}}"
Multi-PIE_impostor_37,Face\Multi_Pie_HR_128\138_01_01_110_13_crop_128.png,Face\Multi_Pie_HR_128\040_01_01_110_17_crop_128.png,face,False,138,040,Multi-PIE,"{""record1_meta"": {""version"": ""HR_128"", ""angle"": ""110"", ""lighting"": ""13"", ""expression"": ""01""}, ""record2_meta"": {""version"": ""HR_128"", ""angle"": ""110"", ""lighting"": ""17"", ""expression"": ""01""}}"
Multi-PIE_impostor_38,Face\Multi_Pie_HR_128\058_01_01_240_15_crop_128.png,Face\Multi_Pie_HR_128\217_01_01_240_05_crop_128.png,face,False,058,217,Multi-PIE,"{""record1_meta"": {""version"": ""HR_128"", ""angle"": ""240"", ""lighting"": ""15"", ""expression"": ""01""}, ""record2_meta"": {""version"": ""HR_128"", ""angle"": ""240"", ""lighting"": ""05"", ""expression"": ""01""}}"
Multi-PIE_impostor_39,Face\Multi_Pie_HR_128\065_01_01_090_03_crop_128.png,Face\Multi_Pie_HR_128\123_01_01_090_04_crop_128.png,face,False,065,123,Multi-PIE,"{""record1_meta"": {""version"": ""HR_128"", ""angle"": ""090"", ""lighting"": ""03"", ""expression"": ""01""}, ""record2_meta"": {""version"": ""HR_128"", ""angle"": ""090"", ""lighting"": ""04"", ""expression"": ""01""}}"
Multi-PIE_impostor_40,Face\Multi_Pie_HR_128\071_01_02_050_10_crop_128.png,Face\Multi_Pie_HR_128\248_01_02_050_16_crop_128.png,face,False,071,248,Multi-PIE,"{""record1_meta"": {""version"": ""HR_128"", ""angle"": ""050"", ""lighting"": ""10"", ""expression"": ""02""}, ""record2_meta"": {""version"": ""HR_128"", ""angle"": ""050"", ""lighting"": ""16"", ""expression"": ""02""}}"
Multi-PIE_impostor_41,Face\Multi_Pie_HR_128\175_01_01_090_18_crop_128.png,Face\Multi_Pie_HR_128\137_01_01_090_08_crop_128.png,face,False,175,137,Multi-PIE,"{""record1_meta"": {""version"": ""HR_128"", ""angle"": ""090"", ""lighting"": ""18"", ""expression"": ""01""}, ""record2_meta"": {""version"": ""HR_128"", ""angle"": ""090"", ""lighting"": ""08"", ""expression"": ""01""}}"
Multi-PIE_impostor_42,Face\Multi_Pie_HR_128\179_01_01_190_06_crop_128.png,Face\Multi_Pie_HR_128\149_01_01_190_08_crop_128.png,face,False,179,149,Multi-PIE,"{""record1_meta"": {""version"": ""HR_128"", ""angle"": ""190"", ""lighting"": ""06"", ""expression"": ""01""}, ""record2_meta"": {""version"": ""HR_128"", ""angle"": ""190"", ""lighting"": ""08"", ""expression"": ""01""}}"
Multi-PIE_impostor_43,Face\Multi_Pie_HR_128\157_01_02_080_15_crop_128.png,Face\Multi_Pie_HR_128\246_01_02_080_19_crop_128.png,face,False,157,246,Multi-PIE,"{""record1_meta"": {""version"": ""HR_128"", ""angle"": ""080"", ""lighting"": ""15"", ""expression"": ""02""}, ""record2_meta"": {""version"": ""HR_128"", ""angle"": ""080"", ""lighting"": ""19"", ""expression"": ""02""}}"
Multi-PIE_impostor_44,Face\Multi_Pie_HR_128\109_01_02_010_17_crop_128.png,Face\Multi_Pie_HR_128\230_01_02_010_17_crop_128.png,face,False,109,230,Multi-PIE,"{""record1_meta"": {""version"": ""HR_128"", ""angle"": ""010"", ""lighting"": ""17"", ""expression"": ""02""}, ""record2_meta"": {""version"": ""HR_128"", ""angle"": ""010"", ""lighting"": ""17"", ""expression"": ""02""}}"
Multi-PIE_impostor_45,Face\Multi_Pie_HR_128\083_01_01_051_05_crop_128.png,Face\Multi_Pie_HR_128\113_01_01_051_16_crop_128.png,face,False,083,113,Multi-PIE,"{""record1_meta"": {""version"": ""HR_128"", ""angle"": ""051"", ""lighting"": ""05"", ""expression"": ""01""}, ""record2_meta"": {""version"": ""HR_128"", ""angle"": ""051"", ""lighting"": ""16"", ""expression"": ""01""}}"
Multi-PIE_impostor_46,Face\Multi_Pie_HR_128\158_01_02_051_13_crop_128.png,Face\Multi_Pie_HR_128\081_01_02_051_13_crop_128.png,face,False,158,081,Multi-PIE,"{""record1_meta"": {""version"": ""HR_128"", ""angle"": ""051"", ""lighting"": ""13"", ""expression"": ""02""}, ""record2_meta"": {""version"": ""HR_128"", ""angle"": ""051"", ""lighting"": ""13"", ""expression"": ""02""}}"
Multi-PIE_impostor_47,Face\Multi_Pie_HR_128\132_01_01_110_17_crop_128.png,Face\Multi_Pie_HR_128\118_01_01_110_05_crop_128.png,face,False,132,118,Multi-PIE,"{""record1_meta"": {""version"": ""HR_128"", ""angle"": ""110"", ""lighting"": ""17"", ""expression"": ""01""}, ""record2_meta"": {""version"": ""HR_128"", ""angle"": ""110"", ""lighting"": ""05"", ""expression"": ""01""}}"
Multi-PIE_impostor_48,Face\Multi_Pie_HR_128\076_01_01_051_01_crop_128.png,Face\Multi_Pie_HR_128\084_01_01_051_00_crop_128.png,face,False,076,084,Multi-PIE,"{""record1_meta"": {""version"": ""HR_128"", ""angle"": ""051"", ""lighting"": ""01"", ""expression"": ""01""}, ""record2_meta"": {""version"": ""HR_128"", ""angle"": ""051"", ""lighting"": ""00"", ""expression"": ""01""}}"
Multi-PIE_impostor_49,Face\Multi_Pie_HR_128\043_01_01_050_03_crop_128.png,Face\Multi_Pie_HR_128\071_01_01_050_04_crop_128.png,face,False,043,071,Multi-PIE,"{""record1_meta"": {""version"": ""HR_128"", ""angle"": ""050"", ""lighting"": ""03"", ""expression"": ""01""}, ""record2_meta"": {""version"": ""HR_128"", ""angle"": ""050"", ""lighting"": ""04"", ""expression"": ""01""}}"
Multi-PIE_impostor_50,Face\Multi_Pie_HR_128\060_01_02_120_10_crop_128.png,Face\Multi_Pie_HR_128\052_01_02_120_14_crop_128.png,face,False,060,052,Multi-PIE,"{""record1_meta"": {""version"": ""HR_128"", ""angle"": ""120"", ""lighting"": ""10"", ""expression"": ""02""}, ""record2_meta"": {""version"": ""HR_128"", ""angle"": ""120"", ""lighting"": ""14"", ""expression"": ""02""}}"
Multi-PIE_impostor_51,Face\Multi_Pie_HR_128\236_01_01_130_04_crop_128.png,Face\Multi_Pie_HR_128\214_01_01_130_05_crop_128.png,face,False,236,214,Multi-PIE,"{""record1_meta"": {""version"": ""HR_128"", ""angle"": ""130"", ""lighting"": ""04"", ""expression"": ""01""}, ""record2_meta"": {""version"": ""HR_128"", ""angle"": ""130"", ""lighting"": ""05"", ""expression"": ""01""}}"
Multi-PIE_impostor_52,Face\Multi_Pie_HR_128\091_01_01_010_13_crop_128.png,Face\Multi_Pie_HR_128\225_01_01_010_01_crop_128.png,face,False,091,225,Multi-PIE,"{""record1_meta"": {""version"": ""HR_128"", ""angle"": ""010"", ""lighting"": ""13"", ""expression"": ""01""}, ""record2_meta"": {""version"": ""HR_128"", ""angle"": ""010"", ""lighting"": ""01"", ""expression"": ""01""}}"
Multi-PIE_impostor_53,Face\Multi_Pie_HR_128\015_01_02_190_06_crop_128.png,Face\Multi_Pie_HR_128\021_01_02_190_03_crop_128.png,face,False,015,021,Multi-PIE,"{""record1_meta"": {""version"": ""HR_128"", ""angle"": ""190"", ""lighting"": ""06"", ""expression"": ""02""}, ""record2_meta"": {""version"": ""HR_128"", ""angle"": ""190"", ""lighting"": ""03"", ""expression"": ""02""}}"
Multi-PIE_impostor_54,Face\Multi_Pie_HR_128\205_01_02_080_11_crop_128.png,Face\Multi_Pie_HR_128\047_01_02_080_10_crop_128.png,face,False,205,047,Multi-PIE,"{""record1_meta"": {""version"": ""HR_128"", ""angle"": ""080"", ""lighting"": ""11"", ""expression"": ""02""}, ""record2_meta"": {""version"": ""HR_128"", ""angle"": ""080"", ""lighting"": ""10"", ""expression"": ""02""}}"
Multi-PIE_impostor_55,Face\Multi_Pie_HR_128\019_01_01_130_02_crop_128.png,Face\Multi_Pie_HR_128\214_01_01_130_01_crop_128.png,face,False,019,214,Multi-PIE,"{""record1_meta"": {""version"": ""HR_128"", ""angle"": ""130"", ""lighting"": ""02"", ""expression"": ""01""}, ""record2_meta"": {""version"": ""HR_128"", ""angle"": ""130"", ""lighting"": ""01"", ""expression"": ""01""}}"
Multi-PIE_impostor_56,Face\Multi_Pie_HR_128\214_01_02_190_00_crop_128.png,Face\Multi_Pie_HR_128\182_01_02_190_14_crop_128.png,face,False,214,182,Multi-PIE,"{""record1_meta"": {""version"": ""HR_128"", ""angle"": ""190"", ""lighting"": ""00"", ""expression"": ""02""}, ""record2_meta"": {""version"": ""HR_128"", ""angle"": ""190"", ""lighting"": ""14"", ""expression"": ""02""}}"
Multi-PIE_impostor_57,Face\Multi_Pie_HR_128\134_01_02_051_09_crop_128.png,Face\Multi_Pie_HR_128\115_01_02_051_02_crop_128.png,face,False,134,115,Multi-PIE,"{""record1_meta"": {""version"": ""HR_128"", ""angle"": ""051"", ""lighting"": ""09"", ""expression"": ""02""}, ""record2_meta"": {""version"": ""HR_128"", ""angle"": ""051"", ""lighting"": ""02"", ""expression"": ""02""}}"
Multi-PIE_impostor_58,Face\Multi_Pie_HR_128\201_01_02_050_07_crop_128.png,Face\Multi_Pie_HR_128\245_01_02_050_02_crop_128.png,face,False,201,245,Multi-PIE,"{""record1_meta"": {""version"": ""HR_128"", ""angle"": ""050"", ""lighting"": ""07"", ""expression"": ""02""}, ""record2_meta"": {""version"": ""HR_128"", ""angle"": ""050"", ""lighting"": ""02"", ""expression"": ""02""}}"
Multi-PIE_impostor_59,Face\Multi_Pie_HR_128\083_01_01_130_06_crop_128.png,Face\Multi_Pie_HR_128\070_01_01_130_09_crop_128.png,face,False,083,070,Multi-PIE,"{""record1_meta"": {""version"": ""HR_128"", ""angle"": ""130"", ""lighting"": ""06"", ""expression"": ""01""}, ""record2_meta"": {""version"": ""HR_128"", ""angle"": ""130"", ""lighting"": ""09"", ""expression"": ""01""}}"
Multi-PIE_impostor_60,Face\Multi_Pie_HR_128\112_01_01_090_16_crop_128.png,Face\Multi_Pie_HR_128\203_01_01_090_10_crop_128.png,face,False,112,203,Multi-PIE,"{""record1_meta"": {""version"": ""HR_128"", ""angle"": ""090"", ""lighting"": ""16"", ""expression"": ""01""}, ""record2_meta"": {""version"": ""HR_128"", ""angle"": ""090"", ""lighting"": ""10"", ""expression"": ""01""}}"
Multi-PIE_impostor_61,Face\Multi_Pie_HR_128\040_01_02_010_06_crop_128.png,Face\Multi_Pie_HR_128\117_01_02_010_08_crop_128.png,face,False,040,117,Multi-PIE,"{""record1_meta"": {""version"": ""HR_128"", ""angle"": ""010"", ""lighting"": ""06"", ""expression"": ""02""}, ""record2_meta"": {""version"": ""HR_128"", ""angle"": ""010"", ""lighting"": ""08"", ""expression"": ""02""}}"
Multi-PIE_impostor_62,Face\Multi_Pie_HR_128\199_01_01_051_06_crop_128.png,Face\Multi_Pie_HR_128\201_01_01_051_17_crop_128.png,face,False,199,201,Multi-PIE,"{""record1_meta"": {""version"": ""HR_128"", ""angle"": ""051"", ""lighting"": ""06"", ""expression"": ""01""}, ""record2_meta"": {""version"": ""HR_128"", ""angle"": ""051"", ""lighting"": ""17"", ""expression"": ""01""}}"
Multi-PIE_impostor_63,Face\Multi_Pie_HR_128\051_01_01_200_15_crop_128.png,Face\Multi_Pie_HR_128\192_01_01_200_04_crop_128.png,face,False,051,192,Multi-PIE,"{""record1_meta"": {""version"": ""HR_128"", ""angle"": ""200"", ""lighting"": ""15"", ""expression"": ""01""}, ""record2_meta"": {""version"": ""HR_128"", ""angle"": ""200"", ""lighting"": ""04"", ""expression"": ""01""}}"
Multi-PIE_impostor_64,Face\Multi_Pie_HR_128\157_01_02_120_06_crop_128.png,Face\Multi_Pie_HR_128\202_01_02_120_19_crop_128.png,face,False,157,202,Multi-PIE,"{""record1_meta"": {""version"": ""HR_128"", ""angle"": ""120"", ""lighting"": ""06"", ""expression"": ""02""}, ""record2_meta"": {""version"": ""HR_128"", ""angle"": ""120"", ""lighting"": ""19"", ""expression"": ""02""}}"
Multi-PIE_impostor_65,Face\Multi_Pie_HR_128\167_01_02_240_17_crop_128.png,Face\Multi_Pie_HR_128\017_01_02_240_17_crop_128.png,face,False,167,017,Multi-PIE,"{""record1_meta"": {""version"": ""HR_128"", ""angle"": ""240"", ""lighting"": ""17"", ""expression"": ""02""}, ""record2_meta"": {""version"": ""HR_128"", ""angle"": ""240"", ""lighting"": ""17"", ""expression"": ""02""}}"
Multi-PIE_impostor_66,Face\Multi_Pie_HR_128\235_01_01_190_01_crop_128.png,Face\Multi_Pie_HR_128\137_01_01_190_04_crop_128.png,face,False,235,137,Multi-PIE,"{""record1_meta"": {""version"": ""HR_128"", ""angle"": ""190"", ""lighting"": ""01"", ""expression"": ""01""}, ""record2_meta"": {""version"": ""HR_128"", ""angle"": ""190"", ""lighting"": ""04"", ""expression"": ""01""}}"
Multi-PIE_impostor_67,Face\Multi_Pie_HR_128\159_01_02_050_14_crop_128.png,Face\Multi_Pie_HR_128\178_01_02_050_09_crop_128.png,face,False,159,178,Multi-PIE,"{""record1_meta"": {""version"": ""HR_128"", ""angle"": ""050"", ""lighting"": ""14"", ""expression"": ""02""}, ""record2_meta"": {""version"": ""HR_128"", ""angle"": ""050"", ""lighting"": ""09"", ""expression"": ""02""}}"
Multi-PIE_impostor_68,Face\Multi_Pie_HR_128\031_01_01_051_13_crop_128.png,Face\Multi_Pie_HR_128\021_01_01_051_13_crop_128.png,face,False,031,021,Multi-PIE,"{""record1_meta"": {""version"": ""HR_128"", ""angle"": ""051"", ""lighting"": ""13"", ""expression"": ""01""}, ""record2_meta"": {""version"": ""HR_128"", ""angle"": ""051"", ""lighting"": ""13"", ""expression"": ""01""}}"
Multi-PIE_impostor_69,Face\Multi_Pie_HR_128\231_01_01_090_11_crop_128.png,Face\Multi_Pie_HR_128\088_01_01_090_01_crop_128.png,face,False,231,088,Multi-PIE,"{""record1_meta"": {""version"": ""HR_128"", ""angle"": ""090"", ""lighting"": ""11"", ""expression"": ""01""}, ""record2_meta"": {""version"": ""HR_128"", ""angle"": ""090"", ""lighting"": ""01"", ""expression"": ""01""}}"
Multi-PIE_impostor_70,Face\Multi_Pie_HR_128\179_01_01_050_05_crop_128.png,Face\Multi_Pie_HR_128\151_01_01_050_14_crop_128.png,face,False,179,151,Multi-PIE,"{""record1_meta"": {""version"": ""HR_128"", ""angle"": ""050"", ""lighting"": ""05"", ""expression"": ""01""}, ""record2_meta"": {""version"": ""HR_128"", ""angle"": ""050"", ""lighting"": ""14"", ""expression"": ""01""}}"
Multi-PIE_impostor_71,Face\Multi_Pie_HR_128\052_01_02_240_18_crop_128.png,Face\Multi_Pie_HR_128\066_01_02_240_15_crop_128.png,face,False,052,066,Multi-PIE,"{""record1_meta"": {""version"": ""HR_128"", ""angle"": ""240"", ""lighting"": ""18"", ""expression"": ""02""}, ""record2_meta"": {""version"": ""HR_128"", ""angle"": ""240"", ""lighting"": ""15"", ""expression"": ""02""}}"
Multi-PIE_impostor_72,Face\Multi_Pie_HR_128\111_01_02_190_16_crop_128.png,Face\Multi_Pie_HR_128\001_01_02_190_09_crop_128.png,face,False,111,001,Multi-PIE,"{""record1_meta"": {""version"": ""HR_128"", ""angle"": ""190"", ""lighting"": ""16"", ""expression"": ""02""}, ""record2_meta"": {""version"": ""HR_128"", ""angle"": ""190"", ""lighting"": ""09"", ""expression"": ""02""}}"
Multi-PIE_impostor_73,Face\Multi_Pie_HR_128\076_01_01_240_03_crop_128.png,Face\Multi_Pie_HR_128\052_01_01_240_12_crop_128.png,face,False,076,052,Multi-PIE,"{""record1_meta"": {""version"": ""HR_128"", ""angle"": ""240"", ""lighting"": ""03"", ""expression"": ""01""}, ""record2_meta"": {""version"": ""HR_128"", ""angle"": ""240"", ""lighting"": ""12"", ""expression"": ""01""}}"
Multi-PIE_impostor_74,Face\Multi_Pie_HR_128\082_01_01_080_18_crop_128.png,Face\Multi_Pie_HR_128\033_01_01_080_16_crop_128.png,face,False,082,033,Multi-PIE,"{""record1_meta"": {""version"": ""HR_128"", ""angle"": ""080"", ""lighting"": ""18"", ""expression"": ""01""}, ""record2_meta"": {""version"": ""HR_128"", ""angle"": ""080"", ""lighting"": ""16"", ""expression"": ""01""}}"
Multi-PIE_impostor_75,Face\Multi_Pie_HR_128\090_01_02_050_08_crop_128.png,Face\Multi_Pie_HR_128\241_01_02_050_00_crop_128.png,face,False,090,241,Multi-PIE,"{""record1_meta"": {""version"": ""HR_128"", ""angle"": ""050"", ""lighting"": ""08"", ""expression"": ""02""}, ""record2_meta"": {""version"": ""HR_128"", ""angle"": ""050"", ""lighting"": ""00"", ""expression"": ""02""}}"
Multi-PIE_impostor_76,Face\Multi_Pie_HR_128\031_01_01_240_13_crop_128.png,Face\Multi_Pie_HR_128\032_01_01_240_03_crop_128.png,face,False,031,032,Multi-PIE,"{""record1_meta"": {""version"": ""HR_128"", ""angle"": ""240"", ""lighting"": ""13"", ""expression"": ""01""}, ""record2_meta"": {""version"": ""HR_128"", ""angle"": ""240"", ""lighting"": ""03"", ""expression"": ""01""}}"
Multi-PIE_impostor_77,Face\Multi_Pie_HR_128\100_01_02_041_08_crop_128.png,Face\Multi_Pie_HR_128\036_01_02_041_15_crop_128.png,face,False,100,036,Multi-PIE,"{""record1_meta"": {""version"": ""HR_128"", ""angle"": ""041"", ""lighting"": ""08"", ""expression"": ""02""}, ""record2_meta"": {""version"": ""HR_128"", ""angle"": ""041"", ""lighting"": ""15"", ""expression"": ""02""}}"
Multi-PIE_impostor_78,Face\Multi_Pie_HR_128\168_01_02_120_08_crop_128.png,Face\Multi_Pie_HR_128\220_01_02_120_07_crop_128.png,face,False,168,220,Multi-PIE,"{""record1_meta"": {""version"": ""HR_128"", ""angle"": ""120"", ""lighting"": ""08"", ""expression"": ""02""}, ""record2_meta"": {""version"": ""HR_128"", ""angle"": ""120"", ""lighting"": ""07"", ""expression"": ""02""}}"
Multi-PIE_impostor_79,Face\Multi_Pie_HR_128\219_01_01_110_16_crop_128.png,Face\Multi_Pie_HR_128\248_01_01_110_18_crop_128.png,face,False,219,248,Multi-PIE,"{""record1_meta"": {""version"": ""HR_128"", ""angle"": ""110"", ""lighting"": ""16"", ""expression"": ""01""}, ""record2_meta"": {""version"": ""HR_128"", ""angle"": ""110"", ""lighting"": ""18"", ""expression"": ""01""}}"
Multi-PIE_impostor_80,Face\Multi_Pie_HR_128\215_01_01_120_12_crop_128.png,Face\Multi_Pie_HR_128\172_01_01_120_09_crop_128.png,face,False,215,172,Multi-PIE,"{""record1_meta"": {""version"": ""HR_128"", ""angle"": ""120"", ""lighting"": ""12"", ""expression"": ""01""}, ""record2_meta"": {""version"": ""HR_128"", ""angle"": ""120"", ""lighting"": ""09"", ""expression"": ""01""}}"
Multi-PIE_impostor_81,Face\Multi_Pie_HR_128\236_01_02_190_12_crop_128.png,Face\Multi_Pie_HR_128\208_01_02_190_00_crop_128.png,face,False,236,208,Multi-PIE,"{""record1_meta"": {""version"": ""HR_128"", ""angle"": ""190"", ""lighting"": ""12"", ""expression"": ""02""}, ""record2_meta"": {""version"": ""HR_128"", ""angle"": ""190"", ""lighting"": ""00"", ""expression"": ""02""}}"
Multi-PIE_impostor_82,Face\Multi_Pie_HR_128\115_01_01_110_04_crop_128.png,Face\Multi_Pie_HR_128\232_01_01_110_03_crop_128.png,face,False,115,232,Multi-PIE,"{""record1_meta"": {""version"": ""HR_128"", ""angle"": ""110"", ""lighting"": ""04"", ""expression"": ""01""}, ""record2_meta"": {""version"": ""HR_128"", ""angle"": ""110"", ""lighting"": ""03"", ""expression"": ""01""}}"
Multi-PIE_impostor_83,Face\Multi_Pie_HR_128\108_01_01_041_17_crop_128.png,Face\Multi_Pie_HR_128\249_01_01_041_15_crop_128.png,face,False,108,249,Multi-PIE,"{""record1_meta"": {""version"": ""HR_128"", ""angle"": ""041"", ""lighting"": ""17"", ""expression"": ""01""}, ""record2_meta"": {""version"": ""HR_128"", ""angle"": ""041"", ""lighting"": ""15"", ""expression"": ""01""}}"
Multi-PIE_impostor_84,Face\Multi_Pie_HR_128\249_01_01_010_13_crop_128.png,Face\Multi_Pie_HR_128\204_01_01_010_03_crop_128.png,face,False,249,204,Multi-PIE,"{""record1_meta"": {""version"": ""HR_128"", ""angle"": ""010"", ""lighting"": ""13"", ""expression"": ""01""}, ""record2_meta"": {""version"": ""HR_128"", ""angle"": ""010"", ""lighting"": ""03"", ""expression"": ""01""}}"
Multi-PIE_impostor_85,Face\Multi_Pie_HR_128\161_01_02_010_04_crop_128.png,Face\Multi_Pie_HR_128\162_01_02_010_04_crop_128.png,face,False,161,162,Multi-PIE,"{""record1_meta"": {""version"": ""HR_128"", ""angle"": ""010"", ""lighting"": ""04"", ""expression"": ""02""}, ""record2_meta"": {""version"": ""HR_128"", ""angle"": ""010"", ""lighting"": ""04"", ""expression"": ""02""}}"
Multi-PIE_impostor_86,Face\Multi_Pie_HR_128\163_01_01_051_02_crop_128.png,Face\Multi_Pie_HR_128\021_01_01_051_07_crop_128.png,face,False,163,021,Multi-PIE,"{""record1_meta"": {""version"": ""HR_128"", ""angle"": ""051"", ""lighting"": ""02"", ""expression"": ""01""}, ""record2_meta"": {""version"": ""HR_128"", ""angle"": ""051"", ""lighting"": ""07"", ""expression"": ""01""}}"
Multi-PIE_impostor_87,Face\Multi_Pie_HR_128\021_01_01_051_16_crop_128.png,Face\Multi_Pie_HR_128\033_01_01_051_09_crop_128.png,face,False,021,033,Multi-PIE,"{""record1_meta"": {""version"": ""HR_128"", ""angle"": ""051"", ""lighting"": ""16"", ""expression"": ""01""}, ""record2_meta"": {""version"": ""HR_128"", ""angle"": ""051"", ""lighting"": ""09"", ""expression"": ""01""}}"
Multi-PIE_impostor_88,Face\Multi_Pie_HR_128\235_01_02_130_17_crop_128.png,Face\Multi_Pie_HR_128\010_01_02_130_13_crop_128.png,face,False,235,010,Multi-PIE,"{""record1_meta"": {""version"": ""HR_128"", ""angle"": ""130"", ""lighting"": ""17"", ""expression"": ""02""}, ""record2_meta"": {""version"": ""HR_128"", ""angle"": ""130"", ""lighting"": ""13"", ""expression"": ""02""}}"
Multi-PIE_impostor_89,Face\Multi_Pie_HR_128\067_01_02_140_00_crop_128.png,Face\Multi_Pie_HR_128\087_01_02_140_00_crop_128.png,face,False,067,087,Multi-PIE,"{""record1_meta"": {""version"": ""HR_128"", ""angle"": ""140"", ""lighting"": ""00"", ""expression"": ""02""}, ""record2_meta"": {""version"": ""HR_128"", ""angle"": ""140"", ""lighting"": ""00"", ""expression"": ""02""}}"
Multi-PIE_impostor_90,Face\Multi_Pie_HR_128\082_01_02_120_04_crop_128.png,Face\Multi_Pie_HR_128\140_01_02_120_10_crop_128.png,face,False,082,140,Multi-PIE,"{""record1_meta"": {""version"": ""HR_128"", ""angle"": ""120"", ""lighting"": ""04"", ""expression"": ""02""}, ""record2_meta"": {""version"": ""HR_128"", ""angle"": ""120"", ""lighting"": ""10"", ""expression"": ""02""}}"
Multi-PIE_impostor_91,Face\Multi_Pie_HR_128\208_01_02_240_00_crop_128.png,Face\Multi_Pie_HR_128\004_01_02_240_13_crop_128.png,face,False,208,004,Multi-PIE,"{""record1_meta"": {""version"": ""HR_128"", ""angle"": ""240"", ""lighting"": ""00"", ""expression"": ""02""}, ""record2_meta"": {""version"": ""HR_128"", ""angle"": ""240"", ""lighting"": ""13"", ""expression"": ""02""}}"
Multi-PIE_impostor_92,Face\Multi_Pie_HR_128\207_01_01_120_00_crop_128.png,Face\Multi_Pie_HR_128\219_01_01_120_02_crop_128.png,face,False,207,219,Multi-PIE,"{""record1_meta"": {""version"": ""HR_128"", ""angle"": ""120"", ""lighting"": ""00"", ""expression"": ""01""}, ""record2_meta"": {""version"": ""HR_128"", ""angle"": ""120"", ""lighting"": ""02"", ""expression"": ""01""}}"
Multi-PIE_impostor_93,Face\Multi_Pie_HR_128\183_01_02_041_19_crop_128.png,Face\Multi_Pie_HR_128\127_01_02_041_19_crop_128.png,face,False,183,127,Multi-PIE,"{""record1_meta"": {""version"": ""HR_128"", ""angle"": ""041"", ""lighting"": ""19"", ""expression"": ""02""}, ""record2_meta"": {""version"": ""HR_128"", ""angle"": ""041"", ""lighting"": ""19"", ""expression"": ""02""}}"
Multi-PIE_impostor_94,Face\Multi_Pie_HR_128\124_01_02_090_02_crop_128.png,Face\Multi_Pie_HR_128\248_01_02_090_01_crop_128.png,face,False,124,248,Multi-PIE,"{""record1_meta"": {""version"": ""HR_128"", ""angle"": ""090"", ""lighting"": ""02"", ""expression"": ""02""}, ""record2_meta"": {""version"": ""HR_128"", ""angle"": ""090"", ""lighting"": ""01"", ""expression"": ""02""}}"
Multi-PIE_impostor_95,Face\Multi_Pie_HR_128\034_01_02_110_14_crop_128.png,Face\Multi_Pie_HR_128\120_01_02_110_14_crop_128.png,face,False,034,120,Multi-PIE,"{""record1_meta"": {""version"": ""HR_128"", ""angle"": ""110"", ""lighting"": ""14"", ""expression"": ""02""}, ""record2_meta"": {""version"": ""HR_128"", ""angle"": ""110"", ""lighting"": ""14"", ""expression"": ""02""}}"
Multi-PIE_impostor_96,Face\Multi_Pie_HR_128\082_01_01_200_00_crop_128.png,Face\Multi_Pie_HR_128\150_01_01_200_04_crop_128.png,face,False,082,150,Multi-PIE,"{""record1_meta"": {""version"": ""HR_128"", ""angle"": ""200"", ""lighting"": ""00"", ""expression"": ""01""}, ""record2_meta"": {""version"": ""HR_128"", ""angle"": ""200"", ""lighting"": ""04"", ""expression"": ""01""}}"
Multi-PIE_impostor_97,Face\Multi_Pie_HR_128\041_01_01_090_07_crop_128.png,Face\Multi_Pie_HR_128\044_01_01_090_18_crop_128.png,face,False,041,044,Multi-PIE,"{""record1_meta"": {""version"": ""HR_128"", ""angle"": ""090"", ""lighting"": ""07"", ""expression"": ""01""}, ""record2_meta"": {""version"": ""HR_128"", ""angle"": ""090"", ""lighting"": ""18"", ""expression"": ""01""}}"
Multi-PIE_impostor_98,Face\Multi_Pie_HR_128\086_01_02_120_16_crop_128.png,Face\Multi_Pie_HR_128\013_01_02_120_17_crop_128.png,face,False,086,013,Multi-PIE,"{""record1_meta"": {""version"": ""HR_128"", ""angle"": ""120"", ""lighting"": ""16"", ""expression"": ""02""}, ""record2_meta"": {""version"": ""HR_128"", ""angle"": ""120"", ""lighting"": ""17"", ""expression"": ""02""}}"
Multi-PIE_impostor_99,Face\Multi_Pie_HR_128\007_01_02_140_19_crop_128.png,Face\Multi_Pie_HR_128\149_01_02_140_10_crop_128.png,face,False,007,149,Multi-PIE,"{""record1_meta"": {""version"": ""HR_128"", ""angle"": ""140"", ""lighting"": ""19"", ""expression"": ""02""}, ""record2_meta"": {""version"": ""HR_128"", ""angle"": ""140"", ""lighting"": ""10"", ""expression"": ""02""}}"
Multi-PIE_impostor_100,Face\Multi_Pie_HR_128\167_01_02_130_05_crop_128.png,Face\Multi_Pie_HR_128\235_01_02_130_13_crop_128.png,face,False,167,235,Multi-PIE,"{""record1_meta"": {""version"": ""HR_128"", ""angle"": ""130"", ""lighting"": ""05"", ""expression"": ""02""}, ""record2_meta"": {""version"": ""HR_128"", ""angle"": ""130"", ""lighting"": ""13"", ""expression"": ""02""}}"
Multi-PIE_impostor_101,Face\Multi_Pie_HR_128\002_01_02_050_00_crop_128.png,Face\Multi_Pie_HR_128\104_01_02_050_19_crop_128.png,face,False,002,104,Multi-PIE,"{""record1_meta"": {""version"": ""HR_128"", ""angle"": ""050"", ""lighting"": ""00"", ""expression"": ""02""}, ""record2_meta"": {""version"": ""HR_128"", ""angle"": ""050"", ""lighting"": ""19"", ""expression"": ""02""}}"
Multi-PIE_impostor_102,Face\Multi_Pie_HR_128\171_01_02_240_14_crop_128.png,Face\Multi_Pie_HR_128\126_01_02_240_04_crop_128.png,face,False,171,126,Multi-PIE,"{""record1_meta"": {""version"": ""HR_128"", ""angle"": ""240"", ""lighting"": ""14"", ""expression"": ""02""}, ""record2_meta"": {""version"": ""HR_128"", ""angle"": ""240"", ""lighting"": ""04"", ""expression"": ""02""}}"
Multi-PIE_impostor_103,Face\Multi_Pie_HR_128\177_01_01_140_16_crop_128.png,Face\Multi_Pie_HR_128\158_01_01_140_07_crop_128.png,face,False,177,158,Multi-PIE,"{""record1_meta"": {""version"": ""HR_128"", ""angle"": ""140"", ""lighting"": ""16"", ""expression"": ""01""}, ""record2_meta"": {""version"": ""HR_128"", ""angle"": ""140"", ""lighting"": ""07"", ""expression"": ""01""}}"
Multi-PIE_impostor_104,Face\Multi_Pie_HR_128\205_01_02_240_18_crop_128.png,Face\Multi_Pie_HR_128\230_01_02_240_13_crop_128.png,face,False,205,230,Multi-PIE,"{""record1_meta"": {""version"": ""HR_128"", ""angle"": ""240"", ""lighting"": ""18"", ""expression"": ""02""}, ""record2_meta"": {""version"": ""HR_128"", ""angle"": ""240"", ""lighting"": ""13"", ""expression"": ""02""}}"
Multi-PIE_impostor_105,Face\Multi_Pie_HR_128\233_01_02_080_05_crop_128.png,Face\Multi_Pie_HR_128\057_01_02_080_09_crop_128.png,face,False,233,057,Multi-PIE,"{""record1_meta"": {""version"": ""HR_128"", ""angle"": ""080"", ""lighting"": ""05"", ""expression"": ""02""}, ""record2_meta"": {""version"": ""HR_128"", ""angle"": ""080"", ""lighting"": ""09"", ""expression"": ""02""}}"
Multi-PIE_impostor_106,Face\Multi_Pie_HR_128\187_01_01_010_16_crop_128.png,Face\Multi_Pie_HR_128\201_01_01_010_09_crop_128.png,face,False,187,201,Multi-PIE,"{""record1_meta"": {""version"": ""HR_128"", ""angle"": ""010"", ""lighting"": ""16"", ""expression"": ""01""}, ""record2_meta"": {""version"": ""HR_128"", ""angle"": ""010"", ""lighting"": ""09"", ""expression"": ""01""}}"
Multi-PIE_impostor_107,Face\Multi_Pie_HR_128\010_01_01_090_01_crop_128.png,Face\Multi_Pie_HR_128\075_01_01_090_09_crop_128.png,face,False,010,075,Multi-PIE,"{""record1_meta"": {""version"": ""HR_128"", ""angle"": ""090"", ""lighting"": ""01"", ""expression"": ""01""}, ""record2_meta"": {""version"": ""HR_128"", ""angle"": ""090"", ""lighting"": ""09"", ""expression"": ""01""}}"
Multi-PIE_impostor_108,Face\Multi_Pie_HR_128\124_01_02_190_00_crop_128.png,Face\Multi_Pie_HR_128\174_01_02_190_09_crop_128.png,face,False,124,174,Multi-PIE,"{""record1_meta"": {""version"": ""HR_128"", ""angle"": ""190"", ""lighting"": ""00"", ""expression"": ""02""}, ""record2_meta"": {""version"": ""HR_128"", ""angle"": ""190"", ""lighting"": ""09"", ""expression"": ""02""}}"
Multi-PIE_impostor_109,Face\Multi_Pie_HR_128\171_01_01_110_03_crop_128.png,Face\Multi_Pie_HR_128\154_01_01_110_07_crop_128.png,face,False,171,154,Multi-PIE,"{""record1_meta"": {""version"": ""HR_128"", ""angle"": ""110"", ""lighting"": ""03"", ""expression"": ""01""}, ""record2_meta"": {""version"": ""HR_128"", ""angle"": ""110"", ""lighting"": ""07"", ""expression"": ""01""}}"
Multi-PIE_impostor_110,Face\Multi_Pie_HR_128\047_01_01_120_02_crop_128.png,Face\Multi_Pie_HR_128\139_01_01_120_05_crop_128.png,face,False,047,139,Multi-PIE,"{""record1_meta"": {""version"": ""HR_128"", ""angle"": ""120"", ""lighting"": ""02"", ""expression"": ""01""}, ""record2_meta"": {""version"": ""HR_128"", ""angle"": ""120"", ""lighting"": ""05"", ""expression"": ""01""}}"
Multi-PIE_impostor_111,Face\Multi_Pie_HR_128\094_01_02_120_19_crop_128.png,Face\Multi_Pie_HR_128\057_01_02_120_10_crop_128.png,face,False,094,057,Multi-PIE,"{""record1_meta"": {""version"": ""HR_128"", ""angle"": ""120"", ""lighting"": ""19"", ""expression"": ""02""}, ""record2_meta"": {""version"": ""HR_128"", ""angle"": ""120"", ""lighting"": ""10"", ""expression"": ""02""}}"
Multi-PIE_impostor_112,Face\Multi_Pie_HR_128\181_01_01_200_08_crop_128.png,Face\Multi_Pie_HR_128\143_01_01_200_01_crop_128.png,face,False,181,143,Multi-PIE,"{""record1_meta"": {""version"": ""HR_128"", ""angle"": ""200"", ""lighting"": ""08"", ""expression"": ""01""}, ""record2_meta"": {""version"": ""HR_128"", ""angle"": ""200"", ""lighting"": ""01"", ""expression"": ""01""}}"
Multi-PIE_impostor_113,Face\Multi_Pie_HR_128\010_01_01_090_00_crop_128.png,Face\Multi_Pie_HR_128\198_01_01_090_11_crop_128.png,face,False,010,198,Multi-PIE,"{""record1_meta"": {""version"": ""HR_128"", ""angle"": ""090"", ""lighting"": ""00"", ""expression"": ""01""}, ""record2_meta"": {""version"": ""HR_128"", ""angle"": ""090"", ""lighting"": ""11"", ""expression"": ""01""}}"
Multi-PIE_impostor_114,Face\Multi_Pie_HR_128\128_01_01_120_16_crop_128.png,Face\Multi_Pie_HR_128\064_01_01_120_11_crop_128.png,face,False,128,064,Multi-PIE,"{""record1_meta"": {""version"": ""HR_128"", ""angle"": ""120"", ""lighting"": ""16"", ""expression"": ""01""}, ""record2_meta"": {""version"": ""HR_128"", ""angle"": ""120"", ""lighting"": ""11"", ""expression"": ""01""}}"
Multi-PIE_impostor_115,Face\Multi_Pie_HR_128\210_01_01_190_10_crop_128.png,Face\Multi_Pie_HR_128\084_01_01_190_16_crop_128.png,face,False,210,084,Multi-PIE,"{""record1_meta"": {""version"": ""HR_128"", ""angle"": ""190"", ""lighting"": ""10"", ""expression"": ""01""}, ""record2_meta"": {""version"": ""HR_128"", ""angle"": ""190"", ""lighting"": ""16"", ""expression"": ""01""}}"
Multi-PIE_impostor_116,Face\Multi_Pie_HR_128\183_01_02_051_18_crop_128.png,Face\Multi_Pie_HR_128\097_01_02_051_06_crop_128.png,face,False,183,097,Multi-PIE,"{""record1_meta"": {""version"": ""HR_128"", ""angle"": ""051"", ""lighting"": ""18"", ""expression"": ""02""}, ""record2_meta"": {""version"": ""HR_128"", ""angle"": ""051"", ""lighting"": ""06"", ""expression"": ""02""}}"
Multi-PIE_impostor_117,Face\Multi_Pie_HR_128\172_01_02_120_11_crop_128.png,Face\Multi_Pie_HR_128\022_01_02_120_15_crop_128.png,face,False,172,022,Multi-PIE,"{""record1_meta"": {""version"": ""HR_128"", ""angle"": ""120"", ""lighting"": ""11"", ""expression"": ""02""}, ""record2_meta"": {""version"": ""HR_128"", ""angle"": ""120"", ""lighting"": ""15"", ""expression"": ""02""}}"
Multi-PIE_impostor_118,Face\Multi_Pie_HR_128\116_01_01_130_05_crop_128.png,Face\Multi_Pie_HR_128\181_01_01_130_19_crop_128.png,face,False,116,181,Multi-PIE,"{""record1_meta"": {""version"": ""HR_128"", ""angle"": ""130"", ""lighting"": ""05"", ""expression"": ""01""}, ""record2_meta"": {""version"": ""HR_128"", ""angle"": ""130"", ""lighting"": ""19"", ""expression"": ""01""}}"
Multi-PIE_impostor_119,Face\Multi_Pie_HR_128\112_01_02_140_02_crop_128.png,Face\Multi_Pie_HR_128\250_01_02_140_18_crop_128.png,face,False,112,250,Multi-PIE,"{""record1_meta"": {""version"": ""HR_128"", ""angle"": ""140"", ""lighting"": ""02"", ""expression"": ""02""}, ""record2_meta"": {""version"": ""HR_128"", ""angle"": ""140"", ""lighting"": ""18"", ""expression"": ""02""}}"
Multi-PIE_impostor_120,Face\Multi_Pie_HR_128\229_01_01_240_15_crop_128.png,Face\Multi_Pie_HR_128\098_01_01_240_09_crop_128.png,face,False,229,098,Multi-PIE,"{""record1_meta"": {""version"": ""HR_128"", ""angle"": ""240"", ""lighting"": ""15"", ""expression"": ""01""}, ""record2_meta"": {""version"": ""HR_128"", ""angle"": ""240"", ""lighting"": ""09"", ""expression"": ""01""}}"
Multi-PIE_impostor_121,Face\Multi_Pie_HR_128\172_01_02_110_17_crop_128.png,Face\Multi_Pie_HR_128\250_01_02_110_04_crop_128.png,face,False,172,250,Multi-PIE,"{""record1_meta"": {""version"": ""HR_128"", ""angle"": ""110"", ""lighting"": ""17"", ""expression"": ""02""}, ""record2_meta"": {""version"": ""HR_128"", ""angle"": ""110"", ""lighting"": ""04"", ""expression"": ""02""}}"
Multi-PIE_impostor_122,Face\Multi_Pie_HR_128\154_01_02_041_14_crop_128.png,Face\Multi_Pie_HR_128\069_01_02_041_17_crop_128.png,face,False,154,069,Multi-PIE,"{""record1_meta"": {""version"": ""HR_128"", ""angle"": ""041"", ""lighting"": ""14"", ""expression"": ""02""}, ""record2_meta"": {""version"": ""HR_128"", ""angle"": ""041"", ""lighting"": ""17"", ""expression"": ""02""}}"
Multi-PIE_impostor_123,Face\Multi_Pie_HR_128\044_01_01_120_08_crop_128.png,Face\Multi_Pie_HR_128\057_01_01_120_11_crop_128.png,face,False,044,057,Multi-PIE,"{""record1_meta"": {""version"": ""HR_128"", ""angle"": ""120"", ""lighting"": ""08"", ""expression"": ""01""}, ""record2_meta"": {""version"": ""HR_128"", ""angle"": ""120"", ""lighting"": ""11"", ""expression"": ""01""}}"
Multi-PIE_impostor_124,Face\Multi_Pie_HR_128\125_01_02_090_06_crop_128.png,Face\Multi_Pie_HR_128\116_01_02_090_17_crop_128.png,face,False,125,116,Multi-PIE,"{""record1_meta"": {""version"": ""HR_128"", ""angle"": ""090"", ""lighting"": ""06"", ""expression"": ""02""}, ""record2_meta"": {""version"": ""HR_128"", ""angle"": ""090"", ""lighting"": ""17"", ""expression"": ""02""}}"
Multi-PIE_impostor_125,Face\Multi_Pie_HR_128\138_01_01_120_17_crop_128.png,Face\Multi_Pie_HR_128\165_01_01_120_07_crop_128.png,face,False,138,165,Multi-PIE,"{""record1_meta"": {""version"": ""HR_128"", ""angle"": ""120"", ""lighting"": ""17"", ""expression"": ""01""}, ""record2_meta"": {""version"": ""HR_128"", ""angle"": ""120"", ""lighting"": ""07"", ""expression"": ""01""}}"
Multi-PIE_impostor_126,Face\Multi_Pie_HR_128\117_01_02_130_07_crop_128.png,Face\Multi_Pie_HR_128\083_01_02_130_15_crop_128.png,face,False,117,083,Multi-PIE,"{""record1_meta"": {""version"": ""HR_128"", ""angle"": ""130"", ""lighting"": ""07"", ""expression"": ""02""}, ""record2_meta"": {""version"": ""HR_128"", ""angle"": ""130"", ""lighting"": ""15"", ""expression"": ""02""}}"
Multi-PIE_impostor_127,Face\Multi_Pie_HR_128\134_01_02_130_00_crop_128.png,Face\Multi_Pie_HR_128\067_01_02_130_06_crop_128.png,face,False,134,067,Multi-PIE,"{""record1_meta"": {""version"": ""HR_128"", ""angle"": ""130"", ""lighting"": ""00"", ""expression"": ""02""}, ""record2_meta"": {""version"": ""HR_128"", ""angle"": ""130"", ""lighting"": ""06"", ""expression"": ""02""}}"
Multi-PIE_impostor_128,Face\Multi_Pie_HR_128\054_01_02_051_17_crop_128.png,Face\Multi_Pie_HR_128\196_01_02_051_02_crop_128.png,face,False,054,196,Multi-PIE,"{""record1_meta"": {""version"": ""HR_128"", ""angle"": ""051"", ""lighting"": ""17"", ""expression"": ""02""}, ""record2_meta"": {""version"": ""HR_128"", ""angle"": ""051"", ""lighting"": ""02"", ""expression"": ""02""}}"
Multi-PIE_impostor_129,Face\Multi_Pie_HR_128\248_01_01_190_02_crop_128.png,Face\Multi_Pie_HR_128\066_01_01_190_19_crop_128.png,face,False,248,066,Multi-PIE,"{""record1_meta"": {""version"": ""HR_128"", ""angle"": ""190"", ""lighting"": ""02"", ""expression"": ""01""}, ""record2_meta"": {""version"": ""HR_128"", ""angle"": ""190"", ""lighting"": ""19"", ""expression"": ""01""}}"
Multi-PIE_impostor_130,Face\Multi_Pie_HR_128\195_01_01_240_01_crop_128.png,Face\Multi_Pie_HR_128\205_01_01_240_04_crop_128.png,face,False,195,205,Multi-PIE,"{""record1_meta"": {""version"": ""HR_128"", ""angle"": ""240"", ""lighting"": ""01"", ""expression"": ""01""}, ""record2_meta"": {""version"": ""HR_128"", ""angle"": ""240"", ""lighting"": ""04"", ""expression"": ""01""}}"
Multi-PIE_impostor_131,Face\Multi_Pie_HR_128\210_01_01_050_03_crop_128.png,Face\Multi_Pie_HR_128\028_01_01_050_15_crop_128.png,face,False,210,028,Multi-PIE,"{""record1_meta"": {""version"": ""HR_128"", ""angle"": ""050"", ""lighting"": ""03"", ""expression"": ""01""}, ""record2_meta"": {""version"": ""HR_128"", ""angle"": ""050"", ""lighting"": ""15"", ""expression"": ""01""}}"
Multi-PIE_impostor_132,Face\Multi_Pie_HR_128\012_01_02_041_17_crop_128.png,Face\Multi_Pie_HR_128\207_01_02_041_00_crop_128.png,face,False,012,207,Multi-PIE,"{""record1_meta"": {""version"": ""HR_128"", ""angle"": ""041"", ""lighting"": ""17"", ""expression"": ""02""}, ""record2_meta"": {""version"": ""HR_128"", ""angle"": ""041"", ""lighting"": ""00"", ""expression"": ""02""}}"
Multi-PIE_impostor_133,Face\Multi_Pie_HR_128\193_01_01_140_11_crop_128.png,Face\Multi_Pie_HR_128\171_01_01_140_13_crop_128.png,face,False,193,171,Multi-PIE,"{""record1_meta"": {""version"": ""HR_128"", ""angle"": ""140"", ""lighting"": ""11"", ""expression"": ""01""}, ""record2_meta"": {""version"": ""HR_128"", ""angle"": ""140"", ""lighting"": ""13"", ""expression"": ""01""}}"
Multi-PIE_impostor_134,Face\Multi_Pie_HR_128\043_01_02_110_16_crop_128.png,Face\Multi_Pie_HR_128\183_01_02_110_09_crop_128.png,face,False,043,183,Multi-PIE,"{""record1_meta"": {""version"": ""HR_128"", ""angle"": ""110"", ""lighting"": ""16"", ""expression"": ""02""}, ""record2_meta"": {""version"": ""HR_128"", ""angle"": ""110"", ""lighting"": ""09"", ""expression"": ""02""}}"
Multi-PIE_impostor_135,Face\Multi_Pie_HR_128\025_01_01_050_10_crop_128.png,Face\Multi_Pie_HR_128\152_01_01_050_08_crop_128.png,face,False,025,152,Multi-PIE,"{""record1_meta"": {""version"": ""HR_128"", ""angle"": ""050"", ""lighting"": ""10"", ""expression"": ""01""}, ""record2_meta"": {""version"": ""HR_128"", ""angle"": ""050"", ""lighting"": ""08"", ""expression"": ""01""}}"
Multi-PIE_impostor_136,Face\Multi_Pie_HR_128\093_01_01_240_00_crop_128.png,Face\Multi_Pie_HR_128\062_01_01_240_01_crop_128.png,face,False,093,062,Multi-PIE,"{""record1_meta"": {""version"": ""HR_128"", ""angle"": ""240"", ""lighting"": ""00"", ""expression"": ""01""}, ""record2_meta"": {""version"": ""HR_128"", ""angle"": ""240"", ""lighting"": ""01"", ""expression"": ""01""}}"
Multi-PIE_impostor_137,Face\Multi_Pie_HR_128\241_01_02_200_01_crop_128.png,Face\Multi_Pie_HR_128\063_01_02_200_08_crop_128.png,face,False,241,063,Multi-PIE,"{""record1_meta"": {""version"": ""HR_128"", ""angle"": ""200"", ""lighting"": ""01"", ""expression"": ""02""}, ""record2_meta"": {""version"": ""HR_128"", ""angle"": ""200"", ""lighting"": ""08"", ""expression"": ""02""}}"
Multi-PIE_impostor_138,Face\Multi_Pie_HR_128\031_01_02_120_15_crop_128.png,Face\Multi_Pie_HR_128\056_01_02_120_13_crop_128.png,face,False,031,056,Multi-PIE,"{""record1_meta"": {""version"": ""HR_128"", ""angle"": ""120"", ""lighting"": ""15"", ""expression"": ""02""}, ""record2_meta"": {""version"": ""HR_128"", ""angle"": ""120"", ""lighting"": ""13"", ""expression"": ""02""}}"
Multi-PIE_impostor_139,Face\Multi_Pie_HR_128\101_01_02_080_18_crop_128.png,Face\Multi_Pie_HR_128\159_01_02_080_06_crop_128.png,face,False,101,159,Multi-PIE,"{""record1_meta"": {""version"": ""HR_128"", ""angle"": ""080"", ""lighting"": ""18"", ""expression"": ""02""}, ""record2_meta"": {""version"": ""HR_128"", ""angle"": ""080"", ""lighting"": ""06"", ""expression"": ""02""}}"
Multi-PIE_impostor_140,Face\Multi_Pie_HR_128\214_01_01_080_08_crop_128.png,Face\Multi_Pie_HR_128\191_01_01_080_02_crop_128.png,face,False,214,191,Multi-PIE,"{""record1_meta"": {""version"": ""HR_128"", ""angle"": ""080"", ""lighting"": ""08"", ""expression"": ""01""}, ""record2_meta"": {""version"": ""HR_128"", ""angle"": ""080"", ""lighting"": ""02"", ""expression"": ""01""}}"
Multi-PIE_impostor_141,Face\Multi_Pie_HR_128\220_01_01_190_10_crop_128.png,Face\Multi_Pie_HR_128\149_01_01_190_11_crop_128.png,face,False,220,149,Multi-PIE,"{""record1_meta"": {""version"": ""HR_128"", ""angle"": ""190"", ""lighting"": ""10"", ""expression"": ""01""}, ""record2_meta"": {""version"": ""HR_128"", ""angle"": ""190"", ""lighting"": ""11"", ""expression"": ""01""}}"
Multi-PIE_impostor_142,Face\Multi_Pie_HR_128\079_01_01_190_00_crop_128.png,Face\Multi_Pie_HR_128\099_01_01_190_09_crop_128.png,face,False,079,099,Multi-PIE,"{""record1_meta"": {""version"": ""HR_128"", ""angle"": ""190"", ""lighting"": ""00"", ""expression"": ""01""}, ""record2_meta"": {""version"": ""HR_128"", ""angle"": ""190"", ""lighting"": ""09"", ""expression"": ""01""}}"
Multi-PIE_impostor_143,Face\Multi_Pie_HR_128\168_01_01_190_14_crop_128.png,Face\Multi_Pie_HR_128\119_01_01_190_08_crop_128.png,face,False,168,119,Multi-PIE,"{""record1_meta"": {""version"": ""HR_128"", ""angle"": ""190"", ""lighting"": ""14"", ""expression"": ""01""}, ""record2_meta"": {""version"": ""HR_128"", ""angle"": ""190"", ""lighting"": ""08"", ""expression"": ""01""}}"
Multi-PIE_impostor_144,Face\Multi_Pie_HR_128\004_01_02_041_02_crop_128.png,Face\Multi_Pie_HR_128\008_01_02_041_18_crop_128.png,face,False,004,008,Multi-PIE,"{""record1_meta"": {""version"": ""HR_128"", ""angle"": ""041"", ""lighting"": ""02"", ""expression"": ""02""}, ""record2_meta"": {""version"": ""HR_128"", ""angle"": ""041"", ""lighting"": ""18"", ""expression"": ""02""}}"
Multi-PIE_impostor_145,Face\Multi_Pie_HR_128\167_01_01_051_10_crop_128.png,Face\Multi_Pie_HR_128\134_01_01_051_14_crop_128.png,face,False,167,134,Multi-PIE,"{""record1_meta"": {""version"": ""HR_128"", ""angle"": ""051"", ""lighting"": ""10"", ""expression"": ""01""}, ""record2_meta"": {""version"": ""HR_128"", ""angle"": ""051"", ""lighting"": ""14"", ""expression"": ""01""}}"
Multi-PIE_impostor_146,Face\Multi_Pie_HR_128\104_01_01_110_05_crop_128.png,Face\Multi_Pie_HR_128\057_01_01_110_02_crop_128.png,face,False,104,057,Multi-PIE,"{""record1_meta"": {""version"": ""HR_128"", ""angle"": ""110"", ""lighting"": ""05"", ""expression"": ""01""}, ""record2_meta"": {""version"": ""HR_128"", ""angle"": ""110"", ""lighting"": ""02"", ""expression"": ""01""}}"
Multi-PIE_impostor_147,Face\Multi_Pie_HR_128\044_01_02_240_15_crop_128.png,Face\Multi_Pie_HR_128\160_01_02_240_11_crop_128.png,face,False,044,160,Multi-PIE,"{""record1_meta"": {""version"": ""HR_128"", ""angle"": ""240"", ""lighting"": ""15"", ""expression"": ""02""}, ""record2_meta"": {""version"": ""HR_128"", ""angle"": ""240"", ""lighting"": ""11"", ""expression"": ""02""}}"
Multi-PIE_impostor_148,Face\Multi_Pie_HR_128\243_01_02_110_00_crop_128.png,Face\Multi_Pie_HR_128\221_01_02_110_06_crop_128.png,face,False,243,221,Multi-PIE,"{""record1_meta"": {""version"": ""HR_128"", ""angle"": ""110"", ""lighting"": ""00"", ""expression"": ""02""}, ""record2_meta"": {""version"": ""HR_128"", ""angle"": ""110"", ""lighting"": ""06"", ""expression"": ""02""}}"
Multi-PIE_impostor_149,Face\Multi_Pie_HR_128\067_01_02_041_06_crop_128.png,Face\Multi_Pie_HR_128\092_01_02_041_18_crop_128.png,face,False,067,092,Multi-PIE,"{""record1_meta"": {""version"": ""HR_128"", ""angle"": ""041"", ""lighting"": ""06"", ""expression"": ""02""}, ""record2_meta"": {""version"": ""HR_128"", ""angle"": ""041"", ""lighting"": ""18"", ""expression"": ""02""}}"
Multi-PIE_impostor_150,Face\Multi_Pie_HR_128\143_01_02_200_18_crop_128.png,Face\Multi_Pie_HR_128\034_01_02_200_13_crop_128.png,face,False,143,034,Multi-PIE,"{""record1_meta"": {""version"": ""HR_128"", ""angle"": ""200"", ""lighting"": ""18"", ""expression"": ""02""}, ""record2_meta"": {""version"": ""HR_128"", ""angle"": ""200"", ""lighting"": ""13"", ""expression"": ""02""}}"
Multi-PIE_impostor_151,Face\Multi_Pie_HR_128\025_01_02_140_18_crop_128.png,Face\Multi_Pie_HR_128\013_01_02_140_08_crop_128.png,face,False,025,013,Multi-PIE,"{""record1_meta"": {""version"": ""HR_128"", ""angle"": ""140"", ""lighting"": ""18"", ""expression"": ""02""}, ""record2_meta"": {""version"": ""HR_128"", ""angle"": ""140"", ""lighting"": ""08"", ""expression"": ""02""}}"
Multi-PIE_impostor_152,Face\Multi_Pie_HR_128\153_01_01_041_09_crop_128.png,Face\Multi_Pie_HR_128\165_01_01_041_01_crop_128.png,face,False,153,165,Multi-PIE,"{""record1_meta"": {""version"": ""HR_128"", ""angle"": ""041"", ""lighting"": ""09"", ""expression"": ""01""}, ""record2_meta"": {""version"": ""HR_128"", ""angle"": ""041"", ""lighting"": ""01"", ""expression"": ""01""}}"
Multi-PIE_impostor_153,Face\Multi_Pie_HR_128\084_01_02_130_18_crop_128.png,Face\Multi_Pie_HR_128\161_01_02_130_19_crop_128.png,face,False,084,161,Multi-PIE,"{""record1_meta"": {""version"": ""HR_128"", ""angle"": ""130"", ""lighting"": ""18"", ""expression"": ""02""}, ""record2_meta"": {""version"": ""HR_128"", ""angle"": ""130"", ""lighting"": ""19"", ""expression"": ""02""}}"
Multi-PIE_impostor_154,Face\Multi_Pie_HR_128\002_01_01_190_04_crop_128.png,Face\Multi_Pie_HR_128\043_01_01_190_07_crop_128.png,face,False,002,043,Multi-PIE,"{""record1_meta"": {""version"": ""HR_128"", ""angle"": ""190"", ""lighting"": ""04"", ""expression"": ""01""}, ""record2_meta"": {""version"": ""HR_128"", ""angle"": ""190"", ""lighting"": ""07"", ""expression"": ""01""}}"
Multi-PIE_impostor_155,Face\Multi_Pie_HR_128\042_01_02_050_12_crop_128.png,Face\Multi_Pie_HR_128\145_01_02_050_05_crop_128.png,face,False,042,145,Multi-PIE,"{""record1_meta"": {""version"": ""HR_128"", ""angle"": ""050"", ""lighting"": ""12"", ""expression"": ""02""}, ""record2_meta"": {""version"": ""HR_128"", ""angle"": ""050"", ""lighting"": ""05"", ""expression"": ""02""}}"
Multi-PIE_impostor_156,Face\Multi_Pie_HR_128\188_01_02_130_12_crop_128.png,Face\Multi_Pie_HR_128\103_01_02_130_13_crop_128.png,face,False,188,103,Multi-PIE,"{""record1_meta"": {""version"": ""HR_128"", ""angle"": ""130"", ""lighting"": ""12"", ""expression"": ""02""}, ""record2_meta"": {""version"": ""HR_128"", ""angle"": ""130"", ""lighting"": ""13"", ""expression"": ""02""}}"
Multi-PIE_impostor_157,Face\Multi_Pie_HR_128\047_01_01_190_01_crop_128.png,Face\Multi_Pie_HR_128\117_01_01_190_10_crop_128.png,face,False,047,117,Multi-PIE,"{""record1_meta"": {""version"": ""HR_128"", ""angle"": ""190"", ""lighting"": ""01"", ""expression"": ""01""}, ""record2_meta"": {""version"": ""HR_128"", ""angle"": ""190"", ""lighting"": ""10"", ""expression"": ""01""}}"
Multi-PIE_impostor_158,Face\Multi_Pie_HR_128\089_01_02_240_04_crop_128.png,Face\Multi_Pie_HR_128\027_01_02_240_16_crop_128.png,face,False,089,027,Multi-PIE,"{""record1_meta"": {""version"": ""HR_128"", ""angle"": ""240"", ""lighting"": ""04"", ""expression"": ""02""}, ""record2_meta"": {""version"": ""HR_128"", ""angle"": ""240"", ""lighting"": ""16"", ""expression"": ""02""}}"
Multi-PIE_impostor_159,Face\Multi_Pie_HR_128\082_01_01_051_06_crop_128.png,Face\Multi_Pie_HR_128\069_01_01_051_18_crop_128.png,face,False,082,069,Multi-PIE,"{""record1_meta"": {""version"": ""HR_128"", ""angle"": ""051"", ""lighting"": ""06"", ""expression"": ""01""}, ""record2_meta"": {""version"": ""HR_128"", ""angle"": ""051"", ""lighting"": ""18"", ""expression"": ""01""}}"
Multi-PIE_impostor_160,Face\Multi_Pie_HR_128\137_01_02_120_02_crop_128.png,Face\Multi_Pie_HR_128\224_01_02_120_06_crop_128.png,face,False,137,224,Multi-PIE,"{""record1_meta"": {""version"": ""HR_128"", ""angle"": ""120"", ""lighting"": ""02"", ""expression"": ""02""}, ""record2_meta"": {""version"": ""HR_128"", ""angle"": ""120"", ""lighting"": ""06"", ""expression"": ""02""}}"
Multi-PIE_impostor_161,Face\Multi_Pie_HR_128\121_01_01_010_14_crop_128.png,Face\Multi_Pie_HR_128\063_01_01_010_17_crop_128.png,face,False,121,063,Multi-PIE,"{""record1_meta"": {""version"": ""HR_128"", ""angle"": ""010"", ""lighting"": ""14"", ""expression"": ""01""}, ""record2_meta"": {""version"": ""HR_128"", ""angle"": ""010"", ""lighting"": ""17"", ""expression"": ""01""}}"
Multi-PIE_impostor_162,Face\Multi_Pie_HR_128\119_01_01_140_07_crop_128.png,Face\Multi_Pie_HR_128\191_01_01_140_01_crop_128.png,face,False,119,191,Multi-PIE,"{""record1_meta"": {""version"": ""HR_128"", ""angle"": ""140"", ""lighting"": ""07"", ""expression"": ""01""}, ""record2_meta"": {""version"": ""HR_128"", ""angle"": ""140"", ""lighting"": ""01"", ""expression"": ""01""}}"
Multi-PIE_impostor_163,Face\Multi_Pie_HR_128\039_01_01_110_12_crop_128.png,Face\Multi_Pie_HR_128\119_01_01_110_18_crop_128.png,face,False,039,119,Multi-PIE,"{""record1_meta"": {""version"": ""HR_128"", ""angle"": ""110"", ""lighting"": ""12"", ""expression"": ""01""}, ""record2_meta"": {""version"": ""HR_128"", ""angle"": ""110"", ""lighting"": ""18"", ""expression"": ""01""}}"
Multi-PIE_impostor_164,Face\Multi_Pie_HR_128\223_01_01_130_04_crop_128.png,Face\Multi_Pie_HR_128\049_01_01_130_08_crop_128.png,face,False,223,049,Multi-PIE,"{""record1_meta"": {""version"": ""HR_128"", ""angle"": ""130"", ""lighting"": ""04"", ""expression"": ""01""}, ""record2_meta"": {""version"": ""HR_128"", ""angle"": ""130"", ""lighting"": ""08"", ""expression"": ""01""}}"
Multi-PIE_impostor_165,Face\Multi_Pie_HR_128\126_01_02_240_09_crop_128.png,Face\Multi_Pie_HR_128\009_01_02_240_00_crop_128.png,face,False,126,009,Multi-PIE,"{""record1_meta"": {""version"": ""HR_128"", ""angle"": ""240"", ""lighting"": ""09"", ""expression"": ""02""}, ""record2_meta"": {""version"": ""HR_128"", ""angle"": ""240"", ""lighting"": ""00"", ""expression"": ""02""}}"
Multi-PIE_impostor_166,Face\Multi_Pie_HR_128\054_01_01_080_17_crop_128.png,Face\Multi_Pie_HR_128\143_01_01_080_10_crop_128.png,face,False,054,143,Multi-PIE,"{""record1_meta"": {""version"": ""HR_128"", ""angle"": ""080"", ""lighting"": ""17"", ""expression"": ""01""}, ""record2_meta"": {""version"": ""HR_128"", ""angle"": ""080"", ""lighting"": ""10"", ""expression"": ""01""}}"
Multi-PIE_impostor_167,Face\Multi_Pie_HR_128\140_01_01_190_08_crop_128.png,Face\Multi_Pie_HR_128\198_01_01_190_07_crop_128.png,face,False,140,198,Multi-PIE,"{""record1_meta"": {""version"": ""HR_128"", ""angle"": ""190"", ""lighting"": ""08"", ""expression"": ""01""}, ""record2_meta"": {""version"": ""HR_128"", ""angle"": ""190"", ""lighting"": ""07"", ""expression"": ""01""}}"
Multi-PIE_impostor_168,Face\Multi_Pie_HR_128\047_01_02_090_05_crop_128.png,Face\Multi_Pie_HR_128\055_01_02_090_04_crop_128.png,face,False,047,055,Multi-PIE,"{""record1_meta"": {""version"": ""HR_128"", ""angle"": ""090"", ""lighting"": ""05"", ""expression"": ""02""}, ""record2_meta"": {""version"": ""HR_128"", ""angle"": ""090"", ""lighting"": ""04"", ""expression"": ""02""}}"
Multi-PIE_impostor_169,Face\Multi_Pie_HR_128\246_01_01_130_03_crop_128.png,Face\Multi_Pie_HR_128\100_01_01_130_05_crop_128.png,face,False,246,100,Multi-PIE,"{""record1_meta"": {""version"": ""HR_128"", ""angle"": ""130"", ""lighting"": ""03"", ""expression"": ""01""}, ""record2_meta"": {""version"": ""HR_128"", ""angle"": ""130"", ""lighting"": ""05"", ""expression"": ""01""}}"
Multi-PIE_impostor_170,Face\Multi_Pie_HR_128\233_01_01_240_07_crop_128.png,Face\Multi_Pie_HR_128\245_01_01_240_15_crop_128.png,face,False,233,245,Multi-PIE,"{""record1_meta"": {""version"": ""HR_128"", ""angle"": ""240"", ""lighting"": ""07"", ""expression"": ""01""}, ""record2_meta"": {""version"": ""HR_128"", ""angle"": ""240"", ""lighting"": ""15"", ""expression"": ""01""}}"
Multi-PIE_impostor_171,Face\Multi_Pie_HR_128\203_01_01_240_02_crop_128.png,Face\Multi_Pie_HR_128\180_01_01_240_17_crop_128.png,face,False,203,180,Multi-PIE,"{""record1_meta"": {""version"": ""HR_128"", ""angle"": ""240"", ""lighting"": ""02"", ""expression"": ""01""}, ""record2_meta"": {""version"": ""HR_128"", ""angle"": ""240"", ""lighting"": ""17"", ""expression"": ""01""}}"
Multi-PIE_impostor_172,Face\Multi_Pie_HR_128\111_01_02_051_04_crop_128.png,Face\Multi_Pie_HR_128\083_01_02_051_12_crop_128.png,face,False,111,083,Multi-PIE,"{""record1_meta"": {""version"": ""HR_128"", ""angle"": ""051"", ""lighting"": ""04"", ""expression"": ""02""}, ""record2_meta"": {""version"": ""HR_128"", ""angle"": ""051"", ""lighting"": ""12"", ""expression"": ""02""}}"
Multi-PIE_impostor_173,Face\Multi_Pie_HR_128\132_01_02_110_05_crop_128.png,Face\Multi_Pie_HR_128\231_01_02_110_05_crop_128.png,face,False,132,231,Multi-PIE,"{""record1_meta"": {""version"": ""HR_128"", ""angle"": ""110"", ""lighting"": ""05"", ""expression"": ""02""}, ""record2_meta"": {""version"": ""HR_128"", ""angle"": ""110"", ""lighting"": ""05"", ""expression"": ""02""}}"
Multi-PIE_impostor_174,Face\Multi_Pie_HR_128\069_01_02_110_04_crop_128.png,Face\Multi_Pie_HR_128\029_01_02_110_10_crop_128.png,face,False,069,029,Multi-PIE,"{""record1_meta"": {""version"": ""HR_128"", ""angle"": ""110"", ""lighting"": ""04"", ""expression"": ""02""}, ""record2_meta"": {""version"": ""HR_128"", ""angle"": ""110"", ""lighting"": ""10"", ""expression"": ""02""}}"
Multi-PIE_impostor_175,Face\Multi_Pie_HR_128\011_01_01_110_18_crop_128.png,Face\Multi_Pie_HR_128\039_01_01_110_10_crop_128.png,face,False,011,039,Multi-PIE,"{""record1_meta"": {""version"": ""HR_128"", ""angle"": ""110"", ""lighting"": ""18"", ""expression"": ""01""}, ""record2_meta"": {""version"": ""HR_128"", ""angle"": ""110"", ""lighting"": ""10"", ""expression"": ""01""}}"
Multi-PIE_impostor_176,Face\Multi_Pie_HR_128\184_01_01_110_01_crop_128.png,Face\Multi_Pie_HR_128\208_01_01_110_14_crop_128.png,face,False,184,208,Multi-PIE,"{""record1_meta"": {""version"": ""HR_128"", ""angle"": ""110"", ""lighting"": ""01"", ""expression"": ""01""}, ""record2_meta"": {""version"": ""HR_128"", ""angle"": ""110"", ""lighting"": ""14"", ""expression"": ""01""}}"
Multi-PIE_impostor_177,Face\Multi_Pie_HR_128\190_01_01_130_09_crop_128.png,Face\Multi_Pie_HR_128\137_01_01_130_00_crop_128.png,face,False,190,137,Multi-PIE,"{""record1_meta"": {""version"": ""HR_128"", ""angle"": ""130"", ""lighting"": ""09"", ""expression"": ""01""}, ""record2_meta"": {""version"": ""HR_128"", ""angle"": ""130"", ""lighting"": ""00"", ""expression"": ""01""}}"
Multi-PIE_impostor_178,Face\Multi_Pie_HR_128\042_01_02_240_16_crop_128.png,Face\Multi_Pie_HR_128\209_01_02_240_08_crop_128.png,face,False,042,209,Multi-PIE,"{""record1_meta"": {""version"": ""HR_128"", ""angle"": ""240"", ""lighting"": ""16"", ""expression"": ""02""}, ""record2_meta"": {""version"": ""HR_128"", ""angle"": ""240"", ""lighting"": ""08"", ""expression"": ""02""}}"
Multi-PIE_impostor_179,Face\Multi_Pie_HR_128\240_01_01_200_06_crop_128.png,Face\Multi_Pie_HR_128\054_01_01_200_04_crop_128.png,face,False,240,054,Multi-PIE,"{""record1_meta"": {""version"": ""HR_128"", ""angle"": ""200"", ""lighting"": ""06"", ""expression"": ""01""}, ""record2_meta"": {""version"": ""HR_128"", ""angle"": ""200"", ""lighting"": ""04"", ""expression"": ""01""}}"
Multi-PIE_impostor_180,Face\Multi_Pie_HR_128\160_01_02_050_06_crop_128.png,Face\Multi_Pie_HR_128\203_01_02_050_02_crop_128.png,face,False,160,203,Multi-PIE,"{""record1_meta"": {""version"": ""HR_128"", ""angle"": ""050"", ""lighting"": ""06"", ""expression"": ""02""}, ""record2_meta"": {""version"": ""HR_128"", ""angle"": ""050"", ""lighting"": ""02"", ""expression"": ""02""}}"
Multi-PIE_impostor_181,Face\Multi_Pie_HR_128\238_01_01_051_05_crop_128.png,Face\Multi_Pie_HR_128\223_01_01_051_15_crop_128.png,face,False,238,223,Multi-PIE,"{""record1_meta"": {""version"": ""HR_128"", ""angle"": ""051"", ""lighting"": ""05"", ""expression"": ""01""}, ""record2_meta"": {""version"": ""HR_128"", ""angle"": ""051"", ""lighting"": ""15"", ""expression"": ""01""}}"
Multi-PIE_impostor_182,Face\Multi_Pie_HR_128\156_01_02_041_13_crop_128.png,Face\Multi_Pie_HR_128\112_01_02_041_01_crop_128.png,face,False,156,112,Multi-PIE,"{""record1_meta"": {""version"": ""HR_128"", ""angle"": ""041"", ""lighting"": ""13"", ""expression"": ""02""}, ""record2_meta"": {""version"": ""HR_128"", ""angle"": ""041"", ""lighting"": ""01"", ""expression"": ""02""}}"
Multi-PIE_impostor_183,Face\Multi_Pie_HR_128\230_01_02_041_14_crop_128.png,Face\Multi_Pie_HR_128\168_01_02_041_19_crop_128.png,face,False,230,168,Multi-PIE,"{""record1_meta"": {""version"": ""HR_128"", ""angle"": ""041"", ""lighting"": ""14"", ""expression"": ""02""}, ""record2_meta"": {""version"": ""HR_128"", ""angle"": ""041"", ""lighting"": ""19"", ""expression"": ""02""}}"
Multi-PIE_impostor_184,Face\Multi_Pie_HR_128\002_01_02_080_09_crop_128.png,Face\Multi_Pie_HR_128\119_01_02_080_10_crop_128.png,face,False,002,119,Multi-PIE,"{""record1_meta"": {""version"": ""HR_128"", ""angle"": ""080"", ""lighting"": ""09"", ""expression"": ""02""}, ""record2_meta"": {""version"": ""HR_128"", ""angle"": ""080"", ""lighting"": ""10"", ""expression"": ""02""}}"
Multi-PIE_impostor_185,Face\Multi_Pie_HR_128\072_01_02_240_19_crop_128.png,Face\Multi_Pie_HR_128\119_01_02_240_06_crop_128.png,face,False,072,119,Multi-PIE,"{""record1_meta"": {""version"": ""HR_128"", ""angle"": ""240"", ""lighting"": ""19"", ""expression"": ""02""}, ""record2_meta"": {""version"": ""HR_128"", ""angle"": ""240"", ""lighting"": ""06"", ""expression"": ""02""}}"
Multi-PIE_impostor_186,Face\Multi_Pie_HR_128\209_01_02_190_07_crop_128.png,Face\Multi_Pie_HR_128\165_01_02_190_06_crop_128.png,face,False,209,165,Multi-PIE,"{""record1_meta"": {""version"": ""HR_128"", ""angle"": ""190"", ""lighting"": ""07"", ""expression"": ""02""}, ""record2_meta"": {""version"": ""HR_128"", ""angle"": ""190"", ""lighting"": ""06"", ""expression"": ""02""}}"
Multi-PIE_impostor_187,Face\Multi_Pie_HR_128\123_01_01_200_11_crop_128.png,Face\Multi_Pie_HR_128\188_01_01_200_03_crop_128.png,face,False,123,188,Multi-PIE,"{""record1_meta"": {""version"": ""HR_128"", ""angle"": ""200"", ""lighting"": ""11"", ""expression"": ""01""}, ""record2_meta"": {""version"": ""HR_128"", ""angle"": ""200"", ""lighting"": ""03"", ""expression"": ""01""}}"
Multi-PIE_impostor_188,Face\Multi_Pie_HR_128\001_01_01_110_18_crop_128.png,Face\Multi_Pie_HR_128\218_01_01_110_04_crop_128.png,face,False,001,218,Multi-PIE,"{""record1_meta"": {""version"": ""HR_128"", ""angle"": ""110"", ""lighting"": ""18"", ""expression"": ""01""}, ""record2_meta"": {""version"": ""HR_128"", ""angle"": ""110"", ""lighting"": ""04"", ""expression"": ""01""}}"
Multi-PIE_impostor_189,Face\Multi_Pie_HR_128\068_01_02_051_01_crop_128.png,Face\Multi_Pie_HR_128\113_01_02_051_10_crop_128.png,face,False,068,113,Multi-PIE,"{""record1_meta"": {""version"": ""HR_128"", ""angle"": ""051"", ""lighting"": ""01"", ""expression"": ""02""}, ""record2_meta"": {""version"": ""HR_128"", ""angle"": ""051"", ""lighting"": ""10"", ""expression"": ""02""}}"
Multi-PIE_impostor_190,Face\Multi_Pie_HR_128\094_01_01_130_19_crop_128.png,Face\Multi_Pie_HR_128\182_01_01_130_13_crop_128.png,face,False,094,182,Multi-PIE,"{""record1_meta"": {""version"": ""HR_128"", ""angle"": ""130"", ""lighting"": ""19"", ""expression"": ""01""}, ""record2_meta"": {""version"": ""HR_128"", ""angle"": ""130"", ""lighting"": ""13"", ""expression"": ""01""}}"
Multi-PIE_impostor_191,Face\Multi_Pie_HR_128\182_01_02_110_18_crop_128.png,Face\Multi_Pie_HR_128\076_01_02_110_03_crop_128.png,face,False,182,076,Multi-PIE,"{""record1_meta"": {""version"": ""HR_128"", ""angle"": ""110"", ""lighting"": ""18"", ""expression"": ""02""}, ""record2_meta"": {""version"": ""HR_128"", ""angle"": ""110"", ""lighting"": ""03"", ""expression"": ""02""}}"
Multi-PIE_impostor_192,Face\Multi_Pie_HR_128\068_01_02_120_03_crop_128.png,Face\Multi_Pie_HR_128\148_01_02_120_15_crop_128.png,face,False,068,148,Multi-PIE,"{""record1_meta"": {""version"": ""HR_128"", ""angle"": ""120"", ""lighting"": ""03"", ""expression"": ""02""}, ""record2_meta"": {""version"": ""HR_128"", ""angle"": ""120"", ""lighting"": ""15"", ""expression"": ""02""}}"
Multi-PIE_impostor_193,Face\Multi_Pie_HR_128\053_01_01_130_14_crop_128.png,Face\Multi_Pie_HR_128\041_01_01_130_05_crop_128.png,face,False,053,041,Multi-PIE,"{""record1_meta"": {""version"": ""HR_128"", ""angle"": ""130"", ""lighting"": ""14"", ""expression"": ""01""}, ""record2_meta"": {""version"": ""HR_128"", ""angle"": ""130"", ""lighting"": ""05"", ""expression"": ""01""}}"
Multi-PIE_impostor_194,Face\Multi_Pie_HR_128\135_01_01_010_02_crop_128.png,Face\Multi_Pie_HR_128\009_01_01_010_01_crop_128.png,face,False,135,009,Multi-PIE,"{""record1_meta"": {""version"": ""HR_128"", ""angle"": ""010"", ""lighting"": ""02"", ""expression"": ""01""}, ""record2_meta"": {""version"": ""HR_128"", ""angle"": ""010"", ""lighting"": ""01"", ""expression"": ""01""}}"
Multi-PIE_impostor_195,Face\Multi_Pie_HR_128\182_01_02_080_08_crop_128.png,Face\Multi_Pie_HR_128\232_01_02_080_04_crop_128.png,face,False,182,232,Multi-PIE,"{""record1_meta"": {""version"": ""HR_128"", ""angle"": ""080"", ""lighting"": ""08"", ""expression"": ""02""}, ""record2_meta"": {""version"": ""HR_128"", ""angle"": ""080"", ""lighting"": ""04"", ""expression"": ""02""}}"
Multi-PIE_impostor_196,Face\Multi_Pie_HR_128\202_01_02_200_10_crop_128.png,Face\Multi_Pie_HR_128\230_01_02_200_12_crop_128.png,face,False,202,230,Multi-PIE,"{""record1_meta"": {""version"": ""HR_128"", ""angle"": ""200"", ""lighting"": ""10"", ""expression"": ""02""}, ""record2_meta"": {""version"": ""HR_128"", ""angle"": ""200"", ""lighting"": ""12"", ""expression"": ""02""}}"
Multi-PIE_impostor_197,Face\Multi_Pie_HR_128\144_01_01_130_02_crop_128.png,Face\Multi_Pie_HR_128\012_01_01_130_10_crop_128.png,face,False,144,012,Multi-PIE,"{""record1_meta"": {""version"": ""HR_128"", ""angle"": ""130"", ""lighting"": ""02"", ""expression"": ""01""}, ""record2_meta"": {""version"": ""HR_128"", ""angle"": ""130"", ""lighting"": ""10"", ""expression"": ""01""}}"
Multi-PIE_impostor_198,Face\Multi_Pie_HR_128\190_01_02_200_01_crop_128.png,Face\Multi_Pie_HR_128\119_01_02_200_17_crop_128.png,face,False,190,119,Multi-PIE,"{""record1_meta"": {""version"": ""HR_128"", ""angle"": ""200"", ""lighting"": ""01"", ""expression"": ""02""}, ""record2_meta"": {""version"": ""HR_128"", ""angle"": ""200"", ""lighting"": ""17"", ""expression"": ""02""}}"
Multi-PIE_impostor_199,Face\Multi_Pie_HR_128\214_01_02_041_03_crop_128.png,Face\Multi_Pie_HR_128\209_01_02_041_06_crop_128.png,face,False,214,209,Multi-PIE,"{""record1_meta"": {""version"": ""HR_128"", ""angle"": ""041"", ""lighting"": ""03"", ""expression"": ""02""}, ""record2_meta"": {""version"": ""HR_128"", ""angle"": ""041"", ""lighting"": ""06"", ""expression"": ""02""}}"
Multi-PIE_impostor_200,Face\Multi_Pie_HR_128\095_01_02_050_07_crop_128.png,Face\Multi_Pie_HR_128\207_01_02_050_05_crop_128.png,face,False,095,207,Multi-PIE,"{""record1_meta"": {""version"": ""HR_128"", ""angle"": ""050"", ""lighting"": ""07"", ""expression"": ""02""}, ""record2_meta"": {""version"": ""HR_128"", ""angle"": ""050"", ""lighting"": ""05"", ""expression"": ""02""}}"
Multi-PIE_impostor_201,Face\Multi_Pie_HR_128\216_01_01_080_01_crop_128.png,Face\Multi_Pie_HR_128\195_01_01_080_09_crop_128.png,face,False,216,195,Multi-PIE,"{""record1_meta"": {""version"": ""HR_128"", ""angle"": ""080"", ""lighting"": ""01"", ""expression"": ""01""}, ""record2_meta"": {""version"": ""HR_128"", ""angle"": ""080"", ""lighting"": ""09"", ""expression"": ""01""}}"
Multi-PIE_impostor_202,Face\Multi_Pie_HR_128\015_01_02_050_18_crop_128.png,Face\Multi_Pie_HR_128\223_01_02_050_04_crop_128.png,face,False,015,223,Multi-PIE,"{""record1_meta"": {""version"": ""HR_128"", ""angle"": ""050"", ""lighting"": ""18"", ""expression"": ""02""}, ""record2_meta"": {""version"": ""HR_128"", ""angle"": ""050"", ""lighting"": ""04"", ""expression"": ""02""}}"
Multi-PIE_impostor_203,Face\Multi_Pie_HR_128\011_01_02_120_12_crop_128.png,Face\Multi_Pie_HR_128\103_01_02_120_09_crop_128.png,face,False,011,103,Multi-PIE,"{""record1_meta"": {""version"": ""HR_128"", ""angle"": ""120"", ""lighting"": ""12"", ""expression"": ""02""}, ""record2_meta"": {""version"": ""HR_128"", ""angle"": ""120"", ""lighting"": ""09"", ""expression"": ""02""}}"
Multi-PIE_impostor_204,Face\Multi_Pie_HR_128\162_01_02_041_07_crop_128.png,Face\Multi_Pie_HR_128\195_01_02_041_03_crop_128.png,face,False,162,195,Multi-PIE,"{""record1_meta"": {""version"": ""HR_128"", ""angle"": ""041"", ""lighting"": ""07"", ""expression"": ""02""}, ""record2_meta"": {""version"": ""HR_128"", ""angle"": ""041"", ""lighting"": ""03"", ""expression"": ""02""}}"
Multi-PIE_impostor_205,Face\Multi_Pie_HR_128\081_01_01_090_04_crop_128.png,Face\Multi_Pie_HR_128\031_01_01_090_05_crop_128.png,face,False,081,031,Multi-PIE,"{""record1_meta"": {""version"": ""HR_128"", ""angle"": ""090"", ""lighting"": ""04"", ""expression"": ""01""}, ""record2_meta"": {""version"": ""HR_128"", ""angle"": ""090"", ""lighting"": ""05"", ""expression"": ""01""}}"
Multi-PIE_impostor_206,Face\Multi_Pie_HR_128\080_01_02_051_00_crop_128.png,Face\Multi_Pie_HR_128\187_01_02_051_00_crop_128.png,face,False,080,187,Multi-PIE,"{""record1_meta"": {""version"": ""HR_128"", ""angle"": ""051"", ""lighting"": ""00"", ""expression"": ""02""}, ""record2_meta"": {""version"": ""HR_128"", ""angle"": ""051"", ""lighting"": ""00"", ""expression"": ""02""}}"
Multi-PIE_impostor_207,Face\Multi_Pie_HR_128\203_01_01_010_02_crop_128.png,Face\Multi_Pie_HR_128\097_01_01_010_14_crop_128.png,face,False,203,097,Multi-PIE,"{""record1_meta"": {""version"": ""HR_128"", ""angle"": ""010"", ""lighting"": ""02"", ""expression"": ""01""}, ""record2_meta"": {""version"": ""HR_128"", ""angle"": ""010"", ""lighting"": ""14"", ""expression"": ""01""}}"
Multi-PIE_impostor_208,Face\Multi_Pie_HR_128\231_01_02_120_13_crop_128.png,Face\Multi_Pie_HR_128\220_01_02_120_08_crop_128.png,face,False,231,220,Multi-PIE,"{""record1_meta"": {""version"": ""HR_128"", ""angle"": ""120"", ""lighting"": ""13"", ""expression"": ""02""}, ""record2_meta"": {""version"": ""HR_128"", ""angle"": ""120"", ""lighting"": ""08"", ""expression"": ""02""}}"
Multi-PIE_impostor_209,Face\Multi_Pie_HR_128\199_01_01_080_05_crop_128.png,Face\Multi_Pie_HR_128\195_01_01_080_05_crop_128.png,face,False,199,195,Multi-PIE,"{""record1_meta"": {""version"": ""HR_128"", ""angle"": ""080"", ""lighting"": ""05"", ""expression"": ""01""}, ""record2_meta"": {""version"": ""HR_128"", ""angle"": ""080"", ""lighting"": ""05"", ""expression"": ""01""}}"
Multi-PIE_impostor_210,Face\Multi_Pie_HR_128\048_01_02_051_04_crop_128.png,Face\Multi_Pie_HR_128\151_01_02_051_09_crop_128.png,face,False,048,151,Multi-PIE,"{""record1_meta"": {""version"": ""HR_128"", ""angle"": ""051"", ""lighting"": ""04"", ""expression"": ""02""}, ""record2_meta"": {""version"": ""HR_128"", ""angle"": ""051"", ""lighting"": ""09"", ""expression"": ""02""}}"
Multi-PIE_impostor_211,Face\Multi_Pie_HR_128\050_01_02_041_17_crop_128.png,Face\Multi_Pie_HR_128\184_01_02_041_17_crop_128.png,face,False,050,184,Multi-PIE,"{""record1_meta"": {""version"": ""HR_128"", ""angle"": ""041"", ""lighting"": ""17"", ""expression"": ""02""}, ""record2_meta"": {""version"": ""HR_128"", ""angle"": ""041"", ""lighting"": ""17"", ""expression"": ""02""}}"
Multi-PIE_impostor_212,Face\Multi_Pie_HR_128\195_01_02_200_12_crop_128.png,Face\Multi_Pie_HR_128\027_01_02_200_02_crop_128.png,face,False,195,027,Multi-PIE,"{""record1_meta"": {""version"": ""HR_128"", ""angle"": ""200"", ""lighting"": ""12"", ""expression"": ""02""}, ""record2_meta"": {""version"": ""HR_128"", ""angle"": ""200"", ""lighting"": ""02"", ""expression"": ""02""}}"
Multi-PIE_impostor_213,Face\Multi_Pie_HR_128\014_01_01_050_07_crop_128.png,Face\Multi_Pie_HR_128\086_01_01_050_15_crop_128.png,face,False,014,086,Multi-PIE,"{""record1_meta"": {""version"": ""HR_128"", ""angle"": ""050"", ""lighting"": ""07"", ""expression"": ""01""}, ""record2_meta"": {""version"": ""HR_128"", ""angle"": ""050"", ""lighting"": ""15"", ""expression"": ""01""}}"
Multi-PIE_impostor_214,Face\Multi_Pie_HR_128\032_01_01_140_00_crop_128.png,Face\Multi_Pie_HR_128\119_01_01_140_06_crop_128.png,face,False,032,119,Multi-PIE,"{""record1_meta"": {""version"": ""HR_128"", ""angle"": ""140"", ""lighting"": ""00"", ""expression"": ""01""}, ""record2_meta"": {""version"": ""HR_128"", ""angle"": ""140"", ""lighting"": ""06"", ""expression"": ""01""}}"
Multi-PIE_impostor_215,Face\Multi_Pie_HR_128\172_01_01_010_10_crop_128.png,Face\Multi_Pie_HR_128\184_01_01_010_07_crop_128.png,face,False,172,184,Multi-PIE,"{""record1_meta"": {""version"": ""HR_128"", ""angle"": ""010"", ""lighting"": ""10"", ""expression"": ""01""}, ""record2_meta"": {""version"": ""HR_128"", ""angle"": ""010"", ""lighting"": ""07"", ""expression"": ""01""}}"
Multi-PIE_impostor_216,Face\Multi_Pie_HR_128\010_01_01_010_11_crop_128.png,Face\Multi_Pie_HR_128\203_01_01_010_17_crop_128.png,face,False,010,203,Multi-PIE,"{""record1_meta"": {""version"": ""HR_128"", ""angle"": ""010"", ""lighting"": ""11"", ""expression"": ""01""}, ""record2_meta"": {""version"": ""HR_128"", ""angle"": ""010"", ""lighting"": ""17"", ""expression"": ""01""}}"
Multi-PIE_impostor_217,Face\Multi_Pie_HR_128\143_01_02_140_18_crop_128.png,Face\Multi_Pie_HR_128\127_01_02_140_01_crop_128.png,face,False,143,127,Multi-PIE,"{""record1_meta"": {""version"": ""HR_128"", ""angle"": ""140"", ""lighting"": ""18"", ""expression"": ""02""}, ""record2_meta"": {""version"": ""HR_128"", ""angle"": ""140"", ""lighting"": ""01"", ""expression"": ""02""}}"
Multi-PIE_impostor_218,Face\Multi_Pie_HR_128\054_01_01_140_11_crop_128.png,Face\Multi_Pie_HR_128\121_01_01_140_03_crop_128.png,face,False,054,121,Multi-PIE,"{""record1_meta"": {""version"": ""HR_128"", ""angle"": ""140"", ""lighting"": ""11"", ""expression"": ""01""}, ""record2_meta"": {""version"": ""HR_128"", ""angle"": ""140"", ""lighting"": ""03"", ""expression"": ""01""}}"
Multi-PIE_impostor_219,Face\Multi_Pie_HR_128\250_01_01_240_10_crop_128.png,Face\Multi_Pie_HR_128\203_01_01_240_06_crop_128.png,face,False,250,203,Multi-PIE,"{""record1_meta"": {""version"": ""HR_128"", ""angle"": ""240"", ""lighting"": ""10"", ""expression"": ""01""}, ""record2_meta"": {""version"": ""HR_128"", ""angle"": ""240"", ""lighting"": ""06"", ""expression"": ""01""}}"
Multi-PIE_impostor_220,Face\Multi_Pie_HR_128\125_01_01_130_17_crop_128.png,Face\Multi_Pie_HR_128\205_01_01_130_02_crop_128.png,face,False,125,205,Multi-PIE,"{""record1_meta"": {""version"": ""HR_128"", ""angle"": ""130"", ""lighting"": ""17"", ""expression"": ""01""}, ""record2_meta"": {""version"": ""HR_128"", ""angle"": ""130"", ""lighting"": ""02"", ""expression"": ""01""}}"
Multi-PIE_impostor_221,Face\Multi_Pie_HR_128\150_01_01_041_16_crop_128.png,Face\Multi_Pie_HR_128\233_01_01_041_01_crop_128.png,face,False,150,233,Multi-PIE,"{""record1_meta"": {""version"": ""HR_128"", ""angle"": ""041"", ""lighting"": ""16"", ""expression"": ""01""}, ""record2_meta"": {""version"": ""HR_128"", ""angle"": ""041"", ""lighting"": ""01"", ""expression"": ""01""}}"
Multi-PIE_impostor_222,Face\Multi_Pie_HR_128\175_01_02_080_06_crop_128.png,Face\Multi_Pie_HR_128\124_01_02_080_06_crop_128.png,face,False,175,124,Multi-PIE,"{""record1_meta"": {""version"": ""HR_128"", ""angle"": ""080"", ""lighting"": ""06"", ""expression"": ""02""}, ""record2_meta"": {""version"": ""HR_128"", ""angle"": ""080"", ""lighting"": ""06"", ""expression"": ""02""}}"
Multi-PIE_impostor_223,Face\Multi_Pie_HR_128\241_01_02_051_06_crop_128.png,Face\Multi_Pie_HR_128\093_01_02_051_12_crop_128.png,face,False,241,093,Multi-PIE,"{""record1_meta"": {""version"": ""HR_128"", ""angle"": ""051"", ""lighting"": ""06"", ""expression"": ""02""}, ""record2_meta"": {""version"": ""HR_128"", ""angle"": ""051"", ""lighting"": ""12"", ""expression"": ""02""}}"
Multi-PIE_impostor_224,Face\Multi_Pie_HR_128\033_01_02_110_01_crop_128.png,Face\Multi_Pie_HR_128\250_01_02_110_11_crop_128.png,face,False,033,250,Multi-PIE,"{""record1_meta"": {""version"": ""HR_128"", ""angle"": ""110"", ""lighting"": ""01"", ""expression"": ""02""}, ""record2_meta"": {""version"": ""HR_128"", ""angle"": ""110"", ""lighting"": ""11"", ""expression"": ""02""}}"
Multi-PIE_impostor_225,Face\Multi_Pie_HR_128\056_01_02_080_11_crop_128.png,Face\Multi_Pie_HR_128\063_01_02_080_05_crop_128.png,face,False,056,063,Multi-PIE,"{""record1_meta"": {""version"": ""HR_128"", ""angle"": ""080"", ""lighting"": ""11"", ""expression"": ""02""}, ""record2_meta"": {""version"": ""HR_128"", ""angle"": ""080"", ""lighting"": ""05"", ""expression"": ""02""}}"
Multi-PIE_impostor_226,Face\Multi_Pie_HR_128\178_01_01_051_19_crop_128.png,Face\Multi_Pie_HR_128\106_01_01_051_10_crop_128.png,face,False,178,106,Multi-PIE,"{""record1_meta"": {""version"": ""HR_128"", ""angle"": ""051"", ""lighting"": ""19"", ""expression"": ""01""}, ""record2_meta"": {""version"": ""HR_128"", ""angle"": ""051"", ""lighting"": ""10"", ""expression"": ""01""}}"
Multi-PIE_impostor_227,Face\Multi_Pie_HR_128\143_01_02_050_11_crop_128.png,Face\Multi_Pie_HR_128\020_01_02_050_11_crop_128.png,face,False,143,020,Multi-PIE,"{""record1_meta"": {""version"": ""HR_128"", ""angle"": ""050"", ""lighting"": ""11"", ""expression"": ""02""}, ""record2_meta"": {""version"": ""HR_128"", ""angle"": ""050"", ""lighting"": ""11"", ""expression"": ""02""}}"
Multi-PIE_impostor_228,Face\Multi_Pie_HR_128\161_01_01_120_10_crop_128.png,Face\Multi_Pie_HR_128\228_01_01_120_15_crop_128.png,face,False,161,228,Multi-PIE,"{""record1_meta"": {""version"": ""HR_128"", ""angle"": ""120"", ""lighting"": ""10"", ""expression"": ""01""}, ""record2_meta"": {""version"": ""HR_128"", ""angle"": ""120"", ""lighting"": ""15"", ""expression"": ""01""}}"
Multi-PIE_impostor_229,Face\Multi_Pie_HR_128\012_01_02_041_13_crop_128.png,Face\Multi_Pie_HR_128\246_01_02_041_04_crop_128.png,face,False,012,246,Multi-PIE,"{""record1_meta"": {""version"": ""HR_128"", ""angle"": ""041"", ""lighting"": ""13"", ""expression"": ""02""}, ""record2_meta"": {""version"": ""HR_128"", ""angle"": ""041"", ""lighting"": ""04"", ""expression"": ""02""}}"
Multi-PIE_impostor_230,Face\Multi_Pie_HR_128\073_01_01_051_18_crop_128.png,Face\Multi_Pie_HR_128\212_01_01_051_03_crop_128.png,face,False,073,212,Multi-PIE,"{""record1_meta"": {""version"": ""HR_128"", ""angle"": ""051"", ""lighting"": ""18"", ""expression"": ""01""}, ""record2_meta"": {""version"": ""HR_128"", ""angle"": ""051"", ""lighting"": ""03"", ""expression"": ""01""}}"
Multi-PIE_impostor_231,Face\Multi_Pie_HR_128\165_01_02_051_13_crop_128.png,Face\Multi_Pie_HR_128\188_01_02_051_15_crop_128.png,face,False,165,188,Multi-PIE,"{""record1_meta"": {""version"": ""HR_128"", ""angle"": ""051"", ""lighting"": ""13"", ""expression"": ""02""}, ""record2_meta"": {""version"": ""HR_128"", ""angle"": ""051"", ""lighting"": ""15"", ""expression"": ""02""}}"
Multi-PIE_impostor_232,Face\Multi_Pie_HR_128\004_01_02_080_03_crop_128.png,Face\Multi_Pie_HR_128\229_01_02_080_19_crop_128.png,face,False,004,229,Multi-PIE,"{""record1_meta"": {""version"": ""HR_128"", ""angle"": ""080"", ""lighting"": ""03"", ""expression"": ""02""}, ""record2_meta"": {""version"": ""HR_128"", ""angle"": ""080"", ""lighting"": ""19"", ""expression"": ""02""}}"
Multi-PIE_impostor_233,Face\Multi_Pie_HR_128\093_01_01_200_09_crop_128.png,Face\Multi_Pie_HR_128\205_01_01_200_05_crop_128.png,face,False,093,205,Multi-PIE,"{""record1_meta"": {""version"": ""HR_128"", ""angle"": ""200"", ""lighting"": ""09"", ""expression"": ""01""}, ""record2_meta"": {""version"": ""HR_128"", ""angle"": ""200"", ""lighting"": ""05"", ""expression"": ""01""}}"
Multi-PIE_impostor_234,Face\Multi_Pie_HR_128\118_01_02_041_07_crop_128.png,Face\Multi_Pie_HR_128\016_01_02_041_11_crop_128.png,face,False,118,016,Multi-PIE,"{""record1_meta"": {""version"": ""HR_128"", ""angle"": ""041"", ""lighting"": ""07"", ""expression"": ""02""}, ""record2_meta"": {""version"": ""HR_128"", ""angle"": ""041"", ""lighting"": ""11"", ""expression"": ""02""}}"
Multi-PIE_impostor_235,Face\Multi_Pie_HR_128\043_01_02_200_17_crop_128.png,Face\Multi_Pie_HR_128\050_01_02_200_09_crop_128.png,face,False,043,050,Multi-PIE,"{""record1_meta"": {""version"": ""HR_128"", ""angle"": ""200"", ""lighting"": ""17"", ""expression"": ""02""}, ""record2_meta"": {""version"": ""HR_128"", ""angle"": ""200"", ""lighting"": ""09"", ""expression"": ""02""}}"
Multi-PIE_impostor_236,Face\Multi_Pie_HR_128\005_01_01_200_03_crop_128.png,Face\Multi_Pie_HR_128\126_01_01_200_19_crop_128.png,face,False,005,126,Multi-PIE,"{""record1_meta"": {""version"": ""HR_128"", ""angle"": ""200"", ""lighting"": ""03"", ""expression"": ""01""}, ""record2_meta"": {""version"": ""HR_128"", ""angle"": ""200"", ""lighting"": ""19"", ""expression"": ""01""}}"
Multi-PIE_impostor_237,Face\Multi_Pie_HR_128\131_01_01_080_09_crop_128.png,Face\Multi_Pie_HR_128\007_01_01_080_00_crop_128.png,face,False,131,007,Multi-PIE,"{""record1_meta"": {""version"": ""HR_128"", ""angle"": ""080"", ""lighting"": ""09"", ""expression"": ""01""}, ""record2_meta"": {""version"": ""HR_128"", ""angle"": ""080"", ""lighting"": ""00"", ""expression"": ""01""}}"
Multi-PIE_impostor_238,Face\Multi_Pie_HR_128\196_01_01_130_07_crop_128.png,Face\Multi_Pie_HR_128\214_01_01_130_17_crop_128.png,face,False,196,214,Multi-PIE,"{""record1_meta"": {""version"": ""HR_128"", ""angle"": ""130"", ""lighting"": ""07"", ""expression"": ""01""}, ""record2_meta"": {""version"": ""HR_128"", ""angle"": ""130"", ""lighting"": ""17"", ""expression"": ""01""}}"
Multi-PIE_impostor_239,Face\Multi_Pie_HR_128\164_01_01_200_06_crop_128.png,Face\Multi_Pie_HR_128\122_01_01_200_11_crop_128.png,face,False,164,122,Multi-PIE,"{""record1_meta"": {""version"": ""HR_128"", ""angle"": ""200"", ""lighting"": ""06"", ""expression"": ""01""}, ""record2_meta"": {""version"": ""HR_128"", ""angle"": ""200"", ""lighting"": ""11"", ""expression"": ""01""}}"
Multi-PIE_impostor_240,Face\Multi_Pie_HR_128\046_01_01_090_06_crop_128.png,Face\Multi_Pie_HR_128\100_01_01_090_17_crop_128.png,face,False,046,100,Multi-PIE,"{""record1_meta"": {""version"": ""HR_128"", ""angle"": ""090"", ""lighting"": ""06"", ""expression"": ""01""}, ""record2_meta"": {""version"": ""HR_128"", ""angle"": ""090"", ""lighting"": ""17"", ""expression"": ""01""}}"
Multi-PIE_impostor_241,Face\Multi_Pie_HR_128\125_01_01_051_02_crop_128.png,Face\Multi_Pie_HR_128\072_01_01_051_06_crop_128.png,face,False,125,072,Multi-PIE,"{""record1_meta"": {""version"": ""HR_128"", ""angle"": ""051"", ""lighting"": ""02"", ""expression"": ""01""}, ""record2_meta"": {""version"": ""HR_128"", ""angle"": ""051"", ""lighting"": ""06"", ""expression"": ""01""}}"
Multi-PIE_impostor_242,Face\Multi_Pie_HR_128\153_01_01_240_11_crop_128.png,Face\Multi_Pie_HR_128\011_01_01_240_00_crop_128.png,face,False,153,011,Multi-PIE,"{""record1_meta"": {""version"": ""HR_128"", ""angle"": ""240"", ""lighting"": ""11"", ""expression"": ""01""}, ""record2_meta"": {""version"": ""HR_128"", ""angle"": ""240"", ""lighting"": ""00"", ""expression"": ""01""}}"
Multi-PIE_impostor_243,Face\Multi_Pie_HR_128\098_01_01_140_08_crop_128.png,Face\Multi_Pie_HR_128\003_01_01_140_15_crop_128.png,face,False,098,003,Multi-PIE,"{""record1_meta"": {""version"": ""HR_128"", ""angle"": ""140"", ""lighting"": ""08"", ""expression"": ""01""}, ""record2_meta"": {""version"": ""HR_128"", ""angle"": ""140"", ""lighting"": ""15"", ""expression"": ""01""}}"
Multi-PIE_impostor_244,Face\Multi_Pie_HR_128\027_01_01_090_04_crop_128.png,Face\Multi_Pie_HR_128\145_01_01_090_07_crop_128.png,face,False,027,145,Multi-PIE,"{""record1_meta"": {""version"": ""HR_128"", ""angle"": ""090"", ""lighting"": ""04"", ""expression"": ""01""}, ""record2_meta"": {""version"": ""HR_128"", ""angle"": ""090"", ""lighting"": ""07"", ""expression"": ""01""}}"
Multi-PIE_impostor_245,Face\Multi_Pie_HR_128\229_01_02_130_01_crop_128.png,Face\Multi_Pie_HR_128\012_01_02_130_13_crop_128.png,face,False,229,012,Multi-PIE,"{""record1_meta"": {""version"": ""HR_128"", ""angle"": ""130"", ""lighting"": ""01"", ""expression"": ""02""}, ""record2_meta"": {""version"": ""HR_128"", ""angle"": ""130"", ""lighting"": ""13"", ""expression"": ""02""}}"
Multi-PIE_impostor_246,Face\Multi_Pie_HR_128\221_01_01_041_07_crop_128.png,Face\Multi_Pie_HR_128\057_01_01_041_06_crop_128.png,face,False,221,057,Multi-PIE,"{""record1_meta"": {""version"": ""HR_128"", ""angle"": ""041"", ""lighting"": ""07"", ""expression"": ""01""}, ""record2_meta"": {""version"": ""HR_128"", ""angle"": ""041"", ""lighting"": ""06"", ""expression"": ""01""}}"
Multi-PIE_impostor_247,Face\Multi_Pie_HR_128\004_01_02_140_11_crop_128.png,Face\Multi_Pie_HR_128\118_01_02_140_10_crop_128.png,face,False,004,118,Multi-PIE,"{""record1_meta"": {""version"": ""HR_128"", ""angle"": ""140"", ""lighting"": ""11"", ""expression"": ""02""}, ""record2_meta"": {""version"": ""HR_128"", ""angle"": ""140"", ""lighting"": ""10"", ""expression"": ""02""}}"
Multi-PIE_impostor_248,Face\Multi_Pie_HR_128\032_01_01_051_16_crop_128.png,Face\Multi_Pie_HR_128\126_01_01_051_07_crop_128.png,face,False,032,126,Multi-PIE,"{""record1_meta"": {""version"": ""HR_128"", ""angle"": ""051"", ""lighting"": ""16"", ""expression"": ""01""}, ""record2_meta"": {""version"": ""HR_128"", ""angle"": ""051"", ""lighting"": ""07"", ""expression"": ""01""}}"
Multi-PIE_impostor_249,Face\Multi_Pie_HR_128\153_01_01_051_09_crop_128.png,Face\Multi_Pie_HR_128\025_01_01_051_18_crop_128.png,face,False,153,025,Multi-PIE,"{""record1_meta"": {""version"": ""HR_128"", ""angle"": ""051"", ""lighting"": ""09"", ""expression"": ""01""}, ""record2_meta"": {""version"": ""HR_128"", ""angle"": ""051"", ""lighting"": ""18"", ""expression"": ""01""}}"
