pair_id,image1_path,image2_path,modality,ground_truth,identity1,identity2,dataset_name,metadata
CASIA-Iris-Thousand_genuine_0,Iris\001-CASIA-Iris-Thousand\931\L\S5931L02.jpg,Iris\001-CASIA-Iris-Thousand\931\L\S5931L06.jpg,iris,True,931,931,CASIA-Iris-Thousand,"{""record1_meta"": {}, ""record2_meta"": {}}"
CASIA-Iris-Thousand_genuine_1,Iris\001-CASIA-Iris-Thousand\162\L\S5162L01.jpg,Iris\001-CASIA-Iris-Thousand\162\L\S5162L05.jpg,iris,True,162,162,CASIA-Iris-Thousand,"{""record1_meta"": {}, ""record2_meta"": {}}"
CASIA-Iris-Thousand_genuine_2,Iris\001-CASIA-Iris-Thousand\036\L\S5036L05.jpg,Iris\001-CASIA-Iris-Thousand\036\L\S5036L09.jpg,iris,True,036,036,CASIA-Iris-Thousand,"{""record1_meta"": {}, ""record2_meta"": {}}"
CASIA-Iris-Thousand_genuine_3,Iris\001-CASIA-Iris-Thousand\400\R\S5400R00.jpg,Iris\001-CASIA-Iris-Thousand\400\R\S5400R04.jpg,iris,True,400,400,CASIA-Iris-Thousand,"{""record1_meta"": {}, ""record2_meta"": {}}"
CASIA-Iris-Thousand_genuine_4,Iris\001-CASIA-Iris-Thousand\356\R\S5356R01.jpg,Iris\001-CASIA-Iris-Thousand\356\R\S5356R06.jpg,iris,True,356,356,CASIA-Iris-Thousand,"{""record1_meta"": {}, ""record2_meta"": {}}"
CASIA-Iris-Thousand_genuine_5,Iris\001-CASIA-Iris-Thousand\325\L\S5325L00.jpg,Iris\001-CASIA-Iris-Thousand\325\L\S5325L07.jpg,iris,True,325,325,CASIA-Iris-Thousand,"{""record1_meta"": {}, ""record2_meta"": {}}"
CASIA-Iris-Thousand_genuine_6,Iris\001-CASIA-Iris-Thousand\203\L\S5203L02.jpg,Iris\001-CASIA-Iris-Thousand\203\L\S5203L05.jpg,iris,True,203,203,CASIA-Iris-Thousand,"{""record1_meta"": {}, ""record2_meta"": {}}"
CASIA-Iris-Thousand_genuine_7,Iris\001-CASIA-Iris-Thousand\149\L\S5149L03.jpg,Iris\001-CASIA-Iris-Thousand\149\L\S5149L04.jpg,iris,True,149,149,CASIA-Iris-Thousand,"{""record1_meta"": {}, ""record2_meta"": {}}"
CASIA-Iris-Thousand_genuine_8,Iris\001-CASIA-Iris-Thousand\985\R\S5985R00.jpg,Iris\001-CASIA-Iris-Thousand\985\R\S5985R02.jpg,iris,True,985,985,CASIA-Iris-Thousand,"{""record1_meta"": {}, ""record2_meta"": {}}"
CASIA-Iris-Thousand_genuine_9,Iris\001-CASIA-Iris-Thousand\794\L\S5794L02.jpg,Iris\001-CASIA-Iris-Thousand\794\L\S5794L08.jpg,iris,True,794,794,CASIA-Iris-Thousand,"{""record1_meta"": {}, ""record2_meta"": {}}"
CASIA-Iris-Thousand_genuine_10,Iris\001-CASIA-Iris-Thousand\126\R\S5126R01.jpg,Iris\001-CASIA-Iris-Thousand\126\R\S5126R03.jpg,iris,True,126,126,CASIA-Iris-Thousand,"{""record1_meta"": {}, ""record2_meta"": {}}"
CASIA-Iris-Thousand_genuine_11,Iris\001-CASIA-Iris-Thousand\859\R\S5859R07.jpg,Iris\001-CASIA-Iris-Thousand\859\R\S5859R08.jpg,iris,True,859,859,CASIA-Iris-Thousand,"{""record1_meta"": {}, ""record2_meta"": {}}"
CASIA-Iris-Thousand_genuine_12,Iris\001-CASIA-Iris-Thousand\614\L\S5614L07.jpg,Iris\001-CASIA-Iris-Thousand\614\L\S5614L08.jpg,iris,True,614,614,CASIA-Iris-Thousand,"{""record1_meta"": {}, ""record2_meta"": {}}"
CASIA-Iris-Thousand_genuine_13,Iris\001-CASIA-Iris-Thousand\046\L\S5046L03.jpg,Iris\001-CASIA-Iris-Thousand\046\L\S5046L05.jpg,iris,True,046,046,CASIA-Iris-Thousand,"{""record1_meta"": {}, ""record2_meta"": {}}"
CASIA-Iris-Thousand_genuine_14,Iris\001-CASIA-Iris-Thousand\043\L\S5043L05.jpg,Iris\001-CASIA-Iris-Thousand\043\L\S5043L06.jpg,iris,True,043,043,CASIA-Iris-Thousand,"{""record1_meta"": {}, ""record2_meta"": {}}"
CASIA-Iris-Thousand_genuine_15,Iris\001-CASIA-Iris-Thousand\136\L\S5136L06.jpg,Iris\001-CASIA-Iris-Thousand\136\L\S5136L08.jpg,iris,True,136,136,CASIA-Iris-Thousand,"{""record1_meta"": {}, ""record2_meta"": {}}"
CASIA-Iris-Thousand_genuine_16,Iris\001-CASIA-Iris-Thousand\318\L\S5318L05.jpg,Iris\001-CASIA-Iris-Thousand\318\L\S5318L08.jpg,iris,True,318,318,CASIA-Iris-Thousand,"{""record1_meta"": {}, ""record2_meta"": {}}"
CASIA-Iris-Thousand_genuine_17,Iris\001-CASIA-Iris-Thousand\338\R\S5338R04.jpg,Iris\001-CASIA-Iris-Thousand\338\R\S5338R05.jpg,iris,True,338,338,CASIA-Iris-Thousand,"{""record1_meta"": {}, ""record2_meta"": {}}"
CASIA-Iris-Thousand_genuine_18,Iris\001-CASIA-Iris-Thousand\735\R\S5735R07.jpg,Iris\001-CASIA-Iris-Thousand\735\R\S5735R08.jpg,iris,True,735,735,CASIA-Iris-Thousand,"{""record1_meta"": {}, ""record2_meta"": {}}"
CASIA-Iris-Thousand_genuine_19,Iris\001-CASIA-Iris-Thousand\876\R\S5876R02.jpg,Iris\001-CASIA-Iris-Thousand\876\R\S5876R08.jpg,iris,True,876,876,CASIA-Iris-Thousand,"{""record1_meta"": {}, ""record2_meta"": {}}"
CASIA-Iris-Thousand_genuine_20,Iris\001-CASIA-Iris-Thousand\038\R\S5038R01.jpg,Iris\001-CASIA-Iris-Thousand\038\R\S5038R06.jpg,iris,True,038,038,CASIA-Iris-Thousand,"{""record1_meta"": {}, ""record2_meta"": {}}"
CASIA-Iris-Thousand_genuine_21,Iris\001-CASIA-Iris-Thousand\817\L\S5817L04.jpg,Iris\001-CASIA-Iris-Thousand\817\L\S5817L08.jpg,iris,True,817,817,CASIA-Iris-Thousand,"{""record1_meta"": {}, ""record2_meta"": {}}"
CASIA-Iris-Thousand_genuine_22,Iris\001-CASIA-Iris-Thousand\289\R\S5289R00.jpg,Iris\001-CASIA-Iris-Thousand\289\R\S5289R08.jpg,iris,True,289,289,CASIA-Iris-Thousand,"{""record1_meta"": {}, ""record2_meta"": {}}"
CASIA-Iris-Thousand_genuine_23,Iris\001-CASIA-Iris-Thousand\946\L\S5946L06.jpg,Iris\001-CASIA-Iris-Thousand\946\L\S5946L09.jpg,iris,True,946,946,CASIA-Iris-Thousand,"{""record1_meta"": {}, ""record2_meta"": {}}"
CASIA-Iris-Thousand_genuine_24,Iris\001-CASIA-Iris-Thousand\793\R\S5793R01.jpg,Iris\001-CASIA-Iris-Thousand\793\R\S5793R04.jpg,iris,True,793,793,CASIA-Iris-Thousand,"{""record1_meta"": {}, ""record2_meta"": {}}"
CASIA-Iris-Thousand_genuine_25,Iris\001-CASIA-Iris-Thousand\610\R\S5610R07.jpg,Iris\001-CASIA-Iris-Thousand\610\R\S5610R08.jpg,iris,True,610,610,CASIA-Iris-Thousand,"{""record1_meta"": {}, ""record2_meta"": {}}"
CASIA-Iris-Thousand_genuine_26,Iris\001-CASIA-Iris-Thousand\321\L\S5321L00.jpg,Iris\001-CASIA-Iris-Thousand\321\L\S5321L04.jpg,iris,True,321,321,CASIA-Iris-Thousand,"{""record1_meta"": {}, ""record2_meta"": {}}"
CASIA-Iris-Thousand_genuine_27,Iris\001-CASIA-Iris-Thousand\654\L\S5654L02.jpg,Iris\001-CASIA-Iris-Thousand\654\L\S5654L04.jpg,iris,True,654,654,CASIA-Iris-Thousand,"{""record1_meta"": {}, ""record2_meta"": {}}"
CASIA-Iris-Thousand_genuine_28,Iris\001-CASIA-Iris-Thousand\858\L\S5858L01.jpg,Iris\001-CASIA-Iris-Thousand\858\L\S5858L09.jpg,iris,True,858,858,CASIA-Iris-Thousand,"{""record1_meta"": {}, ""record2_meta"": {}}"
CASIA-Iris-Thousand_genuine_29,Iris\001-CASIA-Iris-Thousand\405\L\S5405L01.jpg,Iris\001-CASIA-Iris-Thousand\405\L\S5405L06.jpg,iris,True,405,405,CASIA-Iris-Thousand,"{""record1_meta"": {}, ""record2_meta"": {}}"
CASIA-Iris-Thousand_genuine_30,Iris\001-CASIA-Iris-Thousand\009\L\S5009L06.jpg,Iris\001-CASIA-Iris-Thousand\009\L\S5009L09.jpg,iris,True,009,009,CASIA-Iris-Thousand,"{""record1_meta"": {}, ""record2_meta"": {}}"
CASIA-Iris-Thousand_genuine_31,Iris\001-CASIA-Iris-Thousand\232\R\S5232R00.jpg,Iris\001-CASIA-Iris-Thousand\232\R\S5232R02.jpg,iris,True,232,232,CASIA-Iris-Thousand,"{""record1_meta"": {}, ""record2_meta"": {}}"
CASIA-Iris-Thousand_genuine_32,Iris\001-CASIA-Iris-Thousand\615\L\S5615L07.jpg,Iris\001-CASIA-Iris-Thousand\615\L\S5615L08.jpg,iris,True,615,615,CASIA-Iris-Thousand,"{""record1_meta"": {}, ""record2_meta"": {}}"
CASIA-Iris-Thousand_genuine_33,Iris\001-CASIA-Iris-Thousand\495\R\S5495R00.jpg,Iris\001-CASIA-Iris-Thousand\495\R\S5495R03.jpg,iris,True,495,495,CASIA-Iris-Thousand,"{""record1_meta"": {}, ""record2_meta"": {}}"
CASIA-Iris-Thousand_genuine_34,Iris\001-CASIA-Iris-Thousand\404\R\S5404R01.jpg,Iris\001-CASIA-Iris-Thousand\404\R\S5404R09.jpg,iris,True,404,404,CASIA-Iris-Thousand,"{""record1_meta"": {}, ""record2_meta"": {}}"
CASIA-Iris-Thousand_genuine_35,Iris\001-CASIA-Iris-Thousand\226\L\S5226L06.jpg,Iris\001-CASIA-Iris-Thousand\226\L\S5226L07.jpg,iris,True,226,226,CASIA-Iris-Thousand,"{""record1_meta"": {}, ""record2_meta"": {}}"
CASIA-Iris-Thousand_genuine_36,Iris\001-CASIA-Iris-Thousand\313\R\S5313R00.jpg,Iris\001-CASIA-Iris-Thousand\313\R\S5313R07.jpg,iris,True,313,313,CASIA-Iris-Thousand,"{""record1_meta"": {}, ""record2_meta"": {}}"
CASIA-Iris-Thousand_genuine_37,Iris\001-CASIA-Iris-Thousand\490\L\S5490L02.jpg,Iris\001-CASIA-Iris-Thousand\490\L\S5490L04.jpg,iris,True,490,490,CASIA-Iris-Thousand,"{""record1_meta"": {}, ""record2_meta"": {}}"
CASIA-Iris-Thousand_genuine_38,Iris\001-CASIA-Iris-Thousand\148\R\S5148R04.jpg,Iris\001-CASIA-Iris-Thousand\148\R\S5148R06.jpg,iris,True,148,148,CASIA-Iris-Thousand,"{""record1_meta"": {}, ""record2_meta"": {}}"
CASIA-Iris-Thousand_genuine_39,Iris\001-CASIA-Iris-Thousand\135\L\S5135L00.jpg,Iris\001-CASIA-Iris-Thousand\135\L\S5135L07.jpg,iris,True,135,135,CASIA-Iris-Thousand,"{""record1_meta"": {}, ""record2_meta"": {}}"
CASIA-Iris-Thousand_genuine_40,Iris\001-CASIA-Iris-Thousand\553\L\S5553L03.jpg,Iris\001-CASIA-Iris-Thousand\553\L\S5553L07.jpg,iris,True,553,553,CASIA-Iris-Thousand,"{""record1_meta"": {}, ""record2_meta"": {}}"
CASIA-Iris-Thousand_genuine_41,Iris\001-CASIA-Iris-Thousand\140\R\S5140R04.jpg,Iris\001-CASIA-Iris-Thousand\140\R\S5140R06.jpg,iris,True,140,140,CASIA-Iris-Thousand,"{""record1_meta"": {}, ""record2_meta"": {}}"
CASIA-Iris-Thousand_genuine_42,Iris\001-CASIA-Iris-Thousand\522\R\S5522R03.jpg,Iris\001-CASIA-Iris-Thousand\522\R\S5522R07.jpg,iris,True,522,522,CASIA-Iris-Thousand,"{""record1_meta"": {}, ""record2_meta"": {}}"
CASIA-Iris-Thousand_genuine_43,Iris\001-CASIA-Iris-Thousand\500\R\S5500R05.jpg,Iris\001-CASIA-Iris-Thousand\500\R\S5500R08.jpg,iris,True,500,500,CASIA-Iris-Thousand,"{""record1_meta"": {}, ""record2_meta"": {}}"
CASIA-Iris-Thousand_genuine_44,Iris\001-CASIA-Iris-Thousand\879\L\S5879L02.jpg,Iris\001-CASIA-Iris-Thousand\879\L\S5879L07.jpg,iris,True,879,879,CASIA-Iris-Thousand,"{""record1_meta"": {}, ""record2_meta"": {}}"
CASIA-Iris-Thousand_genuine_45,Iris\001-CASIA-Iris-Thousand\385\L\S5385L02.jpg,Iris\001-CASIA-Iris-Thousand\385\L\S5385L07.jpg,iris,True,385,385,CASIA-Iris-Thousand,"{""record1_meta"": {}, ""record2_meta"": {}}"
CASIA-Iris-Thousand_genuine_46,Iris\001-CASIA-Iris-Thousand\063\L\S5063L03.jpg,Iris\001-CASIA-Iris-Thousand\063\L\S5063L05.jpg,iris,True,063,063,CASIA-Iris-Thousand,"{""record1_meta"": {}, ""record2_meta"": {}}"
CASIA-Iris-Thousand_genuine_47,Iris\001-CASIA-Iris-Thousand\669\L\S5669L00.jpg,Iris\001-CASIA-Iris-Thousand\669\L\S5669L08.jpg,iris,True,669,669,CASIA-Iris-Thousand,"{""record1_meta"": {}, ""record2_meta"": {}}"
CASIA-Iris-Thousand_genuine_48,Iris\001-CASIA-Iris-Thousand\780\R\S5780R06.jpg,Iris\001-CASIA-Iris-Thousand\780\R\S5780R07.jpg,iris,True,780,780,CASIA-Iris-Thousand,"{""record1_meta"": {}, ""record2_meta"": {}}"
CASIA-Iris-Thousand_genuine_49,Iris\001-CASIA-Iris-Thousand\181\R\S5181R03.jpg,Iris\001-CASIA-Iris-Thousand\181\R\S5181R06.jpg,iris,True,181,181,CASIA-Iris-Thousand,"{""record1_meta"": {}, ""record2_meta"": {}}"
CASIA-Iris-Thousand_genuine_50,Iris\001-CASIA-Iris-Thousand\551\L\S5551L03.jpg,Iris\001-CASIA-Iris-Thousand\551\L\S5551L05.jpg,iris,True,551,551,CASIA-Iris-Thousand,"{""record1_meta"": {}, ""record2_meta"": {}}"
CASIA-Iris-Thousand_genuine_51,Iris\001-CASIA-Iris-Thousand\114\R\S5114R02.jpg,Iris\001-CASIA-Iris-Thousand\114\R\S5114R09.jpg,iris,True,114,114,CASIA-Iris-Thousand,"{""record1_meta"": {}, ""record2_meta"": {}}"
CASIA-Iris-Thousand_genuine_52,Iris\001-CASIA-Iris-Thousand\803\R\S5803R07.jpg,Iris\001-CASIA-Iris-Thousand\803\R\S5803R08.jpg,iris,True,803,803,CASIA-Iris-Thousand,"{""record1_meta"": {}, ""record2_meta"": {}}"
CASIA-Iris-Thousand_genuine_53,Iris\001-CASIA-Iris-Thousand\426\R\S5426R07.jpg,Iris\001-CASIA-Iris-Thousand\426\R\S5426R08.jpg,iris,True,426,426,CASIA-Iris-Thousand,"{""record1_meta"": {}, ""record2_meta"": {}}"
CASIA-Iris-Thousand_genuine_54,Iris\001-CASIA-Iris-Thousand\915\R\S5915R00.jpg,Iris\001-CASIA-Iris-Thousand\915\R\S5915R03.jpg,iris,True,915,915,CASIA-Iris-Thousand,"{""record1_meta"": {}, ""record2_meta"": {}}"
CASIA-Iris-Thousand_genuine_55,Iris\001-CASIA-Iris-Thousand\900\R\S5900R03.jpg,Iris\001-CASIA-Iris-Thousand\900\R\S5900R05.jpg,iris,True,900,900,CASIA-Iris-Thousand,"{""record1_meta"": {}, ""record2_meta"": {}}"
CASIA-Iris-Thousand_genuine_56,Iris\001-CASIA-Iris-Thousand\526\R\S5526R01.jpg,Iris\001-CASIA-Iris-Thousand\526\R\S5526R08.jpg,iris,True,526,526,CASIA-Iris-Thousand,"{""record1_meta"": {}, ""record2_meta"": {}}"
CASIA-Iris-Thousand_genuine_57,Iris\001-CASIA-Iris-Thousand\840\R\S5840R03.jpg,Iris\001-CASIA-Iris-Thousand\840\R\S5840R09.jpg,iris,True,840,840,CASIA-Iris-Thousand,"{""record1_meta"": {}, ""record2_meta"": {}}"
CASIA-Iris-Thousand_genuine_58,Iris\001-CASIA-Iris-Thousand\280\L\S5280L00.jpg,Iris\001-CASIA-Iris-Thousand\280\L\S5280L04.jpg,iris,True,280,280,CASIA-Iris-Thousand,"{""record1_meta"": {}, ""record2_meta"": {}}"
CASIA-Iris-Thousand_genuine_59,Iris\001-CASIA-Iris-Thousand\101\L\S5101L03.jpg,Iris\001-CASIA-Iris-Thousand\101\L\S5101L06.jpg,iris,True,101,101,CASIA-Iris-Thousand,"{""record1_meta"": {}, ""record2_meta"": {}}"
CASIA-Iris-Thousand_genuine_60,Iris\001-CASIA-Iris-Thousand\066\R\S5066R02.jpg,Iris\001-CASIA-Iris-Thousand\066\R\S5066R07.jpg,iris,True,066,066,CASIA-Iris-Thousand,"{""record1_meta"": {}, ""record2_meta"": {}}"
CASIA-Iris-Thousand_genuine_61,Iris\001-CASIA-Iris-Thousand\963\L\S5963L00.jpg,Iris\001-CASIA-Iris-Thousand\963\L\S5963L04.jpg,iris,True,963,963,CASIA-Iris-Thousand,"{""record1_meta"": {}, ""record2_meta"": {}}"
CASIA-Iris-Thousand_genuine_62,Iris\001-CASIA-Iris-Thousand\331\R\S5331R05.jpg,Iris\001-CASIA-Iris-Thousand\331\R\S5331R07.jpg,iris,True,331,331,CASIA-Iris-Thousand,"{""record1_meta"": {}, ""record2_meta"": {}}"
CASIA-Iris-Thousand_genuine_63,Iris\001-CASIA-Iris-Thousand\421\L\S5421L06.jpg,Iris\001-CASIA-Iris-Thousand\421\L\S5421L08.jpg,iris,True,421,421,CASIA-Iris-Thousand,"{""record1_meta"": {}, ""record2_meta"": {}}"
CASIA-Iris-Thousand_genuine_64,Iris\001-CASIA-Iris-Thousand\116\L\S5116L02.jpg,Iris\001-CASIA-Iris-Thousand\116\L\S5116L04.jpg,iris,True,116,116,CASIA-Iris-Thousand,"{""record1_meta"": {}, ""record2_meta"": {}}"
CASIA-Iris-Thousand_genuine_65,Iris\001-CASIA-Iris-Thousand\339\L\S5339L00.jpg,Iris\001-CASIA-Iris-Thousand\339\L\S5339L03.jpg,iris,True,339,339,CASIA-Iris-Thousand,"{""record1_meta"": {}, ""record2_meta"": {}}"
CASIA-Iris-Thousand_genuine_66,Iris\001-CASIA-Iris-Thousand\147\L\S5147L00.jpg,Iris\001-CASIA-Iris-Thousand\147\L\S5147L09.jpg,iris,True,147,147,CASIA-Iris-Thousand,"{""record1_meta"": {}, ""record2_meta"": {}}"
CASIA-Iris-Thousand_genuine_67,Iris\001-CASIA-Iris-Thousand\553\R\S5553R00.jpg,Iris\001-CASIA-Iris-Thousand\553\R\S5553R09.jpg,iris,True,553,553,CASIA-Iris-Thousand,"{""record1_meta"": {}, ""record2_meta"": {}}"
CASIA-Iris-Thousand_genuine_68,Iris\001-CASIA-Iris-Thousand\404\R\S5404R03.jpg,Iris\001-CASIA-Iris-Thousand\404\R\S5404R09.jpg,iris,True,404,404,CASIA-Iris-Thousand,"{""record1_meta"": {}, ""record2_meta"": {}}"
CASIA-Iris-Thousand_genuine_69,Iris\001-CASIA-Iris-Thousand\660\L\S5660L03.jpg,Iris\001-CASIA-Iris-Thousand\660\L\S5660L09.jpg,iris,True,660,660,CASIA-Iris-Thousand,"{""record1_meta"": {}, ""record2_meta"": {}}"
CASIA-Iris-Thousand_genuine_70,Iris\001-CASIA-Iris-Thousand\925\R\S5925R03.jpg,Iris\001-CASIA-Iris-Thousand\925\R\S5925R05.jpg,iris,True,925,925,CASIA-Iris-Thousand,"{""record1_meta"": {}, ""record2_meta"": {}}"
CASIA-Iris-Thousand_genuine_71,Iris\001-CASIA-Iris-Thousand\531\L\S5531L03.jpg,Iris\001-CASIA-Iris-Thousand\531\L\S5531L09.jpg,iris,True,531,531,CASIA-Iris-Thousand,"{""record1_meta"": {}, ""record2_meta"": {}}"
CASIA-Iris-Thousand_genuine_72,Iris\001-CASIA-Iris-Thousand\236\R\S5236R04.jpg,Iris\001-CASIA-Iris-Thousand\236\R\S5236R09.jpg,iris,True,236,236,CASIA-Iris-Thousand,"{""record1_meta"": {}, ""record2_meta"": {}}"
CASIA-Iris-Thousand_genuine_73,Iris\001-CASIA-Iris-Thousand\539\L\S5539L01.jpg,Iris\001-CASIA-Iris-Thousand\539\L\S5539L03.jpg,iris,True,539,539,CASIA-Iris-Thousand,"{""record1_meta"": {}, ""record2_meta"": {}}"
CASIA-Iris-Thousand_genuine_74,Iris\001-CASIA-Iris-Thousand\517\L\S5517L05.jpg,Iris\001-CASIA-Iris-Thousand\517\L\S5517L07.jpg,iris,True,517,517,CASIA-Iris-Thousand,"{""record1_meta"": {}, ""record2_meta"": {}}"
CASIA-Iris-Thousand_genuine_75,Iris\001-CASIA-Iris-Thousand\305\L\S5305L01.jpg,Iris\001-CASIA-Iris-Thousand\305\L\S5305L03.jpg,iris,True,305,305,CASIA-Iris-Thousand,"{""record1_meta"": {}, ""record2_meta"": {}}"
CASIA-Iris-Thousand_genuine_76,Iris\001-CASIA-Iris-Thousand\976\L\S5976L00.jpg,Iris\001-CASIA-Iris-Thousand\976\L\S5976L02.jpg,iris,True,976,976,CASIA-Iris-Thousand,"{""record1_meta"": {}, ""record2_meta"": {}}"
CASIA-Iris-Thousand_genuine_77,Iris\001-CASIA-Iris-Thousand\388\R\S5388R03.jpg,Iris\001-CASIA-Iris-Thousand\388\R\S5388R08.jpg,iris,True,388,388,CASIA-Iris-Thousand,"{""record1_meta"": {}, ""record2_meta"": {}}"
CASIA-Iris-Thousand_genuine_78,Iris\001-CASIA-Iris-Thousand\995\L\S5995L07.jpg,Iris\001-CASIA-Iris-Thousand\995\L\S5995L09.jpg,iris,True,995,995,CASIA-Iris-Thousand,"{""record1_meta"": {}, ""record2_meta"": {}}"
CASIA-Iris-Thousand_genuine_79,Iris\001-CASIA-Iris-Thousand\943\R\S5943R03.jpg,Iris\001-CASIA-Iris-Thousand\943\R\S5943R04.jpg,iris,True,943,943,CASIA-Iris-Thousand,"{""record1_meta"": {}, ""record2_meta"": {}}"
CASIA-Iris-Thousand_genuine_80,Iris\001-CASIA-Iris-Thousand\103\R\S5103R07.jpg,Iris\001-CASIA-Iris-Thousand\103\R\S5103R09.jpg,iris,True,103,103,CASIA-Iris-Thousand,"{""record1_meta"": {}, ""record2_meta"": {}}"
CASIA-Iris-Thousand_genuine_81,Iris\001-CASIA-Iris-Thousand\887\L\S5887L01.jpg,Iris\001-CASIA-Iris-Thousand\887\L\S5887L03.jpg,iris,True,887,887,CASIA-Iris-Thousand,"{""record1_meta"": {}, ""record2_meta"": {}}"
CASIA-Iris-Thousand_genuine_82,Iris\001-CASIA-Iris-Thousand\924\R\S5924R02.jpg,Iris\001-CASIA-Iris-Thousand\924\R\S5924R08.jpg,iris,True,924,924,CASIA-Iris-Thousand,"{""record1_meta"": {}, ""record2_meta"": {}}"
CASIA-Iris-Thousand_genuine_83,Iris\001-CASIA-Iris-Thousand\249\L\S5249L02.jpg,Iris\001-CASIA-Iris-Thousand\249\L\S5249L07.jpg,iris,True,249,249,CASIA-Iris-Thousand,"{""record1_meta"": {}, ""record2_meta"": {}}"
CASIA-Iris-Thousand_genuine_84,Iris\001-CASIA-Iris-Thousand\777\R\S5777R05.jpg,Iris\001-CASIA-Iris-Thousand\777\R\S5777R06.jpg,iris,True,777,777,CASIA-Iris-Thousand,"{""record1_meta"": {}, ""record2_meta"": {}}"
CASIA-Iris-Thousand_genuine_85,Iris\001-CASIA-Iris-Thousand\356\R\S5356R00.jpg,Iris\001-CASIA-Iris-Thousand\356\R\S5356R03.jpg,iris,True,356,356,CASIA-Iris-Thousand,"{""record1_meta"": {}, ""record2_meta"": {}}"
CASIA-Iris-Thousand_genuine_86,Iris\001-CASIA-Iris-Thousand\237\R\S5237R07.jpg,Iris\001-CASIA-Iris-Thousand\237\R\S5237R08.jpg,iris,True,237,237,CASIA-Iris-Thousand,"{""record1_meta"": {}, ""record2_meta"": {}}"
CASIA-Iris-Thousand_genuine_87,Iris\001-CASIA-Iris-Thousand\673\L\S5673L02.jpg,Iris\001-CASIA-Iris-Thousand\673\L\S5673L05.jpg,iris,True,673,673,CASIA-Iris-Thousand,"{""record1_meta"": {}, ""record2_meta"": {}}"
CASIA-Iris-Thousand_genuine_88,Iris\001-CASIA-Iris-Thousand\552\R\S5552R01.jpg,Iris\001-CASIA-Iris-Thousand\552\R\S5552R03.jpg,iris,True,552,552,CASIA-Iris-Thousand,"{""record1_meta"": {}, ""record2_meta"": {}}"
CASIA-Iris-Thousand_genuine_89,Iris\001-CASIA-Iris-Thousand\393\L\S5393L01.jpg,Iris\001-CASIA-Iris-Thousand\393\L\S5393L05.jpg,iris,True,393,393,CASIA-Iris-Thousand,"{""record1_meta"": {}, ""record2_meta"": {}}"
CASIA-Iris-Thousand_genuine_90,Iris\001-CASIA-Iris-Thousand\932\L\S5932L00.jpg,Iris\001-CASIA-Iris-Thousand\932\L\S5932L07.jpg,iris,True,932,932,CASIA-Iris-Thousand,"{""record1_meta"": {}, ""record2_meta"": {}}"
CASIA-Iris-Thousand_genuine_91,Iris\001-CASIA-Iris-Thousand\811\L\S5811L01.jpg,Iris\001-CASIA-Iris-Thousand\811\L\S5811L03.jpg,iris,True,811,811,CASIA-Iris-Thousand,"{""record1_meta"": {}, ""record2_meta"": {}}"
CASIA-Iris-Thousand_genuine_92,Iris\001-CASIA-Iris-Thousand\319\R\S5319R04.jpg,Iris\001-CASIA-Iris-Thousand\319\R\S5319R05.jpg,iris,True,319,319,CASIA-Iris-Thousand,"{""record1_meta"": {}, ""record2_meta"": {}}"
CASIA-Iris-Thousand_genuine_93,Iris\001-CASIA-Iris-Thousand\997\L\S5997L00.jpg,Iris\001-CASIA-Iris-Thousand\997\L\S5997L04.jpg,iris,True,997,997,CASIA-Iris-Thousand,"{""record1_meta"": {}, ""record2_meta"": {}}"
CASIA-Iris-Thousand_genuine_94,Iris\001-CASIA-Iris-Thousand\472\L\S5472L03.jpg,Iris\001-CASIA-Iris-Thousand\472\L\S5472L04.jpg,iris,True,472,472,CASIA-Iris-Thousand,"{""record1_meta"": {}, ""record2_meta"": {}}"
CASIA-Iris-Thousand_genuine_95,Iris\001-CASIA-Iris-Thousand\081\L\S5081L06.jpg,Iris\001-CASIA-Iris-Thousand\081\L\S5081L09.jpg,iris,True,081,081,CASIA-Iris-Thousand,"{""record1_meta"": {}, ""record2_meta"": {}}"
CASIA-Iris-Thousand_genuine_96,Iris\001-CASIA-Iris-Thousand\333\R\S5333R00.jpg,Iris\001-CASIA-Iris-Thousand\333\R\S5333R07.jpg,iris,True,333,333,CASIA-Iris-Thousand,"{""record1_meta"": {}, ""record2_meta"": {}}"
CASIA-Iris-Thousand_genuine_97,Iris\001-CASIA-Iris-Thousand\046\R\S5046R02.jpg,Iris\001-CASIA-Iris-Thousand\046\R\S5046R08.jpg,iris,True,046,046,CASIA-Iris-Thousand,"{""record1_meta"": {}, ""record2_meta"": {}}"
CASIA-Iris-Thousand_genuine_98,Iris\001-CASIA-Iris-Thousand\459\L\S5459L05.jpg,Iris\001-CASIA-Iris-Thousand\459\L\S5459L08.jpg,iris,True,459,459,CASIA-Iris-Thousand,"{""record1_meta"": {}, ""record2_meta"": {}}"
CASIA-Iris-Thousand_genuine_99,Iris\001-CASIA-Iris-Thousand\584\L\S5584L02.jpg,Iris\001-CASIA-Iris-Thousand\584\L\S5584L07.jpg,iris,True,584,584,CASIA-Iris-Thousand,"{""record1_meta"": {}, ""record2_meta"": {}}"
CASIA-Iris-Thousand_genuine_100,Iris\001-CASIA-Iris-Thousand\389\R\S5389R05.jpg,Iris\001-CASIA-Iris-Thousand\389\R\S5389R09.jpg,iris,True,389,389,CASIA-Iris-Thousand,"{""record1_meta"": {}, ""record2_meta"": {}}"
CASIA-Iris-Thousand_genuine_101,Iris\001-CASIA-Iris-Thousand\096\L\S5096L05.jpg,Iris\001-CASIA-Iris-Thousand\096\L\S5096L06.jpg,iris,True,096,096,CASIA-Iris-Thousand,"{""record1_meta"": {}, ""record2_meta"": {}}"
CASIA-Iris-Thousand_genuine_102,Iris\001-CASIA-Iris-Thousand\307\L\S5307L02.jpg,Iris\001-CASIA-Iris-Thousand\307\L\S5307L09.jpg,iris,True,307,307,CASIA-Iris-Thousand,"{""record1_meta"": {}, ""record2_meta"": {}}"
CASIA-Iris-Thousand_genuine_103,Iris\001-CASIA-Iris-Thousand\826\L\S5826L00.jpg,Iris\001-CASIA-Iris-Thousand\826\L\S5826L02.jpg,iris,True,826,826,CASIA-Iris-Thousand,"{""record1_meta"": {}, ""record2_meta"": {}}"
CASIA-Iris-Thousand_genuine_104,Iris\001-CASIA-Iris-Thousand\458\L\S5458L03.jpg,Iris\001-CASIA-Iris-Thousand\458\L\S5458L05.jpg,iris,True,458,458,CASIA-Iris-Thousand,"{""record1_meta"": {}, ""record2_meta"": {}}"
CASIA-Iris-Thousand_genuine_105,Iris\001-CASIA-Iris-Thousand\309\R\S5309R01.jpg,Iris\001-CASIA-Iris-Thousand\309\R\S5309R07.jpg,iris,True,309,309,CASIA-Iris-Thousand,"{""record1_meta"": {}, ""record2_meta"": {}}"
CASIA-Iris-Thousand_genuine_106,Iris\001-CASIA-Iris-Thousand\954\R\S5954R00.jpg,Iris\001-CASIA-Iris-Thousand\954\R\S5954R05.jpg,iris,True,954,954,CASIA-Iris-Thousand,"{""record1_meta"": {}, ""record2_meta"": {}}"
CASIA-Iris-Thousand_genuine_107,Iris\001-CASIA-Iris-Thousand\727\L\S5727L00.jpg,Iris\001-CASIA-Iris-Thousand\727\L\S5727L06.jpg,iris,True,727,727,CASIA-Iris-Thousand,"{""record1_meta"": {}, ""record2_meta"": {}}"
CASIA-Iris-Thousand_genuine_108,Iris\001-CASIA-Iris-Thousand\576\L\S5576L01.jpg,Iris\001-CASIA-Iris-Thousand\576\L\S5576L09.jpg,iris,True,576,576,CASIA-Iris-Thousand,"{""record1_meta"": {}, ""record2_meta"": {}}"
CASIA-Iris-Thousand_genuine_109,Iris\001-CASIA-Iris-Thousand\936\L\S5936L02.jpg,Iris\001-CASIA-Iris-Thousand\936\L\S5936L05.jpg,iris,True,936,936,CASIA-Iris-Thousand,"{""record1_meta"": {}, ""record2_meta"": {}}"
CASIA-Iris-Thousand_genuine_110,Iris\001-CASIA-Iris-Thousand\668\L\S5668L02.jpg,Iris\001-CASIA-Iris-Thousand\668\L\S5668L08.jpg,iris,True,668,668,CASIA-Iris-Thousand,"{""record1_meta"": {}, ""record2_meta"": {}}"
CASIA-Iris-Thousand_genuine_111,Iris\001-CASIA-Iris-Thousand\208\L\S5208L00.jpg,Iris\001-CASIA-Iris-Thousand\208\L\S5208L07.jpg,iris,True,208,208,CASIA-Iris-Thousand,"{""record1_meta"": {}, ""record2_meta"": {}}"
CASIA-Iris-Thousand_genuine_112,Iris\001-CASIA-Iris-Thousand\385\R\S5385R02.jpg,Iris\001-CASIA-Iris-Thousand\385\R\S5385R09.jpg,iris,True,385,385,CASIA-Iris-Thousand,"{""record1_meta"": {}, ""record2_meta"": {}}"
CASIA-Iris-Thousand_genuine_113,Iris\001-CASIA-Iris-Thousand\203\L\S5203L04.jpg,Iris\001-CASIA-Iris-Thousand\203\L\S5203L06.jpg,iris,True,203,203,CASIA-Iris-Thousand,"{""record1_meta"": {}, ""record2_meta"": {}}"
CASIA-Iris-Thousand_genuine_114,Iris\001-CASIA-Iris-Thousand\359\L\S5359L01.jpg,Iris\001-CASIA-Iris-Thousand\359\L\S5359L08.jpg,iris,True,359,359,CASIA-Iris-Thousand,"{""record1_meta"": {}, ""record2_meta"": {}}"
CASIA-Iris-Thousand_genuine_115,Iris\001-CASIA-Iris-Thousand\817\R\S5817R00.jpg,Iris\001-CASIA-Iris-Thousand\817\R\S5817R05.jpg,iris,True,817,817,CASIA-Iris-Thousand,"{""record1_meta"": {}, ""record2_meta"": {}}"
CASIA-Iris-Thousand_genuine_116,Iris\001-CASIA-Iris-Thousand\784\R\S5784R06.jpg,Iris\001-CASIA-Iris-Thousand\784\R\S5784R07.jpg,iris,True,784,784,CASIA-Iris-Thousand,"{""record1_meta"": {}, ""record2_meta"": {}}"
CASIA-Iris-Thousand_genuine_117,Iris\001-CASIA-Iris-Thousand\382\R\S5382R01.jpg,Iris\001-CASIA-Iris-Thousand\382\R\S5382R06.jpg,iris,True,382,382,CASIA-Iris-Thousand,"{""record1_meta"": {}, ""record2_meta"": {}}"
CASIA-Iris-Thousand_genuine_118,Iris\001-CASIA-Iris-Thousand\851\L\S5851L04.jpg,Iris\001-CASIA-Iris-Thousand\851\L\S5851L07.jpg,iris,True,851,851,CASIA-Iris-Thousand,"{""record1_meta"": {}, ""record2_meta"": {}}"
CASIA-Iris-Thousand_genuine_119,Iris\001-CASIA-Iris-Thousand\623\R\S5623R06.jpg,Iris\001-CASIA-Iris-Thousand\623\R\S5623R08.jpg,iris,True,623,623,CASIA-Iris-Thousand,"{""record1_meta"": {}, ""record2_meta"": {}}"
CASIA-Iris-Thousand_genuine_120,Iris\001-CASIA-Iris-Thousand\849\R\S5849R03.jpg,Iris\001-CASIA-Iris-Thousand\849\R\S5849R09.jpg,iris,True,849,849,CASIA-Iris-Thousand,"{""record1_meta"": {}, ""record2_meta"": {}}"
CASIA-Iris-Thousand_genuine_121,Iris\001-CASIA-Iris-Thousand\581\R\S5581R01.jpg,Iris\001-CASIA-Iris-Thousand\581\R\S5581R08.jpg,iris,True,581,581,CASIA-Iris-Thousand,"{""record1_meta"": {}, ""record2_meta"": {}}"
CASIA-Iris-Thousand_genuine_122,Iris\001-CASIA-Iris-Thousand\527\L\S5527L02.jpg,Iris\001-CASIA-Iris-Thousand\527\L\S5527L03.jpg,iris,True,527,527,CASIA-Iris-Thousand,"{""record1_meta"": {}, ""record2_meta"": {}}"
CASIA-Iris-Thousand_genuine_123,Iris\001-CASIA-Iris-Thousand\319\L\S5319L05.jpg,Iris\001-CASIA-Iris-Thousand\319\L\S5319L07.jpg,iris,True,319,319,CASIA-Iris-Thousand,"{""record1_meta"": {}, ""record2_meta"": {}}"
CASIA-Iris-Thousand_genuine_124,Iris\001-CASIA-Iris-Thousand\201\L\S5201L06.jpg,Iris\001-CASIA-Iris-Thousand\201\L\S5201L09.jpg,iris,True,201,201,CASIA-Iris-Thousand,"{""record1_meta"": {}, ""record2_meta"": {}}"
CASIA-Iris-Thousand_genuine_125,Iris\001-CASIA-Iris-Thousand\742\L\S5742L00.jpg,Iris\001-CASIA-Iris-Thousand\742\L\S5742L05.jpg,iris,True,742,742,CASIA-Iris-Thousand,"{""record1_meta"": {}, ""record2_meta"": {}}"
CASIA-Iris-Thousand_genuine_126,Iris\001-CASIA-Iris-Thousand\718\R\S5718R02.jpg,Iris\001-CASIA-Iris-Thousand\718\R\S5718R07.jpg,iris,True,718,718,CASIA-Iris-Thousand,"{""record1_meta"": {}, ""record2_meta"": {}}"
CASIA-Iris-Thousand_genuine_127,Iris\001-CASIA-Iris-Thousand\132\L\S5132L05.jpg,Iris\001-CASIA-Iris-Thousand\132\L\S5132L06.jpg,iris,True,132,132,CASIA-Iris-Thousand,"{""record1_meta"": {}, ""record2_meta"": {}}"
CASIA-Iris-Thousand_genuine_128,Iris\001-CASIA-Iris-Thousand\068\R\S5068R01.jpg,Iris\001-CASIA-Iris-Thousand\068\R\S5068R03.jpg,iris,True,068,068,CASIA-Iris-Thousand,"{""record1_meta"": {}, ""record2_meta"": {}}"
CASIA-Iris-Thousand_genuine_129,Iris\001-CASIA-Iris-Thousand\159\R\S5159R01.jpg,Iris\001-CASIA-Iris-Thousand\159\R\S5159R09.jpg,iris,True,159,159,CASIA-Iris-Thousand,"{""record1_meta"": {}, ""record2_meta"": {}}"
CASIA-Iris-Thousand_genuine_130,Iris\001-CASIA-Iris-Thousand\222\R\S5222R00.jpg,Iris\001-CASIA-Iris-Thousand\222\R\S5222R09.jpg,iris,True,222,222,CASIA-Iris-Thousand,"{""record1_meta"": {}, ""record2_meta"": {}}"
CASIA-Iris-Thousand_genuine_131,Iris\001-CASIA-Iris-Thousand\913\R\S5913R03.jpg,Iris\001-CASIA-Iris-Thousand\913\R\S5913R05.jpg,iris,True,913,913,CASIA-Iris-Thousand,"{""record1_meta"": {}, ""record2_meta"": {}}"
CASIA-Iris-Thousand_genuine_132,Iris\001-CASIA-Iris-Thousand\232\R\S5232R08.jpg,Iris\001-CASIA-Iris-Thousand\232\R\S5232R09.jpg,iris,True,232,232,CASIA-Iris-Thousand,"{""record1_meta"": {}, ""record2_meta"": {}}"
CASIA-Iris-Thousand_genuine_133,Iris\001-CASIA-Iris-Thousand\991\L\S5991L00.jpg,Iris\001-CASIA-Iris-Thousand\991\L\S5991L03.jpg,iris,True,991,991,CASIA-Iris-Thousand,"{""record1_meta"": {}, ""record2_meta"": {}}"
CASIA-Iris-Thousand_genuine_134,Iris\001-CASIA-Iris-Thousand\614\R\S5614R03.jpg,Iris\001-CASIA-Iris-Thousand\614\R\S5614R08.jpg,iris,True,614,614,CASIA-Iris-Thousand,"{""record1_meta"": {}, ""record2_meta"": {}}"
CASIA-Iris-Thousand_genuine_135,Iris\001-CASIA-Iris-Thousand\868\R\S5868R00.jpg,Iris\001-CASIA-Iris-Thousand\868\R\S5868R08.jpg,iris,True,868,868,CASIA-Iris-Thousand,"{""record1_meta"": {}, ""record2_meta"": {}}"
CASIA-Iris-Thousand_genuine_136,Iris\001-CASIA-Iris-Thousand\092\R\S5092R00.jpg,Iris\001-CASIA-Iris-Thousand\092\R\S5092R02.jpg,iris,True,092,092,CASIA-Iris-Thousand,"{""record1_meta"": {}, ""record2_meta"": {}}"
CASIA-Iris-Thousand_genuine_137,Iris\001-CASIA-Iris-Thousand\560\L\S5560L04.jpg,Iris\001-CASIA-Iris-Thousand\560\L\S5560L07.jpg,iris,True,560,560,CASIA-Iris-Thousand,"{""record1_meta"": {}, ""record2_meta"": {}}"
CASIA-Iris-Thousand_genuine_138,Iris\001-CASIA-Iris-Thousand\555\R\S5555R03.jpg,Iris\001-CASIA-Iris-Thousand\555\R\S5555R04.jpg,iris,True,555,555,CASIA-Iris-Thousand,"{""record1_meta"": {}, ""record2_meta"": {}}"
CASIA-Iris-Thousand_genuine_139,Iris\001-CASIA-Iris-Thousand\867\R\S5867R03.jpg,Iris\001-CASIA-Iris-Thousand\867\R\S5867R09.jpg,iris,True,867,867,CASIA-Iris-Thousand,"{""record1_meta"": {}, ""record2_meta"": {}}"
CASIA-Iris-Thousand_genuine_140,Iris\001-CASIA-Iris-Thousand\681\R\S5681R01.jpg,Iris\001-CASIA-Iris-Thousand\681\R\S5681R06.jpg,iris,True,681,681,CASIA-Iris-Thousand,"{""record1_meta"": {}, ""record2_meta"": {}}"
CASIA-Iris-Thousand_genuine_141,Iris\001-CASIA-Iris-Thousand\770\R\S5770R00.jpg,Iris\001-CASIA-Iris-Thousand\770\R\S5770R08.jpg,iris,True,770,770,CASIA-Iris-Thousand,"{""record1_meta"": {}, ""record2_meta"": {}}"
CASIA-Iris-Thousand_genuine_142,Iris\001-CASIA-Iris-Thousand\366\L\S5366L01.jpg,Iris\001-CASIA-Iris-Thousand\366\L\S5366L06.jpg,iris,True,366,366,CASIA-Iris-Thousand,"{""record1_meta"": {}, ""record2_meta"": {}}"
CASIA-Iris-Thousand_genuine_143,Iris\001-CASIA-Iris-Thousand\805\R\S5805R02.jpg,Iris\001-CASIA-Iris-Thousand\805\R\S5805R03.jpg,iris,True,805,805,CASIA-Iris-Thousand,"{""record1_meta"": {}, ""record2_meta"": {}}"
CASIA-Iris-Thousand_genuine_144,Iris\001-CASIA-Iris-Thousand\016\R\S5016R02.jpg,Iris\001-CASIA-Iris-Thousand\016\R\S5016R05.jpg,iris,True,016,016,CASIA-Iris-Thousand,"{""record1_meta"": {}, ""record2_meta"": {}}"
CASIA-Iris-Thousand_genuine_145,Iris\001-CASIA-Iris-Thousand\990\R\S5990R02.jpg,Iris\001-CASIA-Iris-Thousand\990\R\S5990R07.jpg,iris,True,990,990,CASIA-Iris-Thousand,"{""record1_meta"": {}, ""record2_meta"": {}}"
CASIA-Iris-Thousand_genuine_146,Iris\001-CASIA-Iris-Thousand\166\R\S5166R03.jpg,Iris\001-CASIA-Iris-Thousand\166\R\S5166R09.jpg,iris,True,166,166,CASIA-Iris-Thousand,"{""record1_meta"": {}, ""record2_meta"": {}}"
CASIA-Iris-Thousand_genuine_147,Iris\001-CASIA-Iris-Thousand\992\R\S5992R03.jpg,Iris\001-CASIA-Iris-Thousand\992\R\S5992R08.jpg,iris,True,992,992,CASIA-Iris-Thousand,"{""record1_meta"": {}, ""record2_meta"": {}}"
CASIA-Iris-Thousand_genuine_148,Iris\001-CASIA-Iris-Thousand\782\L\S5782L00.jpg,Iris\001-CASIA-Iris-Thousand\782\L\S5782L02.jpg,iris,True,782,782,CASIA-Iris-Thousand,"{""record1_meta"": {}, ""record2_meta"": {}}"
CASIA-Iris-Thousand_genuine_149,Iris\001-CASIA-Iris-Thousand\388\R\S5388R00.jpg,Iris\001-CASIA-Iris-Thousand\388\R\S5388R09.jpg,iris,True,388,388,CASIA-Iris-Thousand,"{""record1_meta"": {}, ""record2_meta"": {}}"
CASIA-Iris-Thousand_genuine_150,Iris\001-CASIA-Iris-Thousand\933\L\S5933L07.jpg,Iris\001-CASIA-Iris-Thousand\933\L\S5933L08.jpg,iris,True,933,933,CASIA-Iris-Thousand,"{""record1_meta"": {}, ""record2_meta"": {}}"
CASIA-Iris-Thousand_genuine_151,Iris\001-CASIA-Iris-Thousand\495\L\S5495L05.jpg,Iris\001-CASIA-Iris-Thousand\495\L\S5495L08.jpg,iris,True,495,495,CASIA-Iris-Thousand,"{""record1_meta"": {}, ""record2_meta"": {}}"
CASIA-Iris-Thousand_genuine_152,Iris\001-CASIA-Iris-Thousand\162\L\S5162L06.jpg,Iris\001-CASIA-Iris-Thousand\162\L\S5162L09.jpg,iris,True,162,162,CASIA-Iris-Thousand,"{""record1_meta"": {}, ""record2_meta"": {}}"
CASIA-Iris-Thousand_genuine_153,Iris\001-CASIA-Iris-Thousand\427\L\S5427L06.jpg,Iris\001-CASIA-Iris-Thousand\427\L\S5427L07.jpg,iris,True,427,427,CASIA-Iris-Thousand,"{""record1_meta"": {}, ""record2_meta"": {}}"
CASIA-Iris-Thousand_genuine_154,Iris\001-CASIA-Iris-Thousand\633\L\S5633L01.jpg,Iris\001-CASIA-Iris-Thousand\633\L\S5633L08.jpg,iris,True,633,633,CASIA-Iris-Thousand,"{""record1_meta"": {}, ""record2_meta"": {}}"
CASIA-Iris-Thousand_genuine_155,Iris\001-CASIA-Iris-Thousand\230\L\S5230L04.jpg,Iris\001-CASIA-Iris-Thousand\230\L\S5230L05.jpg,iris,True,230,230,CASIA-Iris-Thousand,"{""record1_meta"": {}, ""record2_meta"": {}}"
CASIA-Iris-Thousand_genuine_156,Iris\001-CASIA-Iris-Thousand\660\R\S5660R03.jpg,Iris\001-CASIA-Iris-Thousand\660\R\S5660R05.jpg,iris,True,660,660,CASIA-Iris-Thousand,"{""record1_meta"": {}, ""record2_meta"": {}}"
CASIA-Iris-Thousand_genuine_157,Iris\001-CASIA-Iris-Thousand\004\R\S5004R02.jpg,Iris\001-CASIA-Iris-Thousand\004\R\S5004R06.jpg,iris,True,004,004,CASIA-Iris-Thousand,"{""record1_meta"": {}, ""record2_meta"": {}}"
CASIA-Iris-Thousand_genuine_158,Iris\001-CASIA-Iris-Thousand\383\R\S5383R00.jpg,Iris\001-CASIA-Iris-Thousand\383\R\S5383R08.jpg,iris,True,383,383,CASIA-Iris-Thousand,"{""record1_meta"": {}, ""record2_meta"": {}}"
CASIA-Iris-Thousand_genuine_159,Iris\001-CASIA-Iris-Thousand\729\L\S5729L00.jpg,Iris\001-CASIA-Iris-Thousand\729\L\S5729L03.jpg,iris,True,729,729,CASIA-Iris-Thousand,"{""record1_meta"": {}, ""record2_meta"": {}}"
CASIA-Iris-Thousand_genuine_160,Iris\001-CASIA-Iris-Thousand\260\L\S5260L01.jpg,Iris\001-CASIA-Iris-Thousand\260\L\S5260L09.jpg,iris,True,260,260,CASIA-Iris-Thousand,"{""record1_meta"": {}, ""record2_meta"": {}}"
CASIA-Iris-Thousand_genuine_161,Iris\001-CASIA-Iris-Thousand\739\L\S5739L04.jpg,Iris\001-CASIA-Iris-Thousand\739\L\S5739L07.jpg,iris,True,739,739,CASIA-Iris-Thousand,"{""record1_meta"": {}, ""record2_meta"": {}}"
CASIA-Iris-Thousand_genuine_162,Iris\001-CASIA-Iris-Thousand\154\R\S5154R07.jpg,Iris\001-CASIA-Iris-Thousand\154\R\S5154R08.jpg,iris,True,154,154,CASIA-Iris-Thousand,"{""record1_meta"": {}, ""record2_meta"": {}}"
CASIA-Iris-Thousand_genuine_163,Iris\001-CASIA-Iris-Thousand\910\R\S5910R01.jpg,Iris\001-CASIA-Iris-Thousand\910\R\S5910R07.jpg,iris,True,910,910,CASIA-Iris-Thousand,"{""record1_meta"": {}, ""record2_meta"": {}}"
CASIA-Iris-Thousand_genuine_164,Iris\001-CASIA-Iris-Thousand\434\R\S5434R01.jpg,Iris\001-CASIA-Iris-Thousand\434\R\S5434R05.jpg,iris,True,434,434,CASIA-Iris-Thousand,"{""record1_meta"": {}, ""record2_meta"": {}}"
CASIA-Iris-Thousand_genuine_165,Iris\001-CASIA-Iris-Thousand\930\R\S5930R00.jpg,Iris\001-CASIA-Iris-Thousand\930\R\S5930R04.jpg,iris,True,930,930,CASIA-Iris-Thousand,"{""record1_meta"": {}, ""record2_meta"": {}}"
CASIA-Iris-Thousand_genuine_166,Iris\001-CASIA-Iris-Thousand\739\L\S5739L04.jpg,Iris\001-CASIA-Iris-Thousand\739\L\S5739L05.jpg,iris,True,739,739,CASIA-Iris-Thousand,"{""record1_meta"": {}, ""record2_meta"": {}}"
CASIA-Iris-Thousand_genuine_167,Iris\001-CASIA-Iris-Thousand\886\R\S5886R04.jpg,Iris\001-CASIA-Iris-Thousand\886\R\S5886R08.jpg,iris,True,886,886,CASIA-Iris-Thousand,"{""record1_meta"": {}, ""record2_meta"": {}}"
CASIA-Iris-Thousand_genuine_168,Iris\001-CASIA-Iris-Thousand\289\R\S5289R01.jpg,Iris\001-CASIA-Iris-Thousand\289\R\S5289R09.jpg,iris,True,289,289,CASIA-Iris-Thousand,"{""record1_meta"": {}, ""record2_meta"": {}}"
CASIA-Iris-Thousand_genuine_169,Iris\001-CASIA-Iris-Thousand\222\R\S5222R00.jpg,Iris\001-CASIA-Iris-Thousand\222\R\S5222R08.jpg,iris,True,222,222,CASIA-Iris-Thousand,"{""record1_meta"": {}, ""record2_meta"": {}}"
CASIA-Iris-Thousand_genuine_170,Iris\001-CASIA-Iris-Thousand\544\R\S5544R00.jpg,Iris\001-CASIA-Iris-Thousand\544\R\S5544R05.jpg,iris,True,544,544,CASIA-Iris-Thousand,"{""record1_meta"": {}, ""record2_meta"": {}}"
CASIA-Iris-Thousand_genuine_171,Iris\001-CASIA-Iris-Thousand\235\L\S5235L03.jpg,Iris\001-CASIA-Iris-Thousand\235\L\S5235L04.jpg,iris,True,235,235,CASIA-Iris-Thousand,"{""record1_meta"": {}, ""record2_meta"": {}}"
CASIA-Iris-Thousand_genuine_172,Iris\001-CASIA-Iris-Thousand\785\R\S5785R00.jpg,Iris\001-CASIA-Iris-Thousand\785\R\S5785R03.jpg,iris,True,785,785,CASIA-Iris-Thousand,"{""record1_meta"": {}, ""record2_meta"": {}}"
CASIA-Iris-Thousand_genuine_173,Iris\001-CASIA-Iris-Thousand\772\L\S5772L04.jpg,Iris\001-CASIA-Iris-Thousand\772\L\S5772L09.jpg,iris,True,772,772,CASIA-Iris-Thousand,"{""record1_meta"": {}, ""record2_meta"": {}}"
CASIA-Iris-Thousand_genuine_174,Iris\001-CASIA-Iris-Thousand\000\R\S5000R03.jpg,Iris\001-CASIA-Iris-Thousand\000\R\S5000R09.jpg,iris,True,000,000,CASIA-Iris-Thousand,"{""record1_meta"": {}, ""record2_meta"": {}}"
CASIA-Iris-Thousand_genuine_175,Iris\001-CASIA-Iris-Thousand\872\L\S5872L03.jpg,Iris\001-CASIA-Iris-Thousand\872\L\S5872L04.jpg,iris,True,872,872,CASIA-Iris-Thousand,"{""record1_meta"": {}, ""record2_meta"": {}}"
CASIA-Iris-Thousand_genuine_176,Iris\001-CASIA-Iris-Thousand\472\L\S5472L00.jpg,Iris\001-CASIA-Iris-Thousand\472\L\S5472L08.jpg,iris,True,472,472,CASIA-Iris-Thousand,"{""record1_meta"": {}, ""record2_meta"": {}}"
CASIA-Iris-Thousand_genuine_177,Iris\001-CASIA-Iris-Thousand\711\R\S5711R00.jpg,Iris\001-CASIA-Iris-Thousand\711\R\S5711R08.jpg,iris,True,711,711,CASIA-Iris-Thousand,"{""record1_meta"": {}, ""record2_meta"": {}}"
CASIA-Iris-Thousand_genuine_178,Iris\001-CASIA-Iris-Thousand\028\L\S5028L04.jpg,Iris\001-CASIA-Iris-Thousand\028\L\S5028L07.jpg,iris,True,028,028,CASIA-Iris-Thousand,"{""record1_meta"": {}, ""record2_meta"": {}}"
CASIA-Iris-Thousand_genuine_179,Iris\001-CASIA-Iris-Thousand\162\R\S5162R05.jpg,Iris\001-CASIA-Iris-Thousand\162\R\S5162R08.jpg,iris,True,162,162,CASIA-Iris-Thousand,"{""record1_meta"": {}, ""record2_meta"": {}}"
CASIA-Iris-Thousand_genuine_180,Iris\001-CASIA-Iris-Thousand\528\R\S5528R01.jpg,Iris\001-CASIA-Iris-Thousand\528\R\S5528R04.jpg,iris,True,528,528,CASIA-Iris-Thousand,"{""record1_meta"": {}, ""record2_meta"": {}}"
CASIA-Iris-Thousand_genuine_181,Iris\001-CASIA-Iris-Thousand\447\R\S5447R04.jpg,Iris\001-CASIA-Iris-Thousand\447\R\S5447R06.jpg,iris,True,447,447,CASIA-Iris-Thousand,"{""record1_meta"": {}, ""record2_meta"": {}}"
CASIA-Iris-Thousand_genuine_182,Iris\001-CASIA-Iris-Thousand\348\R\S5348R02.jpg,Iris\001-CASIA-Iris-Thousand\348\R\S5348R06.jpg,iris,True,348,348,CASIA-Iris-Thousand,"{""record1_meta"": {}, ""record2_meta"": {}}"
CASIA-Iris-Thousand_genuine_183,Iris\001-CASIA-Iris-Thousand\084\L\S5084L04.jpg,Iris\001-CASIA-Iris-Thousand\084\L\S5084L07.jpg,iris,True,084,084,CASIA-Iris-Thousand,"{""record1_meta"": {}, ""record2_meta"": {}}"
CASIA-Iris-Thousand_genuine_184,Iris\001-CASIA-Iris-Thousand\350\R\S5350R03.jpg,Iris\001-CASIA-Iris-Thousand\350\R\S5350R06.jpg,iris,True,350,350,CASIA-Iris-Thousand,"{""record1_meta"": {}, ""record2_meta"": {}}"
CASIA-Iris-Thousand_genuine_185,Iris\001-CASIA-Iris-Thousand\826\L\S5826L03.jpg,Iris\001-CASIA-Iris-Thousand\826\L\S5826L04.jpg,iris,True,826,826,CASIA-Iris-Thousand,"{""record1_meta"": {}, ""record2_meta"": {}}"
CASIA-Iris-Thousand_genuine_186,Iris\001-CASIA-Iris-Thousand\114\R\S5114R02.jpg,Iris\001-CASIA-Iris-Thousand\114\R\S5114R03.jpg,iris,True,114,114,CASIA-Iris-Thousand,"{""record1_meta"": {}, ""record2_meta"": {}}"
CASIA-Iris-Thousand_genuine_187,Iris\001-CASIA-Iris-Thousand\124\R\S5124R02.jpg,Iris\001-CASIA-Iris-Thousand\124\R\S5124R07.jpg,iris,True,124,124,CASIA-Iris-Thousand,"{""record1_meta"": {}, ""record2_meta"": {}}"
CASIA-Iris-Thousand_genuine_188,Iris\001-CASIA-Iris-Thousand\707\R\S5707R03.jpg,Iris\001-CASIA-Iris-Thousand\707\R\S5707R04.jpg,iris,True,707,707,CASIA-Iris-Thousand,"{""record1_meta"": {}, ""record2_meta"": {}}"
CASIA-Iris-Thousand_genuine_189,Iris\001-CASIA-Iris-Thousand\100\R\S5100R03.jpg,Iris\001-CASIA-Iris-Thousand\100\R\S5100R06.jpg,iris,True,100,100,CASIA-Iris-Thousand,"{""record1_meta"": {}, ""record2_meta"": {}}"
CASIA-Iris-Thousand_genuine_190,Iris\001-CASIA-Iris-Thousand\775\R\S5775R03.jpg,Iris\001-CASIA-Iris-Thousand\775\R\S5775R07.jpg,iris,True,775,775,CASIA-Iris-Thousand,"{""record1_meta"": {}, ""record2_meta"": {}}"
CASIA-Iris-Thousand_genuine_191,Iris\001-CASIA-Iris-Thousand\183\L\S5183L01.jpg,Iris\001-CASIA-Iris-Thousand\183\L\S5183L06.jpg,iris,True,183,183,CASIA-Iris-Thousand,"{""record1_meta"": {}, ""record2_meta"": {}}"
CASIA-Iris-Thousand_genuine_192,Iris\001-CASIA-Iris-Thousand\186\R\S5186R07.jpg,Iris\001-CASIA-Iris-Thousand\186\R\S5186R09.jpg,iris,True,186,186,CASIA-Iris-Thousand,"{""record1_meta"": {}, ""record2_meta"": {}}"
CASIA-Iris-Thousand_genuine_193,Iris\001-CASIA-Iris-Thousand\960\R\S5960R03.jpg,Iris\001-CASIA-Iris-Thousand\960\R\S5960R09.jpg,iris,True,960,960,CASIA-Iris-Thousand,"{""record1_meta"": {}, ""record2_meta"": {}}"
CASIA-Iris-Thousand_genuine_194,Iris\001-CASIA-Iris-Thousand\692\L\S5692L01.jpg,Iris\001-CASIA-Iris-Thousand\692\L\S5692L09.jpg,iris,True,692,692,CASIA-Iris-Thousand,"{""record1_meta"": {}, ""record2_meta"": {}}"
CASIA-Iris-Thousand_genuine_195,Iris\001-CASIA-Iris-Thousand\800\R\S5800R02.jpg,Iris\001-CASIA-Iris-Thousand\800\R\S5800R04.jpg,iris,True,800,800,CASIA-Iris-Thousand,"{""record1_meta"": {}, ""record2_meta"": {}}"
CASIA-Iris-Thousand_genuine_196,Iris\001-CASIA-Iris-Thousand\240\L\S5240L07.jpg,Iris\001-CASIA-Iris-Thousand\240\L\S5240L09.jpg,iris,True,240,240,CASIA-Iris-Thousand,"{""record1_meta"": {}, ""record2_meta"": {}}"
CASIA-Iris-Thousand_genuine_197,Iris\001-CASIA-Iris-Thousand\386\L\S5386L00.jpg,Iris\001-CASIA-Iris-Thousand\386\L\S5386L02.jpg,iris,True,386,386,CASIA-Iris-Thousand,"{""record1_meta"": {}, ""record2_meta"": {}}"
CASIA-Iris-Thousand_genuine_198,Iris\001-CASIA-Iris-Thousand\768\L\S5768L07.jpg,Iris\001-CASIA-Iris-Thousand\768\L\S5768L09.jpg,iris,True,768,768,CASIA-Iris-Thousand,"{""record1_meta"": {}, ""record2_meta"": {}}"
CASIA-Iris-Thousand_genuine_199,Iris\001-CASIA-Iris-Thousand\883\L\S5883L05.jpg,Iris\001-CASIA-Iris-Thousand\883\L\S5883L08.jpg,iris,True,883,883,CASIA-Iris-Thousand,"{""record1_meta"": {}, ""record2_meta"": {}}"
CASIA-Iris-Thousand_genuine_200,Iris\001-CASIA-Iris-Thousand\616\L\S5616L02.jpg,Iris\001-CASIA-Iris-Thousand\616\L\S5616L07.jpg,iris,True,616,616,CASIA-Iris-Thousand,"{""record1_meta"": {}, ""record2_meta"": {}}"
CASIA-Iris-Thousand_genuine_201,Iris\001-CASIA-Iris-Thousand\308\L\S5308L06.jpg,Iris\001-CASIA-Iris-Thousand\308\L\S5308L08.jpg,iris,True,308,308,CASIA-Iris-Thousand,"{""record1_meta"": {}, ""record2_meta"": {}}"
CASIA-Iris-Thousand_genuine_202,Iris\001-CASIA-Iris-Thousand\785\L\S5785L05.jpg,Iris\001-CASIA-Iris-Thousand\785\L\S5785L07.jpg,iris,True,785,785,CASIA-Iris-Thousand,"{""record1_meta"": {}, ""record2_meta"": {}}"
CASIA-Iris-Thousand_genuine_203,Iris\001-CASIA-Iris-Thousand\292\R\S5292R06.jpg,Iris\001-CASIA-Iris-Thousand\292\R\S5292R08.jpg,iris,True,292,292,CASIA-Iris-Thousand,"{""record1_meta"": {}, ""record2_meta"": {}}"
CASIA-Iris-Thousand_genuine_204,Iris\001-CASIA-Iris-Thousand\453\R\S5453R07.jpg,Iris\001-CASIA-Iris-Thousand\453\R\S5453R08.jpg,iris,True,453,453,CASIA-Iris-Thousand,"{""record1_meta"": {}, ""record2_meta"": {}}"
CASIA-Iris-Thousand_genuine_205,Iris\001-CASIA-Iris-Thousand\581\L\S5581L00.jpg,Iris\001-CASIA-Iris-Thousand\581\L\S5581L07.jpg,iris,True,581,581,CASIA-Iris-Thousand,"{""record1_meta"": {}, ""record2_meta"": {}}"
CASIA-Iris-Thousand_genuine_206,Iris\001-CASIA-Iris-Thousand\978\L\S5978L02.jpg,Iris\001-CASIA-Iris-Thousand\978\L\S5978L05.jpg,iris,True,978,978,CASIA-Iris-Thousand,"{""record1_meta"": {}, ""record2_meta"": {}}"
CASIA-Iris-Thousand_genuine_207,Iris\001-CASIA-Iris-Thousand\946\L\S5946L06.jpg,Iris\001-CASIA-Iris-Thousand\946\L\S5946L08.jpg,iris,True,946,946,CASIA-Iris-Thousand,"{""record1_meta"": {}, ""record2_meta"": {}}"
CASIA-Iris-Thousand_genuine_208,Iris\001-CASIA-Iris-Thousand\543\R\S5543R03.jpg,Iris\001-CASIA-Iris-Thousand\543\R\S5543R09.jpg,iris,True,543,543,CASIA-Iris-Thousand,"{""record1_meta"": {}, ""record2_meta"": {}}"
CASIA-Iris-Thousand_genuine_209,Iris\001-CASIA-Iris-Thousand\638\L\S5638L00.jpg,Iris\001-CASIA-Iris-Thousand\638\L\S5638L03.jpg,iris,True,638,638,CASIA-Iris-Thousand,"{""record1_meta"": {}, ""record2_meta"": {}}"
CASIA-Iris-Thousand_genuine_210,Iris\001-CASIA-Iris-Thousand\753\R\S5753R03.jpg,Iris\001-CASIA-Iris-Thousand\753\R\S5753R04.jpg,iris,True,753,753,CASIA-Iris-Thousand,"{""record1_meta"": {}, ""record2_meta"": {}}"
CASIA-Iris-Thousand_genuine_211,Iris\001-CASIA-Iris-Thousand\657\R\S5657R00.jpg,Iris\001-CASIA-Iris-Thousand\657\R\S5657R03.jpg,iris,True,657,657,CASIA-Iris-Thousand,"{""record1_meta"": {}, ""record2_meta"": {}}"
CASIA-Iris-Thousand_genuine_212,Iris\001-CASIA-Iris-Thousand\176\L\S5176L02.jpg,Iris\001-CASIA-Iris-Thousand\176\L\S5176L06.jpg,iris,True,176,176,CASIA-Iris-Thousand,"{""record1_meta"": {}, ""record2_meta"": {}}"
CASIA-Iris-Thousand_genuine_213,Iris\001-CASIA-Iris-Thousand\361\L\S5361L00.jpg,Iris\001-CASIA-Iris-Thousand\361\L\S5361L04.jpg,iris,True,361,361,CASIA-Iris-Thousand,"{""record1_meta"": {}, ""record2_meta"": {}}"
CASIA-Iris-Thousand_genuine_214,Iris\001-CASIA-Iris-Thousand\327\L\S5327L02.jpg,Iris\001-CASIA-Iris-Thousand\327\L\S5327L07.jpg,iris,True,327,327,CASIA-Iris-Thousand,"{""record1_meta"": {}, ""record2_meta"": {}}"
CASIA-Iris-Thousand_genuine_215,Iris\001-CASIA-Iris-Thousand\093\L\S5093L02.jpg,Iris\001-CASIA-Iris-Thousand\093\L\S5093L08.jpg,iris,True,093,093,CASIA-Iris-Thousand,"{""record1_meta"": {}, ""record2_meta"": {}}"
CASIA-Iris-Thousand_genuine_216,Iris\001-CASIA-Iris-Thousand\492\L\S5492L04.jpg,Iris\001-CASIA-Iris-Thousand\492\L\S5492L08.jpg,iris,True,492,492,CASIA-Iris-Thousand,"{""record1_meta"": {}, ""record2_meta"": {}}"
CASIA-Iris-Thousand_genuine_217,Iris\001-CASIA-Iris-Thousand\030\R\S5030R01.jpg,Iris\001-CASIA-Iris-Thousand\030\R\S5030R05.jpg,iris,True,030,030,CASIA-Iris-Thousand,"{""record1_meta"": {}, ""record2_meta"": {}}"
CASIA-Iris-Thousand_genuine_218,Iris\001-CASIA-Iris-Thousand\856\R\S5856R03.jpg,Iris\001-CASIA-Iris-Thousand\856\R\S5856R05.jpg,iris,True,856,856,CASIA-Iris-Thousand,"{""record1_meta"": {}, ""record2_meta"": {}}"
CASIA-Iris-Thousand_genuine_219,Iris\001-CASIA-Iris-Thousand\806\R\S5806R02.jpg,Iris\001-CASIA-Iris-Thousand\806\R\S5806R04.jpg,iris,True,806,806,CASIA-Iris-Thousand,"{""record1_meta"": {}, ""record2_meta"": {}}"
CASIA-Iris-Thousand_genuine_220,Iris\001-CASIA-Iris-Thousand\335\L\S5335L01.jpg,Iris\001-CASIA-Iris-Thousand\335\L\S5335L04.jpg,iris,True,335,335,CASIA-Iris-Thousand,"{""record1_meta"": {}, ""record2_meta"": {}}"
CASIA-Iris-Thousand_genuine_221,Iris\001-CASIA-Iris-Thousand\856\R\S5856R07.jpg,Iris\001-CASIA-Iris-Thousand\856\R\S5856R09.jpg,iris,True,856,856,CASIA-Iris-Thousand,"{""record1_meta"": {}, ""record2_meta"": {}}"
CASIA-Iris-Thousand_genuine_222,Iris\001-CASIA-Iris-Thousand\320\R\S5320R02.jpg,Iris\001-CASIA-Iris-Thousand\320\R\S5320R05.jpg,iris,True,320,320,CASIA-Iris-Thousand,"{""record1_meta"": {}, ""record2_meta"": {}}"
CASIA-Iris-Thousand_genuine_223,Iris\001-CASIA-Iris-Thousand\010\L\S5010L07.jpg,Iris\001-CASIA-Iris-Thousand\010\L\S5010L08.jpg,iris,True,010,010,CASIA-Iris-Thousand,"{""record1_meta"": {}, ""record2_meta"": {}}"
CASIA-Iris-Thousand_genuine_224,Iris\001-CASIA-Iris-Thousand\103\L\S5103L05.jpg,Iris\001-CASIA-Iris-Thousand\103\L\S5103L06.jpg,iris,True,103,103,CASIA-Iris-Thousand,"{""record1_meta"": {}, ""record2_meta"": {}}"
CASIA-Iris-Thousand_genuine_225,Iris\001-CASIA-Iris-Thousand\919\L\S5919L01.jpg,Iris\001-CASIA-Iris-Thousand\919\L\S5919L02.jpg,iris,True,919,919,CASIA-Iris-Thousand,"{""record1_meta"": {}, ""record2_meta"": {}}"
CASIA-Iris-Thousand_genuine_226,Iris\001-CASIA-Iris-Thousand\085\R\S5085R02.jpg,Iris\001-CASIA-Iris-Thousand\085\R\S5085R07.jpg,iris,True,085,085,CASIA-Iris-Thousand,"{""record1_meta"": {}, ""record2_meta"": {}}"
CASIA-Iris-Thousand_genuine_227,Iris\001-CASIA-Iris-Thousand\333\L\S5333L05.jpg,Iris\001-CASIA-Iris-Thousand\333\L\S5333L08.jpg,iris,True,333,333,CASIA-Iris-Thousand,"{""record1_meta"": {}, ""record2_meta"": {}}"
CASIA-Iris-Thousand_genuine_228,Iris\001-CASIA-Iris-Thousand\098\L\S5098L01.jpg,Iris\001-CASIA-Iris-Thousand\098\L\S5098L07.jpg,iris,True,098,098,CASIA-Iris-Thousand,"{""record1_meta"": {}, ""record2_meta"": {}}"
CASIA-Iris-Thousand_genuine_229,Iris\001-CASIA-Iris-Thousand\045\R\S5045R02.jpg,Iris\001-CASIA-Iris-Thousand\045\R\S5045R08.jpg,iris,True,045,045,CASIA-Iris-Thousand,"{""record1_meta"": {}, ""record2_meta"": {}}"
CASIA-Iris-Thousand_genuine_230,Iris\001-CASIA-Iris-Thousand\481\L\S5481L02.jpg,Iris\001-CASIA-Iris-Thousand\481\L\S5481L05.jpg,iris,True,481,481,CASIA-Iris-Thousand,"{""record1_meta"": {}, ""record2_meta"": {}}"
CASIA-Iris-Thousand_genuine_231,Iris\001-CASIA-Iris-Thousand\103\L\S5103L02.jpg,Iris\001-CASIA-Iris-Thousand\103\L\S5103L03.jpg,iris,True,103,103,CASIA-Iris-Thousand,"{""record1_meta"": {}, ""record2_meta"": {}}"
CASIA-Iris-Thousand_genuine_232,Iris\001-CASIA-Iris-Thousand\748\R\S5748R03.jpg,Iris\001-CASIA-Iris-Thousand\748\R\S5748R06.jpg,iris,True,748,748,CASIA-Iris-Thousand,"{""record1_meta"": {}, ""record2_meta"": {}}"
CASIA-Iris-Thousand_genuine_233,Iris\001-CASIA-Iris-Thousand\346\R\S5346R01.jpg,Iris\001-CASIA-Iris-Thousand\346\R\S5346R03.jpg,iris,True,346,346,CASIA-Iris-Thousand,"{""record1_meta"": {}, ""record2_meta"": {}}"
CASIA-Iris-Thousand_genuine_234,Iris\001-CASIA-Iris-Thousand\405\R\S5405R00.jpg,Iris\001-CASIA-Iris-Thousand\405\R\S5405R06.jpg,iris,True,405,405,CASIA-Iris-Thousand,"{""record1_meta"": {}, ""record2_meta"": {}}"
CASIA-Iris-Thousand_genuine_235,Iris\001-CASIA-Iris-Thousand\974\L\S5974L03.jpg,Iris\001-CASIA-Iris-Thousand\974\L\S5974L04.jpg,iris,True,974,974,CASIA-Iris-Thousand,"{""record1_meta"": {}, ""record2_meta"": {}}"
CASIA-Iris-Thousand_genuine_236,Iris\001-CASIA-Iris-Thousand\706\R\S5706R06.jpg,Iris\001-CASIA-Iris-Thousand\706\R\S5706R07.jpg,iris,True,706,706,CASIA-Iris-Thousand,"{""record1_meta"": {}, ""record2_meta"": {}}"
CASIA-Iris-Thousand_genuine_237,Iris\001-CASIA-Iris-Thousand\312\L\S5312L00.jpg,Iris\001-CASIA-Iris-Thousand\312\L\S5312L01.jpg,iris,True,312,312,CASIA-Iris-Thousand,"{""record1_meta"": {}, ""record2_meta"": {}}"
CASIA-Iris-Thousand_genuine_238,Iris\001-CASIA-Iris-Thousand\785\L\S5785L03.jpg,Iris\001-CASIA-Iris-Thousand\785\L\S5785L08.jpg,iris,True,785,785,CASIA-Iris-Thousand,"{""record1_meta"": {}, ""record2_meta"": {}}"
CASIA-Iris-Thousand_genuine_239,Iris\001-CASIA-Iris-Thousand\192\R\S5192R02.jpg,Iris\001-CASIA-Iris-Thousand\192\R\S5192R03.jpg,iris,True,192,192,CASIA-Iris-Thousand,"{""record1_meta"": {}, ""record2_meta"": {}}"
CASIA-Iris-Thousand_genuine_240,Iris\001-CASIA-Iris-Thousand\831\R\S5831R01.jpg,Iris\001-CASIA-Iris-Thousand\831\R\S5831R05.jpg,iris,True,831,831,CASIA-Iris-Thousand,"{""record1_meta"": {}, ""record2_meta"": {}}"
CASIA-Iris-Thousand_genuine_241,Iris\001-CASIA-Iris-Thousand\839\L\S5839L01.jpg,Iris\001-CASIA-Iris-Thousand\839\L\S5839L08.jpg,iris,True,839,839,CASIA-Iris-Thousand,"{""record1_meta"": {}, ""record2_meta"": {}}"
CASIA-Iris-Thousand_genuine_242,Iris\001-CASIA-Iris-Thousand\688\L\S5688L04.jpg,Iris\001-CASIA-Iris-Thousand\688\L\S5688L08.jpg,iris,True,688,688,CASIA-Iris-Thousand,"{""record1_meta"": {}, ""record2_meta"": {}}"
CASIA-Iris-Thousand_genuine_243,Iris\001-CASIA-Iris-Thousand\353\R\S5353R05.jpg,Iris\001-CASIA-Iris-Thousand\353\R\S5353R06.jpg,iris,True,353,353,CASIA-Iris-Thousand,"{""record1_meta"": {}, ""record2_meta"": {}}"
CASIA-Iris-Thousand_genuine_244,Iris\001-CASIA-Iris-Thousand\688\R\S5688R03.jpg,Iris\001-CASIA-Iris-Thousand\688\R\S5688R08.jpg,iris,True,688,688,CASIA-Iris-Thousand,"{""record1_meta"": {}, ""record2_meta"": {}}"
CASIA-Iris-Thousand_genuine_245,Iris\001-CASIA-Iris-Thousand\592\R\S5592R03.jpg,Iris\001-CASIA-Iris-Thousand\592\R\S5592R09.jpg,iris,True,592,592,CASIA-Iris-Thousand,"{""record1_meta"": {}, ""record2_meta"": {}}"
CASIA-Iris-Thousand_genuine_246,Iris\001-CASIA-Iris-Thousand\277\L\S5277L03.jpg,Iris\001-CASIA-Iris-Thousand\277\L\S5277L07.jpg,iris,True,277,277,CASIA-Iris-Thousand,"{""record1_meta"": {}, ""record2_meta"": {}}"
CASIA-Iris-Thousand_genuine_247,Iris\001-CASIA-Iris-Thousand\137\L\S5137L04.jpg,Iris\001-CASIA-Iris-Thousand\137\L\S5137L08.jpg,iris,True,137,137,CASIA-Iris-Thousand,"{""record1_meta"": {}, ""record2_meta"": {}}"
CASIA-Iris-Thousand_genuine_248,Iris\001-CASIA-Iris-Thousand\141\L\S5141L01.jpg,Iris\001-CASIA-Iris-Thousand\141\L\S5141L07.jpg,iris,True,141,141,CASIA-Iris-Thousand,"{""record1_meta"": {}, ""record2_meta"": {}}"
CASIA-Iris-Thousand_genuine_249,Iris\001-CASIA-Iris-Thousand\959\R\S5959R02.jpg,Iris\001-CASIA-Iris-Thousand\959\R\S5959R05.jpg,iris,True,959,959,CASIA-Iris-Thousand,"{""record1_meta"": {}, ""record2_meta"": {}}"
CASIA-Iris-Thousand_impostor_0,Iris\001-CASIA-Iris-Thousand\390\R\S5390R01.jpg,Iris\001-CASIA-Iris-Thousand\937\R\S5937R06.jpg,iris,False,390,937,CASIA-Iris-Thousand,"{""record1_meta"": {}, ""record2_meta"": {}}"
CASIA-Iris-Thousand_impostor_1,Iris\001-CASIA-Iris-Thousand\132\R\S5132R06.jpg,Iris\001-CASIA-Iris-Thousand\105\R\S5105R08.jpg,iris,False,132,105,CASIA-Iris-Thousand,"{""record1_meta"": {}, ""record2_meta"": {}}"
CASIA-Iris-Thousand_impostor_2,Iris\001-CASIA-Iris-Thousand\116\L\S5116L09.jpg,Iris\001-CASIA-Iris-Thousand\954\L\S5954L03.jpg,iris,False,116,954,CASIA-Iris-Thousand,"{""record1_meta"": {}, ""record2_meta"": {}}"
CASIA-Iris-Thousand_impostor_3,Iris\001-CASIA-Iris-Thousand\316\L\S5316L02.jpg,Iris\001-CASIA-Iris-Thousand\682\L\S5682L01.jpg,iris,False,316,682,CASIA-Iris-Thousand,"{""record1_meta"": {}, ""record2_meta"": {}}"
CASIA-Iris-Thousand_impostor_4,Iris\001-CASIA-Iris-Thousand\930\R\S5930R07.jpg,Iris\001-CASIA-Iris-Thousand\355\R\S5355R08.jpg,iris,False,930,355,CASIA-Iris-Thousand,"{""record1_meta"": {}, ""record2_meta"": {}}"
CASIA-Iris-Thousand_impostor_5,Iris\001-CASIA-Iris-Thousand\202\R\S5202R09.jpg,Iris\001-CASIA-Iris-Thousand\743\R\S5743R07.jpg,iris,False,202,743,CASIA-Iris-Thousand,"{""record1_meta"": {}, ""record2_meta"": {}}"
CASIA-Iris-Thousand_impostor_6,Iris\001-CASIA-Iris-Thousand\981\R\S5981R05.jpg,Iris\001-CASIA-Iris-Thousand\627\R\S5627R05.jpg,iris,False,981,627,CASIA-Iris-Thousand,"{""record1_meta"": {}, ""record2_meta"": {}}"
CASIA-Iris-Thousand_impostor_7,Iris\001-CASIA-Iris-Thousand\080\L\S5080L09.jpg,Iris\001-CASIA-Iris-Thousand\440\L\S5440L02.jpg,iris,False,080,440,CASIA-Iris-Thousand,"{""record1_meta"": {}, ""record2_meta"": {}}"
CASIA-Iris-Thousand_impostor_8,Iris\001-CASIA-Iris-Thousand\576\R\S5576R03.jpg,Iris\001-CASIA-Iris-Thousand\495\R\S5495R05.jpg,iris,False,576,495,CASIA-Iris-Thousand,"{""record1_meta"": {}, ""record2_meta"": {}}"
CASIA-Iris-Thousand_impostor_9,Iris\001-CASIA-Iris-Thousand\164\R\S5164R03.jpg,Iris\001-CASIA-Iris-Thousand\188\R\S5188R09.jpg,iris,False,164,188,CASIA-Iris-Thousand,"{""record1_meta"": {}, ""record2_meta"": {}}"
CASIA-Iris-Thousand_impostor_10,Iris\001-CASIA-Iris-Thousand\516\R\S5516R01.jpg,Iris\001-CASIA-Iris-Thousand\173\R\S5173R05.jpg,iris,False,516,173,CASIA-Iris-Thousand,"{""record1_meta"": {}, ""record2_meta"": {}}"
CASIA-Iris-Thousand_impostor_11,Iris\001-CASIA-Iris-Thousand\035\R\S5035R05.jpg,Iris\001-CASIA-Iris-Thousand\679\R\S5679R05.jpg,iris,False,035,679,CASIA-Iris-Thousand,"{""record1_meta"": {}, ""record2_meta"": {}}"
CASIA-Iris-Thousand_impostor_12,Iris\001-CASIA-Iris-Thousand\105\L\S5105L04.jpg,Iris\001-CASIA-Iris-Thousand\149\L\S5149L03.jpg,iris,False,105,149,CASIA-Iris-Thousand,"{""record1_meta"": {}, ""record2_meta"": {}}"
CASIA-Iris-Thousand_impostor_13,Iris\001-CASIA-Iris-Thousand\992\R\S5992R06.jpg,Iris\001-CASIA-Iris-Thousand\170\R\S5170R07.jpg,iris,False,992,170,CASIA-Iris-Thousand,"{""record1_meta"": {}, ""record2_meta"": {}}"
CASIA-Iris-Thousand_impostor_14,Iris\001-CASIA-Iris-Thousand\326\L\S5326L09.jpg,Iris\001-CASIA-Iris-Thousand\591\L\S5591L05.jpg,iris,False,326,591,CASIA-Iris-Thousand,"{""record1_meta"": {}, ""record2_meta"": {}}"
CASIA-Iris-Thousand_impostor_15,Iris\001-CASIA-Iris-Thousand\631\R\S5631R04.jpg,Iris\001-CASIA-Iris-Thousand\675\R\S5675R09.jpg,iris,False,631,675,CASIA-Iris-Thousand,"{""record1_meta"": {}, ""record2_meta"": {}}"
CASIA-Iris-Thousand_impostor_16,Iris\001-CASIA-Iris-Thousand\270\R\S5270R03.jpg,Iris\001-CASIA-Iris-Thousand\378\R\S5378R00.jpg,iris,False,270,378,CASIA-Iris-Thousand,"{""record1_meta"": {}, ""record2_meta"": {}}"
CASIA-Iris-Thousand_impostor_17,Iris\001-CASIA-Iris-Thousand\429\L\S5429L05.jpg,Iris\001-CASIA-Iris-Thousand\464\L\S5464L02.jpg,iris,False,429,464,CASIA-Iris-Thousand,"{""record1_meta"": {}, ""record2_meta"": {}}"
CASIA-Iris-Thousand_impostor_18,Iris\001-CASIA-Iris-Thousand\685\L\S5685L02.jpg,Iris\001-CASIA-Iris-Thousand\097\L\S5097L02.jpg,iris,False,685,097,CASIA-Iris-Thousand,"{""record1_meta"": {}, ""record2_meta"": {}}"
CASIA-Iris-Thousand_impostor_19,Iris\001-CASIA-Iris-Thousand\050\R\S5050R07.jpg,Iris\001-CASIA-Iris-Thousand\763\R\S5763R04.jpg,iris,False,050,763,CASIA-Iris-Thousand,"{""record1_meta"": {}, ""record2_meta"": {}}"
CASIA-Iris-Thousand_impostor_20,Iris\001-CASIA-Iris-Thousand\069\L\S5069L03.jpg,Iris\001-CASIA-Iris-Thousand\691\L\S5691L06.jpg,iris,False,069,691,CASIA-Iris-Thousand,"{""record1_meta"": {}, ""record2_meta"": {}}"
CASIA-Iris-Thousand_impostor_21,Iris\001-CASIA-Iris-Thousand\854\R\S5854R03.jpg,Iris\001-CASIA-Iris-Thousand\258\R\S5258R01.jpg,iris,False,854,258,CASIA-Iris-Thousand,"{""record1_meta"": {}, ""record2_meta"": {}}"
CASIA-Iris-Thousand_impostor_22,Iris\001-CASIA-Iris-Thousand\051\L\S5051L07.jpg,Iris\001-CASIA-Iris-Thousand\598\L\S5598L08.jpg,iris,False,051,598,CASIA-Iris-Thousand,"{""record1_meta"": {}, ""record2_meta"": {}}"
CASIA-Iris-Thousand_impostor_23,Iris\001-CASIA-Iris-Thousand\312\R\S5312R00.jpg,Iris\001-CASIA-Iris-Thousand\536\R\S5536R05.jpg,iris,False,312,536,CASIA-Iris-Thousand,"{""record1_meta"": {}, ""record2_meta"": {}}"
CASIA-Iris-Thousand_impostor_24,Iris\001-CASIA-Iris-Thousand\964\L\S5964L03.jpg,Iris\001-CASIA-Iris-Thousand\732\L\S5732L01.jpg,iris,False,964,732,CASIA-Iris-Thousand,"{""record1_meta"": {}, ""record2_meta"": {}}"
CASIA-Iris-Thousand_impostor_25,Iris\001-CASIA-Iris-Thousand\083\L\S5083L09.jpg,Iris\001-CASIA-Iris-Thousand\429\L\S5429L09.jpg,iris,False,083,429,CASIA-Iris-Thousand,"{""record1_meta"": {}, ""record2_meta"": {}}"
CASIA-Iris-Thousand_impostor_26,Iris\001-CASIA-Iris-Thousand\989\L\S5989L05.jpg,Iris\001-CASIA-Iris-Thousand\654\L\S5654L09.jpg,iris,False,989,654,CASIA-Iris-Thousand,"{""record1_meta"": {}, ""record2_meta"": {}}"
CASIA-Iris-Thousand_impostor_27,Iris\001-CASIA-Iris-Thousand\930\L\S5930L02.jpg,Iris\001-CASIA-Iris-Thousand\272\L\S5272L01.jpg,iris,False,930,272,CASIA-Iris-Thousand,"{""record1_meta"": {}, ""record2_meta"": {}}"
CASIA-Iris-Thousand_impostor_28,Iris\001-CASIA-Iris-Thousand\911\R\S5911R02.jpg,Iris\001-CASIA-Iris-Thousand\444\R\S5444R00.jpg,iris,False,911,444,CASIA-Iris-Thousand,"{""record1_meta"": {}, ""record2_meta"": {}}"
CASIA-Iris-Thousand_impostor_29,Iris\001-CASIA-Iris-Thousand\185\L\S5185L06.jpg,Iris\001-CASIA-Iris-Thousand\599\L\S5599L07.jpg,iris,False,185,599,CASIA-Iris-Thousand,"{""record1_meta"": {}, ""record2_meta"": {}}"
CASIA-Iris-Thousand_impostor_30,Iris\001-CASIA-Iris-Thousand\483\R\S5483R02.jpg,Iris\001-CASIA-Iris-Thousand\669\R\S5669R05.jpg,iris,False,483,669,CASIA-Iris-Thousand,"{""record1_meta"": {}, ""record2_meta"": {}}"
CASIA-Iris-Thousand_impostor_31,Iris\001-CASIA-Iris-Thousand\624\L\S5624L02.jpg,Iris\001-CASIA-Iris-Thousand\665\L\S5665L07.jpg,iris,False,624,665,CASIA-Iris-Thousand,"{""record1_meta"": {}, ""record2_meta"": {}}"
CASIA-Iris-Thousand_impostor_32,Iris\001-CASIA-Iris-Thousand\477\L\S5477L07.jpg,Iris\001-CASIA-Iris-Thousand\100\L\S5100L05.jpg,iris,False,477,100,CASIA-Iris-Thousand,"{""record1_meta"": {}, ""record2_meta"": {}}"
CASIA-Iris-Thousand_impostor_33,Iris\001-CASIA-Iris-Thousand\893\L\S5893L00.jpg,Iris\001-CASIA-Iris-Thousand\256\L\S5256L07.jpg,iris,False,893,256,CASIA-Iris-Thousand,"{""record1_meta"": {}, ""record2_meta"": {}}"
CASIA-Iris-Thousand_impostor_34,Iris\001-CASIA-Iris-Thousand\449\R\S5449R03.jpg,Iris\001-CASIA-Iris-Thousand\010\R\S5010R08.jpg,iris,False,449,010,CASIA-Iris-Thousand,"{""record1_meta"": {}, ""record2_meta"": {}}"
CASIA-Iris-Thousand_impostor_35,Iris\001-CASIA-Iris-Thousand\046\L\S5046L02.jpg,Iris\001-CASIA-Iris-Thousand\039\L\S5039L05.jpg,iris,False,046,039,CASIA-Iris-Thousand,"{""record1_meta"": {}, ""record2_meta"": {}}"
CASIA-Iris-Thousand_impostor_36,Iris\001-CASIA-Iris-Thousand\219\L\S5219L04.jpg,Iris\001-CASIA-Iris-Thousand\626\L\S5626L07.jpg,iris,False,219,626,CASIA-Iris-Thousand,"{""record1_meta"": {}, ""record2_meta"": {}}"
CASIA-Iris-Thousand_impostor_37,Iris\001-CASIA-Iris-Thousand\226\L\S5226L02.jpg,Iris\001-CASIA-Iris-Thousand\341\L\S5341L01.jpg,iris,False,226,341,CASIA-Iris-Thousand,"{""record1_meta"": {}, ""record2_meta"": {}}"
CASIA-Iris-Thousand_impostor_38,Iris\001-CASIA-Iris-Thousand\620\L\S5620L01.jpg,Iris\001-CASIA-Iris-Thousand\523\L\S5523L06.jpg,iris,False,620,523,CASIA-Iris-Thousand,"{""record1_meta"": {}, ""record2_meta"": {}}"
CASIA-Iris-Thousand_impostor_39,Iris\001-CASIA-Iris-Thousand\565\L\S5565L06.jpg,Iris\001-CASIA-Iris-Thousand\151\L\S5151L02.jpg,iris,False,565,151,CASIA-Iris-Thousand,"{""record1_meta"": {}, ""record2_meta"": {}}"
CASIA-Iris-Thousand_impostor_40,Iris\001-CASIA-Iris-Thousand\372\R\S5372R00.jpg,Iris\001-CASIA-Iris-Thousand\845\R\S5845R03.jpg,iris,False,372,845,CASIA-Iris-Thousand,"{""record1_meta"": {}, ""record2_meta"": {}}"
CASIA-Iris-Thousand_impostor_41,Iris\001-CASIA-Iris-Thousand\880\L\S5880L06.jpg,Iris\001-CASIA-Iris-Thousand\602\L\S5602L04.jpg,iris,False,880,602,CASIA-Iris-Thousand,"{""record1_meta"": {}, ""record2_meta"": {}}"
CASIA-Iris-Thousand_impostor_42,Iris\001-CASIA-Iris-Thousand\919\L\S5919L07.jpg,Iris\001-CASIA-Iris-Thousand\225\L\S5225L03.jpg,iris,False,919,225,CASIA-Iris-Thousand,"{""record1_meta"": {}, ""record2_meta"": {}}"
CASIA-Iris-Thousand_impostor_43,Iris\001-CASIA-Iris-Thousand\856\R\S5856R01.jpg,Iris\001-CASIA-Iris-Thousand\498\R\S5498R09.jpg,iris,False,856,498,CASIA-Iris-Thousand,"{""record1_meta"": {}, ""record2_meta"": {}}"
CASIA-Iris-Thousand_impostor_44,Iris\001-CASIA-Iris-Thousand\428\R\S5428R01.jpg,Iris\001-CASIA-Iris-Thousand\850\R\S5850R08.jpg,iris,False,428,850,CASIA-Iris-Thousand,"{""record1_meta"": {}, ""record2_meta"": {}}"
CASIA-Iris-Thousand_impostor_45,Iris\001-CASIA-Iris-Thousand\044\R\S5044R03.jpg,Iris\001-CASIA-Iris-Thousand\303\R\S5303R05.jpg,iris,False,044,303,CASIA-Iris-Thousand,"{""record1_meta"": {}, ""record2_meta"": {}}"
CASIA-Iris-Thousand_impostor_46,Iris\001-CASIA-Iris-Thousand\377\R\S5377R06.jpg,Iris\001-CASIA-Iris-Thousand\919\R\S5919R01.jpg,iris,False,377,919,CASIA-Iris-Thousand,"{""record1_meta"": {}, ""record2_meta"": {}}"
CASIA-Iris-Thousand_impostor_47,Iris\001-CASIA-Iris-Thousand\763\R\S5763R08.jpg,Iris\001-CASIA-Iris-Thousand\050\R\S5050R06.jpg,iris,False,763,050,CASIA-Iris-Thousand,"{""record1_meta"": {}, ""record2_meta"": {}}"
CASIA-Iris-Thousand_impostor_48,Iris\001-CASIA-Iris-Thousand\925\L\S5925L03.jpg,Iris\001-CASIA-Iris-Thousand\855\L\S5855L05.jpg,iris,False,925,855,CASIA-Iris-Thousand,"{""record1_meta"": {}, ""record2_meta"": {}}"
CASIA-Iris-Thousand_impostor_49,Iris\001-CASIA-Iris-Thousand\893\R\S5893R02.jpg,Iris\001-CASIA-Iris-Thousand\686\R\S5686R02.jpg,iris,False,893,686,CASIA-Iris-Thousand,"{""record1_meta"": {}, ""record2_meta"": {}}"
CASIA-Iris-Thousand_impostor_50,Iris\001-CASIA-Iris-Thousand\076\R\S5076R01.jpg,Iris\001-CASIA-Iris-Thousand\740\R\S5740R04.jpg,iris,False,076,740,CASIA-Iris-Thousand,"{""record1_meta"": {}, ""record2_meta"": {}}"
CASIA-Iris-Thousand_impostor_51,Iris\001-CASIA-Iris-Thousand\699\R\S5699R02.jpg,Iris\001-CASIA-Iris-Thousand\256\R\S5256R00.jpg,iris,False,699,256,CASIA-Iris-Thousand,"{""record1_meta"": {}, ""record2_meta"": {}}"
CASIA-Iris-Thousand_impostor_52,Iris\001-CASIA-Iris-Thousand\895\L\S5895L07.jpg,Iris\001-CASIA-Iris-Thousand\865\L\S5865L01.jpg,iris,False,895,865,CASIA-Iris-Thousand,"{""record1_meta"": {}, ""record2_meta"": {}}"
CASIA-Iris-Thousand_impostor_53,Iris\001-CASIA-Iris-Thousand\098\R\S5098R07.jpg,Iris\001-CASIA-Iris-Thousand\181\R\S5181R09.jpg,iris,False,098,181,CASIA-Iris-Thousand,"{""record1_meta"": {}, ""record2_meta"": {}}"
CASIA-Iris-Thousand_impostor_54,Iris\001-CASIA-Iris-Thousand\747\R\S5747R08.jpg,Iris\001-CASIA-Iris-Thousand\748\R\S5748R04.jpg,iris,False,747,748,CASIA-Iris-Thousand,"{""record1_meta"": {}, ""record2_meta"": {}}"
CASIA-Iris-Thousand_impostor_55,Iris\001-CASIA-Iris-Thousand\044\L\S5044L07.jpg,Iris\001-CASIA-Iris-Thousand\325\L\S5325L06.jpg,iris,False,044,325,CASIA-Iris-Thousand,"{""record1_meta"": {}, ""record2_meta"": {}}"
CASIA-Iris-Thousand_impostor_56,Iris\001-CASIA-Iris-Thousand\299\L\S5299L02.jpg,Iris\001-CASIA-Iris-Thousand\714\L\S5714L07.jpg,iris,False,299,714,CASIA-Iris-Thousand,"{""record1_meta"": {}, ""record2_meta"": {}}"
CASIA-Iris-Thousand_impostor_57,Iris\001-CASIA-Iris-Thousand\089\R\S5089R06.jpg,Iris\001-CASIA-Iris-Thousand\747\R\S5747R08.jpg,iris,False,089,747,CASIA-Iris-Thousand,"{""record1_meta"": {}, ""record2_meta"": {}}"
CASIA-Iris-Thousand_impostor_58,Iris\001-CASIA-Iris-Thousand\855\R\S5855R07.jpg,Iris\001-CASIA-Iris-Thousand\394\R\S5394R06.jpg,iris,False,855,394,CASIA-Iris-Thousand,"{""record1_meta"": {}, ""record2_meta"": {}}"
CASIA-Iris-Thousand_impostor_59,Iris\001-CASIA-Iris-Thousand\634\L\S5634L03.jpg,Iris\001-CASIA-Iris-Thousand\699\L\S5699L07.jpg,iris,False,634,699,CASIA-Iris-Thousand,"{""record1_meta"": {}, ""record2_meta"": {}}"
CASIA-Iris-Thousand_impostor_60,Iris\001-CASIA-Iris-Thousand\649\L\S5649L07.jpg,Iris\001-CASIA-Iris-Thousand\279\L\S5279L07.jpg,iris,False,649,279,CASIA-Iris-Thousand,"{""record1_meta"": {}, ""record2_meta"": {}}"
CASIA-Iris-Thousand_impostor_61,Iris\001-CASIA-Iris-Thousand\619\R\S5619R06.jpg,Iris\001-CASIA-Iris-Thousand\660\R\S5660R04.jpg,iris,False,619,660,CASIA-Iris-Thousand,"{""record1_meta"": {}, ""record2_meta"": {}}"
CASIA-Iris-Thousand_impostor_62,Iris\001-CASIA-Iris-Thousand\827\R\S5827R09.jpg,Iris\001-CASIA-Iris-Thousand\184\R\S5184R03.jpg,iris,False,827,184,CASIA-Iris-Thousand,"{""record1_meta"": {}, ""record2_meta"": {}}"
CASIA-Iris-Thousand_impostor_63,Iris\001-CASIA-Iris-Thousand\157\R\S5157R05.jpg,Iris\001-CASIA-Iris-Thousand\950\R\S5950R09.jpg,iris,False,157,950,CASIA-Iris-Thousand,"{""record1_meta"": {}, ""record2_meta"": {}}"
CASIA-Iris-Thousand_impostor_64,Iris\001-CASIA-Iris-Thousand\882\R\S5882R04.jpg,Iris\001-CASIA-Iris-Thousand\283\R\S5283R04.jpg,iris,False,882,283,CASIA-Iris-Thousand,"{""record1_meta"": {}, ""record2_meta"": {}}"
CASIA-Iris-Thousand_impostor_65,Iris\001-CASIA-Iris-Thousand\460\R\S5460R04.jpg,Iris\001-CASIA-Iris-Thousand\302\R\S5302R08.jpg,iris,False,460,302,CASIA-Iris-Thousand,"{""record1_meta"": {}, ""record2_meta"": {}}"
CASIA-Iris-Thousand_impostor_66,Iris\001-CASIA-Iris-Thousand\618\R\S5618R09.jpg,Iris\001-CASIA-Iris-Thousand\178\R\S5178R02.jpg,iris,False,618,178,CASIA-Iris-Thousand,"{""record1_meta"": {}, ""record2_meta"": {}}"
CASIA-Iris-Thousand_impostor_67,Iris\001-CASIA-Iris-Thousand\225\L\S5225L09.jpg,Iris\001-CASIA-Iris-Thousand\404\L\S5404L00.jpg,iris,False,225,404,CASIA-Iris-Thousand,"{""record1_meta"": {}, ""record2_meta"": {}}"
CASIA-Iris-Thousand_impostor_68,Iris\001-CASIA-Iris-Thousand\712\R\S5712R09.jpg,Iris\001-CASIA-Iris-Thousand\214\R\S5214R00.jpg,iris,False,712,214,CASIA-Iris-Thousand,"{""record1_meta"": {}, ""record2_meta"": {}}"
CASIA-Iris-Thousand_impostor_69,Iris\001-CASIA-Iris-Thousand\726\L\S5726L04.jpg,Iris\001-CASIA-Iris-Thousand\162\L\S5162L08.jpg,iris,False,726,162,CASIA-Iris-Thousand,"{""record1_meta"": {}, ""record2_meta"": {}}"
CASIA-Iris-Thousand_impostor_70,Iris\001-CASIA-Iris-Thousand\811\R\S5811R09.jpg,Iris\001-CASIA-Iris-Thousand\493\R\S5493R00.jpg,iris,False,811,493,CASIA-Iris-Thousand,"{""record1_meta"": {}, ""record2_meta"": {}}"
CASIA-Iris-Thousand_impostor_71,Iris\001-CASIA-Iris-Thousand\498\L\S5498L04.jpg,Iris\001-CASIA-Iris-Thousand\539\L\S5539L00.jpg,iris,False,498,539,CASIA-Iris-Thousand,"{""record1_meta"": {}, ""record2_meta"": {}}"
CASIA-Iris-Thousand_impostor_72,Iris\001-CASIA-Iris-Thousand\829\L\S5829L05.jpg,Iris\001-CASIA-Iris-Thousand\698\L\S5698L05.jpg,iris,False,829,698,CASIA-Iris-Thousand,"{""record1_meta"": {}, ""record2_meta"": {}}"
CASIA-Iris-Thousand_impostor_73,Iris\001-CASIA-Iris-Thousand\934\L\S5934L05.jpg,Iris\001-CASIA-Iris-Thousand\545\L\S5545L08.jpg,iris,False,934,545,CASIA-Iris-Thousand,"{""record1_meta"": {}, ""record2_meta"": {}}"
CASIA-Iris-Thousand_impostor_74,Iris\001-CASIA-Iris-Thousand\758\L\S5758L00.jpg,Iris\001-CASIA-Iris-Thousand\521\L\S5521L00.jpg,iris,False,758,521,CASIA-Iris-Thousand,"{""record1_meta"": {}, ""record2_meta"": {}}"
CASIA-Iris-Thousand_impostor_75,Iris\001-CASIA-Iris-Thousand\470\R\S5470R05.jpg,Iris\001-CASIA-Iris-Thousand\734\R\S5734R00.jpg,iris,False,470,734,CASIA-Iris-Thousand,"{""record1_meta"": {}, ""record2_meta"": {}}"
CASIA-Iris-Thousand_impostor_76,Iris\001-CASIA-Iris-Thousand\561\R\S5561R07.jpg,Iris\001-CASIA-Iris-Thousand\162\R\S5162R06.jpg,iris,False,561,162,CASIA-Iris-Thousand,"{""record1_meta"": {}, ""record2_meta"": {}}"
CASIA-Iris-Thousand_impostor_77,Iris\001-CASIA-Iris-Thousand\506\L\S5506L05.jpg,Iris\001-CASIA-Iris-Thousand\871\L\S5871L02.jpg,iris,False,506,871,CASIA-Iris-Thousand,"{""record1_meta"": {}, ""record2_meta"": {}}"
CASIA-Iris-Thousand_impostor_78,Iris\001-CASIA-Iris-Thousand\771\R\S5771R00.jpg,Iris\001-CASIA-Iris-Thousand\554\R\S5554R05.jpg,iris,False,771,554,CASIA-Iris-Thousand,"{""record1_meta"": {}, ""record2_meta"": {}}"
CASIA-Iris-Thousand_impostor_79,Iris\001-CASIA-Iris-Thousand\910\L\S5910L05.jpg,Iris\001-CASIA-Iris-Thousand\012\L\S5012L05.jpg,iris,False,910,012,CASIA-Iris-Thousand,"{""record1_meta"": {}, ""record2_meta"": {}}"
CASIA-Iris-Thousand_impostor_80,Iris\001-CASIA-Iris-Thousand\104\R\S5104R08.jpg,Iris\001-CASIA-Iris-Thousand\211\R\S5211R05.jpg,iris,False,104,211,CASIA-Iris-Thousand,"{""record1_meta"": {}, ""record2_meta"": {}}"
CASIA-Iris-Thousand_impostor_81,Iris\001-CASIA-Iris-Thousand\597\L\S5597L00.jpg,Iris\001-CASIA-Iris-Thousand\361\L\S5361L00.jpg,iris,False,597,361,CASIA-Iris-Thousand,"{""record1_meta"": {}, ""record2_meta"": {}}"
CASIA-Iris-Thousand_impostor_82,Iris\001-CASIA-Iris-Thousand\453\R\S5453R02.jpg,Iris\001-CASIA-Iris-Thousand\641\R\S5641R02.jpg,iris,False,453,641,CASIA-Iris-Thousand,"{""record1_meta"": {}, ""record2_meta"": {}}"
CASIA-Iris-Thousand_impostor_83,Iris\001-CASIA-Iris-Thousand\169\L\S5169L02.jpg,Iris\001-CASIA-Iris-Thousand\630\L\S5630L03.jpg,iris,False,169,630,CASIA-Iris-Thousand,"{""record1_meta"": {}, ""record2_meta"": {}}"
CASIA-Iris-Thousand_impostor_84,Iris\001-CASIA-Iris-Thousand\720\R\S5720R08.jpg,Iris\001-CASIA-Iris-Thousand\991\R\S5991R04.jpg,iris,False,720,991,CASIA-Iris-Thousand,"{""record1_meta"": {}, ""record2_meta"": {}}"
CASIA-Iris-Thousand_impostor_85,Iris\001-CASIA-Iris-Thousand\518\R\S5518R05.jpg,Iris\001-CASIA-Iris-Thousand\563\R\S5563R00.jpg,iris,False,518,563,CASIA-Iris-Thousand,"{""record1_meta"": {}, ""record2_meta"": {}}"
CASIA-Iris-Thousand_impostor_86,Iris\001-CASIA-Iris-Thousand\764\R\S5764R08.jpg,Iris\001-CASIA-Iris-Thousand\400\R\S5400R04.jpg,iris,False,764,400,CASIA-Iris-Thousand,"{""record1_meta"": {}, ""record2_meta"": {}}"
CASIA-Iris-Thousand_impostor_87,Iris\001-CASIA-Iris-Thousand\539\R\S5539R02.jpg,Iris\001-CASIA-Iris-Thousand\858\R\S5858R00.jpg,iris,False,539,858,CASIA-Iris-Thousand,"{""record1_meta"": {}, ""record2_meta"": {}}"
CASIA-Iris-Thousand_impostor_88,Iris\001-CASIA-Iris-Thousand\500\L\S5500L08.jpg,Iris\001-CASIA-Iris-Thousand\093\L\S5093L07.jpg,iris,False,500,093,CASIA-Iris-Thousand,"{""record1_meta"": {}, ""record2_meta"": {}}"
CASIA-Iris-Thousand_impostor_89,Iris\001-CASIA-Iris-Thousand\316\L\S5316L07.jpg,Iris\001-CASIA-Iris-Thousand\407\L\S5407L08.jpg,iris,False,316,407,CASIA-Iris-Thousand,"{""record1_meta"": {}, ""record2_meta"": {}}"
CASIA-Iris-Thousand_impostor_90,Iris\001-CASIA-Iris-Thousand\607\L\S5607L07.jpg,Iris\001-CASIA-Iris-Thousand\111\L\S5111L08.jpg,iris,False,607,111,CASIA-Iris-Thousand,"{""record1_meta"": {}, ""record2_meta"": {}}"
CASIA-Iris-Thousand_impostor_91,Iris\001-CASIA-Iris-Thousand\664\R\S5664R08.jpg,Iris\001-CASIA-Iris-Thousand\760\R\S5760R04.jpg,iris,False,664,760,CASIA-Iris-Thousand,"{""record1_meta"": {}, ""record2_meta"": {}}"
CASIA-Iris-Thousand_impostor_92,Iris\001-CASIA-Iris-Thousand\330\L\S5330L03.jpg,Iris\001-CASIA-Iris-Thousand\872\L\S5872L01.jpg,iris,False,330,872,CASIA-Iris-Thousand,"{""record1_meta"": {}, ""record2_meta"": {}}"
CASIA-Iris-Thousand_impostor_93,Iris\001-CASIA-Iris-Thousand\288\L\S5288L09.jpg,Iris\001-CASIA-Iris-Thousand\506\L\S5506L07.jpg,iris,False,288,506,CASIA-Iris-Thousand,"{""record1_meta"": {}, ""record2_meta"": {}}"
CASIA-Iris-Thousand_impostor_94,Iris\001-CASIA-Iris-Thousand\611\R\S5611R00.jpg,Iris\001-CASIA-Iris-Thousand\236\R\S5236R08.jpg,iris,False,611,236,CASIA-Iris-Thousand,"{""record1_meta"": {}, ""record2_meta"": {}}"
CASIA-Iris-Thousand_impostor_95,Iris\001-CASIA-Iris-Thousand\854\L\S5854L07.jpg,Iris\001-CASIA-Iris-Thousand\083\L\S5083L00.jpg,iris,False,854,083,CASIA-Iris-Thousand,"{""record1_meta"": {}, ""record2_meta"": {}}"
CASIA-Iris-Thousand_impostor_96,Iris\001-CASIA-Iris-Thousand\012\L\S5012L06.jpg,Iris\001-CASIA-Iris-Thousand\298\L\S5298L06.jpg,iris,False,012,298,CASIA-Iris-Thousand,"{""record1_meta"": {}, ""record2_meta"": {}}"
CASIA-Iris-Thousand_impostor_97,Iris\001-CASIA-Iris-Thousand\342\L\S5342L09.jpg,Iris\001-CASIA-Iris-Thousand\440\L\S5440L02.jpg,iris,False,342,440,CASIA-Iris-Thousand,"{""record1_meta"": {}, ""record2_meta"": {}}"
CASIA-Iris-Thousand_impostor_98,Iris\001-CASIA-Iris-Thousand\471\L\S5471L02.jpg,Iris\001-CASIA-Iris-Thousand\354\L\S5354L04.jpg,iris,False,471,354,CASIA-Iris-Thousand,"{""record1_meta"": {}, ""record2_meta"": {}}"
CASIA-Iris-Thousand_impostor_99,Iris\001-CASIA-Iris-Thousand\186\L\S5186L04.jpg,Iris\001-CASIA-Iris-Thousand\051\L\S5051L06.jpg,iris,False,186,051,CASIA-Iris-Thousand,"{""record1_meta"": {}, ""record2_meta"": {}}"
CASIA-Iris-Thousand_impostor_100,Iris\001-CASIA-Iris-Thousand\420\L\S5420L06.jpg,Iris\001-CASIA-Iris-Thousand\787\L\S5787L09.jpg,iris,False,420,787,CASIA-Iris-Thousand,"{""record1_meta"": {}, ""record2_meta"": {}}"
CASIA-Iris-Thousand_impostor_101,Iris\001-CASIA-Iris-Thousand\275\R\S5275R08.jpg,Iris\001-CASIA-Iris-Thousand\420\R\S5420R09.jpg,iris,False,275,420,CASIA-Iris-Thousand,"{""record1_meta"": {}, ""record2_meta"": {}}"
CASIA-Iris-Thousand_impostor_102,Iris\001-CASIA-Iris-Thousand\813\R\S5813R00.jpg,Iris\001-CASIA-Iris-Thousand\725\R\S5725R09.jpg,iris,False,813,725,CASIA-Iris-Thousand,"{""record1_meta"": {}, ""record2_meta"": {}}"
CASIA-Iris-Thousand_impostor_103,Iris\001-CASIA-Iris-Thousand\175\L\S5175L09.jpg,Iris\001-CASIA-Iris-Thousand\674\L\S5674L09.jpg,iris,False,175,674,CASIA-Iris-Thousand,"{""record1_meta"": {}, ""record2_meta"": {}}"
CASIA-Iris-Thousand_impostor_104,Iris\001-CASIA-Iris-Thousand\359\L\S5359L02.jpg,Iris\001-CASIA-Iris-Thousand\006\L\S5006L02.jpg,iris,False,359,006,CASIA-Iris-Thousand,"{""record1_meta"": {}, ""record2_meta"": {}}"
CASIA-Iris-Thousand_impostor_105,Iris\001-CASIA-Iris-Thousand\405\L\S5405L04.jpg,Iris\001-CASIA-Iris-Thousand\640\L\S5640L03.jpg,iris,False,405,640,CASIA-Iris-Thousand,"{""record1_meta"": {}, ""record2_meta"": {}}"
CASIA-Iris-Thousand_impostor_106,Iris\001-CASIA-Iris-Thousand\824\L\S5824L09.jpg,Iris\001-CASIA-Iris-Thousand\123\L\S5123L00.jpg,iris,False,824,123,CASIA-Iris-Thousand,"{""record1_meta"": {}, ""record2_meta"": {}}"
CASIA-Iris-Thousand_impostor_107,Iris\001-CASIA-Iris-Thousand\066\R\S5066R07.jpg,Iris\001-CASIA-Iris-Thousand\202\R\S5202R02.jpg,iris,False,066,202,CASIA-Iris-Thousand,"{""record1_meta"": {}, ""record2_meta"": {}}"
CASIA-Iris-Thousand_impostor_108,Iris\001-CASIA-Iris-Thousand\997\R\S5997R07.jpg,Iris\001-CASIA-Iris-Thousand\944\R\S5944R09.jpg,iris,False,997,944,CASIA-Iris-Thousand,"{""record1_meta"": {}, ""record2_meta"": {}}"
CASIA-Iris-Thousand_impostor_109,Iris\001-CASIA-Iris-Thousand\660\L\S5660L01.jpg,Iris\001-CASIA-Iris-Thousand\884\L\S5884L09.jpg,iris,False,660,884,CASIA-Iris-Thousand,"{""record1_meta"": {}, ""record2_meta"": {}}"
CASIA-Iris-Thousand_impostor_110,Iris\001-CASIA-Iris-Thousand\229\R\S5229R05.jpg,Iris\001-CASIA-Iris-Thousand\978\R\S5978R08.jpg,iris,False,229,978,CASIA-Iris-Thousand,"{""record1_meta"": {}, ""record2_meta"": {}}"
CASIA-Iris-Thousand_impostor_111,Iris\001-CASIA-Iris-Thousand\448\L\S5448L04.jpg,Iris\001-CASIA-Iris-Thousand\816\L\S5816L01.jpg,iris,False,448,816,CASIA-Iris-Thousand,"{""record1_meta"": {}, ""record2_meta"": {}}"
CASIA-Iris-Thousand_impostor_112,Iris\001-CASIA-Iris-Thousand\579\L\S5579L06.jpg,Iris\001-CASIA-Iris-Thousand\673\L\S5673L01.jpg,iris,False,579,673,CASIA-Iris-Thousand,"{""record1_meta"": {}, ""record2_meta"": {}}"
CASIA-Iris-Thousand_impostor_113,Iris\001-CASIA-Iris-Thousand\985\R\S5985R08.jpg,Iris\001-CASIA-Iris-Thousand\177\R\S5177R01.jpg,iris,False,985,177,CASIA-Iris-Thousand,"{""record1_meta"": {}, ""record2_meta"": {}}"
CASIA-Iris-Thousand_impostor_114,Iris\001-CASIA-Iris-Thousand\370\L\S5370L07.jpg,Iris\001-CASIA-Iris-Thousand\637\L\S5637L07.jpg,iris,False,370,637,CASIA-Iris-Thousand,"{""record1_meta"": {}, ""record2_meta"": {}}"
CASIA-Iris-Thousand_impostor_115,Iris\001-CASIA-Iris-Thousand\990\L\S5990L08.jpg,Iris\001-CASIA-Iris-Thousand\866\L\S5866L05.jpg,iris,False,990,866,CASIA-Iris-Thousand,"{""record1_meta"": {}, ""record2_meta"": {}}"
CASIA-Iris-Thousand_impostor_116,Iris\001-CASIA-Iris-Thousand\932\R\S5932R01.jpg,Iris\001-CASIA-Iris-Thousand\744\R\S5744R01.jpg,iris,False,932,744,CASIA-Iris-Thousand,"{""record1_meta"": {}, ""record2_meta"": {}}"
CASIA-Iris-Thousand_impostor_117,Iris\001-CASIA-Iris-Thousand\316\R\S5316R03.jpg,Iris\001-CASIA-Iris-Thousand\234\R\S5234R04.jpg,iris,False,316,234,CASIA-Iris-Thousand,"{""record1_meta"": {}, ""record2_meta"": {}}"
CASIA-Iris-Thousand_impostor_118,Iris\001-CASIA-Iris-Thousand\779\L\S5779L06.jpg,Iris\001-CASIA-Iris-Thousand\863\L\S5863L07.jpg,iris,False,779,863,CASIA-Iris-Thousand,"{""record1_meta"": {}, ""record2_meta"": {}}"
CASIA-Iris-Thousand_impostor_119,Iris\001-CASIA-Iris-Thousand\514\L\S5514L06.jpg,Iris\001-CASIA-Iris-Thousand\540\L\S5540L02.jpg,iris,False,514,540,CASIA-Iris-Thousand,"{""record1_meta"": {}, ""record2_meta"": {}}"
CASIA-Iris-Thousand_impostor_120,Iris\001-CASIA-Iris-Thousand\246\R\S5246R04.jpg,Iris\001-CASIA-Iris-Thousand\338\R\S5338R00.jpg,iris,False,246,338,CASIA-Iris-Thousand,"{""record1_meta"": {}, ""record2_meta"": {}}"
CASIA-Iris-Thousand_impostor_121,Iris\001-CASIA-Iris-Thousand\933\R\S5933R05.jpg,Iris\001-CASIA-Iris-Thousand\648\R\S5648R09.jpg,iris,False,933,648,CASIA-Iris-Thousand,"{""record1_meta"": {}, ""record2_meta"": {}}"
CASIA-Iris-Thousand_impostor_122,Iris\001-CASIA-Iris-Thousand\833\L\S5833L08.jpg,Iris\001-CASIA-Iris-Thousand\778\L\S5778L00.jpg,iris,False,833,778,CASIA-Iris-Thousand,"{""record1_meta"": {}, ""record2_meta"": {}}"
CASIA-Iris-Thousand_impostor_123,Iris\001-CASIA-Iris-Thousand\537\R\S5537R02.jpg,Iris\001-CASIA-Iris-Thousand\309\R\S5309R01.jpg,iris,False,537,309,CASIA-Iris-Thousand,"{""record1_meta"": {}, ""record2_meta"": {}}"
CASIA-Iris-Thousand_impostor_124,Iris\001-CASIA-Iris-Thousand\001\L\S5001L07.jpg,Iris\001-CASIA-Iris-Thousand\218\L\S5218L01.jpg,iris,False,001,218,CASIA-Iris-Thousand,"{""record1_meta"": {}, ""record2_meta"": {}}"
CASIA-Iris-Thousand_impostor_125,Iris\001-CASIA-Iris-Thousand\436\R\S5436R09.jpg,Iris\001-CASIA-Iris-Thousand\667\R\S5667R04.jpg,iris,False,436,667,CASIA-Iris-Thousand,"{""record1_meta"": {}, ""record2_meta"": {}}"
CASIA-Iris-Thousand_impostor_126,Iris\001-CASIA-Iris-Thousand\460\L\S5460L08.jpg,Iris\001-CASIA-Iris-Thousand\477\L\S5477L05.jpg,iris,False,460,477,CASIA-Iris-Thousand,"{""record1_meta"": {}, ""record2_meta"": {}}"
CASIA-Iris-Thousand_impostor_127,Iris\001-CASIA-Iris-Thousand\531\L\S5531L07.jpg,Iris\001-CASIA-Iris-Thousand\667\L\S5667L04.jpg,iris,False,531,667,CASIA-Iris-Thousand,"{""record1_meta"": {}, ""record2_meta"": {}}"
CASIA-Iris-Thousand_impostor_128,Iris\001-CASIA-Iris-Thousand\045\L\S5045L06.jpg,Iris\001-CASIA-Iris-Thousand\725\L\S5725L00.jpg,iris,False,045,725,CASIA-Iris-Thousand,"{""record1_meta"": {}, ""record2_meta"": {}}"
CASIA-Iris-Thousand_impostor_129,Iris\001-CASIA-Iris-Thousand\827\L\S5827L08.jpg,Iris\001-CASIA-Iris-Thousand\941\L\S5941L07.jpg,iris,False,827,941,CASIA-Iris-Thousand,"{""record1_meta"": {}, ""record2_meta"": {}}"
CASIA-Iris-Thousand_impostor_130,Iris\001-CASIA-Iris-Thousand\070\L\S5070L05.jpg,Iris\001-CASIA-Iris-Thousand\518\L\S5518L00.jpg,iris,False,070,518,CASIA-Iris-Thousand,"{""record1_meta"": {}, ""record2_meta"": {}}"
CASIA-Iris-Thousand_impostor_131,Iris\001-CASIA-Iris-Thousand\131\R\S5131R04.jpg,Iris\001-CASIA-Iris-Thousand\758\R\S5758R08.jpg,iris,False,131,758,CASIA-Iris-Thousand,"{""record1_meta"": {}, ""record2_meta"": {}}"
CASIA-Iris-Thousand_impostor_132,Iris\001-CASIA-Iris-Thousand\088\R\S5088R06.jpg,Iris\001-CASIA-Iris-Thousand\282\R\S5282R05.jpg,iris,False,088,282,CASIA-Iris-Thousand,"{""record1_meta"": {}, ""record2_meta"": {}}"
CASIA-Iris-Thousand_impostor_133,Iris\001-CASIA-Iris-Thousand\511\L\S5511L06.jpg,Iris\001-CASIA-Iris-Thousand\530\L\S5530L08.jpg,iris,False,511,530,CASIA-Iris-Thousand,"{""record1_meta"": {}, ""record2_meta"": {}}"
CASIA-Iris-Thousand_impostor_134,Iris\001-CASIA-Iris-Thousand\159\L\S5159L04.jpg,Iris\001-CASIA-Iris-Thousand\278\L\S5278L09.jpg,iris,False,159,278,CASIA-Iris-Thousand,"{""record1_meta"": {}, ""record2_meta"": {}}"
CASIA-Iris-Thousand_impostor_135,Iris\001-CASIA-Iris-Thousand\111\R\S5111R08.jpg,Iris\001-CASIA-Iris-Thousand\585\R\S5585R01.jpg,iris,False,111,585,CASIA-Iris-Thousand,"{""record1_meta"": {}, ""record2_meta"": {}}"
CASIA-Iris-Thousand_impostor_136,Iris\001-CASIA-Iris-Thousand\429\R\S5429R08.jpg,Iris\001-CASIA-Iris-Thousand\204\R\S5204R03.jpg,iris,False,429,204,CASIA-Iris-Thousand,"{""record1_meta"": {}, ""record2_meta"": {}}"
CASIA-Iris-Thousand_impostor_137,Iris\001-CASIA-Iris-Thousand\046\L\S5046L00.jpg,Iris\001-CASIA-Iris-Thousand\968\L\S5968L04.jpg,iris,False,046,968,CASIA-Iris-Thousand,"{""record1_meta"": {}, ""record2_meta"": {}}"
CASIA-Iris-Thousand_impostor_138,Iris\001-CASIA-Iris-Thousand\684\R\S5684R07.jpg,Iris\001-CASIA-Iris-Thousand\354\R\S5354R03.jpg,iris,False,684,354,CASIA-Iris-Thousand,"{""record1_meta"": {}, ""record2_meta"": {}}"
CASIA-Iris-Thousand_impostor_139,Iris\001-CASIA-Iris-Thousand\760\R\S5760R08.jpg,Iris\001-CASIA-Iris-Thousand\662\R\S5662R06.jpg,iris,False,760,662,CASIA-Iris-Thousand,"{""record1_meta"": {}, ""record2_meta"": {}}"
CASIA-Iris-Thousand_impostor_140,Iris\001-CASIA-Iris-Thousand\478\L\S5478L00.jpg,Iris\001-CASIA-Iris-Thousand\884\L\S5884L01.jpg,iris,False,478,884,CASIA-Iris-Thousand,"{""record1_meta"": {}, ""record2_meta"": {}}"
CASIA-Iris-Thousand_impostor_141,Iris\001-CASIA-Iris-Thousand\472\R\S5472R02.jpg,Iris\001-CASIA-Iris-Thousand\866\R\S5866R04.jpg,iris,False,472,866,CASIA-Iris-Thousand,"{""record1_meta"": {}, ""record2_meta"": {}}"
CASIA-Iris-Thousand_impostor_142,Iris\001-CASIA-Iris-Thousand\130\L\S5130L06.jpg,Iris\001-CASIA-Iris-Thousand\196\L\S5196L06.jpg,iris,False,130,196,CASIA-Iris-Thousand,"{""record1_meta"": {}, ""record2_meta"": {}}"
CASIA-Iris-Thousand_impostor_143,Iris\001-CASIA-Iris-Thousand\717\R\S5717R01.jpg,Iris\001-CASIA-Iris-Thousand\868\R\S5868R05.jpg,iris,False,717,868,CASIA-Iris-Thousand,"{""record1_meta"": {}, ""record2_meta"": {}}"
CASIA-Iris-Thousand_impostor_144,Iris\001-CASIA-Iris-Thousand\990\L\S5990L03.jpg,Iris\001-CASIA-Iris-Thousand\589\L\S5589L05.jpg,iris,False,990,589,CASIA-Iris-Thousand,"{""record1_meta"": {}, ""record2_meta"": {}}"
CASIA-Iris-Thousand_impostor_145,Iris\001-CASIA-Iris-Thousand\046\L\S5046L09.jpg,Iris\001-CASIA-Iris-Thousand\971\L\S5971L04.jpg,iris,False,046,971,CASIA-Iris-Thousand,"{""record1_meta"": {}, ""record2_meta"": {}}"
CASIA-Iris-Thousand_impostor_146,Iris\001-CASIA-Iris-Thousand\417\L\S5417L04.jpg,Iris\001-CASIA-Iris-Thousand\961\L\S5961L00.jpg,iris,False,417,961,CASIA-Iris-Thousand,"{""record1_meta"": {}, ""record2_meta"": {}}"
CASIA-Iris-Thousand_impostor_147,Iris\001-CASIA-Iris-Thousand\022\R\S5022R00.jpg,Iris\001-CASIA-Iris-Thousand\249\R\S5249R02.jpg,iris,False,022,249,CASIA-Iris-Thousand,"{""record1_meta"": {}, ""record2_meta"": {}}"
CASIA-Iris-Thousand_impostor_148,Iris\001-CASIA-Iris-Thousand\669\L\S5669L05.jpg,Iris\001-CASIA-Iris-Thousand\880\L\S5880L01.jpg,iris,False,669,880,CASIA-Iris-Thousand,"{""record1_meta"": {}, ""record2_meta"": {}}"
CASIA-Iris-Thousand_impostor_149,Iris\001-CASIA-Iris-Thousand\405\R\S5405R09.jpg,Iris\001-CASIA-Iris-Thousand\741\R\S5741R09.jpg,iris,False,405,741,CASIA-Iris-Thousand,"{""record1_meta"": {}, ""record2_meta"": {}}"
CASIA-Iris-Thousand_impostor_150,Iris\001-CASIA-Iris-Thousand\871\R\S5871R07.jpg,Iris\001-CASIA-Iris-Thousand\120\R\S5120R00.jpg,iris,False,871,120,CASIA-Iris-Thousand,"{""record1_meta"": {}, ""record2_meta"": {}}"
CASIA-Iris-Thousand_impostor_151,Iris\001-CASIA-Iris-Thousand\051\L\S5051L08.jpg,Iris\001-CASIA-Iris-Thousand\667\L\S5667L00.jpg,iris,False,051,667,CASIA-Iris-Thousand,"{""record1_meta"": {}, ""record2_meta"": {}}"
CASIA-Iris-Thousand_impostor_152,Iris\001-CASIA-Iris-Thousand\186\R\S5186R05.jpg,Iris\001-CASIA-Iris-Thousand\616\R\S5616R09.jpg,iris,False,186,616,CASIA-Iris-Thousand,"{""record1_meta"": {}, ""record2_meta"": {}}"
CASIA-Iris-Thousand_impostor_153,Iris\001-CASIA-Iris-Thousand\700\R\S5700R02.jpg,Iris\001-CASIA-Iris-Thousand\429\R\S5429R09.jpg,iris,False,700,429,CASIA-Iris-Thousand,"{""record1_meta"": {}, ""record2_meta"": {}}"
CASIA-Iris-Thousand_impostor_154,Iris\001-CASIA-Iris-Thousand\099\R\S5099R07.jpg,Iris\001-CASIA-Iris-Thousand\841\R\S5841R02.jpg,iris,False,099,841,CASIA-Iris-Thousand,"{""record1_meta"": {}, ""record2_meta"": {}}"
CASIA-Iris-Thousand_impostor_155,Iris\001-CASIA-Iris-Thousand\884\R\S5884R07.jpg,Iris\001-CASIA-Iris-Thousand\487\R\S5487R08.jpg,iris,False,884,487,CASIA-Iris-Thousand,"{""record1_meta"": {}, ""record2_meta"": {}}"
CASIA-Iris-Thousand_impostor_156,Iris\001-CASIA-Iris-Thousand\202\R\S5202R06.jpg,Iris\001-CASIA-Iris-Thousand\843\R\S5843R05.jpg,iris,False,202,843,CASIA-Iris-Thousand,"{""record1_meta"": {}, ""record2_meta"": {}}"
CASIA-Iris-Thousand_impostor_157,Iris\001-CASIA-Iris-Thousand\728\L\S5728L01.jpg,Iris\001-CASIA-Iris-Thousand\286\L\S5286L00.jpg,iris,False,728,286,CASIA-Iris-Thousand,"{""record1_meta"": {}, ""record2_meta"": {}}"
CASIA-Iris-Thousand_impostor_158,Iris\001-CASIA-Iris-Thousand\560\L\S5560L02.jpg,Iris\001-CASIA-Iris-Thousand\591\L\S5591L09.jpg,iris,False,560,591,CASIA-Iris-Thousand,"{""record1_meta"": {}, ""record2_meta"": {}}"
CASIA-Iris-Thousand_impostor_159,Iris\001-CASIA-Iris-Thousand\099\L\S5099L07.jpg,Iris\001-CASIA-Iris-Thousand\448\L\S5448L05.jpg,iris,False,099,448,CASIA-Iris-Thousand,"{""record1_meta"": {}, ""record2_meta"": {}}"
CASIA-Iris-Thousand_impostor_160,Iris\001-CASIA-Iris-Thousand\014\R\S5014R01.jpg,Iris\001-CASIA-Iris-Thousand\351\R\S5351R04.jpg,iris,False,014,351,CASIA-Iris-Thousand,"{""record1_meta"": {}, ""record2_meta"": {}}"
CASIA-Iris-Thousand_impostor_161,Iris\001-CASIA-Iris-Thousand\422\R\S5422R01.jpg,Iris\001-CASIA-Iris-Thousand\192\R\S5192R02.jpg,iris,False,422,192,CASIA-Iris-Thousand,"{""record1_meta"": {}, ""record2_meta"": {}}"
CASIA-Iris-Thousand_impostor_162,Iris\001-CASIA-Iris-Thousand\571\R\S5571R06.jpg,Iris\001-CASIA-Iris-Thousand\761\R\S5761R05.jpg,iris,False,571,761,CASIA-Iris-Thousand,"{""record1_meta"": {}, ""record2_meta"": {}}"
CASIA-Iris-Thousand_impostor_163,Iris\001-CASIA-Iris-Thousand\319\R\S5319R07.jpg,Iris\001-CASIA-Iris-Thousand\804\R\S5804R05.jpg,iris,False,319,804,CASIA-Iris-Thousand,"{""record1_meta"": {}, ""record2_meta"": {}}"
CASIA-Iris-Thousand_impostor_164,Iris\001-CASIA-Iris-Thousand\355\L\S5355L06.jpg,Iris\001-CASIA-Iris-Thousand\545\L\S5545L05.jpg,iris,False,355,545,CASIA-Iris-Thousand,"{""record1_meta"": {}, ""record2_meta"": {}}"
CASIA-Iris-Thousand_impostor_165,Iris\001-CASIA-Iris-Thousand\854\R\S5854R04.jpg,Iris\001-CASIA-Iris-Thousand\609\R\S5609R05.jpg,iris,False,854,609,CASIA-Iris-Thousand,"{""record1_meta"": {}, ""record2_meta"": {}}"
CASIA-Iris-Thousand_impostor_166,Iris\001-CASIA-Iris-Thousand\459\L\S5459L00.jpg,Iris\001-CASIA-Iris-Thousand\630\L\S5630L01.jpg,iris,False,459,630,CASIA-Iris-Thousand,"{""record1_meta"": {}, ""record2_meta"": {}}"
CASIA-Iris-Thousand_impostor_167,Iris\001-CASIA-Iris-Thousand\453\L\S5453L08.jpg,Iris\001-CASIA-Iris-Thousand\827\L\S5827L01.jpg,iris,False,453,827,CASIA-Iris-Thousand,"{""record1_meta"": {}, ""record2_meta"": {}}"
CASIA-Iris-Thousand_impostor_168,Iris\001-CASIA-Iris-Thousand\274\L\S5274L02.jpg,Iris\001-CASIA-Iris-Thousand\504\L\S5504L01.jpg,iris,False,274,504,CASIA-Iris-Thousand,"{""record1_meta"": {}, ""record2_meta"": {}}"
CASIA-Iris-Thousand_impostor_169,Iris\001-CASIA-Iris-Thousand\363\R\S5363R02.jpg,Iris\001-CASIA-Iris-Thousand\231\R\S5231R06.jpg,iris,False,363,231,CASIA-Iris-Thousand,"{""record1_meta"": {}, ""record2_meta"": {}}"
CASIA-Iris-Thousand_impostor_170,Iris\001-CASIA-Iris-Thousand\961\R\S5961R00.jpg,Iris\001-CASIA-Iris-Thousand\367\R\S5367R03.jpg,iris,False,961,367,CASIA-Iris-Thousand,"{""record1_meta"": {}, ""record2_meta"": {}}"
CASIA-Iris-Thousand_impostor_171,Iris\001-CASIA-Iris-Thousand\411\R\S5411R05.jpg,Iris\001-CASIA-Iris-Thousand\516\R\S5516R02.jpg,iris,False,411,516,CASIA-Iris-Thousand,"{""record1_meta"": {}, ""record2_meta"": {}}"
CASIA-Iris-Thousand_impostor_172,Iris\001-CASIA-Iris-Thousand\826\R\S5826R04.jpg,Iris\001-CASIA-Iris-Thousand\710\R\S5710R04.jpg,iris,False,826,710,CASIA-Iris-Thousand,"{""record1_meta"": {}, ""record2_meta"": {}}"
CASIA-Iris-Thousand_impostor_173,Iris\001-CASIA-Iris-Thousand\717\L\S5717L05.jpg,Iris\001-CASIA-Iris-Thousand\851\L\S5851L05.jpg,iris,False,717,851,CASIA-Iris-Thousand,"{""record1_meta"": {}, ""record2_meta"": {}}"
CASIA-Iris-Thousand_impostor_174,Iris\001-CASIA-Iris-Thousand\988\L\S5988L05.jpg,Iris\001-CASIA-Iris-Thousand\604\L\S5604L01.jpg,iris,False,988,604,CASIA-Iris-Thousand,"{""record1_meta"": {}, ""record2_meta"": {}}"
CASIA-Iris-Thousand_impostor_175,Iris\001-CASIA-Iris-Thousand\921\R\S5921R09.jpg,Iris\001-CASIA-Iris-Thousand\058\R\S5058R06.jpg,iris,False,921,058,CASIA-Iris-Thousand,"{""record1_meta"": {}, ""record2_meta"": {}}"
CASIA-Iris-Thousand_impostor_176,Iris\001-CASIA-Iris-Thousand\566\R\S5566R06.jpg,Iris\001-CASIA-Iris-Thousand\062\R\S5062R08.jpg,iris,False,566,062,CASIA-Iris-Thousand,"{""record1_meta"": {}, ""record2_meta"": {}}"
CASIA-Iris-Thousand_impostor_177,Iris\001-CASIA-Iris-Thousand\569\R\S5569R01.jpg,Iris\001-CASIA-Iris-Thousand\665\R\S5665R04.jpg,iris,False,569,665,CASIA-Iris-Thousand,"{""record1_meta"": {}, ""record2_meta"": {}}"
CASIA-Iris-Thousand_impostor_178,Iris\001-CASIA-Iris-Thousand\724\L\S5724L00.jpg,Iris\001-CASIA-Iris-Thousand\154\L\S5154L03.jpg,iris,False,724,154,CASIA-Iris-Thousand,"{""record1_meta"": {}, ""record2_meta"": {}}"
CASIA-Iris-Thousand_impostor_179,Iris\001-CASIA-Iris-Thousand\193\L\S5193L01.jpg,Iris\001-CASIA-Iris-Thousand\959\L\S5959L00.jpg,iris,False,193,959,CASIA-Iris-Thousand,"{""record1_meta"": {}, ""record2_meta"": {}}"
CASIA-Iris-Thousand_impostor_180,Iris\001-CASIA-Iris-Thousand\083\R\S5083R04.jpg,Iris\001-CASIA-Iris-Thousand\861\R\S5861R02.jpg,iris,False,083,861,CASIA-Iris-Thousand,"{""record1_meta"": {}, ""record2_meta"": {}}"
CASIA-Iris-Thousand_impostor_181,Iris\001-CASIA-Iris-Thousand\423\L\S5423L07.jpg,Iris\001-CASIA-Iris-Thousand\338\L\S5338L01.jpg,iris,False,423,338,CASIA-Iris-Thousand,"{""record1_meta"": {}, ""record2_meta"": {}}"
CASIA-Iris-Thousand_impostor_182,Iris\001-CASIA-Iris-Thousand\456\L\S5456L06.jpg,Iris\001-CASIA-Iris-Thousand\383\L\S5383L07.jpg,iris,False,456,383,CASIA-Iris-Thousand,"{""record1_meta"": {}, ""record2_meta"": {}}"
CASIA-Iris-Thousand_impostor_183,Iris\001-CASIA-Iris-Thousand\488\L\S5488L05.jpg,Iris\001-CASIA-Iris-Thousand\006\L\S5006L04.jpg,iris,False,488,006,CASIA-Iris-Thousand,"{""record1_meta"": {}, ""record2_meta"": {}}"
CASIA-Iris-Thousand_impostor_184,Iris\001-CASIA-Iris-Thousand\422\R\S5422R08.jpg,Iris\001-CASIA-Iris-Thousand\616\R\S5616R04.jpg,iris,False,422,616,CASIA-Iris-Thousand,"{""record1_meta"": {}, ""record2_meta"": {}}"
CASIA-Iris-Thousand_impostor_185,Iris\001-CASIA-Iris-Thousand\911\R\S5911R01.jpg,Iris\001-CASIA-Iris-Thousand\624\R\S5624R03.jpg,iris,False,911,624,CASIA-Iris-Thousand,"{""record1_meta"": {}, ""record2_meta"": {}}"
CASIA-Iris-Thousand_impostor_186,Iris\001-CASIA-Iris-Thousand\338\R\S5338R02.jpg,Iris\001-CASIA-Iris-Thousand\477\R\S5477R00.jpg,iris,False,338,477,CASIA-Iris-Thousand,"{""record1_meta"": {}, ""record2_meta"": {}}"
CASIA-Iris-Thousand_impostor_187,Iris\001-CASIA-Iris-Thousand\782\L\S5782L09.jpg,Iris\001-CASIA-Iris-Thousand\426\L\S5426L09.jpg,iris,False,782,426,CASIA-Iris-Thousand,"{""record1_meta"": {}, ""record2_meta"": {}}"
CASIA-Iris-Thousand_impostor_188,Iris\001-CASIA-Iris-Thousand\249\L\S5249L03.jpg,Iris\001-CASIA-Iris-Thousand\713\L\S5713L04.jpg,iris,False,249,713,CASIA-Iris-Thousand,"{""record1_meta"": {}, ""record2_meta"": {}}"
CASIA-Iris-Thousand_impostor_189,Iris\001-CASIA-Iris-Thousand\684\R\S5684R08.jpg,Iris\001-CASIA-Iris-Thousand\352\R\S5352R06.jpg,iris,False,684,352,CASIA-Iris-Thousand,"{""record1_meta"": {}, ""record2_meta"": {}}"
CASIA-Iris-Thousand_impostor_190,Iris\001-CASIA-Iris-Thousand\018\R\S5018R05.jpg,Iris\001-CASIA-Iris-Thousand\355\R\S5355R05.jpg,iris,False,018,355,CASIA-Iris-Thousand,"{""record1_meta"": {}, ""record2_meta"": {}}"
CASIA-Iris-Thousand_impostor_191,Iris\001-CASIA-Iris-Thousand\797\R\S5797R07.jpg,Iris\001-CASIA-Iris-Thousand\011\R\S5011R07.jpg,iris,False,797,011,CASIA-Iris-Thousand,"{""record1_meta"": {}, ""record2_meta"": {}}"
CASIA-Iris-Thousand_impostor_192,Iris\001-CASIA-Iris-Thousand\507\L\S5507L05.jpg,Iris\001-CASIA-Iris-Thousand\048\L\S5048L06.jpg,iris,False,507,048,CASIA-Iris-Thousand,"{""record1_meta"": {}, ""record2_meta"": {}}"
CASIA-Iris-Thousand_impostor_193,Iris\001-CASIA-Iris-Thousand\679\L\S5679L05.jpg,Iris\001-CASIA-Iris-Thousand\595\L\S5595L07.jpg,iris,False,679,595,CASIA-Iris-Thousand,"{""record1_meta"": {}, ""record2_meta"": {}}"
CASIA-Iris-Thousand_impostor_194,Iris\001-CASIA-Iris-Thousand\173\R\S5173R09.jpg,Iris\001-CASIA-Iris-Thousand\358\R\S5358R07.jpg,iris,False,173,358,CASIA-Iris-Thousand,"{""record1_meta"": {}, ""record2_meta"": {}}"
CASIA-Iris-Thousand_impostor_195,Iris\001-CASIA-Iris-Thousand\715\L\S5715L03.jpg,Iris\001-CASIA-Iris-Thousand\447\L\S5447L00.jpg,iris,False,715,447,CASIA-Iris-Thousand,"{""record1_meta"": {}, ""record2_meta"": {}}"
CASIA-Iris-Thousand_impostor_196,Iris\001-CASIA-Iris-Thousand\910\R\S5910R06.jpg,Iris\001-CASIA-Iris-Thousand\080\R\S5080R09.jpg,iris,False,910,080,CASIA-Iris-Thousand,"{""record1_meta"": {}, ""record2_meta"": {}}"
CASIA-Iris-Thousand_impostor_197,Iris\001-CASIA-Iris-Thousand\215\R\S5215R06.jpg,Iris\001-CASIA-Iris-Thousand\170\R\S5170R01.jpg,iris,False,215,170,CASIA-Iris-Thousand,"{""record1_meta"": {}, ""record2_meta"": {}}"
CASIA-Iris-Thousand_impostor_198,Iris\001-CASIA-Iris-Thousand\793\L\S5793L06.jpg,Iris\001-CASIA-Iris-Thousand\861\L\S5861L02.jpg,iris,False,793,861,CASIA-Iris-Thousand,"{""record1_meta"": {}, ""record2_meta"": {}}"
CASIA-Iris-Thousand_impostor_199,Iris\001-CASIA-Iris-Thousand\154\L\S5154L00.jpg,Iris\001-CASIA-Iris-Thousand\980\L\S5980L07.jpg,iris,False,154,980,CASIA-Iris-Thousand,"{""record1_meta"": {}, ""record2_meta"": {}}"
CASIA-Iris-Thousand_impostor_200,Iris\001-CASIA-Iris-Thousand\691\L\S5691L08.jpg,Iris\001-CASIA-Iris-Thousand\658\L\S5658L00.jpg,iris,False,691,658,CASIA-Iris-Thousand,"{""record1_meta"": {}, ""record2_meta"": {}}"
CASIA-Iris-Thousand_impostor_201,Iris\001-CASIA-Iris-Thousand\857\R\S5857R03.jpg,Iris\001-CASIA-Iris-Thousand\059\R\S5059R00.jpg,iris,False,857,059,CASIA-Iris-Thousand,"{""record1_meta"": {}, ""record2_meta"": {}}"
CASIA-Iris-Thousand_impostor_202,Iris\001-CASIA-Iris-Thousand\853\L\S5853L04.jpg,Iris\001-CASIA-Iris-Thousand\000\L\S5000L04.jpg,iris,False,853,000,CASIA-Iris-Thousand,"{""record1_meta"": {}, ""record2_meta"": {}}"
CASIA-Iris-Thousand_impostor_203,Iris\001-CASIA-Iris-Thousand\674\R\S5674R05.jpg,Iris\001-CASIA-Iris-Thousand\457\R\S5457R02.jpg,iris,False,674,457,CASIA-Iris-Thousand,"{""record1_meta"": {}, ""record2_meta"": {}}"
CASIA-Iris-Thousand_impostor_204,Iris\001-CASIA-Iris-Thousand\173\L\S5173L04.jpg,Iris\001-CASIA-Iris-Thousand\142\L\S5142L04.jpg,iris,False,173,142,CASIA-Iris-Thousand,"{""record1_meta"": {}, ""record2_meta"": {}}"
CASIA-Iris-Thousand_impostor_205,Iris\001-CASIA-Iris-Thousand\089\R\S5089R00.jpg,Iris\001-CASIA-Iris-Thousand\075\R\S5075R02.jpg,iris,False,089,075,CASIA-Iris-Thousand,"{""record1_meta"": {}, ""record2_meta"": {}}"
CASIA-Iris-Thousand_impostor_206,Iris\001-CASIA-Iris-Thousand\851\L\S5851L05.jpg,Iris\001-CASIA-Iris-Thousand\706\L\S5706L01.jpg,iris,False,851,706,CASIA-Iris-Thousand,"{""record1_meta"": {}, ""record2_meta"": {}}"
CASIA-Iris-Thousand_impostor_207,Iris\001-CASIA-Iris-Thousand\297\L\S5297L04.jpg,Iris\001-CASIA-Iris-Thousand\043\L\S5043L01.jpg,iris,False,297,043,CASIA-Iris-Thousand,"{""record1_meta"": {}, ""record2_meta"": {}}"
CASIA-Iris-Thousand_impostor_208,Iris\001-CASIA-Iris-Thousand\513\R\S5513R02.jpg,Iris\001-CASIA-Iris-Thousand\903\R\S5903R07.jpg,iris,False,513,903,CASIA-Iris-Thousand,"{""record1_meta"": {}, ""record2_meta"": {}}"
CASIA-Iris-Thousand_impostor_209,Iris\001-CASIA-Iris-Thousand\991\L\S5991L04.jpg,Iris\001-CASIA-Iris-Thousand\326\L\S5326L07.jpg,iris,False,991,326,CASIA-Iris-Thousand,"{""record1_meta"": {}, ""record2_meta"": {}}"
CASIA-Iris-Thousand_impostor_210,Iris\001-CASIA-Iris-Thousand\465\L\S5465L05.jpg,Iris\001-CASIA-Iris-Thousand\090\L\S5090L04.jpg,iris,False,465,090,CASIA-Iris-Thousand,"{""record1_meta"": {}, ""record2_meta"": {}}"
CASIA-Iris-Thousand_impostor_211,Iris\001-CASIA-Iris-Thousand\428\R\S5428R03.jpg,Iris\001-CASIA-Iris-Thousand\623\R\S5623R04.jpg,iris,False,428,623,CASIA-Iris-Thousand,"{""record1_meta"": {}, ""record2_meta"": {}}"
CASIA-Iris-Thousand_impostor_212,Iris\001-CASIA-Iris-Thousand\971\R\S5971R02.jpg,Iris\001-CASIA-Iris-Thousand\579\R\S5579R07.jpg,iris,False,971,579,CASIA-Iris-Thousand,"{""record1_meta"": {}, ""record2_meta"": {}}"
CASIA-Iris-Thousand_impostor_213,Iris\001-CASIA-Iris-Thousand\041\L\S5041L05.jpg,Iris\001-CASIA-Iris-Thousand\220\L\S5220L02.jpg,iris,False,041,220,CASIA-Iris-Thousand,"{""record1_meta"": {}, ""record2_meta"": {}}"
CASIA-Iris-Thousand_impostor_214,Iris\001-CASIA-Iris-Thousand\232\L\S5232L02.jpg,Iris\001-CASIA-Iris-Thousand\369\L\S5369L04.jpg,iris,False,232,369,CASIA-Iris-Thousand,"{""record1_meta"": {}, ""record2_meta"": {}}"
CASIA-Iris-Thousand_impostor_215,Iris\001-CASIA-Iris-Thousand\983\R\S5983R00.jpg,Iris\001-CASIA-Iris-Thousand\207\R\S5207R09.jpg,iris,False,983,207,CASIA-Iris-Thousand,"{""record1_meta"": {}, ""record2_meta"": {}}"
CASIA-Iris-Thousand_impostor_216,Iris\001-CASIA-Iris-Thousand\863\R\S5863R08.jpg,Iris\001-CASIA-Iris-Thousand\718\R\S5718R05.jpg,iris,False,863,718,CASIA-Iris-Thousand,"{""record1_meta"": {}, ""record2_meta"": {}}"
CASIA-Iris-Thousand_impostor_217,Iris\001-CASIA-Iris-Thousand\127\L\S5127L02.jpg,Iris\001-CASIA-Iris-Thousand\951\L\S5951L07.jpg,iris,False,127,951,CASIA-Iris-Thousand,"{""record1_meta"": {}, ""record2_meta"": {}}"
CASIA-Iris-Thousand_impostor_218,Iris\001-CASIA-Iris-Thousand\918\R\S5918R00.jpg,Iris\001-CASIA-Iris-Thousand\600\R\S5600R07.jpg,iris,False,918,600,CASIA-Iris-Thousand,"{""record1_meta"": {}, ""record2_meta"": {}}"
CASIA-Iris-Thousand_impostor_219,Iris\001-CASIA-Iris-Thousand\726\L\S5726L06.jpg,Iris\001-CASIA-Iris-Thousand\655\L\S5655L04.jpg,iris,False,726,655,CASIA-Iris-Thousand,"{""record1_meta"": {}, ""record2_meta"": {}}"
CASIA-Iris-Thousand_impostor_220,Iris\001-CASIA-Iris-Thousand\931\L\S5931L05.jpg,Iris\001-CASIA-Iris-Thousand\302\L\S5302L06.jpg,iris,False,931,302,CASIA-Iris-Thousand,"{""record1_meta"": {}, ""record2_meta"": {}}"
CASIA-Iris-Thousand_impostor_221,Iris\001-CASIA-Iris-Thousand\372\L\S5372L01.jpg,Iris\001-CASIA-Iris-Thousand\441\L\S5441L05.jpg,iris,False,372,441,CASIA-Iris-Thousand,"{""record1_meta"": {}, ""record2_meta"": {}}"
CASIA-Iris-Thousand_impostor_222,Iris\001-CASIA-Iris-Thousand\682\L\S5682L05.jpg,Iris\001-CASIA-Iris-Thousand\105\L\S5105L08.jpg,iris,False,682,105,CASIA-Iris-Thousand,"{""record1_meta"": {}, ""record2_meta"": {}}"
CASIA-Iris-Thousand_impostor_223,Iris\001-CASIA-Iris-Thousand\457\R\S5457R02.jpg,Iris\001-CASIA-Iris-Thousand\801\R\S5801R01.jpg,iris,False,457,801,CASIA-Iris-Thousand,"{""record1_meta"": {}, ""record2_meta"": {}}"
CASIA-Iris-Thousand_impostor_224,Iris\001-CASIA-Iris-Thousand\430\R\S5430R01.jpg,Iris\001-CASIA-Iris-Thousand\677\R\S5677R08.jpg,iris,False,430,677,CASIA-Iris-Thousand,"{""record1_meta"": {}, ""record2_meta"": {}}"
CASIA-Iris-Thousand_impostor_225,Iris\001-CASIA-Iris-Thousand\259\L\S5259L03.jpg,Iris\001-CASIA-Iris-Thousand\037\L\S5037L04.jpg,iris,False,259,037,CASIA-Iris-Thousand,"{""record1_meta"": {}, ""record2_meta"": {}}"
CASIA-Iris-Thousand_impostor_226,Iris\001-CASIA-Iris-Thousand\766\R\S5766R03.jpg,Iris\001-CASIA-Iris-Thousand\563\R\S5563R01.jpg,iris,False,766,563,CASIA-Iris-Thousand,"{""record1_meta"": {}, ""record2_meta"": {}}"
CASIA-Iris-Thousand_impostor_227,Iris\001-CASIA-Iris-Thousand\307\L\S5307L09.jpg,Iris\001-CASIA-Iris-Thousand\328\L\S5328L03.jpg,iris,False,307,328,CASIA-Iris-Thousand,"{""record1_meta"": {}, ""record2_meta"": {}}"
CASIA-Iris-Thousand_impostor_228,Iris\001-CASIA-Iris-Thousand\229\L\S5229L01.jpg,Iris\001-CASIA-Iris-Thousand\665\L\S5665L00.jpg,iris,False,229,665,CASIA-Iris-Thousand,"{""record1_meta"": {}, ""record2_meta"": {}}"
CASIA-Iris-Thousand_impostor_229,Iris\001-CASIA-Iris-Thousand\908\R\S5908R03.jpg,Iris\001-CASIA-Iris-Thousand\053\R\S5053R01.jpg,iris,False,908,053,CASIA-Iris-Thousand,"{""record1_meta"": {}, ""record2_meta"": {}}"
CASIA-Iris-Thousand_impostor_230,Iris\001-CASIA-Iris-Thousand\959\L\S5959L04.jpg,Iris\001-CASIA-Iris-Thousand\766\L\S5766L00.jpg,iris,False,959,766,CASIA-Iris-Thousand,"{""record1_meta"": {}, ""record2_meta"": {}}"
CASIA-Iris-Thousand_impostor_231,Iris\001-CASIA-Iris-Thousand\934\R\S5934R08.jpg,Iris\001-CASIA-Iris-Thousand\579\R\S5579R05.jpg,iris,False,934,579,CASIA-Iris-Thousand,"{""record1_meta"": {}, ""record2_meta"": {}}"
CASIA-Iris-Thousand_impostor_232,Iris\001-CASIA-Iris-Thousand\154\R\S5154R01.jpg,Iris\001-CASIA-Iris-Thousand\770\R\S5770R01.jpg,iris,False,154,770,CASIA-Iris-Thousand,"{""record1_meta"": {}, ""record2_meta"": {}}"
CASIA-Iris-Thousand_impostor_233,Iris\001-CASIA-Iris-Thousand\293\R\S5293R01.jpg,Iris\001-CASIA-Iris-Thousand\496\R\S5496R02.jpg,iris,False,293,496,CASIA-Iris-Thousand,"{""record1_meta"": {}, ""record2_meta"": {}}"
CASIA-Iris-Thousand_impostor_234,Iris\001-CASIA-Iris-Thousand\092\R\S5092R06.jpg,Iris\001-CASIA-Iris-Thousand\227\R\S5227R04.jpg,iris,False,092,227,CASIA-Iris-Thousand,"{""record1_meta"": {}, ""record2_meta"": {}}"
CASIA-Iris-Thousand_impostor_235,Iris\001-CASIA-Iris-Thousand\820\R\S5820R00.jpg,Iris\001-CASIA-Iris-Thousand\654\R\S5654R05.jpg,iris,False,820,654,CASIA-Iris-Thousand,"{""record1_meta"": {}, ""record2_meta"": {}}"
CASIA-Iris-Thousand_impostor_236,Iris\001-CASIA-Iris-Thousand\283\L\S5283L01.jpg,Iris\001-CASIA-Iris-Thousand\660\L\S5660L03.jpg,iris,False,283,660,CASIA-Iris-Thousand,"{""record1_meta"": {}, ""record2_meta"": {}}"
CASIA-Iris-Thousand_impostor_237,Iris\001-CASIA-Iris-Thousand\878\R\S5878R00.jpg,Iris\001-CASIA-Iris-Thousand\263\R\S5263R01.jpg,iris,False,878,263,CASIA-Iris-Thousand,"{""record1_meta"": {}, ""record2_meta"": {}}"
CASIA-Iris-Thousand_impostor_238,Iris\001-CASIA-Iris-Thousand\161\L\S5161L08.jpg,Iris\001-CASIA-Iris-Thousand\448\L\S5448L04.jpg,iris,False,161,448,CASIA-Iris-Thousand,"{""record1_meta"": {}, ""record2_meta"": {}}"
CASIA-Iris-Thousand_impostor_239,Iris\001-CASIA-Iris-Thousand\519\L\S5519L06.jpg,Iris\001-CASIA-Iris-Thousand\316\L\S5316L05.jpg,iris,False,519,316,CASIA-Iris-Thousand,"{""record1_meta"": {}, ""record2_meta"": {}}"
CASIA-Iris-Thousand_impostor_240,Iris\001-CASIA-Iris-Thousand\062\L\S5062L09.jpg,Iris\001-CASIA-Iris-Thousand\570\L\S5570L02.jpg,iris,False,062,570,CASIA-Iris-Thousand,"{""record1_meta"": {}, ""record2_meta"": {}}"
CASIA-Iris-Thousand_impostor_241,Iris\001-CASIA-Iris-Thousand\771\L\S5771L06.jpg,Iris\001-CASIA-Iris-Thousand\399\L\S5399L08.jpg,iris,False,771,399,CASIA-Iris-Thousand,"{""record1_meta"": {}, ""record2_meta"": {}}"
CASIA-Iris-Thousand_impostor_242,Iris\001-CASIA-Iris-Thousand\917\R\S5917R04.jpg,Iris\001-CASIA-Iris-Thousand\861\R\S5861R06.jpg,iris,False,917,861,CASIA-Iris-Thousand,"{""record1_meta"": {}, ""record2_meta"": {}}"
CASIA-Iris-Thousand_impostor_243,Iris\001-CASIA-Iris-Thousand\820\R\S5820R09.jpg,Iris\001-CASIA-Iris-Thousand\563\R\S5563R00.jpg,iris,False,820,563,CASIA-Iris-Thousand,"{""record1_meta"": {}, ""record2_meta"": {}}"
CASIA-Iris-Thousand_impostor_244,Iris\001-CASIA-Iris-Thousand\230\L\S5230L03.jpg,Iris\001-CASIA-Iris-Thousand\825\L\S5825L02.jpg,iris,False,230,825,CASIA-Iris-Thousand,"{""record1_meta"": {}, ""record2_meta"": {}}"
CASIA-Iris-Thousand_impostor_245,Iris\001-CASIA-Iris-Thousand\693\L\S5693L02.jpg,Iris\001-CASIA-Iris-Thousand\819\L\S5819L03.jpg,iris,False,693,819,CASIA-Iris-Thousand,"{""record1_meta"": {}, ""record2_meta"": {}}"
CASIA-Iris-Thousand_impostor_246,Iris\001-CASIA-Iris-Thousand\781\L\S5781L06.jpg,Iris\001-CASIA-Iris-Thousand\556\L\S5556L07.jpg,iris,False,781,556,CASIA-Iris-Thousand,"{""record1_meta"": {}, ""record2_meta"": {}}"
CASIA-Iris-Thousand_impostor_247,Iris\001-CASIA-Iris-Thousand\970\L\S5970L07.jpg,Iris\001-CASIA-Iris-Thousand\784\L\S5784L03.jpg,iris,False,970,784,CASIA-Iris-Thousand,"{""record1_meta"": {}, ""record2_meta"": {}}"
CASIA-Iris-Thousand_impostor_248,Iris\001-CASIA-Iris-Thousand\656\R\S5656R01.jpg,Iris\001-CASIA-Iris-Thousand\329\R\S5329R01.jpg,iris,False,656,329,CASIA-Iris-Thousand,"{""record1_meta"": {}, ""record2_meta"": {}}"
CASIA-Iris-Thousand_impostor_249,Iris\001-CASIA-Iris-Thousand\249\R\S5249R00.jpg,Iris\001-CASIA-Iris-Thousand\981\R\S5981R05.jpg,iris,False,249,981,CASIA-Iris-Thousand,"{""record1_meta"": {}, ""record2_meta"": {}}"
