pair_id,image1_path,image2_path,modality,ground_truth,identity1,identity2,dataset_name,metadata
11k_Hands_genuine_0,HandGeometry\Hands\Hand_0008712.jpg,HandGeometry\Hands\Hand_0008725.jpg,handGeometry,True,0000093,0000093,11k_Hands,"{""record1_meta"": {""filename"": ""Hand_0008712"", ""age"": ""21"", ""gender"": ""female"", ""skinColor"": ""medium"", ""accessories"": ""1"", ""nailPolish"": ""0"", ""aspectOfHand"": ""palmar right"", ""imageName"": ""Hand_0008712.jpg"", ""irregularities"": ""0""}, ""record2_meta"": {""filename"": ""Hand_0008725"", ""age"": ""21"", ""gender"": ""female"", ""skinColor"": ""medium"", ""accessories"": ""1"", ""nailPolish"": ""0"", ""aspectOfHand"": ""palmar right"", ""imageName"": ""Hand_0008725.jpg"", ""irregularities"": ""0""}}"
11k_Hands_genuine_1,HandGeometry\Hands\Hand_0002356.jpg,HandGeometry\Hands\Hand_0002368.jpg,handGeometry,True,0001020,0001020,11k_Hands,"{""record1_meta"": {""filename"": ""Hand_0002356"", ""age"": ""20"", ""gender"": ""female"", ""skinColor"": ""medium"", ""accessories"": ""1"", ""nailPolish"": ""0"", ""aspectOfHand"": ""dorsal left"", ""imageName"": ""Hand_0002356.jpg"", ""irregularities"": ""0""}, ""record2_meta"": {""filename"": ""Hand_0002368"", ""age"": ""20"", ""gender"": ""female"", ""skinColor"": ""medium"", ""accessories"": ""1"", ""nailPolish"": ""0"", ""aspectOfHand"": ""dorsal left"", ""imageName"": ""Hand_0002368.jpg"", ""irregularities"": ""0""}}"
11k_Hands_genuine_2,HandGeometry\Hands\Hand_0000105.jpg,HandGeometry\Hands\Hand_0000107.jpg,handGeometry,True,0000559,0000559,11k_Hands,"{""record1_meta"": {""filename"": ""Hand_0000105"", ""age"": ""20"", ""gender"": ""female"", ""skinColor"": ""dark"", ""accessories"": ""0"", ""nailPolish"": ""0"", ""aspectOfHand"": ""palmar left"", ""imageName"": ""Hand_0000105.jpg"", ""irregularities"": ""0""}, ""record2_meta"": {""filename"": ""Hand_0000107"", ""age"": ""20"", ""gender"": ""female"", ""skinColor"": ""dark"", ""accessories"": ""0"", ""nailPolish"": ""0"", ""aspectOfHand"": ""palmar left"", ""imageName"": ""Hand_0000107.jpg"", ""irregularities"": ""0""}}"
11k_Hands_genuine_3,HandGeometry\Hands\Hand_0010397.jpg,HandGeometry\Hands\Hand_0010401.jpg,handGeometry,True,0001594,0001594,11k_Hands,"{""record1_meta"": {""filename"": ""Hand_0010397"", ""age"": ""23"", ""gender"": ""male"", ""skinColor"": ""medium"", ""accessories"": ""0"", ""nailPolish"": ""0"", ""aspectOfHand"": ""dorsal right"", ""imageName"": ""Hand_0010397.jpg"", ""irregularities"": ""0""}, ""record2_meta"": {""filename"": ""Hand_0010401"", ""age"": ""23"", ""gender"": ""male"", ""skinColor"": ""medium"", ""accessories"": ""0"", ""nailPolish"": ""0"", ""aspectOfHand"": ""dorsal right"", ""imageName"": ""Hand_0010401.jpg"", ""irregularities"": ""0""}}"
11k_Hands_genuine_4,HandGeometry\Hands\Hand_0003855.jpg,HandGeometry\Hands\Hand_0003866.jpg,handGeometry,True,0001566,0001566,11k_Hands,"{""record1_meta"": {""filename"": ""Hand_0003855"", ""age"": ""21"", ""gender"": ""male"", ""skinColor"": ""medium"", ""accessories"": ""0"", ""nailPolish"": ""0"", ""aspectOfHand"": ""palmar right"", ""imageName"": ""Hand_0003855.jpg"", ""irregularities"": ""1""}, ""record2_meta"": {""filename"": ""Hand_0003866"", ""age"": ""21"", ""gender"": ""male"", ""skinColor"": ""medium"", ""accessories"": ""0"", ""nailPolish"": ""0"", ""aspectOfHand"": ""palmar right"", ""imageName"": ""Hand_0003866.jpg"", ""irregularities"": ""1""}}"
11k_Hands_genuine_5,HandGeometry\Hands\Hand_0008512.jpg,HandGeometry\Hands\Hand_0008531.jpg,handGeometry,True,0001541,0001541,11k_Hands,"{""record1_meta"": {""filename"": ""Hand_0008512"", ""age"": ""21"", ""gender"": ""female"", ""skinColor"": ""medium"", ""accessories"": ""0"", ""nailPolish"": ""1"", ""aspectOfHand"": ""dorsal right"", ""imageName"": ""Hand_0008512.jpg"", ""irregularities"": ""0""}, ""record2_meta"": {""filename"": ""Hand_0008531"", ""age"": ""21"", ""gender"": ""female"", ""skinColor"": ""medium"", ""accessories"": ""0"", ""nailPolish"": ""1"", ""aspectOfHand"": ""dorsal right"", ""imageName"": ""Hand_0008531.jpg"", ""irregularities"": ""0""}}"
11k_Hands_genuine_6,HandGeometry\Hands\Hand_0008599.jpg,HandGeometry\Hands\Hand_0008602.jpg,handGeometry,True,0001019,0001019,11k_Hands,"{""record1_meta"": {""filename"": ""Hand_0008599"", ""age"": ""21"", ""gender"": ""female"", ""skinColor"": ""very fair"", ""accessories"": ""1"", ""nailPolish"": ""0"", ""aspectOfHand"": ""palmar right"", ""imageName"": ""Hand_0008599.jpg"", ""irregularities"": ""0""}, ""record2_meta"": {""filename"": ""Hand_0008602"", ""age"": ""21"", ""gender"": ""female"", ""skinColor"": ""very fair"", ""accessories"": ""1"", ""nailPolish"": ""0"", ""aspectOfHand"": ""palmar right"", ""imageName"": ""Hand_0008602.jpg"", ""irregularities"": ""0""}}"
11k_Hands_genuine_7,HandGeometry\Hands\Hand_0002588.jpg,HandGeometry\Hands\Hand_0002594.jpg,handGeometry,True,0001533,0001533,11k_Hands,"{""record1_meta"": {""filename"": ""Hand_0002588"", ""age"": ""22"", ""gender"": ""female"", ""skinColor"": ""medium"", ""accessories"": ""0"", ""nailPolish"": ""0"", ""aspectOfHand"": ""dorsal left"", ""imageName"": ""Hand_0002588.jpg"", ""irregularities"": ""0""}, ""record2_meta"": {""filename"": ""Hand_0002594"", ""age"": ""22"", ""gender"": ""female"", ""skinColor"": ""medium"", ""accessories"": ""0"", ""nailPolish"": ""0"", ""aspectOfHand"": ""dorsal left"", ""imageName"": ""Hand_0002594.jpg"", ""irregularities"": ""0""}}"
11k_Hands_genuine_8,HandGeometry\Hands\Hand_0010340.jpg,HandGeometry\Hands\Hand_0010344.jpg,handGeometry,True,0000084,0000084,11k_Hands,"{""record1_meta"": {""filename"": ""Hand_0010340"", ""age"": ""22"", ""gender"": ""male"", ""skinColor"": ""fair"", ""accessories"": ""0"", ""nailPolish"": ""0"", ""aspectOfHand"": ""dorsal left"", ""imageName"": ""Hand_0010340.jpg"", ""irregularities"": ""0""}, ""record2_meta"": {""filename"": ""Hand_0010344"", ""age"": ""22"", ""gender"": ""male"", ""skinColor"": ""fair"", ""accessories"": ""0"", ""nailPolish"": ""0"", ""aspectOfHand"": ""dorsal left"", ""imageName"": ""Hand_0010344.jpg"", ""irregularities"": ""0""}}"
11k_Hands_genuine_9,HandGeometry\Hands\Hand_0002259.jpg,HandGeometry\Hands\Hand_0002264.jpg,handGeometry,True,0001545,0001545,11k_Hands,"{""record1_meta"": {""filename"": ""Hand_0002259"", ""age"": ""22"", ""gender"": ""female"", ""skinColor"": ""medium"", ""accessories"": ""1"", ""nailPolish"": ""1"", ""aspectOfHand"": ""dorsal left"", ""imageName"": ""Hand_0002259.jpg"", ""irregularities"": ""0""}, ""record2_meta"": {""filename"": ""Hand_0002264"", ""age"": ""22"", ""gender"": ""female"", ""skinColor"": ""medium"", ""accessories"": ""1"", ""nailPolish"": ""1"", ""aspectOfHand"": ""dorsal left"", ""imageName"": ""Hand_0002264.jpg"", ""irregularities"": ""0""}}"
11k_Hands_genuine_10,HandGeometry\Hands\Hand_0009058.jpg,HandGeometry\Hands\Hand_0009061.jpg,handGeometry,True,0000596,0000596,11k_Hands,"{""record1_meta"": {""filename"": ""Hand_0009058"", ""age"": ""22"", ""gender"": ""female"", ""skinColor"": ""fair"", ""accessories"": ""1"", ""nailPolish"": ""0"", ""aspectOfHand"": ""palmar right"", ""imageName"": ""Hand_0009058.jpg"", ""irregularities"": ""0""}, ""record2_meta"": {""filename"": ""Hand_0009061"", ""age"": ""22"", ""gender"": ""female"", ""skinColor"": ""fair"", ""accessories"": ""1"", ""nailPolish"": ""0"", ""aspectOfHand"": ""palmar right"", ""imageName"": ""Hand_0009061.jpg"", ""irregularities"": ""0""}}"
11k_Hands_genuine_11,HandGeometry\Hands\Hand_0010380.jpg,HandGeometry\Hands\Hand_0010388.jpg,handGeometry,True,0000084,0000084,11k_Hands,"{""record1_meta"": {""filename"": ""Hand_0010380"", ""age"": ""22"", ""gender"": ""male"", ""skinColor"": ""fair"", ""accessories"": ""0"", ""nailPolish"": ""0"", ""aspectOfHand"": ""palmar left"", ""imageName"": ""Hand_0010380.jpg"", ""irregularities"": ""0""}, ""record2_meta"": {""filename"": ""Hand_0010388"", ""age"": ""22"", ""gender"": ""male"", ""skinColor"": ""fair"", ""accessories"": ""0"", ""nailPolish"": ""0"", ""aspectOfHand"": ""palmar left"", ""imageName"": ""Hand_0010388.jpg"", ""irregularities"": ""0""}}"
11k_Hands_genuine_12,HandGeometry\Hands\Hand_0006999.jpg,HandGeometry\Hands\Hand_0007011.jpg,handGeometry,True,0001051,0001051,11k_Hands,"{""record1_meta"": {""filename"": ""Hand_0006999"", ""age"": ""21"", ""gender"": ""male"", ""skinColor"": ""medium"", ""accessories"": ""0"", ""nailPolish"": ""0"", ""aspectOfHand"": ""dorsal left"", ""imageName"": ""Hand_0006999.jpg"", ""irregularities"": ""0""}, ""record2_meta"": {""filename"": ""Hand_0007011"", ""age"": ""21"", ""gender"": ""male"", ""skinColor"": ""medium"", ""accessories"": ""0"", ""nailPolish"": ""0"", ""aspectOfHand"": ""dorsal left"", ""imageName"": ""Hand_0007011.jpg"", ""irregularities"": ""0""}}"
11k_Hands_genuine_13,HandGeometry\Hands\Hand_0001989.jpg,HandGeometry\Hands\Hand_0002005.jpg,handGeometry,True,0000086,0000086,11k_Hands,"{""record1_meta"": {""filename"": ""Hand_0001989"", ""age"": ""21"", ""gender"": ""female"", ""skinColor"": ""fair"", ""accessories"": ""0"", ""nailPolish"": ""0"", ""aspectOfHand"": ""dorsal right"", ""imageName"": ""Hand_0001989.jpg"", ""irregularities"": ""0""}, ""record2_meta"": {""filename"": ""Hand_0002005"", ""age"": ""21"", ""gender"": ""female"", ""skinColor"": ""fair"", ""accessories"": ""0"", ""nailPolish"": ""0"", ""aspectOfHand"": ""dorsal right"", ""imageName"": ""Hand_0002005.jpg"", ""irregularities"": ""0""}}"
11k_Hands_genuine_14,HandGeometry\Hands\Hand_0007633.jpg,HandGeometry\Hands\Hand_0007645.jpg,handGeometry,True,0001513,0001513,11k_Hands,"{""record1_meta"": {""filename"": ""Hand_0007633"", ""age"": ""21"", ""gender"": ""male"", ""skinColor"": ""fair"", ""accessories"": ""0"", ""nailPolish"": ""0"", ""aspectOfHand"": ""dorsal right"", ""imageName"": ""Hand_0007633.jpg"", ""irregularities"": ""0""}, ""record2_meta"": {""filename"": ""Hand_0007645"", ""age"": ""21"", ""gender"": ""male"", ""skinColor"": ""fair"", ""accessories"": ""0"", ""nailPolish"": ""0"", ""aspectOfHand"": ""dorsal right"", ""imageName"": ""Hand_0007645.jpg"", ""irregularities"": ""0""}}"
11k_Hands_genuine_15,HandGeometry\Hands\Hand_0005142.jpg,HandGeometry\Hands\Hand_0005149.jpg,handGeometry,True,0001021,0001021,11k_Hands,"{""record1_meta"": {""filename"": ""Hand_0005142"", ""age"": ""22"", ""gender"": ""male"", ""skinColor"": ""dark"", ""accessories"": ""0"", ""nailPolish"": ""0"", ""aspectOfHand"": ""palmar left"", ""imageName"": ""Hand_0005142.jpg"", ""irregularities"": ""0""}, ""record2_meta"": {""filename"": ""Hand_0005149"", ""age"": ""22"", ""gender"": ""male"", ""skinColor"": ""dark"", ""accessories"": ""0"", ""nailPolish"": ""0"", ""aspectOfHand"": ""palmar left"", ""imageName"": ""Hand_0005149.jpg"", ""irregularities"": ""0""}}"
11k_Hands_genuine_16,HandGeometry\Hands\Hand_0005330.jpg,HandGeometry\Hands\Hand_0005331.jpg,handGeometry,True,0000055,0000055,11k_Hands,"{""record1_meta"": {""filename"": ""Hand_0005330"", ""age"": ""20"", ""gender"": ""female"", ""skinColor"": ""medium"", ""accessories"": ""1"", ""nailPolish"": ""0"", ""aspectOfHand"": ""palmar right"", ""imageName"": ""Hand_0005330.jpg"", ""irregularities"": ""0""}, ""record2_meta"": {""filename"": ""Hand_0005331"", ""age"": ""20"", ""gender"": ""female"", ""skinColor"": ""medium"", ""accessories"": ""1"", ""nailPolish"": ""0"", ""aspectOfHand"": ""palmar right"", ""imageName"": ""Hand_0005331.jpg"", ""irregularities"": ""0""}}"
11k_Hands_genuine_17,HandGeometry\Hands\Hand_0000232.jpg,HandGeometry\Hands\Hand_0005330.jpg,handGeometry,True,0000055,0000055,11k_Hands,"{""record1_meta"": {""filename"": ""Hand_0000232"", ""age"": ""20"", ""gender"": ""female"", ""skinColor"": ""medium"", ""accessories"": ""0"", ""nailPolish"": ""0"", ""aspectOfHand"": ""palmar right"", ""imageName"": ""Hand_0000232.jpg"", ""irregularities"": ""0""}, ""record2_meta"": {""filename"": ""Hand_0005330"", ""age"": ""20"", ""gender"": ""female"", ""skinColor"": ""medium"", ""accessories"": ""1"", ""nailPolish"": ""0"", ""aspectOfHand"": ""palmar right"", ""imageName"": ""Hand_0005330.jpg"", ""irregularities"": ""0""}}"
11k_Hands_genuine_18,HandGeometry\Hands\Hand_0002149.jpg,HandGeometry\Hands\Hand_0002154.jpg,handGeometry,True,0000525,0000525,11k_Hands,"{""record1_meta"": {""filename"": ""Hand_0002149"", ""age"": ""20"", ""gender"": ""female"", ""skinColor"": ""medium"", ""accessories"": ""1"", ""nailPolish"": ""0"", ""aspectOfHand"": ""palmar right"", ""imageName"": ""Hand_0002149.jpg"", ""irregularities"": ""0""}, ""record2_meta"": {""filename"": ""Hand_0002154"", ""age"": ""20"", ""gender"": ""female"", ""skinColor"": ""medium"", ""accessories"": ""1"", ""nailPolish"": ""0"", ""aspectOfHand"": ""palmar right"", ""imageName"": ""Hand_0002154.jpg"", ""irregularities"": ""0""}}"
11k_Hands_genuine_19,HandGeometry\Hands\Hand_0003185.jpg,HandGeometry\Hands\Hand_0008611.jpg,handGeometry,True,0001019,0001019,11k_Hands,"{""record1_meta"": {""filename"": ""Hand_0003185"", ""age"": ""21"", ""gender"": ""female"", ""skinColor"": ""very fair"", ""accessories"": ""1"", ""nailPolish"": ""0"", ""aspectOfHand"": ""dorsal left"", ""imageName"": ""Hand_0003185.jpg"", ""irregularities"": ""0""}, ""record2_meta"": {""filename"": ""Hand_0008611"", ""age"": ""21"", ""gender"": ""female"", ""skinColor"": ""very fair"", ""accessories"": ""0"", ""nailPolish"": ""0"", ""aspectOfHand"": ""dorsal left"", ""imageName"": ""Hand_0008611.jpg"", ""irregularities"": ""0""}}"
11k_Hands_genuine_20,HandGeometry\Hands\Hand_0003335.jpg,HandGeometry\Hands\Hand_0003340.jpg,handGeometry,True,0001541,0001541,11k_Hands,"{""record1_meta"": {""filename"": ""Hand_0003335"", ""age"": ""21"", ""gender"": ""female"", ""skinColor"": ""medium"", ""accessories"": ""1"", ""nailPolish"": ""0"", ""aspectOfHand"": ""dorsal right"", ""imageName"": ""Hand_0003335.jpg"", ""irregularities"": ""0""}, ""record2_meta"": {""filename"": ""Hand_0003340"", ""age"": ""21"", ""gender"": ""female"", ""skinColor"": ""medium"", ""accessories"": ""1"", ""nailPolish"": ""0"", ""aspectOfHand"": ""dorsal right"", ""imageName"": ""Hand_0003340.jpg"", ""irregularities"": ""0""}}"
11k_Hands_genuine_21,HandGeometry\Hands\Hand_0006410.jpg,HandGeometry\Hands\Hand_0006422.jpg,handGeometry,True,0001553,0001553,11k_Hands,"{""record1_meta"": {""filename"": ""Hand_0006410"", ""age"": ""23"", ""gender"": ""female"", ""skinColor"": ""fair"", ""accessories"": ""1"", ""nailPolish"": ""1"", ""aspectOfHand"": ""dorsal left"", ""imageName"": ""Hand_0006410.jpg"", ""irregularities"": ""0""}, ""record2_meta"": {""filename"": ""Hand_0006422"", ""age"": ""23"", ""gender"": ""female"", ""skinColor"": ""fair"", ""accessories"": ""1"", ""nailPolish"": ""1"", ""aspectOfHand"": ""dorsal left"", ""imageName"": ""Hand_0006422.jpg"", ""irregularities"": ""0""}}"
11k_Hands_genuine_22,HandGeometry\Hands\Hand_0007768.jpg,HandGeometry\Hands\Hand_0007774.jpg,handGeometry,True,0001516,0001516,11k_Hands,"{""record1_meta"": {""filename"": ""Hand_0007768"", ""age"": ""20"", ""gender"": ""male"", ""skinColor"": ""fair"", ""accessories"": ""0"", ""nailPolish"": ""0"", ""aspectOfHand"": ""dorsal left"", ""imageName"": ""Hand_0007768.jpg"", ""irregularities"": ""0""}, ""record2_meta"": {""filename"": ""Hand_0007774"", ""age"": ""20"", ""gender"": ""male"", ""skinColor"": ""fair"", ""accessories"": ""0"", ""nailPolish"": ""0"", ""aspectOfHand"": ""dorsal left"", ""imageName"": ""Hand_0007774.jpg"", ""irregularities"": ""0""}}"
11k_Hands_genuine_23,HandGeometry\Hands\Hand_0000206.jpg,HandGeometry\Hands\Hand_0005345.jpg,handGeometry,True,0000055,0000055,11k_Hands,"{""record1_meta"": {""filename"": ""Hand_0000206"", ""age"": ""20"", ""gender"": ""female"", ""skinColor"": ""medium"", ""accessories"": ""1"", ""nailPolish"": ""0"", ""aspectOfHand"": ""dorsal left"", ""imageName"": ""Hand_0000206.jpg"", ""irregularities"": ""0""}, ""record2_meta"": {""filename"": ""Hand_0005345"", ""age"": ""20"", ""gender"": ""female"", ""skinColor"": ""medium"", ""accessories"": ""0"", ""nailPolish"": ""0"", ""aspectOfHand"": ""dorsal left"", ""imageName"": ""Hand_0005345.jpg"", ""irregularities"": ""0""}}"
11k_Hands_genuine_24,HandGeometry\Hands\Hand_0007184.jpg,HandGeometry\Hands\Hand_0007185.jpg,handGeometry,True,0001532,0001532,11k_Hands,"{""record1_meta"": {""filename"": ""Hand_0007184"", ""age"": ""22"", ""gender"": ""female"", ""skinColor"": ""fair"", ""accessories"": ""0"", ""nailPolish"": ""0"", ""aspectOfHand"": ""palmar left"", ""imageName"": ""Hand_0007184.jpg"", ""irregularities"": ""0""}, ""record2_meta"": {""filename"": ""Hand_0007185"", ""age"": ""22"", ""gender"": ""female"", ""skinColor"": ""fair"", ""accessories"": ""0"", ""nailPolish"": ""0"", ""aspectOfHand"": ""palmar left"", ""imageName"": ""Hand_0007185.jpg"", ""irregularities"": ""0""}}"
11k_Hands_genuine_25,HandGeometry\Hands\Hand_0007393.jpg,HandGeometry\Hands\Hand_0007409.jpg,handGeometry,True,0001543,0001543,11k_Hands,"{""record1_meta"": {""filename"": ""Hand_0007393"", ""age"": ""21"", ""gender"": ""male"", ""skinColor"": ""medium"", ""accessories"": ""0"", ""nailPolish"": ""0"", ""aspectOfHand"": ""palmar left"", ""imageName"": ""Hand_0007393.jpg"", ""irregularities"": ""0""}, ""record2_meta"": {""filename"": ""Hand_0007409"", ""age"": ""21"", ""gender"": ""male"", ""skinColor"": ""medium"", ""accessories"": ""0"", ""nailPolish"": ""0"", ""aspectOfHand"": ""palmar left"", ""imageName"": ""Hand_0007409.jpg"", ""irregularities"": ""0""}}"
11k_Hands_genuine_26,HandGeometry\Hands\Hand_0009859.jpg,HandGeometry\Hands\Hand_0009862.jpg,handGeometry,True,1200000,1200000,11k_Hands,"{""record1_meta"": {""filename"": ""Hand_0009859"", ""age"": ""23"", ""gender"": ""male"", ""skinColor"": ""medium"", ""accessories"": ""0"", ""nailPolish"": ""0"", ""aspectOfHand"": ""dorsal right"", ""imageName"": ""Hand_0009859.jpg"", ""irregularities"": ""0""}, ""record2_meta"": {""filename"": ""Hand_0009862"", ""age"": ""23"", ""gender"": ""male"", ""skinColor"": ""medium"", ""accessories"": ""0"", ""nailPolish"": ""0"", ""aspectOfHand"": ""dorsal right"", ""imageName"": ""Hand_0009862.jpg"", ""irregularities"": ""0""}}"
11k_Hands_genuine_27,HandGeometry\Hands\Hand_0008878.jpg,HandGeometry\Hands\Hand_0008909.jpg,handGeometry,True,0000528,0000528,11k_Hands,"{""record1_meta"": {""filename"": ""Hand_0008878"", ""age"": ""22"", ""gender"": ""female"", ""skinColor"": ""medium"", ""accessories"": ""1"", ""nailPolish"": ""0"", ""aspectOfHand"": ""palmar right"", ""imageName"": ""Hand_0008878.jpg"", ""irregularities"": ""0""}, ""record2_meta"": {""filename"": ""Hand_0008909"", ""age"": ""22"", ""gender"": ""female"", ""skinColor"": ""medium"", ""accessories"": ""1"", ""nailPolish"": ""0"", ""aspectOfHand"": ""palmar right"", ""imageName"": ""Hand_0008909.jpg"", ""irregularities"": ""0""}}"
11k_Hands_genuine_28,HandGeometry\Hands\Hand_0009510.jpg,HandGeometry\Hands\Hand_0009519.jpg,handGeometry,True,3000000,3000000,11k_Hands,"{""record1_meta"": {""filename"": ""Hand_0009510"", ""age"": ""19"", ""gender"": ""female"", ""skinColor"": ""very fair"", ""accessories"": ""1"", ""nailPolish"": ""0"", ""aspectOfHand"": ""dorsal left"", ""imageName"": ""Hand_0009510.jpg"", ""irregularities"": ""0""}, ""record2_meta"": {""filename"": ""Hand_0009519"", ""age"": ""19"", ""gender"": ""female"", ""skinColor"": ""very fair"", ""accessories"": ""1"", ""nailPolish"": ""0"", ""aspectOfHand"": ""dorsal left"", ""imageName"": ""Hand_0009519.jpg"", ""irregularities"": ""0""}}"
11k_Hands_genuine_29,HandGeometry\Hands\Hand_0006996.jpg,HandGeometry\Hands\Hand_0006997.jpg,handGeometry,True,0001051,0001051,11k_Hands,"{""record1_meta"": {""filename"": ""Hand_0006996"", ""age"": ""21"", ""gender"": ""male"", ""skinColor"": ""medium"", ""accessories"": ""0"", ""nailPolish"": ""0"", ""aspectOfHand"": ""dorsal left"", ""imageName"": ""Hand_0006996.jpg"", ""irregularities"": ""0""}, ""record2_meta"": {""filename"": ""Hand_0006997"", ""age"": ""21"", ""gender"": ""male"", ""skinColor"": ""medium"", ""accessories"": ""0"", ""nailPolish"": ""0"", ""aspectOfHand"": ""dorsal left"", ""imageName"": ""Hand_0006997.jpg"", ""irregularities"": ""0""}}"
11k_Hands_genuine_30,HandGeometry\Hands\Hand_0005095.jpg,HandGeometry\Hands\Hand_0005096.jpg,handGeometry,True,0001558,0001558,11k_Hands,"{""record1_meta"": {""filename"": ""Hand_0005095"", ""age"": ""21"", ""gender"": ""female"", ""skinColor"": ""medium"", ""accessories"": ""1"", ""nailPolish"": ""0"", ""aspectOfHand"": ""palmar left"", ""imageName"": ""Hand_0005095.jpg"", ""irregularities"": ""0""}, ""record2_meta"": {""filename"": ""Hand_0005096"", ""age"": ""21"", ""gender"": ""female"", ""skinColor"": ""medium"", ""accessories"": ""1"", ""nailPolish"": ""0"", ""aspectOfHand"": ""palmar left"", ""imageName"": ""Hand_0005096.jpg"", ""irregularities"": ""0""}}"
11k_Hands_genuine_31,HandGeometry\Hands\Hand_0003197.jpg,HandGeometry\Hands\Hand_0003198.jpg,handGeometry,True,0001019,0001019,11k_Hands,"{""record1_meta"": {""filename"": ""Hand_0003197"", ""age"": ""21"", ""gender"": ""female"", ""skinColor"": ""very fair"", ""accessories"": ""1"", ""nailPolish"": ""0"", ""aspectOfHand"": ""palmar left"", ""imageName"": ""Hand_0003197.jpg"", ""irregularities"": ""0""}, ""record2_meta"": {""filename"": ""Hand_0003198"", ""age"": ""21"", ""gender"": ""female"", ""skinColor"": ""very fair"", ""accessories"": ""1"", ""nailPolish"": ""0"", ""aspectOfHand"": ""palmar left"", ""imageName"": ""Hand_0003198.jpg"", ""irregularities"": ""0""}}"
11k_Hands_genuine_32,HandGeometry\Hands\Hand_0005690.jpg,HandGeometry\Hands\Hand_0005692.jpg,handGeometry,True,0001529,0001529,11k_Hands,"{""record1_meta"": {""filename"": ""Hand_0005690"", ""age"": ""22"", ""gender"": ""male"", ""skinColor"": ""fair"", ""accessories"": ""0"", ""nailPolish"": ""0"", ""aspectOfHand"": ""dorsal right"", ""imageName"": ""Hand_0005690.jpg"", ""irregularities"": ""0""}, ""record2_meta"": {""filename"": ""Hand_0005692"", ""age"": ""22"", ""gender"": ""male"", ""skinColor"": ""fair"", ""accessories"": ""0"", ""nailPolish"": ""0"", ""aspectOfHand"": ""dorsal right"", ""imageName"": ""Hand_0005692.jpg"", ""irregularities"": ""0""}}"
11k_Hands_genuine_33,HandGeometry\Hands\Hand_0007616.jpg,HandGeometry\Hands\Hand_0007620.jpg,handGeometry,True,0001030,0001030,11k_Hands,"{""record1_meta"": {""filename"": ""Hand_0007616"", ""age"": ""21"", ""gender"": ""male"", ""skinColor"": ""medium"", ""accessories"": ""0"", ""nailPolish"": ""0"", ""aspectOfHand"": ""palmar left"", ""imageName"": ""Hand_0007616.jpg"", ""irregularities"": ""0""}, ""record2_meta"": {""filename"": ""Hand_0007620"", ""age"": ""21"", ""gender"": ""male"", ""skinColor"": ""medium"", ""accessories"": ""0"", ""nailPolish"": ""0"", ""aspectOfHand"": ""palmar left"", ""imageName"": ""Hand_0007620.jpg"", ""irregularities"": ""0""}}"
11k_Hands_genuine_34,HandGeometry\Hands\Hand_0003896.jpg,HandGeometry\Hands\Hand_0003904.jpg,handGeometry,True,0001566,0001566,11k_Hands,"{""record1_meta"": {""filename"": ""Hand_0003896"", ""age"": ""21"", ""gender"": ""male"", ""skinColor"": ""medium"", ""accessories"": ""0"", ""nailPolish"": ""0"", ""aspectOfHand"": ""palmar left"", ""imageName"": ""Hand_0003896.jpg"", ""irregularities"": ""1""}, ""record2_meta"": {""filename"": ""Hand_0003904"", ""age"": ""21"", ""gender"": ""male"", ""skinColor"": ""medium"", ""accessories"": ""0"", ""nailPolish"": ""0"", ""aspectOfHand"": ""palmar left"", ""imageName"": ""Hand_0003904.jpg"", ""irregularities"": ""1""}}"
11k_Hands_genuine_35,HandGeometry\Hands\Hand_0011568.jpg,HandGeometry\Hands\Hand_0011576.jpg,handGeometry,True,0001075,0001075,11k_Hands,"{""record1_meta"": {""filename"": ""Hand_0011568"", ""age"": ""21"", ""gender"": ""male"", ""skinColor"": ""medium"", ""accessories"": ""0"", ""nailPolish"": ""0"", ""aspectOfHand"": ""palmar left"", ""imageName"": ""Hand_0011568.jpg"", ""irregularities"": ""0""}, ""record2_meta"": {""filename"": ""Hand_0011576"", ""age"": ""21"", ""gender"": ""male"", ""skinColor"": ""medium"", ""accessories"": ""0"", ""nailPolish"": ""0"", ""aspectOfHand"": ""palmar left"", ""imageName"": ""Hand_0011576.jpg"", ""irregularities"": ""0""}}"
11k_Hands_genuine_36,HandGeometry\Hands\Hand_0000027.jpg,HandGeometry\Hands\Hand_0009975.jpg,handGeometry,True,0000000,0000000,11k_Hands,"{""record1_meta"": {""filename"": ""Hand_0000027"", ""age"": ""27"", ""gender"": ""male"", ""skinColor"": ""fair"", ""accessories"": ""1"", ""nailPolish"": ""0"", ""aspectOfHand"": ""dorsal left"", ""imageName"": ""Hand_0000027.jpg"", ""irregularities"": ""0""}, ""record2_meta"": {""filename"": ""Hand_0009975"", ""age"": ""27"", ""gender"": ""male"", ""skinColor"": ""fair"", ""accessories"": ""1"", ""nailPolish"": ""0"", ""aspectOfHand"": ""dorsal left"", ""imageName"": ""Hand_0009975.jpg"", ""irregularities"": ""0""}}"
11k_Hands_genuine_37,HandGeometry\Hands\Hand_0010711.jpg,HandGeometry\Hands\Hand_0010785.jpg,handGeometry,True,0001090,0001090,11k_Hands,"{""record1_meta"": {""filename"": ""Hand_0010711"", ""age"": ""22"", ""gender"": ""male"", ""skinColor"": ""fair"", ""accessories"": ""1"", ""nailPolish"": ""0"", ""aspectOfHand"": ""dorsal right"", ""imageName"": ""Hand_0010711.jpg"", ""irregularities"": ""0""}, ""record2_meta"": {""filename"": ""Hand_0010785"", ""age"": ""22"", ""gender"": ""male"", ""skinColor"": ""fair"", ""accessories"": ""0"", ""nailPolish"": ""0"", ""aspectOfHand"": ""dorsal right"", ""imageName"": ""Hand_0010785.jpg"", ""irregularities"": ""0""}}"
11k_Hands_genuine_38,HandGeometry\Hands\Hand_0011519.jpg,HandGeometry\Hands\Hand_0011520.jpg,handGeometry,True,0001075,0001075,11k_Hands,"{""record1_meta"": {""filename"": ""Hand_0011519"", ""age"": ""21"", ""gender"": ""male"", ""skinColor"": ""medium"", ""accessories"": ""0"", ""nailPolish"": ""0"", ""aspectOfHand"": ""dorsal right"", ""imageName"": ""Hand_0011519.jpg"", ""irregularities"": ""0""}, ""record2_meta"": {""filename"": ""Hand_0011520"", ""age"": ""21"", ""gender"": ""male"", ""skinColor"": ""medium"", ""accessories"": ""0"", ""nailPolish"": ""0"", ""aspectOfHand"": ""dorsal right"", ""imageName"": ""Hand_0011520.jpg"", ""irregularities"": ""0""}}"
11k_Hands_genuine_39,HandGeometry\Hands\Hand_0002754.jpg,HandGeometry\Hands\Hand_0002761.jpg,handGeometry,True,0001024,0001024,11k_Hands,"{""record1_meta"": {""filename"": ""Hand_0002754"", ""age"": ""22"", ""gender"": ""male"", ""skinColor"": ""medium"", ""accessories"": ""0"", ""nailPolish"": ""0"", ""aspectOfHand"": ""palmar right"", ""imageName"": ""Hand_0002754.jpg"", ""irregularities"": ""0""}, ""record2_meta"": {""filename"": ""Hand_0002761"", ""age"": ""22"", ""gender"": ""male"", ""skinColor"": ""medium"", ""accessories"": ""0"", ""nailPolish"": ""0"", ""aspectOfHand"": ""palmar right"", ""imageName"": ""Hand_0002761.jpg"", ""irregularities"": ""0""}}"
11k_Hands_genuine_40,HandGeometry\Hands\Hand_0009454.jpg,HandGeometry\Hands\Hand_0009464.jpg,handGeometry,True,2000000,2000000,11k_Hands,"{""record1_meta"": {""filename"": ""Hand_0009454"", ""age"": ""75"", ""gender"": ""female"", ""skinColor"": ""dark"", ""accessories"": ""0"", ""nailPolish"": ""0"", ""aspectOfHand"": ""dorsal right"", ""imageName"": ""Hand_0009454.jpg"", ""irregularities"": ""0""}, ""record2_meta"": {""filename"": ""Hand_0009464"", ""age"": ""75"", ""gender"": ""female"", ""skinColor"": ""dark"", ""accessories"": ""0"", ""nailPolish"": ""0"", ""aspectOfHand"": ""dorsal right"", ""imageName"": ""Hand_0009464.jpg"", ""irregularities"": ""0""}}"
11k_Hands_genuine_41,HandGeometry\Hands\Hand_0005146.jpg,HandGeometry\Hands\Hand_0005153.jpg,handGeometry,True,0001021,0001021,11k_Hands,"{""record1_meta"": {""filename"": ""Hand_0005146"", ""age"": ""22"", ""gender"": ""male"", ""skinColor"": ""dark"", ""accessories"": ""0"", ""nailPolish"": ""0"", ""aspectOfHand"": ""palmar left"", ""imageName"": ""Hand_0005146.jpg"", ""irregularities"": ""0""}, ""record2_meta"": {""filename"": ""Hand_0005153"", ""age"": ""22"", ""gender"": ""male"", ""skinColor"": ""dark"", ""accessories"": ""0"", ""nailPolish"": ""0"", ""aspectOfHand"": ""palmar left"", ""imageName"": ""Hand_0005153.jpg"", ""irregularities"": ""0""}}"
11k_Hands_genuine_42,HandGeometry\Hands\Hand_0004544.jpg,HandGeometry\Hands\Hand_0004558.jpg,handGeometry,True,0001033,0001033,11k_Hands,"{""record1_meta"": {""filename"": ""Hand_0004544"", ""age"": ""20"", ""gender"": ""female"", ""skinColor"": ""medium"", ""accessories"": ""0"", ""nailPolish"": ""0"", ""aspectOfHand"": ""dorsal right"", ""imageName"": ""Hand_0004544.jpg"", ""irregularities"": ""0""}, ""record2_meta"": {""filename"": ""Hand_0004558"", ""age"": ""20"", ""gender"": ""female"", ""skinColor"": ""medium"", ""accessories"": ""0"", ""nailPolish"": ""0"", ""aspectOfHand"": ""dorsal right"", ""imageName"": ""Hand_0004558.jpg"", ""irregularities"": ""0""}}"
11k_Hands_genuine_43,HandGeometry\Hands\Hand_0003893.jpg,HandGeometry\Hands\Hand_0003894.jpg,handGeometry,True,0001566,0001566,11k_Hands,"{""record1_meta"": {""filename"": ""Hand_0003893"", ""age"": ""21"", ""gender"": ""male"", ""skinColor"": ""medium"", ""accessories"": ""0"", ""nailPolish"": ""0"", ""aspectOfHand"": ""dorsal left"", ""imageName"": ""Hand_0003893.jpg"", ""irregularities"": ""1""}, ""record2_meta"": {""filename"": ""Hand_0003894"", ""age"": ""21"", ""gender"": ""male"", ""skinColor"": ""medium"", ""accessories"": ""0"", ""nailPolish"": ""0"", ""aspectOfHand"": ""dorsal left"", ""imageName"": ""Hand_0003894.jpg"", ""irregularities"": ""1""}}"
11k_Hands_genuine_44,HandGeometry\Hands\Hand_0002737.jpg,HandGeometry\Hands\Hand_0008179.jpg,handGeometry,True,0001024,0001024,11k_Hands,"{""record1_meta"": {""filename"": ""Hand_0002737"", ""age"": ""22"", ""gender"": ""male"", ""skinColor"": ""medium"", ""accessories"": ""0"", ""nailPolish"": ""0"", ""aspectOfHand"": ""dorsal right"", ""imageName"": ""Hand_0002737.jpg"", ""irregularities"": ""0""}, ""record2_meta"": {""filename"": ""Hand_0008179"", ""age"": ""22"", ""gender"": ""male"", ""skinColor"": ""medium"", ""accessories"": ""0"", ""nailPolish"": ""0"", ""aspectOfHand"": ""dorsal right"", ""imageName"": ""Hand_0008179.jpg"", ""irregularities"": ""0""}}"
11k_Hands_genuine_45,HandGeometry\Hands\Hand_0003162.jpg,HandGeometry\Hands\Hand_0008592.jpg,handGeometry,True,0001019,0001019,11k_Hands,"{""record1_meta"": {""filename"": ""Hand_0003162"", ""age"": ""21"", ""gender"": ""female"", ""skinColor"": ""very fair"", ""accessories"": ""0"", ""nailPolish"": ""0"", ""aspectOfHand"": ""dorsal right"", ""imageName"": ""Hand_0003162.jpg"", ""irregularities"": ""0""}, ""record2_meta"": {""filename"": ""Hand_0008592"", ""age"": ""21"", ""gender"": ""female"", ""skinColor"": ""very fair"", ""accessories"": ""1"", ""nailPolish"": ""0"", ""aspectOfHand"": ""dorsal right"", ""imageName"": ""Hand_0008592.jpg"", ""irregularities"": ""0""}}"
11k_Hands_genuine_46,HandGeometry\Hands\Hand_0010743.jpg,HandGeometry\Hands\Hand_0010750.jpg,handGeometry,True,0001090,0001090,11k_Hands,"{""record1_meta"": {""filename"": ""Hand_0010743"", ""age"": ""22"", ""gender"": ""male"", ""skinColor"": ""fair"", ""accessories"": ""1"", ""nailPolish"": ""0"", ""aspectOfHand"": ""dorsal left"", ""imageName"": ""Hand_0010743.jpg"", ""irregularities"": ""0""}, ""record2_meta"": {""filename"": ""Hand_0010750"", ""age"": ""22"", ""gender"": ""male"", ""skinColor"": ""fair"", ""accessories"": ""1"", ""nailPolish"": ""0"", ""aspectOfHand"": ""dorsal left"", ""imageName"": ""Hand_0010750.jpg"", ""irregularities"": ""0""}}"
11k_Hands_genuine_47,HandGeometry\Hands\Hand_0004516.jpg,HandGeometry\Hands\Hand_0004520.jpg,handGeometry,True,0001066,0001066,11k_Hands,"{""record1_meta"": {""filename"": ""Hand_0004516"", ""age"": ""21"", ""gender"": ""female"", ""skinColor"": ""medium"", ""accessories"": ""0"", ""nailPolish"": ""0"", ""aspectOfHand"": ""palmar left"", ""imageName"": ""Hand_0004516.jpg"", ""irregularities"": ""0""}, ""record2_meta"": {""filename"": ""Hand_0004520"", ""age"": ""21"", ""gender"": ""female"", ""skinColor"": ""medium"", ""accessories"": ""0"", ""nailPolish"": ""0"", ""aspectOfHand"": ""palmar left"", ""imageName"": ""Hand_0004520.jpg"", ""irregularities"": ""0""}}"
11k_Hands_genuine_48,HandGeometry\Hands\Hand_0002257.jpg,HandGeometry\Hands\Hand_0002265.jpg,handGeometry,True,0001545,0001545,11k_Hands,"{""record1_meta"": {""filename"": ""Hand_0002257"", ""age"": ""22"", ""gender"": ""female"", ""skinColor"": ""medium"", ""accessories"": ""1"", ""nailPolish"": ""1"", ""aspectOfHand"": ""dorsal left"", ""imageName"": ""Hand_0002257.jpg"", ""irregularities"": ""0""}, ""record2_meta"": {""filename"": ""Hand_0002265"", ""age"": ""22"", ""gender"": ""female"", ""skinColor"": ""medium"", ""accessories"": ""1"", ""nailPolish"": ""1"", ""aspectOfHand"": ""dorsal left"", ""imageName"": ""Hand_0002265.jpg"", ""irregularities"": ""0""}}"
11k_Hands_genuine_49,HandGeometry\Hands\Hand_0002135.jpg,HandGeometry\Hands\Hand_0002143.jpg,handGeometry,True,0000525,0000525,11k_Hands,"{""record1_meta"": {""filename"": ""Hand_0002135"", ""age"": ""20"", ""gender"": ""female"", ""skinColor"": ""medium"", ""accessories"": ""1"", ""nailPolish"": ""0"", ""aspectOfHand"": ""dorsal right"", ""imageName"": ""Hand_0002135.jpg"", ""irregularities"": ""0""}, ""record2_meta"": {""filename"": ""Hand_0002143"", ""age"": ""20"", ""gender"": ""female"", ""skinColor"": ""medium"", ""accessories"": ""1"", ""nailPolish"": ""0"", ""aspectOfHand"": ""dorsal right"", ""imageName"": ""Hand_0002143.jpg"", ""irregularities"": ""0""}}"
11k_Hands_genuine_50,HandGeometry\Hands\Hand_0004834.jpg,HandGeometry\Hands\Hand_0004842.jpg,handGeometry,True,0001050,0001050,11k_Hands,"{""record1_meta"": {""filename"": ""Hand_0004834"", ""age"": ""20"", ""gender"": ""female"", ""skinColor"": ""medium"", ""accessories"": ""0"", ""nailPolish"": ""0"", ""aspectOfHand"": ""palmar right"", ""imageName"": ""Hand_0004834.jpg"", ""irregularities"": ""0""}, ""record2_meta"": {""filename"": ""Hand_0004842"", ""age"": ""20"", ""gender"": ""female"", ""skinColor"": ""medium"", ""accessories"": ""0"", ""nailPolish"": ""0"", ""aspectOfHand"": ""palmar right"", ""imageName"": ""Hand_0004842.jpg"", ""irregularities"": ""0""}}"
11k_Hands_genuine_51,HandGeometry\Hands\Hand_0002190.jpg,HandGeometry\Hands\Hand_0002198.jpg,handGeometry,True,0000525,0000525,11k_Hands,"{""record1_meta"": {""filename"": ""Hand_0002190"", ""age"": ""20"", ""gender"": ""female"", ""skinColor"": ""medium"", ""accessories"": ""1"", ""nailPolish"": ""0"", ""aspectOfHand"": ""palmar left"", ""imageName"": ""Hand_0002190.jpg"", ""irregularities"": ""0""}, ""record2_meta"": {""filename"": ""Hand_0002198"", ""age"": ""20"", ""gender"": ""female"", ""skinColor"": ""medium"", ""accessories"": ""1"", ""nailPolish"": ""0"", ""aspectOfHand"": ""palmar left"", ""imageName"": ""Hand_0002198.jpg"", ""irregularities"": ""0""}}"
11k_Hands_genuine_52,HandGeometry\Hands\Hand_0004720.jpg,HandGeometry\Hands\Hand_0004721.jpg,handGeometry,True,0001080,0001080,11k_Hands,"{""record1_meta"": {""filename"": ""Hand_0004720"", ""age"": ""21"", ""gender"": ""female"", ""skinColor"": ""medium"", ""accessories"": ""0"", ""nailPolish"": ""0"", ""aspectOfHand"": ""dorsal left"", ""imageName"": ""Hand_0004720.jpg"", ""irregularities"": ""0""}, ""record2_meta"": {""filename"": ""Hand_0004721"", ""age"": ""21"", ""gender"": ""female"", ""skinColor"": ""medium"", ""accessories"": ""0"", ""nailPolish"": ""0"", ""aspectOfHand"": ""dorsal left"", ""imageName"": ""Hand_0004721.jpg"", ""irregularities"": ""0""}}"
11k_Hands_genuine_53,HandGeometry\Hands\Hand_0004580.jpg,HandGeometry\Hands\Hand_0004593.jpg,handGeometry,True,0001033,0001033,11k_Hands,"{""record1_meta"": {""filename"": ""Hand_0004580"", ""age"": ""20"", ""gender"": ""female"", ""skinColor"": ""medium"", ""accessories"": ""0"", ""nailPolish"": ""0"", ""aspectOfHand"": ""palmar right"", ""imageName"": ""Hand_0004580.jpg"", ""irregularities"": ""0""}, ""record2_meta"": {""filename"": ""Hand_0004593"", ""age"": ""20"", ""gender"": ""female"", ""skinColor"": ""medium"", ""accessories"": ""0"", ""nailPolish"": ""0"", ""aspectOfHand"": ""palmar right"", ""imageName"": ""Hand_0004593.jpg"", ""irregularities"": ""0""}}"
11k_Hands_genuine_54,HandGeometry\Hands\Hand_0007791.jpg,HandGeometry\Hands\Hand_0007792.jpg,handGeometry,True,0001516,0001516,11k_Hands,"{""record1_meta"": {""filename"": ""Hand_0007791"", ""age"": ""20"", ""gender"": ""male"", ""skinColor"": ""fair"", ""accessories"": ""0"", ""nailPolish"": ""0"", ""aspectOfHand"": ""palmar left"", ""imageName"": ""Hand_0007791.jpg"", ""irregularities"": ""0""}, ""record2_meta"": {""filename"": ""Hand_0007792"", ""age"": ""20"", ""gender"": ""male"", ""skinColor"": ""fair"", ""accessories"": ""0"", ""nailPolish"": ""0"", ""aspectOfHand"": ""palmar left"", ""imageName"": ""Hand_0007792.jpg"", ""irregularities"": ""0""}}"
11k_Hands_genuine_55,HandGeometry\Hands\Hand_0003631.jpg,HandGeometry\Hands\Hand_0003640.jpg,handGeometry,True,0001564,0001564,11k_Hands,"{""record1_meta"": {""filename"": ""Hand_0003631"", ""age"": ""21"", ""gender"": ""female"", ""skinColor"": ""fair"", ""accessories"": ""0"", ""nailPolish"": ""0"", ""aspectOfHand"": ""palmar right"", ""imageName"": ""Hand_0003631.jpg"", ""irregularities"": ""0""}, ""record2_meta"": {""filename"": ""Hand_0003640"", ""age"": ""21"", ""gender"": ""female"", ""skinColor"": ""fair"", ""accessories"": ""0"", ""nailPolish"": ""0"", ""aspectOfHand"": ""palmar right"", ""imageName"": ""Hand_0003640.jpg"", ""irregularities"": ""0""}}"
11k_Hands_genuine_56,HandGeometry\Hands\Hand_0011531.jpg,HandGeometry\Hands\Hand_0011547.jpg,handGeometry,True,0001075,0001075,11k_Hands,"{""record1_meta"": {""filename"": ""Hand_0011531"", ""age"": ""21"", ""gender"": ""male"", ""skinColor"": ""medium"", ""accessories"": ""0"", ""nailPolish"": ""0"", ""aspectOfHand"": ""palmar right"", ""imageName"": ""Hand_0011531.jpg"", ""irregularities"": ""0""}, ""record2_meta"": {""filename"": ""Hand_0011547"", ""age"": ""21"", ""gender"": ""male"", ""skinColor"": ""medium"", ""accessories"": ""0"", ""nailPolish"": ""0"", ""aspectOfHand"": ""palmar right"", ""imageName"": ""Hand_0011547.jpg"", ""irregularities"": ""0""}}"
11k_Hands_genuine_57,HandGeometry\Hands\Hand_0000451.jpg,HandGeometry\Hands\Hand_0000456.jpg,handGeometry,True,0000019,0000019,11k_Hands,"{""record1_meta"": {""filename"": ""Hand_0000451"", ""age"": ""20"", ""gender"": ""female"", ""skinColor"": ""medium"", ""accessories"": ""1"", ""nailPolish"": ""0"", ""aspectOfHand"": ""palmar right"", ""imageName"": ""Hand_0000451.jpg"", ""irregularities"": ""0""}, ""record2_meta"": {""filename"": ""Hand_0000456"", ""age"": ""20"", ""gender"": ""female"", ""skinColor"": ""medium"", ""accessories"": ""0"", ""nailPolish"": ""0"", ""aspectOfHand"": ""palmar right"", ""imageName"": ""Hand_0000456.jpg"", ""irregularities"": ""0""}}"
11k_Hands_genuine_58,HandGeometry\Hands\Hand_0010207.jpg,HandGeometry\Hands\Hand_0010217.jpg,handGeometry,True,0001525,0001525,11k_Hands,"{""record1_meta"": {""filename"": ""Hand_0010207"", ""age"": ""23"", ""gender"": ""female"", ""skinColor"": ""fair"", ""accessories"": ""0"", ""nailPolish"": ""0"", ""aspectOfHand"": ""palmar right"", ""imageName"": ""Hand_0010207.jpg"", ""irregularities"": ""0""}, ""record2_meta"": {""filename"": ""Hand_0010217"", ""age"": ""23"", ""gender"": ""female"", ""skinColor"": ""fair"", ""accessories"": ""0"", ""nailPolish"": ""0"", ""aspectOfHand"": ""palmar right"", ""imageName"": ""Hand_0010217.jpg"", ""irregularities"": ""0""}}"
11k_Hands_genuine_59,HandGeometry\Hands\Hand_0005890.jpg,HandGeometry\Hands\Hand_0005892.jpg,handGeometry,True,0000587,0000587,11k_Hands,"{""record1_meta"": {""filename"": ""Hand_0005890"", ""age"": ""22"", ""gender"": ""female"", ""skinColor"": ""medium"", ""accessories"": ""0"", ""nailPolish"": ""0"", ""aspectOfHand"": ""dorsal right"", ""imageName"": ""Hand_0005890.jpg"", ""irregularities"": ""0""}, ""record2_meta"": {""filename"": ""Hand_0005892"", ""age"": ""22"", ""gender"": ""female"", ""skinColor"": ""medium"", ""accessories"": ""0"", ""nailPolish"": ""0"", ""aspectOfHand"": ""dorsal right"", ""imageName"": ""Hand_0005892.jpg"", ""irregularities"": ""0""}}"
11k_Hands_genuine_60,HandGeometry\Hands\Hand_0006864.jpg,HandGeometry\Hands\Hand_0006873.jpg,handGeometry,True,0001029,0001029,11k_Hands,"{""record1_meta"": {""filename"": ""Hand_0006864"", ""age"": ""21"", ""gender"": ""male"", ""skinColor"": ""fair"", ""accessories"": ""0"", ""nailPolish"": ""0"", ""aspectOfHand"": ""palmar left"", ""imageName"": ""Hand_0006864.jpg"", ""irregularities"": ""0""}, ""record2_meta"": {""filename"": ""Hand_0006873"", ""age"": ""21"", ""gender"": ""male"", ""skinColor"": ""fair"", ""accessories"": ""0"", ""nailPolish"": ""0"", ""aspectOfHand"": ""palmar left"", ""imageName"": ""Hand_0006873.jpg"", ""irregularities"": ""0""}}"
11k_Hands_genuine_61,HandGeometry\Hands\Hand_0002452.jpg,HandGeometry\Hands\Hand_0002459.jpg,handGeometry,True,0001537,0001537,11k_Hands,"{""record1_meta"": {""filename"": ""Hand_0002452"", ""age"": ""22"", ""gender"": ""female"", ""skinColor"": ""medium"", ""accessories"": ""0"", ""nailPolish"": ""0"", ""aspectOfHand"": ""dorsal right"", ""imageName"": ""Hand_0002452.jpg"", ""irregularities"": ""0""}, ""record2_meta"": {""filename"": ""Hand_0002459"", ""age"": ""22"", ""gender"": ""female"", ""skinColor"": ""medium"", ""accessories"": ""0"", ""nailPolish"": ""0"", ""aspectOfHand"": ""dorsal right"", ""imageName"": ""Hand_0002459.jpg"", ""irregularities"": ""0""}}"
11k_Hands_genuine_62,HandGeometry\Hands\Hand_0004830.jpg,HandGeometry\Hands\Hand_0004858.jpg,handGeometry,True,0001050,0001050,11k_Hands,"{""record1_meta"": {""filename"": ""Hand_0004830"", ""age"": ""20"", ""gender"": ""female"", ""skinColor"": ""medium"", ""accessories"": ""0"", ""nailPolish"": ""0"", ""aspectOfHand"": ""palmar right"", ""imageName"": ""Hand_0004830.jpg"", ""irregularities"": ""0""}, ""record2_meta"": {""filename"": ""Hand_0004858"", ""age"": ""20"", ""gender"": ""female"", ""skinColor"": ""medium"", ""accessories"": ""0"", ""nailPolish"": ""0"", ""aspectOfHand"": ""palmar right"", ""imageName"": ""Hand_0004858.jpg"", ""irregularities"": ""0""}}"
11k_Hands_genuine_63,HandGeometry\Hands\Hand_0001784.jpg,HandGeometry\Hands\Hand_0001800.jpg,handGeometry,True,0001518,0001518,11k_Hands,"{""record1_meta"": {""filename"": ""Hand_0001784"", ""age"": ""43"", ""gender"": ""male"", ""skinColor"": ""fair"", ""accessories"": ""0"", ""nailPolish"": ""0"", ""aspectOfHand"": ""palmar left"", ""imageName"": ""Hand_0001784.jpg"", ""irregularities"": ""0""}, ""record2_meta"": {""filename"": ""Hand_0001800"", ""age"": ""43"", ""gender"": ""male"", ""skinColor"": ""fair"", ""accessories"": ""0"", ""nailPolish"": ""0"", ""aspectOfHand"": ""palmar left"", ""imageName"": ""Hand_0001800.jpg"", ""irregularities"": ""0""}}"
11k_Hands_genuine_64,HandGeometry\Hands\Hand_0007093.jpg,HandGeometry\Hands\Hand_0007099.jpg,handGeometry,True,0000509,0000509,11k_Hands,"{""record1_meta"": {""filename"": ""Hand_0007093"", ""age"": ""21"", ""gender"": ""female"", ""skinColor"": ""medium"", ""accessories"": ""1"", ""nailPolish"": ""0"", ""aspectOfHand"": ""palmar right"", ""imageName"": ""Hand_0007093.jpg"", ""irregularities"": ""0""}, ""record2_meta"": {""filename"": ""Hand_0007099"", ""age"": ""21"", ""gender"": ""female"", ""skinColor"": ""medium"", ""accessories"": ""1"", ""nailPolish"": ""0"", ""aspectOfHand"": ""palmar right"", ""imageName"": ""Hand_0007099.jpg"", ""irregularities"": ""0""}}"
11k_Hands_genuine_65,HandGeometry\Hands\Hand_0004062.jpg,HandGeometry\Hands\Hand_0004071.jpg,handGeometry,True,0001013,0001013,11k_Hands,"{""record1_meta"": {""filename"": ""Hand_0004062"", ""age"": ""21"", ""gender"": ""male"", ""skinColor"": ""fair"", ""accessories"": ""0"", ""nailPolish"": ""0"", ""aspectOfHand"": ""palmar right"", ""imageName"": ""Hand_0004062.jpg"", ""irregularities"": ""0""}, ""record2_meta"": {""filename"": ""Hand_0004071"", ""age"": ""21"", ""gender"": ""male"", ""skinColor"": ""fair"", ""accessories"": ""0"", ""nailPolish"": ""0"", ""aspectOfHand"": ""palmar right"", ""imageName"": ""Hand_0004071.jpg"", ""irregularities"": ""0""}}"
11k_Hands_genuine_66,HandGeometry\Hands\Hand_0008363.jpg,HandGeometry\Hands\Hand_0008364.jpg,handGeometry,True,0001046,0001046,11k_Hands,"{""record1_meta"": {""filename"": ""Hand_0008363"", ""age"": ""21"", ""gender"": ""female"", ""skinColor"": ""medium"", ""accessories"": ""0"", ""nailPolish"": ""1"", ""aspectOfHand"": ""dorsal left"", ""imageName"": ""Hand_0008363.jpg"", ""irregularities"": ""0""}, ""record2_meta"": {""filename"": ""Hand_0008364"", ""age"": ""21"", ""gender"": ""female"", ""skinColor"": ""medium"", ""accessories"": ""0"", ""nailPolish"": ""1"", ""aspectOfHand"": ""dorsal left"", ""imageName"": ""Hand_0008364.jpg"", ""irregularities"": ""0""}}"
11k_Hands_genuine_67,HandGeometry\Hands\Hand_0008056.jpg,HandGeometry\Hands\Hand_0008066.jpg,handGeometry,True,0000552,0000552,11k_Hands,"{""record1_meta"": {""filename"": ""Hand_0008056"", ""age"": ""21"", ""gender"": ""female"", ""skinColor"": ""medium"", ""accessories"": ""0"", ""nailPolish"": ""0"", ""aspectOfHand"": ""dorsal right"", ""imageName"": ""Hand_0008056.jpg"", ""irregularities"": ""0""}, ""record2_meta"": {""filename"": ""Hand_0008066"", ""age"": ""21"", ""gender"": ""female"", ""skinColor"": ""medium"", ""accessories"": ""0"", ""nailPolish"": ""0"", ""aspectOfHand"": ""dorsal right"", ""imageName"": ""Hand_0008066.jpg"", ""irregularities"": ""0""}}"
11k_Hands_genuine_68,HandGeometry\Hands\Hand_0004744.jpg,HandGeometry\Hands\Hand_0004745.jpg,handGeometry,True,0001080,0001080,11k_Hands,"{""record1_meta"": {""filename"": ""Hand_0004744"", ""age"": ""21"", ""gender"": ""female"", ""skinColor"": ""medium"", ""accessories"": ""0"", ""nailPolish"": ""0"", ""aspectOfHand"": ""dorsal left"", ""imageName"": ""Hand_0004744.jpg"", ""irregularities"": ""0""}, ""record2_meta"": {""filename"": ""Hand_0004745"", ""age"": ""21"", ""gender"": ""female"", ""skinColor"": ""medium"", ""accessories"": ""0"", ""nailPolish"": ""0"", ""aspectOfHand"": ""dorsal left"", ""imageName"": ""Hand_0004745.jpg"", ""irregularities"": ""0""}}"
11k_Hands_genuine_69,HandGeometry\Hands\Hand_0007519.jpg,HandGeometry\Hands\Hand_0007548.jpg,handGeometry,True,0001030,0001030,11k_Hands,"{""record1_meta"": {""filename"": ""Hand_0007519"", ""age"": ""21"", ""gender"": ""male"", ""skinColor"": ""medium"", ""accessories"": ""0"", ""nailPolish"": ""0"", ""aspectOfHand"": ""dorsal right"", ""imageName"": ""Hand_0007519.jpg"", ""irregularities"": ""0""}, ""record2_meta"": {""filename"": ""Hand_0007548"", ""age"": ""21"", ""gender"": ""male"", ""skinColor"": ""medium"", ""accessories"": ""0"", ""nailPolish"": ""0"", ""aspectOfHand"": ""dorsal right"", ""imageName"": ""Hand_0007548.jpg"", ""irregularities"": ""0""}}"
11k_Hands_genuine_70,HandGeometry\Hands\Hand_0002885.jpg,HandGeometry\Hands\Hand_0007390.jpg,handGeometry,True,0001543,0001543,11k_Hands,"{""record1_meta"": {""filename"": ""Hand_0002885"", ""age"": ""21"", ""gender"": ""male"", ""skinColor"": ""medium"", ""accessories"": ""0"", ""nailPolish"": ""0"", ""aspectOfHand"": ""dorsal left"", ""imageName"": ""Hand_0002885.jpg"", ""irregularities"": ""0""}, ""record2_meta"": {""filename"": ""Hand_0007390"", ""age"": ""21"", ""gender"": ""male"", ""skinColor"": ""medium"", ""accessories"": ""0"", ""nailPolish"": ""0"", ""aspectOfHand"": ""dorsal left"", ""imageName"": ""Hand_0007390.jpg"", ""irregularities"": ""0""}}"
11k_Hands_genuine_71,HandGeometry\Hands\Hand_0009584.jpg,HandGeometry\Hands\Hand_0009586.jpg,handGeometry,True,5000000,5000000,11k_Hands,"{""record1_meta"": {""filename"": ""Hand_0009584"", ""age"": ""18"", ""gender"": ""female"", ""skinColor"": ""dark"", ""accessories"": ""0"", ""nailPolish"": ""0"", ""aspectOfHand"": ""dorsal right"", ""imageName"": ""Hand_0009584.jpg"", ""irregularities"": ""0""}, ""record2_meta"": {""filename"": ""Hand_0009586"", ""age"": ""18"", ""gender"": ""female"", ""skinColor"": ""dark"", ""accessories"": ""0"", ""nailPolish"": ""0"", ""aspectOfHand"": ""dorsal right"", ""imageName"": ""Hand_0009586.jpg"", ""irregularities"": ""0""}}"
11k_Hands_genuine_72,HandGeometry\Hands\Hand_0001502.jpg,HandGeometry\Hands\Hand_0001503.jpg,handGeometry,True,0001081,0001081,11k_Hands,"{""record1_meta"": {""filename"": ""Hand_0001502"", ""age"": ""21"", ""gender"": ""female"", ""skinColor"": ""medium"", ""accessories"": ""0"", ""nailPolish"": ""0"", ""aspectOfHand"": ""dorsal right"", ""imageName"": ""Hand_0001502.jpg"", ""irregularities"": ""0""}, ""record2_meta"": {""filename"": ""Hand_0001503"", ""age"": ""21"", ""gender"": ""female"", ""skinColor"": ""medium"", ""accessories"": ""0"", ""nailPolish"": ""0"", ""aspectOfHand"": ""dorsal right"", ""imageName"": ""Hand_0001503.jpg"", ""irregularities"": ""0""}}"
11k_Hands_genuine_73,HandGeometry\Hands\Hand_0000582.jpg,HandGeometry\Hands\Hand_0000584.jpg,handGeometry,True,0000063,0000063,11k_Hands,"{""record1_meta"": {""filename"": ""Hand_0000582"", ""age"": ""21"", ""gender"": ""female"", ""skinColor"": ""medium"", ""accessories"": ""0"", ""nailPolish"": ""0"", ""aspectOfHand"": ""palmar left"", ""imageName"": ""Hand_0000582.jpg"", ""irregularities"": ""0""}, ""record2_meta"": {""filename"": ""Hand_0000584"", ""age"": ""21"", ""gender"": ""female"", ""skinColor"": ""medium"", ""accessories"": ""0"", ""nailPolish"": ""0"", ""aspectOfHand"": ""palmar left"", ""imageName"": ""Hand_0000584.jpg"", ""irregularities"": ""0""}}"
11k_Hands_genuine_74,HandGeometry\Hands\Hand_0008975.jpg,HandGeometry\Hands\Hand_0008991.jpg,handGeometry,True,0000596,0000596,11k_Hands,"{""record1_meta"": {""filename"": ""Hand_0008975"", ""age"": ""22"", ""gender"": ""female"", ""skinColor"": ""fair"", ""accessories"": ""1"", ""nailPolish"": ""1"", ""aspectOfHand"": ""dorsal right"", ""imageName"": ""Hand_0008975.jpg"", ""irregularities"": ""0""}, ""record2_meta"": {""filename"": ""Hand_0008991"", ""age"": ""22"", ""gender"": ""female"", ""skinColor"": ""fair"", ""accessories"": ""1"", ""nailPolish"": ""1"", ""aspectOfHand"": ""dorsal right"", ""imageName"": ""Hand_0008991.jpg"", ""irregularities"": ""0""}}"
11k_Hands_genuine_75,HandGeometry\Hands\Hand_0003283.jpg,HandGeometry\Hands\Hand_0008347.jpg,handGeometry,True,0000546,0000546,11k_Hands,"{""record1_meta"": {""filename"": ""Hand_0003283"", ""age"": ""22"", ""gender"": ""female"", ""skinColor"": ""medium"", ""accessories"": ""0"", ""nailPolish"": ""0"", ""aspectOfHand"": ""dorsal left"", ""imageName"": ""Hand_0003283.jpg"", ""irregularities"": ""0""}, ""record2_meta"": {""filename"": ""Hand_0008347"", ""age"": ""22"", ""gender"": ""female"", ""skinColor"": ""medium"", ""accessories"": ""0"", ""nailPolish"": ""0"", ""aspectOfHand"": ""dorsal left"", ""imageName"": ""Hand_0008347.jpg"", ""irregularities"": ""0""}}"
11k_Hands_genuine_76,HandGeometry\Hands\Hand_0010906.jpg,HandGeometry\Hands\Hand_0010908.jpg,handGeometry,True,0001550,0001550,11k_Hands,"{""record1_meta"": {""filename"": ""Hand_0010906"", ""age"": ""24"", ""gender"": ""male"", ""skinColor"": ""medium"", ""accessories"": ""0"", ""nailPolish"": ""0"", ""aspectOfHand"": ""palmar left"", ""imageName"": ""Hand_0010906.jpg"", ""irregularities"": ""0""}, ""record2_meta"": {""filename"": ""Hand_0010908"", ""age"": ""24"", ""gender"": ""male"", ""skinColor"": ""medium"", ""accessories"": ""0"", ""nailPolish"": ""0"", ""aspectOfHand"": ""palmar left"", ""imageName"": ""Hand_0010908.jpg"", ""irregularities"": ""0""}}"
11k_Hands_genuine_77,HandGeometry\Hands\Hand_0004018.jpg,HandGeometry\Hands\Hand_0004022.jpg,handGeometry,True,0001039,0001039,11k_Hands,"{""record1_meta"": {""filename"": ""Hand_0004018"", ""age"": ""21"", ""gender"": ""male"", ""skinColor"": ""fair"", ""accessories"": ""0"", ""nailPolish"": ""0"", ""aspectOfHand"": ""palmar left"", ""imageName"": ""Hand_0004018.jpg"", ""irregularities"": ""0""}, ""record2_meta"": {""filename"": ""Hand_0004022"", ""age"": ""21"", ""gender"": ""male"", ""skinColor"": ""fair"", ""accessories"": ""0"", ""nailPolish"": ""0"", ""aspectOfHand"": ""palmar left"", ""imageName"": ""Hand_0004022.jpg"", ""irregularities"": ""0""}}"
11k_Hands_genuine_78,HandGeometry\Hands\Hand_0001834.jpg,HandGeometry\Hands\Hand_0001836.jpg,handGeometry,True,0000067,0000067,11k_Hands,"{""record1_meta"": {""filename"": ""Hand_0001834"", ""age"": ""22"", ""gender"": ""male"", ""skinColor"": ""medium"", ""accessories"": ""0"", ""nailPolish"": ""0"", ""aspectOfHand"": ""dorsal left"", ""imageName"": ""Hand_0001834.jpg"", ""irregularities"": ""0""}, ""record2_meta"": {""filename"": ""Hand_0001836"", ""age"": ""22"", ""gender"": ""male"", ""skinColor"": ""medium"", ""accessories"": ""0"", ""nailPolish"": ""0"", ""aspectOfHand"": ""dorsal left"", ""imageName"": ""Hand_0001836.jpg"", ""irregularities"": ""0""}}"
11k_Hands_genuine_79,HandGeometry\Hands\Hand_0003335.jpg,HandGeometry\Hands\Hand_0008519.jpg,handGeometry,True,0001541,0001541,11k_Hands,"{""record1_meta"": {""filename"": ""Hand_0003335"", ""age"": ""21"", ""gender"": ""female"", ""skinColor"": ""medium"", ""accessories"": ""1"", ""nailPolish"": ""0"", ""aspectOfHand"": ""dorsal right"", ""imageName"": ""Hand_0003335.jpg"", ""irregularities"": ""0""}, ""record2_meta"": {""filename"": ""Hand_0008519"", ""age"": ""21"", ""gender"": ""female"", ""skinColor"": ""medium"", ""accessories"": ""0"", ""nailPolish"": ""1"", ""aspectOfHand"": ""dorsal right"", ""imageName"": ""Hand_0008519.jpg"", ""irregularities"": ""0""}}"
11k_Hands_genuine_80,HandGeometry\Hands\Hand_0002241.jpg,HandGeometry\Hands\Hand_0002251.jpg,handGeometry,True,0001545,0001545,11k_Hands,"{""record1_meta"": {""filename"": ""Hand_0002241"", ""age"": ""22"", ""gender"": ""female"", ""skinColor"": ""medium"", ""accessories"": ""1"", ""nailPolish"": ""0"", ""aspectOfHand"": ""palmar right"", ""imageName"": ""Hand_0002241.jpg"", ""irregularities"": ""0""}, ""record2_meta"": {""filename"": ""Hand_0002251"", ""age"": ""22"", ""gender"": ""female"", ""skinColor"": ""medium"", ""accessories"": ""1"", ""nailPolish"": ""0"", ""aspectOfHand"": ""palmar right"", ""imageName"": ""Hand_0002251.jpg"", ""irregularities"": ""0""}}"
11k_Hands_genuine_81,HandGeometry\Hands\Hand_0004834.jpg,HandGeometry\Hands\Hand_0004873.jpg,handGeometry,True,0001050,0001050,11k_Hands,"{""record1_meta"": {""filename"": ""Hand_0004834"", ""age"": ""20"", ""gender"": ""female"", ""skinColor"": ""medium"", ""accessories"": ""0"", ""nailPolish"": ""0"", ""aspectOfHand"": ""palmar right"", ""imageName"": ""Hand_0004834.jpg"", ""irregularities"": ""0""}, ""record2_meta"": {""filename"": ""Hand_0004873"", ""age"": ""20"", ""gender"": ""female"", ""skinColor"": ""medium"", ""accessories"": ""0"", ""nailPolish"": ""0"", ""aspectOfHand"": ""palmar right"", ""imageName"": ""Hand_0004873.jpg"", ""irregularities"": ""0""}}"
11k_Hands_genuine_82,HandGeometry\Hands\Hand_0003895.jpg,HandGeometry\Hands\Hand_0003908.jpg,handGeometry,True,0001566,0001566,11k_Hands,"{""record1_meta"": {""filename"": ""Hand_0003895"", ""age"": ""21"", ""gender"": ""male"", ""skinColor"": ""medium"", ""accessories"": ""0"", ""nailPolish"": ""0"", ""aspectOfHand"": ""palmar left"", ""imageName"": ""Hand_0003895.jpg"", ""irregularities"": ""1""}, ""record2_meta"": {""filename"": ""Hand_0003908"", ""age"": ""21"", ""gender"": ""male"", ""skinColor"": ""medium"", ""accessories"": ""0"", ""nailPolish"": ""0"", ""aspectOfHand"": ""palmar left"", ""imageName"": ""Hand_0003908.jpg"", ""irregularities"": ""1""}}"
11k_Hands_genuine_83,HandGeometry\Hands\Hand_0005779.jpg,HandGeometry\Hands\Hand_0005780.jpg,handGeometry,True,0001557,0001557,11k_Hands,"{""record1_meta"": {""filename"": ""Hand_0005779"", ""age"": ""21"", ""gender"": ""female"", ""skinColor"": ""medium"", ""accessories"": ""1"", ""nailPolish"": ""0"", ""aspectOfHand"": ""palmar left"", ""imageName"": ""Hand_0005779.jpg"", ""irregularities"": ""0""}, ""record2_meta"": {""filename"": ""Hand_0005780"", ""age"": ""21"", ""gender"": ""female"", ""skinColor"": ""medium"", ""accessories"": ""1"", ""nailPolish"": ""0"", ""aspectOfHand"": ""palmar left"", ""imageName"": ""Hand_0005780.jpg"", ""irregularities"": ""0""}}"
11k_Hands_genuine_84,HandGeometry\Hands\Hand_0008644.jpg,HandGeometry\Hands\Hand_0008661.jpg,handGeometry,True,0000581,0000581,11k_Hands,"{""record1_meta"": {""filename"": ""Hand_0008644"", ""age"": ""21"", ""gender"": ""female"", ""skinColor"": ""fair"", ""accessories"": ""1"", ""nailPolish"": ""0"", ""aspectOfHand"": ""palmar right"", ""imageName"": ""Hand_0008644.jpg"", ""irregularities"": ""0""}, ""record2_meta"": {""filename"": ""Hand_0008661"", ""age"": ""21"", ""gender"": ""female"", ""skinColor"": ""fair"", ""accessories"": ""1"", ""nailPolish"": ""0"", ""aspectOfHand"": ""palmar right"", ""imageName"": ""Hand_0008661.jpg"", ""irregularities"": ""0""}}"
11k_Hands_genuine_85,HandGeometry\Hands\Hand_0004773.jpg,HandGeometry\Hands\Hand_0004790.jpg,handGeometry,True,0001050,0001050,11k_Hands,"{""record1_meta"": {""filename"": ""Hand_0004773"", ""age"": ""20"", ""gender"": ""female"", ""skinColor"": ""medium"", ""accessories"": ""0"", ""nailPolish"": ""1"", ""aspectOfHand"": ""dorsal right"", ""imageName"": ""Hand_0004773.jpg"", ""irregularities"": ""0""}, ""record2_meta"": {""filename"": ""Hand_0004790"", ""age"": ""20"", ""gender"": ""female"", ""skinColor"": ""medium"", ""accessories"": ""0"", ""nailPolish"": ""1"", ""aspectOfHand"": ""dorsal right"", ""imageName"": ""Hand_0004790.jpg"", ""irregularities"": ""0""}}"
11k_Hands_genuine_86,HandGeometry\Hands\Hand_0002765.jpg,HandGeometry\Hands\Hand_0008204.jpg,handGeometry,True,0001024,0001024,11k_Hands,"{""record1_meta"": {""filename"": ""Hand_0002765"", ""age"": ""22"", ""gender"": ""male"", ""skinColor"": ""medium"", ""accessories"": ""0"", ""nailPolish"": ""0"", ""aspectOfHand"": ""palmar right"", ""imageName"": ""Hand_0002765.jpg"", ""irregularities"": ""0""}, ""record2_meta"": {""filename"": ""Hand_0008204"", ""age"": ""22"", ""gender"": ""male"", ""skinColor"": ""medium"", ""accessories"": ""0"", ""nailPolish"": ""0"", ""aspectOfHand"": ""palmar right"", ""imageName"": ""Hand_0008204.jpg"", ""irregularities"": ""0""}}"
11k_Hands_genuine_87,HandGeometry\Hands\Hand_0004812.jpg,HandGeometry\Hands\Hand_0004830.jpg,handGeometry,True,0001050,0001050,11k_Hands,"{""record1_meta"": {""filename"": ""Hand_0004812"", ""age"": ""20"", ""gender"": ""female"", ""skinColor"": ""medium"", ""accessories"": ""0"", ""nailPolish"": ""0"", ""aspectOfHand"": ""palmar right"", ""imageName"": ""Hand_0004812.jpg"", ""irregularities"": ""0""}, ""record2_meta"": {""filename"": ""Hand_0004830"", ""age"": ""20"", ""gender"": ""female"", ""skinColor"": ""medium"", ""accessories"": ""0"", ""nailPolish"": ""0"", ""aspectOfHand"": ""palmar right"", ""imageName"": ""Hand_0004830.jpg"", ""irregularities"": ""0""}}"
11k_Hands_genuine_88,HandGeometry\Hands\Hand_0004675.jpg,HandGeometry\Hands\Hand_0004686.jpg,handGeometry,True,0001080,0001080,11k_Hands,"{""record1_meta"": {""filename"": ""Hand_0004675"", ""age"": ""21"", ""gender"": ""female"", ""skinColor"": ""medium"", ""accessories"": ""0"", ""nailPolish"": ""0"", ""aspectOfHand"": ""dorsal right"", ""imageName"": ""Hand_0004675.jpg"", ""irregularities"": ""0""}, ""record2_meta"": {""filename"": ""Hand_0004686"", ""age"": ""21"", ""gender"": ""female"", ""skinColor"": ""medium"", ""accessories"": ""0"", ""nailPolish"": ""0"", ""aspectOfHand"": ""dorsal right"", ""imageName"": ""Hand_0004686.jpg"", ""irregularities"": ""0""}}"
11k_Hands_genuine_89,HandGeometry\Hands\Hand_0003095.jpg,HandGeometry\Hands\Hand_0003097.jpg,handGeometry,True,0001002,0001002,11k_Hands,"{""record1_meta"": {""filename"": ""Hand_0003095"", ""age"": ""54"", ""gender"": ""male"", ""skinColor"": ""medium"", ""accessories"": ""0"", ""nailPolish"": ""0"", ""aspectOfHand"": ""dorsal right"", ""imageName"": ""Hand_0003095.jpg"", ""irregularities"": ""0""}, ""record2_meta"": {""filename"": ""Hand_0003097"", ""age"": ""54"", ""gender"": ""male"", ""skinColor"": ""medium"", ""accessories"": ""0"", ""nailPolish"": ""0"", ""aspectOfHand"": ""dorsal right"", ""imageName"": ""Hand_0003097.jpg"", ""irregularities"": ""0""}}"
11k_Hands_genuine_90,HandGeometry\Hands\Hand_0009000.jpg,HandGeometry\Hands\Hand_0009009.jpg,handGeometry,True,0000596,0000596,11k_Hands,"{""record1_meta"": {""filename"": ""Hand_0009000"", ""age"": ""22"", ""gender"": ""female"", ""skinColor"": ""fair"", ""accessories"": ""1"", ""nailPolish"": ""1"", ""aspectOfHand"": ""dorsal right"", ""imageName"": ""Hand_0009000.jpg"", ""irregularities"": ""0""}, ""record2_meta"": {""filename"": ""Hand_0009009"", ""age"": ""22"", ""gender"": ""female"", ""skinColor"": ""fair"", ""accessories"": ""1"", ""nailPolish"": ""1"", ""aspectOfHand"": ""dorsal right"", ""imageName"": ""Hand_0009009.jpg"", ""irregularities"": ""0""}}"
11k_Hands_genuine_91,HandGeometry\Hands\Hand_0003698.jpg,HandGeometry\Hands\Hand_0003703.jpg,handGeometry,True,0001569,0001569,11k_Hands,"{""record1_meta"": {""filename"": ""Hand_0003698"", ""age"": ""21"", ""gender"": ""female"", ""skinColor"": ""medium"", ""accessories"": ""0"", ""nailPolish"": ""0"", ""aspectOfHand"": ""dorsal right"", ""imageName"": ""Hand_0003698.jpg"", ""irregularities"": ""0""}, ""record2_meta"": {""filename"": ""Hand_0003703"", ""age"": ""21"", ""gender"": ""female"", ""skinColor"": ""medium"", ""accessories"": ""0"", ""nailPolish"": ""0"", ""aspectOfHand"": ""dorsal right"", ""imageName"": ""Hand_0003703.jpg"", ""irregularities"": ""0""}}"
11k_Hands_genuine_92,HandGeometry\Hands\Hand_0009513.jpg,HandGeometry\Hands\Hand_0009523.jpg,handGeometry,True,3000000,3000000,11k_Hands,"{""record1_meta"": {""filename"": ""Hand_0009513"", ""age"": ""19"", ""gender"": ""female"", ""skinColor"": ""very fair"", ""accessories"": ""1"", ""nailPolish"": ""0"", ""aspectOfHand"": ""dorsal left"", ""imageName"": ""Hand_0009513.jpg"", ""irregularities"": ""0""}, ""record2_meta"": {""filename"": ""Hand_0009523"", ""age"": ""19"", ""gender"": ""female"", ""skinColor"": ""very fair"", ""accessories"": ""1"", ""nailPolish"": ""0"", ""aspectOfHand"": ""dorsal left"", ""imageName"": ""Hand_0009523.jpg"", ""irregularities"": ""0""}}"
11k_Hands_genuine_93,HandGeometry\Hands\Hand_0009213.jpg,HandGeometry\Hands\Hand_0009218.jpg,handGeometry,True,0001009,0001009,11k_Hands,"{""record1_meta"": {""filename"": ""Hand_0009213"", ""age"": ""23"", ""gender"": ""male"", ""skinColor"": ""medium"", ""accessories"": ""0"", ""nailPolish"": ""0"", ""aspectOfHand"": ""dorsal right"", ""imageName"": ""Hand_0009213.jpg"", ""irregularities"": ""0""}, ""record2_meta"": {""filename"": ""Hand_0009218"", ""age"": ""23"", ""gender"": ""male"", ""skinColor"": ""medium"", ""accessories"": ""0"", ""nailPolish"": ""0"", ""aspectOfHand"": ""dorsal right"", ""imageName"": ""Hand_0009218.jpg"", ""irregularities"": ""0""}}"
11k_Hands_genuine_94,HandGeometry\Hands\Hand_0008862.jpg,HandGeometry\Hands\Hand_0008868.jpg,handGeometry,True,0000528,0000528,11k_Hands,"{""record1_meta"": {""filename"": ""Hand_0008862"", ""age"": ""22"", ""gender"": ""female"", ""skinColor"": ""medium"", ""accessories"": ""1"", ""nailPolish"": ""1"", ""aspectOfHand"": ""dorsal right"", ""imageName"": ""Hand_0008862.jpg"", ""irregularities"": ""0""}, ""record2_meta"": {""filename"": ""Hand_0008868"", ""age"": ""22"", ""gender"": ""female"", ""skinColor"": ""medium"", ""accessories"": ""1"", ""nailPolish"": ""1"", ""aspectOfHand"": ""dorsal right"", ""imageName"": ""Hand_0008868.jpg"", ""irregularities"": ""0""}}"
11k_Hands_genuine_95,HandGeometry\Hands\Hand_0001538.jpg,HandGeometry\Hands\Hand_0001542.jpg,handGeometry,True,0001506,0001506,11k_Hands,"{""record1_meta"": {""filename"": ""Hand_0001538"", ""age"": ""21"", ""gender"": ""female"", ""skinColor"": ""fair"", ""accessories"": ""1"", ""nailPolish"": ""0"", ""aspectOfHand"": ""palmar right"", ""imageName"": ""Hand_0001538.jpg"", ""irregularities"": ""0""}, ""record2_meta"": {""filename"": ""Hand_0001542"", ""age"": ""21"", ""gender"": ""female"", ""skinColor"": ""fair"", ""accessories"": ""1"", ""nailPolish"": ""0"", ""aspectOfHand"": ""palmar right"", ""imageName"": ""Hand_0001542.jpg"", ""irregularities"": ""0""}}"
11k_Hands_genuine_96,HandGeometry\Hands\Hand_0007893.jpg,HandGeometry\Hands\Hand_0007894.jpg,handGeometry,True,0001539,0001539,11k_Hands,"{""record1_meta"": {""filename"": ""Hand_0007893"", ""age"": ""21"", ""gender"": ""female"", ""skinColor"": ""medium"", ""accessories"": ""0"", ""nailPolish"": ""0"", ""aspectOfHand"": ""dorsal left"", ""imageName"": ""Hand_0007893.jpg"", ""irregularities"": ""0""}, ""record2_meta"": {""filename"": ""Hand_0007894"", ""age"": ""21"", ""gender"": ""female"", ""skinColor"": ""medium"", ""accessories"": ""0"", ""nailPolish"": ""0"", ""aspectOfHand"": ""dorsal left"", ""imageName"": ""Hand_0007894.jpg"", ""irregularities"": ""0""}}"
11k_Hands_genuine_97,HandGeometry\Hands\Hand_0008498.jpg,HandGeometry\Hands\Hand_0008505.jpg,handGeometry,True,0001082,0001082,11k_Hands,"{""record1_meta"": {""filename"": ""Hand_0008498"", ""age"": ""21"", ""gender"": ""female"", ""skinColor"": ""medium"", ""accessories"": ""0"", ""nailPolish"": ""0"", ""aspectOfHand"": ""palmar left"", ""imageName"": ""Hand_0008498.jpg"", ""irregularities"": ""0""}, ""record2_meta"": {""filename"": ""Hand_0008505"", ""age"": ""21"", ""gender"": ""female"", ""skinColor"": ""medium"", ""accessories"": ""0"", ""nailPolish"": ""0"", ""aspectOfHand"": ""palmar left"", ""imageName"": ""Hand_0008505.jpg"", ""irregularities"": ""0""}}"
11k_Hands_genuine_98,HandGeometry\Hands\Hand_0002807.jpg,HandGeometry\Hands\Hand_0008243.jpg,handGeometry,True,0001024,0001024,11k_Hands,"{""record1_meta"": {""filename"": ""Hand_0002807"", ""age"": ""22"", ""gender"": ""male"", ""skinColor"": ""medium"", ""accessories"": ""0"", ""nailPolish"": ""0"", ""aspectOfHand"": ""palmar left"", ""imageName"": ""Hand_0002807.jpg"", ""irregularities"": ""0""}, ""record2_meta"": {""filename"": ""Hand_0008243"", ""age"": ""22"", ""gender"": ""male"", ""skinColor"": ""medium"", ""accessories"": ""0"", ""nailPolish"": ""0"", ""aspectOfHand"": ""palmar left"", ""imageName"": ""Hand_0008243.jpg"", ""irregularities"": ""0""}}"
11k_Hands_genuine_99,HandGeometry\Hands\Hand_0006833.jpg,HandGeometry\Hands\Hand_0006838.jpg,handGeometry,True,0001029,0001029,11k_Hands,"{""record1_meta"": {""filename"": ""Hand_0006833"", ""age"": ""21"", ""gender"": ""male"", ""skinColor"": ""fair"", ""accessories"": ""0"", ""nailPolish"": ""0"", ""aspectOfHand"": ""palmar right"", ""imageName"": ""Hand_0006833.jpg"", ""irregularities"": ""0""}, ""record2_meta"": {""filename"": ""Hand_0006838"", ""age"": ""21"", ""gender"": ""male"", ""skinColor"": ""fair"", ""accessories"": ""0"", ""nailPolish"": ""0"", ""aspectOfHand"": ""palmar right"", ""imageName"": ""Hand_0006838.jpg"", ""irregularities"": ""0""}}"
11k_Hands_genuine_100,HandGeometry\Hands\Hand_0010188.jpg,HandGeometry\Hands\Hand_0010190.jpg,handGeometry,True,0000507,0000507,11k_Hands,"{""record1_meta"": {""filename"": ""Hand_0010188"", ""age"": ""21"", ""gender"": ""female"", ""skinColor"": ""dark"", ""accessories"": ""0"", ""nailPolish"": ""0"", ""aspectOfHand"": ""palmar left"", ""imageName"": ""Hand_0010188.jpg"", ""irregularities"": ""0""}, ""record2_meta"": {""filename"": ""Hand_0010190"", ""age"": ""21"", ""gender"": ""female"", ""skinColor"": ""dark"", ""accessories"": ""0"", ""nailPolish"": ""0"", ""aspectOfHand"": ""palmar left"", ""imageName"": ""Hand_0010190.jpg"", ""irregularities"": ""0""}}"
11k_Hands_genuine_101,HandGeometry\Hands\Hand_0008512.jpg,HandGeometry\Hands\Hand_0008520.jpg,handGeometry,True,0001541,0001541,11k_Hands,"{""record1_meta"": {""filename"": ""Hand_0008512"", ""age"": ""21"", ""gender"": ""female"", ""skinColor"": ""medium"", ""accessories"": ""0"", ""nailPolish"": ""1"", ""aspectOfHand"": ""dorsal right"", ""imageName"": ""Hand_0008512.jpg"", ""irregularities"": ""0""}, ""record2_meta"": {""filename"": ""Hand_0008520"", ""age"": ""21"", ""gender"": ""female"", ""skinColor"": ""medium"", ""accessories"": ""0"", ""nailPolish"": ""1"", ""aspectOfHand"": ""dorsal right"", ""imageName"": ""Hand_0008520.jpg"", ""irregularities"": ""0""}}"
11k_Hands_genuine_102,HandGeometry\Hands\Hand_0002771.jpg,HandGeometry\Hands\Hand_0008199.jpg,handGeometry,True,0001024,0001024,11k_Hands,"{""record1_meta"": {""filename"": ""Hand_0002771"", ""age"": ""22"", ""gender"": ""male"", ""skinColor"": ""medium"", ""accessories"": ""0"", ""nailPolish"": ""0"", ""aspectOfHand"": ""palmar right"", ""imageName"": ""Hand_0002771.jpg"", ""irregularities"": ""0""}, ""record2_meta"": {""filename"": ""Hand_0008199"", ""age"": ""22"", ""gender"": ""male"", ""skinColor"": ""medium"", ""accessories"": ""0"", ""nailPolish"": ""0"", ""aspectOfHand"": ""palmar right"", ""imageName"": ""Hand_0008199.jpg"", ""irregularities"": ""0""}}"
11k_Hands_genuine_103,HandGeometry\Hands\Hand_0005914.jpg,HandGeometry\Hands\Hand_0005916.jpg,handGeometry,True,0000587,0000587,11k_Hands,"{""record1_meta"": {""filename"": ""Hand_0005914"", ""age"": ""22"", ""gender"": ""female"", ""skinColor"": ""medium"", ""accessories"": ""0"", ""nailPolish"": ""0"", ""aspectOfHand"": ""dorsal right"", ""imageName"": ""Hand_0005914.jpg"", ""irregularities"": ""0""}, ""record2_meta"": {""filename"": ""Hand_0005916"", ""age"": ""22"", ""gender"": ""female"", ""skinColor"": ""medium"", ""accessories"": ""0"", ""nailPolish"": ""0"", ""aspectOfHand"": ""dorsal right"", ""imageName"": ""Hand_0005916.jpg"", ""irregularities"": ""0""}}"
11k_Hands_genuine_104,HandGeometry\Hands\Hand_0004832.jpg,HandGeometry\Hands\Hand_0004880.jpg,handGeometry,True,0001050,0001050,11k_Hands,"{""record1_meta"": {""filename"": ""Hand_0004832"", ""age"": ""20"", ""gender"": ""female"", ""skinColor"": ""medium"", ""accessories"": ""0"", ""nailPolish"": ""0"", ""aspectOfHand"": ""palmar right"", ""imageName"": ""Hand_0004832.jpg"", ""irregularities"": ""0""}, ""record2_meta"": {""filename"": ""Hand_0004880"", ""age"": ""20"", ""gender"": ""female"", ""skinColor"": ""medium"", ""accessories"": ""0"", ""nailPolish"": ""0"", ""aspectOfHand"": ""palmar right"", ""imageName"": ""Hand_0004880.jpg"", ""irregularities"": ""0""}}"
11k_Hands_genuine_105,HandGeometry\Hands\Hand_0003781.jpg,HandGeometry\Hands\Hand_0003795.jpg,handGeometry,True,0001568,0001568,11k_Hands,"{""record1_meta"": {""filename"": ""Hand_0003781"", ""age"": ""21"", ""gender"": ""female"", ""skinColor"": ""fair"", ""accessories"": ""1"", ""nailPolish"": ""0"", ""aspectOfHand"": ""palmar right"", ""imageName"": ""Hand_0003781.jpg"", ""irregularities"": ""0""}, ""record2_meta"": {""filename"": ""Hand_0003795"", ""age"": ""21"", ""gender"": ""female"", ""skinColor"": ""fair"", ""accessories"": ""1"", ""nailPolish"": ""0"", ""aspectOfHand"": ""palmar right"", ""imageName"": ""Hand_0003795.jpg"", ""irregularities"": ""0""}}"
11k_Hands_genuine_106,HandGeometry\Hands\Hand_0008720.jpg,HandGeometry\Hands\Hand_0008725.jpg,handGeometry,True,0000093,0000093,11k_Hands,"{""record1_meta"": {""filename"": ""Hand_0008720"", ""age"": ""21"", ""gender"": ""female"", ""skinColor"": ""medium"", ""accessories"": ""1"", ""nailPolish"": ""0"", ""aspectOfHand"": ""palmar right"", ""imageName"": ""Hand_0008720.jpg"", ""irregularities"": ""0""}, ""record2_meta"": {""filename"": ""Hand_0008725"", ""age"": ""21"", ""gender"": ""female"", ""skinColor"": ""medium"", ""accessories"": ""1"", ""nailPolish"": ""0"", ""aspectOfHand"": ""palmar right"", ""imageName"": ""Hand_0008725.jpg"", ""irregularities"": ""0""}}"
11k_Hands_genuine_107,HandGeometry\Hands\Hand_0009315.jpg,HandGeometry\Hands\Hand_0009316.jpg,handGeometry,True,1000000,1000000,11k_Hands,"{""record1_meta"": {""filename"": ""Hand_0009315"", ""age"": ""70"", ""gender"": ""male"", ""skinColor"": ""dark"", ""accessories"": ""0"", ""nailPolish"": ""0"", ""aspectOfHand"": ""dorsal right"", ""imageName"": ""Hand_0009315.jpg"", ""irregularities"": ""1""}, ""record2_meta"": {""filename"": ""Hand_0009316"", ""age"": ""70"", ""gender"": ""male"", ""skinColor"": ""dark"", ""accessories"": ""0"", ""nailPolish"": ""0"", ""aspectOfHand"": ""dorsal right"", ""imageName"": ""Hand_0009316.jpg"", ""irregularities"": ""1""}}"
11k_Hands_genuine_108,HandGeometry\Hands\Hand_0007133.jpg,HandGeometry\Hands\Hand_0007156.jpg,handGeometry,True,0001532,0001532,11k_Hands,"{""record1_meta"": {""filename"": ""Hand_0007133"", ""age"": ""22"", ""gender"": ""female"", ""skinColor"": ""fair"", ""accessories"": ""1"", ""nailPolish"": ""0"", ""aspectOfHand"": ""palmar right"", ""imageName"": ""Hand_0007133.jpg"", ""irregularities"": ""0""}, ""record2_meta"": {""filename"": ""Hand_0007156"", ""age"": ""22"", ""gender"": ""female"", ""skinColor"": ""fair"", ""accessories"": ""1"", ""nailPolish"": ""0"", ""aspectOfHand"": ""palmar right"", ""imageName"": ""Hand_0007156.jpg"", ""irregularities"": ""0""}}"
11k_Hands_genuine_109,HandGeometry\Hands\Hand_0003192.jpg,HandGeometry\Hands\Hand_0003201.jpg,handGeometry,True,0001019,0001019,11k_Hands,"{""record1_meta"": {""filename"": ""Hand_0003192"", ""age"": ""21"", ""gender"": ""female"", ""skinColor"": ""very fair"", ""accessories"": ""1"", ""nailPolish"": ""0"", ""aspectOfHand"": ""dorsal left"", ""imageName"": ""Hand_0003192.jpg"", ""irregularities"": ""0""}, ""record2_meta"": {""filename"": ""Hand_0003201"", ""age"": ""21"", ""gender"": ""female"", ""skinColor"": ""very fair"", ""accessories"": ""0"", ""nailPolish"": ""0"", ""aspectOfHand"": ""dorsal left"", ""imageName"": ""Hand_0003201.jpg"", ""irregularities"": ""0""}}"
11k_Hands_genuine_110,HandGeometry\Hands\Hand_0009238.jpg,HandGeometry\Hands\Hand_0009241.jpg,handGeometry,True,0000541,0000541,11k_Hands,"{""record1_meta"": {""filename"": ""Hand_0009238"", ""age"": ""21"", ""gender"": ""male"", ""skinColor"": ""fair"", ""accessories"": ""0"", ""nailPolish"": ""0"", ""aspectOfHand"": ""dorsal right"", ""imageName"": ""Hand_0009238.jpg"", ""irregularities"": ""0""}, ""record2_meta"": {""filename"": ""Hand_0009241"", ""age"": ""21"", ""gender"": ""male"", ""skinColor"": ""fair"", ""accessories"": ""0"", ""nailPolish"": ""0"", ""aspectOfHand"": ""dorsal right"", ""imageName"": ""Hand_0009241.jpg"", ""irregularities"": ""0""}}"
11k_Hands_genuine_111,HandGeometry\Hands\Hand_0004401.jpg,HandGeometry\Hands\Hand_0004416.jpg,handGeometry,True,0001035,0001035,11k_Hands,"{""record1_meta"": {""filename"": ""Hand_0004401"", ""age"": ""21"", ""gender"": ""female"", ""skinColor"": ""fair"", ""accessories"": ""1"", ""nailPolish"": ""0"", ""aspectOfHand"": ""palmar left"", ""imageName"": ""Hand_0004401.jpg"", ""irregularities"": ""0""}, ""record2_meta"": {""filename"": ""Hand_0004416"", ""age"": ""21"", ""gender"": ""female"", ""skinColor"": ""fair"", ""accessories"": ""1"", ""nailPolish"": ""0"", ""aspectOfHand"": ""palmar left"", ""imageName"": ""Hand_0004416.jpg"", ""irregularities"": ""0""}}"
11k_Hands_genuine_112,HandGeometry\Hands\Hand_0010796.jpg,HandGeometry\Hands\Hand_0010797.jpg,handGeometry,True,0001090,0001090,11k_Hands,"{""record1_meta"": {""filename"": ""Hand_0010796"", ""age"": ""22"", ""gender"": ""male"", ""skinColor"": ""fair"", ""accessories"": ""0"", ""nailPolish"": ""0"", ""aspectOfHand"": ""palmar right"", ""imageName"": ""Hand_0010796.jpg"", ""irregularities"": ""0""}, ""record2_meta"": {""filename"": ""Hand_0010797"", ""age"": ""22"", ""gender"": ""male"", ""skinColor"": ""fair"", ""accessories"": ""0"", ""nailPolish"": ""0"", ""aspectOfHand"": ""palmar right"", ""imageName"": ""Hand_0010797.jpg"", ""irregularities"": ""0""}}"
11k_Hands_genuine_113,HandGeometry\Hands\Hand_0010976.jpg,HandGeometry\Hands\Hand_0010995.jpg,handGeometry,True,0001060,0001060,11k_Hands,"{""record1_meta"": {""filename"": ""Hand_0010976"", ""age"": ""23"", ""gender"": ""male"", ""skinColor"": ""medium"", ""accessories"": ""0"", ""nailPolish"": ""0"", ""aspectOfHand"": ""palmar right"", ""imageName"": ""Hand_0010976.jpg"", ""irregularities"": ""0""}, ""record2_meta"": {""filename"": ""Hand_0010995"", ""age"": ""23"", ""gender"": ""male"", ""skinColor"": ""medium"", ""accessories"": ""0"", ""nailPolish"": ""0"", ""aspectOfHand"": ""palmar right"", ""imageName"": ""Hand_0010995.jpg"", ""irregularities"": ""0""}}"
11k_Hands_genuine_114,HandGeometry\Hands\Hand_0000980.jpg,HandGeometry\Hands\Hand_0000983.jpg,handGeometry,True,0000027,0000027,11k_Hands,"{""record1_meta"": {""filename"": ""Hand_0000980"", ""age"": ""23"", ""gender"": ""male"", ""skinColor"": ""fair"", ""accessories"": ""0"", ""nailPolish"": ""0"", ""aspectOfHand"": ""palmar left"", ""imageName"": ""Hand_0000980.jpg"", ""irregularities"": ""0""}, ""record2_meta"": {""filename"": ""Hand_0000983"", ""age"": ""23"", ""gender"": ""male"", ""skinColor"": ""fair"", ""accessories"": ""0"", ""nailPolish"": ""0"", ""aspectOfHand"": ""palmar left"", ""imageName"": ""Hand_0000983.jpg"", ""irregularities"": ""0""}}"
11k_Hands_genuine_115,HandGeometry\Hands\Hand_0008347.jpg,HandGeometry\Hands\Hand_0008349.jpg,handGeometry,True,0000546,0000546,11k_Hands,"{""record1_meta"": {""filename"": ""Hand_0008347"", ""age"": ""22"", ""gender"": ""female"", ""skinColor"": ""medium"", ""accessories"": ""0"", ""nailPolish"": ""0"", ""aspectOfHand"": ""dorsal left"", ""imageName"": ""Hand_0008347.jpg"", ""irregularities"": ""0""}, ""record2_meta"": {""filename"": ""Hand_0008349"", ""age"": ""22"", ""gender"": ""female"", ""skinColor"": ""medium"", ""accessories"": ""0"", ""nailPolish"": ""0"", ""aspectOfHand"": ""dorsal left"", ""imageName"": ""Hand_0008349.jpg"", ""irregularities"": ""0""}}"
11k_Hands_genuine_116,HandGeometry\Hands\Hand_0005337.jpg,HandGeometry\Hands\Hand_0005346.jpg,handGeometry,True,0000055,0000055,11k_Hands,"{""record1_meta"": {""filename"": ""Hand_0005337"", ""age"": ""20"", ""gender"": ""female"", ""skinColor"": ""medium"", ""accessories"": ""0"", ""nailPolish"": ""0"", ""aspectOfHand"": ""dorsal left"", ""imageName"": ""Hand_0005337.jpg"", ""irregularities"": ""0""}, ""record2_meta"": {""filename"": ""Hand_0005346"", ""age"": ""20"", ""gender"": ""female"", ""skinColor"": ""medium"", ""accessories"": ""0"", ""nailPolish"": ""0"", ""aspectOfHand"": ""dorsal left"", ""imageName"": ""Hand_0005346.jpg"", ""irregularities"": ""0""}}"
11k_Hands_genuine_117,HandGeometry\Hands\Hand_0011508.jpg,HandGeometry\Hands\Hand_0011517.jpg,handGeometry,True,0001075,0001075,11k_Hands,"{""record1_meta"": {""filename"": ""Hand_0011508"", ""age"": ""21"", ""gender"": ""male"", ""skinColor"": ""medium"", ""accessories"": ""0"", ""nailPolish"": ""0"", ""aspectOfHand"": ""dorsal right"", ""imageName"": ""Hand_0011508.jpg"", ""irregularities"": ""0""}, ""record2_meta"": {""filename"": ""Hand_0011517"", ""age"": ""21"", ""gender"": ""male"", ""skinColor"": ""medium"", ""accessories"": ""0"", ""nailPolish"": ""0"", ""aspectOfHand"": ""dorsal right"", ""imageName"": ""Hand_0011517.jpg"", ""irregularities"": ""0""}}"
11k_Hands_genuine_118,HandGeometry\Hands\Hand_0004318.jpg,HandGeometry\Hands\Hand_0004332.jpg,handGeometry,True,0001035,0001035,11k_Hands,"{""record1_meta"": {""filename"": ""Hand_0004318"", ""age"": ""21"", ""gender"": ""female"", ""skinColor"": ""fair"", ""accessories"": ""1"", ""nailPolish"": ""1"", ""aspectOfHand"": ""dorsal right"", ""imageName"": ""Hand_0004318.jpg"", ""irregularities"": ""0""}, ""record2_meta"": {""filename"": ""Hand_0004332"", ""age"": ""21"", ""gender"": ""female"", ""skinColor"": ""fair"", ""accessories"": ""1"", ""nailPolish"": ""1"", ""aspectOfHand"": ""dorsal right"", ""imageName"": ""Hand_0004332.jpg"", ""irregularities"": ""0""}}"
11k_Hands_genuine_119,HandGeometry\Hands\Hand_0004986.jpg,HandGeometry\Hands\Hand_0005025.jpg,handGeometry,True,0001558,0001558,11k_Hands,"{""record1_meta"": {""filename"": ""Hand_0004986"", ""age"": ""21"", ""gender"": ""female"", ""skinColor"": ""medium"", ""accessories"": ""0"", ""nailPolish"": ""0"", ""aspectOfHand"": ""palmar right"", ""imageName"": ""Hand_0004986.jpg"", ""irregularities"": ""0""}, ""record2_meta"": {""filename"": ""Hand_0005025"", ""age"": ""21"", ""gender"": ""female"", ""skinColor"": ""medium"", ""accessories"": ""0"", ""nailPolish"": ""0"", ""aspectOfHand"": ""palmar right"", ""imageName"": ""Hand_0005025.jpg"", ""irregularities"": ""0""}}"
11k_Hands_genuine_120,HandGeometry\Hands\Hand_0003712.jpg,HandGeometry\Hands\Hand_0003719.jpg,handGeometry,True,0001569,0001569,11k_Hands,"{""record1_meta"": {""filename"": ""Hand_0003712"", ""age"": ""21"", ""gender"": ""female"", ""skinColor"": ""medium"", ""accessories"": ""0"", ""nailPolish"": ""0"", ""aspectOfHand"": ""palmar right"", ""imageName"": ""Hand_0003712.jpg"", ""irregularities"": ""0""}, ""record2_meta"": {""filename"": ""Hand_0003719"", ""age"": ""21"", ""gender"": ""female"", ""skinColor"": ""medium"", ""accessories"": ""0"", ""nailPolish"": ""0"", ""aspectOfHand"": ""palmar right"", ""imageName"": ""Hand_0003719.jpg"", ""irregularities"": ""0""}}"
11k_Hands_genuine_121,HandGeometry\Hands\Hand_0001369.jpg,HandGeometry\Hands\Hand_0001373.jpg,handGeometry,True,0001509,0001509,11k_Hands,"{""record1_meta"": {""filename"": ""Hand_0001369"", ""age"": ""20"", ""gender"": ""female"", ""skinColor"": ""fair"", ""accessories"": ""0"", ""nailPolish"": ""0"", ""aspectOfHand"": ""dorsal left"", ""imageName"": ""Hand_0001369.jpg"", ""irregularities"": ""0""}, ""record2_meta"": {""filename"": ""Hand_0001373"", ""age"": ""20"", ""gender"": ""female"", ""skinColor"": ""fair"", ""accessories"": ""0"", ""nailPolish"": ""0"", ""aspectOfHand"": ""dorsal left"", ""imageName"": ""Hand_0001373.jpg"", ""irregularities"": ""0""}}"
11k_Hands_genuine_122,HandGeometry\Hands\Hand_0003119.jpg,HandGeometry\Hands\Hand_0003130.jpg,handGeometry,True,0001002,0001002,11k_Hands,"{""record1_meta"": {""filename"": ""Hand_0003119"", ""age"": ""54"", ""gender"": ""male"", ""skinColor"": ""medium"", ""accessories"": ""0"", ""nailPolish"": ""0"", ""aspectOfHand"": ""dorsal left"", ""imageName"": ""Hand_0003119.jpg"", ""irregularities"": ""0""}, ""record2_meta"": {""filename"": ""Hand_0003130"", ""age"": ""54"", ""gender"": ""male"", ""skinColor"": ""medium"", ""accessories"": ""0"", ""nailPolish"": ""0"", ""aspectOfHand"": ""dorsal left"", ""imageName"": ""Hand_0003130.jpg"", ""irregularities"": ""0""}}"
11k_Hands_genuine_123,HandGeometry\Hands\Hand_0007292.jpg,HandGeometry\Hands\Hand_0007297.jpg,handGeometry,True,0001562,0001562,11k_Hands,"{""record1_meta"": {""filename"": ""Hand_0007292"", ""age"": ""23"", ""gender"": ""female"", ""skinColor"": ""fair"", ""accessories"": ""1"", ""nailPolish"": ""0"", ""aspectOfHand"": ""dorsal right"", ""imageName"": ""Hand_0007292.jpg"", ""irregularities"": ""0""}, ""record2_meta"": {""filename"": ""Hand_0007297"", ""age"": ""23"", ""gender"": ""female"", ""skinColor"": ""fair"", ""accessories"": ""1"", ""nailPolish"": ""0"", ""aspectOfHand"": ""dorsal right"", ""imageName"": ""Hand_0007297.jpg"", ""irregularities"": ""0""}}"
11k_Hands_genuine_124,HandGeometry\Hands\Hand_0009909.jpg,HandGeometry\Hands\Hand_0009920.jpg,handGeometry,True,0001093,0001093,11k_Hands,"{""record1_meta"": {""filename"": ""Hand_0009909"", ""age"": ""22"", ""gender"": ""female"", ""skinColor"": ""very fair"", ""accessories"": ""0"", ""nailPolish"": ""0"", ""aspectOfHand"": ""palmar right"", ""imageName"": ""Hand_0009909.jpg"", ""irregularities"": ""0""}, ""record2_meta"": {""filename"": ""Hand_0009920"", ""age"": ""22"", ""gender"": ""female"", ""skinColor"": ""very fair"", ""accessories"": ""0"", ""nailPolish"": ""0"", ""aspectOfHand"": ""palmar right"", ""imageName"": ""Hand_0009920.jpg"", ""irregularities"": ""0""}}"
11k_Hands_genuine_125,HandGeometry\Hands\Hand_0004314.jpg,HandGeometry\Hands\Hand_0004328.jpg,handGeometry,True,0001035,0001035,11k_Hands,"{""record1_meta"": {""filename"": ""Hand_0004314"", ""age"": ""21"", ""gender"": ""female"", ""skinColor"": ""fair"", ""accessories"": ""1"", ""nailPolish"": ""1"", ""aspectOfHand"": ""dorsal right"", ""imageName"": ""Hand_0004314.jpg"", ""irregularities"": ""0""}, ""record2_meta"": {""filename"": ""Hand_0004328"", ""age"": ""21"", ""gender"": ""female"", ""skinColor"": ""fair"", ""accessories"": ""1"", ""nailPolish"": ""1"", ""aspectOfHand"": ""dorsal right"", ""imageName"": ""Hand_0004328.jpg"", ""irregularities"": ""0""}}"
11k_Hands_genuine_126,HandGeometry\Hands\Hand_0003147.jpg,HandGeometry\Hands\Hand_0003166.jpg,handGeometry,True,0001019,0001019,11k_Hands,"{""record1_meta"": {""filename"": ""Hand_0003147"", ""age"": ""21"", ""gender"": ""female"", ""skinColor"": ""very fair"", ""accessories"": ""1"", ""nailPolish"": ""0"", ""aspectOfHand"": ""dorsal right"", ""imageName"": ""Hand_0003147.jpg"", ""irregularities"": ""0""}, ""record2_meta"": {""filename"": ""Hand_0003166"", ""age"": ""21"", ""gender"": ""female"", ""skinColor"": ""very fair"", ""accessories"": ""0"", ""nailPolish"": ""0"", ""aspectOfHand"": ""dorsal right"", ""imageName"": ""Hand_0003166.jpg"", ""irregularities"": ""0""}}"
11k_Hands_genuine_127,HandGeometry\Hands\Hand_0008917.jpg,HandGeometry\Hands\Hand_0008935.jpg,handGeometry,True,0000528,0000528,11k_Hands,"{""record1_meta"": {""filename"": ""Hand_0008917"", ""age"": ""22"", ""gender"": ""female"", ""skinColor"": ""medium"", ""accessories"": ""1"", ""nailPolish"": ""1"", ""aspectOfHand"": ""dorsal left"", ""imageName"": ""Hand_0008917.jpg"", ""irregularities"": ""0""}, ""record2_meta"": {""filename"": ""Hand_0008935"", ""age"": ""22"", ""gender"": ""female"", ""skinColor"": ""medium"", ""accessories"": ""1"", ""nailPolish"": ""1"", ""aspectOfHand"": ""dorsal left"", ""imageName"": ""Hand_0008935.jpg"", ""irregularities"": ""0""}}"
11k_Hands_genuine_128,HandGeometry\Hands\Hand_0006351.jpg,HandGeometry\Hands\Hand_0006353.jpg,handGeometry,True,0000012,0000012,11k_Hands,"{""record1_meta"": {""filename"": ""Hand_0006351"", ""age"": ""21"", ""gender"": ""female"", ""skinColor"": ""medium"", ""accessories"": ""0"", ""nailPolish"": ""0"", ""aspectOfHand"": ""palmar right"", ""imageName"": ""Hand_0006351.jpg"", ""irregularities"": ""0""}, ""record2_meta"": {""filename"": ""Hand_0006353"", ""age"": ""21"", ""gender"": ""female"", ""skinColor"": ""medium"", ""accessories"": ""0"", ""nailPolish"": ""0"", ""aspectOfHand"": ""palmar right"", ""imageName"": ""Hand_0006353.jpg"", ""irregularities"": ""0""}}"
11k_Hands_genuine_129,HandGeometry\Hands\Hand_0004936.jpg,HandGeometry\Hands\Hand_0004946.jpg,handGeometry,True,0001050,0001050,11k_Hands,"{""record1_meta"": {""filename"": ""Hand_0004936"", ""age"": ""20"", ""gender"": ""female"", ""skinColor"": ""medium"", ""accessories"": ""0"", ""nailPolish"": ""0"", ""aspectOfHand"": ""palmar left"", ""imageName"": ""Hand_0004936.jpg"", ""irregularities"": ""0""}, ""record2_meta"": {""filename"": ""Hand_0004946"", ""age"": ""20"", ""gender"": ""female"", ""skinColor"": ""medium"", ""accessories"": ""0"", ""nailPolish"": ""0"", ""aspectOfHand"": ""palmar left"", ""imageName"": ""Hand_0004946.jpg"", ""irregularities"": ""0""}}"
11k_Hands_genuine_130,HandGeometry\Hands\Hand_0008791.jpg,HandGeometry\Hands\Hand_0008793.jpg,handGeometry,True,0000502,0000502,11k_Hands,"{""record1_meta"": {""filename"": ""Hand_0008791"", ""age"": ""20"", ""gender"": ""female"", ""skinColor"": ""fair"", ""accessories"": ""1"", ""nailPolish"": ""0"", ""aspectOfHand"": ""dorsal right"", ""imageName"": ""Hand_0008791.jpg"", ""irregularities"": ""0""}, ""record2_meta"": {""filename"": ""Hand_0008793"", ""age"": ""20"", ""gender"": ""female"", ""skinColor"": ""fair"", ""accessories"": ""1"", ""nailPolish"": ""0"", ""aspectOfHand"": ""dorsal right"", ""imageName"": ""Hand_0008793.jpg"", ""irregularities"": ""0""}}"
11k_Hands_genuine_131,HandGeometry\Hands\Hand_0005887.jpg,HandGeometry\Hands\Hand_0005901.jpg,handGeometry,True,0000587,0000587,11k_Hands,"{""record1_meta"": {""filename"": ""Hand_0005887"", ""age"": ""22"", ""gender"": ""female"", ""skinColor"": ""medium"", ""accessories"": ""0"", ""nailPolish"": ""0"", ""aspectOfHand"": ""dorsal right"", ""imageName"": ""Hand_0005887.jpg"", ""irregularities"": ""0""}, ""record2_meta"": {""filename"": ""Hand_0005901"", ""age"": ""22"", ""gender"": ""female"", ""skinColor"": ""medium"", ""accessories"": ""0"", ""nailPolish"": ""0"", ""aspectOfHand"": ""dorsal right"", ""imageName"": ""Hand_0005901.jpg"", ""irregularities"": ""0""}}"
11k_Hands_genuine_132,HandGeometry\Hands\Hand_0002624.jpg,HandGeometry\Hands\Hand_0002631.jpg,handGeometry,True,0001540,0001540,11k_Hands,"{""record1_meta"": {""filename"": ""Hand_0002624"", ""age"": ""21"", ""gender"": ""male"", ""skinColor"": ""medium"", ""accessories"": ""0"", ""nailPolish"": ""0"", ""aspectOfHand"": ""dorsal right"", ""imageName"": ""Hand_0002624.jpg"", ""irregularities"": ""0""}, ""record2_meta"": {""filename"": ""Hand_0002631"", ""age"": ""21"", ""gender"": ""male"", ""skinColor"": ""medium"", ""accessories"": ""0"", ""nailPolish"": ""0"", ""aspectOfHand"": ""dorsal right"", ""imageName"": ""Hand_0002631.jpg"", ""irregularities"": ""0""}}"
11k_Hands_genuine_133,HandGeometry\Hands\Hand_0003635.jpg,HandGeometry\Hands\Hand_0003645.jpg,handGeometry,True,0001564,0001564,11k_Hands,"{""record1_meta"": {""filename"": ""Hand_0003635"", ""age"": ""21"", ""gender"": ""female"", ""skinColor"": ""fair"", ""accessories"": ""0"", ""nailPolish"": ""0"", ""aspectOfHand"": ""palmar right"", ""imageName"": ""Hand_0003635.jpg"", ""irregularities"": ""0""}, ""record2_meta"": {""filename"": ""Hand_0003645"", ""age"": ""21"", ""gender"": ""female"", ""skinColor"": ""fair"", ""accessories"": ""0"", ""nailPolish"": ""0"", ""aspectOfHand"": ""palmar right"", ""imageName"": ""Hand_0003645.jpg"", ""irregularities"": ""0""}}"
11k_Hands_genuine_134,HandGeometry\Hands\Hand_0002590.jpg,HandGeometry\Hands\Hand_0002595.jpg,handGeometry,True,0001533,0001533,11k_Hands,"{""record1_meta"": {""filename"": ""Hand_0002590"", ""age"": ""22"", ""gender"": ""female"", ""skinColor"": ""medium"", ""accessories"": ""0"", ""nailPolish"": ""0"", ""aspectOfHand"": ""dorsal left"", ""imageName"": ""Hand_0002590.jpg"", ""irregularities"": ""0""}, ""record2_meta"": {""filename"": ""Hand_0002595"", ""age"": ""22"", ""gender"": ""female"", ""skinColor"": ""medium"", ""accessories"": ""0"", ""nailPolish"": ""0"", ""aspectOfHand"": ""dorsal left"", ""imageName"": ""Hand_0002595.jpg"", ""irregularities"": ""0""}}"
11k_Hands_genuine_135,HandGeometry\Hands\Hand_0008529.jpg,HandGeometry\Hands\Hand_0008533.jpg,handGeometry,True,0001541,0001541,11k_Hands,"{""record1_meta"": {""filename"": ""Hand_0008529"", ""age"": ""21"", ""gender"": ""female"", ""skinColor"": ""medium"", ""accessories"": ""0"", ""nailPolish"": ""1"", ""aspectOfHand"": ""dorsal right"", ""imageName"": ""Hand_0008529.jpg"", ""irregularities"": ""0""}, ""record2_meta"": {""filename"": ""Hand_0008533"", ""age"": ""21"", ""gender"": ""female"", ""skinColor"": ""medium"", ""accessories"": ""0"", ""nailPolish"": ""1"", ""aspectOfHand"": ""dorsal right"", ""imageName"": ""Hand_0008533.jpg"", ""irregularities"": ""0""}}"
11k_Hands_genuine_136,HandGeometry\Hands\Hand_0010485.jpg,HandGeometry\Hands\Hand_0010488.jpg,handGeometry,True,0000571,0000571,11k_Hands,"{""record1_meta"": {""filename"": ""Hand_0010485"", ""age"": ""23"", ""gender"": ""male"", ""skinColor"": ""medium"", ""accessories"": ""0"", ""nailPolish"": ""0"", ""aspectOfHand"": ""dorsal right"", ""imageName"": ""Hand_0010485.jpg"", ""irregularities"": ""0""}, ""record2_meta"": {""filename"": ""Hand_0010488"", ""age"": ""23"", ""gender"": ""male"", ""skinColor"": ""medium"", ""accessories"": ""0"", ""nailPolish"": ""0"", ""aspectOfHand"": ""dorsal right"", ""imageName"": ""Hand_0010488.jpg"", ""irregularities"": ""0""}}"
11k_Hands_genuine_137,HandGeometry\Hands\Hand_0007189.jpg,HandGeometry\Hands\Hand_0007196.jpg,handGeometry,True,0000534,0000534,11k_Hands,"{""record1_meta"": {""filename"": ""Hand_0007189"", ""age"": ""22"", ""gender"": ""female"", ""skinColor"": ""very fair"", ""accessories"": ""0"", ""nailPolish"": ""0"", ""aspectOfHand"": ""dorsal right"", ""imageName"": ""Hand_0007189.jpg"", ""irregularities"": ""0""}, ""record2_meta"": {""filename"": ""Hand_0007196"", ""age"": ""22"", ""gender"": ""female"", ""skinColor"": ""very fair"", ""accessories"": ""0"", ""nailPolish"": ""0"", ""aspectOfHand"": ""dorsal right"", ""imageName"": ""Hand_0007196.jpg"", ""irregularities"": ""0""}}"
11k_Hands_genuine_138,HandGeometry\Hands\Hand_0006903.jpg,HandGeometry\Hands\Hand_0006913.jpg,handGeometry,True,0001028,0001028,11k_Hands,"{""record1_meta"": {""filename"": ""Hand_0006903"", ""age"": ""21"", ""gender"": ""male"", ""skinColor"": ""dark"", ""accessories"": ""0"", ""nailPolish"": ""0"", ""aspectOfHand"": ""palmar right"", ""imageName"": ""Hand_0006903.jpg"", ""irregularities"": ""0""}, ""record2_meta"": {""filename"": ""Hand_0006913"", ""age"": ""21"", ""gender"": ""male"", ""skinColor"": ""dark"", ""accessories"": ""0"", ""nailPolish"": ""0"", ""aspectOfHand"": ""palmar right"", ""imageName"": ""Hand_0006913.jpg"", ""irregularities"": ""0""}}"
11k_Hands_genuine_139,HandGeometry\Hands\Hand_0003602.jpg,HandGeometry\Hands\Hand_0003607.jpg,handGeometry,True,0001564,0001564,11k_Hands,"{""record1_meta"": {""filename"": ""Hand_0003602"", ""age"": ""21"", ""gender"": ""female"", ""skinColor"": ""fair"", ""accessories"": ""0"", ""nailPolish"": ""0"", ""aspectOfHand"": ""palmar left"", ""imageName"": ""Hand_0003602.jpg"", ""irregularities"": ""0""}, ""record2_meta"": {""filename"": ""Hand_0003607"", ""age"": ""21"", ""gender"": ""female"", ""skinColor"": ""fair"", ""accessories"": ""0"", ""nailPolish"": ""0"", ""aspectOfHand"": ""palmar left"", ""imageName"": ""Hand_0003607.jpg"", ""irregularities"": ""0""}}"
11k_Hands_genuine_140,HandGeometry\Hands\Hand_0010548.jpg,HandGeometry\Hands\Hand_0010554.jpg,handGeometry,True,0000506,0000506,11k_Hands,"{""record1_meta"": {""filename"": ""Hand_0010548"", ""age"": ""22"", ""gender"": ""male"", ""skinColor"": ""medium"", ""accessories"": ""0"", ""nailPolish"": ""0"", ""aspectOfHand"": ""dorsal left"", ""imageName"": ""Hand_0010548.jpg"", ""irregularities"": ""0""}, ""record2_meta"": {""filename"": ""Hand_0010554"", ""age"": ""22"", ""gender"": ""male"", ""skinColor"": ""medium"", ""accessories"": ""0"", ""nailPolish"": ""0"", ""aspectOfHand"": ""dorsal left"", ""imageName"": ""Hand_0010554.jpg"", ""irregularities"": ""0""}}"
11k_Hands_genuine_141,HandGeometry\Hands\Hand_0007565.jpg,HandGeometry\Hands\Hand_0007588.jpg,handGeometry,True,0001030,0001030,11k_Hands,"{""record1_meta"": {""filename"": ""Hand_0007565"", ""age"": ""21"", ""gender"": ""male"", ""skinColor"": ""medium"", ""accessories"": ""0"", ""nailPolish"": ""0"", ""aspectOfHand"": ""palmar right"", ""imageName"": ""Hand_0007565.jpg"", ""irregularities"": ""0""}, ""record2_meta"": {""filename"": ""Hand_0007588"", ""age"": ""21"", ""gender"": ""male"", ""skinColor"": ""medium"", ""accessories"": ""0"", ""nailPolish"": ""0"", ""aspectOfHand"": ""palmar right"", ""imageName"": ""Hand_0007588.jpg"", ""irregularities"": ""0""}}"
11k_Hands_genuine_142,HandGeometry\Hands\Hand_0005228.jpg,HandGeometry\Hands\Hand_0005238.jpg,handGeometry,True,0001059,0001059,11k_Hands,"{""record1_meta"": {""filename"": ""Hand_0005228"", ""age"": ""22"", ""gender"": ""male"", ""skinColor"": ""dark"", ""accessories"": ""0"", ""nailPolish"": ""0"", ""aspectOfHand"": ""palmar left"", ""imageName"": ""Hand_0005228.jpg"", ""irregularities"": ""0""}, ""record2_meta"": {""filename"": ""Hand_0005238"", ""age"": ""22"", ""gender"": ""male"", ""skinColor"": ""dark"", ""accessories"": ""0"", ""nailPolish"": ""0"", ""aspectOfHand"": ""palmar left"", ""imageName"": ""Hand_0005238.jpg"", ""irregularities"": ""0""}}"
11k_Hands_genuine_143,HandGeometry\Hands\Hand_0007561.jpg,HandGeometry\Hands\Hand_0007572.jpg,handGeometry,True,0001030,0001030,11k_Hands,"{""record1_meta"": {""filename"": ""Hand_0007561"", ""age"": ""21"", ""gender"": ""male"", ""skinColor"": ""medium"", ""accessories"": ""0"", ""nailPolish"": ""0"", ""aspectOfHand"": ""palmar right"", ""imageName"": ""Hand_0007561.jpg"", ""irregularities"": ""0""}, ""record2_meta"": {""filename"": ""Hand_0007572"", ""age"": ""21"", ""gender"": ""male"", ""skinColor"": ""medium"", ""accessories"": ""0"", ""nailPolish"": ""0"", ""aspectOfHand"": ""palmar right"", ""imageName"": ""Hand_0007572.jpg"", ""irregularities"": ""0""}}"
11k_Hands_genuine_144,HandGeometry\Hands\Hand_0004982.jpg,HandGeometry\Hands\Hand_0004996.jpg,handGeometry,True,0001558,0001558,11k_Hands,"{""record1_meta"": {""filename"": ""Hand_0004982"", ""age"": ""21"", ""gender"": ""female"", ""skinColor"": ""medium"", ""accessories"": ""0"", ""nailPolish"": ""0"", ""aspectOfHand"": ""palmar right"", ""imageName"": ""Hand_0004982.jpg"", ""irregularities"": ""0""}, ""record2_meta"": {""filename"": ""Hand_0004996"", ""age"": ""21"", ""gender"": ""female"", ""skinColor"": ""medium"", ""accessories"": ""0"", ""nailPolish"": ""0"", ""aspectOfHand"": ""palmar right"", ""imageName"": ""Hand_0004996.jpg"", ""irregularities"": ""0""}}"
11k_Hands_genuine_145,HandGeometry\Hands\Hand_0004749.jpg,HandGeometry\Hands\Hand_0004755.jpg,handGeometry,True,0001080,0001080,11k_Hands,"{""record1_meta"": {""filename"": ""Hand_0004749"", ""age"": ""21"", ""gender"": ""female"", ""skinColor"": ""medium"", ""accessories"": ""0"", ""nailPolish"": ""0"", ""aspectOfHand"": ""palmar left"", ""imageName"": ""Hand_0004749.jpg"", ""irregularities"": ""0""}, ""record2_meta"": {""filename"": ""Hand_0004755"", ""age"": ""21"", ""gender"": ""female"", ""skinColor"": ""medium"", ""accessories"": ""0"", ""nailPolish"": ""0"", ""aspectOfHand"": ""palmar left"", ""imageName"": ""Hand_0004755.jpg"", ""irregularities"": ""0""}}"
11k_Hands_genuine_146,HandGeometry\Hands\Hand_0003189.jpg,HandGeometry\Hands\Hand_0008618.jpg,handGeometry,True,0001019,0001019,11k_Hands,"{""record1_meta"": {""filename"": ""Hand_0003189"", ""age"": ""21"", ""gender"": ""female"", ""skinColor"": ""very fair"", ""accessories"": ""1"", ""nailPolish"": ""0"", ""aspectOfHand"": ""dorsal left"", ""imageName"": ""Hand_0003189.jpg"", ""irregularities"": ""0""}, ""record2_meta"": {""filename"": ""Hand_0008618"", ""age"": ""21"", ""gender"": ""female"", ""skinColor"": ""very fair"", ""accessories"": ""0"", ""nailPolish"": ""0"", ""aspectOfHand"": ""dorsal left"", ""imageName"": ""Hand_0008618.jpg"", ""irregularities"": ""0""}}"
11k_Hands_genuine_147,HandGeometry\Hands\Hand_0002576.jpg,HandGeometry\Hands\Hand_0002586.jpg,handGeometry,True,0001533,0001533,11k_Hands,"{""record1_meta"": {""filename"": ""Hand_0002576"", ""age"": ""22"", ""gender"": ""female"", ""skinColor"": ""medium"", ""accessories"": ""0"", ""nailPolish"": ""0"", ""aspectOfHand"": ""dorsal left"", ""imageName"": ""Hand_0002576.jpg"", ""irregularities"": ""0""}, ""record2_meta"": {""filename"": ""Hand_0002586"", ""age"": ""22"", ""gender"": ""female"", ""skinColor"": ""medium"", ""accessories"": ""0"", ""nailPolish"": ""0"", ""aspectOfHand"": ""dorsal left"", ""imageName"": ""Hand_0002586.jpg"", ""irregularities"": ""0""}}"
11k_Hands_genuine_148,HandGeometry\Hands\Hand_0006442.jpg,HandGeometry\Hands\Hand_0006443.jpg,handGeometry,True,0001553,0001553,11k_Hands,"{""record1_meta"": {""filename"": ""Hand_0006442"", ""age"": ""23"", ""gender"": ""female"", ""skinColor"": ""fair"", ""accessories"": ""1"", ""nailPolish"": ""1"", ""aspectOfHand"": ""dorsal left"", ""imageName"": ""Hand_0006442.jpg"", ""irregularities"": ""0""}, ""record2_meta"": {""filename"": ""Hand_0006443"", ""age"": ""23"", ""gender"": ""female"", ""skinColor"": ""fair"", ""accessories"": ""1"", ""nailPolish"": ""1"", ""aspectOfHand"": ""dorsal left"", ""imageName"": ""Hand_0006443.jpg"", ""irregularities"": ""0""}}"
11k_Hands_genuine_149,HandGeometry\Hands\Hand_0006268.jpg,HandGeometry\Hands\Hand_0006272.jpg,handGeometry,True,0001559,0001559,11k_Hands,"{""record1_meta"": {""filename"": ""Hand_0006268"", ""age"": ""20"", ""gender"": ""female"", ""skinColor"": ""medium"", ""accessories"": ""0"", ""nailPolish"": ""0"", ""aspectOfHand"": ""palmar right"", ""imageName"": ""Hand_0006268.jpg"", ""irregularities"": ""0""}, ""record2_meta"": {""filename"": ""Hand_0006272"", ""age"": ""20"", ""gender"": ""female"", ""skinColor"": ""medium"", ""accessories"": ""0"", ""nailPolish"": ""0"", ""aspectOfHand"": ""palmar right"", ""imageName"": ""Hand_0006272.jpg"", ""irregularities"": ""0""}}"
11k_Hands_genuine_150,HandGeometry\Hands\Hand_0002082.jpg,HandGeometry\Hands\Hand_0002085.jpg,handGeometry,True,0001555,0001555,11k_Hands,"{""record1_meta"": {""filename"": ""Hand_0002082"", ""age"": ""25"", ""gender"": ""male"", ""skinColor"": ""medium"", ""accessories"": ""0"", ""nailPolish"": ""0"", ""aspectOfHand"": ""palmar left"", ""imageName"": ""Hand_0002082.jpg"", ""irregularities"": ""0""}, ""record2_meta"": {""filename"": ""Hand_0002085"", ""age"": ""25"", ""gender"": ""male"", ""skinColor"": ""medium"", ""accessories"": ""0"", ""nailPolish"": ""0"", ""aspectOfHand"": ""palmar left"", ""imageName"": ""Hand_0002085.jpg"", ""irregularities"": ""0""}}"
11k_Hands_genuine_151,HandGeometry\Hands\Hand_0010687.jpg,HandGeometry\Hands\Hand_0010691.jpg,handGeometry,True,0001085,0001085,11k_Hands,"{""record1_meta"": {""filename"": ""Hand_0010687"", ""age"": ""28"", ""gender"": ""male"", ""skinColor"": ""medium"", ""accessories"": ""0"", ""nailPolish"": ""0"", ""aspectOfHand"": ""palmar right"", ""imageName"": ""Hand_0010687.jpg"", ""irregularities"": ""0""}, ""record2_meta"": {""filename"": ""Hand_0010691"", ""age"": ""28"", ""gender"": ""male"", ""skinColor"": ""medium"", ""accessories"": ""0"", ""nailPolish"": ""0"", ""aspectOfHand"": ""palmar right"", ""imageName"": ""Hand_0010691.jpg"", ""irregularities"": ""0""}}"
11k_Hands_genuine_152,HandGeometry\Hands\Hand_0000651.jpg,HandGeometry\Hands\Hand_0000656.jpg,handGeometry,True,0001593,0001593,11k_Hands,"{""record1_meta"": {""filename"": ""Hand_0000651"", ""age"": ""20"", ""gender"": ""female"", ""skinColor"": ""medium"", ""accessories"": ""1"", ""nailPolish"": ""0"", ""aspectOfHand"": ""palmar left"", ""imageName"": ""Hand_0000651.jpg"", ""irregularities"": ""0""}, ""record2_meta"": {""filename"": ""Hand_0000656"", ""age"": ""20"", ""gender"": ""female"", ""skinColor"": ""medium"", ""accessories"": ""1"", ""nailPolish"": ""0"", ""aspectOfHand"": ""palmar left"", ""imageName"": ""Hand_0000656.jpg"", ""irregularities"": ""0""}}"
11k_Hands_genuine_153,HandGeometry\Hands\Hand_0002335.jpg,HandGeometry\Hands\Hand_0002336.jpg,handGeometry,True,0001020,0001020,11k_Hands,"{""record1_meta"": {""filename"": ""Hand_0002335"", ""age"": ""20"", ""gender"": ""female"", ""skinColor"": ""medium"", ""accessories"": ""0"", ""nailPolish"": ""0"", ""aspectOfHand"": ""palmar right"", ""imageName"": ""Hand_0002335.jpg"", ""irregularities"": ""0""}, ""record2_meta"": {""filename"": ""Hand_0002336"", ""age"": ""20"", ""gender"": ""female"", ""skinColor"": ""medium"", ""accessories"": ""0"", ""nailPolish"": ""0"", ""aspectOfHand"": ""palmar right"", ""imageName"": ""Hand_0002336.jpg"", ""irregularities"": ""0""}}"
11k_Hands_genuine_154,HandGeometry\Hands\Hand_0002725.jpg,HandGeometry\Hands\Hand_0008170.jpg,handGeometry,True,0001024,0001024,11k_Hands,"{""record1_meta"": {""filename"": ""Hand_0002725"", ""age"": ""22"", ""gender"": ""male"", ""skinColor"": ""medium"", ""accessories"": ""0"", ""nailPolish"": ""0"", ""aspectOfHand"": ""dorsal right"", ""imageName"": ""Hand_0002725.jpg"", ""irregularities"": ""0""}, ""record2_meta"": {""filename"": ""Hand_0008170"", ""age"": ""22"", ""gender"": ""male"", ""skinColor"": ""medium"", ""accessories"": ""0"", ""nailPolish"": ""0"", ""aspectOfHand"": ""dorsal right"", ""imageName"": ""Hand_0008170.jpg"", ""irregularities"": ""0""}}"
11k_Hands_genuine_155,HandGeometry\Hands\Hand_0008310.jpg,HandGeometry\Hands\Hand_0008318.jpg,handGeometry,True,0001014,0001014,11k_Hands,"{""record1_meta"": {""filename"": ""Hand_0008310"", ""age"": ""22"", ""gender"": ""female"", ""skinColor"": ""medium"", ""accessories"": ""0"", ""nailPolish"": ""0"", ""aspectOfHand"": ""dorsal right"", ""imageName"": ""Hand_0008310.jpg"", ""irregularities"": ""0""}, ""record2_meta"": {""filename"": ""Hand_0008318"", ""age"": ""22"", ""gender"": ""female"", ""skinColor"": ""medium"", ""accessories"": ""0"", ""nailPolish"": ""0"", ""aspectOfHand"": ""dorsal right"", ""imageName"": ""Hand_0008318.jpg"", ""irregularities"": ""0""}}"
11k_Hands_genuine_156,HandGeometry\Hands\Hand_0002755.jpg,HandGeometry\Hands\Hand_0002768.jpg,handGeometry,True,0001024,0001024,11k_Hands,"{""record1_meta"": {""filename"": ""Hand_0002755"", ""age"": ""22"", ""gender"": ""male"", ""skinColor"": ""medium"", ""accessories"": ""0"", ""nailPolish"": ""0"", ""aspectOfHand"": ""palmar right"", ""imageName"": ""Hand_0002755.jpg"", ""irregularities"": ""0""}, ""record2_meta"": {""filename"": ""Hand_0002768"", ""age"": ""22"", ""gender"": ""male"", ""skinColor"": ""medium"", ""accessories"": ""0"", ""nailPolish"": ""0"", ""aspectOfHand"": ""palmar right"", ""imageName"": ""Hand_0002768.jpg"", ""irregularities"": ""0""}}"
11k_Hands_genuine_157,HandGeometry\Hands\Hand_0011243.jpg,HandGeometry\Hands\Hand_0011244.jpg,handGeometry,True,0001536,0001536,11k_Hands,"{""record1_meta"": {""filename"": ""Hand_0011243"", ""age"": ""22"", ""gender"": ""male"", ""skinColor"": ""medium"", ""accessories"": ""0"", ""nailPolish"": ""0"", ""aspectOfHand"": ""palmar right"", ""imageName"": ""Hand_0011243.jpg"", ""irregularities"": ""0""}, ""record2_meta"": {""filename"": ""Hand_0011244"", ""age"": ""22"", ""gender"": ""male"", ""skinColor"": ""medium"", ""accessories"": ""0"", ""nailPolish"": ""0"", ""aspectOfHand"": ""palmar right"", ""imageName"": ""Hand_0011244.jpg"", ""irregularities"": ""0""}}"
11k_Hands_genuine_158,HandGeometry\Hands\Hand_0009143.jpg,HandGeometry\Hands\Hand_0009146.jpg,handGeometry,True,0001043,0001043,11k_Hands,"{""record1_meta"": {""filename"": ""Hand_0009143"", ""age"": ""21"", ""gender"": ""male"", ""skinColor"": ""fair"", ""accessories"": ""0"", ""nailPolish"": ""0"", ""aspectOfHand"": ""dorsal right"", ""imageName"": ""Hand_0009143.jpg"", ""irregularities"": ""0""}, ""record2_meta"": {""filename"": ""Hand_0009146"", ""age"": ""21"", ""gender"": ""male"", ""skinColor"": ""fair"", ""accessories"": ""0"", ""nailPolish"": ""0"", ""aspectOfHand"": ""dorsal right"", ""imageName"": ""Hand_0009146.jpg"", ""irregularities"": ""0""}}"
11k_Hands_genuine_159,HandGeometry\Hands\Hand_0005143.jpg,HandGeometry\Hands\Hand_0005157.jpg,handGeometry,True,0001021,0001021,11k_Hands,"{""record1_meta"": {""filename"": ""Hand_0005143"", ""age"": ""22"", ""gender"": ""male"", ""skinColor"": ""dark"", ""accessories"": ""0"", ""nailPolish"": ""0"", ""aspectOfHand"": ""palmar left"", ""imageName"": ""Hand_0005143.jpg"", ""irregularities"": ""0""}, ""record2_meta"": {""filename"": ""Hand_0005157"", ""age"": ""22"", ""gender"": ""male"", ""skinColor"": ""dark"", ""accessories"": ""0"", ""nailPolish"": ""0"", ""aspectOfHand"": ""palmar left"", ""imageName"": ""Hand_0005157.jpg"", ""irregularities"": ""0""}}"
11k_Hands_genuine_160,HandGeometry\Hands\Hand_0007687.jpg,HandGeometry\Hands\Hand_0007691.jpg,handGeometry,True,0001513,0001513,11k_Hands,"{""record1_meta"": {""filename"": ""Hand_0007687"", ""age"": ""21"", ""gender"": ""male"", ""skinColor"": ""fair"", ""accessories"": ""0"", ""nailPolish"": ""0"", ""aspectOfHand"": ""dorsal left"", ""imageName"": ""Hand_0007687.jpg"", ""irregularities"": ""0""}, ""record2_meta"": {""filename"": ""Hand_0007691"", ""age"": ""21"", ""gender"": ""male"", ""skinColor"": ""fair"", ""accessories"": ""0"", ""nailPolish"": ""0"", ""aspectOfHand"": ""dorsal left"", ""imageName"": ""Hand_0007691.jpg"", ""irregularities"": ""0""}}"
11k_Hands_genuine_161,HandGeometry\Hands\Hand_0001269.jpg,HandGeometry\Hands\Hand_0001278.jpg,handGeometry,True,0001008,0001008,11k_Hands,"{""record1_meta"": {""filename"": ""Hand_0001269"", ""age"": ""20"", ""gender"": ""female"", ""skinColor"": ""medium"", ""accessories"": ""0"", ""nailPolish"": ""0"", ""aspectOfHand"": ""palmar left"", ""imageName"": ""Hand_0001269.jpg"", ""irregularities"": ""0""}, ""record2_meta"": {""filename"": ""Hand_0001278"", ""age"": ""20"", ""gender"": ""female"", ""skinColor"": ""medium"", ""accessories"": ""0"", ""nailPolish"": ""0"", ""aspectOfHand"": ""palmar left"", ""imageName"": ""Hand_0001278.jpg"", ""irregularities"": ""0""}}"
11k_Hands_genuine_162,HandGeometry\Hands\Hand_0004854.jpg,HandGeometry\Hands\Hand_0004866.jpg,handGeometry,True,0001050,0001050,11k_Hands,"{""record1_meta"": {""filename"": ""Hand_0004854"", ""age"": ""20"", ""gender"": ""female"", ""skinColor"": ""medium"", ""accessories"": ""0"", ""nailPolish"": ""0"", ""aspectOfHand"": ""palmar right"", ""imageName"": ""Hand_0004854.jpg"", ""irregularities"": ""0""}, ""record2_meta"": {""filename"": ""Hand_0004866"", ""age"": ""20"", ""gender"": ""female"", ""skinColor"": ""medium"", ""accessories"": ""0"", ""nailPolish"": ""0"", ""aspectOfHand"": ""palmar right"", ""imageName"": ""Hand_0004866.jpg"", ""irregularities"": ""0""}}"
11k_Hands_genuine_163,HandGeometry\Hands\Hand_0004839.jpg,HandGeometry\Hands\Hand_0004844.jpg,handGeometry,True,0001050,0001050,11k_Hands,"{""record1_meta"": {""filename"": ""Hand_0004839"", ""age"": ""20"", ""gender"": ""female"", ""skinColor"": ""medium"", ""accessories"": ""0"", ""nailPolish"": ""0"", ""aspectOfHand"": ""palmar right"", ""imageName"": ""Hand_0004839.jpg"", ""irregularities"": ""0""}, ""record2_meta"": {""filename"": ""Hand_0004844"", ""age"": ""20"", ""gender"": ""female"", ""skinColor"": ""medium"", ""accessories"": ""0"", ""nailPolish"": ""0"", ""aspectOfHand"": ""palmar right"", ""imageName"": ""Hand_0004844.jpg"", ""irregularities"": ""0""}}"
11k_Hands_genuine_164,HandGeometry\Hands\Hand_0007684.jpg,HandGeometry\Hands\Hand_0007686.jpg,handGeometry,True,0001513,0001513,11k_Hands,"{""record1_meta"": {""filename"": ""Hand_0007684"", ""age"": ""21"", ""gender"": ""male"", ""skinColor"": ""fair"", ""accessories"": ""0"", ""nailPolish"": ""0"", ""aspectOfHand"": ""dorsal left"", ""imageName"": ""Hand_0007684.jpg"", ""irregularities"": ""0""}, ""record2_meta"": {""filename"": ""Hand_0007686"", ""age"": ""21"", ""gender"": ""male"", ""skinColor"": ""fair"", ""accessories"": ""0"", ""nailPolish"": ""0"", ""aspectOfHand"": ""dorsal left"", ""imageName"": ""Hand_0007686.jpg"", ""irregularities"": ""0""}}"
11k_Hands_genuine_165,HandGeometry\Hands\Hand_0006007.jpg,HandGeometry\Hands\Hand_0006010.jpg,handGeometry,True,0000586,0000586,11k_Hands,"{""record1_meta"": {""filename"": ""Hand_0006007"", ""age"": ""21"", ""gender"": ""female"", ""skinColor"": ""fair"", ""accessories"": ""0"", ""nailPolish"": ""0"", ""aspectOfHand"": ""dorsal left"", ""imageName"": ""Hand_0006007.jpg"", ""irregularities"": ""0""}, ""record2_meta"": {""filename"": ""Hand_0006010"", ""age"": ""21"", ""gender"": ""female"", ""skinColor"": ""fair"", ""accessories"": ""0"", ""nailPolish"": ""0"", ""aspectOfHand"": ""dorsal left"", ""imageName"": ""Hand_0006010.jpg"", ""irregularities"": ""0""}}"
11k_Hands_genuine_166,HandGeometry\Hands\Hand_0006757.jpg,HandGeometry\Hands\Hand_0006759.jpg,handGeometry,True,0001587,0001587,11k_Hands,"{""record1_meta"": {""filename"": ""Hand_0006757"", ""age"": ""21"", ""gender"": ""male"", ""skinColor"": ""medium"", ""accessories"": ""0"", ""nailPolish"": ""0"", ""aspectOfHand"": ""palmar right"", ""imageName"": ""Hand_0006757.jpg"", ""irregularities"": ""0""}, ""record2_meta"": {""filename"": ""Hand_0006759"", ""age"": ""21"", ""gender"": ""male"", ""skinColor"": ""medium"", ""accessories"": ""0"", ""nailPolish"": ""0"", ""aspectOfHand"": ""palmar right"", ""imageName"": ""Hand_0006759.jpg"", ""irregularities"": ""0""}}"
11k_Hands_genuine_167,HandGeometry\Hands\Hand_0003426.jpg,HandGeometry\Hands\Hand_0003444.jpg,handGeometry,True,0001018,0001018,11k_Hands,"{""record1_meta"": {""filename"": ""Hand_0003426"", ""age"": ""21"", ""gender"": ""female"", ""skinColor"": ""fair"", ""accessories"": ""1"", ""nailPolish"": ""1"", ""aspectOfHand"": ""dorsal left"", ""imageName"": ""Hand_0003426.jpg"", ""irregularities"": ""0""}, ""record2_meta"": {""filename"": ""Hand_0003444"", ""age"": ""21"", ""gender"": ""female"", ""skinColor"": ""fair"", ""accessories"": ""1"", ""nailPolish"": ""1"", ""aspectOfHand"": ""dorsal left"", ""imageName"": ""Hand_0003444.jpg"", ""irregularities"": ""0""}}"
11k_Hands_genuine_168,HandGeometry\Hands\Hand_0007114.jpg,HandGeometry\Hands\Hand_0007119.jpg,handGeometry,True,0001532,0001532,11k_Hands,"{""record1_meta"": {""filename"": ""Hand_0007114"", ""age"": ""22"", ""gender"": ""female"", ""skinColor"": ""fair"", ""accessories"": ""1"", ""nailPolish"": ""0"", ""aspectOfHand"": ""dorsal right"", ""imageName"": ""Hand_0007114.jpg"", ""irregularities"": ""0""}, ""record2_meta"": {""filename"": ""Hand_0007119"", ""age"": ""22"", ""gender"": ""female"", ""skinColor"": ""fair"", ""accessories"": ""1"", ""nailPolish"": ""0"", ""aspectOfHand"": ""dorsal right"", ""imageName"": ""Hand_0007119.jpg"", ""irregularities"": ""0""}}"
11k_Hands_genuine_169,HandGeometry\Hands\Hand_0000047.jpg,HandGeometry\Hands\Hand_0000064.jpg,handGeometry,True,0000000,0000000,11k_Hands,"{""record1_meta"": {""filename"": ""Hand_0000047"", ""age"": ""27"", ""gender"": ""male"", ""skinColor"": ""fair"", ""accessories"": ""1"", ""nailPolish"": ""0"", ""aspectOfHand"": ""palmar left"", ""imageName"": ""Hand_0000047.jpg"", ""irregularities"": ""0""}, ""record2_meta"": {""filename"": ""Hand_0000064"", ""age"": ""27"", ""gender"": ""male"", ""skinColor"": ""fair"", ""accessories"": ""0"", ""nailPolish"": ""0"", ""aspectOfHand"": ""palmar left"", ""imageName"": ""Hand_0000064.jpg"", ""irregularities"": ""0""}}"
11k_Hands_genuine_170,HandGeometry\Hands\Hand_0009139.jpg,HandGeometry\Hands\Hand_0009146.jpg,handGeometry,True,0001043,0001043,11k_Hands,"{""record1_meta"": {""filename"": ""Hand_0009139"", ""age"": ""21"", ""gender"": ""male"", ""skinColor"": ""fair"", ""accessories"": ""0"", ""nailPolish"": ""0"", ""aspectOfHand"": ""dorsal right"", ""imageName"": ""Hand_0009139.jpg"", ""irregularities"": ""0""}, ""record2_meta"": {""filename"": ""Hand_0009146"", ""age"": ""21"", ""gender"": ""male"", ""skinColor"": ""fair"", ""accessories"": ""0"", ""nailPolish"": ""0"", ""aspectOfHand"": ""dorsal right"", ""imageName"": ""Hand_0009146.jpg"", ""irregularities"": ""0""}}"
11k_Hands_genuine_171,HandGeometry\Hands\Hand_0010036.jpg,HandGeometry\Hands\Hand_0010042.jpg,handGeometry,True,0000066,0000066,11k_Hands,"{""record1_meta"": {""filename"": ""Hand_0010036"", ""age"": ""26"", ""gender"": ""male"", ""skinColor"": ""fair"", ""accessories"": ""0"", ""nailPolish"": ""0"", ""aspectOfHand"": ""palmar right"", ""imageName"": ""Hand_0010036.jpg"", ""irregularities"": ""0""}, ""record2_meta"": {""filename"": ""Hand_0010042"", ""age"": ""26"", ""gender"": ""male"", ""skinColor"": ""fair"", ""accessories"": ""0"", ""nailPolish"": ""0"", ""aspectOfHand"": ""palmar right"", ""imageName"": ""Hand_0010042.jpg"", ""irregularities"": ""0""}}"
11k_Hands_genuine_172,HandGeometry\Hands\Hand_0002364.jpg,HandGeometry\Hands\Hand_0002397.jpg,handGeometry,True,0001020,0001020,11k_Hands,"{""record1_meta"": {""filename"": ""Hand_0002364"", ""age"": ""20"", ""gender"": ""female"", ""skinColor"": ""medium"", ""accessories"": ""1"", ""nailPolish"": ""0"", ""aspectOfHand"": ""dorsal left"", ""imageName"": ""Hand_0002364.jpg"", ""irregularities"": ""0""}, ""record2_meta"": {""filename"": ""Hand_0002397"", ""age"": ""20"", ""gender"": ""female"", ""skinColor"": ""medium"", ""accessories"": ""1"", ""nailPolish"": ""0"", ""aspectOfHand"": ""dorsal left"", ""imageName"": ""Hand_0002397.jpg"", ""irregularities"": ""0""}}"
11k_Hands_genuine_173,HandGeometry\Hands\Hand_0009177.jpg,HandGeometry\Hands\Hand_0009179.jpg,handGeometry,True,0001043,0001043,11k_Hands,"{""record1_meta"": {""filename"": ""Hand_0009177"", ""age"": ""21"", ""gender"": ""male"", ""skinColor"": ""fair"", ""accessories"": ""0"", ""nailPolish"": ""0"", ""aspectOfHand"": ""palmar left"", ""imageName"": ""Hand_0009177.jpg"", ""irregularities"": ""0""}, ""record2_meta"": {""filename"": ""Hand_0009179"", ""age"": ""21"", ""gender"": ""male"", ""skinColor"": ""fair"", ""accessories"": ""0"", ""nailPolish"": ""0"", ""aspectOfHand"": ""palmar left"", ""imageName"": ""Hand_0009179.jpg"", ""irregularities"": ""0""}}"
11k_Hands_genuine_174,HandGeometry\Hands\Hand_0006871.jpg,HandGeometry\Hands\Hand_0006879.jpg,handGeometry,True,0001029,0001029,11k_Hands,"{""record1_meta"": {""filename"": ""Hand_0006871"", ""age"": ""21"", ""gender"": ""male"", ""skinColor"": ""fair"", ""accessories"": ""0"", ""nailPolish"": ""0"", ""aspectOfHand"": ""palmar left"", ""imageName"": ""Hand_0006871.jpg"", ""irregularities"": ""0""}, ""record2_meta"": {""filename"": ""Hand_0006879"", ""age"": ""21"", ""gender"": ""male"", ""skinColor"": ""fair"", ""accessories"": ""0"", ""nailPolish"": ""0"", ""aspectOfHand"": ""palmar left"", ""imageName"": ""Hand_0006879.jpg"", ""irregularities"": ""0""}}"
11k_Hands_genuine_175,HandGeometry\Hands\Hand_0010611.jpg,HandGeometry\Hands\Hand_0010615.jpg,handGeometry,True,0000088,0000088,11k_Hands,"{""record1_meta"": {""filename"": ""Hand_0010611"", ""age"": ""22"", ""gender"": ""male"", ""skinColor"": ""medium"", ""accessories"": ""0"", ""nailPolish"": ""0"", ""aspectOfHand"": ""palmar left"", ""imageName"": ""Hand_0010611.jpg"", ""irregularities"": ""0""}, ""record2_meta"": {""filename"": ""Hand_0010615"", ""age"": ""22"", ""gender"": ""male"", ""skinColor"": ""medium"", ""accessories"": ""0"", ""nailPolish"": ""0"", ""aspectOfHand"": ""palmar left"", ""imageName"": ""Hand_0010615.jpg"", ""irregularities"": ""0""}}"
11k_Hands_genuine_176,HandGeometry\Hands\Hand_0003695.jpg,HandGeometry\Hands\Hand_0003704.jpg,handGeometry,True,0001569,0001569,11k_Hands,"{""record1_meta"": {""filename"": ""Hand_0003695"", ""age"": ""21"", ""gender"": ""female"", ""skinColor"": ""medium"", ""accessories"": ""0"", ""nailPolish"": ""0"", ""aspectOfHand"": ""dorsal right"", ""imageName"": ""Hand_0003695.jpg"", ""irregularities"": ""0""}, ""record2_meta"": {""filename"": ""Hand_0003704"", ""age"": ""21"", ""gender"": ""female"", ""skinColor"": ""medium"", ""accessories"": ""0"", ""nailPolish"": ""0"", ""aspectOfHand"": ""dorsal right"", ""imageName"": ""Hand_0003704.jpg"", ""irregularities"": ""0""}}"
11k_Hands_genuine_177,HandGeometry\Hands\Hand_0010807.jpg,HandGeometry\Hands\Hand_0010808.jpg,handGeometry,True,0001090,0001090,11k_Hands,"{""record1_meta"": {""filename"": ""Hand_0010807"", ""age"": ""22"", ""gender"": ""male"", ""skinColor"": ""fair"", ""accessories"": ""0"", ""nailPolish"": ""0"", ""aspectOfHand"": ""dorsal left"", ""imageName"": ""Hand_0010807.jpg"", ""irregularities"": ""0""}, ""record2_meta"": {""filename"": ""Hand_0010808"", ""age"": ""22"", ""gender"": ""male"", ""skinColor"": ""fair"", ""accessories"": ""0"", ""nailPolish"": ""0"", ""aspectOfHand"": ""dorsal left"", ""imageName"": ""Hand_0010808.jpg"", ""irregularities"": ""0""}}"
11k_Hands_genuine_178,HandGeometry\Hands\Hand_0008748.jpg,HandGeometry\Hands\Hand_0008756.jpg,handGeometry,True,0000532,0000532,11k_Hands,"{""record1_meta"": {""filename"": ""Hand_0008748"", ""age"": ""20"", ""gender"": ""female"", ""skinColor"": ""fair"", ""accessories"": ""1"", ""nailPolish"": ""1"", ""aspectOfHand"": ""dorsal right"", ""imageName"": ""Hand_0008748.jpg"", ""irregularities"": ""0""}, ""record2_meta"": {""filename"": ""Hand_0008756"", ""age"": ""20"", ""gender"": ""female"", ""skinColor"": ""fair"", ""accessories"": ""1"", ""nailPolish"": ""1"", ""aspectOfHand"": ""dorsal right"", ""imageName"": ""Hand_0008756.jpg"", ""irregularities"": ""0""}}"
11k_Hands_genuine_179,HandGeometry\Hands\Hand_0004544.jpg,HandGeometry\Hands\Hand_0004548.jpg,handGeometry,True,0001033,0001033,11k_Hands,"{""record1_meta"": {""filename"": ""Hand_0004544"", ""age"": ""20"", ""gender"": ""female"", ""skinColor"": ""medium"", ""accessories"": ""0"", ""nailPolish"": ""0"", ""aspectOfHand"": ""dorsal right"", ""imageName"": ""Hand_0004544.jpg"", ""irregularities"": ""0""}, ""record2_meta"": {""filename"": ""Hand_0004548"", ""age"": ""20"", ""gender"": ""female"", ""skinColor"": ""medium"", ""accessories"": ""0"", ""nailPolish"": ""0"", ""aspectOfHand"": ""dorsal right"", ""imageName"": ""Hand_0004548.jpg"", ""irregularities"": ""0""}}"
11k_Hands_genuine_180,HandGeometry\Hands\Hand_0002356.jpg,HandGeometry\Hands\Hand_0002408.jpg,handGeometry,True,0001020,0001020,11k_Hands,"{""record1_meta"": {""filename"": ""Hand_0002356"", ""age"": ""20"", ""gender"": ""female"", ""skinColor"": ""medium"", ""accessories"": ""1"", ""nailPolish"": ""0"", ""aspectOfHand"": ""dorsal left"", ""imageName"": ""Hand_0002356.jpg"", ""irregularities"": ""0""}, ""record2_meta"": {""filename"": ""Hand_0002408"", ""age"": ""20"", ""gender"": ""female"", ""skinColor"": ""medium"", ""accessories"": ""1"", ""nailPolish"": ""0"", ""aspectOfHand"": ""dorsal left"", ""imageName"": ""Hand_0002408.jpg"", ""irregularities"": ""0""}}"
11k_Hands_genuine_181,HandGeometry\Hands\Hand_0004063.jpg,HandGeometry\Hands\Hand_0004083.jpg,handGeometry,True,0001013,0001013,11k_Hands,"{""record1_meta"": {""filename"": ""Hand_0004063"", ""age"": ""21"", ""gender"": ""male"", ""skinColor"": ""fair"", ""accessories"": ""0"", ""nailPolish"": ""0"", ""aspectOfHand"": ""palmar right"", ""imageName"": ""Hand_0004063.jpg"", ""irregularities"": ""0""}, ""record2_meta"": {""filename"": ""Hand_0004083"", ""age"": ""21"", ""gender"": ""male"", ""skinColor"": ""fair"", ""accessories"": ""0"", ""nailPolish"": ""0"", ""aspectOfHand"": ""palmar right"", ""imageName"": ""Hand_0004083.jpg"", ""irregularities"": ""0""}}"
11k_Hands_genuine_182,HandGeometry\Hands\Hand_0005455.jpg,HandGeometry\Hands\Hand_0005470.jpg,handGeometry,True,0001061,0001061,11k_Hands,"{""record1_meta"": {""filename"": ""Hand_0005455"", ""age"": ""20"", ""gender"": ""female"", ""skinColor"": ""fair"", ""accessories"": ""1"", ""nailPolish"": ""1"", ""aspectOfHand"": ""dorsal left"", ""imageName"": ""Hand_0005455.jpg"", ""irregularities"": ""0""}, ""record2_meta"": {""filename"": ""Hand_0005470"", ""age"": ""20"", ""gender"": ""female"", ""skinColor"": ""fair"", ""accessories"": ""1"", ""nailPolish"": ""1"", ""aspectOfHand"": ""dorsal left"", ""imageName"": ""Hand_0005470.jpg"", ""irregularities"": ""0""}}"
11k_Hands_genuine_183,HandGeometry\Hands\Hand_0002749.jpg,HandGeometry\Hands\Hand_0002772.jpg,handGeometry,True,0001024,0001024,11k_Hands,"{""record1_meta"": {""filename"": ""Hand_0002749"", ""age"": ""22"", ""gender"": ""male"", ""skinColor"": ""medium"", ""accessories"": ""0"", ""nailPolish"": ""0"", ""aspectOfHand"": ""palmar right"", ""imageName"": ""Hand_0002749.jpg"", ""irregularities"": ""0""}, ""record2_meta"": {""filename"": ""Hand_0002772"", ""age"": ""22"", ""gender"": ""male"", ""skinColor"": ""medium"", ""accessories"": ""0"", ""nailPolish"": ""0"", ""aspectOfHand"": ""palmar right"", ""imageName"": ""Hand_0002772.jpg"", ""irregularities"": ""0""}}"
11k_Hands_genuine_184,HandGeometry\Hands\Hand_0005786.jpg,HandGeometry\Hands\Hand_0005795.jpg,handGeometry,True,0001079,0001079,11k_Hands,"{""record1_meta"": {""filename"": ""Hand_0005786"", ""age"": ""21"", ""gender"": ""female"", ""skinColor"": ""fair"", ""accessories"": ""0"", ""nailPolish"": ""0"", ""aspectOfHand"": ""dorsal left"", ""imageName"": ""Hand_0005786.jpg"", ""irregularities"": ""0""}, ""record2_meta"": {""filename"": ""Hand_0005795"", ""age"": ""21"", ""gender"": ""female"", ""skinColor"": ""fair"", ""accessories"": ""0"", ""nailPolish"": ""0"", ""aspectOfHand"": ""dorsal left"", ""imageName"": ""Hand_0005795.jpg"", ""irregularities"": ""0""}}"
11k_Hands_genuine_185,HandGeometry\Hands\Hand_0000020.jpg,HandGeometry\Hands\Hand_0009997.jpg,handGeometry,True,0000000,0000000,11k_Hands,"{""record1_meta"": {""filename"": ""Hand_0000020"", ""age"": ""27"", ""gender"": ""male"", ""skinColor"": ""fair"", ""accessories"": ""0"", ""nailPolish"": ""0"", ""aspectOfHand"": ""dorsal right"", ""imageName"": ""Hand_0000020.jpg"", ""irregularities"": ""0""}, ""record2_meta"": {""filename"": ""Hand_0009997"", ""age"": ""27"", ""gender"": ""male"", ""skinColor"": ""fair"", ""accessories"": ""1"", ""nailPolish"": ""0"", ""aspectOfHand"": ""dorsal right"", ""imageName"": ""Hand_0009997.jpg"", ""irregularities"": ""0""}}"
11k_Hands_genuine_186,HandGeometry\Hands\Hand_0010057.jpg,HandGeometry\Hands\Hand_0010062.jpg,handGeometry,True,0000066,0000066,11k_Hands,"{""record1_meta"": {""filename"": ""Hand_0010057"", ""age"": ""26"", ""gender"": ""male"", ""skinColor"": ""fair"", ""accessories"": ""0"", ""nailPolish"": ""0"", ""aspectOfHand"": ""dorsal left"", ""imageName"": ""Hand_0010057.jpg"", ""irregularities"": ""0""}, ""record2_meta"": {""filename"": ""Hand_0010062"", ""age"": ""26"", ""gender"": ""male"", ""skinColor"": ""fair"", ""accessories"": ""0"", ""nailPolish"": ""0"", ""aspectOfHand"": ""dorsal left"", ""imageName"": ""Hand_0010062.jpg"", ""irregularities"": ""0""}}"
11k_Hands_genuine_187,HandGeometry\Hands\Hand_0010017.jpg,HandGeometry\Hands\Hand_0010032.jpg,handGeometry,True,0000066,0000066,11k_Hands,"{""record1_meta"": {""filename"": ""Hand_0010017"", ""age"": ""26"", ""gender"": ""male"", ""skinColor"": ""fair"", ""accessories"": ""0"", ""nailPolish"": ""0"", ""aspectOfHand"": ""dorsal right"", ""imageName"": ""Hand_0010017.jpg"", ""irregularities"": ""0""}, ""record2_meta"": {""filename"": ""Hand_0010032"", ""age"": ""26"", ""gender"": ""male"", ""skinColor"": ""fair"", ""accessories"": ""0"", ""nailPolish"": ""0"", ""aspectOfHand"": ""dorsal right"", ""imageName"": ""Hand_0010032.jpg"", ""irregularities"": ""0""}}"
11k_Hands_genuine_188,HandGeometry\Hands\Hand_0003609.jpg,HandGeometry\Hands\Hand_0003614.jpg,handGeometry,True,0001564,0001564,11k_Hands,"{""record1_meta"": {""filename"": ""Hand_0003609"", ""age"": ""21"", ""gender"": ""female"", ""skinColor"": ""fair"", ""accessories"": ""0"", ""nailPolish"": ""0"", ""aspectOfHand"": ""palmar left"", ""imageName"": ""Hand_0003609.jpg"", ""irregularities"": ""0""}, ""record2_meta"": {""filename"": ""Hand_0003614"", ""age"": ""21"", ""gender"": ""female"", ""skinColor"": ""fair"", ""accessories"": ""0"", ""nailPolish"": ""0"", ""aspectOfHand"": ""palmar left"", ""imageName"": ""Hand_0003614.jpg"", ""irregularities"": ""0""}}"
11k_Hands_genuine_189,HandGeometry\Hands\Hand_0006359.jpg,HandGeometry\Hands\Hand_0006406.jpg,handGeometry,True,0000012,0000012,11k_Hands,"{""record1_meta"": {""filename"": ""Hand_0006359"", ""age"": ""21"", ""gender"": ""female"", ""skinColor"": ""medium"", ""accessories"": ""0"", ""nailPolish"": ""0"", ""aspectOfHand"": ""palmar right"", ""imageName"": ""Hand_0006359.jpg"", ""irregularities"": ""0""}, ""record2_meta"": {""filename"": ""Hand_0006406"", ""age"": ""21"", ""gender"": ""female"", ""skinColor"": ""medium"", ""accessories"": ""1"", ""nailPolish"": ""0"", ""aspectOfHand"": ""palmar right"", ""imageName"": ""Hand_0006406.jpg"", ""irregularities"": ""0""}}"
11k_Hands_genuine_190,HandGeometry\Hands\Hand_0010731.jpg,HandGeometry\Hands\Hand_0010735.jpg,handGeometry,True,0001090,0001090,11k_Hands,"{""record1_meta"": {""filename"": ""Hand_0010731"", ""age"": ""22"", ""gender"": ""male"", ""skinColor"": ""fair"", ""accessories"": ""1"", ""nailPolish"": ""0"", ""aspectOfHand"": ""palmar right"", ""imageName"": ""Hand_0010731.jpg"", ""irregularities"": ""0""}, ""record2_meta"": {""filename"": ""Hand_0010735"", ""age"": ""22"", ""gender"": ""male"", ""skinColor"": ""fair"", ""accessories"": ""1"", ""nailPolish"": ""0"", ""aspectOfHand"": ""palmar right"", ""imageName"": ""Hand_0010735.jpg"", ""irregularities"": ""0""}}"
11k_Hands_genuine_191,HandGeometry\Hands\Hand_0002832.jpg,HandGeometry\Hands\Hand_0008228.jpg,handGeometry,True,0001024,0001024,11k_Hands,"{""record1_meta"": {""filename"": ""Hand_0002832"", ""age"": ""22"", ""gender"": ""male"", ""skinColor"": ""medium"", ""accessories"": ""0"", ""nailPolish"": ""0"", ""aspectOfHand"": ""palmar left"", ""imageName"": ""Hand_0002832.jpg"", ""irregularities"": ""0""}, ""record2_meta"": {""filename"": ""Hand_0008228"", ""age"": ""22"", ""gender"": ""male"", ""skinColor"": ""medium"", ""accessories"": ""0"", ""nailPolish"": ""0"", ""aspectOfHand"": ""palmar left"", ""imageName"": ""Hand_0008228.jpg"", ""irregularities"": ""0""}}"
11k_Hands_genuine_192,HandGeometry\Hands\Hand_0006421.jpg,HandGeometry\Hands\Hand_0006430.jpg,handGeometry,True,0001553,0001553,11k_Hands,"{""record1_meta"": {""filename"": ""Hand_0006421"", ""age"": ""23"", ""gender"": ""female"", ""skinColor"": ""fair"", ""accessories"": ""1"", ""nailPolish"": ""1"", ""aspectOfHand"": ""dorsal left"", ""imageName"": ""Hand_0006421.jpg"", ""irregularities"": ""0""}, ""record2_meta"": {""filename"": ""Hand_0006430"", ""age"": ""23"", ""gender"": ""female"", ""skinColor"": ""fair"", ""accessories"": ""1"", ""nailPolish"": ""1"", ""aspectOfHand"": ""dorsal left"", ""imageName"": ""Hand_0006430.jpg"", ""irregularities"": ""0""}}"
11k_Hands_genuine_193,HandGeometry\Hands\Hand_0002304.jpg,HandGeometry\Hands\Hand_0002316.jpg,handGeometry,True,0001020,0001020,11k_Hands,"{""record1_meta"": {""filename"": ""Hand_0002304"", ""age"": ""20"", ""gender"": ""female"", ""skinColor"": ""medium"", ""accessories"": ""0"", ""nailPolish"": ""0"", ""aspectOfHand"": ""dorsal right"", ""imageName"": ""Hand_0002304.jpg"", ""irregularities"": ""0""}, ""record2_meta"": {""filename"": ""Hand_0002316"", ""age"": ""20"", ""gender"": ""female"", ""skinColor"": ""medium"", ""accessories"": ""0"", ""nailPolish"": ""0"", ""aspectOfHand"": ""dorsal right"", ""imageName"": ""Hand_0002316.jpg"", ""irregularities"": ""0""}}"
11k_Hands_genuine_194,HandGeometry\Hands\Hand_0008257.jpg,HandGeometry\Hands\Hand_0008258.jpg,handGeometry,True,0000501,0000501,11k_Hands,"{""record1_meta"": {""filename"": ""Hand_0008257"", ""age"": ""21"", ""gender"": ""female"", ""skinColor"": ""medium"", ""accessories"": ""0"", ""nailPolish"": ""0"", ""aspectOfHand"": ""dorsal right"", ""imageName"": ""Hand_0008257.jpg"", ""irregularities"": ""0""}, ""record2_meta"": {""filename"": ""Hand_0008258"", ""age"": ""21"", ""gender"": ""female"", ""skinColor"": ""medium"", ""accessories"": ""0"", ""nailPolish"": ""0"", ""aspectOfHand"": ""dorsal right"", ""imageName"": ""Hand_0008258.jpg"", ""irregularities"": ""0""}}"
11k_Hands_genuine_195,HandGeometry\Hands\Hand_0004115.jpg,HandGeometry\Hands\Hand_0004120.jpg,handGeometry,True,0001013,0001013,11k_Hands,"{""record1_meta"": {""filename"": ""Hand_0004115"", ""age"": ""21"", ""gender"": ""male"", ""skinColor"": ""fair"", ""accessories"": ""0"", ""nailPolish"": ""0"", ""aspectOfHand"": ""dorsal left"", ""imageName"": ""Hand_0004115.jpg"", ""irregularities"": ""0""}, ""record2_meta"": {""filename"": ""Hand_0004120"", ""age"": ""21"", ""gender"": ""male"", ""skinColor"": ""fair"", ""accessories"": ""0"", ""nailPolish"": ""0"", ""aspectOfHand"": ""dorsal left"", ""imageName"": ""Hand_0004120.jpg"", ""irregularities"": ""0""}}"
11k_Hands_genuine_196,HandGeometry\Hands\Hand_0008705.jpg,HandGeometry\Hands\Hand_0008707.jpg,handGeometry,True,0000093,0000093,11k_Hands,"{""record1_meta"": {""filename"": ""Hand_0008705"", ""age"": ""21"", ""gender"": ""female"", ""skinColor"": ""medium"", ""accessories"": ""1"", ""nailPolish"": ""1"", ""aspectOfHand"": ""dorsal right"", ""imageName"": ""Hand_0008705.jpg"", ""irregularities"": ""0""}, ""record2_meta"": {""filename"": ""Hand_0008707"", ""age"": ""21"", ""gender"": ""female"", ""skinColor"": ""medium"", ""accessories"": ""1"", ""nailPolish"": ""1"", ""aspectOfHand"": ""dorsal right"", ""imageName"": ""Hand_0008707.jpg"", ""irregularities"": ""0""}}"
11k_Hands_genuine_197,HandGeometry\Hands\Hand_0006421.jpg,HandGeometry\Hands\Hand_0006428.jpg,handGeometry,True,0001553,0001553,11k_Hands,"{""record1_meta"": {""filename"": ""Hand_0006421"", ""age"": ""23"", ""gender"": ""female"", ""skinColor"": ""fair"", ""accessories"": ""1"", ""nailPolish"": ""1"", ""aspectOfHand"": ""dorsal left"", ""imageName"": ""Hand_0006421.jpg"", ""irregularities"": ""0""}, ""record2_meta"": {""filename"": ""Hand_0006428"", ""age"": ""23"", ""gender"": ""female"", ""skinColor"": ""fair"", ""accessories"": ""1"", ""nailPolish"": ""1"", ""aspectOfHand"": ""dorsal left"", ""imageName"": ""Hand_0006428.jpg"", ""irregularities"": ""0""}}"
11k_Hands_genuine_198,HandGeometry\Hands\Hand_0007890.jpg,HandGeometry\Hands\Hand_0007893.jpg,handGeometry,True,0001539,0001539,11k_Hands,"{""record1_meta"": {""filename"": ""Hand_0007890"", ""age"": ""21"", ""gender"": ""female"", ""skinColor"": ""medium"", ""accessories"": ""0"", ""nailPolish"": ""0"", ""aspectOfHand"": ""dorsal left"", ""imageName"": ""Hand_0007890.jpg"", ""irregularities"": ""0""}, ""record2_meta"": {""filename"": ""Hand_0007893"", ""age"": ""21"", ""gender"": ""female"", ""skinColor"": ""medium"", ""accessories"": ""0"", ""nailPolish"": ""0"", ""aspectOfHand"": ""dorsal left"", ""imageName"": ""Hand_0007893.jpg"", ""irregularities"": ""0""}}"
11k_Hands_genuine_199,HandGeometry\Hands\Hand_0007394.jpg,HandGeometry\Hands\Hand_0007401.jpg,handGeometry,True,0001543,0001543,11k_Hands,"{""record1_meta"": {""filename"": ""Hand_0007394"", ""age"": ""21"", ""gender"": ""male"", ""skinColor"": ""medium"", ""accessories"": ""0"", ""nailPolish"": ""0"", ""aspectOfHand"": ""palmar left"", ""imageName"": ""Hand_0007394.jpg"", ""irregularities"": ""0""}, ""record2_meta"": {""filename"": ""Hand_0007401"", ""age"": ""21"", ""gender"": ""male"", ""skinColor"": ""medium"", ""accessories"": ""0"", ""nailPolish"": ""0"", ""aspectOfHand"": ""palmar left"", ""imageName"": ""Hand_0007401.jpg"", ""irregularities"": ""0""}}"
11k_Hands_genuine_200,HandGeometry\Hands\Hand_0002725.jpg,HandGeometry\Hands\Hand_0002744.jpg,handGeometry,True,0001024,0001024,11k_Hands,"{""record1_meta"": {""filename"": ""Hand_0002725"", ""age"": ""22"", ""gender"": ""male"", ""skinColor"": ""medium"", ""accessories"": ""0"", ""nailPolish"": ""0"", ""aspectOfHand"": ""dorsal right"", ""imageName"": ""Hand_0002725.jpg"", ""irregularities"": ""0""}, ""record2_meta"": {""filename"": ""Hand_0002744"", ""age"": ""22"", ""gender"": ""male"", ""skinColor"": ""medium"", ""accessories"": ""0"", ""nailPolish"": ""0"", ""aspectOfHand"": ""dorsal right"", ""imageName"": ""Hand_0002744.jpg"", ""irregularities"": ""0""}}"
11k_Hands_genuine_201,HandGeometry\Hands\Hand_0004819.jpg,HandGeometry\Hands\Hand_0004869.jpg,handGeometry,True,0001050,0001050,11k_Hands,"{""record1_meta"": {""filename"": ""Hand_0004819"", ""age"": ""20"", ""gender"": ""female"", ""skinColor"": ""medium"", ""accessories"": ""0"", ""nailPolish"": ""0"", ""aspectOfHand"": ""palmar right"", ""imageName"": ""Hand_0004819.jpg"", ""irregularities"": ""0""}, ""record2_meta"": {""filename"": ""Hand_0004869"", ""age"": ""20"", ""gender"": ""female"", ""skinColor"": ""medium"", ""accessories"": ""0"", ""nailPolish"": ""0"", ""aspectOfHand"": ""palmar right"", ""imageName"": ""Hand_0004869.jpg"", ""irregularities"": ""0""}}"
11k_Hands_genuine_202,HandGeometry\Hands\Hand_0010736.jpg,HandGeometry\Hands\Hand_0010737.jpg,handGeometry,True,0001090,0001090,11k_Hands,"{""record1_meta"": {""filename"": ""Hand_0010736"", ""age"": ""22"", ""gender"": ""male"", ""skinColor"": ""fair"", ""accessories"": ""1"", ""nailPolish"": ""0"", ""aspectOfHand"": ""palmar right"", ""imageName"": ""Hand_0010736.jpg"", ""irregularities"": ""0""}, ""record2_meta"": {""filename"": ""Hand_0010737"", ""age"": ""22"", ""gender"": ""male"", ""skinColor"": ""fair"", ""accessories"": ""1"", ""nailPolish"": ""0"", ""aspectOfHand"": ""palmar right"", ""imageName"": ""Hand_0010737.jpg"", ""irregularities"": ""0""}}"
11k_Hands_genuine_203,HandGeometry\Hands\Hand_0002761.jpg,HandGeometry\Hands\Hand_0002764.jpg,handGeometry,True,0001024,0001024,11k_Hands,"{""record1_meta"": {""filename"": ""Hand_0002761"", ""age"": ""22"", ""gender"": ""male"", ""skinColor"": ""medium"", ""accessories"": ""0"", ""nailPolish"": ""0"", ""aspectOfHand"": ""palmar right"", ""imageName"": ""Hand_0002761.jpg"", ""irregularities"": ""0""}, ""record2_meta"": {""filename"": ""Hand_0002764"", ""age"": ""22"", ""gender"": ""male"", ""skinColor"": ""medium"", ""accessories"": ""0"", ""nailPolish"": ""0"", ""aspectOfHand"": ""palmar right"", ""imageName"": ""Hand_0002764.jpg"", ""irregularities"": ""0""}}"
11k_Hands_genuine_204,HandGeometry\Hands\Hand_0006907.jpg,HandGeometry\Hands\Hand_0006916.jpg,handGeometry,True,0001028,0001028,11k_Hands,"{""record1_meta"": {""filename"": ""Hand_0006907"", ""age"": ""21"", ""gender"": ""male"", ""skinColor"": ""dark"", ""accessories"": ""0"", ""nailPolish"": ""0"", ""aspectOfHand"": ""palmar right"", ""imageName"": ""Hand_0006907.jpg"", ""irregularities"": ""0""}, ""record2_meta"": {""filename"": ""Hand_0006916"", ""age"": ""21"", ""gender"": ""male"", ""skinColor"": ""dark"", ""accessories"": ""0"", ""nailPolish"": ""0"", ""aspectOfHand"": ""palmar right"", ""imageName"": ""Hand_0006916.jpg"", ""irregularities"": ""0""}}"
11k_Hands_genuine_205,HandGeometry\Hands\Hand_0011008.jpg,HandGeometry\Hands\Hand_0011015.jpg,handGeometry,True,0001060,0001060,11k_Hands,"{""record1_meta"": {""filename"": ""Hand_0011008"", ""age"": ""23"", ""gender"": ""male"", ""skinColor"": ""medium"", ""accessories"": ""0"", ""nailPolish"": ""0"", ""aspectOfHand"": ""dorsal left"", ""imageName"": ""Hand_0011008.jpg"", ""irregularities"": ""0""}, ""record2_meta"": {""filename"": ""Hand_0011015"", ""age"": ""23"", ""gender"": ""male"", ""skinColor"": ""medium"", ""accessories"": ""0"", ""nailPolish"": ""0"", ""aspectOfHand"": ""dorsal left"", ""imageName"": ""Hand_0011015.jpg"", ""irregularities"": ""0""}}"
11k_Hands_genuine_206,HandGeometry\Hands\Hand_0006773.jpg,HandGeometry\Hands\Hand_0006775.jpg,handGeometry,True,0001587,0001587,11k_Hands,"{""record1_meta"": {""filename"": ""Hand_0006773"", ""age"": ""21"", ""gender"": ""male"", ""skinColor"": ""medium"", ""accessories"": ""0"", ""nailPolish"": ""0"", ""aspectOfHand"": ""dorsal left"", ""imageName"": ""Hand_0006773.jpg"", ""irregularities"": ""0""}, ""record2_meta"": {""filename"": ""Hand_0006775"", ""age"": ""21"", ""gender"": ""male"", ""skinColor"": ""medium"", ""accessories"": ""0"", ""nailPolish"": ""0"", ""aspectOfHand"": ""dorsal left"", ""imageName"": ""Hand_0006775.jpg"", ""irregularities"": ""0""}}"
11k_Hands_genuine_207,HandGeometry\Hands\Hand_0000004.jpg,HandGeometry\Hands\Hand_0000010.jpg,handGeometry,True,0000000,0000000,11k_Hands,"{""record1_meta"": {""filename"": ""Hand_0000004"", ""age"": ""27"", ""gender"": ""male"", ""skinColor"": ""fair"", ""accessories"": ""0"", ""nailPolish"": ""0"", ""aspectOfHand"": ""dorsal right"", ""imageName"": ""Hand_0000004.jpg"", ""irregularities"": ""0""}, ""record2_meta"": {""filename"": ""Hand_0000010"", ""age"": ""27"", ""gender"": ""male"", ""skinColor"": ""fair"", ""accessories"": ""0"", ""nailPolish"": ""0"", ""aspectOfHand"": ""dorsal right"", ""imageName"": ""Hand_0000010.jpg"", ""irregularities"": ""0""}}"
11k_Hands_genuine_208,HandGeometry\Hands\Hand_0007725.jpg,HandGeometry\Hands\Hand_0007736.jpg,handGeometry,True,0001516,0001516,11k_Hands,"{""record1_meta"": {""filename"": ""Hand_0007725"", ""age"": ""20"", ""gender"": ""male"", ""skinColor"": ""fair"", ""accessories"": ""0"", ""nailPolish"": ""0"", ""aspectOfHand"": ""dorsal right"", ""imageName"": ""Hand_0007725.jpg"", ""irregularities"": ""0""}, ""record2_meta"": {""filename"": ""Hand_0007736"", ""age"": ""20"", ""gender"": ""male"", ""skinColor"": ""fair"", ""accessories"": ""0"", ""nailPolish"": ""0"", ""aspectOfHand"": ""dorsal right"", ""imageName"": ""Hand_0007736.jpg"", ""irregularities"": ""0""}}"
11k_Hands_genuine_209,HandGeometry\Hands\Hand_0004400.jpg,HandGeometry\Hands\Hand_0004417.jpg,handGeometry,True,0001035,0001035,11k_Hands,"{""record1_meta"": {""filename"": ""Hand_0004400"", ""age"": ""21"", ""gender"": ""female"", ""skinColor"": ""fair"", ""accessories"": ""1"", ""nailPolish"": ""0"", ""aspectOfHand"": ""palmar left"", ""imageName"": ""Hand_0004400.jpg"", ""irregularities"": ""0""}, ""record2_meta"": {""filename"": ""Hand_0004417"", ""age"": ""21"", ""gender"": ""female"", ""skinColor"": ""fair"", ""accessories"": ""1"", ""nailPolish"": ""0"", ""aspectOfHand"": ""palmar left"", ""imageName"": ""Hand_0004417.jpg"", ""irregularities"": ""0""}}"
11k_Hands_genuine_210,HandGeometry\Hands\Hand_0006211.jpg,HandGeometry\Hands\Hand_0006232.jpg,handGeometry,True,0001037,0001037,11k_Hands,"{""record1_meta"": {""filename"": ""Hand_0006211"", ""age"": ""21"", ""gender"": ""female"", ""skinColor"": ""medium"", ""accessories"": ""0"", ""nailPolish"": ""0"", ""aspectOfHand"": ""dorsal left"", ""imageName"": ""Hand_0006211.jpg"", ""irregularities"": ""0""}, ""record2_meta"": {""filename"": ""Hand_0006232"", ""age"": ""21"", ""gender"": ""female"", ""skinColor"": ""medium"", ""accessories"": ""0"", ""nailPolish"": ""0"", ""aspectOfHand"": ""dorsal left"", ""imageName"": ""Hand_0006232.jpg"", ""irregularities"": ""0""}}"
11k_Hands_genuine_211,HandGeometry\Hands\Hand_0009960.jpg,HandGeometry\Hands\Hand_0009962.jpg,handGeometry,True,0000000,0000000,11k_Hands,"{""record1_meta"": {""filename"": ""Hand_0009960"", ""age"": ""27"", ""gender"": ""male"", ""skinColor"": ""fair"", ""accessories"": ""1"", ""nailPolish"": ""0"", ""aspectOfHand"": ""dorsal left"", ""imageName"": ""Hand_0009960.jpg"", ""irregularities"": ""0""}, ""record2_meta"": {""filename"": ""Hand_0009962"", ""age"": ""27"", ""gender"": ""male"", ""skinColor"": ""fair"", ""accessories"": ""1"", ""nailPolish"": ""0"", ""aspectOfHand"": ""dorsal left"", ""imageName"": ""Hand_0009962.jpg"", ""irregularities"": ""0""}}"
11k_Hands_genuine_212,HandGeometry\Hands\Hand_0002357.jpg,HandGeometry\Hands\Hand_0002384.jpg,handGeometry,True,0001020,0001020,11k_Hands,"{""record1_meta"": {""filename"": ""Hand_0002357"", ""age"": ""20"", ""gender"": ""female"", ""skinColor"": ""medium"", ""accessories"": ""1"", ""nailPolish"": ""0"", ""aspectOfHand"": ""dorsal left"", ""imageName"": ""Hand_0002357.jpg"", ""irregularities"": ""0""}, ""record2_meta"": {""filename"": ""Hand_0002384"", ""age"": ""20"", ""gender"": ""female"", ""skinColor"": ""medium"", ""accessories"": ""1"", ""nailPolish"": ""0"", ""aspectOfHand"": ""dorsal left"", ""imageName"": ""Hand_0002384.jpg"", ""irregularities"": ""0""}}"
11k_Hands_genuine_213,HandGeometry\Hands\Hand_0004758.jpg,HandGeometry\Hands\Hand_0004767.jpg,handGeometry,True,0001080,0001080,11k_Hands,"{""record1_meta"": {""filename"": ""Hand_0004758"", ""age"": ""21"", ""gender"": ""female"", ""skinColor"": ""medium"", ""accessories"": ""0"", ""nailPolish"": ""0"", ""aspectOfHand"": ""palmar left"", ""imageName"": ""Hand_0004758.jpg"", ""irregularities"": ""0""}, ""record2_meta"": {""filename"": ""Hand_0004767"", ""age"": ""21"", ""gender"": ""female"", ""skinColor"": ""medium"", ""accessories"": ""0"", ""nailPolish"": ""0"", ""aspectOfHand"": ""palmar left"", ""imageName"": ""Hand_0004767.jpg"", ""irregularities"": ""0""}}"
11k_Hands_genuine_214,HandGeometry\Hands\Hand_0011529.jpg,HandGeometry\Hands\Hand_0011535.jpg,handGeometry,True,0001075,0001075,11k_Hands,"{""record1_meta"": {""filename"": ""Hand_0011529"", ""age"": ""21"", ""gender"": ""male"", ""skinColor"": ""medium"", ""accessories"": ""0"", ""nailPolish"": ""0"", ""aspectOfHand"": ""palmar right"", ""imageName"": ""Hand_0011529.jpg"", ""irregularities"": ""0""}, ""record2_meta"": {""filename"": ""Hand_0011535"", ""age"": ""21"", ""gender"": ""male"", ""skinColor"": ""medium"", ""accessories"": ""0"", ""nailPolish"": ""0"", ""aspectOfHand"": ""palmar right"", ""imageName"": ""Hand_0011535.jpg"", ""irregularities"": ""0""}}"
11k_Hands_genuine_215,HandGeometry\Hands\Hand_0004224.jpg,HandGeometry\Hands\Hand_0004237.jpg,handGeometry,True,0001034,0001034,11k_Hands,"{""record1_meta"": {""filename"": ""Hand_0004224"", ""age"": ""21"", ""gender"": ""female"", ""skinColor"": ""medium"", ""accessories"": ""1"", ""nailPolish"": ""1"", ""aspectOfHand"": ""dorsal right"", ""imageName"": ""Hand_0004224.jpg"", ""irregularities"": ""0""}, ""record2_meta"": {""filename"": ""Hand_0004237"", ""age"": ""21"", ""gender"": ""female"", ""skinColor"": ""medium"", ""accessories"": ""1"", ""nailPolish"": ""1"", ""aspectOfHand"": ""dorsal right"", ""imageName"": ""Hand_0004237.jpg"", ""irregularities"": ""0""}}"
11k_Hands_genuine_216,HandGeometry\Hands\Hand_0003370.jpg,HandGeometry\Hands\Hand_0003373.jpg,handGeometry,True,0001541,0001541,11k_Hands,"{""record1_meta"": {""filename"": ""Hand_0003370"", ""age"": ""21"", ""gender"": ""female"", ""skinColor"": ""medium"", ""accessories"": ""1"", ""nailPolish"": ""0"", ""aspectOfHand"": ""dorsal left"", ""imageName"": ""Hand_0003370.jpg"", ""irregularities"": ""0""}, ""record2_meta"": {""filename"": ""Hand_0003373"", ""age"": ""21"", ""gender"": ""female"", ""skinColor"": ""medium"", ""accessories"": ""1"", ""nailPolish"": ""0"", ""aspectOfHand"": ""dorsal left"", ""imageName"": ""Hand_0003373.jpg"", ""irregularities"": ""0""}}"
11k_Hands_genuine_217,HandGeometry\Hands\Hand_0001052.jpg,HandGeometry\Hands\Hand_0001053.jpg,handGeometry,True,0000053,0000053,11k_Hands,"{""record1_meta"": {""filename"": ""Hand_0001052"", ""age"": ""29"", ""gender"": ""male"", ""skinColor"": ""fair"", ""accessories"": ""0"", ""nailPolish"": ""0"", ""aspectOfHand"": ""dorsal right"", ""imageName"": ""Hand_0001052.jpg"", ""irregularities"": ""0""}, ""record2_meta"": {""filename"": ""Hand_0001053"", ""age"": ""29"", ""gender"": ""male"", ""skinColor"": ""fair"", ""accessories"": ""0"", ""nailPolish"": ""0"", ""aspectOfHand"": ""dorsal right"", ""imageName"": ""Hand_0001053.jpg"", ""irregularities"": ""0""}}"
11k_Hands_genuine_218,HandGeometry\Hands\Hand_0003376.jpg,HandGeometry\Hands\Hand_0008556.jpg,handGeometry,True,0001541,0001541,11k_Hands,"{""record1_meta"": {""filename"": ""Hand_0003376"", ""age"": ""21"", ""gender"": ""female"", ""skinColor"": ""medium"", ""accessories"": ""1"", ""nailPolish"": ""0"", ""aspectOfHand"": ""dorsal left"", ""imageName"": ""Hand_0003376.jpg"", ""irregularities"": ""0""}, ""record2_meta"": {""filename"": ""Hand_0008556"", ""age"": ""21"", ""gender"": ""female"", ""skinColor"": ""medium"", ""accessories"": ""1"", ""nailPolish"": ""1"", ""aspectOfHand"": ""dorsal left"", ""imageName"": ""Hand_0008556.jpg"", ""irregularities"": ""0""}}"
11k_Hands_genuine_219,HandGeometry\Hands\Hand_0007293.jpg,HandGeometry\Hands\Hand_0007299.jpg,handGeometry,True,0001562,0001562,11k_Hands,"{""record1_meta"": {""filename"": ""Hand_0007293"", ""age"": ""23"", ""gender"": ""female"", ""skinColor"": ""fair"", ""accessories"": ""1"", ""nailPolish"": ""0"", ""aspectOfHand"": ""dorsal right"", ""imageName"": ""Hand_0007293.jpg"", ""irregularities"": ""0""}, ""record2_meta"": {""filename"": ""Hand_0007299"", ""age"": ""23"", ""gender"": ""female"", ""skinColor"": ""fair"", ""accessories"": ""1"", ""nailPolish"": ""0"", ""aspectOfHand"": ""dorsal right"", ""imageName"": ""Hand_0007299.jpg"", ""irregularities"": ""0""}}"
11k_Hands_genuine_220,HandGeometry\Hands\Hand_0001783.jpg,HandGeometry\Hands\Hand_0001799.jpg,handGeometry,True,0001518,0001518,11k_Hands,"{""record1_meta"": {""filename"": ""Hand_0001783"", ""age"": ""43"", ""gender"": ""male"", ""skinColor"": ""fair"", ""accessories"": ""0"", ""nailPolish"": ""0"", ""aspectOfHand"": ""palmar left"", ""imageName"": ""Hand_0001783.jpg"", ""irregularities"": ""0""}, ""record2_meta"": {""filename"": ""Hand_0001799"", ""age"": ""43"", ""gender"": ""male"", ""skinColor"": ""fair"", ""accessories"": ""0"", ""nailPolish"": ""0"", ""aspectOfHand"": ""palmar left"", ""imageName"": ""Hand_0001799.jpg"", ""irregularities"": ""0""}}"
11k_Hands_genuine_221,HandGeometry\Hands\Hand_0001964.jpg,HandGeometry\Hands\Hand_0001973.jpg,handGeometry,True,0001070,0001070,11k_Hands,"{""record1_meta"": {""filename"": ""Hand_0001964"", ""age"": ""20"", ""gender"": ""female"", ""skinColor"": ""medium"", ""accessories"": ""1"", ""nailPolish"": ""0"", ""aspectOfHand"": ""dorsal right"", ""imageName"": ""Hand_0001964.jpg"", ""irregularities"": ""0""}, ""record2_meta"": {""filename"": ""Hand_0001973"", ""age"": ""20"", ""gender"": ""female"", ""skinColor"": ""medium"", ""accessories"": ""0"", ""nailPolish"": ""0"", ""aspectOfHand"": ""dorsal right"", ""imageName"": ""Hand_0001973.jpg"", ""irregularities"": ""0""}}"
11k_Hands_genuine_222,HandGeometry\Hands\Hand_0010257.jpg,HandGeometry\Hands\Hand_0010259.jpg,handGeometry,True,0000023,0000023,11k_Hands,"{""record1_meta"": {""filename"": ""Hand_0010257"", ""age"": ""23"", ""gender"": ""female"", ""skinColor"": ""medium"", ""accessories"": ""1"", ""nailPolish"": ""0"", ""aspectOfHand"": ""dorsal right"", ""imageName"": ""Hand_0010257.jpg"", ""irregularities"": ""0""}, ""record2_meta"": {""filename"": ""Hand_0010259"", ""age"": ""23"", ""gender"": ""female"", ""skinColor"": ""medium"", ""accessories"": ""1"", ""nailPolish"": ""0"", ""aspectOfHand"": ""dorsal right"", ""imageName"": ""Hand_0010259.jpg"", ""irregularities"": ""0""}}"
11k_Hands_genuine_223,HandGeometry\Hands\Hand_0006176.jpg,HandGeometry\Hands\Hand_0006185.jpg,handGeometry,True,0001037,0001037,11k_Hands,"{""record1_meta"": {""filename"": ""Hand_0006176"", ""age"": ""21"", ""gender"": ""female"", ""skinColor"": ""medium"", ""accessories"": ""0"", ""nailPolish"": ""0"", ""aspectOfHand"": ""dorsal right"", ""imageName"": ""Hand_0006176.jpg"", ""irregularities"": ""0""}, ""record2_meta"": {""filename"": ""Hand_0006185"", ""age"": ""21"", ""gender"": ""female"", ""skinColor"": ""medium"", ""accessories"": ""0"", ""nailPolish"": ""0"", ""aspectOfHand"": ""dorsal right"", ""imageName"": ""Hand_0006185.jpg"", ""irregularities"": ""0""}}"
11k_Hands_genuine_224,HandGeometry\Hands\Hand_0011645.jpg,HandGeometry\Hands\Hand_0011656.jpg,handGeometry,True,0000092,0000092,11k_Hands,"{""record1_meta"": {""filename"": ""Hand_0011645"", ""age"": ""22"", ""gender"": ""female"", ""skinColor"": ""fair"", ""accessories"": ""1"", ""nailPolish"": ""0"", ""aspectOfHand"": ""dorsal left"", ""imageName"": ""Hand_0011645.jpg"", ""irregularities"": ""0""}, ""record2_meta"": {""filename"": ""Hand_0011656"", ""age"": ""22"", ""gender"": ""female"", ""skinColor"": ""fair"", ""accessories"": ""1"", ""nailPolish"": ""0"", ""aspectOfHand"": ""dorsal left"", ""imageName"": ""Hand_0011656.jpg"", ""irregularities"": ""0""}}"
11k_Hands_genuine_225,HandGeometry\Hands\Hand_0001476.jpg,HandGeometry\Hands\Hand_0001493.jpg,handGeometry,True,0001081,0001081,11k_Hands,"{""record1_meta"": {""filename"": ""Hand_0001476"", ""age"": ""21"", ""gender"": ""female"", ""skinColor"": ""medium"", ""accessories"": ""0"", ""nailPolish"": ""0"", ""aspectOfHand"": ""palmar left"", ""imageName"": ""Hand_0001476.jpg"", ""irregularities"": ""0""}, ""record2_meta"": {""filename"": ""Hand_0001493"", ""age"": ""21"", ""gender"": ""female"", ""skinColor"": ""medium"", ""accessories"": ""0"", ""nailPolish"": ""0"", ""aspectOfHand"": ""palmar left"", ""imageName"": ""Hand_0001493.jpg"", ""irregularities"": ""0""}}"
11k_Hands_genuine_226,HandGeometry\Hands\Hand_0010722.jpg,HandGeometry\Hands\Hand_0010798.jpg,handGeometry,True,0001090,0001090,11k_Hands,"{""record1_meta"": {""filename"": ""Hand_0010722"", ""age"": ""22"", ""gender"": ""male"", ""skinColor"": ""fair"", ""accessories"": ""1"", ""nailPolish"": ""0"", ""aspectOfHand"": ""palmar right"", ""imageName"": ""Hand_0010722.jpg"", ""irregularities"": ""0""}, ""record2_meta"": {""filename"": ""Hand_0010798"", ""age"": ""22"", ""gender"": ""male"", ""skinColor"": ""fair"", ""accessories"": ""0"", ""nailPolish"": ""0"", ""aspectOfHand"": ""palmar right"", ""imageName"": ""Hand_0010798.jpg"", ""irregularities"": ""0""}}"
11k_Hands_genuine_227,HandGeometry\Hands\Hand_0006810.jpg,HandGeometry\Hands\Hand_0006817.jpg,handGeometry,True,0001029,0001029,11k_Hands,"{""record1_meta"": {""filename"": ""Hand_0006810"", ""age"": ""21"", ""gender"": ""male"", ""skinColor"": ""fair"", ""accessories"": ""0"", ""nailPolish"": ""0"", ""aspectOfHand"": ""dorsal right"", ""imageName"": ""Hand_0006810.jpg"", ""irregularities"": ""0""}, ""record2_meta"": {""filename"": ""Hand_0006817"", ""age"": ""21"", ""gender"": ""male"", ""skinColor"": ""fair"", ""accessories"": ""0"", ""nailPolish"": ""0"", ""aspectOfHand"": ""dorsal right"", ""imageName"": ""Hand_0006817.jpg"", ""irregularities"": ""0""}}"
11k_Hands_genuine_228,HandGeometry\Hands\Hand_0010762.jpg,HandGeometry\Hands\Hand_0010813.jpg,handGeometry,True,0001090,0001090,11k_Hands,"{""record1_meta"": {""filename"": ""Hand_0010762"", ""age"": ""22"", ""gender"": ""male"", ""skinColor"": ""fair"", ""accessories"": ""1"", ""nailPolish"": ""0"", ""aspectOfHand"": ""palmar left"", ""imageName"": ""Hand_0010762.jpg"", ""irregularities"": ""0""}, ""record2_meta"": {""filename"": ""Hand_0010813"", ""age"": ""22"", ""gender"": ""male"", ""skinColor"": ""fair"", ""accessories"": ""0"", ""nailPolish"": ""0"", ""aspectOfHand"": ""palmar left"", ""imageName"": ""Hand_0010813.jpg"", ""irregularities"": ""0""}}"
11k_Hands_genuine_229,HandGeometry\Hands\Hand_0002468.jpg,HandGeometry\Hands\Hand_0002477.jpg,handGeometry,True,0001537,0001537,11k_Hands,"{""record1_meta"": {""filename"": ""Hand_0002468"", ""age"": ""22"", ""gender"": ""female"", ""skinColor"": ""medium"", ""accessories"": ""1"", ""nailPolish"": ""0"", ""aspectOfHand"": ""dorsal left"", ""imageName"": ""Hand_0002468.jpg"", ""irregularities"": ""0""}, ""record2_meta"": {""filename"": ""Hand_0002477"", ""age"": ""22"", ""gender"": ""female"", ""skinColor"": ""medium"", ""accessories"": ""1"", ""nailPolish"": ""0"", ""aspectOfHand"": ""dorsal left"", ""imageName"": ""Hand_0002477.jpg"", ""irregularities"": ""0""}}"
11k_Hands_genuine_230,HandGeometry\Hands\Hand_0002504.jpg,HandGeometry\Hands\Hand_0002528.jpg,handGeometry,True,0001533,0001533,11k_Hands,"{""record1_meta"": {""filename"": ""Hand_0002504"", ""age"": ""22"", ""gender"": ""female"", ""skinColor"": ""medium"", ""accessories"": ""0"", ""nailPolish"": ""0"", ""aspectOfHand"": ""dorsal right"", ""imageName"": ""Hand_0002504.jpg"", ""irregularities"": ""0""}, ""record2_meta"": {""filename"": ""Hand_0002528"", ""age"": ""22"", ""gender"": ""female"", ""skinColor"": ""medium"", ""accessories"": ""0"", ""nailPolish"": ""0"", ""aspectOfHand"": ""dorsal right"", ""imageName"": ""Hand_0002528.jpg"", ""irregularities"": ""0""}}"
11k_Hands_genuine_231,HandGeometry\Hands\Hand_0008961.jpg,HandGeometry\Hands\Hand_0008965.jpg,handGeometry,True,0000528,0000528,11k_Hands,"{""record1_meta"": {""filename"": ""Hand_0008961"", ""age"": ""22"", ""gender"": ""female"", ""skinColor"": ""medium"", ""accessories"": ""1"", ""nailPolish"": ""0"", ""aspectOfHand"": ""palmar left"", ""imageName"": ""Hand_0008961.jpg"", ""irregularities"": ""0""}, ""record2_meta"": {""filename"": ""Hand_0008965"", ""age"": ""22"", ""gender"": ""female"", ""skinColor"": ""medium"", ""accessories"": ""1"", ""nailPolish"": ""0"", ""aspectOfHand"": ""palmar left"", ""imageName"": ""Hand_0008965.jpg"", ""irregularities"": ""0""}}"
11k_Hands_genuine_232,HandGeometry\Hands\Hand_0006088.jpg,HandGeometry\Hands\Hand_0006090.jpg,handGeometry,True,0001547,0001547,11k_Hands,"{""record1_meta"": {""filename"": ""Hand_0006088"", ""age"": ""21"", ""gender"": ""female"", ""skinColor"": ""fair"", ""accessories"": ""0"", ""nailPolish"": ""0"", ""aspectOfHand"": ""dorsal left"", ""imageName"": ""Hand_0006088.jpg"", ""irregularities"": ""0""}, ""record2_meta"": {""filename"": ""Hand_0006090"", ""age"": ""21"", ""gender"": ""female"", ""skinColor"": ""fair"", ""accessories"": ""0"", ""nailPolish"": ""0"", ""aspectOfHand"": ""dorsal left"", ""imageName"": ""Hand_0006090.jpg"", ""irregularities"": ""0""}}"
11k_Hands_genuine_233,HandGeometry\Hands\Hand_0007059.jpg,HandGeometry\Hands\Hand_0007063.jpg,handGeometry,True,0000509,0000509,11k_Hands,"{""record1_meta"": {""filename"": ""Hand_0007059"", ""age"": ""21"", ""gender"": ""female"", ""skinColor"": ""medium"", ""accessories"": ""1"", ""nailPolish"": ""0"", ""aspectOfHand"": ""palmar left"", ""imageName"": ""Hand_0007059.jpg"", ""irregularities"": ""0""}, ""record2_meta"": {""filename"": ""Hand_0007063"", ""age"": ""21"", ""gender"": ""female"", ""skinColor"": ""medium"", ""accessories"": ""1"", ""nailPolish"": ""0"", ""aspectOfHand"": ""palmar left"", ""imageName"": ""Hand_0007063.jpg"", ""irregularities"": ""0""}}"
11k_Hands_genuine_234,HandGeometry\Hands\Hand_0002780.jpg,HandGeometry\Hands\Hand_0008226.jpg,handGeometry,True,0001024,0001024,11k_Hands,"{""record1_meta"": {""filename"": ""Hand_0002780"", ""age"": ""22"", ""gender"": ""male"", ""skinColor"": ""medium"", ""accessories"": ""0"", ""nailPolish"": ""0"", ""aspectOfHand"": ""dorsal left"", ""imageName"": ""Hand_0002780.jpg"", ""irregularities"": ""0""}, ""record2_meta"": {""filename"": ""Hand_0008226"", ""age"": ""22"", ""gender"": ""male"", ""skinColor"": ""medium"", ""accessories"": ""0"", ""nailPolish"": ""0"", ""aspectOfHand"": ""dorsal left"", ""imageName"": ""Hand_0008226.jpg"", ""irregularities"": ""0""}}"
11k_Hands_genuine_235,HandGeometry\Hands\Hand_0003637.jpg,HandGeometry\Hands\Hand_0003645.jpg,handGeometry,True,0001564,0001564,11k_Hands,"{""record1_meta"": {""filename"": ""Hand_0003637"", ""age"": ""21"", ""gender"": ""female"", ""skinColor"": ""fair"", ""accessories"": ""0"", ""nailPolish"": ""0"", ""aspectOfHand"": ""palmar right"", ""imageName"": ""Hand_0003637.jpg"", ""irregularities"": ""0""}, ""record2_meta"": {""filename"": ""Hand_0003645"", ""age"": ""21"", ""gender"": ""female"", ""skinColor"": ""fair"", ""accessories"": ""0"", ""nailPolish"": ""0"", ""aspectOfHand"": ""palmar right"", ""imageName"": ""Hand_0003645.jpg"", ""irregularities"": ""0""}}"
11k_Hands_genuine_236,HandGeometry\Hands\Hand_0006743.jpg,HandGeometry\Hands\Hand_0006752.jpg,handGeometry,True,0001587,0001587,11k_Hands,"{""record1_meta"": {""filename"": ""Hand_0006743"", ""age"": ""21"", ""gender"": ""male"", ""skinColor"": ""medium"", ""accessories"": ""0"", ""nailPolish"": ""0"", ""aspectOfHand"": ""palmar right"", ""imageName"": ""Hand_0006743.jpg"", ""irregularities"": ""0""}, ""record2_meta"": {""filename"": ""Hand_0006752"", ""age"": ""21"", ""gender"": ""male"", ""skinColor"": ""medium"", ""accessories"": ""0"", ""nailPolish"": ""0"", ""aspectOfHand"": ""palmar right"", ""imageName"": ""Hand_0006752.jpg"", ""irregularities"": ""0""}}"
11k_Hands_genuine_237,HandGeometry\Hands\Hand_0007845.jpg,HandGeometry\Hands\Hand_0007854.jpg,handGeometry,True,0001052,0001052,11k_Hands,"{""record1_meta"": {""filename"": ""Hand_0007845"", ""age"": ""21"", ""gender"": ""female"", ""skinColor"": ""medium"", ""accessories"": ""0"", ""nailPolish"": ""0"", ""aspectOfHand"": ""palmar left"", ""imageName"": ""Hand_0007845.jpg"", ""irregularities"": ""0""}, ""record2_meta"": {""filename"": ""Hand_0007854"", ""age"": ""21"", ""gender"": ""female"", ""skinColor"": ""medium"", ""accessories"": ""0"", ""nailPolish"": ""0"", ""aspectOfHand"": ""palmar left"", ""imageName"": ""Hand_0007854.jpg"", ""irregularities"": ""0""}}"
11k_Hands_genuine_238,HandGeometry\Hands\Hand_0005150.jpg,HandGeometry\Hands\Hand_0005152.jpg,handGeometry,True,0001021,0001021,11k_Hands,"{""record1_meta"": {""filename"": ""Hand_0005150"", ""age"": ""22"", ""gender"": ""male"", ""skinColor"": ""dark"", ""accessories"": ""0"", ""nailPolish"": ""0"", ""aspectOfHand"": ""palmar left"", ""imageName"": ""Hand_0005150.jpg"", ""irregularities"": ""0""}, ""record2_meta"": {""filename"": ""Hand_0005152"", ""age"": ""22"", ""gender"": ""male"", ""skinColor"": ""dark"", ""accessories"": ""0"", ""nailPolish"": ""0"", ""aspectOfHand"": ""palmar left"", ""imageName"": ""Hand_0005152.jpg"", ""irregularities"": ""0""}}"
11k_Hands_genuine_239,HandGeometry\Hands\Hand_0003135.jpg,HandGeometry\Hands\Hand_0003142.jpg,handGeometry,True,0001002,0001002,11k_Hands,"{""record1_meta"": {""filename"": ""Hand_0003135"", ""age"": ""54"", ""gender"": ""male"", ""skinColor"": ""medium"", ""accessories"": ""0"", ""nailPolish"": ""0"", ""aspectOfHand"": ""palmar left"", ""imageName"": ""Hand_0003135.jpg"", ""irregularities"": ""0""}, ""record2_meta"": {""filename"": ""Hand_0003142"", ""age"": ""54"", ""gender"": ""male"", ""skinColor"": ""medium"", ""accessories"": ""0"", ""nailPolish"": ""0"", ""aspectOfHand"": ""palmar left"", ""imageName"": ""Hand_0003142.jpg"", ""irregularities"": ""0""}}"
11k_Hands_genuine_240,HandGeometry\Hands\Hand_0006906.jpg,HandGeometry\Hands\Hand_0006916.jpg,handGeometry,True,0001028,0001028,11k_Hands,"{""record1_meta"": {""filename"": ""Hand_0006906"", ""age"": ""21"", ""gender"": ""male"", ""skinColor"": ""dark"", ""accessories"": ""0"", ""nailPolish"": ""0"", ""aspectOfHand"": ""palmar right"", ""imageName"": ""Hand_0006906.jpg"", ""irregularities"": ""0""}, ""record2_meta"": {""filename"": ""Hand_0006916"", ""age"": ""21"", ""gender"": ""male"", ""skinColor"": ""dark"", ""accessories"": ""0"", ""nailPolish"": ""0"", ""aspectOfHand"": ""palmar right"", ""imageName"": ""Hand_0006916.jpg"", ""irregularities"": ""0""}}"
11k_Hands_genuine_241,HandGeometry\Hands\Hand_0010682.jpg,HandGeometry\Hands\Hand_0010689.jpg,handGeometry,True,0001085,0001085,11k_Hands,"{""record1_meta"": {""filename"": ""Hand_0010682"", ""age"": ""28"", ""gender"": ""male"", ""skinColor"": ""medium"", ""accessories"": ""0"", ""nailPolish"": ""0"", ""aspectOfHand"": ""palmar right"", ""imageName"": ""Hand_0010682.jpg"", ""irregularities"": ""0""}, ""record2_meta"": {""filename"": ""Hand_0010689"", ""age"": ""28"", ""gender"": ""male"", ""skinColor"": ""medium"", ""accessories"": ""0"", ""nailPolish"": ""0"", ""aspectOfHand"": ""palmar right"", ""imageName"": ""Hand_0010689.jpg"", ""irregularities"": ""0""}}"
11k_Hands_genuine_242,HandGeometry\Hands\Hand_0010209.jpg,HandGeometry\Hands\Hand_0010216.jpg,handGeometry,True,0001525,0001525,11k_Hands,"{""record1_meta"": {""filename"": ""Hand_0010209"", ""age"": ""23"", ""gender"": ""female"", ""skinColor"": ""fair"", ""accessories"": ""0"", ""nailPolish"": ""0"", ""aspectOfHand"": ""palmar right"", ""imageName"": ""Hand_0010209.jpg"", ""irregularities"": ""0""}, ""record2_meta"": {""filename"": ""Hand_0010216"", ""age"": ""23"", ""gender"": ""female"", ""skinColor"": ""fair"", ""accessories"": ""0"", ""nailPolish"": ""0"", ""aspectOfHand"": ""palmar right"", ""imageName"": ""Hand_0010216.jpg"", ""irregularities"": ""0""}}"
11k_Hands_genuine_243,HandGeometry\Hands\Hand_0009337.jpg,HandGeometry\Hands\Hand_0009343.jpg,handGeometry,True,1000000,1000000,11k_Hands,"{""record1_meta"": {""filename"": ""Hand_0009337"", ""age"": ""70"", ""gender"": ""male"", ""skinColor"": ""dark"", ""accessories"": ""0"", ""nailPolish"": ""0"", ""aspectOfHand"": ""palmar right"", ""imageName"": ""Hand_0009337.jpg"", ""irregularities"": ""0""}, ""record2_meta"": {""filename"": ""Hand_0009343"", ""age"": ""70"", ""gender"": ""male"", ""skinColor"": ""dark"", ""accessories"": ""0"", ""nailPolish"": ""0"", ""aspectOfHand"": ""palmar right"", ""imageName"": ""Hand_0009343.jpg"", ""irregularities"": ""0""}}"
11k_Hands_genuine_244,HandGeometry\Hands\Hand_0002913.jpg,HandGeometry\Hands\Hand_0002918.jpg,handGeometry,True,0001527,0001527,11k_Hands,"{""record1_meta"": {""filename"": ""Hand_0002913"", ""age"": ""20"", ""gender"": ""female"", ""skinColor"": ""medium"", ""accessories"": ""0"", ""nailPolish"": ""0"", ""aspectOfHand"": ""palmar right"", ""imageName"": ""Hand_0002913.jpg"", ""irregularities"": ""0""}, ""record2_meta"": {""filename"": ""Hand_0002918"", ""age"": ""20"", ""gender"": ""female"", ""skinColor"": ""medium"", ""accessories"": ""0"", ""nailPolish"": ""0"", ""aspectOfHand"": ""palmar right"", ""imageName"": ""Hand_0002918.jpg"", ""irregularities"": ""0""}}"
11k_Hands_genuine_245,HandGeometry\Hands\Hand_0009781.jpg,HandGeometry\Hands\Hand_0009784.jpg,handGeometry,True,9000000,9000000,11k_Hands,"{""record1_meta"": {""filename"": ""Hand_0009781"", ""age"": ""23"", ""gender"": ""male"", ""skinColor"": ""medium"", ""accessories"": ""0"", ""nailPolish"": ""0"", ""aspectOfHand"": ""palmar right"", ""imageName"": ""Hand_0009781.jpg"", ""irregularities"": ""0""}, ""record2_meta"": {""filename"": ""Hand_0009784"", ""age"": ""23"", ""gender"": ""male"", ""skinColor"": ""medium"", ""accessories"": ""0"", ""nailPolish"": ""0"", ""aspectOfHand"": ""palmar right"", ""imageName"": ""Hand_0009784.jpg"", ""irregularities"": ""0""}}"
11k_Hands_genuine_246,HandGeometry\Hands\Hand_0004274.jpg,HandGeometry\Hands\Hand_0004286.jpg,handGeometry,True,0001034,0001034,11k_Hands,"{""record1_meta"": {""filename"": ""Hand_0004274"", ""age"": ""21"", ""gender"": ""female"", ""skinColor"": ""medium"", ""accessories"": ""1"", ""nailPolish"": ""1"", ""aspectOfHand"": ""dorsal left"", ""imageName"": ""Hand_0004274.jpg"", ""irregularities"": ""0""}, ""record2_meta"": {""filename"": ""Hand_0004286"", ""age"": ""21"", ""gender"": ""female"", ""skinColor"": ""medium"", ""accessories"": ""1"", ""nailPolish"": ""1"", ""aspectOfHand"": ""dorsal left"", ""imageName"": ""Hand_0004286.jpg"", ""irregularities"": ""0""}}"
11k_Hands_genuine_247,HandGeometry\Hands\Hand_0004972.jpg,HandGeometry\Hands\Hand_0004977.jpg,handGeometry,True,0001558,0001558,11k_Hands,"{""record1_meta"": {""filename"": ""Hand_0004972"", ""age"": ""21"", ""gender"": ""female"", ""skinColor"": ""medium"", ""accessories"": ""0"", ""nailPolish"": ""0"", ""aspectOfHand"": ""dorsal right"", ""imageName"": ""Hand_0004972.jpg"", ""irregularities"": ""0""}, ""record2_meta"": {""filename"": ""Hand_0004977"", ""age"": ""21"", ""gender"": ""female"", ""skinColor"": ""medium"", ""accessories"": ""0"", ""nailPolish"": ""0"", ""aspectOfHand"": ""dorsal right"", ""imageName"": ""Hand_0004977.jpg"", ""irregularities"": ""0""}}"
11k_Hands_genuine_248,HandGeometry\Hands\Hand_0009006.jpg,HandGeometry\Hands\Hand_0009027.jpg,handGeometry,True,0000596,0000596,11k_Hands,"{""record1_meta"": {""filename"": ""Hand_0009006"", ""age"": ""22"", ""gender"": ""female"", ""skinColor"": ""fair"", ""accessories"": ""1"", ""nailPolish"": ""1"", ""aspectOfHand"": ""dorsal right"", ""imageName"": ""Hand_0009006.jpg"", ""irregularities"": ""0""}, ""record2_meta"": {""filename"": ""Hand_0009027"", ""age"": ""22"", ""gender"": ""female"", ""skinColor"": ""fair"", ""accessories"": ""1"", ""nailPolish"": ""1"", ""aspectOfHand"": ""dorsal right"", ""imageName"": ""Hand_0009027.jpg"", ""irregularities"": ""0""}}"
11k_Hands_genuine_249,HandGeometry\Hands\Hand_0008878.jpg,HandGeometry\Hands\Hand_0008908.jpg,handGeometry,True,0000528,0000528,11k_Hands,"{""record1_meta"": {""filename"": ""Hand_0008878"", ""age"": ""22"", ""gender"": ""female"", ""skinColor"": ""medium"", ""accessories"": ""1"", ""nailPolish"": ""0"", ""aspectOfHand"": ""palmar right"", ""imageName"": ""Hand_0008878.jpg"", ""irregularities"": ""0""}, ""record2_meta"": {""filename"": ""Hand_0008908"", ""age"": ""22"", ""gender"": ""female"", ""skinColor"": ""medium"", ""accessories"": ""1"", ""nailPolish"": ""0"", ""aspectOfHand"": ""palmar right"", ""imageName"": ""Hand_0008908.jpg"", ""irregularities"": ""0""}}"
11k_Hands_impostor_0,HandGeometry\Hands\Hand_0007110.jpg,HandGeometry\Hands\Hand_0001823.jpg,handGeometry,False,0001532,0001520,11k_Hands,"{""record1_meta"": {""filename"": ""Hand_0007110"", ""age"": ""22"", ""gender"": ""female"", ""skinColor"": ""fair"", ""accessories"": ""1"", ""nailPolish"": ""0"", ""aspectOfHand"": ""dorsal right"", ""imageName"": ""Hand_0007110.jpg"", ""irregularities"": ""0""}, ""record2_meta"": {""filename"": ""Hand_0001823"", ""age"": ""36"", ""gender"": ""male"", ""skinColor"": ""medium"", ""accessories"": ""0"", ""nailPolish"": ""0"", ""aspectOfHand"": ""dorsal right"", ""imageName"": ""Hand_0001823.jpg"", ""irregularities"": ""0""}}"
11k_Hands_impostor_1,HandGeometry\Hands\Hand_0002526.jpg,HandGeometry\Hands\Hand_0009141.jpg,handGeometry,False,0001533,0001043,11k_Hands,"{""record1_meta"": {""filename"": ""Hand_0002526"", ""age"": ""22"", ""gender"": ""female"", ""skinColor"": ""medium"", ""accessories"": ""0"", ""nailPolish"": ""0"", ""aspectOfHand"": ""dorsal right"", ""imageName"": ""Hand_0002526.jpg"", ""irregularities"": ""0""}, ""record2_meta"": {""filename"": ""Hand_0009141"", ""age"": ""21"", ""gender"": ""male"", ""skinColor"": ""fair"", ""accessories"": ""0"", ""nailPolish"": ""0"", ""aspectOfHand"": ""dorsal right"", ""imageName"": ""Hand_0009141.jpg"", ""irregularities"": ""0""}}"
11k_Hands_impostor_2,HandGeometry\Hands\Hand_0011084.jpg,HandGeometry\Hands\Hand_0008689.jpg,handGeometry,False,0000539,0000581,11k_Hands,"{""record1_meta"": {""filename"": ""Hand_0011084"", ""age"": ""22"", ""gender"": ""male"", ""skinColor"": ""fair"", ""accessories"": ""0"", ""nailPolish"": ""0"", ""aspectOfHand"": ""palmar left"", ""imageName"": ""Hand_0011084.jpg"", ""irregularities"": ""0""}, ""record2_meta"": {""filename"": ""Hand_0008689"", ""age"": ""21"", ""gender"": ""female"", ""skinColor"": ""fair"", ""accessories"": ""0"", ""nailPolish"": ""0"", ""aspectOfHand"": ""palmar left"", ""imageName"": ""Hand_0008689.jpg"", ""irregularities"": ""0""}}"
11k_Hands_impostor_3,HandGeometry\Hands\Hand_0011156.jpg,HandGeometry\Hands\Hand_0002263.jpg,handGeometry,False,0001011,0001545,11k_Hands,"{""record1_meta"": {""filename"": ""Hand_0011156"", ""age"": ""22"", ""gender"": ""male"", ""skinColor"": ""fair"", ""accessories"": ""1"", ""nailPolish"": ""0"", ""aspectOfHand"": ""dorsal left"", ""imageName"": ""Hand_0011156.jpg"", ""irregularities"": ""0""}, ""record2_meta"": {""filename"": ""Hand_0002263"", ""age"": ""22"", ""gender"": ""female"", ""skinColor"": ""medium"", ""accessories"": ""1"", ""nailPolish"": ""1"", ""aspectOfHand"": ""dorsal left"", ""imageName"": ""Hand_0002263.jpg"", ""irregularities"": ""0""}}"
11k_Hands_impostor_4,HandGeometry\Hands\Hand_0008734.jpg,HandGeometry\Hands\Hand_0007385.jpg,handGeometry,False,0000093,0001543,11k_Hands,"{""record1_meta"": {""filename"": ""Hand_0008734"", ""age"": ""21"", ""gender"": ""female"", ""skinColor"": ""medium"", ""accessories"": ""0"", ""nailPolish"": ""1"", ""aspectOfHand"": ""dorsal left"", ""imageName"": ""Hand_0008734.jpg"", ""irregularities"": ""0""}, ""record2_meta"": {""filename"": ""Hand_0007385"", ""age"": ""21"", ""gender"": ""male"", ""skinColor"": ""medium"", ""accessories"": ""0"", ""nailPolish"": ""0"", ""aspectOfHand"": ""dorsal left"", ""imageName"": ""Hand_0007385.jpg"", ""irregularities"": ""0""}}"
11k_Hands_impostor_5,HandGeometry\Hands\Hand_0009581.jpg,HandGeometry\Hands\Hand_0000504.jpg,handGeometry,False,4000000,0000013,11k_Hands,"{""record1_meta"": {""filename"": ""Hand_0009581"", ""age"": ""19"", ""gender"": ""female"", ""skinColor"": ""fair"", ""accessories"": ""1"", ""nailPolish"": ""0"", ""aspectOfHand"": ""palmar left"", ""imageName"": ""Hand_0009581.jpg"", ""irregularities"": ""0""}, ""record2_meta"": {""filename"": ""Hand_0000504"", ""age"": ""20"", ""gender"": ""female"", ""skinColor"": ""medium"", ""accessories"": ""1"", ""nailPolish"": ""0"", ""aspectOfHand"": ""palmar left"", ""imageName"": ""Hand_0000504.jpg"", ""irregularities"": ""0""}}"
11k_Hands_impostor_6,HandGeometry\Hands\Hand_0000146.jpg,HandGeometry\Hands\Hand_0001552.jpg,handGeometry,False,0000505,0001506,11k_Hands,"{""record1_meta"": {""filename"": ""Hand_0000146"", ""age"": ""21"", ""gender"": ""female"", ""skinColor"": ""medium"", ""accessories"": ""0"", ""nailPolish"": ""0"", ""aspectOfHand"": ""dorsal left"", ""imageName"": ""Hand_0000146.jpg"", ""irregularities"": ""0""}, ""record2_meta"": {""filename"": ""Hand_0001552"", ""age"": ""21"", ""gender"": ""female"", ""skinColor"": ""fair"", ""accessories"": ""0"", ""nailPolish"": ""0"", ""aspectOfHand"": ""dorsal left"", ""imageName"": ""Hand_0001552.jpg"", ""irregularities"": ""0""}}"
11k_Hands_impostor_7,HandGeometry\Hands\Hand_0011369.jpg,HandGeometry\Hands\Hand_0004501.jpg,handGeometry,False,0001531,0001066,11k_Hands,"{""record1_meta"": {""filename"": ""Hand_0011369"", ""age"": ""22"", ""gender"": ""male"", ""skinColor"": ""medium"", ""accessories"": ""0"", ""nailPolish"": ""0"", ""aspectOfHand"": ""dorsal left"", ""imageName"": ""Hand_0011369.jpg"", ""irregularities"": ""0""}, ""record2_meta"": {""filename"": ""Hand_0004501"", ""age"": ""21"", ""gender"": ""female"", ""skinColor"": ""medium"", ""accessories"": ""0"", ""nailPolish"": ""0"", ""aspectOfHand"": ""dorsal left"", ""imageName"": ""Hand_0004501.jpg"", ""irregularities"": ""0""}}"
11k_Hands_impostor_8,HandGeometry\Hands\Hand_0006473.jpg,HandGeometry\Hands\Hand_0003099.jpg,handGeometry,False,0001553,0001002,11k_Hands,"{""record1_meta"": {""filename"": ""Hand_0006473"", ""age"": ""23"", ""gender"": ""female"", ""skinColor"": ""fair"", ""accessories"": ""1"", ""nailPolish"": ""0"", ""aspectOfHand"": ""palmar right"", ""imageName"": ""Hand_0006473.jpg"", ""irregularities"": ""0""}, ""record2_meta"": {""filename"": ""Hand_0003099"", ""age"": ""54"", ""gender"": ""male"", ""skinColor"": ""medium"", ""accessories"": ""0"", ""nailPolish"": ""0"", ""aspectOfHand"": ""palmar right"", ""imageName"": ""Hand_0003099.jpg"", ""irregularities"": ""0""}}"
11k_Hands_impostor_9,HandGeometry\Hands\Hand_0009188.jpg,HandGeometry\Hands\Hand_0011478.jpg,handGeometry,False,0001009,0001003,11k_Hands,"{""record1_meta"": {""filename"": ""Hand_0009188"", ""age"": ""23"", ""gender"": ""male"", ""skinColor"": ""medium"", ""accessories"": ""0"", ""nailPolish"": ""0"", ""aspectOfHand"": ""dorsal left"", ""imageName"": ""Hand_0009188.jpg"", ""irregularities"": ""0""}, ""record2_meta"": {""filename"": ""Hand_0011478"", ""age"": ""21"", ""gender"": ""male"", ""skinColor"": ""medium"", ""accessories"": ""0"", ""nailPolish"": ""0"", ""aspectOfHand"": ""dorsal left"", ""imageName"": ""Hand_0011478.jpg"", ""irregularities"": ""0""}}"
11k_Hands_impostor_10,HandGeometry\Hands\Hand_0003396.jpg,HandGeometry\Hands\Hand_0001907.jpg,handGeometry,False,0001018,0001503,11k_Hands,"{""record1_meta"": {""filename"": ""Hand_0003396"", ""age"": ""21"", ""gender"": ""female"", ""skinColor"": ""fair"", ""accessories"": ""1"", ""nailPolish"": ""1"", ""aspectOfHand"": ""dorsal right"", ""imageName"": ""Hand_0003396.jpg"", ""irregularities"": ""0""}, ""record2_meta"": {""filename"": ""Hand_0001907"", ""age"": ""21"", ""gender"": ""female"", ""skinColor"": ""fair"", ""accessories"": ""0"", ""nailPolish"": ""0"", ""aspectOfHand"": ""dorsal right"", ""imageName"": ""Hand_0001907.jpg"", ""irregularities"": ""0""}}"
11k_Hands_impostor_11,HandGeometry\Hands\Hand_0001072.jpg,HandGeometry\Hands\Hand_0008299.jpg,handGeometry,False,0000053,0001014,11k_Hands,"{""record1_meta"": {""filename"": ""Hand_0001072"", ""age"": ""29"", ""gender"": ""male"", ""skinColor"": ""fair"", ""accessories"": ""0"", ""nailPolish"": ""0"", ""aspectOfHand"": ""dorsal left"", ""imageName"": ""Hand_0001072.jpg"", ""irregularities"": ""0""}, ""record2_meta"": {""filename"": ""Hand_0008299"", ""age"": ""22"", ""gender"": ""female"", ""skinColor"": ""medium"", ""accessories"": ""0"", ""nailPolish"": ""0"", ""aspectOfHand"": ""dorsal left"", ""imageName"": ""Hand_0008299.jpg"", ""irregularities"": ""0""}}"
11k_Hands_impostor_12,HandGeometry\Hands\Hand_0009332.jpg,HandGeometry\Hands\Hand_0003618.jpg,handGeometry,False,1000000,0001564,11k_Hands,"{""record1_meta"": {""filename"": ""Hand_0009332"", ""age"": ""70"", ""gender"": ""male"", ""skinColor"": ""dark"", ""accessories"": ""0"", ""nailPolish"": ""0"", ""aspectOfHand"": ""dorsal right"", ""imageName"": ""Hand_0009332.jpg"", ""irregularities"": ""1""}, ""record2_meta"": {""filename"": ""Hand_0003618"", ""age"": ""21"", ""gender"": ""female"", ""skinColor"": ""fair"", ""accessories"": ""0"", ""nailPolish"": ""0"", ""aspectOfHand"": ""dorsal right"", ""imageName"": ""Hand_0003618.jpg"", ""irregularities"": ""0""}}"
11k_Hands_impostor_13,HandGeometry\Hands\Hand_0009485.jpg,HandGeometry\Hands\Hand_0002563.jpg,handGeometry,False,2000000,0001533,11k_Hands,"{""record1_meta"": {""filename"": ""Hand_0009485"", ""age"": ""75"", ""gender"": ""female"", ""skinColor"": ""dark"", ""accessories"": ""0"", ""nailPolish"": ""0"", ""aspectOfHand"": ""palmar right"", ""imageName"": ""Hand_0009485.jpg"", ""irregularities"": ""0""}, ""record2_meta"": {""filename"": ""Hand_0002563"", ""age"": ""22"", ""gender"": ""female"", ""skinColor"": ""medium"", ""accessories"": ""0"", ""nailPolish"": ""0"", ""aspectOfHand"": ""palmar right"", ""imageName"": ""Hand_0002563.jpg"", ""irregularities"": ""0""}}"
11k_Hands_impostor_14,HandGeometry\Hands\Hand_0011462.jpg,HandGeometry\Hands\Hand_0004342.jpg,handGeometry,False,0001003,0001035,11k_Hands,"{""record1_meta"": {""filename"": ""Hand_0011462"", ""age"": ""21"", ""gender"": ""male"", ""skinColor"": ""medium"", ""accessories"": ""0"", ""nailPolish"": ""0"", ""aspectOfHand"": ""palmar right"", ""imageName"": ""Hand_0011462.jpg"", ""irregularities"": ""0""}, ""record2_meta"": {""filename"": ""Hand_0004342"", ""age"": ""21"", ""gender"": ""female"", ""skinColor"": ""fair"", ""accessories"": ""1"", ""nailPolish"": ""0"", ""aspectOfHand"": ""palmar right"", ""imageName"": ""Hand_0004342.jpg"", ""irregularities"": ""0""}}"
11k_Hands_impostor_15,HandGeometry\Hands\Hand_0000133.jpg,HandGeometry\Hands\Hand_0004805.jpg,handGeometry,False,0000505,0001050,11k_Hands,"{""record1_meta"": {""filename"": ""Hand_0000133"", ""age"": ""21"", ""gender"": ""female"", ""skinColor"": ""medium"", ""accessories"": ""0"", ""nailPolish"": ""0"", ""aspectOfHand"": ""dorsal right"", ""imageName"": ""Hand_0000133.jpg"", ""irregularities"": ""0""}, ""record2_meta"": {""filename"": ""Hand_0004805"", ""age"": ""20"", ""gender"": ""female"", ""skinColor"": ""medium"", ""accessories"": ""0"", ""nailPolish"": ""1"", ""aspectOfHand"": ""dorsal right"", ""imageName"": ""Hand_0004805.jpg"", ""irregularities"": ""0""}}"
11k_Hands_impostor_16,HandGeometry\Hands\Hand_0002278.jpg,HandGeometry\Hands\Hand_0006107.jpg,handGeometry,False,0001545,0001547,11k_Hands,"{""record1_meta"": {""filename"": ""Hand_0002278"", ""age"": ""22"", ""gender"": ""female"", ""skinColor"": ""medium"", ""accessories"": ""1"", ""nailPolish"": ""1"", ""aspectOfHand"": ""dorsal left"", ""imageName"": ""Hand_0002278.jpg"", ""irregularities"": ""0""}, ""record2_meta"": {""filename"": ""Hand_0006107"", ""age"": ""21"", ""gender"": ""female"", ""skinColor"": ""fair"", ""accessories"": ""0"", ""nailPolish"": ""0"", ""aspectOfHand"": ""dorsal left"", ""imageName"": ""Hand_0006107.jpg"", ""irregularities"": ""0""}}"
11k_Hands_impostor_17,HandGeometry\Hands\Hand_0002056.jpg,HandGeometry\Hands\Hand_0002244.jpg,handGeometry,False,0001555,0001545,11k_Hands,"{""record1_meta"": {""filename"": ""Hand_0002056"", ""age"": ""25"", ""gender"": ""male"", ""skinColor"": ""medium"", ""accessories"": ""0"", ""nailPolish"": ""0"", ""aspectOfHand"": ""palmar right"", ""imageName"": ""Hand_0002056.jpg"", ""irregularities"": ""0""}, ""record2_meta"": {""filename"": ""Hand_0002244"", ""age"": ""22"", ""gender"": ""female"", ""skinColor"": ""medium"", ""accessories"": ""1"", ""nailPolish"": ""0"", ""aspectOfHand"": ""palmar right"", ""imageName"": ""Hand_0002244.jpg"", ""irregularities"": ""0""}}"
11k_Hands_impostor_18,HandGeometry\Hands\Hand_0000552.jpg,HandGeometry\Hands\Hand_0010045.jpg,handGeometry,False,0000011,0000066,11k_Hands,"{""record1_meta"": {""filename"": ""Hand_0000552"", ""age"": ""20"", ""gender"": ""female"", ""skinColor"": ""medium"", ""accessories"": ""0"", ""nailPolish"": ""0"", ""aspectOfHand"": ""palmar right"", ""imageName"": ""Hand_0000552.jpg"", ""irregularities"": ""0""}, ""record2_meta"": {""filename"": ""Hand_0010045"", ""age"": ""26"", ""gender"": ""male"", ""skinColor"": ""fair"", ""accessories"": ""0"", ""nailPolish"": ""0"", ""aspectOfHand"": ""palmar right"", ""imageName"": ""Hand_0010045.jpg"", ""irregularities"": ""0""}}"
11k_Hands_impostor_19,HandGeometry\Hands\Hand_0003495.jpg,HandGeometry\Hands\Hand_0004112.jpg,handGeometry,False,0001036,0001013,11k_Hands,"{""record1_meta"": {""filename"": ""Hand_0003495"", ""age"": ""21"", ""gender"": ""female"", ""skinColor"": ""fair"", ""accessories"": ""1"", ""nailPolish"": ""1"", ""aspectOfHand"": ""dorsal left"", ""imageName"": ""Hand_0003495.jpg"", ""irregularities"": ""0""}, ""record2_meta"": {""filename"": ""Hand_0004112"", ""age"": ""21"", ""gender"": ""male"", ""skinColor"": ""fair"", ""accessories"": ""0"", ""nailPolish"": ""0"", ""aspectOfHand"": ""dorsal left"", ""imageName"": ""Hand_0004112.jpg"", ""irregularities"": ""0""}}"
11k_Hands_impostor_20,HandGeometry\Hands\Hand_0011419.jpg,HandGeometry\Hands\Hand_0000514.jpg,handGeometry,False,0000595,0000013,11k_Hands,"{""record1_meta"": {""filename"": ""Hand_0011419"", ""age"": ""21"", ""gender"": ""female"", ""skinColor"": ""medium"", ""accessories"": ""1"", ""nailPolish"": ""0"", ""aspectOfHand"": ""palmar right"", ""imageName"": ""Hand_0011419.jpg"", ""irregularities"": ""0""}, ""record2_meta"": {""filename"": ""Hand_0000514"", ""age"": ""20"", ""gender"": ""female"", ""skinColor"": ""medium"", ""accessories"": ""0"", ""nailPolish"": ""0"", ""aspectOfHand"": ""palmar right"", ""imageName"": ""Hand_0000514.jpg"", ""irregularities"": ""0""}}"
11k_Hands_impostor_21,HandGeometry\Hands\Hand_0011404.jpg,HandGeometry\Hands\Hand_0000180.jpg,handGeometry,False,0000595,0001585,11k_Hands,"{""record1_meta"": {""filename"": ""Hand_0011404"", ""age"": ""21"", ""gender"": ""female"", ""skinColor"": ""medium"", ""accessories"": ""1"", ""nailPolish"": ""1"", ""aspectOfHand"": ""dorsal right"", ""imageName"": ""Hand_0011404.jpg"", ""irregularities"": ""0""}, ""record2_meta"": {""filename"": ""Hand_0000180"", ""age"": ""20"", ""gender"": ""female"", ""skinColor"": ""fair"", ""accessories"": ""0"", ""nailPolish"": ""0"", ""aspectOfHand"": ""dorsal right"", ""imageName"": ""Hand_0000180.jpg"", ""irregularities"": ""0""}}"
11k_Hands_impostor_22,HandGeometry\Hands\Hand_0002239.jpg,HandGeometry\Hands\Hand_0001636.jpg,handGeometry,False,0001545,0000504,11k_Hands,"{""record1_meta"": {""filename"": ""Hand_0002239"", ""age"": ""22"", ""gender"": ""female"", ""skinColor"": ""medium"", ""accessories"": ""1"", ""nailPolish"": ""0"", ""aspectOfHand"": ""palmar right"", ""imageName"": ""Hand_0002239.jpg"", ""irregularities"": ""0""}, ""record2_meta"": {""filename"": ""Hand_0001636"", ""age"": ""22"", ""gender"": ""female"", ""skinColor"": ""fair"", ""accessories"": ""0"", ""nailPolish"": ""0"", ""aspectOfHand"": ""palmar right"", ""imageName"": ""Hand_0001636.jpg"", ""irregularities"": ""0""}}"
11k_Hands_impostor_23,HandGeometry\Hands\Hand_0001013.jpg,HandGeometry\Hands\Hand_0010786.jpg,handGeometry,False,0000028,0001090,11k_Hands,"{""record1_meta"": {""filename"": ""Hand_0001013"", ""age"": ""30"", ""gender"": ""male"", ""skinColor"": ""dark"", ""accessories"": ""0"", ""nailPolish"": ""0"", ""aspectOfHand"": ""dorsal right"", ""imageName"": ""Hand_0001013.jpg"", ""irregularities"": ""0""}, ""record2_meta"": {""filename"": ""Hand_0010786"", ""age"": ""22"", ""gender"": ""male"", ""skinColor"": ""fair"", ""accessories"": ""0"", ""nailPolish"": ""0"", ""aspectOfHand"": ""dorsal right"", ""imageName"": ""Hand_0010786.jpg"", ""irregularities"": ""0""}}"
11k_Hands_impostor_24,HandGeometry\Hands\Hand_0009582.jpg,HandGeometry\Hands\Hand_0009132.jpg,handGeometry,False,4000000,0000538,11k_Hands,"{""record1_meta"": {""filename"": ""Hand_0009582"", ""age"": ""19"", ""gender"": ""female"", ""skinColor"": ""fair"", ""accessories"": ""1"", ""nailPolish"": ""0"", ""aspectOfHand"": ""palmar left"", ""imageName"": ""Hand_0009582.jpg"", ""irregularities"": ""0""}, ""record2_meta"": {""filename"": ""Hand_0009132"", ""age"": ""21"", ""gender"": ""female"", ""skinColor"": ""medium"", ""accessories"": ""1"", ""nailPolish"": ""0"", ""aspectOfHand"": ""palmar left"", ""imageName"": ""Hand_0009132.jpg"", ""irregularities"": ""0""}}"
11k_Hands_impostor_25,HandGeometry\Hands\Hand_0010998.jpg,HandGeometry\Hands\Hand_0010554.jpg,handGeometry,False,0001060,0000506,11k_Hands,"{""record1_meta"": {""filename"": ""Hand_0010998"", ""age"": ""23"", ""gender"": ""male"", ""skinColor"": ""medium"", ""accessories"": ""0"", ""nailPolish"": ""0"", ""aspectOfHand"": ""dorsal left"", ""imageName"": ""Hand_0010998.jpg"", ""irregularities"": ""0""}, ""record2_meta"": {""filename"": ""Hand_0010554"", ""age"": ""22"", ""gender"": ""male"", ""skinColor"": ""medium"", ""accessories"": ""0"", ""nailPolish"": ""0"", ""aspectOfHand"": ""dorsal left"", ""imageName"": ""Hand_0010554.jpg"", ""irregularities"": ""0""}}"
11k_Hands_impostor_26,HandGeometry\Hands\Hand_0007257.jpg,HandGeometry\Hands\Hand_0001472.jpg,handGeometry,False,0000534,0001081,11k_Hands,"{""record1_meta"": {""filename"": ""Hand_0007257"", ""age"": ""22"", ""gender"": ""female"", ""skinColor"": ""very fair"", ""accessories"": ""1"", ""nailPolish"": ""0"", ""aspectOfHand"": ""palmar left"", ""imageName"": ""Hand_0007257.jpg"", ""irregularities"": ""0""}, ""record2_meta"": {""filename"": ""Hand_0001472"", ""age"": ""21"", ""gender"": ""female"", ""skinColor"": ""medium"", ""accessories"": ""0"", ""nailPolish"": ""0"", ""aspectOfHand"": ""palmar left"", ""imageName"": ""Hand_0001472.jpg"", ""irregularities"": ""0""}}"
11k_Hands_impostor_27,HandGeometry\Hands\Hand_0000829.jpg,HandGeometry\Hands\Hand_0001207.jpg,handGeometry,False,0000061,0001069,11k_Hands,"{""record1_meta"": {""filename"": ""Hand_0000829"", ""age"": ""21"", ""gender"": ""female"", ""skinColor"": ""medium"", ""accessories"": ""0"", ""nailPolish"": ""0"", ""aspectOfHand"": ""dorsal right"", ""imageName"": ""Hand_0000829.jpg"", ""irregularities"": ""0""}, ""record2_meta"": {""filename"": ""Hand_0001207"", ""age"": ""20"", ""gender"": ""female"", ""skinColor"": ""medium"", ""accessories"": ""0"", ""nailPolish"": ""0"", ""aspectOfHand"": ""dorsal right"", ""imageName"": ""Hand_0001207.jpg"", ""irregularities"": ""0""}}"
11k_Hands_impostor_28,HandGeometry\Hands\Hand_0010184.jpg,HandGeometry\Hands\Hand_0006445.jpg,handGeometry,False,0000507,0001553,11k_Hands,"{""record1_meta"": {""filename"": ""Hand_0010184"", ""age"": ""21"", ""gender"": ""female"", ""skinColor"": ""dark"", ""accessories"": ""0"", ""nailPolish"": ""0"", ""aspectOfHand"": ""palmar left"", ""imageName"": ""Hand_0010184.jpg"", ""irregularities"": ""0""}, ""record2_meta"": {""filename"": ""Hand_0006445"", ""age"": ""23"", ""gender"": ""female"", ""skinColor"": ""fair"", ""accessories"": ""1"", ""nailPolish"": ""0"", ""aspectOfHand"": ""palmar left"", ""imageName"": ""Hand_0006445.jpg"", ""irregularities"": ""0""}}"
11k_Hands_impostor_29,HandGeometry\Hands\Hand_0005740.jpg,HandGeometry\Hands\Hand_0011693.jpg,handGeometry,False,0001557,0001589,11k_Hands,"{""record1_meta"": {""filename"": ""Hand_0005740"", ""age"": ""21"", ""gender"": ""female"", ""skinColor"": ""medium"", ""accessories"": ""1"", ""nailPolish"": ""0"", ""aspectOfHand"": ""dorsal right"", ""imageName"": ""Hand_0005740.jpg"", ""irregularities"": ""0""}, ""record2_meta"": {""filename"": ""Hand_0011693"", ""age"": ""22"", ""gender"": ""female"", ""skinColor"": ""fair"", ""accessories"": ""0"", ""nailPolish"": ""1"", ""aspectOfHand"": ""dorsal right"", ""imageName"": ""Hand_0011693.jpg"", ""irregularities"": ""0""}}"
11k_Hands_impostor_30,HandGeometry\Hands\Hand_0000123.jpg,HandGeometry\Hands\Hand_0009750.jpg,handGeometry,False,0000065,8000000,11k_Hands,"{""record1_meta"": {""filename"": ""Hand_0000123"", ""age"": ""20"", ""gender"": ""female"", ""skinColor"": ""dark"", ""accessories"": ""0"", ""nailPolish"": ""1"", ""aspectOfHand"": ""dorsal left"", ""imageName"": ""Hand_0000123.jpg"", ""irregularities"": ""0""}, ""record2_meta"": {""filename"": ""Hand_0009750"", ""age"": ""21"", ""gender"": ""male"", ""skinColor"": ""medium"", ""accessories"": ""0"", ""nailPolish"": ""0"", ""aspectOfHand"": ""dorsal left"", ""imageName"": ""Hand_0009750.jpg"", ""irregularities"": ""0""}}"
11k_Hands_impostor_31,HandGeometry\Hands\Hand_0011210.jpg,HandGeometry\Hands\Hand_0000249.jpg,handGeometry,False,0001088,0000008,11k_Hands,"{""record1_meta"": {""filename"": ""Hand_0011210"", ""age"": ""22"", ""gender"": ""male"", ""skinColor"": ""medium"", ""accessories"": ""0"", ""nailPolish"": ""0"", ""aspectOfHand"": ""dorsal left"", ""imageName"": ""Hand_0011210.jpg"", ""irregularities"": ""0""}, ""record2_meta"": {""filename"": ""Hand_0000249"", ""age"": ""21"", ""gender"": ""female"", ""skinColor"": ""medium"", ""accessories"": ""0"", ""nailPolish"": ""0"", ""aspectOfHand"": ""dorsal left"", ""imageName"": ""Hand_0000249.jpg"", ""irregularities"": ""0""}}"
11k_Hands_impostor_32,HandGeometry\Hands\Hand_0001705.jpg,HandGeometry\Hands\Hand_0009878.jpg,handGeometry,False,0001519,1200000,11k_Hands,"{""record1_meta"": {""filename"": ""Hand_0001705"", ""age"": ""20"", ""gender"": ""male"", ""skinColor"": ""medium"", ""accessories"": ""0"", ""nailPolish"": ""0"", ""aspectOfHand"": ""dorsal left"", ""imageName"": ""Hand_0001705.jpg"", ""irregularities"": ""0""}, ""record2_meta"": {""filename"": ""Hand_0009878"", ""age"": ""23"", ""gender"": ""male"", ""skinColor"": ""medium"", ""accessories"": ""1"", ""nailPolish"": ""0"", ""aspectOfHand"": ""dorsal left"", ""imageName"": ""Hand_0009878.jpg"", ""irregularities"": ""0""}}"
11k_Hands_impostor_33,HandGeometry\Hands\Hand_0001493.jpg,HandGeometry\Hands\Hand_0003323.jpg,handGeometry,False,0001081,0001026,11k_Hands,"{""record1_meta"": {""filename"": ""Hand_0001493"", ""age"": ""21"", ""gender"": ""female"", ""skinColor"": ""medium"", ""accessories"": ""0"", ""nailPolish"": ""0"", ""aspectOfHand"": ""palmar left"", ""imageName"": ""Hand_0001493.jpg"", ""irregularities"": ""0""}, ""record2_meta"": {""filename"": ""Hand_0003323"", ""age"": ""21"", ""gender"": ""female"", ""skinColor"": ""fair"", ""accessories"": ""0"", ""nailPolish"": ""0"", ""aspectOfHand"": ""palmar left"", ""imageName"": ""Hand_0003323.jpg"", ""irregularities"": ""0""}}"
11k_Hands_impostor_34,HandGeometry\Hands\Hand_0009197.jpg,HandGeometry\Hands\Hand_0001088.jpg,handGeometry,False,0001009,0000053,11k_Hands,"{""record1_meta"": {""filename"": ""Hand_0009197"", ""age"": ""23"", ""gender"": ""male"", ""skinColor"": ""medium"", ""accessories"": ""0"", ""nailPolish"": ""0"", ""aspectOfHand"": ""palmar left"", ""imageName"": ""Hand_0009197.jpg"", ""irregularities"": ""0""}, ""record2_meta"": {""filename"": ""Hand_0001088"", ""age"": ""29"", ""gender"": ""male"", ""skinColor"": ""fair"", ""accessories"": ""0"", ""nailPolish"": ""0"", ""aspectOfHand"": ""palmar left"", ""imageName"": ""Hand_0001088.jpg"", ""irregularities"": ""0""}}"
11k_Hands_impostor_35,HandGeometry\Hands\Hand_0007953.jpg,HandGeometry\Hands\Hand_0006825.jpg,handGeometry,False,0001597,0001029,11k_Hands,"{""record1_meta"": {""filename"": ""Hand_0007953"", ""age"": ""21"", ""gender"": ""female"", ""skinColor"": ""medium"", ""accessories"": ""0"", ""nailPolish"": ""0"", ""aspectOfHand"": ""palmar right"", ""imageName"": ""Hand_0007953.jpg"", ""irregularities"": ""0""}, ""record2_meta"": {""filename"": ""Hand_0006825"", ""age"": ""21"", ""gender"": ""male"", ""skinColor"": ""fair"", ""accessories"": ""0"", ""nailPolish"": ""0"", ""aspectOfHand"": ""palmar right"", ""imageName"": ""Hand_0006825.jpg"", ""irregularities"": ""0""}}"
11k_Hands_impostor_36,HandGeometry\Hands\Hand_0010423.jpg,HandGeometry\Hands\Hand_0003323.jpg,handGeometry,False,0001594,0001026,11k_Hands,"{""record1_meta"": {""filename"": ""Hand_0010423"", ""age"": ""23"", ""gender"": ""male"", ""skinColor"": ""medium"", ""accessories"": ""0"", ""nailPolish"": ""0"", ""aspectOfHand"": ""palmar left"", ""imageName"": ""Hand_0010423.jpg"", ""irregularities"": ""0""}, ""record2_meta"": {""filename"": ""Hand_0003323"", ""age"": ""21"", ""gender"": ""female"", ""skinColor"": ""fair"", ""accessories"": ""0"", ""nailPolish"": ""0"", ""aspectOfHand"": ""palmar left"", ""imageName"": ""Hand_0003323.jpg"", ""irregularities"": ""0""}}"
11k_Hands_impostor_37,HandGeometry\Hands\Hand_0001461.jpg,HandGeometry\Hands\Hand_0009164.jpg,handGeometry,False,0001081,0001043,11k_Hands,"{""record1_meta"": {""filename"": ""Hand_0001461"", ""age"": ""21"", ""gender"": ""female"", ""skinColor"": ""medium"", ""accessories"": ""0"", ""nailPolish"": ""0"", ""aspectOfHand"": ""dorsal left"", ""imageName"": ""Hand_0001461.jpg"", ""irregularities"": ""0""}, ""record2_meta"": {""filename"": ""Hand_0009164"", ""age"": ""21"", ""gender"": ""male"", ""skinColor"": ""fair"", ""accessories"": ""0"", ""nailPolish"": ""0"", ""aspectOfHand"": ""dorsal left"", ""imageName"": ""Hand_0009164.jpg"", ""irregularities"": ""0""}}"
11k_Hands_impostor_38,HandGeometry\Hands\Hand_0008353.jpg,HandGeometry\Hands\Hand_0010947.jpg,handGeometry,False,0000546,0000524,11k_Hands,"{""record1_meta"": {""filename"": ""Hand_0008353"", ""age"": ""22"", ""gender"": ""female"", ""skinColor"": ""medium"", ""accessories"": ""0"", ""nailPolish"": ""0"", ""aspectOfHand"": ""palmar left"", ""imageName"": ""Hand_0008353.jpg"", ""irregularities"": ""0""}, ""record2_meta"": {""filename"": ""Hand_0010947"", ""age"": ""23"", ""gender"": ""male"", ""skinColor"": ""medium"", ""accessories"": ""0"", ""nailPolish"": ""0"", ""aspectOfHand"": ""palmar left"", ""imageName"": ""Hand_0010947.jpg"", ""irregularities"": ""0""}}"
11k_Hands_impostor_39,HandGeometry\Hands\Hand_0007914.jpg,HandGeometry\Hands\Hand_0002032.jpg,handGeometry,False,0001539,0000086,11k_Hands,"{""record1_meta"": {""filename"": ""Hand_0007914"", ""age"": ""21"", ""gender"": ""female"", ""skinColor"": ""medium"", ""accessories"": ""0"", ""nailPolish"": ""0"", ""aspectOfHand"": ""palmar left"", ""imageName"": ""Hand_0007914.jpg"", ""irregularities"": ""0""}, ""record2_meta"": {""filename"": ""Hand_0002032"", ""age"": ""21"", ""gender"": ""female"", ""skinColor"": ""fair"", ""accessories"": ""0"", ""nailPolish"": ""0"", ""aspectOfHand"": ""palmar left"", ""imageName"": ""Hand_0002032.jpg"", ""irregularities"": ""0""}}"
11k_Hands_impostor_40,HandGeometry\Hands\Hand_0002920.jpg,HandGeometry\Hands\Hand_0001293.jpg,handGeometry,False,0001527,0000010,11k_Hands,"{""record1_meta"": {""filename"": ""Hand_0002920"", ""age"": ""20"", ""gender"": ""female"", ""skinColor"": ""medium"", ""accessories"": ""0"", ""nailPolish"": ""0"", ""aspectOfHand"": ""palmar right"", ""imageName"": ""Hand_0002920.jpg"", ""irregularities"": ""0""}, ""record2_meta"": {""filename"": ""Hand_0001293"", ""age"": ""21"", ""gender"": ""female"", ""skinColor"": ""medium"", ""accessories"": ""1"", ""nailPolish"": ""0"", ""aspectOfHand"": ""palmar right"", ""imageName"": ""Hand_0001293.jpg"", ""irregularities"": ""0""}}"
11k_Hands_impostor_41,HandGeometry\Hands\Hand_0001777.jpg,HandGeometry\Hands\Hand_0011369.jpg,handGeometry,False,0001518,0001531,11k_Hands,"{""record1_meta"": {""filename"": ""Hand_0001777"", ""age"": ""43"", ""gender"": ""male"", ""skinColor"": ""fair"", ""accessories"": ""0"", ""nailPolish"": ""0"", ""aspectOfHand"": ""dorsal left"", ""imageName"": ""Hand_0001777.jpg"", ""irregularities"": ""0""}, ""record2_meta"": {""filename"": ""Hand_0011369"", ""age"": ""22"", ""gender"": ""male"", ""skinColor"": ""medium"", ""accessories"": ""0"", ""nailPolish"": ""0"", ""aspectOfHand"": ""dorsal left"", ""imageName"": ""Hand_0011369.jpg"", ""irregularities"": ""0""}}"
11k_Hands_impostor_42,HandGeometry\Hands\Hand_0007288.jpg,HandGeometry\Hands\Hand_0004656.jpg,handGeometry,False,0001562,0001033,11k_Hands,"{""record1_meta"": {""filename"": ""Hand_0007288"", ""age"": ""23"", ""gender"": ""female"", ""skinColor"": ""fair"", ""accessories"": ""0"", ""nailPolish"": ""0"", ""aspectOfHand"": ""palmar left"", ""imageName"": ""Hand_0007288.jpg"", ""irregularities"": ""0""}, ""record2_meta"": {""filename"": ""Hand_0004656"", ""age"": ""20"", ""gender"": ""female"", ""skinColor"": ""medium"", ""accessories"": ""0"", ""nailPolish"": ""0"", ""aspectOfHand"": ""palmar left"", ""imageName"": ""Hand_0004656.jpg"", ""irregularities"": ""0""}}"
11k_Hands_impostor_43,HandGeometry\Hands\Hand_0000778.jpg,HandGeometry\Hands\Hand_0002458.jpg,handGeometry,False,0000570,0001537,11k_Hands,"{""record1_meta"": {""filename"": ""Hand_0000778"", ""age"": ""21"", ""gender"": ""female"", ""skinColor"": ""medium"", ""accessories"": ""0"", ""nailPolish"": ""0"", ""aspectOfHand"": ""dorsal right"", ""imageName"": ""Hand_0000778.jpg"", ""irregularities"": ""1""}, ""record2_meta"": {""filename"": ""Hand_0002458"", ""age"": ""22"", ""gender"": ""female"", ""skinColor"": ""medium"", ""accessories"": ""0"", ""nailPolish"": ""0"", ""aspectOfHand"": ""dorsal right"", ""imageName"": ""Hand_0002458.jpg"", ""irregularities"": ""0""}}"
11k_Hands_impostor_44,HandGeometry\Hands\Hand_0003098.jpg,HandGeometry\Hands\Hand_0008852.jpg,handGeometry,False,0001002,0000528,11k_Hands,"{""record1_meta"": {""filename"": ""Hand_0003098"", ""age"": ""54"", ""gender"": ""male"", ""skinColor"": ""medium"", ""accessories"": ""0"", ""nailPolish"": ""0"", ""aspectOfHand"": ""dorsal right"", ""imageName"": ""Hand_0003098.jpg"", ""irregularities"": ""0""}, ""record2_meta"": {""filename"": ""Hand_0008852"", ""age"": ""22"", ""gender"": ""female"", ""skinColor"": ""medium"", ""accessories"": ""1"", ""nailPolish"": ""1"", ""aspectOfHand"": ""dorsal right"", ""imageName"": ""Hand_0008852.jpg"", ""irregularities"": ""0""}}"
11k_Hands_impostor_45,HandGeometry\Hands\Hand_0003718.jpg,HandGeometry\Hands\Hand_0007878.jpg,handGeometry,False,0001569,0001539,11k_Hands,"{""record1_meta"": {""filename"": ""Hand_0003718"", ""age"": ""21"", ""gender"": ""female"", ""skinColor"": ""medium"", ""accessories"": ""0"", ""nailPolish"": ""0"", ""aspectOfHand"": ""palmar right"", ""imageName"": ""Hand_0003718.jpg"", ""irregularities"": ""0""}, ""record2_meta"": {""filename"": ""Hand_0007878"", ""age"": ""21"", ""gender"": ""female"", ""skinColor"": ""medium"", ""accessories"": ""1"", ""nailPolish"": ""0"", ""aspectOfHand"": ""palmar right"", ""imageName"": ""Hand_0007878.jpg"", ""irregularities"": ""0""}}"
11k_Hands_impostor_46,HandGeometry\Hands\Hand_0000175.jpg,HandGeometry\Hands\Hand_0001387.jpg,handGeometry,False,0000594,0000041,11k_Hands,"{""record1_meta"": {""filename"": ""Hand_0000175"", ""age"": ""20"", ""gender"": ""female"", ""skinColor"": ""medium"", ""accessories"": ""0"", ""nailPolish"": ""0"", ""aspectOfHand"": ""palmar right"", ""imageName"": ""Hand_0000175.jpg"", ""irregularities"": ""0""}, ""record2_meta"": {""filename"": ""Hand_0001387"", ""age"": ""20"", ""gender"": ""female"", ""skinColor"": ""medium"", ""accessories"": ""1"", ""nailPolish"": ""0"", ""aspectOfHand"": ""palmar right"", ""imageName"": ""Hand_0001387.jpg"", ""irregularities"": ""0""}}"
11k_Hands_impostor_47,HandGeometry\Hands\Hand_0010571.jpg,HandGeometry\Hands\Hand_0003028.jpg,handGeometry,False,0000088,0001588,11k_Hands,"{""record1_meta"": {""filename"": ""Hand_0010571"", ""age"": ""22"", ""gender"": ""male"", ""skinColor"": ""medium"", ""accessories"": ""0"", ""nailPolish"": ""0"", ""aspectOfHand"": ""dorsal right"", ""imageName"": ""Hand_0010571.jpg"", ""irregularities"": ""0""}, ""record2_meta"": {""filename"": ""Hand_0003028"", ""age"": ""21"", ""gender"": ""male"", ""skinColor"": ""medium"", ""accessories"": ""0"", ""nailPolish"": ""0"", ""aspectOfHand"": ""dorsal right"", ""imageName"": ""Hand_0003028.jpg"", ""irregularities"": ""0""}}"
11k_Hands_impostor_48,HandGeometry\Hands\Hand_0001390.jpg,HandGeometry\Hands\Hand_0000117.jpg,handGeometry,False,0000041,0000065,11k_Hands,"{""record1_meta"": {""filename"": ""Hand_0001390"", ""age"": ""20"", ""gender"": ""female"", ""skinColor"": ""medium"", ""accessories"": ""1"", ""nailPolish"": ""0"", ""aspectOfHand"": ""palmar right"", ""imageName"": ""Hand_0001390.jpg"", ""irregularities"": ""0""}, ""record2_meta"": {""filename"": ""Hand_0000117"", ""age"": ""20"", ""gender"": ""female"", ""skinColor"": ""dark"", ""accessories"": ""0"", ""nailPolish"": ""0"", ""aspectOfHand"": ""palmar right"", ""imageName"": ""Hand_0000117.jpg"", ""irregularities"": ""0""}}"
11k_Hands_impostor_49,HandGeometry\Hands\Hand_0000771.jpg,HandGeometry\Hands\Hand_0011606.jpg,handGeometry,False,0000045,0000092,11k_Hands,"{""record1_meta"": {""filename"": ""Hand_0000771"", ""age"": ""21"", ""gender"": ""female"", ""skinColor"": ""medium"", ""accessories"": ""0"", ""nailPolish"": ""0"", ""aspectOfHand"": ""palmar right"", ""imageName"": ""Hand_0000771.jpg"", ""irregularities"": ""0""}, ""record2_meta"": {""filename"": ""Hand_0011606"", ""age"": ""22"", ""gender"": ""female"", ""skinColor"": ""fair"", ""accessories"": ""1"", ""nailPolish"": ""0"", ""aspectOfHand"": ""palmar right"", ""imageName"": ""Hand_0011606.jpg"", ""irregularities"": ""0""}}"
11k_Hands_impostor_50,HandGeometry\Hands\Hand_0002490.jpg,HandGeometry\Hands\Hand_0000303.jpg,handGeometry,False,0001537,0000054,11k_Hands,"{""record1_meta"": {""filename"": ""Hand_0002490"", ""age"": ""22"", ""gender"": ""female"", ""skinColor"": ""medium"", ""accessories"": ""1"", ""nailPolish"": ""0"", ""aspectOfHand"": ""palmar left"", ""imageName"": ""Hand_0002490.jpg"", ""irregularities"": ""0""}, ""record2_meta"": {""filename"": ""Hand_0000303"", ""age"": ""21"", ""gender"": ""female"", ""skinColor"": ""medium"", ""accessories"": ""0"", ""nailPolish"": ""0"", ""aspectOfHand"": ""palmar left"", ""imageName"": ""Hand_0000303.jpg"", ""irregularities"": ""0""}}"
11k_Hands_impostor_51,HandGeometry\Hands\Hand_0007849.jpg,HandGeometry\Hands\Hand_0005530.jpg,handGeometry,False,0001052,0000576,11k_Hands,"{""record1_meta"": {""filename"": ""Hand_0007849"", ""age"": ""21"", ""gender"": ""female"", ""skinColor"": ""medium"", ""accessories"": ""0"", ""nailPolish"": ""0"", ""aspectOfHand"": ""palmar left"", ""imageName"": ""Hand_0007849.jpg"", ""irregularities"": ""0""}, ""record2_meta"": {""filename"": ""Hand_0005530"", ""age"": ""21"", ""gender"": ""female"", ""skinColor"": ""medium"", ""accessories"": ""0"", ""nailPolish"": ""0"", ""aspectOfHand"": ""palmar left"", ""imageName"": ""Hand_0005530.jpg"", ""irregularities"": ""0""}}"
11k_Hands_impostor_52,HandGeometry\Hands\Hand_0001149.jpg,HandGeometry\Hands\Hand_0000235.jpg,handGeometry,False,0001074,0000055,11k_Hands,"{""record1_meta"": {""filename"": ""Hand_0001149"", ""age"": ""21"", ""gender"": ""female"", ""skinColor"": ""medium"", ""accessories"": ""0"", ""nailPolish"": ""0"", ""aspectOfHand"": ""palmar right"", ""imageName"": ""Hand_0001149.jpg"", ""irregularities"": ""0""}, ""record2_meta"": {""filename"": ""Hand_0000235"", ""age"": ""20"", ""gender"": ""female"", ""skinColor"": ""medium"", ""accessories"": ""0"", ""nailPolish"": ""0"", ""aspectOfHand"": ""palmar right"", ""imageName"": ""Hand_0000235.jpg"", ""irregularities"": ""0""}}"
11k_Hands_impostor_53,HandGeometry\Hands\Hand_0000861.jpg,HandGeometry\Hands\Hand_0001842.jpg,handGeometry,False,0000062,0000067,11k_Hands,"{""record1_meta"": {""filename"": ""Hand_0000861"", ""age"": ""22"", ""gender"": ""female"", ""skinColor"": ""medium"", ""accessories"": ""0"", ""nailPolish"": ""0"", ""aspectOfHand"": ""dorsal left"", ""imageName"": ""Hand_0000861.jpg"", ""irregularities"": ""0""}, ""record2_meta"": {""filename"": ""Hand_0001842"", ""age"": ""22"", ""gender"": ""male"", ""skinColor"": ""medium"", ""accessories"": ""0"", ""nailPolish"": ""0"", ""aspectOfHand"": ""dorsal left"", ""imageName"": ""Hand_0001842.jpg"", ""irregularities"": ""0""}}"
11k_Hands_impostor_54,HandGeometry\Hands\Hand_0003038.jpg,HandGeometry\Hands\Hand_0004480.jpg,handGeometry,False,0001588,0001066,11k_Hands,"{""record1_meta"": {""filename"": ""Hand_0003038"", ""age"": ""21"", ""gender"": ""male"", ""skinColor"": ""medium"", ""accessories"": ""0"", ""nailPolish"": ""0"", ""aspectOfHand"": ""palmar right"", ""imageName"": ""Hand_0003038.jpg"", ""irregularities"": ""0""}, ""record2_meta"": {""filename"": ""Hand_0004480"", ""age"": ""21"", ""gender"": ""female"", ""skinColor"": ""medium"", ""accessories"": ""0"", ""nailPolish"": ""0"", ""aspectOfHand"": ""palmar right"", ""imageName"": ""Hand_0004480.jpg"", ""irregularities"": ""0""}}"
11k_Hands_impostor_55,HandGeometry\Hands\Hand_0009153.jpg,HandGeometry\Hands\Hand_0008139.jpg,handGeometry,False,0001043,0001579,11k_Hands,"{""record1_meta"": {""filename"": ""Hand_0009153"", ""age"": ""21"", ""gender"": ""male"", ""skinColor"": ""fair"", ""accessories"": ""0"", ""nailPolish"": ""0"", ""aspectOfHand"": ""palmar right"", ""imageName"": ""Hand_0009153.jpg"", ""irregularities"": ""0""}, ""record2_meta"": {""filename"": ""Hand_0008139"", ""age"": ""21"", ""gender"": ""female"", ""skinColor"": ""fair"", ""accessories"": ""1"", ""nailPolish"": ""0"", ""aspectOfHand"": ""palmar right"", ""imageName"": ""Hand_0008139.jpg"", ""irregularities"": ""0""}}"
11k_Hands_impostor_56,HandGeometry\Hands\Hand_0003318.jpg,HandGeometry\Hands\Hand_0007162.jpg,handGeometry,False,0001026,0001532,11k_Hands,"{""record1_meta"": {""filename"": ""Hand_0003318"", ""age"": ""21"", ""gender"": ""female"", ""skinColor"": ""fair"", ""accessories"": ""0"", ""nailPolish"": ""0"", ""aspectOfHand"": ""dorsal left"", ""imageName"": ""Hand_0003318.jpg"", ""irregularities"": ""0""}, ""record2_meta"": {""filename"": ""Hand_0007162"", ""age"": ""22"", ""gender"": ""female"", ""skinColor"": ""fair"", ""accessories"": ""0"", ""nailPolish"": ""0"", ""aspectOfHand"": ""dorsal left"", ""imageName"": ""Hand_0007162.jpg"", ""irregularities"": ""0""}}"
11k_Hands_impostor_57,HandGeometry\Hands\Hand_0003958.jpg,HandGeometry\Hands\Hand_0000685.jpg,handGeometry,False,0001039,0000004,11k_Hands,"{""record1_meta"": {""filename"": ""Hand_0003958"", ""age"": ""21"", ""gender"": ""male"", ""skinColor"": ""fair"", ""accessories"": ""0"", ""nailPolish"": ""0"", ""aspectOfHand"": ""palmar right"", ""imageName"": ""Hand_0003958.jpg"", ""irregularities"": ""0""}, ""record2_meta"": {""filename"": ""Hand_0000685"", ""age"": ""21"", ""gender"": ""female"", ""skinColor"": ""medium"", ""accessories"": ""0"", ""nailPolish"": ""0"", ""aspectOfHand"": ""palmar right"", ""imageName"": ""Hand_0000685.jpg"", ""irregularities"": ""0""}}"
11k_Hands_impostor_58,HandGeometry\Hands\Hand_0006071.jpg,HandGeometry\Hands\Hand_0004885.jpg,handGeometry,False,0001547,0001050,11k_Hands,"{""record1_meta"": {""filename"": ""Hand_0006071"", ""age"": ""21"", ""gender"": ""female"", ""skinColor"": ""fair"", ""accessories"": ""1"", ""nailPolish"": ""0"", ""aspectOfHand"": ""palmar right"", ""imageName"": ""Hand_0006071.jpg"", ""irregularities"": ""0""}, ""record2_meta"": {""filename"": ""Hand_0004885"", ""age"": ""20"", ""gender"": ""female"", ""skinColor"": ""medium"", ""accessories"": ""0"", ""nailPolish"": ""0"", ""aspectOfHand"": ""palmar right"", ""imageName"": ""Hand_0004885.jpg"", ""irregularities"": ""0""}}"
11k_Hands_impostor_59,HandGeometry\Hands\Hand_0008043.jpg,HandGeometry\Hands\Hand_0007172.jpg,handGeometry,False,0000573,0001532,11k_Hands,"{""record1_meta"": {""filename"": ""Hand_0008043"", ""age"": ""21"", ""gender"": ""female"", ""skinColor"": ""fair"", ""accessories"": ""0"", ""nailPolish"": ""0"", ""aspectOfHand"": ""dorsal left"", ""imageName"": ""Hand_0008043.jpg"", ""irregularities"": ""0""}, ""record2_meta"": {""filename"": ""Hand_0007172"", ""age"": ""22"", ""gender"": ""female"", ""skinColor"": ""fair"", ""accessories"": ""0"", ""nailPolish"": ""0"", ""aspectOfHand"": ""dorsal left"", ""imageName"": ""Hand_0007172.jpg"", ""irregularities"": ""0""}}"
11k_Hands_impostor_60,HandGeometry\Hands\Hand_0001341.jpg,HandGeometry\Hands\Hand_0008812.jpg,handGeometry,False,0000514,0000502,11k_Hands,"{""record1_meta"": {""filename"": ""Hand_0001341"", ""age"": ""22"", ""gender"": ""female"", ""skinColor"": ""medium"", ""accessories"": ""0"", ""nailPolish"": ""0"", ""aspectOfHand"": ""palmar right"", ""imageName"": ""Hand_0001341.jpg"", ""irregularities"": ""0""}, ""record2_meta"": {""filename"": ""Hand_0008812"", ""age"": ""20"", ""gender"": ""female"", ""skinColor"": ""fair"", ""accessories"": ""1"", ""nailPolish"": ""0"", ""aspectOfHand"": ""palmar right"", ""imageName"": ""Hand_0008812.jpg"", ""irregularities"": ""0""}}"
11k_Hands_impostor_61,HandGeometry\Hands\Hand_0003106.jpg,HandGeometry\Hands\Hand_0007574.jpg,handGeometry,False,0001002,0001030,11k_Hands,"{""record1_meta"": {""filename"": ""Hand_0003106"", ""age"": ""54"", ""gender"": ""male"", ""skinColor"": ""medium"", ""accessories"": ""0"", ""nailPolish"": ""0"", ""aspectOfHand"": ""palmar right"", ""imageName"": ""Hand_0003106.jpg"", ""irregularities"": ""0""}, ""record2_meta"": {""filename"": ""Hand_0007574"", ""age"": ""21"", ""gender"": ""male"", ""skinColor"": ""medium"", ""accessories"": ""0"", ""nailPolish"": ""0"", ""aspectOfHand"": ""palmar right"", ""imageName"": ""Hand_0007574.jpg"", ""irregularities"": ""0""}}"
11k_Hands_impostor_62,HandGeometry\Hands\Hand_0008438.jpg,HandGeometry\Hands\Hand_0003948.jpg,handGeometry,False,0001573,0001039,11k_Hands,"{""record1_meta"": {""filename"": ""Hand_0008438"", ""age"": ""21"", ""gender"": ""female"", ""skinColor"": ""medium"", ""accessories"": ""0"", ""nailPolish"": ""1"", ""aspectOfHand"": ""dorsal right"", ""imageName"": ""Hand_0008438.jpg"", ""irregularities"": ""0""}, ""record2_meta"": {""filename"": ""Hand_0003948"", ""age"": ""21"", ""gender"": ""male"", ""skinColor"": ""fair"", ""accessories"": ""0"", ""nailPolish"": ""0"", ""aspectOfHand"": ""dorsal right"", ""imageName"": ""Hand_0003948.jpg"", ""irregularities"": ""0""}}"
11k_Hands_impostor_63,HandGeometry\Hands\Hand_0005832.jpg,HandGeometry\Hands\Hand_0008395.jpg,handGeometry,False,0001079,0001046,11k_Hands,"{""record1_meta"": {""filename"": ""Hand_0005832"", ""age"": ""21"", ""gender"": ""female"", ""skinColor"": ""fair"", ""accessories"": ""0"", ""nailPolish"": ""0"", ""aspectOfHand"": ""dorsal right"", ""imageName"": ""Hand_0005832.jpg"", ""irregularities"": ""0""}, ""record2_meta"": {""filename"": ""Hand_0008395"", ""age"": ""21"", ""gender"": ""female"", ""skinColor"": ""medium"", ""accessories"": ""0"", ""nailPolish"": ""1"", ""aspectOfHand"": ""dorsal right"", ""imageName"": ""Hand_0008395.jpg"", ""irregularities"": ""0""}}"
11k_Hands_impostor_64,HandGeometry\Hands\Hand_0010592.jpg,HandGeometry\Hands\Hand_0001938.jpg,handGeometry,False,0000088,0000543,11k_Hands,"{""record1_meta"": {""filename"": ""Hand_0010592"", ""age"": ""22"", ""gender"": ""male"", ""skinColor"": ""medium"", ""accessories"": ""0"", ""nailPolish"": ""0"", ""aspectOfHand"": ""dorsal left"", ""imageName"": ""Hand_0010592.jpg"", ""irregularities"": ""0""}, ""record2_meta"": {""filename"": ""Hand_0001938"", ""age"": ""21"", ""gender"": ""male"", ""skinColor"": ""fair"", ""accessories"": ""0"", ""nailPolish"": ""0"", ""aspectOfHand"": ""dorsal left"", ""imageName"": ""Hand_0001938.jpg"", ""irregularities"": ""0""}}"
11k_Hands_impostor_65,HandGeometry\Hands\Hand_0005215.jpg,HandGeometry\Hands\Hand_0008783.jpg,handGeometry,False,0001059,0000532,11k_Hands,"{""record1_meta"": {""filename"": ""Hand_0005215"", ""age"": ""22"", ""gender"": ""male"", ""skinColor"": ""dark"", ""accessories"": ""0"", ""nailPolish"": ""0"", ""aspectOfHand"": ""dorsal left"", ""imageName"": ""Hand_0005215.jpg"", ""irregularities"": ""0""}, ""record2_meta"": {""filename"": ""Hand_0008783"", ""age"": ""20"", ""gender"": ""female"", ""skinColor"": ""fair"", ""accessories"": ""0"", ""nailPolish"": ""1"", ""aspectOfHand"": ""dorsal left"", ""imageName"": ""Hand_0008783.jpg"", ""irregularities"": ""0""}}"
11k_Hands_impostor_66,HandGeometry\Hands\Hand_0000311.jpg,HandGeometry\Hands\Hand_0002044.jpg,handGeometry,False,0001515,0001555,11k_Hands,"{""record1_meta"": {""filename"": ""Hand_0000311"", ""age"": ""21"", ""gender"": ""female"", ""skinColor"": ""fair"", ""accessories"": ""0"", ""nailPolish"": ""0"", ""aspectOfHand"": ""dorsal right"", ""imageName"": ""Hand_0000311.jpg"", ""irregularities"": ""0""}, ""record2_meta"": {""filename"": ""Hand_0002044"", ""age"": ""25"", ""gender"": ""male"", ""skinColor"": ""medium"", ""accessories"": ""0"", ""nailPolish"": ""0"", ""aspectOfHand"": ""dorsal right"", ""imageName"": ""Hand_0002044.jpg"", ""irregularities"": ""0""}}"
11k_Hands_impostor_67,HandGeometry\Hands\Hand_0010939.jpg,HandGeometry\Hands\Hand_0007450.jpg,handGeometry,False,0000524,0001546,11k_Hands,"{""record1_meta"": {""filename"": ""Hand_0010939"", ""age"": ""23"", ""gender"": ""male"", ""skinColor"": ""medium"", ""accessories"": ""0"", ""nailPolish"": ""0"", ""aspectOfHand"": ""dorsal left"", ""imageName"": ""Hand_0010939.jpg"", ""irregularities"": ""0""}, ""record2_meta"": {""filename"": ""Hand_0007450"", ""age"": ""21"", ""gender"": ""female"", ""skinColor"": ""medium"", ""accessories"": ""1"", ""nailPolish"": ""0"", ""aspectOfHand"": ""dorsal left"", ""imageName"": ""Hand_0007450.jpg"", ""irregularities"": ""0""}}"
11k_Hands_impostor_68,HandGeometry\Hands\Hand_0006010.jpg,HandGeometry\Hands\Hand_0008929.jpg,handGeometry,False,0000586,0000528,11k_Hands,"{""record1_meta"": {""filename"": ""Hand_0006010"", ""age"": ""21"", ""gender"": ""female"", ""skinColor"": ""fair"", ""accessories"": ""0"", ""nailPolish"": ""0"", ""aspectOfHand"": ""dorsal left"", ""imageName"": ""Hand_0006010.jpg"", ""irregularities"": ""0""}, ""record2_meta"": {""filename"": ""Hand_0008929"", ""age"": ""22"", ""gender"": ""female"", ""skinColor"": ""medium"", ""accessories"": ""1"", ""nailPolish"": ""1"", ""aspectOfHand"": ""dorsal left"", ""imageName"": ""Hand_0008929.jpg"", ""irregularities"": ""0""}}"
11k_Hands_impostor_69,HandGeometry\Hands\Hand_0005045.jpg,HandGeometry\Hands\Hand_0000954.jpg,handGeometry,False,0001558,0000529,11k_Hands,"{""record1_meta"": {""filename"": ""Hand_0005045"", ""age"": ""21"", ""gender"": ""female"", ""skinColor"": ""medium"", ""accessories"": ""1"", ""nailPolish"": ""0"", ""aspectOfHand"": ""dorsal left"", ""imageName"": ""Hand_0005045.jpg"", ""irregularities"": ""0""}, ""record2_meta"": {""filename"": ""Hand_0000954"", ""age"": ""22"", ""gender"": ""female"", ""skinColor"": ""fair"", ""accessories"": ""0"", ""nailPolish"": ""0"", ""aspectOfHand"": ""dorsal left"", ""imageName"": ""Hand_0000954.jpg"", ""irregularities"": ""0""}}"
11k_Hands_impostor_70,HandGeometry\Hands\Hand_0001922.jpg,HandGeometry\Hands\Hand_0000547.jpg,handGeometry,False,0000543,0000011,11k_Hands,"{""record1_meta"": {""filename"": ""Hand_0001922"", ""age"": ""21"", ""gender"": ""male"", ""skinColor"": ""fair"", ""accessories"": ""0"", ""nailPolish"": ""0"", ""aspectOfHand"": ""dorsal right"", ""imageName"": ""Hand_0001922.jpg"", ""irregularities"": ""0""}, ""record2_meta"": {""filename"": ""Hand_0000547"", ""age"": ""20"", ""gender"": ""female"", ""skinColor"": ""medium"", ""accessories"": ""0"", ""nailPolish"": ""0"", ""aspectOfHand"": ""dorsal right"", ""imageName"": ""Hand_0000547.jpg"", ""irregularities"": ""0""}}"
11k_Hands_impostor_71,HandGeometry\Hands\Hand_0009849.jpg,HandGeometry\Hands\Hand_0000502.jpg,handGeometry,False,1100000,0000013,11k_Hands,"{""record1_meta"": {""filename"": ""Hand_0009849"", ""age"": ""25"", ""gender"": ""male"", ""skinColor"": ""medium"", ""accessories"": ""0"", ""nailPolish"": ""0"", ""aspectOfHand"": ""palmar left"", ""imageName"": ""Hand_0009849.jpg"", ""irregularities"": ""0""}, ""record2_meta"": {""filename"": ""Hand_0000502"", ""age"": ""20"", ""gender"": ""female"", ""skinColor"": ""medium"", ""accessories"": ""1"", ""nailPolish"": ""0"", ""aspectOfHand"": ""palmar left"", ""imageName"": ""Hand_0000502.jpg"", ""irregularities"": ""0""}}"
11k_Hands_impostor_72,HandGeometry\Hands\Hand_0009785.jpg,HandGeometry\Hands\Hand_0002012.jpg,handGeometry,False,9000000,0000086,11k_Hands,"{""record1_meta"": {""filename"": ""Hand_0009785"", ""age"": ""23"", ""gender"": ""male"", ""skinColor"": ""medium"", ""accessories"": ""0"", ""nailPolish"": ""0"", ""aspectOfHand"": ""palmar right"", ""imageName"": ""Hand_0009785.jpg"", ""irregularities"": ""0""}, ""record2_meta"": {""filename"": ""Hand_0002012"", ""age"": ""21"", ""gender"": ""female"", ""skinColor"": ""fair"", ""accessories"": ""0"", ""nailPolish"": ""0"", ""aspectOfHand"": ""palmar right"", ""imageName"": ""Hand_0002012.jpg"", ""irregularities"": ""0""}}"
11k_Hands_impostor_73,HandGeometry\Hands\Hand_0005477.jpg,HandGeometry\Hands\Hand_0002124.jpg,handGeometry,False,0001061,0000574,11k_Hands,"{""record1_meta"": {""filename"": ""Hand_0005477"", ""age"": ""20"", ""gender"": ""female"", ""skinColor"": ""fair"", ""accessories"": ""1"", ""nailPolish"": ""0"", ""aspectOfHand"": ""palmar left"", ""imageName"": ""Hand_0005477.jpg"", ""irregularities"": ""0""}, ""record2_meta"": {""filename"": ""Hand_0002124"", ""age"": ""20"", ""gender"": ""female"", ""skinColor"": ""fair"", ""accessories"": ""0"", ""nailPolish"": ""0"", ""aspectOfHand"": ""palmar left"", ""imageName"": ""Hand_0002124.jpg"", ""irregularities"": ""0""}}"
11k_Hands_impostor_74,HandGeometry\Hands\Hand_0011205.jpg,HandGeometry\Hands\Hand_0001838.jpg,handGeometry,False,0001088,0000067,11k_Hands,"{""record1_meta"": {""filename"": ""Hand_0011205"", ""age"": ""22"", ""gender"": ""male"", ""skinColor"": ""medium"", ""accessories"": ""0"", ""nailPolish"": ""0"", ""aspectOfHand"": ""dorsal left"", ""imageName"": ""Hand_0011205.jpg"", ""irregularities"": ""0""}, ""record2_meta"": {""filename"": ""Hand_0001838"", ""age"": ""22"", ""gender"": ""male"", ""skinColor"": ""medium"", ""accessories"": ""0"", ""nailPolish"": ""0"", ""aspectOfHand"": ""dorsal left"", ""imageName"": ""Hand_0001838.jpg"", ""irregularities"": ""0""}}"
11k_Hands_impostor_75,HandGeometry\Hands\Hand_0010998.jpg,HandGeometry\Hands\Hand_0005790.jpg,handGeometry,False,0001060,0001079,11k_Hands,"{""record1_meta"": {""filename"": ""Hand_0010998"", ""age"": ""23"", ""gender"": ""male"", ""skinColor"": ""medium"", ""accessories"": ""0"", ""nailPolish"": ""0"", ""aspectOfHand"": ""dorsal left"", ""imageName"": ""Hand_0010998.jpg"", ""irregularities"": ""0""}, ""record2_meta"": {""filename"": ""Hand_0005790"", ""age"": ""21"", ""gender"": ""female"", ""skinColor"": ""fair"", ""accessories"": ""0"", ""nailPolish"": ""0"", ""aspectOfHand"": ""dorsal left"", ""imageName"": ""Hand_0005790.jpg"", ""irregularities"": ""0""}}"
11k_Hands_impostor_76,HandGeometry\Hands\Hand_0002712.jpg,HandGeometry\Hands\Hand_0008693.jpg,handGeometry,False,0001540,0000581,11k_Hands,"{""record1_meta"": {""filename"": ""Hand_0002712"", ""age"": ""21"", ""gender"": ""male"", ""skinColor"": ""medium"", ""accessories"": ""0"", ""nailPolish"": ""0"", ""aspectOfHand"": ""palmar left"", ""imageName"": ""Hand_0002712.jpg"", ""irregularities"": ""0""}, ""record2_meta"": {""filename"": ""Hand_0008693"", ""age"": ""21"", ""gender"": ""female"", ""skinColor"": ""fair"", ""accessories"": ""0"", ""nailPolish"": ""0"", ""aspectOfHand"": ""palmar left"", ""imageName"": ""Hand_0008693.jpg"", ""irregularities"": ""0""}}"
11k_Hands_impostor_77,HandGeometry\Hands\Hand_0001103.jpg,HandGeometry\Hands\Hand_0011139.jpg,handGeometry,False,0001535,0001011,11k_Hands,"{""record1_meta"": {""filename"": ""Hand_0001103"", ""age"": ""22"", ""gender"": ""female"", ""skinColor"": ""medium"", ""accessories"": ""1"", ""nailPolish"": ""0"", ""aspectOfHand"": ""palmar right"", ""imageName"": ""Hand_0001103.jpg"", ""irregularities"": ""0""}, ""record2_meta"": {""filename"": ""Hand_0011139"", ""age"": ""22"", ""gender"": ""male"", ""skinColor"": ""fair"", ""accessories"": ""0"", ""nailPolish"": ""0"", ""aspectOfHand"": ""palmar right"", ""imageName"": ""Hand_0011139.jpg"", ""irregularities"": ""0""}}"
11k_Hands_impostor_78,HandGeometry\Hands\Hand_0005446.jpg,HandGeometry\Hands\Hand_0007328.jpg,handGeometry,False,0001061,0001562,11k_Hands,"{""record1_meta"": {""filename"": ""Hand_0005446"", ""age"": ""20"", ""gender"": ""female"", ""skinColor"": ""fair"", ""accessories"": ""1"", ""nailPolish"": ""0"", ""aspectOfHand"": ""palmar right"", ""imageName"": ""Hand_0005446.jpg"", ""irregularities"": ""0""}, ""record2_meta"": {""filename"": ""Hand_0007328"", ""age"": ""23"", ""gender"": ""female"", ""skinColor"": ""fair"", ""accessories"": ""1"", ""nailPolish"": ""0"", ""aspectOfHand"": ""palmar right"", ""imageName"": ""Hand_0007328.jpg"", ""irregularities"": ""0""}}"
11k_Hands_impostor_79,HandGeometry\Hands\Hand_0002634.jpg,HandGeometry\Hands\Hand_0001334.jpg,handGeometry,False,0001540,0000514,11k_Hands,"{""record1_meta"": {""filename"": ""Hand_0002634"", ""age"": ""21"", ""gender"": ""male"", ""skinColor"": ""medium"", ""accessories"": ""0"", ""nailPolish"": ""0"", ""aspectOfHand"": ""dorsal right"", ""imageName"": ""Hand_0002634.jpg"", ""irregularities"": ""0""}, ""record2_meta"": {""filename"": ""Hand_0001334"", ""age"": ""22"", ""gender"": ""female"", ""skinColor"": ""medium"", ""accessories"": ""0"", ""nailPolish"": ""0"", ""aspectOfHand"": ""dorsal right"", ""imageName"": ""Hand_0001334.jpg"", ""irregularities"": ""0""}}"
11k_Hands_impostor_80,HandGeometry\Hands\Hand_0007298.jpg,HandGeometry\Hands\Hand_0002004.jpg,handGeometry,False,0001562,0000086,11k_Hands,"{""record1_meta"": {""filename"": ""Hand_0007298"", ""age"": ""23"", ""gender"": ""female"", ""skinColor"": ""fair"", ""accessories"": ""1"", ""nailPolish"": ""0"", ""aspectOfHand"": ""dorsal right"", ""imageName"": ""Hand_0007298.jpg"", ""irregularities"": ""0""}, ""record2_meta"": {""filename"": ""Hand_0002004"", ""age"": ""21"", ""gender"": ""female"", ""skinColor"": ""fair"", ""accessories"": ""0"", ""nailPolish"": ""0"", ""aspectOfHand"": ""dorsal right"", ""imageName"": ""Hand_0002004.jpg"", ""irregularities"": ""0""}}"
11k_Hands_impostor_81,HandGeometry\Hands\Hand_0000563.jpg,HandGeometry\Hands\Hand_0008701.jpg,handGeometry,False,0000063,0000093,11k_Hands,"{""record1_meta"": {""filename"": ""Hand_0000563"", ""age"": ""21"", ""gender"": ""female"", ""skinColor"": ""medium"", ""accessories"": ""1"", ""nailPolish"": ""0"", ""aspectOfHand"": ""dorsal right"", ""imageName"": ""Hand_0000563.jpg"", ""irregularities"": ""0""}, ""record2_meta"": {""filename"": ""Hand_0008701"", ""age"": ""21"", ""gender"": ""female"", ""skinColor"": ""medium"", ""accessories"": ""1"", ""nailPolish"": ""1"", ""aspectOfHand"": ""dorsal right"", ""imageName"": ""Hand_0008701.jpg"", ""irregularities"": ""0""}}"
11k_Hands_impostor_82,HandGeometry\Hands\Hand_0008570.jpg,HandGeometry\Hands\Hand_0010558.jpg,handGeometry,False,0001541,0000506,11k_Hands,"{""record1_meta"": {""filename"": ""Hand_0008570"", ""age"": ""21"", ""gender"": ""female"", ""skinColor"": ""medium"", ""accessories"": ""1"", ""nailPolish"": ""0"", ""aspectOfHand"": ""palmar left"", ""imageName"": ""Hand_0008570.jpg"", ""irregularities"": ""0""}, ""record2_meta"": {""filename"": ""Hand_0010558"", ""age"": ""22"", ""gender"": ""male"", ""skinColor"": ""medium"", ""accessories"": ""0"", ""nailPolish"": ""0"", ""aspectOfHand"": ""palmar left"", ""imageName"": ""Hand_0010558.jpg"", ""irregularities"": ""0""}}"
11k_Hands_impostor_83,HandGeometry\Hands\Hand_0006220.jpg,HandGeometry\Hands\Hand_0003600.jpg,handGeometry,False,0001037,0001564,11k_Hands,"{""record1_meta"": {""filename"": ""Hand_0006220"", ""age"": ""21"", ""gender"": ""female"", ""skinColor"": ""medium"", ""accessories"": ""0"", ""nailPolish"": ""0"", ""aspectOfHand"": ""dorsal left"", ""imageName"": ""Hand_0006220.jpg"", ""irregularities"": ""0""}, ""record2_meta"": {""filename"": ""Hand_0003600"", ""age"": ""21"", ""gender"": ""female"", ""skinColor"": ""fair"", ""accessories"": ""0"", ""nailPolish"": ""0"", ""aspectOfHand"": ""dorsal left"", ""imageName"": ""Hand_0003600.jpg"", ""irregularities"": ""0""}}"
11k_Hands_impostor_84,HandGeometry\Hands\Hand_0010588.jpg,HandGeometry\Hands\Hand_0001073.jpg,handGeometry,False,0000088,0000053,11k_Hands,"{""record1_meta"": {""filename"": ""Hand_0010588"", ""age"": ""22"", ""gender"": ""male"", ""skinColor"": ""medium"", ""accessories"": ""0"", ""nailPolish"": ""0"", ""aspectOfHand"": ""dorsal left"", ""imageName"": ""Hand_0010588.jpg"", ""irregularities"": ""0""}, ""record2_meta"": {""filename"": ""Hand_0001073"", ""age"": ""29"", ""gender"": ""male"", ""skinColor"": ""fair"", ""accessories"": ""0"", ""nailPolish"": ""0"", ""aspectOfHand"": ""dorsal left"", ""imageName"": ""Hand_0001073.jpg"", ""irregularities"": ""0""}}"
11k_Hands_impostor_85,HandGeometry\Hands\Hand_0000158.jpg,HandGeometry\Hands\Hand_0004494.jpg,handGeometry,False,0000594,0001066,11k_Hands,"{""record1_meta"": {""filename"": ""Hand_0000158"", ""age"": ""20"", ""gender"": ""female"", ""skinColor"": ""medium"", ""accessories"": ""0"", ""nailPolish"": ""0"", ""aspectOfHand"": ""dorsal left"", ""imageName"": ""Hand_0000158.jpg"", ""irregularities"": ""0""}, ""record2_meta"": {""filename"": ""Hand_0004494"", ""age"": ""21"", ""gender"": ""female"", ""skinColor"": ""medium"", ""accessories"": ""0"", ""nailPolish"": ""0"", ""aspectOfHand"": ""dorsal left"", ""imageName"": ""Hand_0004494.jpg"", ""irregularities"": ""0""}}"
11k_Hands_impostor_86,HandGeometry\Hands\Hand_0002146.jpg,HandGeometry\Hands\Hand_0001063.jpg,handGeometry,False,0000525,0000053,11k_Hands,"{""record1_meta"": {""filename"": ""Hand_0002146"", ""age"": ""20"", ""gender"": ""female"", ""skinColor"": ""medium"", ""accessories"": ""1"", ""nailPolish"": ""0"", ""aspectOfHand"": ""palmar right"", ""imageName"": ""Hand_0002146.jpg"", ""irregularities"": ""0""}, ""record2_meta"": {""filename"": ""Hand_0001063"", ""age"": ""29"", ""gender"": ""male"", ""skinColor"": ""fair"", ""accessories"": ""0"", ""nailPolish"": ""0"", ""aspectOfHand"": ""palmar right"", ""imageName"": ""Hand_0001063.jpg"", ""irregularities"": ""0""}}"
11k_Hands_impostor_87,HandGeometry\Hands\Hand_0000484.jpg,HandGeometry\Hands\Hand_0000577.jpg,handGeometry,False,0000019,0000063,11k_Hands,"{""record1_meta"": {""filename"": ""Hand_0000484"", ""age"": ""20"", ""gender"": ""female"", ""skinColor"": ""medium"", ""accessories"": ""1"", ""nailPolish"": ""1"", ""aspectOfHand"": ""dorsal left"", ""imageName"": ""Hand_0000484.jpg"", ""irregularities"": ""0""}, ""record2_meta"": {""filename"": ""Hand_0000577"", ""age"": ""21"", ""gender"": ""female"", ""skinColor"": ""medium"", ""accessories"": ""0"", ""nailPolish"": ""0"", ""aspectOfHand"": ""dorsal left"", ""imageName"": ""Hand_0000577.jpg"", ""irregularities"": ""0""}}"
11k_Hands_impostor_88,HandGeometry\Hands\Hand_0001360.jpg,HandGeometry\Hands\Hand_0009488.jpg,handGeometry,False,0001509,2000000,11k_Hands,"{""record1_meta"": {""filename"": ""Hand_0001360"", ""age"": ""20"", ""gender"": ""female"", ""skinColor"": ""fair"", ""accessories"": ""0"", ""nailPolish"": ""0"", ""aspectOfHand"": ""palmar right"", ""imageName"": ""Hand_0001360.jpg"", ""irregularities"": ""0""}, ""record2_meta"": {""filename"": ""Hand_0009488"", ""age"": ""75"", ""gender"": ""female"", ""skinColor"": ""dark"", ""accessories"": ""0"", ""nailPolish"": ""0"", ""aspectOfHand"": ""palmar right"", ""imageName"": ""Hand_0009488.jpg"", ""irregularities"": ""0""}}"
11k_Hands_impostor_89,HandGeometry\Hands\Hand_0009631.jpg,HandGeometry\Hands\Hand_0002849.jpg,handGeometry,False,6000000,0001543,11k_Hands,"{""record1_meta"": {""filename"": ""Hand_0009631"", ""age"": ""21"", ""gender"": ""female"", ""skinColor"": ""fair"", ""accessories"": ""1"", ""nailPolish"": ""0"", ""aspectOfHand"": ""dorsal right"", ""imageName"": ""Hand_0009631.jpg"", ""irregularities"": ""0""}, ""record2_meta"": {""filename"": ""Hand_0002849"", ""age"": ""21"", ""gender"": ""male"", ""skinColor"": ""medium"", ""accessories"": ""0"", ""nailPolish"": ""0"", ""aspectOfHand"": ""dorsal right"", ""imageName"": ""Hand_0002849.jpg"", ""irregularities"": ""0""}}"
11k_Hands_impostor_90,HandGeometry\Hands\Hand_0006980.jpg,HandGeometry\Hands\Hand_0011412.jpg,handGeometry,False,0001051,0000595,11k_Hands,"{""record1_meta"": {""filename"": ""Hand_0006980"", ""age"": ""21"", ""gender"": ""male"", ""skinColor"": ""medium"", ""accessories"": ""0"", ""nailPolish"": ""0"", ""aspectOfHand"": ""palmar right"", ""imageName"": ""Hand_0006980.jpg"", ""irregularities"": ""0""}, ""record2_meta"": {""filename"": ""Hand_0011412"", ""age"": ""21"", ""gender"": ""female"", ""skinColor"": ""medium"", ""accessories"": ""1"", ""nailPolish"": ""0"", ""aspectOfHand"": ""palmar right"", ""imageName"": ""Hand_0011412.jpg"", ""irregularities"": ""0""}}"
11k_Hands_impostor_91,HandGeometry\Hands\Hand_0003322.jpg,HandGeometry\Hands\Hand_0003015.jpg,handGeometry,False,0001026,0001588,11k_Hands,"{""record1_meta"": {""filename"": ""Hand_0003322"", ""age"": ""21"", ""gender"": ""female"", ""skinColor"": ""fair"", ""accessories"": ""0"", ""nailPolish"": ""0"", ""aspectOfHand"": ""palmar left"", ""imageName"": ""Hand_0003322.jpg"", ""irregularities"": ""0""}, ""record2_meta"": {""filename"": ""Hand_0003015"", ""age"": ""21"", ""gender"": ""male"", ""skinColor"": ""medium"", ""accessories"": ""0"", ""nailPolish"": ""0"", ""aspectOfHand"": ""palmar left"", ""imageName"": ""Hand_0003015.jpg"", ""irregularities"": ""0""}}"
11k_Hands_impostor_92,HandGeometry\Hands\Hand_0003401.jpg,HandGeometry\Hands\Hand_0004795.jpg,handGeometry,False,0001018,0001050,11k_Hands,"{""record1_meta"": {""filename"": ""Hand_0003401"", ""age"": ""21"", ""gender"": ""female"", ""skinColor"": ""fair"", ""accessories"": ""1"", ""nailPolish"": ""1"", ""aspectOfHand"": ""dorsal right"", ""imageName"": ""Hand_0003401.jpg"", ""irregularities"": ""0""}, ""record2_meta"": {""filename"": ""Hand_0004795"", ""age"": ""20"", ""gender"": ""female"", ""skinColor"": ""medium"", ""accessories"": ""0"", ""nailPolish"": ""1"", ""aspectOfHand"": ""dorsal right"", ""imageName"": ""Hand_0004795.jpg"", ""irregularities"": ""0""}}"
11k_Hands_impostor_93,HandGeometry\Hands\Hand_0004253.jpg,HandGeometry\Hands\Hand_0010796.jpg,handGeometry,False,0001034,0001090,11k_Hands,"{""record1_meta"": {""filename"": ""Hand_0004253"", ""age"": ""21"", ""gender"": ""female"", ""skinColor"": ""medium"", ""accessories"": ""1"", ""nailPolish"": ""0"", ""aspectOfHand"": ""palmar right"", ""imageName"": ""Hand_0004253.jpg"", ""irregularities"": ""0""}, ""record2_meta"": {""filename"": ""Hand_0010796"", ""age"": ""22"", ""gender"": ""male"", ""skinColor"": ""fair"", ""accessories"": ""0"", ""nailPolish"": ""0"", ""aspectOfHand"": ""palmar right"", ""imageName"": ""Hand_0010796.jpg"", ""irregularities"": ""0""}}"
11k_Hands_impostor_94,HandGeometry\Hands\Hand_0011667.jpg,HandGeometry\Hands\Hand_0000867.jpg,handGeometry,False,0000092,0000062,11k_Hands,"{""record1_meta"": {""filename"": ""Hand_0011667"", ""age"": ""22"", ""gender"": ""female"", ""skinColor"": ""fair"", ""accessories"": ""1"", ""nailPolish"": ""0"", ""aspectOfHand"": ""palmar left"", ""imageName"": ""Hand_0011667.jpg"", ""irregularities"": ""0""}, ""record2_meta"": {""filename"": ""Hand_0000867"", ""age"": ""22"", ""gender"": ""female"", ""skinColor"": ""medium"", ""accessories"": ""0"", ""nailPolish"": ""0"", ""aspectOfHand"": ""palmar left"", ""imageName"": ""Hand_0000867.jpg"", ""irregularities"": ""0""}}"
11k_Hands_impostor_95,HandGeometry\Hands\Hand_0007049.jpg,HandGeometry\Hands\Hand_0008618.jpg,handGeometry,False,0000509,0001019,11k_Hands,"{""record1_meta"": {""filename"": ""Hand_0007049"", ""age"": ""21"", ""gender"": ""female"", ""skinColor"": ""medium"", ""accessories"": ""1"", ""nailPolish"": ""0"", ""aspectOfHand"": ""dorsal left"", ""imageName"": ""Hand_0007049.jpg"", ""irregularities"": ""0""}, ""record2_meta"": {""filename"": ""Hand_0008618"", ""age"": ""21"", ""gender"": ""female"", ""skinColor"": ""very fair"", ""accessories"": ""0"", ""nailPolish"": ""0"", ""aspectOfHand"": ""dorsal left"", ""imageName"": ""Hand_0008618.jpg"", ""irregularities"": ""0""}}"
11k_Hands_impostor_96,HandGeometry\Hands\Hand_0002142.jpg,HandGeometry\Hands\Hand_0005305.jpg,handGeometry,False,0000525,0000055,11k_Hands,"{""record1_meta"": {""filename"": ""Hand_0002142"", ""age"": ""20"", ""gender"": ""female"", ""skinColor"": ""medium"", ""accessories"": ""1"", ""nailPolish"": ""0"", ""aspectOfHand"": ""dorsal right"", ""imageName"": ""Hand_0002142.jpg"", ""irregularities"": ""0""}, ""record2_meta"": {""filename"": ""Hand_0005305"", ""age"": ""20"", ""gender"": ""female"", ""skinColor"": ""medium"", ""accessories"": ""1"", ""nailPolish"": ""0"", ""aspectOfHand"": ""dorsal right"", ""imageName"": ""Hand_0005305.jpg"", ""irregularities"": ""0""}}"
11k_Hands_impostor_97,HandGeometry\Hands\Hand_0010079.jpg,HandGeometry\Hands\Hand_0003011.jpg,handGeometry,False,0000066,0001588,11k_Hands,"{""record1_meta"": {""filename"": ""Hand_0010079"", ""age"": ""26"", ""gender"": ""male"", ""skinColor"": ""fair"", ""accessories"": ""0"", ""nailPolish"": ""0"", ""aspectOfHand"": ""palmar left"", ""imageName"": ""Hand_0010079.jpg"", ""irregularities"": ""0""}, ""record2_meta"": {""filename"": ""Hand_0003011"", ""age"": ""21"", ""gender"": ""male"", ""skinColor"": ""medium"", ""accessories"": ""0"", ""nailPolish"": ""0"", ""aspectOfHand"": ""palmar left"", ""imageName"": ""Hand_0003011.jpg"", ""irregularities"": ""0""}}"
11k_Hands_impostor_98,HandGeometry\Hands\Hand_0010520.jpg,HandGeometry\Hands\Hand_0001373.jpg,handGeometry,False,0000571,0001509,11k_Hands,"{""record1_meta"": {""filename"": ""Hand_0010520"", ""age"": ""23"", ""gender"": ""male"", ""skinColor"": ""medium"", ""accessories"": ""0"", ""nailPolish"": ""0"", ""aspectOfHand"": ""dorsal left"", ""imageName"": ""Hand_0010520.jpg"", ""irregularities"": ""0""}, ""record2_meta"": {""filename"": ""Hand_0001373"", ""age"": ""20"", ""gender"": ""female"", ""skinColor"": ""fair"", ""accessories"": ""0"", ""nailPolish"": ""0"", ""aspectOfHand"": ""dorsal left"", ""imageName"": ""Hand_0001373.jpg"", ""irregularities"": ""0""}}"
11k_Hands_impostor_99,HandGeometry\Hands\Hand_0001534.jpg,HandGeometry\Hands\Hand_0009690.jpg,handGeometry,False,0001506,7000000,11k_Hands,"{""record1_meta"": {""filename"": ""Hand_0001534"", ""age"": ""21"", ""gender"": ""female"", ""skinColor"": ""fair"", ""accessories"": ""1"", ""nailPolish"": ""0"", ""aspectOfHand"": ""dorsal right"", ""imageName"": ""Hand_0001534.jpg"", ""irregularities"": ""0""}, ""record2_meta"": {""filename"": ""Hand_0009690"", ""age"": ""24"", ""gender"": ""male"", ""skinColor"": ""fair"", ""accessories"": ""1"", ""nailPolish"": ""0"", ""aspectOfHand"": ""dorsal right"", ""imageName"": ""Hand_0009690.jpg"", ""irregularities"": ""0""}}"
11k_Hands_impostor_100,HandGeometry\Hands\Hand_0002341.jpg,HandGeometry\Hands\Hand_0005264.jpg,handGeometry,False,0001020,0000025,11k_Hands,"{""record1_meta"": {""filename"": ""Hand_0002341"", ""age"": ""20"", ""gender"": ""female"", ""skinColor"": ""medium"", ""accessories"": ""0"", ""nailPolish"": ""0"", ""aspectOfHand"": ""palmar right"", ""imageName"": ""Hand_0002341.jpg"", ""irregularities"": ""0""}, ""record2_meta"": {""filename"": ""Hand_0005264"", ""age"": ""20"", ""gender"": ""female"", ""skinColor"": ""dark"", ""accessories"": ""1"", ""nailPolish"": ""0"", ""aspectOfHand"": ""palmar right"", ""imageName"": ""Hand_0005264.jpg"", ""irregularities"": ""0""}}"
11k_Hands_impostor_101,HandGeometry\Hands\Hand_0006249.jpg,HandGeometry\Hands\Hand_0010238.jpg,handGeometry,False,0001037,0001525,11k_Hands,"{""record1_meta"": {""filename"": ""Hand_0006249"", ""age"": ""21"", ""gender"": ""female"", ""skinColor"": ""medium"", ""accessories"": ""0"", ""nailPolish"": ""0"", ""aspectOfHand"": ""palmar left"", ""imageName"": ""Hand_0006249.jpg"", ""irregularities"": ""0""}, ""record2_meta"": {""filename"": ""Hand_0010238"", ""age"": ""23"", ""gender"": ""female"", ""skinColor"": ""fair"", ""accessories"": ""0"", ""nailPolish"": ""0"", ""aspectOfHand"": ""palmar left"", ""imageName"": ""Hand_0010238.jpg"", ""irregularities"": ""0""}}"
11k_Hands_impostor_102,HandGeometry\Hands\Hand_0009252.jpg,HandGeometry\Hands\Hand_0009830.jpg,handGeometry,False,0000541,1100000,11k_Hands,"{""record1_meta"": {""filename"": ""Hand_0009252"", ""age"": ""21"", ""gender"": ""male"", ""skinColor"": ""fair"", ""accessories"": ""0"", ""nailPolish"": ""0"", ""aspectOfHand"": ""palmar right"", ""imageName"": ""Hand_0009252.jpg"", ""irregularities"": ""0""}, ""record2_meta"": {""filename"": ""Hand_0009830"", ""age"": ""25"", ""gender"": ""male"", ""skinColor"": ""medium"", ""accessories"": ""0"", ""nailPolish"": ""0"", ""aspectOfHand"": ""palmar right"", ""imageName"": ""Hand_0009830.jpg"", ""irregularities"": ""0""}}"
11k_Hands_impostor_103,HandGeometry\Hands\Hand_0002078.jpg,HandGeometry\Hands\Hand_0006682.jpg,handGeometry,False,0001555,0001556,11k_Hands,"{""record1_meta"": {""filename"": ""Hand_0002078"", ""age"": ""25"", ""gender"": ""male"", ""skinColor"": ""medium"", ""accessories"": ""0"", ""nailPolish"": ""0"", ""aspectOfHand"": ""dorsal left"", ""imageName"": ""Hand_0002078.jpg"", ""irregularities"": ""0""}, ""record2_meta"": {""filename"": ""Hand_0006682"", ""age"": ""22"", ""gender"": ""female"", ""skinColor"": ""medium"", ""accessories"": ""1"", ""nailPolish"": ""0"", ""aspectOfHand"": ""dorsal left"", ""imageName"": ""Hand_0006682.jpg"", ""irregularities"": ""0""}}"
11k_Hands_impostor_104,HandGeometry\Hands\Hand_0002758.jpg,HandGeometry\Hands\Hand_0000668.jpg,handGeometry,False,0001024,0001593,11k_Hands,"{""record1_meta"": {""filename"": ""Hand_0002758"", ""age"": ""22"", ""gender"": ""male"", ""skinColor"": ""medium"", ""accessories"": ""0"", ""nailPolish"": ""0"", ""aspectOfHand"": ""palmar right"", ""imageName"": ""Hand_0002758.jpg"", ""irregularities"": ""0""}, ""record2_meta"": {""filename"": ""Hand_0000668"", ""age"": ""20"", ""gender"": ""female"", ""skinColor"": ""medium"", ""accessories"": ""0"", ""nailPolish"": ""0"", ""aspectOfHand"": ""palmar right"", ""imageName"": ""Hand_0000668.jpg"", ""irregularities"": ""0""}}"
11k_Hands_impostor_105,HandGeometry\Hands\Hand_0003238.jpg,HandGeometry\Hands\Hand_0001330.jpg,handGeometry,False,0001544,0000514,11k_Hands,"{""record1_meta"": {""filename"": ""Hand_0003238"", ""age"": ""20"", ""gender"": ""female"", ""skinColor"": ""fair"", ""accessories"": ""0"", ""nailPolish"": ""0"", ""aspectOfHand"": ""palmar left"", ""imageName"": ""Hand_0003238.jpg"", ""irregularities"": ""0""}, ""record2_meta"": {""filename"": ""Hand_0001330"", ""age"": ""22"", ""gender"": ""female"", ""skinColor"": ""medium"", ""accessories"": ""0"", ""nailPolish"": ""0"", ""aspectOfHand"": ""palmar left"", ""imageName"": ""Hand_0001330.jpg"", ""irregularities"": ""0""}}"
11k_Hands_impostor_106,HandGeometry\Hands\Hand_0003323.jpg,HandGeometry\Hands\Hand_0001709.jpg,handGeometry,False,0001026,0001519,11k_Hands,"{""record1_meta"": {""filename"": ""Hand_0003323"", ""age"": ""21"", ""gender"": ""female"", ""skinColor"": ""fair"", ""accessories"": ""0"", ""nailPolish"": ""0"", ""aspectOfHand"": ""palmar left"", ""imageName"": ""Hand_0003323.jpg"", ""irregularities"": ""0""}, ""record2_meta"": {""filename"": ""Hand_0001709"", ""age"": ""20"", ""gender"": ""male"", ""skinColor"": ""medium"", ""accessories"": ""0"", ""nailPolish"": ""0"", ""aspectOfHand"": ""palmar left"", ""imageName"": ""Hand_0001709.jpg"", ""irregularities"": ""0""}}"
11k_Hands_impostor_107,HandGeometry\Hands\Hand_0009121.jpg,HandGeometry\Hands\Hand_0010745.jpg,handGeometry,False,0000538,0001090,11k_Hands,"{""record1_meta"": {""filename"": ""Hand_0009121"", ""age"": ""21"", ""gender"": ""female"", ""skinColor"": ""medium"", ""accessories"": ""1"", ""nailPolish"": ""0"", ""aspectOfHand"": ""dorsal left"", ""imageName"": ""Hand_0009121.jpg"", ""irregularities"": ""0""}, ""record2_meta"": {""filename"": ""Hand_0010745"", ""age"": ""22"", ""gender"": ""male"", ""skinColor"": ""fair"", ""accessories"": ""1"", ""nailPolish"": ""0"", ""aspectOfHand"": ""dorsal left"", ""imageName"": ""Hand_0010745.jpg"", ""irregularities"": ""0""}}"
11k_Hands_impostor_108,HandGeometry\Hands\Hand_0001905.jpg,HandGeometry\Hands\Hand_0001455.jpg,handGeometry,False,0001503,0001022,11k_Hands,"{""record1_meta"": {""filename"": ""Hand_0001905"", ""age"": ""21"", ""gender"": ""female"", ""skinColor"": ""fair"", ""accessories"": ""0"", ""nailPolish"": ""0"", ""aspectOfHand"": ""palmar left"", ""imageName"": ""Hand_0001905.jpg"", ""irregularities"": ""0""}, ""record2_meta"": {""filename"": ""Hand_0001455"", ""age"": ""20"", ""gender"": ""female"", ""skinColor"": ""dark"", ""accessories"": ""0"", ""nailPolish"": ""0"", ""aspectOfHand"": ""palmar left"", ""imageName"": ""Hand_0001455.jpg"", ""irregularities"": ""0""}}"
11k_Hands_impostor_109,HandGeometry\Hands\Hand_0009747.jpg,HandGeometry\Hands\Hand_0003192.jpg,handGeometry,False,8000000,0001019,11k_Hands,"{""record1_meta"": {""filename"": ""Hand_0009747"", ""age"": ""21"", ""gender"": ""male"", ""skinColor"": ""medium"", ""accessories"": ""0"", ""nailPolish"": ""0"", ""aspectOfHand"": ""dorsal left"", ""imageName"": ""Hand_0009747.jpg"", ""irregularities"": ""0""}, ""record2_meta"": {""filename"": ""Hand_0003192"", ""age"": ""21"", ""gender"": ""female"", ""skinColor"": ""very fair"", ""accessories"": ""1"", ""nailPolish"": ""0"", ""aspectOfHand"": ""dorsal left"", ""imageName"": ""Hand_0003192.jpg"", ""irregularities"": ""0""}}"
11k_Hands_impostor_110,HandGeometry\Hands\Hand_0005527.jpg,HandGeometry\Hands\Hand_0005352.jpg,handGeometry,False,0000576,0000055,11k_Hands,"{""record1_meta"": {""filename"": ""Hand_0005527"", ""age"": ""21"", ""gender"": ""female"", ""skinColor"": ""medium"", ""accessories"": ""0"", ""nailPolish"": ""0"", ""aspectOfHand"": ""palmar left"", ""imageName"": ""Hand_0005527.jpg"", ""irregularities"": ""0""}, ""record2_meta"": {""filename"": ""Hand_0005352"", ""age"": ""20"", ""gender"": ""female"", ""skinColor"": ""medium"", ""accessories"": ""0"", ""nailPolish"": ""0"", ""aspectOfHand"": ""palmar left"", ""imageName"": ""Hand_0005352.jpg"", ""irregularities"": ""0""}}"
11k_Hands_impostor_111,HandGeometry\Hands\Hand_0007072.jpg,HandGeometry\Hands\Hand_0000658.jpg,handGeometry,False,0000509,0001593,11k_Hands,"{""record1_meta"": {""filename"": ""Hand_0007072"", ""age"": ""21"", ""gender"": ""female"", ""skinColor"": ""medium"", ""accessories"": ""1"", ""nailPolish"": ""0"", ""aspectOfHand"": ""dorsal right"", ""imageName"": ""Hand_0007072.jpg"", ""irregularities"": ""0""}, ""record2_meta"": {""filename"": ""Hand_0000658"", ""age"": ""20"", ""gender"": ""female"", ""skinColor"": ""medium"", ""accessories"": ""0"", ""nailPolish"": ""0"", ""aspectOfHand"": ""dorsal right"", ""imageName"": ""Hand_0000658.jpg"", ""irregularities"": ""0""}}"
11k_Hands_impostor_112,HandGeometry\Hands\Hand_0011535.jpg,HandGeometry\Hands\Hand_0006545.jpg,handGeometry,False,0001075,0001560,11k_Hands,"{""record1_meta"": {""filename"": ""Hand_0011535"", ""age"": ""21"", ""gender"": ""male"", ""skinColor"": ""medium"", ""accessories"": ""0"", ""nailPolish"": ""0"", ""aspectOfHand"": ""palmar right"", ""imageName"": ""Hand_0011535.jpg"", ""irregularities"": ""0""}, ""record2_meta"": {""filename"": ""Hand_0006545"", ""age"": ""21"", ""gender"": ""male"", ""skinColor"": ""dark"", ""accessories"": ""0"", ""nailPolish"": ""0"", ""aspectOfHand"": ""palmar right"", ""imageName"": ""Hand_0006545.jpg"", ""irregularities"": ""0""}}"
11k_Hands_impostor_113,HandGeometry\Hands\Hand_0002089.jpg,HandGeometry\Hands\Hand_0009777.jpg,handGeometry,False,0000574,9000000,11k_Hands,"{""record1_meta"": {""filename"": ""Hand_0002089"", ""age"": ""20"", ""gender"": ""female"", ""skinColor"": ""fair"", ""accessories"": ""0"", ""nailPolish"": ""0"", ""aspectOfHand"": ""dorsal right"", ""imageName"": ""Hand_0002089.jpg"", ""irregularities"": ""0""}, ""record2_meta"": {""filename"": ""Hand_0009777"", ""age"": ""23"", ""gender"": ""male"", ""skinColor"": ""medium"", ""accessories"": ""0"", ""nailPolish"": ""0"", ""aspectOfHand"": ""dorsal right"", ""imageName"": ""Hand_0009777.jpg"", ""irregularities"": ""0""}}"
11k_Hands_impostor_114,HandGeometry\Hands\Hand_0000745.jpg,HandGeometry\Hands\Hand_0006153.jpg,handGeometry,False,0001023,0001547,11k_Hands,"{""record1_meta"": {""filename"": ""Hand_0000745"", ""age"": ""20"", ""gender"": ""female"", ""skinColor"": ""medium"", ""accessories"": ""0"", ""nailPolish"": ""0"", ""aspectOfHand"": ""palmar left"", ""imageName"": ""Hand_0000745.jpg"", ""irregularities"": ""0""}, ""record2_meta"": {""filename"": ""Hand_0006153"", ""age"": ""21"", ""gender"": ""female"", ""skinColor"": ""fair"", ""accessories"": ""0"", ""nailPolish"": ""0"", ""aspectOfHand"": ""palmar left"", ""imageName"": ""Hand_0006153.jpg"", ""irregularities"": ""0""}}"
11k_Hands_impostor_115,HandGeometry\Hands\Hand_0009013.jpg,HandGeometry\Hands\Hand_0010152.jpg,handGeometry,False,0000596,0000507,11k_Hands,"{""record1_meta"": {""filename"": ""Hand_0009013"", ""age"": ""22"", ""gender"": ""female"", ""skinColor"": ""fair"", ""accessories"": ""1"", ""nailPolish"": ""1"", ""aspectOfHand"": ""dorsal right"", ""imageName"": ""Hand_0009013.jpg"", ""irregularities"": ""0""}, ""record2_meta"": {""filename"": ""Hand_0010152"", ""age"": ""21"", ""gender"": ""female"", ""skinColor"": ""dark"", ""accessories"": ""0"", ""nailPolish"": ""0"", ""aspectOfHand"": ""dorsal right"", ""imageName"": ""Hand_0010152.jpg"", ""irregularities"": ""0""}}"
11k_Hands_impostor_116,HandGeometry\Hands\Hand_0003226.jpg,HandGeometry\Hands\Hand_0000185.jpg,handGeometry,False,0001544,0001585,11k_Hands,"{""record1_meta"": {""filename"": ""Hand_0003226"", ""age"": ""20"", ""gender"": ""female"", ""skinColor"": ""fair"", ""accessories"": ""0"", ""nailPolish"": ""0"", ""aspectOfHand"": ""palmar right"", ""imageName"": ""Hand_0003226.jpg"", ""irregularities"": ""0""}, ""record2_meta"": {""filename"": ""Hand_0000185"", ""age"": ""20"", ""gender"": ""female"", ""skinColor"": ""fair"", ""accessories"": ""0"", ""nailPolish"": ""0"", ""aspectOfHand"": ""palmar right"", ""imageName"": ""Hand_0000185.jpg"", ""irregularities"": ""0""}}"
11k_Hands_impostor_117,HandGeometry\Hands\Hand_0010529.jpg,HandGeometry\Hands\Hand_0010079.jpg,handGeometry,False,0000571,0000066,11k_Hands,"{""record1_meta"": {""filename"": ""Hand_0010529"", ""age"": ""23"", ""gender"": ""male"", ""skinColor"": ""medium"", ""accessories"": ""0"", ""nailPolish"": ""0"", ""aspectOfHand"": ""palmar left"", ""imageName"": ""Hand_0010529.jpg"", ""irregularities"": ""0""}, ""record2_meta"": {""filename"": ""Hand_0010079"", ""age"": ""26"", ""gender"": ""male"", ""skinColor"": ""fair"", ""accessories"": ""0"", ""nailPolish"": ""0"", ""aspectOfHand"": ""palmar left"", ""imageName"": ""Hand_0010079.jpg"", ""irregularities"": ""0""}}"
11k_Hands_impostor_118,HandGeometry\Hands\Hand_0011703.jpg,HandGeometry\Hands\Hand_0001221.jpg,handGeometry,False,0001589,0001069,11k_Hands,"{""record1_meta"": {""filename"": ""Hand_0011703"", ""age"": ""22"", ""gender"": ""female"", ""skinColor"": ""fair"", ""accessories"": ""0"", ""nailPolish"": ""0"", ""aspectOfHand"": ""palmar right"", ""imageName"": ""Hand_0011703.jpg"", ""irregularities"": ""0""}, ""record2_meta"": {""filename"": ""Hand_0001221"", ""age"": ""20"", ""gender"": ""female"", ""skinColor"": ""medium"", ""accessories"": ""0"", ""nailPolish"": ""0"", ""aspectOfHand"": ""palmar right"", ""imageName"": ""Hand_0001221.jpg"", ""irregularities"": ""0""}}"
11k_Hands_impostor_119,HandGeometry\Hands\Hand_0006539.jpg,HandGeometry\Hands\Hand_0005542.jpg,handGeometry,False,0001560,0001067,11k_Hands,"{""record1_meta"": {""filename"": ""Hand_0006539"", ""age"": ""21"", ""gender"": ""male"", ""skinColor"": ""dark"", ""accessories"": ""0"", ""nailPolish"": ""0"", ""aspectOfHand"": ""dorsal right"", ""imageName"": ""Hand_0006539.jpg"", ""irregularities"": ""0""}, ""record2_meta"": {""filename"": ""Hand_0005542"", ""age"": ""21"", ""gender"": ""female"", ""skinColor"": ""medium"", ""accessories"": ""1"", ""nailPolish"": ""1"", ""aspectOfHand"": ""dorsal right"", ""imageName"": ""Hand_0005542.jpg"", ""irregularities"": ""0""}}"
11k_Hands_impostor_120,HandGeometry\Hands\Hand_0008306.jpg,HandGeometry\Hands\Hand_0001904.jpg,handGeometry,False,0001014,0001503,11k_Hands,"{""record1_meta"": {""filename"": ""Hand_0008306"", ""age"": ""22"", ""gender"": ""female"", ""skinColor"": ""medium"", ""accessories"": ""0"", ""nailPolish"": ""0"", ""aspectOfHand"": ""palmar left"", ""imageName"": ""Hand_0008306.jpg"", ""irregularities"": ""0""}, ""record2_meta"": {""filename"": ""Hand_0001904"", ""age"": ""21"", ""gender"": ""female"", ""skinColor"": ""fair"", ""accessories"": ""0"", ""nailPolish"": ""0"", ""aspectOfHand"": ""palmar left"", ""imageName"": ""Hand_0001904.jpg"", ""irregularities"": ""0""}}"
11k_Hands_impostor_121,HandGeometry\Hands\Hand_0000549.jpg,HandGeometry\Hands\Hand_0008801.jpg,handGeometry,False,0000011,0000502,11k_Hands,"{""record1_meta"": {""filename"": ""Hand_0000549"", ""age"": ""20"", ""gender"": ""female"", ""skinColor"": ""medium"", ""accessories"": ""0"", ""nailPolish"": ""0"", ""aspectOfHand"": ""dorsal right"", ""imageName"": ""Hand_0000549.jpg"", ""irregularities"": ""0""}, ""record2_meta"": {""filename"": ""Hand_0008801"", ""age"": ""20"", ""gender"": ""female"", ""skinColor"": ""fair"", ""accessories"": ""1"", ""nailPolish"": ""0"", ""aspectOfHand"": ""dorsal right"", ""imageName"": ""Hand_0008801.jpg"", ""irregularities"": ""0""}}"
11k_Hands_impostor_122,HandGeometry\Hands\Hand_0002660.jpg,HandGeometry\Hands\Hand_0009257.jpg,handGeometry,False,0001540,0000541,11k_Hands,"{""record1_meta"": {""filename"": ""Hand_0002660"", ""age"": ""21"", ""gender"": ""male"", ""skinColor"": ""medium"", ""accessories"": ""0"", ""nailPolish"": ""0"", ""aspectOfHand"": ""palmar right"", ""imageName"": ""Hand_0002660.jpg"", ""irregularities"": ""0""}, ""record2_meta"": {""filename"": ""Hand_0009257"", ""age"": ""21"", ""gender"": ""male"", ""skinColor"": ""fair"", ""accessories"": ""0"", ""nailPolish"": ""0"", ""aspectOfHand"": ""palmar right"", ""imageName"": ""Hand_0009257.jpg"", ""irregularities"": ""0""}}"
11k_Hands_impostor_123,HandGeometry\Hands\Hand_0000977.jpg,HandGeometry\Hands\Hand_0003763.jpg,handGeometry,False,0000027,0001567,11k_Hands,"{""record1_meta"": {""filename"": ""Hand_0000977"", ""age"": ""23"", ""gender"": ""male"", ""skinColor"": ""fair"", ""accessories"": ""0"", ""nailPolish"": ""0"", ""aspectOfHand"": ""palmar left"", ""imageName"": ""Hand_0000977.jpg"", ""irregularities"": ""0""}, ""record2_meta"": {""filename"": ""Hand_0003763"", ""age"": ""20"", ""gender"": ""female"", ""skinColor"": ""fair"", ""accessories"": ""0"", ""nailPolish"": ""0"", ""aspectOfHand"": ""palmar left"", ""imageName"": ""Hand_0003763.jpg"", ""irregularities"": ""0""}}"
11k_Hands_impostor_124,HandGeometry\Hands\Hand_0000685.jpg,HandGeometry\Hands\Hand_0000555.jpg,handGeometry,False,0000004,0000011,11k_Hands,"{""record1_meta"": {""filename"": ""Hand_0000685"", ""age"": ""21"", ""gender"": ""female"", ""skinColor"": ""medium"", ""accessories"": ""0"", ""nailPolish"": ""0"", ""aspectOfHand"": ""palmar right"", ""imageName"": ""Hand_0000685.jpg"", ""irregularities"": ""0""}, ""record2_meta"": {""filename"": ""Hand_0000555"", ""age"": ""20"", ""gender"": ""female"", ""skinColor"": ""medium"", ""accessories"": ""0"", ""nailPolish"": ""0"", ""aspectOfHand"": ""palmar right"", ""imageName"": ""Hand_0000555.jpg"", ""irregularities"": ""0""}}"
11k_Hands_impostor_125,HandGeometry\Hands\Hand_0001969.jpg,HandGeometry\Hands\Hand_0005582.jpg,handGeometry,False,0001070,0001067,11k_Hands,"{""record1_meta"": {""filename"": ""Hand_0001969"", ""age"": ""20"", ""gender"": ""female"", ""skinColor"": ""medium"", ""accessories"": ""1"", ""nailPolish"": ""0"", ""aspectOfHand"": ""palmar right"", ""imageName"": ""Hand_0001969.jpg"", ""irregularities"": ""0""}, ""record2_meta"": {""filename"": ""Hand_0005582"", ""age"": ""21"", ""gender"": ""female"", ""skinColor"": ""medium"", ""accessories"": ""1"", ""nailPolish"": ""0"", ""aspectOfHand"": ""palmar right"", ""imageName"": ""Hand_0005582.jpg"", ""irregularities"": ""0""}}"
11k_Hands_impostor_126,HandGeometry\Hands\Hand_0007812.jpg,HandGeometry\Hands\Hand_0008846.jpg,handGeometry,False,0001052,0000528,11k_Hands,"{""record1_meta"": {""filename"": ""Hand_0007812"", ""age"": ""21"", ""gender"": ""female"", ""skinColor"": ""medium"", ""accessories"": ""1"", ""nailPolish"": ""1"", ""aspectOfHand"": ""dorsal right"", ""imageName"": ""Hand_0007812.jpg"", ""irregularities"": ""0""}, ""record2_meta"": {""filename"": ""Hand_0008846"", ""age"": ""22"", ""gender"": ""female"", ""skinColor"": ""medium"", ""accessories"": ""1"", ""nailPolish"": ""1"", ""aspectOfHand"": ""dorsal right"", ""imageName"": ""Hand_0008846.jpg"", ""irregularities"": ""0""}}"
11k_Hands_impostor_127,HandGeometry\Hands\Hand_0010862.jpg,HandGeometry\Hands\Hand_0010527.jpg,handGeometry,False,0001089,0000571,11k_Hands,"{""record1_meta"": {""filename"": ""Hand_0010862"", ""age"": ""22"", ""gender"": ""male"", ""skinColor"": ""very fair"", ""accessories"": ""0"", ""nailPolish"": ""0"", ""aspectOfHand"": ""palmar left"", ""imageName"": ""Hand_0010862.jpg"", ""irregularities"": ""0""}, ""record2_meta"": {""filename"": ""Hand_0010527"", ""age"": ""23"", ""gender"": ""male"", ""skinColor"": ""medium"", ""accessories"": ""0"", ""nailPolish"": ""0"", ""aspectOfHand"": ""palmar left"", ""imageName"": ""Hand_0010527.jpg"", ""irregularities"": ""0""}}"
11k_Hands_impostor_128,HandGeometry\Hands\Hand_0006915.jpg,HandGeometry\Hands\Hand_0009563.jpg,handGeometry,False,0001028,4000000,11k_Hands,"{""record1_meta"": {""filename"": ""Hand_0006915"", ""age"": ""21"", ""gender"": ""male"", ""skinColor"": ""dark"", ""accessories"": ""0"", ""nailPolish"": ""0"", ""aspectOfHand"": ""palmar right"", ""imageName"": ""Hand_0006915.jpg"", ""irregularities"": ""0""}, ""record2_meta"": {""filename"": ""Hand_0009563"", ""age"": ""19"", ""gender"": ""female"", ""skinColor"": ""fair"", ""accessories"": ""0"", ""nailPolish"": ""0"", ""aspectOfHand"": ""palmar right"", ""imageName"": ""Hand_0009563.jpg"", ""irregularities"": ""0""}}"
11k_Hands_impostor_129,HandGeometry\Hands\Hand_0002434.jpg,HandGeometry\Hands\Hand_0007845.jpg,handGeometry,False,0001020,0001052,11k_Hands,"{""record1_meta"": {""filename"": ""Hand_0002434"", ""age"": ""20"", ""gender"": ""female"", ""skinColor"": ""medium"", ""accessories"": ""0"", ""nailPolish"": ""0"", ""aspectOfHand"": ""palmar left"", ""imageName"": ""Hand_0002434.jpg"", ""irregularities"": ""0""}, ""record2_meta"": {""filename"": ""Hand_0007845"", ""age"": ""21"", ""gender"": ""female"", ""skinColor"": ""medium"", ""accessories"": ""0"", ""nailPolish"": ""0"", ""aspectOfHand"": ""palmar left"", ""imageName"": ""Hand_0007845.jpg"", ""irregularities"": ""0""}}"
11k_Hands_impostor_130,HandGeometry\Hands\Hand_0003235.jpg,HandGeometry\Hands\Hand_0001495.jpg,handGeometry,False,0001544,0001081,11k_Hands,"{""record1_meta"": {""filename"": ""Hand_0003235"", ""age"": ""20"", ""gender"": ""female"", ""skinColor"": ""fair"", ""accessories"": ""0"", ""nailPolish"": ""0"", ""aspectOfHand"": ""palmar left"", ""imageName"": ""Hand_0003235.jpg"", ""irregularities"": ""0""}, ""record2_meta"": {""filename"": ""Hand_0001495"", ""age"": ""21"", ""gender"": ""female"", ""skinColor"": ""medium"", ""accessories"": ""0"", ""nailPolish"": ""0"", ""aspectOfHand"": ""palmar left"", ""imageName"": ""Hand_0001495.jpg"", ""irregularities"": ""0""}}"
11k_Hands_impostor_131,HandGeometry\Hands\Hand_0000559.jpg,HandGeometry\Hands\Hand_0009222.jpg,handGeometry,False,0000063,0001009,11k_Hands,"{""record1_meta"": {""filename"": ""Hand_0000559"", ""age"": ""21"", ""gender"": ""female"", ""skinColor"": ""medium"", ""accessories"": ""1"", ""nailPolish"": ""0"", ""aspectOfHand"": ""dorsal right"", ""imageName"": ""Hand_0000559.jpg"", ""irregularities"": ""0""}, ""record2_meta"": {""filename"": ""Hand_0009222"", ""age"": ""23"", ""gender"": ""male"", ""skinColor"": ""medium"", ""accessories"": ""0"", ""nailPolish"": ""0"", ""aspectOfHand"": ""dorsal right"", ""imageName"": ""Hand_0009222.jpg"", ""irregularities"": ""0""}}"
11k_Hands_impostor_132,HandGeometry\Hands\Hand_0008262.jpg,HandGeometry\Hands\Hand_0005510.jpg,handGeometry,False,0000501,0000576,11k_Hands,"{""record1_meta"": {""filename"": ""Hand_0008262"", ""age"": ""21"", ""gender"": ""female"", ""skinColor"": ""medium"", ""accessories"": ""0"", ""nailPolish"": ""0"", ""aspectOfHand"": ""palmar right"", ""imageName"": ""Hand_0008262.jpg"", ""irregularities"": ""0""}, ""record2_meta"": {""filename"": ""Hand_0005510"", ""age"": ""21"", ""gender"": ""female"", ""skinColor"": ""medium"", ""accessories"": ""0"", ""nailPolish"": ""0"", ""aspectOfHand"": ""palmar right"", ""imageName"": ""Hand_0005510.jpg"", ""irregularities"": ""0""}}"
11k_Hands_impostor_133,HandGeometry\Hands\Hand_0002309.jpg,HandGeometry\Hands\Hand_0004052.jpg,handGeometry,False,0001020,0001013,11k_Hands,"{""record1_meta"": {""filename"": ""Hand_0002309"", ""age"": ""20"", ""gender"": ""female"", ""skinColor"": ""medium"", ""accessories"": ""0"", ""nailPolish"": ""0"", ""aspectOfHand"": ""dorsal right"", ""imageName"": ""Hand_0002309.jpg"", ""irregularities"": ""0""}, ""record2_meta"": {""filename"": ""Hand_0004052"", ""age"": ""21"", ""gender"": ""male"", ""skinColor"": ""fair"", ""accessories"": ""0"", ""nailPolish"": ""0"", ""aspectOfHand"": ""dorsal right"", ""imageName"": ""Hand_0004052.jpg"", ""irregularities"": ""0""}}"
11k_Hands_impostor_134,HandGeometry\Hands\Hand_0010157.jpg,HandGeometry\Hands\Hand_0001685.jpg,handGeometry,False,0000507,0001519,11k_Hands,"{""record1_meta"": {""filename"": ""Hand_0010157"", ""age"": ""21"", ""gender"": ""female"", ""skinColor"": ""dark"", ""accessories"": ""0"", ""nailPolish"": ""0"", ""aspectOfHand"": ""palmar right"", ""imageName"": ""Hand_0010157.jpg"", ""irregularities"": ""0""}, ""record2_meta"": {""filename"": ""Hand_0001685"", ""age"": ""20"", ""gender"": ""male"", ""skinColor"": ""medium"", ""accessories"": ""1"", ""nailPolish"": ""0"", ""aspectOfHand"": ""palmar right"", ""imageName"": ""Hand_0001685.jpg"", ""irregularities"": ""0""}}"
11k_Hands_impostor_135,HandGeometry\Hands\Hand_0010528.jpg,HandGeometry\Hands\Hand_0010376.jpg,handGeometry,False,0000571,0000084,11k_Hands,"{""record1_meta"": {""filename"": ""Hand_0010528"", ""age"": ""23"", ""gender"": ""male"", ""skinColor"": ""medium"", ""accessories"": ""0"", ""nailPolish"": ""0"", ""aspectOfHand"": ""palmar left"", ""imageName"": ""Hand_0010528.jpg"", ""irregularities"": ""0""}, ""record2_meta"": {""filename"": ""Hand_0010376"", ""age"": ""22"", ""gender"": ""male"", ""skinColor"": ""fair"", ""accessories"": ""0"", ""nailPolish"": ""0"", ""aspectOfHand"": ""palmar left"", ""imageName"": ""Hand_0010376.jpg"", ""irregularities"": ""0""}}"
11k_Hands_impostor_136,HandGeometry\Hands\Hand_0003678.jpg,HandGeometry\Hands\Hand_0010903.jpg,handGeometry,False,0001569,0001550,11k_Hands,"{""record1_meta"": {""filename"": ""Hand_0003678"", ""age"": ""21"", ""gender"": ""female"", ""skinColor"": ""medium"", ""accessories"": ""1"", ""nailPolish"": ""0"", ""aspectOfHand"": ""dorsal left"", ""imageName"": ""Hand_0003678.jpg"", ""irregularities"": ""0""}, ""record2_meta"": {""filename"": ""Hand_0010903"", ""age"": ""24"", ""gender"": ""male"", ""skinColor"": ""medium"", ""accessories"": ""0"", ""nailPolish"": ""0"", ""aspectOfHand"": ""dorsal left"", ""imageName"": ""Hand_0010903.jpg"", ""irregularities"": ""0""}}"
11k_Hands_impostor_137,HandGeometry\Hands\Hand_0000793.jpg,HandGeometry\Hands\Hand_0011358.jpg,handGeometry,False,0000570,0001531,11k_Hands,"{""record1_meta"": {""filename"": ""Hand_0000793"", ""age"": ""21"", ""gender"": ""female"", ""skinColor"": ""medium"", ""accessories"": ""0"", ""nailPolish"": ""0"", ""aspectOfHand"": ""palmar right"", ""imageName"": ""Hand_0000793.jpg"", ""irregularities"": ""1""}, ""record2_meta"": {""filename"": ""Hand_0011358"", ""age"": ""22"", ""gender"": ""male"", ""skinColor"": ""medium"", ""accessories"": ""0"", ""nailPolish"": ""0"", ""aspectOfHand"": ""palmar right"", ""imageName"": ""Hand_0011358.jpg"", ""irregularities"": ""0""}}"
11k_Hands_impostor_138,HandGeometry\Hands\Hand_0009682.jpg,HandGeometry\Hands\Hand_0011150.jpg,handGeometry,False,7000000,0001011,11k_Hands,"{""record1_meta"": {""filename"": ""Hand_0009682"", ""age"": ""24"", ""gender"": ""male"", ""skinColor"": ""fair"", ""accessories"": ""0"", ""nailPolish"": ""0"", ""aspectOfHand"": ""dorsal left"", ""imageName"": ""Hand_0009682.jpg"", ""irregularities"": ""0""}, ""record2_meta"": {""filename"": ""Hand_0011150"", ""age"": ""22"", ""gender"": ""male"", ""skinColor"": ""fair"", ""accessories"": ""1"", ""nailPolish"": ""0"", ""aspectOfHand"": ""dorsal left"", ""imageName"": ""Hand_0011150.jpg"", ""irregularities"": ""0""}}"
11k_Hands_impostor_139,HandGeometry\Hands\Hand_0000377.jpg,HandGeometry\Hands\Hand_0002693.jpg,handGeometry,False,0000081,0001540,11k_Hands,"{""record1_meta"": {""filename"": ""Hand_0000377"", ""age"": ""20"", ""gender"": ""female"", ""skinColor"": ""fair"", ""accessories"": ""0"", ""nailPolish"": ""1"", ""aspectOfHand"": ""dorsal left"", ""imageName"": ""Hand_0000377.jpg"", ""irregularities"": ""0""}, ""record2_meta"": {""filename"": ""Hand_0002693"", ""age"": ""21"", ""gender"": ""male"", ""skinColor"": ""medium"", ""accessories"": ""0"", ""nailPolish"": ""0"", ""aspectOfHand"": ""dorsal left"", ""imageName"": ""Hand_0002693.jpg"", ""irregularities"": ""0""}}"
11k_Hands_impostor_140,HandGeometry\Hands\Hand_0011212.jpg,HandGeometry\Hands\Hand_0005658.jpg,handGeometry,False,0001088,0001041,11k_Hands,"{""record1_meta"": {""filename"": ""Hand_0011212"", ""age"": ""22"", ""gender"": ""male"", ""skinColor"": ""medium"", ""accessories"": ""0"", ""nailPolish"": ""0"", ""aspectOfHand"": ""dorsal left"", ""imageName"": ""Hand_0011212.jpg"", ""irregularities"": ""0""}, ""record2_meta"": {""filename"": ""Hand_0005658"", ""age"": ""20"", ""gender"": ""female"", ""skinColor"": ""medium"", ""accessories"": ""1"", ""nailPolish"": ""0"", ""aspectOfHand"": ""dorsal left"", ""imageName"": ""Hand_0005658.jpg"", ""irregularities"": ""0""}}"
11k_Hands_impostor_141,HandGeometry\Hands\Hand_0010447.jpg,HandGeometry\Hands\Hand_0005854.jpg,handGeometry,False,0000518,0000588,11k_Hands,"{""record1_meta"": {""filename"": ""Hand_0010447"", ""age"": ""23"", ""gender"": ""male"", ""skinColor"": ""medium"", ""accessories"": ""0"", ""nailPolish"": ""0"", ""aspectOfHand"": ""palmar right"", ""imageName"": ""Hand_0010447.jpg"", ""irregularities"": ""0""}, ""record2_meta"": {""filename"": ""Hand_0005854"", ""age"": ""21"", ""gender"": ""female"", ""skinColor"": ""medium"", ""accessories"": ""0"", ""nailPolish"": ""0"", ""aspectOfHand"": ""palmar right"", ""imageName"": ""Hand_0005854.jpg"", ""irregularities"": ""0""}}"
11k_Hands_impostor_142,HandGeometry\Hands\Hand_0010989.jpg,HandGeometry\Hands\Hand_0003068.jpg,handGeometry,False,0001060,0001549,11k_Hands,"{""record1_meta"": {""filename"": ""Hand_0010989"", ""age"": ""23"", ""gender"": ""male"", ""skinColor"": ""medium"", ""accessories"": ""0"", ""nailPolish"": ""0"", ""aspectOfHand"": ""palmar right"", ""imageName"": ""Hand_0010989.jpg"", ""irregularities"": ""0""}, ""record2_meta"": {""filename"": ""Hand_0003068"", ""age"": ""20"", ""gender"": ""female"", ""skinColor"": ""medium"", ""accessories"": ""0"", ""nailPolish"": ""0"", ""aspectOfHand"": ""palmar right"", ""imageName"": ""Hand_0003068.jpg"", ""irregularities"": ""0""}}"
11k_Hands_impostor_143,HandGeometry\Hands\Hand_0000554.jpg,HandGeometry\Hands\Hand_0008726.jpg,handGeometry,False,0000011,0000093,11k_Hands,"{""record1_meta"": {""filename"": ""Hand_0000554"", ""age"": ""20"", ""gender"": ""female"", ""skinColor"": ""medium"", ""accessories"": ""0"", ""nailPolish"": ""0"", ""aspectOfHand"": ""palmar right"", ""imageName"": ""Hand_0000554.jpg"", ""irregularities"": ""0""}, ""record2_meta"": {""filename"": ""Hand_0008726"", ""age"": ""21"", ""gender"": ""female"", ""skinColor"": ""medium"", ""accessories"": ""1"", ""nailPolish"": ""0"", ""aspectOfHand"": ""palmar right"", ""imageName"": ""Hand_0008726.jpg"", ""irregularities"": ""0""}}"
11k_Hands_impostor_144,HandGeometry\Hands\Hand_0006289.jpg,HandGeometry\Hands\Hand_0004424.jpg,handGeometry,False,0001559,0001066,11k_Hands,"{""record1_meta"": {""filename"": ""Hand_0006289"", ""age"": ""20"", ""gender"": ""female"", ""skinColor"": ""medium"", ""accessories"": ""0"", ""nailPolish"": ""0"", ""aspectOfHand"": ""dorsal right"", ""imageName"": ""Hand_0006289.jpg"", ""irregularities"": ""0""}, ""record2_meta"": {""filename"": ""Hand_0004424"", ""age"": ""21"", ""gender"": ""female"", ""skinColor"": ""medium"", ""accessories"": ""0"", ""nailPolish"": ""0"", ""aspectOfHand"": ""dorsal right"", ""imageName"": ""Hand_0004424.jpg"", ""irregularities"": ""0""}}"
11k_Hands_impostor_145,HandGeometry\Hands\Hand_0000161.jpg,HandGeometry\Hands\Hand_0009810.jpg,handGeometry,False,0000594,9000000,11k_Hands,"{""record1_meta"": {""filename"": ""Hand_0000161"", ""age"": ""20"", ""gender"": ""female"", ""skinColor"": ""medium"", ""accessories"": ""0"", ""nailPolish"": ""0"", ""aspectOfHand"": ""palmar left"", ""imageName"": ""Hand_0000161.jpg"", ""irregularities"": ""0""}, ""record2_meta"": {""filename"": ""Hand_0009810"", ""age"": ""23"", ""gender"": ""male"", ""skinColor"": ""medium"", ""accessories"": ""0"", ""nailPolish"": ""0"", ""aspectOfHand"": ""palmar left"", ""imageName"": ""Hand_0009810.jpg"", ""irregularities"": ""0""}}"
11k_Hands_impostor_146,HandGeometry\Hands\Hand_0010753.jpg,HandGeometry\Hands\Hand_0010353.jpg,handGeometry,False,0001090,0000084,11k_Hands,"{""record1_meta"": {""filename"": ""Hand_0010753"", ""age"": ""22"", ""gender"": ""male"", ""skinColor"": ""fair"", ""accessories"": ""1"", ""nailPolish"": ""0"", ""aspectOfHand"": ""dorsal left"", ""imageName"": ""Hand_0010753.jpg"", ""irregularities"": ""0""}, ""record2_meta"": {""filename"": ""Hand_0010353"", ""age"": ""22"", ""gender"": ""male"", ""skinColor"": ""fair"", ""accessories"": ""0"", ""nailPolish"": ""0"", ""aspectOfHand"": ""dorsal left"", ""imageName"": ""Hand_0010353.jpg"", ""irregularities"": ""0""}}"
11k_Hands_impostor_147,HandGeometry\Hands\Hand_0009215.jpg,HandGeometry\Hands\Hand_0002626.jpg,handGeometry,False,0001009,0001540,11k_Hands,"{""record1_meta"": {""filename"": ""Hand_0009215"", ""age"": ""23"", ""gender"": ""male"", ""skinColor"": ""medium"", ""accessories"": ""0"", ""nailPolish"": ""0"", ""aspectOfHand"": ""dorsal right"", ""imageName"": ""Hand_0009215.jpg"", ""irregularities"": ""0""}, ""record2_meta"": {""filename"": ""Hand_0002626"", ""age"": ""21"", ""gender"": ""male"", ""skinColor"": ""medium"", ""accessories"": ""0"", ""nailPolish"": ""0"", ""aspectOfHand"": ""dorsal right"", ""imageName"": ""Hand_0002626.jpg"", ""irregularities"": ""0""}}"
11k_Hands_impostor_148,HandGeometry\Hands\Hand_0000655.jpg,HandGeometry\Hands\Hand_0000888.jpg,handGeometry,False,0001593,0000057,11k_Hands,"{""record1_meta"": {""filename"": ""Hand_0000655"", ""age"": ""20"", ""gender"": ""female"", ""skinColor"": ""medium"", ""accessories"": ""1"", ""nailPolish"": ""0"", ""aspectOfHand"": ""palmar left"", ""imageName"": ""Hand_0000655.jpg"", ""irregularities"": ""0""}, ""record2_meta"": {""filename"": ""Hand_0000888"", ""age"": ""26"", ""gender"": ""male"", ""skinColor"": ""dark"", ""accessories"": ""0"", ""nailPolish"": ""0"", ""aspectOfHand"": ""palmar left"", ""imageName"": ""Hand_0000888.jpg"", ""irregularities"": ""0""}}"
11k_Hands_impostor_149,HandGeometry\Hands\Hand_0002495.jpg,HandGeometry\Hands\Hand_0001955.jpg,handGeometry,False,0001537,0001070,11k_Hands,"{""record1_meta"": {""filename"": ""Hand_0002495"", ""age"": ""22"", ""gender"": ""female"", ""skinColor"": ""medium"", ""accessories"": ""1"", ""nailPolish"": ""0"", ""aspectOfHand"": ""palmar left"", ""imageName"": ""Hand_0002495.jpg"", ""irregularities"": ""0""}, ""record2_meta"": {""filename"": ""Hand_0001955"", ""age"": ""20"", ""gender"": ""female"", ""skinColor"": ""medium"", ""accessories"": ""0"", ""nailPolish"": ""0"", ""aspectOfHand"": ""palmar left"", ""imageName"": ""Hand_0001955.jpg"", ""irregularities"": ""0""}}"
11k_Hands_impostor_150,HandGeometry\Hands\Hand_0009378.jpg,HandGeometry\Hands\Hand_0004627.jpg,handGeometry,False,1000000,0001033,11k_Hands,"{""record1_meta"": {""filename"": ""Hand_0009378"", ""age"": ""70"", ""gender"": ""male"", ""skinColor"": ""dark"", ""accessories"": ""0"", ""nailPolish"": ""0"", ""aspectOfHand"": ""dorsal left"", ""imageName"": ""Hand_0009378.jpg"", ""irregularities"": ""0""}, ""record2_meta"": {""filename"": ""Hand_0004627"", ""age"": ""20"", ""gender"": ""female"", ""skinColor"": ""medium"", ""accessories"": ""0"", ""nailPolish"": ""0"", ""aspectOfHand"": ""dorsal left"", ""imageName"": ""Hand_0004627.jpg"", ""irregularities"": ""0""}}"
11k_Hands_impostor_151,HandGeometry\Hands\Hand_0000596.jpg,HandGeometry\Hands\Hand_0000144.jpg,handGeometry,False,0001592,0000505,11k_Hands,"{""record1_meta"": {""filename"": ""Hand_0000596"", ""age"": ""20"", ""gender"": ""female"", ""skinColor"": ""medium"", ""accessories"": ""0"", ""nailPolish"": ""0"", ""aspectOfHand"": ""dorsal left"", ""imageName"": ""Hand_0000596.jpg"", ""irregularities"": ""0""}, ""record2_meta"": {""filename"": ""Hand_0000144"", ""age"": ""21"", ""gender"": ""female"", ""skinColor"": ""medium"", ""accessories"": ""0"", ""nailPolish"": ""0"", ""aspectOfHand"": ""dorsal left"", ""imageName"": ""Hand_0000144.jpg"", ""irregularities"": ""0""}}"
11k_Hands_impostor_152,HandGeometry\Hands\Hand_0007910.jpg,HandGeometry\Hands\Hand_0007993.jpg,handGeometry,False,0001539,0001597,11k_Hands,"{""record1_meta"": {""filename"": ""Hand_0007910"", ""age"": ""21"", ""gender"": ""female"", ""skinColor"": ""medium"", ""accessories"": ""0"", ""nailPolish"": ""0"", ""aspectOfHand"": ""palmar left"", ""imageName"": ""Hand_0007910.jpg"", ""irregularities"": ""0""}, ""record2_meta"": {""filename"": ""Hand_0007993"", ""age"": ""21"", ""gender"": ""female"", ""skinColor"": ""medium"", ""accessories"": ""0"", ""nailPolish"": ""0"", ""aspectOfHand"": ""palmar left"", ""imageName"": ""Hand_0007993.jpg"", ""irregularities"": ""0""}}"
11k_Hands_impostor_153,HandGeometry\Hands\Hand_0003544.jpg,HandGeometry\Hands\Hand_0001870.jpg,handGeometry,False,0001571,0000067,11k_Hands,"{""record1_meta"": {""filename"": ""Hand_0003544"", ""age"": ""21"", ""gender"": ""female"", ""skinColor"": ""fair"", ""accessories"": ""1"", ""nailPolish"": ""0"", ""aspectOfHand"": ""palmar right"", ""imageName"": ""Hand_0003544.jpg"", ""irregularities"": ""0""}, ""record2_meta"": {""filename"": ""Hand_0001870"", ""age"": ""22"", ""gender"": ""male"", ""skinColor"": ""medium"", ""accessories"": ""1"", ""nailPolish"": ""0"", ""aspectOfHand"": ""palmar right"", ""imageName"": ""Hand_0001870.jpg"", ""irregularities"": ""0""}}"
11k_Hands_impostor_154,HandGeometry\Hands\Hand_0010480.jpg,HandGeometry\Hands\Hand_0004293.jpg,handGeometry,False,0000518,0001034,11k_Hands,"{""record1_meta"": {""filename"": ""Hand_0010480"", ""age"": ""23"", ""gender"": ""male"", ""skinColor"": ""medium"", ""accessories"": ""0"", ""nailPolish"": ""0"", ""aspectOfHand"": ""palmar left"", ""imageName"": ""Hand_0010480.jpg"", ""irregularities"": ""0""}, ""record2_meta"": {""filename"": ""Hand_0004293"", ""age"": ""21"", ""gender"": ""female"", ""skinColor"": ""medium"", ""accessories"": ""1"", ""nailPolish"": ""0"", ""aspectOfHand"": ""palmar left"", ""imageName"": ""Hand_0004293.jpg"", ""irregularities"": ""0""}}"
11k_Hands_impostor_155,HandGeometry\Hands\Hand_0008712.jpg,HandGeometry\Hands\Hand_0003491.jpg,handGeometry,False,0000093,0001036,11k_Hands,"{""record1_meta"": {""filename"": ""Hand_0008712"", ""age"": ""21"", ""gender"": ""female"", ""skinColor"": ""medium"", ""accessories"": ""1"", ""nailPolish"": ""0"", ""aspectOfHand"": ""palmar right"", ""imageName"": ""Hand_0008712.jpg"", ""irregularities"": ""0""}, ""record2_meta"": {""filename"": ""Hand_0003491"", ""age"": ""21"", ""gender"": ""female"", ""skinColor"": ""fair"", ""accessories"": ""1"", ""nailPolish"": ""0"", ""aspectOfHand"": ""palmar right"", ""imageName"": ""Hand_0003491.jpg"", ""irregularities"": ""0""}}"
11k_Hands_impostor_156,HandGeometry\Hands\Hand_0003547.jpg,HandGeometry\Hands\Hand_0009156.jpg,handGeometry,False,0001571,0001043,11k_Hands,"{""record1_meta"": {""filename"": ""Hand_0003547"", ""age"": ""21"", ""gender"": ""female"", ""skinColor"": ""fair"", ""accessories"": ""1"", ""nailPolish"": ""0"", ""aspectOfHand"": ""palmar right"", ""imageName"": ""Hand_0003547.jpg"", ""irregularities"": ""0""}, ""record2_meta"": {""filename"": ""Hand_0009156"", ""age"": ""21"", ""gender"": ""male"", ""skinColor"": ""fair"", ""accessories"": ""0"", ""nailPolish"": ""0"", ""aspectOfHand"": ""palmar right"", ""imageName"": ""Hand_0009156.jpg"", ""irregularities"": ""0""}}"
11k_Hands_impostor_157,HandGeometry\Hands\Hand_0008448.jpg,HandGeometry\Hands\Hand_0004263.jpg,handGeometry,False,0001573,0001034,11k_Hands,"{""record1_meta"": {""filename"": ""Hand_0008448"", ""age"": ""21"", ""gender"": ""female"", ""skinColor"": ""medium"", ""accessories"": ""0"", ""nailPolish"": ""0"", ""aspectOfHand"": ""palmar right"", ""imageName"": ""Hand_0008448.jpg"", ""irregularities"": ""0""}, ""record2_meta"": {""filename"": ""Hand_0004263"", ""age"": ""21"", ""gender"": ""female"", ""skinColor"": ""medium"", ""accessories"": ""1"", ""nailPolish"": ""0"", ""aspectOfHand"": ""palmar right"", ""imageName"": ""Hand_0004263.jpg"", ""irregularities"": ""0""}}"
11k_Hands_impostor_158,HandGeometry\Hands\Hand_0007266.jpg,HandGeometry\Hands\Hand_0007003.jpg,handGeometry,False,0001562,0001051,11k_Hands,"{""record1_meta"": {""filename"": ""Hand_0007266"", ""age"": ""23"", ""gender"": ""female"", ""skinColor"": ""fair"", ""accessories"": ""0"", ""nailPolish"": ""0"", ""aspectOfHand"": ""dorsal left"", ""imageName"": ""Hand_0007266.jpg"", ""irregularities"": ""0""}, ""record2_meta"": {""filename"": ""Hand_0007003"", ""age"": ""21"", ""gender"": ""male"", ""skinColor"": ""medium"", ""accessories"": ""0"", ""nailPolish"": ""0"", ""aspectOfHand"": ""dorsal left"", ""imageName"": ""Hand_0007003.jpg"", ""irregularities"": ""0""}}"
11k_Hands_impostor_159,HandGeometry\Hands\Hand_0011591.jpg,HandGeometry\Hands\Hand_0001568.jpg,handGeometry,False,0000092,0001528,11k_Hands,"{""record1_meta"": {""filename"": ""Hand_0011591"", ""age"": ""22"", ""gender"": ""female"", ""skinColor"": ""fair"", ""accessories"": ""1"", ""nailPolish"": ""0"", ""aspectOfHand"": ""dorsal right"", ""imageName"": ""Hand_0011591.jpg"", ""irregularities"": ""0""}, ""record2_meta"": {""filename"": ""Hand_0001568"", ""age"": ""20"", ""gender"": ""female"", ""skinColor"": ""fair"", ""accessories"": ""0"", ""nailPolish"": ""1"", ""aspectOfHand"": ""dorsal right"", ""imageName"": ""Hand_0001568.jpg"", ""irregularities"": ""0""}}"
11k_Hands_impostor_160,HandGeometry\Hands\Hand_0009683.jpg,HandGeometry\Hands\Hand_0009122.jpg,handGeometry,False,7000000,0000538,11k_Hands,"{""record1_meta"": {""filename"": ""Hand_0009683"", ""age"": ""24"", ""gender"": ""male"", ""skinColor"": ""fair"", ""accessories"": ""0"", ""nailPolish"": ""0"", ""aspectOfHand"": ""dorsal left"", ""imageName"": ""Hand_0009683.jpg"", ""irregularities"": ""0""}, ""record2_meta"": {""filename"": ""Hand_0009122"", ""age"": ""21"", ""gender"": ""female"", ""skinColor"": ""medium"", ""accessories"": ""1"", ""nailPolish"": ""0"", ""aspectOfHand"": ""dorsal left"", ""imageName"": ""Hand_0009122.jpg"", ""irregularities"": ""0""}}"
11k_Hands_impostor_161,HandGeometry\Hands\Hand_0011005.jpg,HandGeometry\Hands\Hand_0008211.jpg,handGeometry,False,0001060,0001024,11k_Hands,"{""record1_meta"": {""filename"": ""Hand_0011005"", ""age"": ""23"", ""gender"": ""male"", ""skinColor"": ""medium"", ""accessories"": ""0"", ""nailPolish"": ""0"", ""aspectOfHand"": ""dorsal left"", ""imageName"": ""Hand_0011005.jpg"", ""irregularities"": ""0""}, ""record2_meta"": {""filename"": ""Hand_0008211"", ""age"": ""22"", ""gender"": ""male"", ""skinColor"": ""medium"", ""accessories"": ""0"", ""nailPolish"": ""0"", ""aspectOfHand"": ""dorsal left"", ""imageName"": ""Hand_0008211.jpg"", ""irregularities"": ""0""}}"
11k_Hands_impostor_162,HandGeometry\Hands\Hand_0000545.jpg,HandGeometry\Hands\Hand_0003725.jpg,handGeometry,False,0000011,0001567,11k_Hands,"{""record1_meta"": {""filename"": ""Hand_0000545"", ""age"": ""20"", ""gender"": ""female"", ""skinColor"": ""medium"", ""accessories"": ""0"", ""nailPolish"": ""0"", ""aspectOfHand"": ""dorsal right"", ""imageName"": ""Hand_0000545.jpg"", ""irregularities"": ""0""}, ""record2_meta"": {""filename"": ""Hand_0003725"", ""age"": ""20"", ""gender"": ""female"", ""skinColor"": ""fair"", ""accessories"": ""0"", ""nailPolish"": ""0"", ""aspectOfHand"": ""dorsal right"", ""imageName"": ""Hand_0003725.jpg"", ""irregularities"": ""0""}}"
11k_Hands_impostor_163,HandGeometry\Hands\Hand_0009888.jpg,HandGeometry\Hands\Hand_0003511.jpg,handGeometry,False,1200000,0001036,11k_Hands,"{""record1_meta"": {""filename"": ""Hand_0009888"", ""age"": ""23"", ""gender"": ""male"", ""skinColor"": ""medium"", ""accessories"": ""0"", ""nailPolish"": ""0"", ""aspectOfHand"": ""palmar left"", ""imageName"": ""Hand_0009888.jpg"", ""irregularities"": ""0""}, ""record2_meta"": {""filename"": ""Hand_0003511"", ""age"": ""21"", ""gender"": ""female"", ""skinColor"": ""fair"", ""accessories"": ""1"", ""nailPolish"": ""0"", ""aspectOfHand"": ""palmar left"", ""imageName"": ""Hand_0003511.jpg"", ""irregularities"": ""0""}}"
11k_Hands_impostor_164,HandGeometry\Hands\Hand_0001931.jpg,HandGeometry\Hands\Hand_0007319.jpg,handGeometry,False,0000543,0001562,11k_Hands,"{""record1_meta"": {""filename"": ""Hand_0001931"", ""age"": ""21"", ""gender"": ""male"", ""skinColor"": ""fair"", ""accessories"": ""0"", ""nailPolish"": ""0"", ""aspectOfHand"": ""palmar right"", ""imageName"": ""Hand_0001931.jpg"", ""irregularities"": ""0""}, ""record2_meta"": {""filename"": ""Hand_0007319"", ""age"": ""23"", ""gender"": ""female"", ""skinColor"": ""fair"", ""accessories"": ""1"", ""nailPolish"": ""0"", ""aspectOfHand"": ""palmar right"", ""imageName"": ""Hand_0007319.jpg"", ""irregularities"": ""0""}}"
11k_Hands_impostor_165,HandGeometry\Hands\Hand_0003891.jpg,HandGeometry\Hands\Hand_0010897.jpg,handGeometry,False,0001566,0001550,11k_Hands,"{""record1_meta"": {""filename"": ""Hand_0003891"", ""age"": ""21"", ""gender"": ""male"", ""skinColor"": ""medium"", ""accessories"": ""0"", ""nailPolish"": ""0"", ""aspectOfHand"": ""dorsal left"", ""imageName"": ""Hand_0003891.jpg"", ""irregularities"": ""1""}, ""record2_meta"": {""filename"": ""Hand_0010897"", ""age"": ""24"", ""gender"": ""male"", ""skinColor"": ""medium"", ""accessories"": ""0"", ""nailPolish"": ""0"", ""aspectOfHand"": ""dorsal left"", ""imageName"": ""Hand_0010897.jpg"", ""irregularities"": ""0""}}"
11k_Hands_impostor_166,HandGeometry\Hands\Hand_0009853.jpg,HandGeometry\Hands\Hand_0003741.jpg,handGeometry,False,1200000 ,0001567,11k_Hands,"{""record1_meta"": {""filename"": ""Hand_0009853"", ""age"": ""23"", ""gender"": ""male"", ""skinColor"": ""medium"", ""accessories"": ""0"", ""nailPolish"": ""0"", ""aspectOfHand"": ""dorsal right"", ""imageName"": ""Hand_0009853.jpg"", ""irregularities"": ""0""}, ""record2_meta"": {""filename"": ""Hand_0003741"", ""age"": ""20"", ""gender"": ""female"", ""skinColor"": ""fair"", ""accessories"": ""0"", ""nailPolish"": ""0"", ""aspectOfHand"": ""dorsal right"", ""imageName"": ""Hand_0003741.jpg"", ""irregularities"": ""0""}}"
11k_Hands_impostor_167,HandGeometry\Hands\Hand_0001923.jpg,HandGeometry\Hands\Hand_0010533.jpg,handGeometry,False,0000543,0000506,11k_Hands,"{""record1_meta"": {""filename"": ""Hand_0001923"", ""age"": ""21"", ""gender"": ""male"", ""skinColor"": ""fair"", ""accessories"": ""0"", ""nailPolish"": ""0"", ""aspectOfHand"": ""dorsal right"", ""imageName"": ""Hand_0001923.jpg"", ""irregularities"": ""0""}, ""record2_meta"": {""filename"": ""Hand_0010533"", ""age"": ""22"", ""gender"": ""male"", ""skinColor"": ""medium"", ""accessories"": ""0"", ""nailPolish"": ""0"", ""aspectOfHand"": ""dorsal right"", ""imageName"": ""Hand_0010533.jpg"", ""irregularities"": ""0""}}"
11k_Hands_impostor_168,HandGeometry\Hands\Hand_0010438.jpg,HandGeometry\Hands\Hand_0001171.jpg,handGeometry,False,0000518,0000064,11k_Hands,"{""record1_meta"": {""filename"": ""Hand_0010438"", ""age"": ""23"", ""gender"": ""male"", ""skinColor"": ""medium"", ""accessories"": ""0"", ""nailPolish"": ""0"", ""aspectOfHand"": ""dorsal right"", ""imageName"": ""Hand_0010438.jpg"", ""irregularities"": ""0""}, ""record2_meta"": {""filename"": ""Hand_0001171"", ""age"": ""21"", ""gender"": ""female"", ""skinColor"": ""medium"", ""accessories"": ""0"", ""nailPolish"": ""0"", ""aspectOfHand"": ""dorsal right"", ""imageName"": ""Hand_0001171.jpg"", ""irregularities"": ""0""}}"
11k_Hands_impostor_169,HandGeometry\Hands\Hand_0005464.jpg,HandGeometry\Hands\Hand_0010418.jpg,handGeometry,False,0001061,0001594,11k_Hands,"{""record1_meta"": {""filename"": ""Hand_0005464"", ""age"": ""20"", ""gender"": ""female"", ""skinColor"": ""fair"", ""accessories"": ""1"", ""nailPolish"": ""1"", ""aspectOfHand"": ""dorsal left"", ""imageName"": ""Hand_0005464.jpg"", ""irregularities"": ""0""}, ""record2_meta"": {""filename"": ""Hand_0010418"", ""age"": ""23"", ""gender"": ""male"", ""skinColor"": ""medium"", ""accessories"": ""0"", ""nailPolish"": ""0"", ""aspectOfHand"": ""dorsal left"", ""imageName"": ""Hand_0010418.jpg"", ""irregularities"": ""0""}}"
11k_Hands_impostor_170,HandGeometry\Hands\Hand_0008370.jpg,HandGeometry\Hands\Hand_0003811.jpg,handGeometry,False,0001046,0001568,11k_Hands,"{""record1_meta"": {""filename"": ""Hand_0008370"", ""age"": ""21"", ""gender"": ""female"", ""skinColor"": ""medium"", ""accessories"": ""0"", ""nailPolish"": ""1"", ""aspectOfHand"": ""dorsal left"", ""imageName"": ""Hand_0008370.jpg"", ""irregularities"": ""0""}, ""record2_meta"": {""filename"": ""Hand_0003811"", ""age"": ""21"", ""gender"": ""female"", ""skinColor"": ""fair"", ""accessories"": ""0"", ""nailPolish"": ""0"", ""aspectOfHand"": ""dorsal left"", ""imageName"": ""Hand_0003811.jpg"", ""irregularities"": ""0""}}"
11k_Hands_impostor_171,HandGeometry\Hands\Hand_0003066.jpg,HandGeometry\Hands\Hand_0001697.jpg,handGeometry,False,0001549,0001519,11k_Hands,"{""record1_meta"": {""filename"": ""Hand_0003066"", ""age"": ""20"", ""gender"": ""female"", ""skinColor"": ""medium"", ""accessories"": ""0"", ""nailPolish"": ""0"", ""aspectOfHand"": ""palmar right"", ""imageName"": ""Hand_0003066.jpg"", ""irregularities"": ""0""}, ""record2_meta"": {""filename"": ""Hand_0001697"", ""age"": ""20"", ""gender"": ""male"", ""skinColor"": ""medium"", ""accessories"": ""0"", ""nailPolish"": ""0"", ""aspectOfHand"": ""palmar right"", ""imageName"": ""Hand_0001697.jpg"", ""irregularities"": ""0""}}"
11k_Hands_impostor_172,HandGeometry\Hands\Hand_0002322.jpg,HandGeometry\Hands\Hand_0008459.jpg,handGeometry,False,0001020,0001082,11k_Hands,"{""record1_meta"": {""filename"": ""Hand_0002322"", ""age"": ""20"", ""gender"": ""female"", ""skinColor"": ""medium"", ""accessories"": ""0"", ""nailPolish"": ""0"", ""aspectOfHand"": ""dorsal right"", ""imageName"": ""Hand_0002322.jpg"", ""irregularities"": ""0""}, ""record2_meta"": {""filename"": ""Hand_0008459"", ""age"": ""21"", ""gender"": ""female"", ""skinColor"": ""medium"", ""accessories"": ""0"", ""nailPolish"": ""1"", ""aspectOfHand"": ""dorsal right"", ""imageName"": ""Hand_0008459.jpg"", ""irregularities"": ""0""}}"
11k_Hands_impostor_173,HandGeometry\Hands\Hand_0011221.jpg,HandGeometry\Hands\Hand_0004515.jpg,handGeometry,False,0001088,0001066,11k_Hands,"{""record1_meta"": {""filename"": ""Hand_0011221"", ""age"": ""22"", ""gender"": ""male"", ""skinColor"": ""medium"", ""accessories"": ""0"", ""nailPolish"": ""0"", ""aspectOfHand"": ""palmar left"", ""imageName"": ""Hand_0011221.jpg"", ""irregularities"": ""0""}, ""record2_meta"": {""filename"": ""Hand_0004515"", ""age"": ""21"", ""gender"": ""female"", ""skinColor"": ""medium"", ""accessories"": ""0"", ""nailPolish"": ""0"", ""aspectOfHand"": ""palmar left"", ""imageName"": ""Hand_0004515.jpg"", ""irregularities"": ""0""}}"
11k_Hands_impostor_174,HandGeometry\Hands\Hand_0005957.jpg,HandGeometry\Hands\Hand_0006600.jpg,handGeometry,False,0000587,0001510,11k_Hands,"{""record1_meta"": {""filename"": ""Hand_0005957"", ""age"": ""22"", ""gender"": ""female"", ""skinColor"": ""medium"", ""accessories"": ""1"", ""nailPolish"": ""0"", ""aspectOfHand"": ""palmar left"", ""imageName"": ""Hand_0005957.jpg"", ""irregularities"": ""0""}, ""record2_meta"": {""filename"": ""Hand_0006600"", ""age"": ""23"", ""gender"": ""female"", ""skinColor"": ""fair"", ""accessories"": ""0"", ""nailPolish"": ""0"", ""aspectOfHand"": ""palmar left"", ""imageName"": ""Hand_0006600.jpg"", ""irregularities"": ""0""}}"
11k_Hands_impostor_175,HandGeometry\Hands\Hand_0003541.jpg,HandGeometry\Hands\Hand_0011362.jpg,handGeometry,False,0001571,0001531,11k_Hands,"{""record1_meta"": {""filename"": ""Hand_0003541"", ""age"": ""21"", ""gender"": ""female"", ""skinColor"": ""fair"", ""accessories"": ""1"", ""nailPolish"": ""0"", ""aspectOfHand"": ""palmar right"", ""imageName"": ""Hand_0003541.jpg"", ""irregularities"": ""0""}, ""record2_meta"": {""filename"": ""Hand_0011362"", ""age"": ""22"", ""gender"": ""male"", ""skinColor"": ""medium"", ""accessories"": ""0"", ""nailPolish"": ""0"", ""aspectOfHand"": ""palmar right"", ""imageName"": ""Hand_0011362.jpg"", ""irregularities"": ""0""}}"
11k_Hands_impostor_176,HandGeometry\Hands\Hand_0009064.jpg,HandGeometry\Hands\Hand_0010181.jpg,handGeometry,False,0000596,0000507,11k_Hands,"{""record1_meta"": {""filename"": ""Hand_0009064"", ""age"": ""22"", ""gender"": ""female"", ""skinColor"": ""fair"", ""accessories"": ""1"", ""nailPolish"": ""1"", ""aspectOfHand"": ""dorsal left"", ""imageName"": ""Hand_0009064.jpg"", ""irregularities"": ""0""}, ""record2_meta"": {""filename"": ""Hand_0010181"", ""age"": ""21"", ""gender"": ""female"", ""skinColor"": ""dark"", ""accessories"": ""0"", ""nailPolish"": ""0"", ""aspectOfHand"": ""dorsal left"", ""imageName"": ""Hand_0010181.jpg"", ""irregularities"": ""0""}}"
11k_Hands_impostor_177,HandGeometry\Hands\Hand_0006573.jpg,HandGeometry\Hands\Hand_0006029.jpg,handGeometry,False,0001560,0000586,11k_Hands,"{""record1_meta"": {""filename"": ""Hand_0006573"", ""age"": ""21"", ""gender"": ""male"", ""skinColor"": ""dark"", ""accessories"": ""0"", ""nailPolish"": ""0"", ""aspectOfHand"": ""palmar left"", ""imageName"": ""Hand_0006573.jpg"", ""irregularities"": ""0""}, ""record2_meta"": {""filename"": ""Hand_0006029"", ""age"": ""21"", ""gender"": ""female"", ""skinColor"": ""fair"", ""accessories"": ""0"", ""nailPolish"": ""0"", ""aspectOfHand"": ""palmar left"", ""imageName"": ""Hand_0006029.jpg"", ""irregularities"": ""0""}}"
11k_Hands_impostor_178,HandGeometry\Hands\Hand_0000592.jpg,HandGeometry\Hands\Hand_0007607.jpg,handGeometry,False,0001592,0001030,11k_Hands,"{""record1_meta"": {""filename"": ""Hand_0000592"", ""age"": ""20"", ""gender"": ""female"", ""skinColor"": ""medium"", ""accessories"": ""0"", ""nailPolish"": ""0"", ""aspectOfHand"": ""dorsal left"", ""imageName"": ""Hand_0000592.jpg"", ""irregularities"": ""0""}, ""record2_meta"": {""filename"": ""Hand_0007607"", ""age"": ""21"", ""gender"": ""male"", ""skinColor"": ""medium"", ""accessories"": ""0"", ""nailPolish"": ""0"", ""aspectOfHand"": ""dorsal left"", ""imageName"": ""Hand_0007607.jpg"", ""irregularities"": ""0""}}"
11k_Hands_impostor_179,HandGeometry\Hands\Hand_0010947.jpg,HandGeometry\Hands\Hand_0010769.jpg,handGeometry,False,0000524,0001090,11k_Hands,"{""record1_meta"": {""filename"": ""Hand_0010947"", ""age"": ""23"", ""gender"": ""male"", ""skinColor"": ""medium"", ""accessories"": ""0"", ""nailPolish"": ""0"", ""aspectOfHand"": ""palmar left"", ""imageName"": ""Hand_0010947.jpg"", ""irregularities"": ""0""}, ""record2_meta"": {""filename"": ""Hand_0010769"", ""age"": ""22"", ""gender"": ""male"", ""skinColor"": ""fair"", ""accessories"": ""1"", ""nailPolish"": ""0"", ""aspectOfHand"": ""palmar left"", ""imageName"": ""Hand_0010769.jpg"", ""irregularities"": ""0""}}"
11k_Hands_impostor_180,HandGeometry\Hands\Hand_0009662.jpg,HandGeometry\Hands\Hand_0008684.jpg,handGeometry,False,6000000,0000581,11k_Hands,"{""record1_meta"": {""filename"": ""Hand_0009662"", ""age"": ""21"", ""gender"": ""female"", ""skinColor"": ""fair"", ""accessories"": ""0"", ""nailPolish"": ""0"", ""aspectOfHand"": ""palmar left"", ""imageName"": ""Hand_0009662.jpg"", ""irregularities"": ""0""}, ""record2_meta"": {""filename"": ""Hand_0008684"", ""age"": ""21"", ""gender"": ""female"", ""skinColor"": ""fair"", ""accessories"": ""0"", ""nailPolish"": ""0"", ""aspectOfHand"": ""palmar left"", ""imageName"": ""Hand_0008684.jpg"", ""irregularities"": ""0""}}"
11k_Hands_impostor_181,HandGeometry\Hands\Hand_0000551.jpg,HandGeometry\Hands\Hand_0008587.jpg,handGeometry,False,0000011,0001019,11k_Hands,"{""record1_meta"": {""filename"": ""Hand_0000551"", ""age"": ""20"", ""gender"": ""female"", ""skinColor"": ""medium"", ""accessories"": ""0"", ""nailPolish"": ""0"", ""aspectOfHand"": ""dorsal right"", ""imageName"": ""Hand_0000551.jpg"", ""irregularities"": ""0""}, ""record2_meta"": {""filename"": ""Hand_0008587"", ""age"": ""21"", ""gender"": ""female"", ""skinColor"": ""very fair"", ""accessories"": ""1"", ""nailPolish"": ""0"", ""aspectOfHand"": ""dorsal right"", ""imageName"": ""Hand_0008587.jpg"", ""irregularities"": ""0""}}"
11k_Hands_impostor_182,HandGeometry\Hands\Hand_0006273.jpg,HandGeometry\Hands\Hand_0006060.jpg,handGeometry,False,0001559,0001547,11k_Hands,"{""record1_meta"": {""filename"": ""Hand_0006273"", ""age"": ""20"", ""gender"": ""female"", ""skinColor"": ""medium"", ""accessories"": ""0"", ""nailPolish"": ""0"", ""aspectOfHand"": ""palmar right"", ""imageName"": ""Hand_0006273.jpg"", ""irregularities"": ""0""}, ""record2_meta"": {""filename"": ""Hand_0006060"", ""age"": ""21"", ""gender"": ""female"", ""skinColor"": ""fair"", ""accessories"": ""1"", ""nailPolish"": ""0"", ""aspectOfHand"": ""palmar right"", ""imageName"": ""Hand_0006060.jpg"", ""irregularities"": ""0""}}"
11k_Hands_impostor_183,HandGeometry\Hands\Hand_0008354.jpg,HandGeometry\Hands\Hand_0011081.jpg,handGeometry,False,0000546,0000539,11k_Hands,"{""record1_meta"": {""filename"": ""Hand_0008354"", ""age"": ""22"", ""gender"": ""female"", ""skinColor"": ""medium"", ""accessories"": ""0"", ""nailPolish"": ""0"", ""aspectOfHand"": ""palmar left"", ""imageName"": ""Hand_0008354.jpg"", ""irregularities"": ""0""}, ""record2_meta"": {""filename"": ""Hand_0011081"", ""age"": ""22"", ""gender"": ""male"", ""skinColor"": ""fair"", ""accessories"": ""0"", ""nailPolish"": ""0"", ""aspectOfHand"": ""palmar left"", ""imageName"": ""Hand_0011081.jpg"", ""irregularities"": ""0""}}"
11k_Hands_impostor_184,HandGeometry\Hands\Hand_0001928.jpg,HandGeometry\Hands\Hand_0001654.jpg,handGeometry,False,0000543,0000038,11k_Hands,"{""record1_meta"": {""filename"": ""Hand_0001928"", ""age"": ""21"", ""gender"": ""male"", ""skinColor"": ""fair"", ""accessories"": ""0"", ""nailPolish"": ""0"", ""aspectOfHand"": ""palmar right"", ""imageName"": ""Hand_0001928.jpg"", ""irregularities"": ""0""}, ""record2_meta"": {""filename"": ""Hand_0001654"", ""age"": ""22"", ""gender"": ""female"", ""skinColor"": ""medium"", ""accessories"": ""1"", ""nailPolish"": ""0"", ""aspectOfHand"": ""palmar right"", ""imageName"": ""Hand_0001654.jpg"", ""irregularities"": ""0""}}"
11k_Hands_impostor_185,HandGeometry\Hands\Hand_0006230.jpg,HandGeometry\Hands\Hand_0010065.jpg,handGeometry,False,0001037,0000066,11k_Hands,"{""record1_meta"": {""filename"": ""Hand_0006230"", ""age"": ""21"", ""gender"": ""female"", ""skinColor"": ""medium"", ""accessories"": ""0"", ""nailPolish"": ""0"", ""aspectOfHand"": ""dorsal left"", ""imageName"": ""Hand_0006230.jpg"", ""irregularities"": ""0""}, ""record2_meta"": {""filename"": ""Hand_0010065"", ""age"": ""26"", ""gender"": ""male"", ""skinColor"": ""fair"", ""accessories"": ""0"", ""nailPolish"": ""0"", ""aspectOfHand"": ""dorsal left"", ""imageName"": ""Hand_0010065.jpg"", ""irregularities"": ""0""}}"
11k_Hands_impostor_186,HandGeometry\Hands\Hand_0006753.jpg,HandGeometry\Hands\Hand_0005377.jpg,handGeometry,False,0001587,0001042,11k_Hands,"{""record1_meta"": {""filename"": ""Hand_0006753"", ""age"": ""21"", ""gender"": ""male"", ""skinColor"": ""medium"", ""accessories"": ""0"", ""nailPolish"": ""0"", ""aspectOfHand"": ""palmar right"", ""imageName"": ""Hand_0006753.jpg"", ""irregularities"": ""0""}, ""record2_meta"": {""filename"": ""Hand_0005377"", ""age"": ""21"", ""gender"": ""female"", ""skinColor"": ""medium"", ""accessories"": ""1"", ""nailPolish"": ""0"", ""aspectOfHand"": ""palmar right"", ""imageName"": ""Hand_0005377.jpg"", ""irregularities"": ""0""}}"
11k_Hands_impostor_187,HandGeometry\Hands\Hand_0011299.jpg,HandGeometry\Hands\Hand_0001696.jpg,handGeometry,False,0001005,0001519,11k_Hands,"{""record1_meta"": {""filename"": ""Hand_0011299"", ""age"": ""23"", ""gender"": ""male"", ""skinColor"": ""medium"", ""accessories"": ""0"", ""nailPolish"": ""0"", ""aspectOfHand"": ""palmar right"", ""imageName"": ""Hand_0011299.jpg"", ""irregularities"": ""0""}, ""record2_meta"": {""filename"": ""Hand_0001696"", ""age"": ""20"", ""gender"": ""male"", ""skinColor"": ""medium"", ""accessories"": ""0"", ""nailPolish"": ""0"", ""aspectOfHand"": ""palmar right"", ""imageName"": ""Hand_0001696.jpg"", ""irregularities"": ""0""}}"
11k_Hands_impostor_188,HandGeometry\Hands\Hand_0005147.jpg,HandGeometry\Hands\Hand_0006453.jpg,handGeometry,False,0001021,0001553,11k_Hands,"{""record1_meta"": {""filename"": ""Hand_0005147"", ""age"": ""22"", ""gender"": ""male"", ""skinColor"": ""dark"", ""accessories"": ""0"", ""nailPolish"": ""0"", ""aspectOfHand"": ""palmar left"", ""imageName"": ""Hand_0005147.jpg"", ""irregularities"": ""0""}, ""record2_meta"": {""filename"": ""Hand_0006453"", ""age"": ""23"", ""gender"": ""female"", ""skinColor"": ""fair"", ""accessories"": ""1"", ""nailPolish"": ""0"", ""aspectOfHand"": ""palmar left"", ""imageName"": ""Hand_0006453.jpg"", ""irregularities"": ""0""}}"
11k_Hands_impostor_189,HandGeometry\Hands\Hand_0001725.jpg,HandGeometry\Hands\Hand_0006907.jpg,handGeometry,False,0001517,0001028,11k_Hands,"{""record1_meta"": {""filename"": ""Hand_0001725"", ""age"": ""21"", ""gender"": ""female"", ""skinColor"": ""medium"", ""accessories"": ""0"", ""nailPolish"": ""0"", ""aspectOfHand"": ""palmar right"", ""imageName"": ""Hand_0001725.jpg"", ""irregularities"": ""0""}, ""record2_meta"": {""filename"": ""Hand_0006907"", ""age"": ""21"", ""gender"": ""male"", ""skinColor"": ""dark"", ""accessories"": ""0"", ""nailPolish"": ""0"", ""aspectOfHand"": ""palmar right"", ""imageName"": ""Hand_0006907.jpg"", ""irregularities"": ""0""}}"
11k_Hands_impostor_190,HandGeometry\Hands\Hand_0004399.jpg,HandGeometry\Hands\Hand_0004764.jpg,handGeometry,False,0001035,0001080,11k_Hands,"{""record1_meta"": {""filename"": ""Hand_0004399"", ""age"": ""21"", ""gender"": ""female"", ""skinColor"": ""fair"", ""accessories"": ""1"", ""nailPolish"": ""0"", ""aspectOfHand"": ""palmar left"", ""imageName"": ""Hand_0004399.jpg"", ""irregularities"": ""0""}, ""record2_meta"": {""filename"": ""Hand_0004764"", ""age"": ""21"", ""gender"": ""female"", ""skinColor"": ""medium"", ""accessories"": ""0"", ""nailPolish"": ""0"", ""aspectOfHand"": ""palmar left"", ""imageName"": ""Hand_0004764.jpg"", ""irregularities"": ""0""}}"
11k_Hands_impostor_191,HandGeometry\Hands\Hand_0007109.jpg,HandGeometry\Hands\Hand_0005253.jpg,handGeometry,False,0001532,0000025,11k_Hands,"{""record1_meta"": {""filename"": ""Hand_0007109"", ""age"": ""22"", ""gender"": ""female"", ""skinColor"": ""fair"", ""accessories"": ""1"", ""nailPolish"": ""0"", ""aspectOfHand"": ""dorsal right"", ""imageName"": ""Hand_0007109.jpg"", ""irregularities"": ""0""}, ""record2_meta"": {""filename"": ""Hand_0005253"", ""age"": ""20"", ""gender"": ""female"", ""skinColor"": ""dark"", ""accessories"": ""1"", ""nailPolish"": ""0"", ""aspectOfHand"": ""dorsal right"", ""imageName"": ""Hand_0005253.jpg"", ""irregularities"": ""0""}}"
11k_Hands_impostor_192,HandGeometry\Hands\Hand_0011685.jpg,HandGeometry\Hands\Hand_0002631.jpg,handGeometry,False,0001589,0001540,11k_Hands,"{""record1_meta"": {""filename"": ""Hand_0011685"", ""age"": ""22"", ""gender"": ""female"", ""skinColor"": ""fair"", ""accessories"": ""0"", ""nailPolish"": ""1"", ""aspectOfHand"": ""dorsal right"", ""imageName"": ""Hand_0011685.jpg"", ""irregularities"": ""0""}, ""record2_meta"": {""filename"": ""Hand_0002631"", ""age"": ""21"", ""gender"": ""male"", ""skinColor"": ""medium"", ""accessories"": ""0"", ""nailPolish"": ""0"", ""aspectOfHand"": ""dorsal right"", ""imageName"": ""Hand_0002631.jpg"", ""irregularities"": ""0""}}"
11k_Hands_impostor_193,HandGeometry\Hands\Hand_0001696.jpg,HandGeometry\Hands\Hand_0006987.jpg,handGeometry,False,0001519,0001051,11k_Hands,"{""record1_meta"": {""filename"": ""Hand_0001696"", ""age"": ""20"", ""gender"": ""male"", ""skinColor"": ""medium"", ""accessories"": ""0"", ""nailPolish"": ""0"", ""aspectOfHand"": ""palmar right"", ""imageName"": ""Hand_0001696.jpg"", ""irregularities"": ""0""}, ""record2_meta"": {""filename"": ""Hand_0006987"", ""age"": ""21"", ""gender"": ""male"", ""skinColor"": ""medium"", ""accessories"": ""0"", ""nailPolish"": ""0"", ""aspectOfHand"": ""palmar right"", ""imageName"": ""Hand_0006987.jpg"", ""irregularities"": ""0""}}"
11k_Hands_impostor_194,HandGeometry\Hands\Hand_0009769.jpg,HandGeometry\Hands\Hand_0002091.jpg,handGeometry,False,9000000,0000574,11k_Hands,"{""record1_meta"": {""filename"": ""Hand_0009769"", ""age"": ""23"", ""gender"": ""male"", ""skinColor"": ""medium"", ""accessories"": ""0"", ""nailPolish"": ""0"", ""aspectOfHand"": ""dorsal right"", ""imageName"": ""Hand_0009769.jpg"", ""irregularities"": ""0""}, ""record2_meta"": {""filename"": ""Hand_0002091"", ""age"": ""20"", ""gender"": ""female"", ""skinColor"": ""fair"", ""accessories"": ""0"", ""nailPolish"": ""0"", ""aspectOfHand"": ""dorsal right"", ""imageName"": ""Hand_0002091.jpg"", ""irregularities"": ""0""}}"
11k_Hands_impostor_195,HandGeometry\Hands\Hand_0010311.jpg,HandGeometry\Hands\Hand_0000775.jpg,handGeometry,False,0000084,0000570,11k_Hands,"{""record1_meta"": {""filename"": ""Hand_0010311"", ""age"": ""22"", ""gender"": ""male"", ""skinColor"": ""fair"", ""accessories"": ""0"", ""nailPolish"": ""0"", ""aspectOfHand"": ""dorsal right"", ""imageName"": ""Hand_0010311.jpg"", ""irregularities"": ""0""}, ""record2_meta"": {""filename"": ""Hand_0000775"", ""age"": ""21"", ""gender"": ""female"", ""skinColor"": ""medium"", ""accessories"": ""0"", ""nailPolish"": ""0"", ""aspectOfHand"": ""dorsal right"", ""imageName"": ""Hand_0000775.jpg"", ""irregularities"": ""1""}}"
11k_Hands_impostor_196,HandGeometry\Hands\Hand_0002266.jpg,HandGeometry\Hands\Hand_0002964.jpg,handGeometry,False,0001545,0001505,11k_Hands,"{""record1_meta"": {""filename"": ""Hand_0002266"", ""age"": ""22"", ""gender"": ""female"", ""skinColor"": ""medium"", ""accessories"": ""1"", ""nailPolish"": ""1"", ""aspectOfHand"": ""dorsal left"", ""imageName"": ""Hand_0002266.jpg"", ""irregularities"": ""0""}, ""record2_meta"": {""filename"": ""Hand_0002964"", ""age"": ""21"", ""gender"": ""female"", ""skinColor"": ""medium"", ""accessories"": ""1"", ""nailPolish"": ""0"", ""aspectOfHand"": ""dorsal left"", ""imageName"": ""Hand_0002964.jpg"", ""irregularities"": ""0""}}"
11k_Hands_impostor_197,HandGeometry\Hands\Hand_0008534.jpg,HandGeometry\Hands\Hand_0011613.jpg,handGeometry,False,0001541,0000092,11k_Hands,"{""record1_meta"": {""filename"": ""Hand_0008534"", ""age"": ""21"", ""gender"": ""female"", ""skinColor"": ""medium"", ""accessories"": ""0"", ""nailPolish"": ""1"", ""aspectOfHand"": ""dorsal right"", ""imageName"": ""Hand_0008534.jpg"", ""irregularities"": ""0""}, ""record2_meta"": {""filename"": ""Hand_0011613"", ""age"": ""22"", ""gender"": ""female"", ""skinColor"": ""fair"", ""accessories"": ""0"", ""nailPolish"": ""0"", ""aspectOfHand"": ""dorsal right"", ""imageName"": ""Hand_0011613.jpg"", ""irregularities"": ""0""}}"
11k_Hands_impostor_198,HandGeometry\Hands\Hand_0006609.jpg,HandGeometry\Hands\Hand_0009719.jpg,handGeometry,False,0001510,8000000,11k_Hands,"{""record1_meta"": {""filename"": ""Hand_0006609"", ""age"": ""23"", ""gender"": ""female"", ""skinColor"": ""fair"", ""accessories"": ""1"", ""nailPolish"": ""0"", ""aspectOfHand"": ""dorsal right"", ""imageName"": ""Hand_0006609.jpg"", ""irregularities"": ""0""}, ""record2_meta"": {""filename"": ""Hand_0009719"", ""age"": ""21"", ""gender"": ""male"", ""skinColor"": ""medium"", ""accessories"": ""0"", ""nailPolish"": ""0"", ""aspectOfHand"": ""dorsal right"", ""imageName"": ""Hand_0009719.jpg"", ""irregularities"": ""0""}}"
11k_Hands_impostor_199,HandGeometry\Hands\Hand_0002309.jpg,HandGeometry\Hands\Hand_0005559.jpg,handGeometry,False,0001020,0001067,11k_Hands,"{""record1_meta"": {""filename"": ""Hand_0002309"", ""age"": ""20"", ""gender"": ""female"", ""skinColor"": ""medium"", ""accessories"": ""0"", ""nailPolish"": ""0"", ""aspectOfHand"": ""dorsal right"", ""imageName"": ""Hand_0002309.jpg"", ""irregularities"": ""0""}, ""record2_meta"": {""filename"": ""Hand_0005559"", ""age"": ""21"", ""gender"": ""female"", ""skinColor"": ""medium"", ""accessories"": ""1"", ""nailPolish"": ""1"", ""aspectOfHand"": ""dorsal right"", ""imageName"": ""Hand_0005559.jpg"", ""irregularities"": ""0""}}"
11k_Hands_impostor_200,HandGeometry\Hands\Hand_0005870.jpg,HandGeometry\Hands\Hand_0002600.jpg,handGeometry,False,0000588,0001533,11k_Hands,"{""record1_meta"": {""filename"": ""Hand_0005870"", ""age"": ""21"", ""gender"": ""female"", ""skinColor"": ""medium"", ""accessories"": ""0"", ""nailPolish"": ""0"", ""aspectOfHand"": ""palmar left"", ""imageName"": ""Hand_0005870.jpg"", ""irregularities"": ""0""}, ""record2_meta"": {""filename"": ""Hand_0002600"", ""age"": ""22"", ""gender"": ""female"", ""skinColor"": ""medium"", ""accessories"": ""0"", ""nailPolish"": ""0"", ""aspectOfHand"": ""palmar left"", ""imageName"": ""Hand_0002600.jpg"", ""irregularities"": ""0""}}"
11k_Hands_impostor_201,HandGeometry\Hands\Hand_0000582.jpg,HandGeometry\Hands\Hand_0007626.jpg,handGeometry,False,0000063,0001030,11k_Hands,"{""record1_meta"": {""filename"": ""Hand_0000582"", ""age"": ""21"", ""gender"": ""female"", ""skinColor"": ""medium"", ""accessories"": ""0"", ""nailPolish"": ""0"", ""aspectOfHand"": ""palmar left"", ""imageName"": ""Hand_0000582.jpg"", ""irregularities"": ""0""}, ""record2_meta"": {""filename"": ""Hand_0007626"", ""age"": ""21"", ""gender"": ""male"", ""skinColor"": ""medium"", ""accessories"": ""0"", ""nailPolish"": ""0"", ""aspectOfHand"": ""palmar left"", ""imageName"": ""Hand_0007626.jpg"", ""irregularities"": ""0""}}"
11k_Hands_impostor_202,HandGeometry\Hands\Hand_0008404.jpg,HandGeometry\Hands\Hand_0005383.jpg,handGeometry,False,0001046,0001042,11k_Hands,"{""record1_meta"": {""filename"": ""Hand_0008404"", ""age"": ""21"", ""gender"": ""female"", ""skinColor"": ""medium"", ""accessories"": ""0"", ""nailPolish"": ""0"", ""aspectOfHand"": ""palmar right"", ""imageName"": ""Hand_0008404.jpg"", ""irregularities"": ""0""}, ""record2_meta"": {""filename"": ""Hand_0005383"", ""age"": ""21"", ""gender"": ""female"", ""skinColor"": ""medium"", ""accessories"": ""1"", ""nailPolish"": ""0"", ""aspectOfHand"": ""palmar right"", ""imageName"": ""Hand_0005383.jpg"", ""irregularities"": ""0""}}"
11k_Hands_impostor_203,HandGeometry\Hands\Hand_0011193.jpg,HandGeometry\Hands\Hand_0006468.jpg,handGeometry,False,0001088,0001553,11k_Hands,"{""record1_meta"": {""filename"": ""Hand_0011193"", ""age"": ""22"", ""gender"": ""male"", ""skinColor"": ""medium"", ""accessories"": ""0"", ""nailPolish"": ""0"", ""aspectOfHand"": ""palmar right"", ""imageName"": ""Hand_0011193.jpg"", ""irregularities"": ""0""}, ""record2_meta"": {""filename"": ""Hand_0006468"", ""age"": ""23"", ""gender"": ""female"", ""skinColor"": ""fair"", ""accessories"": ""1"", ""nailPolish"": ""0"", ""aspectOfHand"": ""palmar right"", ""imageName"": ""Hand_0006468.jpg"", ""irregularities"": ""0""}}"
11k_Hands_impostor_204,HandGeometry\Hands\Hand_0001058.jpg,HandGeometry\Hands\Hand_0008434.jpg,handGeometry,False,0000053,0001573,11k_Hands,"{""record1_meta"": {""filename"": ""Hand_0001058"", ""age"": ""29"", ""gender"": ""male"", ""skinColor"": ""fair"", ""accessories"": ""0"", ""nailPolish"": ""0"", ""aspectOfHand"": ""dorsal right"", ""imageName"": ""Hand_0001058.jpg"", ""irregularities"": ""0""}, ""record2_meta"": {""filename"": ""Hand_0008434"", ""age"": ""21"", ""gender"": ""female"", ""skinColor"": ""medium"", ""accessories"": ""0"", ""nailPolish"": ""1"", ""aspectOfHand"": ""dorsal right"", ""imageName"": ""Hand_0008434.jpg"", ""irregularities"": ""0""}}"
11k_Hands_impostor_205,HandGeometry\Hands\Hand_0008815.jpg,HandGeometry\Hands\Hand_0001507.jpg,handGeometry,False,0000502,0001081,11k_Hands,"{""record1_meta"": {""filename"": ""Hand_0008815"", ""age"": ""20"", ""gender"": ""female"", ""skinColor"": ""fair"", ""accessories"": ""1"", ""nailPolish"": ""0"", ""aspectOfHand"": ""palmar right"", ""imageName"": ""Hand_0008815.jpg"", ""irregularities"": ""0""}, ""record2_meta"": {""filename"": ""Hand_0001507"", ""age"": ""21"", ""gender"": ""female"", ""skinColor"": ""medium"", ""accessories"": ""0"", ""nailPolish"": ""0"", ""aspectOfHand"": ""palmar right"", ""imageName"": ""Hand_0001507.jpg"", ""irregularities"": ""0""}}"
11k_Hands_impostor_206,HandGeometry\Hands\Hand_0002509.jpg,HandGeometry\Hands\Hand_0007076.jpg,handGeometry,False,0001533,0000509,11k_Hands,"{""record1_meta"": {""filename"": ""Hand_0002509"", ""age"": ""22"", ""gender"": ""female"", ""skinColor"": ""medium"", ""accessories"": ""0"", ""nailPolish"": ""0"", ""aspectOfHand"": ""dorsal right"", ""imageName"": ""Hand_0002509.jpg"", ""irregularities"": ""0""}, ""record2_meta"": {""filename"": ""Hand_0007076"", ""age"": ""21"", ""gender"": ""female"", ""skinColor"": ""medium"", ""accessories"": ""1"", ""nailPolish"": ""0"", ""aspectOfHand"": ""dorsal right"", ""imageName"": ""Hand_0007076.jpg"", ""irregularities"": ""0""}}"
11k_Hands_impostor_207,HandGeometry\Hands\Hand_0002493.jpg,HandGeometry\Hands\Hand_0006697.jpg,handGeometry,False,0001537,0001556,11k_Hands,"{""record1_meta"": {""filename"": ""Hand_0002493"", ""age"": ""22"", ""gender"": ""female"", ""skinColor"": ""medium"", ""accessories"": ""1"", ""nailPolish"": ""0"", ""aspectOfHand"": ""palmar left"", ""imageName"": ""Hand_0002493.jpg"", ""irregularities"": ""0""}, ""record2_meta"": {""filename"": ""Hand_0006697"", ""age"": ""22"", ""gender"": ""female"", ""skinColor"": ""medium"", ""accessories"": ""1"", ""nailPolish"": ""0"", ""aspectOfHand"": ""palmar left"", ""imageName"": ""Hand_0006697.jpg"", ""irregularities"": ""0""}}"
11k_Hands_impostor_208,HandGeometry\Hands\Hand_0008730.jpg,HandGeometry\Hands\Hand_0003000.jpg,handGeometry,False,0000093,0001588,11k_Hands,"{""record1_meta"": {""filename"": ""Hand_0008730"", ""age"": ""21"", ""gender"": ""female"", ""skinColor"": ""medium"", ""accessories"": ""0"", ""nailPolish"": ""1"", ""aspectOfHand"": ""dorsal left"", ""imageName"": ""Hand_0008730.jpg"", ""irregularities"": ""0""}, ""record2_meta"": {""filename"": ""Hand_0003000"", ""age"": ""21"", ""gender"": ""male"", ""skinColor"": ""medium"", ""accessories"": ""0"", ""nailPolish"": ""0"", ""aspectOfHand"": ""dorsal left"", ""imageName"": ""Hand_0003000.jpg"", ""irregularities"": ""0""}}"
11k_Hands_impostor_209,HandGeometry\Hands\Hand_0007496.jpg,HandGeometry\Hands\Hand_0011533.jpg,handGeometry,False,0001504,0001075,11k_Hands,"{""record1_meta"": {""filename"": ""Hand_0007496"", ""age"": ""20"", ""gender"": ""male"", ""skinColor"": ""medium"", ""accessories"": ""0"", ""nailPolish"": ""0"", ""aspectOfHand"": ""palmar right"", ""imageName"": ""Hand_0007496.jpg"", ""irregularities"": ""0""}, ""record2_meta"": {""filename"": ""Hand_0011533"", ""age"": ""21"", ""gender"": ""male"", ""skinColor"": ""medium"", ""accessories"": ""0"", ""nailPolish"": ""0"", ""aspectOfHand"": ""palmar right"", ""imageName"": ""Hand_0011533.jpg"", ""irregularities"": ""0""}}"
11k_Hands_impostor_210,HandGeometry\Hands\Hand_0003523.jpg,HandGeometry\Hands\Hand_0010252.jpg,handGeometry,False,0001571,0000023,11k_Hands,"{""record1_meta"": {""filename"": ""Hand_0003523"", ""age"": ""21"", ""gender"": ""female"", ""skinColor"": ""fair"", ""accessories"": ""1"", ""nailPolish"": ""1"", ""aspectOfHand"": ""dorsal right"", ""imageName"": ""Hand_0003523.jpg"", ""irregularities"": ""0""}, ""record2_meta"": {""filename"": ""Hand_0010252"", ""age"": ""23"", ""gender"": ""female"", ""skinColor"": ""medium"", ""accessories"": ""1"", ""nailPolish"": ""0"", ""aspectOfHand"": ""dorsal right"", ""imageName"": ""Hand_0010252.jpg"", ""irregularities"": ""0""}}"
11k_Hands_impostor_211,HandGeometry\Hands\Hand_0009615.jpg,HandGeometry\Hands\Hand_0001301.jpg,handGeometry,False,5000000,0000010,11k_Hands,"{""record1_meta"": {""filename"": ""Hand_0009615"", ""age"": ""18"", ""gender"": ""female"", ""skinColor"": ""dark"", ""accessories"": ""0"", ""nailPolish"": ""0"", ""aspectOfHand"": ""dorsal left"", ""imageName"": ""Hand_0009615.jpg"", ""irregularities"": ""0""}, ""record2_meta"": {""filename"": ""Hand_0001301"", ""age"": ""21"", ""gender"": ""female"", ""skinColor"": ""medium"", ""accessories"": ""0"", ""nailPolish"": ""0"", ""aspectOfHand"": ""dorsal left"", ""imageName"": ""Hand_0001301.jpg"", ""irregularities"": ""0""}}"
11k_Hands_impostor_212,HandGeometry\Hands\Hand_0011541.jpg,HandGeometry\Hands\Hand_0009505.jpg,handGeometry,False,0001075,3000000,11k_Hands,"{""record1_meta"": {""filename"": ""Hand_0011541"", ""age"": ""21"", ""gender"": ""male"", ""skinColor"": ""medium"", ""accessories"": ""0"", ""nailPolish"": ""0"", ""aspectOfHand"": ""palmar right"", ""imageName"": ""Hand_0011541.jpg"", ""irregularities"": ""0""}, ""record2_meta"": {""filename"": ""Hand_0009505"", ""age"": ""19"", ""gender"": ""female"", ""skinColor"": ""very fair"", ""accessories"": ""0"", ""nailPolish"": ""0"", ""aspectOfHand"": ""palmar right"", ""imageName"": ""Hand_0009505.jpg"", ""irregularities"": ""0""}}"
11k_Hands_impostor_213,HandGeometry\Hands\Hand_0009385.jpg,HandGeometry\Hands\Hand_0001398.jpg,handGeometry,False,1000000,0000041,11k_Hands,"{""record1_meta"": {""filename"": ""Hand_0009385"", ""age"": ""70"", ""gender"": ""male"", ""skinColor"": ""dark"", ""accessories"": ""0"", ""nailPolish"": ""0"", ""aspectOfHand"": ""dorsal left"", ""imageName"": ""Hand_0009385.jpg"", ""irregularities"": ""0""}, ""record2_meta"": {""filename"": ""Hand_0001398"", ""age"": ""20"", ""gender"": ""female"", ""skinColor"": ""medium"", ""accessories"": ""1"", ""nailPolish"": ""1"", ""aspectOfHand"": ""dorsal left"", ""imageName"": ""Hand_0001398.jpg"", ""irregularities"": ""0""}}"
11k_Hands_impostor_214,HandGeometry\Hands\Hand_0009728.jpg,HandGeometry\Hands\Hand_0001695.jpg,handGeometry,False,8000000,0001519,11k_Hands,"{""record1_meta"": {""filename"": ""Hand_0009728"", ""age"": ""21"", ""gender"": ""male"", ""skinColor"": ""medium"", ""accessories"": ""0"", ""nailPolish"": ""0"", ""aspectOfHand"": ""palmar right"", ""imageName"": ""Hand_0009728.jpg"", ""irregularities"": ""0""}, ""record2_meta"": {""filename"": ""Hand_0001695"", ""age"": ""20"", ""gender"": ""male"", ""skinColor"": ""medium"", ""accessories"": ""0"", ""nailPolish"": ""0"", ""aspectOfHand"": ""palmar right"", ""imageName"": ""Hand_0001695.jpg"", ""irregularities"": ""0""}}"
11k_Hands_impostor_215,HandGeometry\Hands\Hand_0000657.jpg,HandGeometry\Hands\Hand_0000179.jpg,handGeometry,False,0001593,0001585,11k_Hands,"{""record1_meta"": {""filename"": ""Hand_0000657"", ""age"": ""20"", ""gender"": ""female"", ""skinColor"": ""medium"", ""accessories"": ""0"", ""nailPolish"": ""0"", ""aspectOfHand"": ""dorsal right"", ""imageName"": ""Hand_0000657.jpg"", ""irregularities"": ""0""}, ""record2_meta"": {""filename"": ""Hand_0000179"", ""age"": ""20"", ""gender"": ""female"", ""skinColor"": ""fair"", ""accessories"": ""0"", ""nailPolish"": ""0"", ""aspectOfHand"": ""dorsal right"", ""imageName"": ""Hand_0000179.jpg"", ""irregularities"": ""0""}}"
11k_Hands_impostor_216,HandGeometry\Hands\Hand_0000165.jpg,HandGeometry\Hands\Hand_0009812.jpg,handGeometry,False,0000594,9000000,11k_Hands,"{""record1_meta"": {""filename"": ""Hand_0000165"", ""age"": ""20"", ""gender"": ""female"", ""skinColor"": ""medium"", ""accessories"": ""0"", ""nailPolish"": ""0"", ""aspectOfHand"": ""palmar left"", ""imageName"": ""Hand_0000165.jpg"", ""irregularities"": ""0""}, ""record2_meta"": {""filename"": ""Hand_0009812"", ""age"": ""23"", ""gender"": ""male"", ""skinColor"": ""medium"", ""accessories"": ""0"", ""nailPolish"": ""0"", ""aspectOfHand"": ""palmar left"", ""imageName"": ""Hand_0009812.jpg"", ""irregularities"": ""0""}}"
11k_Hands_impostor_217,HandGeometry\Hands\Hand_0009714.jpg,HandGeometry\Hands\Hand_0010258.jpg,handGeometry,False,8000000,0000023,11k_Hands,"{""record1_meta"": {""filename"": ""Hand_0009714"", ""age"": ""21"", ""gender"": ""male"", ""skinColor"": ""medium"", ""accessories"": ""0"", ""nailPolish"": ""0"", ""aspectOfHand"": ""dorsal right"", ""imageName"": ""Hand_0009714.jpg"", ""irregularities"": ""0""}, ""record2_meta"": {""filename"": ""Hand_0010258"", ""age"": ""23"", ""gender"": ""female"", ""skinColor"": ""medium"", ""accessories"": ""1"", ""nailPolish"": ""0"", ""aspectOfHand"": ""dorsal right"", ""imageName"": ""Hand_0010258.jpg"", ""irregularities"": ""0""}}"
11k_Hands_impostor_218,HandGeometry\Hands\Hand_0010030.jpg,HandGeometry\Hands\Hand_0000782.jpg,handGeometry,False,0000066,0000570,11k_Hands,"{""record1_meta"": {""filename"": ""Hand_0010030"", ""age"": ""26"", ""gender"": ""male"", ""skinColor"": ""fair"", ""accessories"": ""0"", ""nailPolish"": ""0"", ""aspectOfHand"": ""dorsal right"", ""imageName"": ""Hand_0010030.jpg"", ""irregularities"": ""0""}, ""record2_meta"": {""filename"": ""Hand_0000782"", ""age"": ""21"", ""gender"": ""female"", ""skinColor"": ""medium"", ""accessories"": ""0"", ""nailPolish"": ""0"", ""aspectOfHand"": ""dorsal right"", ""imageName"": ""Hand_0000782.jpg"", ""irregularities"": ""1""}}"
11k_Hands_impostor_219,HandGeometry\Hands\Hand_0003804.jpg,HandGeometry\Hands\Hand_0008269.jpg,handGeometry,False,0001568,0000501,11k_Hands,"{""record1_meta"": {""filename"": ""Hand_0003804"", ""age"": ""21"", ""gender"": ""female"", ""skinColor"": ""fair"", ""accessories"": ""0"", ""nailPolish"": ""0"", ""aspectOfHand"": ""dorsal left"", ""imageName"": ""Hand_0003804.jpg"", ""irregularities"": ""0""}, ""record2_meta"": {""filename"": ""Hand_0008269"", ""age"": ""21"", ""gender"": ""female"", ""skinColor"": ""medium"", ""accessories"": ""0"", ""nailPolish"": ""0"", ""aspectOfHand"": ""dorsal left"", ""imageName"": ""Hand_0008269.jpg"", ""irregularities"": ""0""}}"
11k_Hands_impostor_220,HandGeometry\Hands\Hand_0008757.jpg,HandGeometry\Hands\Hand_0003843.jpg,handGeometry,False,0000532,0001566,11k_Hands,"{""record1_meta"": {""filename"": ""Hand_0008757"", ""age"": ""20"", ""gender"": ""female"", ""skinColor"": ""fair"", ""accessories"": ""1"", ""nailPolish"": ""1"", ""aspectOfHand"": ""dorsal right"", ""imageName"": ""Hand_0008757.jpg"", ""irregularities"": ""0""}, ""record2_meta"": {""filename"": ""Hand_0003843"", ""age"": ""21"", ""gender"": ""male"", ""skinColor"": ""medium"", ""accessories"": ""0"", ""nailPolish"": ""0"", ""aspectOfHand"": ""dorsal right"", ""imageName"": ""Hand_0003843.jpg"", ""irregularities"": ""1""}}"
11k_Hands_impostor_221,HandGeometry\Hands\Hand_0007896.jpg,HandGeometry\Hands\Hand_0005337.jpg,handGeometry,False,0001539,0000055,11k_Hands,"{""record1_meta"": {""filename"": ""Hand_0007896"", ""age"": ""21"", ""gender"": ""female"", ""skinColor"": ""medium"", ""accessories"": ""0"", ""nailPolish"": ""0"", ""aspectOfHand"": ""dorsal left"", ""imageName"": ""Hand_0007896.jpg"", ""irregularities"": ""0""}, ""record2_meta"": {""filename"": ""Hand_0005337"", ""age"": ""20"", ""gender"": ""female"", ""skinColor"": ""medium"", ""accessories"": ""0"", ""nailPolish"": ""0"", ""aspectOfHand"": ""dorsal left"", ""imageName"": ""Hand_0005337.jpg"", ""irregularities"": ""0""}}"
11k_Hands_impostor_222,HandGeometry\Hands\Hand_0010120.jpg,HandGeometry\Hands\Hand_0006376.jpg,handGeometry,False,0001552,0000012,11k_Hands,"{""record1_meta"": {""filename"": ""Hand_0010120"", ""age"": ""23"", ""gender"": ""female"", ""skinColor"": ""medium"", ""accessories"": ""0"", ""nailPolish"": ""0"", ""aspectOfHand"": ""dorsal left"", ""imageName"": ""Hand_0010120.jpg"", ""irregularities"": ""0""}, ""record2_meta"": {""filename"": ""Hand_0006376"", ""age"": ""21"", ""gender"": ""female"", ""skinColor"": ""medium"", ""accessories"": ""1"", ""nailPolish"": ""0"", ""aspectOfHand"": ""dorsal left"", ""imageName"": ""Hand_0006376.jpg"", ""irregularities"": ""0""}}"
11k_Hands_impostor_223,HandGeometry\Hands\Hand_0001910.jpg,HandGeometry\Hands\Hand_0010140.jpg,handGeometry,False,0001503,0000507,11k_Hands,"{""record1_meta"": {""filename"": ""Hand_0001910"", ""age"": ""21"", ""gender"": ""female"", ""skinColor"": ""fair"", ""accessories"": ""0"", ""nailPolish"": ""0"", ""aspectOfHand"": ""dorsal right"", ""imageName"": ""Hand_0001910.jpg"", ""irregularities"": ""0""}, ""record2_meta"": {""filename"": ""Hand_0010140"", ""age"": ""21"", ""gender"": ""female"", ""skinColor"": ""dark"", ""accessories"": ""0"", ""nailPolish"": ""0"", ""aspectOfHand"": ""dorsal right"", ""imageName"": ""Hand_0010140.jpg"", ""irregularities"": ""0""}}"
11k_Hands_impostor_224,HandGeometry\Hands\Hand_0000320.jpg,HandGeometry\Hands\Hand_0008447.jpg,handGeometry,False,0001515,0001573,11k_Hands,"{""record1_meta"": {""filename"": ""Hand_0000320"", ""age"": ""21"", ""gender"": ""female"", ""skinColor"": ""fair"", ""accessories"": ""0"", ""nailPolish"": ""0"", ""aspectOfHand"": ""palmar right"", ""imageName"": ""Hand_0000320.jpg"", ""irregularities"": ""0""}, ""record2_meta"": {""filename"": ""Hand_0008447"", ""age"": ""21"", ""gender"": ""female"", ""skinColor"": ""medium"", ""accessories"": ""0"", ""nailPolish"": ""0"", ""aspectOfHand"": ""palmar right"", ""imageName"": ""Hand_0008447.jpg"", ""irregularities"": ""0""}}"
11k_Hands_impostor_225,HandGeometry\Hands\Hand_0002110.jpg,HandGeometry\Hands\Hand_0007122.jpg,handGeometry,False,0000574,0001532,11k_Hands,"{""record1_meta"": {""filename"": ""Hand_0002110"", ""age"": ""20"", ""gender"": ""female"", ""skinColor"": ""fair"", ""accessories"": ""0"", ""nailPolish"": ""0"", ""aspectOfHand"": ""palmar right"", ""imageName"": ""Hand_0002110.jpg"", ""irregularities"": ""0""}, ""record2_meta"": {""filename"": ""Hand_0007122"", ""age"": ""22"", ""gender"": ""female"", ""skinColor"": ""fair"", ""accessories"": ""1"", ""nailPolish"": ""0"", ""aspectOfHand"": ""palmar right"", ""imageName"": ""Hand_0007122.jpg"", ""irregularities"": ""0""}}"
11k_Hands_impostor_226,HandGeometry\Hands\Hand_0001141.jpg,HandGeometry\Hands\Hand_0003061.jpg,handGeometry,False,0001074,0001549,11k_Hands,"{""record1_meta"": {""filename"": ""Hand_0001141"", ""age"": ""21"", ""gender"": ""female"", ""skinColor"": ""medium"", ""accessories"": ""0"", ""nailPolish"": ""0"", ""aspectOfHand"": ""dorsal right"", ""imageName"": ""Hand_0001141.jpg"", ""irregularities"": ""0""}, ""record2_meta"": {""filename"": ""Hand_0003061"", ""age"": ""20"", ""gender"": ""female"", ""skinColor"": ""medium"", ""accessories"": ""0"", ""nailPolish"": ""0"", ""aspectOfHand"": ""dorsal right"", ""imageName"": ""Hand_0003061.jpg"", ""irregularities"": ""0""}}"
11k_Hands_impostor_227,HandGeometry\Hands\Hand_0011195.jpg,HandGeometry\Hands\Hand_0007826.jpg,handGeometry,False,0001088,0001052,11k_Hands,"{""record1_meta"": {""filename"": ""Hand_0011195"", ""age"": ""22"", ""gender"": ""male"", ""skinColor"": ""medium"", ""accessories"": ""0"", ""nailPolish"": ""0"", ""aspectOfHand"": ""palmar right"", ""imageName"": ""Hand_0011195.jpg"", ""irregularities"": ""0""}, ""record2_meta"": {""filename"": ""Hand_0007826"", ""age"": ""21"", ""gender"": ""female"", ""skinColor"": ""medium"", ""accessories"": ""1"", ""nailPolish"": ""0"", ""aspectOfHand"": ""palmar right"", ""imageName"": ""Hand_0007826.jpg"", ""irregularities"": ""0""}}"
11k_Hands_impostor_228,HandGeometry\Hands\Hand_0010417.jpg,HandGeometry\Hands\Hand_0008553.jpg,handGeometry,False,0001594,0001541,11k_Hands,"{""record1_meta"": {""filename"": ""Hand_0010417"", ""age"": ""23"", ""gender"": ""male"", ""skinColor"": ""medium"", ""accessories"": ""0"", ""nailPolish"": ""0"", ""aspectOfHand"": ""dorsal left"", ""imageName"": ""Hand_0010417.jpg"", ""irregularities"": ""0""}, ""record2_meta"": {""filename"": ""Hand_0008553"", ""age"": ""21"", ""gender"": ""female"", ""skinColor"": ""medium"", ""accessories"": ""1"", ""nailPolish"": ""1"", ""aspectOfHand"": ""dorsal left"", ""imageName"": ""Hand_0008553.jpg"", ""irregularities"": ""0""}}"
11k_Hands_impostor_229,HandGeometry\Hands\Hand_0005624.jpg,HandGeometry\Hands\Hand_0009328.jpg,handGeometry,False,0001041,1000000,11k_Hands,"{""record1_meta"": {""filename"": ""Hand_0005624"", ""age"": ""20"", ""gender"": ""female"", ""skinColor"": ""medium"", ""accessories"": ""1"", ""nailPolish"": ""0"", ""aspectOfHand"": ""dorsal right"", ""imageName"": ""Hand_0005624.jpg"", ""irregularities"": ""0""}, ""record2_meta"": {""filename"": ""Hand_0009328"", ""age"": ""70"", ""gender"": ""male"", ""skinColor"": ""dark"", ""accessories"": ""0"", ""nailPolish"": ""0"", ""aspectOfHand"": ""dorsal right"", ""imageName"": ""Hand_0009328.jpg"", ""irregularities"": ""1""}}"
11k_Hands_impostor_230,HandGeometry\Hands\Hand_0008251.jpg,HandGeometry\Hands\Hand_0005429.jpg,handGeometry,False,0000501,0001061,11k_Hands,"{""record1_meta"": {""filename"": ""Hand_0008251"", ""age"": ""21"", ""gender"": ""female"", ""skinColor"": ""medium"", ""accessories"": ""0"", ""nailPolish"": ""0"", ""aspectOfHand"": ""dorsal right"", ""imageName"": ""Hand_0008251.jpg"", ""irregularities"": ""0""}, ""record2_meta"": {""filename"": ""Hand_0005429"", ""age"": ""20"", ""gender"": ""female"", ""skinColor"": ""fair"", ""accessories"": ""1"", ""nailPolish"": ""1"", ""aspectOfHand"": ""dorsal right"", ""imageName"": ""Hand_0005429.jpg"", ""irregularities"": ""0""}}"
11k_Hands_impostor_231,HandGeometry\Hands\Hand_0000668.jpg,HandGeometry\Hands\Hand_0011247.jpg,handGeometry,False,0001593,0001536,11k_Hands,"{""record1_meta"": {""filename"": ""Hand_0000668"", ""age"": ""20"", ""gender"": ""female"", ""skinColor"": ""medium"", ""accessories"": ""0"", ""nailPolish"": ""0"", ""aspectOfHand"": ""palmar right"", ""imageName"": ""Hand_0000668.jpg"", ""irregularities"": ""0""}, ""record2_meta"": {""filename"": ""Hand_0011247"", ""age"": ""22"", ""gender"": ""male"", ""skinColor"": ""medium"", ""accessories"": ""0"", ""nailPolish"": ""0"", ""aspectOfHand"": ""palmar right"", ""imageName"": ""Hand_0011247.jpg"", ""irregularities"": ""0""}}"
11k_Hands_impostor_232,HandGeometry\Hands\Hand_0001342.jpg,HandGeometry\Hands\Hand_0003420.jpg,handGeometry,False,0000514,0001018,11k_Hands,"{""record1_meta"": {""filename"": ""Hand_0001342"", ""age"": ""22"", ""gender"": ""female"", ""skinColor"": ""medium"", ""accessories"": ""0"", ""nailPolish"": ""0"", ""aspectOfHand"": ""palmar right"", ""imageName"": ""Hand_0001342.jpg"", ""irregularities"": ""0""}, ""record2_meta"": {""filename"": ""Hand_0003420"", ""age"": ""21"", ""gender"": ""female"", ""skinColor"": ""fair"", ""accessories"": ""1"", ""nailPolish"": ""0"", ""aspectOfHand"": ""palmar right"", ""imageName"": ""Hand_0003420.jpg"", ""irregularities"": ""0""}}"
11k_Hands_impostor_233,HandGeometry\Hands\Hand_0009935.jpg,HandGeometry\Hands\Hand_0003809.jpg,handGeometry,False,0001093,0001568,11k_Hands,"{""record1_meta"": {""filename"": ""Hand_0009935"", ""age"": ""22"", ""gender"": ""female"", ""skinColor"": ""very fair"", ""accessories"": ""0"", ""nailPolish"": ""0"", ""aspectOfHand"": ""dorsal left"", ""imageName"": ""Hand_0009935.jpg"", ""irregularities"": ""0""}, ""record2_meta"": {""filename"": ""Hand_0003809"", ""age"": ""21"", ""gender"": ""female"", ""skinColor"": ""fair"", ""accessories"": ""0"", ""nailPolish"": ""0"", ""aspectOfHand"": ""dorsal left"", ""imageName"": ""Hand_0003809.jpg"", ""irregularities"": ""0""}}"
11k_Hands_impostor_234,HandGeometry\Hands\Hand_0000675.jpg,HandGeometry\Hands\Hand_0007336.jpg,handGeometry,False,0000004,0001543,11k_Hands,"{""record1_meta"": {""filename"": ""Hand_0000675"", ""age"": ""21"", ""gender"": ""female"", ""skinColor"": ""medium"", ""accessories"": ""0"", ""nailPolish"": ""0"", ""aspectOfHand"": ""dorsal right"", ""imageName"": ""Hand_0000675.jpg"", ""irregularities"": ""0""}, ""record2_meta"": {""filename"": ""Hand_0007336"", ""age"": ""21"", ""gender"": ""male"", ""skinColor"": ""medium"", ""accessories"": ""0"", ""nailPolish"": ""0"", ""aspectOfHand"": ""dorsal right"", ""imageName"": ""Hand_0007336.jpg"", ""irregularities"": ""0""}}"
11k_Hands_impostor_235,HandGeometry\Hands\Hand_0002446.jpg,HandGeometry\Hands\Hand_0011697.jpg,handGeometry,False,0001537,0001589,11k_Hands,"{""record1_meta"": {""filename"": ""Hand_0002446"", ""age"": ""22"", ""gender"": ""female"", ""skinColor"": ""medium"", ""accessories"": ""0"", ""nailPolish"": ""0"", ""aspectOfHand"": ""palmar right"", ""imageName"": ""Hand_0002446.jpg"", ""irregularities"": ""0""}, ""record2_meta"": {""filename"": ""Hand_0011697"", ""age"": ""22"", ""gender"": ""female"", ""skinColor"": ""fair"", ""accessories"": ""0"", ""nailPolish"": ""0"", ""aspectOfHand"": ""palmar right"", ""imageName"": ""Hand_0011697.jpg"", ""irregularities"": ""0""}}"
11k_Hands_impostor_236,HandGeometry\Hands\Hand_0007098.jpg,HandGeometry\Hands\Hand_0003354.jpg,handGeometry,False,0000509,0001541,11k_Hands,"{""record1_meta"": {""filename"": ""Hand_0007098"", ""age"": ""21"", ""gender"": ""female"", ""skinColor"": ""medium"", ""accessories"": ""1"", ""nailPolish"": ""0"", ""aspectOfHand"": ""palmar right"", ""imageName"": ""Hand_0007098.jpg"", ""irregularities"": ""0""}, ""record2_meta"": {""filename"": ""Hand_0003354"", ""age"": ""21"", ""gender"": ""female"", ""skinColor"": ""medium"", ""accessories"": ""1"", ""nailPolish"": ""0"", ""aspectOfHand"": ""palmar right"", ""imageName"": ""Hand_0003354.jpg"", ""irregularities"": ""0""}}"
11k_Hands_impostor_237,HandGeometry\Hands\Hand_0005662.jpg,HandGeometry\Hands\Hand_0001797.jpg,handGeometry,False,0001041,0001518,11k_Hands,"{""record1_meta"": {""filename"": ""Hand_0005662"", ""age"": ""20"", ""gender"": ""female"", ""skinColor"": ""medium"", ""accessories"": ""1"", ""nailPolish"": ""0"", ""aspectOfHand"": ""dorsal left"", ""imageName"": ""Hand_0005662.jpg"", ""irregularities"": ""0""}, ""record2_meta"": {""filename"": ""Hand_0001797"", ""age"": ""43"", ""gender"": ""male"", ""skinColor"": ""fair"", ""accessories"": ""0"", ""nailPolish"": ""0"", ""aspectOfHand"": ""dorsal left"", ""imageName"": ""Hand_0001797.jpg"", ""irregularities"": ""0""}}"
11k_Hands_impostor_238,HandGeometry\Hands\Hand_0003147.jpg,HandGeometry\Hands\Hand_0006538.jpg,handGeometry,False,0001019,0001560,11k_Hands,"{""record1_meta"": {""filename"": ""Hand_0003147"", ""age"": ""21"", ""gender"": ""female"", ""skinColor"": ""very fair"", ""accessories"": ""1"", ""nailPolish"": ""0"", ""aspectOfHand"": ""dorsal right"", ""imageName"": ""Hand_0003147.jpg"", ""irregularities"": ""0""}, ""record2_meta"": {""filename"": ""Hand_0006538"", ""age"": ""21"", ""gender"": ""male"", ""skinColor"": ""dark"", ""accessories"": ""0"", ""nailPolish"": ""0"", ""aspectOfHand"": ""dorsal right"", ""imageName"": ""Hand_0006538.jpg"", ""irregularities"": ""0""}}"
11k_Hands_impostor_239,HandGeometry\Hands\Hand_0009263.jpg,HandGeometry\Hands\Hand_0007443.jpg,handGeometry,False,0000541,0001546,11k_Hands,"{""record1_meta"": {""filename"": ""Hand_0009263"", ""age"": ""21"", ""gender"": ""male"", ""skinColor"": ""fair"", ""accessories"": ""0"", ""nailPolish"": ""0"", ""aspectOfHand"": ""dorsal left"", ""imageName"": ""Hand_0009263.jpg"", ""irregularities"": ""0""}, ""record2_meta"": {""filename"": ""Hand_0007443"", ""age"": ""21"", ""gender"": ""female"", ""skinColor"": ""medium"", ""accessories"": ""1"", ""nailPolish"": ""0"", ""aspectOfHand"": ""dorsal left"", ""imageName"": ""Hand_0007443.jpg"", ""irregularities"": ""0""}}"
11k_Hands_impostor_240,HandGeometry\Hands\Hand_0001105.jpg,HandGeometry\Hands\Hand_0006276.jpg,handGeometry,False,0001535,0001559,11k_Hands,"{""record1_meta"": {""filename"": ""Hand_0001105"", ""age"": ""22"", ""gender"": ""female"", ""skinColor"": ""medium"", ""accessories"": ""1"", ""nailPolish"": ""0"", ""aspectOfHand"": ""palmar right"", ""imageName"": ""Hand_0001105.jpg"", ""irregularities"": ""0""}, ""record2_meta"": {""filename"": ""Hand_0006276"", ""age"": ""20"", ""gender"": ""female"", ""skinColor"": ""medium"", ""accessories"": ""0"", ""nailPolish"": ""0"", ""aspectOfHand"": ""palmar right"", ""imageName"": ""Hand_0006276.jpg"", ""irregularities"": ""0""}}"
11k_Hands_impostor_241,HandGeometry\Hands\Hand_0001359.jpg,HandGeometry\Hands\Hand_0000832.jpg,handGeometry,False,0001509,0000061,11k_Hands,"{""record1_meta"": {""filename"": ""Hand_0001359"", ""age"": ""20"", ""gender"": ""female"", ""skinColor"": ""fair"", ""accessories"": ""0"", ""nailPolish"": ""0"", ""aspectOfHand"": ""palmar right"", ""imageName"": ""Hand_0001359.jpg"", ""irregularities"": ""0""}, ""record2_meta"": {""filename"": ""Hand_0000832"", ""age"": ""21"", ""gender"": ""female"", ""skinColor"": ""medium"", ""accessories"": ""0"", ""nailPolish"": ""0"", ""aspectOfHand"": ""palmar right"", ""imageName"": ""Hand_0000832.jpg"", ""irregularities"": ""0""}}"
11k_Hands_impostor_242,HandGeometry\Hands\Hand_0003226.jpg,HandGeometry\Hands\Hand_0000770.jpg,handGeometry,False,0001544,0000045,11k_Hands,"{""record1_meta"": {""filename"": ""Hand_0003226"", ""age"": ""20"", ""gender"": ""female"", ""skinColor"": ""fair"", ""accessories"": ""0"", ""nailPolish"": ""0"", ""aspectOfHand"": ""palmar right"", ""imageName"": ""Hand_0003226.jpg"", ""irregularities"": ""0""}, ""record2_meta"": {""filename"": ""Hand_0000770"", ""age"": ""21"", ""gender"": ""female"", ""skinColor"": ""medium"", ""accessories"": ""0"", ""nailPolish"": ""0"", ""aspectOfHand"": ""palmar right"", ""imageName"": ""Hand_0000770.jpg"", ""irregularities"": ""0""}}"
11k_Hands_impostor_243,HandGeometry\Hands\Hand_0000246.jpg,HandGeometry\Hands\Hand_0002347.jpg,handGeometry,False,0000008,0001020,11k_Hands,"{""record1_meta"": {""filename"": ""Hand_0000246"", ""age"": ""21"", ""gender"": ""female"", ""skinColor"": ""medium"", ""accessories"": ""0"", ""nailPolish"": ""0"", ""aspectOfHand"": ""palmar right"", ""imageName"": ""Hand_0000246.jpg"", ""irregularities"": ""0""}, ""record2_meta"": {""filename"": ""Hand_0002347"", ""age"": ""20"", ""gender"": ""female"", ""skinColor"": ""medium"", ""accessories"": ""0"", ""nailPolish"": ""0"", ""aspectOfHand"": ""palmar right"", ""imageName"": ""Hand_0002347.jpg"", ""irregularities"": ""0""}}"
11k_Hands_impostor_244,HandGeometry\Hands\Hand_0000609.jpg,HandGeometry\Hands\Hand_0008308.jpg,handGeometry,False,0001592,0001014,11k_Hands,"{""record1_meta"": {""filename"": ""Hand_0000609"", ""age"": ""20"", ""gender"": ""female"", ""skinColor"": ""medium"", ""accessories"": ""0"", ""nailPolish"": ""0"", ""aspectOfHand"": ""dorsal right"", ""imageName"": ""Hand_0000609.jpg"", ""irregularities"": ""0""}, ""record2_meta"": {""filename"": ""Hand_0008308"", ""age"": ""22"", ""gender"": ""female"", ""skinColor"": ""medium"", ""accessories"": ""0"", ""nailPolish"": ""0"", ""aspectOfHand"": ""dorsal right"", ""imageName"": ""Hand_0008308.jpg"", ""irregularities"": ""0""}}"
11k_Hands_impostor_245,HandGeometry\Hands\Hand_0010549.jpg,HandGeometry\Hands\Hand_0006368.jpg,handGeometry,False,0000506,0000012,11k_Hands,"{""record1_meta"": {""filename"": ""Hand_0010549"", ""age"": ""22"", ""gender"": ""male"", ""skinColor"": ""medium"", ""accessories"": ""0"", ""nailPolish"": ""0"", ""aspectOfHand"": ""dorsal left"", ""imageName"": ""Hand_0010549.jpg"", ""irregularities"": ""0""}, ""record2_meta"": {""filename"": ""Hand_0006368"", ""age"": ""21"", ""gender"": ""female"", ""skinColor"": ""medium"", ""accessories"": ""1"", ""nailPolish"": ""0"", ""aspectOfHand"": ""dorsal left"", ""imageName"": ""Hand_0006368.jpg"", ""irregularities"": ""0""}}"
11k_Hands_impostor_246,HandGeometry\Hands\Hand_0009330.jpg,HandGeometry\Hands\Hand_0006518.jpg,handGeometry,False,1000000,0001058,11k_Hands,"{""record1_meta"": {""filename"": ""Hand_0009330"", ""age"": ""70"", ""gender"": ""male"", ""skinColor"": ""dark"", ""accessories"": ""0"", ""nailPolish"": ""0"", ""aspectOfHand"": ""dorsal right"", ""imageName"": ""Hand_0009330.jpg"", ""irregularities"": ""1""}, ""record2_meta"": {""filename"": ""Hand_0006518"", ""age"": ""22"", ""gender"": ""female"", ""skinColor"": ""medium"", ""accessories"": ""0"", ""nailPolish"": ""1"", ""aspectOfHand"": ""dorsal right"", ""imageName"": ""Hand_0006518.jpg"", ""irregularities"": ""0""}}"
11k_Hands_impostor_247,HandGeometry\Hands\Hand_0000525.jpg,HandGeometry\Hands\Hand_0010065.jpg,handGeometry,False,0000011,0000066,11k_Hands,"{""record1_meta"": {""filename"": ""Hand_0000525"", ""age"": ""20"", ""gender"": ""female"", ""skinColor"": ""medium"", ""accessories"": ""0"", ""nailPolish"": ""0"", ""aspectOfHand"": ""dorsal left"", ""imageName"": ""Hand_0000525.jpg"", ""irregularities"": ""0""}, ""record2_meta"": {""filename"": ""Hand_0010065"", ""age"": ""26"", ""gender"": ""male"", ""skinColor"": ""fair"", ""accessories"": ""0"", ""nailPolish"": ""0"", ""aspectOfHand"": ""dorsal left"", ""imageName"": ""Hand_0010065.jpg"", ""irregularities"": ""0""}}"
11k_Hands_impostor_248,HandGeometry\Hands\Hand_0001155.jpg,HandGeometry\Hands\Hand_0003434.jpg,handGeometry,False,0001074,0001018,11k_Hands,"{""record1_meta"": {""filename"": ""Hand_0001155"", ""age"": ""21"", ""gender"": ""female"", ""skinColor"": ""medium"", ""accessories"": ""1"", ""nailPolish"": ""0"", ""aspectOfHand"": ""dorsal left"", ""imageName"": ""Hand_0001155.jpg"", ""irregularities"": ""0""}, ""record2_meta"": {""filename"": ""Hand_0003434"", ""age"": ""21"", ""gender"": ""female"", ""skinColor"": ""fair"", ""accessories"": ""1"", ""nailPolish"": ""1"", ""aspectOfHand"": ""dorsal left"", ""imageName"": ""Hand_0003434.jpg"", ""irregularities"": ""0""}}"
11k_Hands_impostor_249,HandGeometry\Hands\Hand_0001898.jpg,HandGeometry\Hands\Hand_0001268.jpg,handGeometry,False,0001503,0001008,11k_Hands,"{""record1_meta"": {""filename"": ""Hand_0001898"", ""age"": ""21"", ""gender"": ""female"", ""skinColor"": ""fair"", ""accessories"": ""0"", ""nailPolish"": ""0"", ""aspectOfHand"": ""dorsal left"", ""imageName"": ""Hand_0001898.jpg"", ""irregularities"": ""0""}, ""record2_meta"": {""filename"": ""Hand_0001268"", ""age"": ""20"", ""gender"": ""female"", ""skinColor"": ""medium"", ""accessories"": ""0"", ""nailPolish"": ""0"", ""aspectOfHand"": ""dorsal left"", ""imageName"": ""Hand_0001268.jpg"", ""irregularities"": ""0""}}"
