matcher,modality,pair_id,identity1,identity2,num_keypoints_image1,num_keypoints_image2,num_matches,num_inliers,inlier_ratio,is_same_person_pred,confidence,ground_truth,is_correct,reprojection_error
LoFTR_indoor,hand,11k_Hands_genuine_0,0000538,0000538,335,335,335,108,0.3224,False,0.3224,True,False,2.1959
ORB,hand,11k_Hands_genuine_0,0000538,0000538,429,462,20,0,,False,,True,False,
SIFT,hand,11k_Hands_genuine_0,0000538,0000538,118,111,9,5,0.5556,True,0.5556,True,True,1.0444
SuperGlue,hand,11k_Hands_genuine_0,0000538,0000538,147,158,15,6,0.4000,False,0.4000,True,False,1.2508
SGMNet_root_SGM,hand,11k_Hands_genuine_0,0000538,0000538,763,866,61,12,0.1967,False,0.1967,True,False,1.2830
ASpanFormer_indoor,hand,11k_Hands_genuine_0,0000538,0000538,161,161,161,79,0.4907,True,0.4907,True,True,2.3173
DeepDetect,hand,11k_Hands_genuine_0,0000538,0000538,9636,10796,60,57,0.9500,True,0.9500,True,True,0.0493
LoFTR_indoor,hand,11k_Hands_genuine_1,0001020,0001020,238,238,238,29,0.1218,False,0.1218,True,False,2.3803
ORB,hand,11k_Hands_genuine_1,0001020,0001020,753,375,17,0,,False,,True,False,
SIFT,hand,11k_Hands_genuine_1,0001020,0001020,213,80,12,0,,False,,True,False,
SuperGlue,hand,11k_Hands_genuine_1,0001020,0001020,295,293,5,0,,False,,True,False,
SGMNet_root_SGM,hand,11k_Hands_genuine_1,0001020,0001020,983,1221,27,7,0.2593,False,0.2593,True,False,0.7850
ASpanFormer_indoor,hand,11k_Hands_genuine_1,0001020,0001020,64,64,64,22,0.3438,False,0.3438,True,False,2.2315
DeepDetect,hand,11k_Hands_genuine_1,0001020,0001020,14778,15176,61,0,,False,,True,False,
LoFTR_indoor,hand,11k_Hands_genuine_2,0000055,0000055,226,226,226,41,0.1814,False,0.1814,True,False,1.9069
ORB,hand,11k_Hands_genuine_2,0000055,0000055,465,299,22,0,,False,,True,False,
SIFT,hand,11k_Hands_genuine_2,0000055,0000055,146,102,11,5,0.4545,True,0.4545,True,True,0.8693
SuperGlue,hand,11k_Hands_genuine_2,0000055,0000055,268,262,9,6,0.6667,True,0.6667,True,True,0.9775
SGMNet_root_SGM,hand,11k_Hands_genuine_2,0000055,0000055,1281,1171,52,14,0.2692,False,0.2692,True,False,1.4432
ASpanFormer_indoor,hand,11k_Hands_genuine_2,0000055,0000055,97,97,97,32,0.3299,False,0.3299,True,False,2.0055
DeepDetect,hand,11k_Hands_genuine_2,0000055,0000055,12133,14129,100,77,0.7700,True,0.7700,True,True,0.9905
LoFTR_indoor,hand,11k_Hands_genuine_3,0001011,0001011,998,998,998,546,0.5471,True,0.5471,True,True,1.5352
ORB,hand,11k_Hands_genuine_3,0001011,0001011,333,331,45,16,0.3556,False,0.3556,True,False,2.0845
SIFT,hand,11k_Hands_genuine_3,0001011,0001011,94,81,23,12,0.5217,True,0.5217,True,True,1.1369
SuperGlue,hand,11k_Hands_genuine_3,0001011,0001011,232,204,133,34,0.2556,False,0.2556,True,False,2.6923
SGMNet_root_SGM,hand,11k_Hands_genuine_3,0001011,0001011,1032,929,398,179,0.4497,True,0.4497,True,True,1.5683
ASpanFormer_indoor,hand,11k_Hands_genuine_3,0001011,0001011,825,825,825,485,0.5879,True,0.5879,True,True,1.2987
DeepDetect,hand,11k_Hands_genuine_3,0001011,0001011,11135,11477,198,165,0.8333,True,0.8333,True,True,1.6412
LoFTR_indoor,hand,11k_Hands_genuine_4,0001039,0001039,961,961,961,481,0.5005,True,0.5005,True,True,0.8311
ORB,hand,11k_Hands_genuine_4,0001039,0001039,165,236,24,14,0.5833,True,0.5833,True,True,1.2617
SIFT,hand,11k_Hands_genuine_4,0001039,0001039,92,126,29,12,0.4138,False,0.4138,True,False,1.8391
SuperGlue,hand,11k_Hands_genuine_4,0001039,0001039,248,222,151,35,0.2318,False,0.2318,True,False,2.7109
SGMNet_root_SGM,hand,11k_Hands_genuine_4,0001039,0001039,1210,1231,603,290,0.4809,True,0.4809,True,True,1.0071
ASpanFormer_indoor,hand,11k_Hands_genuine_4,0001039,0001039,885,885,885,419,0.4734,True,0.4734,True,True,2.3818
DeepDetect,hand,11k_Hands_genuine_4,0001039,0001039,11730,11305,351,319,0.9088,True,0.9088,True,True,0.6860
LoFTR_indoor,hand,11k_Hands_genuine_5,0001571,0001571,1161,1161,1161,869,0.7485,True,0.7485,True,True,1.5437
ORB,hand,11k_Hands_genuine_5,0001571,0001571,322,289,91,63,0.6923,True,0.6923,True,True,1.2593
SIFT,hand,11k_Hands_genuine_5,0001571,0001571,74,73,30,26,0.8667,True,0.8667,True,True,1.0038
SuperGlue,hand,11k_Hands_genuine_5,0001571,0001571,149,151,126,74,0.5873,True,0.5873,True,True,2.0696
SGMNet_root_SGM,hand,11k_Hands_genuine_5,0001571,0001571,652,676,360,219,0.6083,True,0.6083,True,True,1.0996
ASpanFormer_indoor,hand,11k_Hands_genuine_5,0001571,0001571,1991,1991,1991,1369,0.6876,True,0.6876,True,True,1.5155
DeepDetect,hand,11k_Hands_genuine_5,0001571,0001571,8894,9600,1700,1690,0.9941,True,0.9941,True,True,0.5993
LoFTR_indoor,hand,11k_Hands_genuine_6,0001541,0001541,189,189,189,54,0.2857,False,0.2857,True,False,2.4036
ORB,hand,11k_Hands_genuine_6,0001541,0001541,726,379,25,0,,False,,True,False,
SIFT,hand,11k_Hands_genuine_6,0001541,0001541,154,97,3,0,,False,,True,False,
SuperGlue,hand,11k_Hands_genuine_6,0001541,0001541,163,203,4,0,,False,,True,False,
SGMNet_root_SGM,hand,11k_Hands_genuine_6,0001541,0001541,739,947,12,6,0.5000,True,0.5000,True,True,0.6024
ASpanFormer_indoor,hand,11k_Hands_genuine_6,0001541,0001541,213,213,213,79,0.3709,False,0.3709,True,False,1.7072
DeepDetect,hand,11k_Hands_genuine_6,0001541,0001541,9382,11629,18,16,0.8889,True,0.8889,True,True,0.7580
LoFTR_indoor,hand,11k_Hands_genuine_7,0001024,0001024,332,332,332,103,0.3102,False,0.3102,True,False,1.8021
ORB,hand,11k_Hands_genuine_7,0001024,0001024,557,415,25,0,,False,,True,False,
SIFT,hand,11k_Hands_genuine_7,0001024,0001024,174,132,3,0,,False,,True,False,
SuperGlue,hand,11k_Hands_genuine_7,0001024,0001024,179,228,34,16,0.4706,True,0.4706,True,True,1.9843
SGMNet_root_SGM,hand,11k_Hands_genuine_7,0001024,0001024,1000,1458,31,13,0.4194,True,0.4194,True,True,1.0276
ASpanFormer_indoor,hand,11k_Hands_genuine_7,0001024,0001024,226,226,226,171,0.7566,True,0.7566,True,True,1.8801
DeepDetect,hand,11k_Hands_genuine_7,0001024,0001024,10926,13851,30,17,0.5667,True,0.5667,True,True,1.4612
LoFTR_indoor,hand,11k_Hands_genuine_8,0001060,0001060,201,201,201,19,0.0945,False,0.0945,True,False,2.4397
ORB,hand,11k_Hands_genuine_8,0001060,0001060,334,217,8,0,,False,,True,False,
SIFT,hand,11k_Hands_genuine_8,0001060,0001060,135,106,9,0,,False,,True,False,
SuperGlue,hand,11k_Hands_genuine_8,0001060,0001060,261,239,3,0,,False,,True,False,
SGMNet_root_SGM,hand,11k_Hands_genuine_8,0001060,0001060,1051,1659,24,0,,False,,True,False,
ASpanFormer_indoor,hand,11k_Hands_genuine_8,0001060,0001060,105,105,105,40,0.3810,False,0.3810,True,False,1.5005
DeepDetect,hand,11k_Hands_genuine_8,0001060,0001060,11424,14284,20,13,0.6500,True,0.6500,True,True,0.5477
LoFTR_indoor,hand,11k_Hands_genuine_9,0001020,0001020,320,320,320,58,0.1812,False,0.1812,True,False,1.6626
ORB,hand,11k_Hands_genuine_9,0001020,0001020,492,564,24,11,0.4583,True,0.4583,True,True,1.1973
SIFT,hand,11k_Hands_genuine_9,0001020,0001020,147,186,9,4,0.4444,False,0.4444,True,False,0.0000
SuperGlue,hand,11k_Hands_genuine_9,0001020,0001020,216,290,68,18,0.2647,False,0.2647,True,False,2.6209
SGMNet_root_SGM,hand,11k_Hands_genuine_9,0001020,0001020,915,1026,80,10,0.1250,False,0.1250,True,False,1.3429
ASpanFormer_indoor,hand,11k_Hands_genuine_9,0001020,0001020,197,197,197,60,0.3046,False,0.3046,True,False,2.2140
DeepDetect,hand,11k_Hands_genuine_9,0001020,0001020,11756,16371,34,0,,False,,True,False,
LoFTR_indoor,hand,11k_Hands_genuine_10,1200000,1200000,339,339,339,91,0.2684,False,0.2684,True,False,2.3015
ORB,hand,11k_Hands_genuine_10,1200000,1200000,340,194,12,0,,False,,True,False,
SIFT,hand,11k_Hands_genuine_10,1200000,1200000,136,100,9,0,,False,,True,False,
SuperGlue,hand,11k_Hands_genuine_10,1200000,1200000,335,250,0,0,,False,,True,False,
SGMNet_root_SGM,hand,11k_Hands_genuine_10,1200000,1200000,1866,1538,83,20,0.2410,False,0.2410,True,False,1.7143
ASpanFormer_indoor,hand,11k_Hands_genuine_10,1200000,1200000,350,350,350,149,0.4257,True,0.4257,True,True,2.8785
DeepDetect,hand,11k_Hands_genuine_10,1200000,1200000,14652,12956,86,0,,False,,True,False,
LoFTR_indoor,hand,11k_Hands_genuine_11,0001011,0001011,258,258,258,52,0.2016,False,0.2016,True,False,2.1810
ORB,hand,11k_Hands_genuine_11,0001011,0001011,375,497,24,9,0.3750,False,0.3750,True,False,2.4383
SIFT,hand,11k_Hands_genuine_11,0001011,0001011,92,124,12,0,,False,,True,False,
SuperGlue,hand,11k_Hands_genuine_11,0001011,0001011,217,214,10,0,,False,,True,False,
SGMNet_root_SGM,hand,11k_Hands_genuine_11,0001011,0001011,999,919,86,14,0.1628,False,0.1628,True,False,1.5900
ASpanFormer_indoor,hand,11k_Hands_genuine_11,0001011,0001011,118,118,118,56,0.4746,True,0.4746,True,True,2.1023
DeepDetect,hand,11k_Hands_genuine_11,0001011,0001011,11081,10613,139,116,0.8345,True,0.8345,True,True,0.8597
LoFTR_indoor,hand,11k_Hands_genuine_12,0001030,0001030,246,246,246,42,0.1707,False,0.1707,True,False,2.1997
ORB,hand,11k_Hands_genuine_12,0001030,0001030,448,489,19,9,0.4737,True,0.4737,True,True,1.2100
SIFT,hand,11k_Hands_genuine_12,0001030,0001030,124,134,2,0,,False,,True,False,
SuperGlue,hand,11k_Hands_genuine_12,0001030,0001030,203,163,0,0,,False,,True,False,
SGMNet_root_SGM,hand,11k_Hands_genuine_12,0001030,0001030,832,908,55,15,0.2727,False,0.2727,True,False,1.2903
ASpanFormer_indoor,hand,11k_Hands_genuine_12,0001030,0001030,175,175,175,65,0.3714,False,0.3714,True,False,2.7290
DeepDetect,hand,11k_Hands_genuine_12,0001030,0001030,11495,10055,125,0,,False,,True,False,
LoFTR_indoor,hand,11k_Hands_genuine_13,0000525,0000525,219,219,219,37,0.1689,False,0.1689,True,False,3.9406
ORB,hand,11k_Hands_genuine_13,0000525,0000525,482,723,8,0,,False,,True,False,
SIFT,hand,11k_Hands_genuine_13,0000525,0000525,99,144,9,5,0.5556,True,0.5556,True,True,0.0000
SuperGlue,hand,11k_Hands_genuine_13,0000525,0000525,379,270,6,5,0.8333,True,0.8333,True,True,0.8738
SGMNet_root_SGM,hand,11k_Hands_genuine_13,0000525,0000525,1687,1557,141,14,0.0993,False,0.0993,True,False,1.4035
ASpanFormer_indoor,hand,11k_Hands_genuine_13,0000525,0000525,186,186,186,75,0.4032,True,0.4032,True,True,2.6210
DeepDetect,hand,11k_Hands_genuine_13,0000525,0000525,16848,13481,167,78,0.4671,True,0.4671,True,True,1.8801
LoFTR_indoor,hand,11k_Hands_genuine_14,0001579,0001579,994,994,994,519,0.5221,True,0.5221,True,True,1.6286
ORB,hand,11k_Hands_genuine_14,0001579,0001579,355,240,41,23,0.5610,True,0.5610,True,True,1.9707
SIFT,hand,11k_Hands_genuine_14,0001579,0001579,110,110,21,13,0.6190,True,0.6190,True,True,1.7546
SuperGlue,hand,11k_Hands_genuine_14,0001579,0001579,232,241,189,69,0.3651,False,0.3651,True,False,2.2880
SGMNet_root_SGM,hand,11k_Hands_genuine_14,0001579,0001579,1118,1211,621,322,0.5185,True,0.5185,True,True,1.4679
ASpanFormer_indoor,hand,11k_Hands_genuine_14,0001579,0001579,1489,1489,1489,921,0.6185,True,0.6185,True,True,2.2927
DeepDetect,hand,11k_Hands_genuine_14,0001579,0001579,11559,11332,348,240,0.6897,True,0.6897,True,True,0.9884
LoFTR_indoor,hand,11k_Hands_genuine_15,0001067,0001067,288,288,288,129,0.4479,False,0.4479,True,False,2.1578
ORB,hand,11k_Hands_genuine_15,0001067,0001067,509,406,18,0,,False,,True,False,
SIFT,hand,11k_Hands_genuine_15,0001067,0001067,133,139,8,0,,False,,True,False,
SuperGlue,hand,11k_Hands_genuine_15,0001067,0001067,183,195,5,0,,False,,True,False,
SGMNet_root_SGM,hand,11k_Hands_genuine_15,0001067,0001067,723,950,75,23,0.3067,False,0.3067,True,False,1.4848
ASpanFormer_indoor,hand,11k_Hands_genuine_15,0001067,0001067,198,198,198,130,0.6566,True,0.6566,True,True,2.1787
DeepDetect,hand,11k_Hands_genuine_15,0001067,0001067,9484,11255,36,23,0.6389,True,0.6389,True,True,2.1487
LoFTR_indoor,hand,11k_Hands_genuine_16,0000025,0000025,149,149,149,38,0.2550,False,0.2550,True,False,2.4951
ORB,hand,11k_Hands_genuine_16,0000025,0000025,351,410,21,0,,False,,True,False,
SIFT,hand,11k_Hands_genuine_16,0000025,0000025,117,139,3,0,,False,,True,False,
SuperGlue,hand,11k_Hands_genuine_16,0000025,0000025,146,251,0,0,,False,,True,False,
SGMNet_root_SGM,hand,11k_Hands_genuine_16,0000025,0000025,842,1300,13,5,0.3846,False,0.3846,True,False,0.6740
ASpanFormer_indoor,hand,11k_Hands_genuine_16,0000025,0000025,51,51,51,13,0.2549,False,0.2549,True,False,1.7460
DeepDetect,hand,11k_Hands_genuine_16,0000025,0000025,9439,15365,10,7,0.7000,True,0.7000,True,True,0.5406
LoFTR_indoor,hand,11k_Hands_genuine_17,0000025,0000025,377,377,377,176,0.4668,True,0.4668,True,True,2.1325
ORB,hand,11k_Hands_genuine_17,0000025,0000025,279,391,26,0,,False,,True,False,
SIFT,hand,11k_Hands_genuine_17,0000025,0000025,65,119,5,4,0.8000,True,0.8000,True,True,0.0000
SuperGlue,hand,11k_Hands_genuine_17,0000025,0000025,156,143,23,12,0.5217,True,0.5217,True,True,2.2743
SGMNet_root_SGM,hand,11k_Hands_genuine_17,0000025,0000025,732,816,53,17,0.3208,False,0.3208,True,False,1.7173
ASpanFormer_indoor,hand,11k_Hands_genuine_17,0000025,0000025,249,249,249,185,0.7430,True,0.7430,True,True,1.4178
DeepDetect,hand,11k_Hands_genuine_17,0000025,0000025,8673,9573,17,10,0.5882,True,0.5882,True,True,2.0898
LoFTR_indoor,hand,11k_Hands_genuine_18,0001545,0001545,358,358,358,139,0.3883,False,0.3883,True,False,2.4990
ORB,hand,11k_Hands_genuine_18,0001545,0001545,230,477,5,4,0.8000,True,0.8000,True,True,0.0000
SIFT,hand,11k_Hands_genuine_18,0001545,0001545,99,132,1,0,,False,,True,False,
SuperGlue,hand,11k_Hands_genuine_18,0001545,0001545,342,213,17,11,0.6471,True,0.6471,True,True,1.8319
SGMNet_root_SGM,hand,11k_Hands_genuine_18,0001545,0001545,1448,1026,33,10,0.3030,False,0.3030,True,False,0.9851
ASpanFormer_indoor,hand,11k_Hands_genuine_18,0001545,0001545,295,295,295,159,0.5390,True,0.5390,True,True,2.5149
DeepDetect,hand,11k_Hands_genuine_18,0001545,0001545,16246,14543,16,0,,False,,True,False,
LoFTR_indoor,hand,11k_Hands_genuine_19,0001541,0001541,225,225,225,55,0.2444,False,0.2444,True,False,2.3246
ORB,hand,11k_Hands_genuine_19,0001541,0001541,669,331,27,0,,False,,True,False,
SIFT,hand,11k_Hands_genuine_19,0001541,0001541,147,97,5,0,,False,,True,False,
SuperGlue,hand,11k_Hands_genuine_19,0001541,0001541,167,197,32,12,0.3750,False,0.3750,True,False,2.2896
SGMNet_root_SGM,hand,11k_Hands_genuine_19,0001541,0001541,787,973,14,0,,False,,True,False,
ASpanFormer_indoor,hand,11k_Hands_genuine_19,0001541,0001541,110,110,110,49,0.4455,True,0.4455,True,True,2.0914
DeepDetect,hand,11k_Hands_genuine_19,0001541,0001541,9830,12631,9,0,,False,,True,False,
LoFTR_indoor,hand,11k_Hands_genuine_20,0001541,0001541,626,626,626,218,0.3482,False,0.3482,True,False,1.8578
ORB,hand,11k_Hands_genuine_20,0001541,0001541,400,163,56,20,0.3571,False,0.3571,True,False,1.2520
SIFT,hand,11k_Hands_genuine_20,0001541,0001541,130,54,21,8,0.3810,False,0.3810,True,False,1.1545
SuperGlue,hand,11k_Hands_genuine_20,0001541,0001541,136,175,87,21,0.2414,False,0.2414,True,False,1.8765
SGMNet_root_SGM,hand,11k_Hands_genuine_20,0001541,0001541,591,741,236,89,0.3771,False,0.3771,True,False,1.5620
ASpanFormer_indoor,hand,11k_Hands_genuine_20,0001541,0001541,668,668,668,254,0.3802,False,0.3802,True,False,2.0384
DeepDetect,hand,11k_Hands_genuine_20,0001541,0001541,8740,9432,164,139,0.8476,True,0.8476,True,True,1.1842
LoFTR_indoor,hand,11k_Hands_genuine_21,0001029,0001029,232,232,232,40,0.1724,False,0.1724,True,False,2.4907
ORB,hand,11k_Hands_genuine_21,0001029,0001029,313,319,7,0,,False,,True,False,
SIFT,hand,11k_Hands_genuine_21,0001029,0001029,102,131,5,0,,False,,True,False,
SuperGlue,hand,11k_Hands_genuine_21,0001029,0001029,244,185,0,0,,False,,True,False,
SGMNet_root_SGM,hand,11k_Hands_genuine_21,0001029,0001029,1235,998,10,5,0.5000,True,0.5000,True,True,0.5822
ASpanFormer_indoor,hand,11k_Hands_genuine_21,0001029,0001029,40,40,40,24,0.6000,True,0.6000,True,True,1.8487
DeepDetect,hand,11k_Hands_genuine_21,0001029,0001029,11740,12244,55,33,0.6000,True,0.6000,True,True,3.3930
LoFTR_indoor,hand,11k_Hands_genuine_22,0001082,0001082,1358,1358,1358,1144,0.8424,True,0.8424,True,True,1.0302
ORB,hand,11k_Hands_genuine_22,0001082,0001082,310,308,134,106,0.7910,True,0.7910,True,True,1.2421
SIFT,hand,11k_Hands_genuine_22,0001082,0001082,123,110,81,66,0.8148,True,0.8148,True,True,1.1511
SuperGlue,hand,11k_Hands_genuine_22,0001082,0001082,209,203,182,107,0.5879,True,0.5879,True,True,2.0261
SGMNet_root_SGM,hand,11k_Hands_genuine_22,0001082,0001082,1038,1070,633,472,0.7457,True,0.7457,True,True,0.9940
ASpanFormer_indoor,hand,11k_Hands_genuine_22,0001082,0001082,3002,3002,3002,2883,0.9604,True,0.9604,True,True,0.8429
DeepDetect,hand,11k_Hands_genuine_22,0001082,0001082,11117,11572,3666,3546,0.9673,True,0.9673,True,True,0.9092
LoFTR_indoor,hand,11k_Hands_genuine_23,0000025,0000025,278,278,278,39,0.1403,False,0.1403,True,False,1.3573
ORB,hand,11k_Hands_genuine_23,0000025,0000025,443,502,19,0,,False,,True,False,
SIFT,hand,11k_Hands_genuine_23,0000025,0000025,156,131,3,0,,False,,True,False,
SuperGlue,hand,11k_Hands_genuine_23,0000025,0000025,299,209,0,0,,False,,True,False,
SGMNet_root_SGM,hand,11k_Hands_genuine_23,0000025,0000025,1199,1517,47,12,0.2553,False,0.2553,True,False,1.2311
ASpanFormer_indoor,hand,11k_Hands_genuine_23,0000025,0000025,63,63,63,25,0.3968,False,0.3968,True,False,2.4835
DeepDetect,hand,11k_Hands_genuine_23,0000025,0000025,14698,14044,9,6,0.6667,True,0.6667,True,True,0.2556
LoFTR_indoor,hand,11k_Hands_genuine_24,0001513,0001513,375,375,375,115,0.3067,False,0.3067,True,False,2.0296
ORB,hand,11k_Hands_genuine_24,0001513,0001513,276,230,11,0,,False,,True,False,
SIFT,hand,11k_Hands_genuine_24,0001513,0001513,87,94,6,0,,False,,True,False,
SuperGlue,hand,11k_Hands_genuine_24,0001513,0001513,206,207,49,21,0.4286,False,0.4286,True,False,2.6681
SGMNet_root_SGM,hand,11k_Hands_genuine_24,0001513,0001513,1246,1086,57,12,0.2105,False,0.2105,True,False,1.2059
ASpanFormer_indoor,hand,11k_Hands_genuine_24,0001513,0001513,345,345,345,206,0.5971,True,0.5971,True,True,2.2748
DeepDetect,hand,11k_Hands_genuine_24,0001513,0001513,11157,11264,21,14,0.6667,True,0.6667,True,True,0.4403
LoFTR_indoor,hand,11k_Hands_genuine_25,0001002,0001002,1524,1524,1524,1427,0.9364,True,0.9364,True,True,1.1514
ORB,hand,11k_Hands_genuine_25,0001002,0001002,401,382,223,211,0.9462,True,0.9462,True,True,1.1379
SIFT,hand,11k_Hands_genuine_25,0001002,0001002,127,122,83,78,0.9398,True,0.9398,True,True,0.7491
SuperGlue,hand,11k_Hands_genuine_25,0001002,0001002,196,203,165,111,0.6727,True,0.6727,True,True,1.9186
SGMNet_root_SGM,hand,11k_Hands_genuine_25,0001002,0001002,1207,1187,691,526,0.7612,True,0.7612,True,True,0.8240
ASpanFormer_indoor,hand,11k_Hands_genuine_25,0001002,0001002,2910,2910,2910,2893,0.9942,True,0.9942,True,True,0.6752
DeepDetect,hand,11k_Hands_genuine_25,0001002,0001002,11288,10989,4359,4358,0.9998,True,0.9998,True,True,0.5234
LoFTR_indoor,hand,11k_Hands_genuine_26,0001090,0001090,289,289,289,89,0.3080,False,0.3080,True,False,2.0765
ORB,hand,11k_Hands_genuine_26,0001090,0001090,380,393,32,0,,False,,True,False,
SIFT,hand,11k_Hands_genuine_26,0001090,0001090,127,127,17,9,0.5294,True,0.5294,True,True,1.2555
SuperGlue,hand,11k_Hands_genuine_26,0001090,0001090,220,227,0,0,,False,,True,False,
SGMNet_root_SGM,hand,11k_Hands_genuine_26,0001090,0001090,954,851,74,21,0.2838,False,0.2838,True,False,1.6476
ASpanFormer_indoor,hand,11k_Hands_genuine_26,0001090,0001090,193,193,193,118,0.6114,True,0.6114,True,True,1.8109
DeepDetect,hand,11k_Hands_genuine_26,0001090,0001090,12551,12805,42,34,0.8095,True,0.8095,True,True,0.9944
LoFTR_indoor,hand,11k_Hands_genuine_27,1000000,1000000,291,291,291,81,0.2784,False,0.2784,True,False,2.8454
ORB,hand,11k_Hands_genuine_27,1000000,1000000,689,200,51,0,,False,,True,False,
SIFT,hand,11k_Hands_genuine_27,1000000,1000000,281,117,6,0,,False,,True,False,
SuperGlue,hand,11k_Hands_genuine_27,1000000,1000000,366,268,0,0,,False,,True,False,
SGMNet_root_SGM,hand,11k_Hands_genuine_27,1000000,1000000,1136,1075,35,0,,False,,True,False,
ASpanFormer_indoor,hand,11k_Hands_genuine_27,1000000,1000000,151,151,151,65,0.4305,True,0.4305,True,True,2.1249
DeepDetect,hand,11k_Hands_genuine_27,1000000,1000000,17132,14905,62,32,0.5161,True,0.5161,True,True,2.1875
LoFTR_indoor,hand,11k_Hands_genuine_28,0001594,0001594,312,312,312,61,0.1955,False,0.1955,True,False,2.2727
ORB,hand,11k_Hands_genuine_28,0001594,0001594,347,228,18,0,,False,,True,False,
SIFT,hand,11k_Hands_genuine_28,0001594,0001594,118,104,10,0,,False,,True,False,
SuperGlue,hand,11k_Hands_genuine_28,0001594,0001594,233,255,0,0,,False,,True,False,
SGMNet_root_SGM,hand,11k_Hands_genuine_28,0001594,0001594,1023,1458,17,6,0.3529,False,0.3529,True,False,0.0000
ASpanFormer_indoor,hand,11k_Hands_genuine_28,0001594,0001594,257,257,257,99,0.3852,False,0.3852,True,False,2.5065
DeepDetect,hand,11k_Hands_genuine_28,0001594,0001594,12319,12463,47,25,0.5319,True,0.5319,True,True,1.4016
LoFTR_indoor,hand,11k_Hands_genuine_29,0001030,0001030,344,344,344,67,0.1948,False,0.1948,True,False,2.7314
ORB,hand,11k_Hands_genuine_29,0001030,0001030,376,377,26,9,0.3462,False,0.3462,True,False,1.9951
SIFT,hand,11k_Hands_genuine_29,0001030,0001030,118,111,11,5,0.4545,True,0.4545,True,True,0.5708
SuperGlue,hand,11k_Hands_genuine_29,0001030,0001030,208,186,16,11,0.6875,True,0.6875,True,True,1.9068
SGMNet_root_SGM,hand,11k_Hands_genuine_29,0001030,0001030,870,892,113,32,0.2832,False,0.2832,True,False,1.5750
ASpanFormer_indoor,hand,11k_Hands_genuine_29,0001030,0001030,225,225,225,135,0.6000,True,0.6000,True,True,2.6155
DeepDetect,hand,11k_Hands_genuine_29,0001030,0001030,10470,11095,74,0,,False,,True,False,
LoFTR_indoor,hand,11k_Hands_genuine_30,0001067,0001067,190,190,190,76,0.4000,False,0.4000,True,False,2.2954
ORB,hand,11k_Hands_genuine_30,0001067,0001067,638,540,14,0,,False,,True,False,
SIFT,hand,11k_Hands_genuine_30,0001067,0001067,160,138,4,0,,False,,True,False,
SuperGlue,hand,11k_Hands_genuine_30,0001067,0001067,150,169,0,0,,False,,True,False,
SGMNet_root_SGM,hand,11k_Hands_genuine_30,0001067,0001067,654,740,45,14,0.3111,False,0.3111,True,False,1.1158
ASpanFormer_indoor,hand,11k_Hands_genuine_30,0001067,0001067,96,96,96,46,0.4792,True,0.4792,True,True,1.8687
DeepDetect,hand,11k_Hands_genuine_30,0001067,0001067,9819,9878,26,0,,False,,True,False,
LoFTR_indoor,hand,11k_Hands_genuine_31,0001541,0001541,332,332,332,82,0.2470,False,0.2470,True,False,1.9394
ORB,hand,11k_Hands_genuine_31,0001541,0001541,618,512,44,0,,False,,True,False,
SIFT,hand,11k_Hands_genuine_31,0001541,0001541,155,129,6,0,,False,,True,False,
SuperGlue,hand,11k_Hands_genuine_31,0001541,0001541,199,183,19,10,0.5263,True,0.5263,True,True,1.7498
SGMNet_root_SGM,hand,11k_Hands_genuine_31,0001541,0001541,813,760,49,17,0.3469,False,0.3469,True,False,1.1984
ASpanFormer_indoor,hand,11k_Hands_genuine_31,0001541,0001541,184,184,184,80,0.4348,True,0.4348,True,True,1.8792
DeepDetect,hand,11k_Hands_genuine_31,0001541,0001541,10853,10274,32,20,0.6250,True,0.6250,True,True,1.1696
LoFTR_indoor,hand,11k_Hands_genuine_32,0001547,0001547,192,192,192,46,0.2396,False,0.2396,True,False,2.6028
ORB,hand,11k_Hands_genuine_32,0001547,0001547,766,261,28,0,,False,,True,False,
SIFT,hand,11k_Hands_genuine_32,0001547,0001547,194,83,5,0,,False,,True,False,
SuperGlue,hand,11k_Hands_genuine_32,0001547,0001547,169,236,0,0,,False,,True,False,
SGMNet_root_SGM,hand,11k_Hands_genuine_32,0001547,0001547,741,1203,9,0,,False,,True,False,
ASpanFormer_indoor,hand,11k_Hands_genuine_32,0001547,0001547,125,125,125,45,0.3600,False,0.3600,True,False,2.2192
DeepDetect,hand,11k_Hands_genuine_32,0001547,0001547,9967,11347,9,6,0.6667,True,0.6667,True,True,0.8168
LoFTR_indoor,hand,11k_Hands_genuine_33,0000552,0000552,925,925,925,674,0.7286,True,0.7286,True,True,2.2301
ORB,hand,11k_Hands_genuine_33,0000552,0000552,360,488,33,21,0.6364,True,0.6364,True,True,1.3625
SIFT,hand,11k_Hands_genuine_33,0000552,0000552,119,111,25,17,0.6800,True,0.6800,True,True,1.5639
SuperGlue,hand,11k_Hands_genuine_33,0000552,0000552,163,146,107,53,0.4953,True,0.4953,True,True,2.4986
SGMNet_root_SGM,hand,11k_Hands_genuine_33,0000552,0000552,838,699,319,207,0.6489,True,0.6489,True,True,1.2828
ASpanFormer_indoor,hand,11k_Hands_genuine_33,0000552,0000552,984,984,984,766,0.7785,True,0.7785,True,True,1.6874
DeepDetect,hand,11k_Hands_genuine_33,0000552,0000552,9693,10018,70,64,0.9143,True,0.9143,True,True,0.8197
LoFTR_indoor,hand,11k_Hands_genuine_34,0001013,0001013,313,313,313,76,0.2428,False,0.2428,True,False,2.6206
ORB,hand,11k_Hands_genuine_34,0001013,0001013,149,455,2,0,,False,,True,False,
SIFT,hand,11k_Hands_genuine_34,0001013,0001013,65,116,2,0,,False,,True,False,
SuperGlue,hand,11k_Hands_genuine_34,0001013,0001013,200,161,3,0,,False,,True,False,
SGMNet_root_SGM,hand,11k_Hands_genuine_34,0001013,0001013,1116,990,7,0,,False,,True,False,
ASpanFormer_indoor,hand,11k_Hands_genuine_34,0001013,0001013,68,68,68,34,0.5000,True,0.5000,True,True,1.6814
DeepDetect,hand,11k_Hands_genuine_34,0001013,0001013,9981,9901,36,0,,False,,True,False,
LoFTR_indoor,hand,11k_Hands_genuine_35,0000000,0000000,207,207,207,45,0.2174,False,0.2174,True,False,2.8163
ORB,hand,11k_Hands_genuine_35,0000000,0000000,214,473,16,0,,False,,True,False,
SIFT,hand,11k_Hands_genuine_35,0000000,0000000,76,228,4,0,,False,,True,False,
SuperGlue,hand,11k_Hands_genuine_35,0000000,0000000,224,384,3,0,,False,,True,False,
SGMNet_root_SGM,hand,11k_Hands_genuine_35,0000000,0000000,1175,1447,19,6,0.3158,False,0.3158,True,False,0.8656
ASpanFormer_indoor,hand,11k_Hands_genuine_35,0000000,0000000,124,124,124,38,0.3065,False,0.3065,True,False,1.5885
DeepDetect,hand,11k_Hands_genuine_35,0000000,0000000,12745,15180,47,0,,False,,True,False,
LoFTR_indoor,hand,11k_Hands_genuine_36,0001003,0001003,297,297,297,112,0.3771,False,0.3771,True,False,2.6732
ORB,hand,11k_Hands_genuine_36,0001003,0001003,312,299,12,6,0.5000,True,0.5000,True,True,0.5095
SIFT,hand,11k_Hands_genuine_36,0001003,0001003,102,144,7,0,,False,,True,False,
SuperGlue,hand,11k_Hands_genuine_36,0001003,0001003,213,201,18,9,0.5000,True,0.5000,True,True,1.5244
SGMNet_root_SGM,hand,11k_Hands_genuine_36,0001003,0001003,975,1351,30,8,0.2667,False,0.2667,True,False,0.8789
ASpanFormer_indoor,hand,11k_Hands_genuine_36,0001003,0001003,158,158,158,102,0.6456,True,0.6456,True,True,1.9603
DeepDetect,hand,11k_Hands_genuine_36,0001003,0001003,10177,13046,56,0,,False,,True,False,
LoFTR_indoor,hand,11k_Hands_genuine_37,0001024,0001024,232,232,232,39,0.1681,False,0.1681,True,False,2.4346
ORB,hand,11k_Hands_genuine_37,0001024,0001024,477,236,29,0,,False,,True,False,
SIFT,hand,11k_Hands_genuine_37,0001024,0001024,149,74,7,0,,False,,True,False,
SuperGlue,hand,11k_Hands_genuine_37,0001024,0001024,159,217,1,0,,False,,True,False,
SGMNet_root_SGM,hand,11k_Hands_genuine_37,0001024,0001024,906,1035,45,10,0.2222,False,0.2222,True,False,0.5927
ASpanFormer_indoor,hand,11k_Hands_genuine_37,0001024,0001024,70,70,70,24,0.3429,False,0.3429,True,False,1.8440
DeepDetect,hand,11k_Hands_genuine_37,0001024,0001024,10996,11970,11,0,,False,,True,False,
LoFTR_indoor,hand,11k_Hands_genuine_38,0000084,0000084,1368,1368,1368,1085,0.7931,True,0.7931,True,True,1.5782
ORB,hand,11k_Hands_genuine_38,0000084,0000084,241,392,74,53,0.7162,True,0.7162,True,True,1.2108
SIFT,hand,11k_Hands_genuine_38,0000084,0000084,116,161,43,26,0.6047,True,0.6047,True,True,1.5916
SuperGlue,hand,11k_Hands_genuine_38,0000084,0000084,209,196,163,84,0.5153,True,0.5153,True,True,2.1705
SGMNet_root_SGM,hand,11k_Hands_genuine_38,0000084,0000084,1238,1111,593,426,0.7184,True,0.7184,True,True,1.2101
ASpanFormer_indoor,hand,11k_Hands_genuine_38,0000084,0000084,1721,1721,1721,1256,0.7298,True,0.7298,True,True,2.0658
DeepDetect,hand,11k_Hands_genuine_38,0000084,0000084,11349,10590,645,553,0.8574,True,0.8574,True,True,0.7950
LoFTR_indoor,hand,11k_Hands_genuine_39,0001067,0001067,339,339,339,90,0.2655,False,0.2655,True,False,2.5890
ORB,hand,11k_Hands_genuine_39,0001067,0001067,406,393,17,0,,False,,True,False,
SIFT,hand,11k_Hands_genuine_39,0001067,0001067,106,127,7,4,0.5714,True,0.5714,True,True,0.0000
SuperGlue,hand,11k_Hands_genuine_39,0001067,0001067,186,225,0,0,,False,,True,False,
SGMNet_root_SGM,hand,11k_Hands_genuine_39,0001067,0001067,832,974,74,21,0.2838,False,0.2838,True,False,1.5387
ASpanFormer_indoor,hand,11k_Hands_genuine_39,0001067,0001067,261,261,261,154,0.5900,True,0.5900,True,True,2.6127
DeepDetect,hand,11k_Hands_genuine_39,0001067,0001067,10456,11765,68,0,,False,,True,False,
LoFTR_indoor,hand,11k_Hands_genuine_40,0001033,0001033,913,913,913,470,0.5148,True,0.5148,True,True,2.0711
ORB,hand,11k_Hands_genuine_40,0001033,0001033,318,400,30,16,0.5333,True,0.5333,True,True,1.1808
SIFT,hand,11k_Hands_genuine_40,0001033,0001033,119,184,32,23,0.7188,True,0.7188,True,True,1.9111
SuperGlue,hand,11k_Hands_genuine_40,0001033,0001033,209,160,135,60,0.4444,False,0.4444,True,False,2.2389
SGMNet_root_SGM,hand,11k_Hands_genuine_40,0001033,0001033,1058,969,575,310,0.5391,True,0.5391,True,True,1.4218
ASpanFormer_indoor,hand,11k_Hands_genuine_40,0001033,0001033,1763,1763,1763,1246,0.7067,True,0.7067,True,True,1.1869
DeepDetect,hand,11k_Hands_genuine_40,0001033,0001033,10839,10475,678,595,0.8776,True,0.8776,True,True,0.7065
LoFTR_indoor,hand,11k_Hands_genuine_41,0001013,0001013,317,317,317,95,0.2997,False,0.2997,True,False,2.3434
ORB,hand,11k_Hands_genuine_41,0001013,0001013,176,431,13,0,,False,,True,False,
SIFT,hand,11k_Hands_genuine_41,0001013,0001013,61,109,1,0,,False,,True,False,
SuperGlue,hand,11k_Hands_genuine_41,0001013,0001013,192,169,44,18,0.4091,False,0.4091,True,False,2.4984
SGMNet_root_SGM,hand,11k_Hands_genuine_41,0001013,0001013,1027,1034,25,8,0.3200,False,0.3200,True,False,1.2802
ASpanFormer_indoor,hand,11k_Hands_genuine_41,0001013,0001013,87,87,87,56,0.6437,True,0.6437,True,True,1.9380
DeepDetect,hand,11k_Hands_genuine_41,0001013,0001013,9505,10161,38,19,0.5000,True,0.5000,True,True,2.1886
LoFTR_indoor,hand,11k_Hands_genuine_42,0001024,0001024,251,251,251,42,0.1673,False,0.1673,True,False,1.9790
ORB,hand,11k_Hands_genuine_42,0001024,0001024,340,291,8,0,,False,,True,False,
SIFT,hand,11k_Hands_genuine_42,0001024,0001024,78,104,1,0,,False,,True,False,
SuperGlue,hand,11k_Hands_genuine_42,0001024,0001024,248,184,2,0,,False,,True,False,
SGMNet_root_SGM,hand,11k_Hands_genuine_42,0001024,0001024,1370,1145,13,5,0.3846,False,0.3846,True,False,0.2504
ASpanFormer_indoor,hand,11k_Hands_genuine_42,0001024,0001024,128,128,128,44,0.3438,False,0.3438,True,False,2.5472
DeepDetect,hand,11k_Hands_genuine_42,0001024,0001024,13843,11398,49,29,0.5918,True,0.5918,True,True,1.2778
LoFTR_indoor,hand,11k_Hands_genuine_43,0000546,0000546,294,294,294,98,0.3333,False,0.3333,True,False,2.2877
ORB,hand,11k_Hands_genuine_43,0000546,0000546,286,417,18,7,0.3889,False,0.3889,True,False,1.4169
SIFT,hand,11k_Hands_genuine_43,0000546,0000546,99,94,6,0,,False,,True,False,
SuperGlue,hand,11k_Hands_genuine_43,0000546,0000546,169,151,7,6,0.8571,True,0.8571,True,True,1.0139
SGMNet_root_SGM,hand,11k_Hands_genuine_43,0000546,0000546,838,638,34,0,,False,,True,False,
ASpanFormer_indoor,hand,11k_Hands_genuine_43,0000546,0000546,173,173,173,104,0.6012,True,0.6012,True,True,2.1357
DeepDetect,hand,11k_Hands_genuine_43,0000546,0000546,10225,10064,73,45,0.6164,True,0.6164,True,True,1.1444
LoFTR_indoor,hand,11k_Hands_genuine_44,0001075,0001075,258,258,258,65,0.2519,False,0.2519,True,False,2.3914
ORB,hand,11k_Hands_genuine_44,0001075,0001075,270,356,19,0,,False,,True,False,
SIFT,hand,11k_Hands_genuine_44,0001075,0001075,104,157,7,0,,False,,True,False,
SuperGlue,hand,11k_Hands_genuine_44,0001075,0001075,250,230,0,0,,False,,True,False,
SGMNet_root_SGM,hand,11k_Hands_genuine_44,0001075,0001075,996,1265,35,10,0.2857,False,0.2857,True,False,1.1836
ASpanFormer_indoor,hand,11k_Hands_genuine_44,0001075,0001075,127,127,127,49,0.3858,False,0.3858,True,False,2.1383
DeepDetect,hand,11k_Hands_genuine_44,0001075,0001075,10956,11809,100,0,,False,,True,False,
LoFTR_indoor,hand,11k_Hands_genuine_45,0001033,0001033,311,311,311,66,0.2122,False,0.2122,True,False,2.0493
ORB,hand,11k_Hands_genuine_45,0001033,0001033,450,281,12,0,,False,,True,False,
SIFT,hand,11k_Hands_genuine_45,0001033,0001033,151,107,14,0,,False,,True,False,
SuperGlue,hand,11k_Hands_genuine_45,0001033,0001033,207,169,0,0,,False,,True,False,
SGMNet_root_SGM,hand,11k_Hands_genuine_45,0001033,0001033,811,814,28,9,0.3214,False,0.3214,True,False,1.1165
ASpanFormer_indoor,hand,11k_Hands_genuine_45,0001033,0001033,80,80,80,39,0.4875,True,0.4875,True,True,1.6910
DeepDetect,hand,11k_Hands_genuine_45,0001033,0001033,12281,10185,44,23,0.5227,True,0.5227,True,True,1.4824
LoFTR_indoor,hand,11k_Hands_genuine_46,0001020,0001020,5,5,5,4,0.8000,True,0.8000,True,True,0.0000
ORB,hand,11k_Hands_genuine_46,0001020,0001020,445,219,9,0,,False,,True,False,
SIFT,hand,11k_Hands_genuine_46,0001020,0001020,139,71,9,0,,False,,True,False,
SuperGlue,hand,11k_Hands_genuine_46,0001020,0001020,225,376,0,0,,False,,True,False,
SGMNet_root_SGM,hand,11k_Hands_genuine_46,0001020,0001020,884,936,23,7,0.3043,False,0.3043,True,False,0.5357
ASpanFormer_indoor,hand,11k_Hands_genuine_46,0001020,0001020,37,37,37,11,0.2973,False,0.2973,True,False,2.1522
DeepDetect,hand,11k_Hands_genuine_46,0001020,0001020,12221,19233,20,12,0.6000,True,0.6000,True,True,1.6245
LoFTR_indoor,hand,11k_Hands_genuine_47,0001545,0001545,344,344,344,103,0.2994,False,0.2994,True,False,2.5754
ORB,hand,11k_Hands_genuine_47,0001545,0001545,889,492,18,0,,False,,True,False,
SIFT,hand,11k_Hands_genuine_47,0001545,0001545,241,123,5,0,,False,,True,False,
SuperGlue,hand,11k_Hands_genuine_47,0001545,0001545,219,349,96,40,0.4167,False,0.4167,True,False,2.9214
SGMNet_root_SGM,hand,11k_Hands_genuine_47,0001545,0001545,1055,1433,49,10,0.2041,False,0.2041,True,False,1.0165
ASpanFormer_indoor,hand,11k_Hands_genuine_47,0001545,0001545,278,278,278,160,0.5755,True,0.5755,True,True,2.2168
DeepDetect,hand,11k_Hands_genuine_47,0001545,0001545,12807,17829,46,23,0.5000,True,0.5000,True,True,0.9117
LoFTR_indoor,hand,11k_Hands_genuine_48,0001558,0001558,250,250,250,48,0.1920,False,0.1920,True,False,2.2694
ORB,hand,11k_Hands_genuine_48,0001558,0001558,550,495,13,0,,False,,True,False,
SIFT,hand,11k_Hands_genuine_48,0001558,0001558,169,144,17,0,,False,,True,False,
SuperGlue,hand,11k_Hands_genuine_48,0001558,0001558,184,229,0,0,,False,,True,False,
SGMNet_root_SGM,hand,11k_Hands_genuine_48,0001558,0001558,894,1331,27,0,,False,,True,False,
ASpanFormer_indoor,hand,11k_Hands_genuine_48,0001558,0001558,156,156,156,91,0.5833,True,0.5833,True,True,1.8322
DeepDetect,hand,11k_Hands_genuine_48,0001558,0001558,10973,13723,18,14,0.7778,True,0.7778,True,True,2.3259
LoFTR_indoor,hand,11k_Hands_genuine_49,0001545,0001545,102,102,102,21,0.2059,False,0.2059,True,False,1.9029
ORB,hand,11k_Hands_genuine_49,0001545,0001545,239,309,4,0,,False,,True,False,
SIFT,hand,11k_Hands_genuine_49,0001545,0001545,84,94,0,0,,False,,True,False,
SuperGlue,hand,11k_Hands_genuine_49,0001545,0001545,172,421,0,0,,False,,True,False,
SGMNet_root_SGM,hand,11k_Hands_genuine_49,0001545,0001545,792,1613,15,0,,False,,True,False,
ASpanFormer_indoor,hand,11k_Hands_genuine_49,0001545,0001545,84,84,84,33,0.3929,False,0.3929,True,False,2.5184
DeepDetect,hand,11k_Hands_genuine_49,0001545,0001545,11038,19435,20,11,0.5500,True,0.5500,True,True,0.6595
LoFTR_indoor,hand,11k_Hands_genuine_50,0001050,0001050,299,299,299,53,0.1773,False,0.1773,True,False,2.7004
ORB,hand,11k_Hands_genuine_50,0001050,0001050,605,867,28,10,0.3571,False,0.3571,True,False,1.9859
SIFT,hand,11k_Hands_genuine_50,0001050,0001050,200,214,14,0,,False,,True,False,
SuperGlue,hand,11k_Hands_genuine_50,0001050,0001050,225,204,0,0,,False,,True,False,
SGMNet_root_SGM,hand,11k_Hands_genuine_50,0001050,0001050,1249,1062,79,14,0.1772,False,0.1772,True,False,1.6312
ASpanFormer_indoor,hand,11k_Hands_genuine_50,0001050,0001050,168,168,168,43,0.2560,False,0.2560,True,False,2.9073
DeepDetect,hand,11k_Hands_genuine_50,0001050,0001050,13440,12623,16,0,,False,,True,False,
LoFTR_indoor,hand,11k_Hands_genuine_51,0001080,0001080,348,348,348,122,0.3506,False,0.3506,True,False,2.1686
ORB,hand,11k_Hands_genuine_51,0001080,0001080,395,470,34,0,,False,,True,False,
SIFT,hand,11k_Hands_genuine_51,0001080,0001080,153,137,16,0,,False,,True,False,
SuperGlue,hand,11k_Hands_genuine_51,0001080,0001080,150,169,0,0,,False,,True,False,
SGMNet_root_SGM,hand,11k_Hands_genuine_51,0001080,0001080,817,1020,63,0,,False,,True,False,
ASpanFormer_indoor,hand,11k_Hands_genuine_51,0001080,0001080,220,220,220,149,0.6773,True,0.6773,True,True,1.8420
DeepDetect,hand,11k_Hands_genuine_51,0001080,0001080,9022,10371,19,14,0.7368,True,0.7368,True,True,0.8420
LoFTR_indoor,hand,11k_Hands_genuine_52,0000581,0000581,1392,1392,1392,1270,0.9124,True,0.9124,True,True,0.8462
ORB,hand,11k_Hands_genuine_52,0000581,0000581,234,307,69,59,0.8551,True,0.8551,True,True,1.1334
SIFT,hand,11k_Hands_genuine_52,0000581,0000581,73,96,39,36,0.9231,True,0.9231,True,True,0.9105
SuperGlue,hand,11k_Hands_genuine_52,0000581,0000581,235,272,214,153,0.7150,True,0.7150,True,True,1.7347
SGMNet_root_SGM,hand,11k_Hands_genuine_52,0000581,0000581,1003,915,479,397,0.8288,True,0.8288,True,True,0.9953
ASpanFormer_indoor,hand,11k_Hands_genuine_52,0000581,0000581,2329,2329,2329,1957,0.8403,True,0.8403,True,True,1.4228
DeepDetect,hand,11k_Hands_genuine_52,0000581,0000581,11080,11645,1047,982,0.9379,True,0.9379,True,True,0.5652
LoFTR_indoor,hand,11k_Hands_genuine_53,0001566,0001566,259,259,259,44,0.1699,False,0.1699,True,False,2.2206
ORB,hand,11k_Hands_genuine_53,0001566,0001566,367,572,19,0,,False,,True,False,
SIFT,hand,11k_Hands_genuine_53,0001566,0001566,125,160,0,0,,False,,True,False,
SuperGlue,hand,11k_Hands_genuine_53,0001566,0001566,262,213,2,0,,False,,True,False,
SGMNet_root_SGM,hand,11k_Hands_genuine_53,0001566,0001566,1367,1106,35,10,0.2857,False,0.2857,True,False,1.2418
ASpanFormer_indoor,hand,11k_Hands_genuine_53,0001566,0001566,118,118,118,54,0.4576,True,0.4576,True,True,2.3552
DeepDetect,hand,11k_Hands_genuine_53,0001566,0001566,13358,11537,191,0,,False,,True,False,
LoFTR_indoor,hand,11k_Hands_genuine_54,0000570,0000570,186,186,186,53,0.2849,False,0.2849,True,False,2.1920
ORB,hand,11k_Hands_genuine_54,0000570,0000570,257,594,3,0,,False,,True,False,
SIFT,hand,11k_Hands_genuine_54,0000570,0000570,222,242,3,0,,False,,True,False,
SuperGlue,hand,11k_Hands_genuine_54,0000570,0000570,177,228,0,0,,False,,True,False,
SGMNet_root_SGM,hand,11k_Hands_genuine_54,0000570,0000570,805,781,18,6,0.3333,False,0.3333,True,False,0.3335
ASpanFormer_indoor,hand,11k_Hands_genuine_54,0000570,0000570,115,115,115,61,0.5304,True,0.5304,True,True,2.3403
DeepDetect,hand,11k_Hands_genuine_54,0000570,0000570,9217,11914,11,0,,False,,True,False,
LoFTR_indoor,hand,11k_Hands_genuine_55,0001550,0001550,1006,1006,1006,486,0.4831,True,0.4831,True,True,2.1770
ORB,hand,11k_Hands_genuine_55,0001550,0001550,61,263,7,7,1.0000,True,1.0000,True,True,0.6060
SIFT,hand,11k_Hands_genuine_55,0001550,0001550,79,124,7,5,0.7143,True,0.7143,True,True,1.1027
SuperGlue,hand,11k_Hands_genuine_55,0001550,0001550,191,267,129,41,0.3178,False,0.3178,True,False,2.7433
SGMNet_root_SGM,hand,11k_Hands_genuine_55,0001550,0001550,1522,1740,747,300,0.4016,True,0.4016,True,True,1.6369
ASpanFormer_indoor,hand,11k_Hands_genuine_55,0001550,0001550,953,953,953,384,0.4029,True,0.4029,True,True,1.9598
DeepDetect,hand,11k_Hands_genuine_55,0001550,0001550,12098,14000,128,77,0.6016,True,0.6016,True,True,1.9056
LoFTR_indoor,hand,11k_Hands_genuine_56,0001547,0001547,251,251,251,46,0.1833,False,0.1833,True,False,2.3988
ORB,hand,11k_Hands_genuine_56,0001547,0001547,458,346,11,6,0.5455,True,0.5455,True,True,0.6808
SIFT,hand,11k_Hands_genuine_56,0001547,0001547,130,108,2,0,,False,,True,False,
SuperGlue,hand,11k_Hands_genuine_56,0001547,0001547,213,201,2,0,,False,,True,False,
SGMNet_root_SGM,hand,11k_Hands_genuine_56,0001547,0001547,876,1054,57,9,0.1579,False,0.1579,True,False,1.3236
ASpanFormer_indoor,hand,11k_Hands_genuine_56,0001547,0001547,93,93,93,26,0.2796,False,0.2796,True,False,2.3884
DeepDetect,hand,11k_Hands_genuine_56,0001547,0001547,10420,10629,30,22,0.7333,True,0.7333,True,True,1.6975
LoFTR_indoor,hand,11k_Hands_genuine_57,0001562,0001562,325,325,325,133,0.4092,False,0.4092,True,False,2.1641
ORB,hand,11k_Hands_genuine_57,0001562,0001562,122,500,7,0,,False,,True,False,
SIFT,hand,11k_Hands_genuine_57,0001562,0001562,31,105,2,0,,False,,True,False,
SuperGlue,hand,11k_Hands_genuine_57,0001562,0001562,174,180,4,0,,False,,True,False,
SGMNet_root_SGM,hand,11k_Hands_genuine_57,0001562,0001562,544,897,54,10,0.1852,False,0.1852,True,False,0.9446
ASpanFormer_indoor,hand,11k_Hands_genuine_57,0001562,0001562,237,237,237,134,0.5654,True,0.5654,True,True,1.6911
DeepDetect,hand,11k_Hands_genuine_57,0001562,0001562,11530,11442,29,16,0.5517,True,0.5517,True,True,1.2590
LoFTR_indoor,hand,11k_Hands_genuine_58,0001533,0001533,331,331,331,139,0.4199,False,0.4199,True,False,2.3265
ORB,hand,11k_Hands_genuine_58,0001533,0001533,604,601,24,6,0.2500,False,0.2500,True,False,1.2430
SIFT,hand,11k_Hands_genuine_58,0001533,0001533,176,131,5,0,,False,,True,False,
SuperGlue,hand,11k_Hands_genuine_58,0001533,0001533,218,176,62,27,0.4355,False,0.4355,True,False,2.8869
SGMNet_root_SGM,hand,11k_Hands_genuine_58,0001533,0001533,964,727,43,11,0.2558,False,0.2558,True,False,1.1148
ASpanFormer_indoor,hand,11k_Hands_genuine_58,0001533,0001533,500,500,500,421,0.8420,True,0.8420,True,True,2.0952
DeepDetect,hand,11k_Hands_genuine_58,0001533,0001533,12206,12269,38,23,0.6053,True,0.6053,True,True,1.0178
LoFTR_indoor,hand,11k_Hands_genuine_59,0001050,0001050,1319,1319,1319,984,0.7460,True,0.7460,True,True,1.8344
ORB,hand,11k_Hands_genuine_59,0001050,0001050,486,457,125,89,0.7120,True,0.7120,True,True,1.2443
SIFT,hand,11k_Hands_genuine_59,0001050,0001050,132,131,50,42,0.8400,True,0.8400,True,True,1.3215
SuperGlue,hand,11k_Hands_genuine_59,0001050,0001050,244,311,227,114,0.5022,True,0.5022,True,True,2.2339
SGMNet_root_SGM,hand,11k_Hands_genuine_59,0001050,0001050,1272,1555,771,442,0.5733,True,0.5733,True,True,1.0445
ASpanFormer_indoor,hand,11k_Hands_genuine_59,0001050,0001050,1394,1394,1394,834,0.5983,True,0.5983,True,True,2.1857
DeepDetect,hand,11k_Hands_genuine_59,0001050,0001050,12752,14020,1870,1519,0.8123,True,0.8123,True,True,1.4305
LoFTR_indoor,hand,11k_Hands_genuine_60,0001070,0001070,157,157,157,41,0.2611,False,0.2611,True,False,2.0628
ORB,hand,11k_Hands_genuine_60,0001070,0001070,344,135,23,0,,False,,True,False,
SIFT,hand,11k_Hands_genuine_60,0001070,0001070,97,73,0,0,,False,,True,False,
SuperGlue,hand,11k_Hands_genuine_60,0001070,0001070,145,169,15,7,0.4667,True,0.4667,True,True,1.3529
SGMNet_root_SGM,hand,11k_Hands_genuine_60,0001070,0001070,576,758,9,0,,False,,True,False,
ASpanFormer_indoor,hand,11k_Hands_genuine_60,0001070,0001070,79,79,79,43,0.5443,True,0.5443,True,True,1.5857
DeepDetect,hand,11k_Hands_genuine_60,0001070,0001070,8106,9603,18,0,,False,,True,False,
LoFTR_indoor,hand,11k_Hands_genuine_61,0001030,0001030,266,266,266,73,0.2744,False,0.2744,True,False,1.5035
ORB,hand,11k_Hands_genuine_61,0001030,0001030,181,238,12,0,,False,,True,False,
SIFT,hand,11k_Hands_genuine_61,0001030,0001030,77,80,1,0,,False,,True,False,
SuperGlue,hand,11k_Hands_genuine_61,0001030,0001030,212,220,23,7,0.3043,False,0.3043,True,False,1.3267
SGMNet_root_SGM,hand,11k_Hands_genuine_61,0001030,0001030,847,1252,14,6,0.4286,True,0.4286,True,True,0.5088
ASpanFormer_indoor,hand,11k_Hands_genuine_61,0001030,0001030,195,195,195,72,0.3692,False,0.3692,True,False,2.0116
DeepDetect,hand,11k_Hands_genuine_61,0001030,0001030,10864,11670,75,39,0.5200,True,0.5200,True,True,1.2308
LoFTR_indoor,hand,11k_Hands_genuine_62,0001034,0001034,264,264,264,47,0.1780,False,0.1780,True,False,2.2473
ORB,hand,11k_Hands_genuine_62,0001034,0001034,550,517,18,6,0.3333,False,0.3333,True,False,0.9546
SIFT,hand,11k_Hands_genuine_62,0001034,0001034,188,184,5,0,,False,,True,False,
SuperGlue,hand,11k_Hands_genuine_62,0001034,0001034,183,216,15,9,0.6000,True,0.6000,True,True,1.6222
SGMNet_root_SGM,hand,11k_Hands_genuine_62,0001034,0001034,898,851,56,0,,False,,True,False,
ASpanFormer_indoor,hand,11k_Hands_genuine_62,0001034,0001034,179,179,179,56,0.3128,False,0.3128,True,False,2.4006
DeepDetect,hand,11k_Hands_genuine_62,0001034,0001034,9998,11285,25,0,,False,,True,False,
LoFTR_indoor,hand,11k_Hands_genuine_63,0000596,0000596,436,436,436,124,0.2844,False,0.2844,True,False,2.5937
ORB,hand,11k_Hands_genuine_63,0000596,0000596,280,354,21,0,,False,,True,False,
SIFT,hand,11k_Hands_genuine_63,0000596,0000596,131,116,8,0,,False,,True,False,
SuperGlue,hand,11k_Hands_genuine_63,0000596,0000596,220,219,18,10,0.5556,True,0.5556,True,True,1.9350
SGMNet_root_SGM,hand,11k_Hands_genuine_63,0000596,0000596,1085,997,52,14,0.2692,False,0.2692,True,False,1.2489
ASpanFormer_indoor,hand,11k_Hands_genuine_63,0000596,0000596,266,266,266,135,0.5075,True,0.5075,True,True,2.2175
DeepDetect,hand,11k_Hands_genuine_63,0000596,0000596,11843,11584,29,20,0.6897,True,0.6897,True,True,2.0629
LoFTR_indoor,hand,11k_Hands_genuine_64,0000528,0000528,355,355,355,78,0.2197,False,0.2197,True,False,2.5738
ORB,hand,11k_Hands_genuine_64,0000528,0000528,396,570,11,5,0.4545,True,0.4545,True,True,0.6159
SIFT,hand,11k_Hands_genuine_64,0000528,0000528,163,120,10,0,,False,,True,False,
SuperGlue,hand,11k_Hands_genuine_64,0000528,0000528,244,157,65,22,0.3385,False,0.3385,True,False,2.6696
SGMNet_root_SGM,hand,11k_Hands_genuine_64,0000528,0000528,1297,966,23,7,0.3043,False,0.3043,True,False,0.7605
ASpanFormer_indoor,hand,11k_Hands_genuine_64,0000528,0000528,172,172,172,87,0.5058,True,0.5058,True,True,2.2389
DeepDetect,hand,11k_Hands_genuine_64,0000528,0000528,13179,10276,15,12,0.8000,True,0.8000,True,True,4.4710
LoFTR_indoor,hand,11k_Hands_genuine_65,0001050,0001050,701,701,701,374,0.5335,True,0.5335,True,True,2.5646
ORB,hand,11k_Hands_genuine_65,0001050,0001050,308,443,33,16,0.4848,True,0.4848,True,True,1.8102
SIFT,hand,11k_Hands_genuine_65,0001050,0001050,129,151,31,20,0.6452,True,0.6452,True,True,2.3642
SuperGlue,hand,11k_Hands_genuine_65,0001050,0001050,197,365,165,61,0.3697,False,0.3697,True,False,2.8742
SGMNet_root_SGM,hand,11k_Hands_genuine_65,0001050,0001050,815,1479,437,186,0.4256,True,0.4256,True,True,1.5431
ASpanFormer_indoor,hand,11k_Hands_genuine_65,0001050,0001050,432,432,432,247,0.5718,True,0.5718,True,True,2.7384
DeepDetect,hand,11k_Hands_genuine_65,0001050,0001050,11765,16773,257,173,0.6732,True,0.6732,True,True,1.4113
LoFTR_indoor,hand,11k_Hands_genuine_66,0001597,0001597,887,887,887,558,0.6291,True,0.6291,True,True,1.6991
ORB,hand,11k_Hands_genuine_66,0001597,0001597,211,233,60,37,0.6167,True,0.6167,True,True,1.4376
SIFT,hand,11k_Hands_genuine_66,0001597,0001597,92,82,23,14,0.6087,True,0.6087,True,True,1.8786
SuperGlue,hand,11k_Hands_genuine_66,0001597,0001597,191,148,107,41,0.3832,False,0.3832,True,False,2.4407
SGMNet_root_SGM,hand,11k_Hands_genuine_66,0001597,0001597,658,633,274,120,0.4380,True,0.4380,True,True,1.5613
ASpanFormer_indoor,hand,11k_Hands_genuine_66,0001597,0001597,1745,1745,1745,1239,0.7100,True,0.7100,True,True,1.3142
DeepDetect,hand,11k_Hands_genuine_66,0001597,0001597,10025,9090,654,639,0.9771,True,0.9771,True,True,1.2686
LoFTR_indoor,hand,11k_Hands_genuine_67,0001505,0001505,139,139,139,40,0.2878,False,0.2878,True,False,2.5323
ORB,hand,11k_Hands_genuine_67,0001505,0001505,302,321,13,0,,False,,True,False,
SIFT,hand,11k_Hands_genuine_67,0001505,0001505,86,94,4,0,,False,,True,False,
SuperGlue,hand,11k_Hands_genuine_67,0001505,0001505,162,159,0,0,,False,,True,False,
SGMNet_root_SGM,hand,11k_Hands_genuine_67,0001505,0001505,713,764,35,9,0.2571,False,0.2571,True,False,0.6837
ASpanFormer_indoor,hand,11k_Hands_genuine_67,0001505,0001505,50,50,50,23,0.4600,True,0.4600,True,True,1.6323
DeepDetect,hand,11k_Hands_genuine_67,0001505,0001505,9582,9755,19,0,,False,,True,False,
LoFTR_indoor,hand,11k_Hands_genuine_68,0000571,0000571,201,201,201,31,0.1542,False,0.1542,True,False,1.5404
ORB,hand,11k_Hands_genuine_68,0000571,0000571,151,227,5,0,,False,,True,False,
SIFT,hand,11k_Hands_genuine_68,0000571,0000571,70,111,3,0,,False,,True,False,
SuperGlue,hand,11k_Hands_genuine_68,0000571,0000571,251,244,19,0,,False,,True,False,
SGMNet_root_SGM,hand,11k_Hands_genuine_68,0000571,0000571,1430,1660,78,10,0.1282,False,0.1282,True,False,0.8971
ASpanFormer_indoor,hand,11k_Hands_genuine_68,0000571,0000571,108,108,108,32,0.2963,False,0.2963,True,False,1.8160
DeepDetect,hand,11k_Hands_genuine_68,0000571,0000571,12588,14419,52,20,0.3846,True,0.3846,True,True,2.2994
LoFTR_indoor,hand,11k_Hands_genuine_69,0001517,0001517,253,253,253,60,0.2372,False,0.2372,True,False,2.6419
ORB,hand,11k_Hands_genuine_69,0001517,0001517,394,306,19,0,,False,,True,False,
SIFT,hand,11k_Hands_genuine_69,0001517,0001517,146,112,3,0,,False,,True,False,
SuperGlue,hand,11k_Hands_genuine_69,0001517,0001517,257,241,0,0,,False,,True,False,
SGMNet_root_SGM,hand,11k_Hands_genuine_69,0001517,0001517,1092,1264,75,11,0.1467,False,0.1467,True,False,1.2523
ASpanFormer_indoor,hand,11k_Hands_genuine_69,0001517,0001517,63,63,63,20,0.3175,False,0.3175,True,False,2.3436
DeepDetect,hand,11k_Hands_genuine_69,0001517,0001517,11957,14210,97,40,0.4124,True,0.4124,True,True,1.8562
LoFTR_indoor,hand,11k_Hands_genuine_70,0000057,0000057,177,177,177,24,0.1356,False,0.1356,True,False,2.6548
ORB,hand,11k_Hands_genuine_70,0000057,0000057,344,265,14,0,,False,,True,False,
SIFT,hand,11k_Hands_genuine_70,0000057,0000057,157,150,13,0,,False,,True,False,
SuperGlue,hand,11k_Hands_genuine_70,0000057,0000057,185,250,1,0,,False,,True,False,
SGMNet_root_SGM,hand,11k_Hands_genuine_70,0000057,0000057,1376,1298,18,6,0.3333,False,0.3333,True,False,0.6777
ASpanFormer_indoor,hand,11k_Hands_genuine_70,0000057,0000057,151,151,151,38,0.2517,False,0.2517,True,False,2.9003
DeepDetect,hand,11k_Hands_genuine_70,0000057,0000057,11749,13740,55,26,0.4727,True,0.4727,True,True,2.2974
LoFTR_indoor,hand,11k_Hands_genuine_71,3000000,3000000,293,293,293,110,0.3754,False,0.3754,True,False,1.9447
ORB,hand,11k_Hands_genuine_71,3000000,3000000,246,486,16,0,,False,,True,False,
SIFT,hand,11k_Hands_genuine_71,3000000,3000000,63,120,4,0,,False,,True,False,
SuperGlue,hand,11k_Hands_genuine_71,3000000,3000000,172,180,59,30,0.5085,True,0.5085,True,True,2.2731
SGMNet_root_SGM,hand,11k_Hands_genuine_71,3000000,3000000,800,810,73,26,0.3562,False,0.3562,True,False,1.5182
ASpanFormer_indoor,hand,11k_Hands_genuine_71,3000000,3000000,183,183,183,143,0.7814,True,0.7814,True,True,1.9640
DeepDetect,hand,11k_Hands_genuine_71,3000000,3000000,11303,10179,17,13,0.7647,True,0.7647,True,True,0.5190
LoFTR_indoor,hand,11k_Hands_genuine_72,0001541,0001541,247,247,247,78,0.3158,False,0.3158,True,False,2.0590
ORB,hand,11k_Hands_genuine_72,0001541,0001541,484,335,9,0,,False,,True,False,
SIFT,hand,11k_Hands_genuine_72,0001541,0001541,112,90,2,0,,False,,True,False,
SuperGlue,hand,11k_Hands_genuine_72,0001541,0001541,175,197,3,0,,False,,True,False,
SGMNet_root_SGM,hand,11k_Hands_genuine_72,0001541,0001541,762,926,29,7,0.2414,False,0.2414,True,False,0.9320
ASpanFormer_indoor,hand,11k_Hands_genuine_72,0001541,0001541,146,146,146,70,0.4795,True,0.4795,True,True,2.1731
DeepDetect,hand,11k_Hands_genuine_72,0001541,0001541,10560,11046,3,0,,False,,True,False,
LoFTR_indoor,hand,11k_Hands_genuine_73,0000092,0000092,173,173,173,26,0.1503,False,0.1503,True,False,1.9992
ORB,hand,11k_Hands_genuine_73,0000092,0000092,210,401,12,0,,False,,True,False,
SIFT,hand,11k_Hands_genuine_73,0000092,0000092,94,160,6,0,,False,,True,False,
SuperGlue,hand,11k_Hands_genuine_73,0000092,0000092,227,199,0,0,,False,,True,False,
SGMNet_root_SGM,hand,11k_Hands_genuine_73,0000092,0000092,1283,1043,52,12,0.2308,False,0.2308,True,False,1.1892
ASpanFormer_indoor,hand,11k_Hands_genuine_73,0000092,0000092,79,79,79,22,0.2785,False,0.2785,True,False,1.7633
DeepDetect,hand,11k_Hands_genuine_73,0000092,0000092,11876,12132,141,0,,False,,True,False,
LoFTR_indoor,hand,11k_Hands_genuine_74,0001032,0001032,319,319,319,34,0.1066,False,0.1066,True,False,2.6329
ORB,hand,11k_Hands_genuine_74,0001032,0001032,195,361,2,0,,False,,True,False,
SIFT,hand,11k_Hands_genuine_74,0001032,0001032,65,100,3,0,,False,,True,False,
SuperGlue,hand,11k_Hands_genuine_74,0001032,0001032,197,196,0,0,,False,,True,False,
SGMNet_root_SGM,hand,11k_Hands_genuine_74,0001032,0001032,1227,1286,96,13,0.1354,False,0.1354,True,False,1.2149
ASpanFormer_indoor,hand,11k_Hands_genuine_74,0001032,0001032,152,152,152,41,0.2697,False,0.2697,True,False,2.0190
DeepDetect,hand,11k_Hands_genuine_74,0001032,0001032,10892,11278,50,23,0.4600,True,0.4600,True,True,2.9829
LoFTR_indoor,hand,11k_Hands_genuine_75,0000086,0000086,182,182,182,40,0.2198,False,0.2198,True,False,2.0738
ORB,hand,11k_Hands_genuine_75,0000086,0000086,89,279,0,0,,False,,True,False,
SIFT,hand,11k_Hands_genuine_75,0000086,0000086,43,110,4,0,,False,,True,False,
SuperGlue,hand,11k_Hands_genuine_75,0000086,0000086,161,211,0,0,,False,,True,False,
SGMNet_root_SGM,hand,11k_Hands_genuine_75,0000086,0000086,613,1055,8,5,0.6250,True,0.6250,True,True,0.0000
ASpanFormer_indoor,hand,11k_Hands_genuine_75,0000086,0000086,65,65,65,27,0.4154,True,0.4154,True,True,2.0729
DeepDetect,hand,11k_Hands_genuine_75,0000086,0000086,8623,10491,50,42,0.8400,True,0.8400,True,True,0.6306
LoFTR_indoor,hand,11k_Hands_genuine_76,0001541,0001541,709,709,709,301,0.4245,False,0.4245,True,False,2.0590
ORB,hand,11k_Hands_genuine_76,0001541,0001541,294,397,56,27,0.4821,True,0.4821,True,True,1.4020
SIFT,hand,11k_Hands_genuine_76,0001541,0001541,84,110,19,12,0.6316,True,0.6316,True,True,1.2713
SuperGlue,hand,11k_Hands_genuine_76,0001541,0001541,147,181,124,36,0.2903,False,0.2903,True,False,2.5350
SGMNet_root_SGM,hand,11k_Hands_genuine_76,0001541,0001541,632,807,227,85,0.3744,False,0.3744,True,False,1.2859
ASpanFormer_indoor,hand,11k_Hands_genuine_76,0001541,0001541,868,868,868,378,0.4355,True,0.4355,True,True,2.5101
DeepDetect,hand,11k_Hands_genuine_76,0001541,0001541,8457,10195,198,127,0.6414,True,0.6414,True,True,1.5424
LoFTR_indoor,hand,11k_Hands_genuine_77,0001020,0001020,283,283,283,60,0.2120,False,0.2120,True,False,2.2365
ORB,hand,11k_Hands_genuine_77,0001020,0001020,669,712,23,0,,False,,True,False,
SIFT,hand,11k_Hands_genuine_77,0001020,0001020,181,201,10,0,,False,,True,False,
SuperGlue,hand,11k_Hands_genuine_77,0001020,0001020,209,296,39,18,0.4615,True,0.4615,True,True,1.9829
SGMNet_root_SGM,hand,11k_Hands_genuine_77,0001020,0001020,923,1073,39,12,0.3077,False,0.3077,True,False,1.2519
ASpanFormer_indoor,hand,11k_Hands_genuine_77,0001020,0001020,153,153,153,62,0.4052,True,0.4052,True,True,2.2201
DeepDetect,hand,11k_Hands_genuine_77,0001020,0001020,11527,14653,14,0,,False,,True,False,
LoFTR_indoor,hand,11k_Hands_genuine_78,0001558,0001558,263,263,263,60,0.2281,False,0.2281,True,False,1.8082
ORB,hand,11k_Hands_genuine_78,0001558,0001558,501,401,13,0,,False,,True,False,
SIFT,hand,11k_Hands_genuine_78,0001558,0001558,137,97,4,0,,False,,True,False,
SuperGlue,hand,11k_Hands_genuine_78,0001558,0001558,181,244,0,0,,False,,True,False,
SGMNet_root_SGM,hand,11k_Hands_genuine_78,0001558,0001558,939,1193,34,0,,False,,True,False,
ASpanFormer_indoor,hand,11k_Hands_genuine_78,0001558,0001558,190,190,190,106,0.5579,True,0.5579,True,True,1.1230
DeepDetect,hand,11k_Hands_genuine_78,0001558,0001558,10857,12721,12,0,,False,,True,False,
LoFTR_indoor,hand,11k_Hands_genuine_79,0001013,0001013,202,202,202,49,0.2426,False,0.2426,True,False,2.1752
ORB,hand,11k_Hands_genuine_79,0001013,0001013,169,120,10,0,,False,,True,False,
SIFT,hand,11k_Hands_genuine_79,0001013,0001013,58,81,2,0,,False,,True,False,
SuperGlue,hand,11k_Hands_genuine_79,0001013,0001013,184,140,0,0,,False,,True,False,
SGMNet_root_SGM,hand,11k_Hands_genuine_79,0001013,0001013,1090,613,4,0,,False,,True,False,
ASpanFormer_indoor,hand,11k_Hands_genuine_79,0001013,0001013,59,59,59,34,0.5763,True,0.5763,True,True,1.6214
DeepDetect,hand,11k_Hands_genuine_79,0001013,0001013,9734,8643,16,8,0.5000,True,0.5000,True,True,0.4619
LoFTR_indoor,hand,11k_Hands_genuine_80,0001547,0001547,318,318,318,93,0.2925,False,0.2925,True,False,2.3630
ORB,hand,11k_Hands_genuine_80,0001547,0001547,193,468,8,0,,False,,True,False,
SIFT,hand,11k_Hands_genuine_80,0001547,0001547,87,117,3,0,,False,,True,False,
SuperGlue,hand,11k_Hands_genuine_80,0001547,0001547,253,188,13,8,0.6154,True,0.6154,True,True,1.5247
SGMNet_root_SGM,hand,11k_Hands_genuine_80,0001547,0001547,1260,770,26,10,0.3846,False,0.3846,True,False,1.0365
ASpanFormer_indoor,hand,11k_Hands_genuine_80,0001547,0001547,347,347,347,190,0.5476,True,0.5476,True,True,2.4565
DeepDetect,hand,11k_Hands_genuine_80,0001547,0001547,11733,10405,114,0,,False,,True,False,
LoFTR_indoor,hand,11k_Hands_genuine_81,0000596,0000596,283,283,283,57,0.2014,False,0.2014,True,False,1.2994
ORB,hand,11k_Hands_genuine_81,0000596,0000596,448,347,17,0,,False,,True,False,
SIFT,hand,11k_Hands_genuine_81,0000596,0000596,162,116,13,0,,False,,True,False,
SuperGlue,hand,11k_Hands_genuine_81,0000596,0000596,202,234,16,6,0.3750,False,0.3750,True,False,0.4799
SGMNet_root_SGM,hand,11k_Hands_genuine_81,0000596,0000596,907,1083,40,12,0.3000,False,0.3000,True,False,1.0112
ASpanFormer_indoor,hand,11k_Hands_genuine_81,0000596,0000596,168,168,168,47,0.2798,False,0.2798,True,False,2.2897
DeepDetect,hand,11k_Hands_genuine_81,0000596,0000596,10558,12098,22,0,,False,,True,False,
LoFTR_indoor,hand,11k_Hands_genuine_82,0001050,0001050,941,941,941,663,0.7046,True,0.7046,True,True,2.0749
ORB,hand,11k_Hands_genuine_82,0001050,0001050,489,392,55,39,0.7091,True,0.7091,True,True,1.3484
SIFT,hand,11k_Hands_genuine_82,0001050,0001050,168,151,51,32,0.6275,True,0.6275,True,True,1.3160
SuperGlue,hand,11k_Hands_genuine_82,0001050,0001050,296,385,206,102,0.4951,True,0.4951,True,True,2.2048
SGMNet_root_SGM,hand,11k_Hands_genuine_82,0001050,0001050,1281,1506,624,362,0.5801,True,0.5801,True,True,1.3529
ASpanFormer_indoor,hand,11k_Hands_genuine_82,0001050,0001050,786,786,786,543,0.6908,True,0.6908,True,True,1.9636
DeepDetect,hand,11k_Hands_genuine_82,0001050,0001050,13506,17981,753,552,0.7331,True,0.7331,True,True,1.2497
LoFTR_indoor,hand,11k_Hands_genuine_83,0001024,0001024,585,585,585,164,0.2803,False,0.2803,True,False,2.3258
ORB,hand,11k_Hands_genuine_83,0001024,0001024,236,297,22,0,,False,,True,False,
SIFT,hand,11k_Hands_genuine_83,0001024,0001024,116,90,13,0,,False,,True,False,
SuperGlue,hand,11k_Hands_genuine_83,0001024,0001024,241,200,113,31,0.2743,False,0.2743,True,False,2.3025
SGMNet_root_SGM,hand,11k_Hands_genuine_83,0001024,0001024,1612,1190,363,126,0.3471,False,0.3471,True,False,1.5677
ASpanFormer_indoor,hand,11k_Hands_genuine_83,0001024,0001024,553,553,553,187,0.3382,False,0.3382,True,False,2.5084
DeepDetect,hand,11k_Hands_genuine_83,0001024,0001024,13598,11306,310,219,0.7065,True,0.7065,True,True,1.3129
LoFTR_indoor,hand,11k_Hands_genuine_84,0001050,0001050,334,334,334,88,0.2635,False,0.2635,True,False,2.2391
ORB,hand,11k_Hands_genuine_84,0001050,0001050,395,372,9,0,,False,,True,False,
SIFT,hand,11k_Hands_genuine_84,0001050,0001050,172,137,9,0,,False,,True,False,
SuperGlue,hand,11k_Hands_genuine_84,0001050,0001050,237,255,1,0,,False,,True,False,
SGMNet_root_SGM,hand,11k_Hands_genuine_84,0001050,0001050,1175,939,81,13,0.1605,False,0.1605,True,False,1.4263
ASpanFormer_indoor,hand,11k_Hands_genuine_84,0001050,0001050,245,245,245,91,0.3714,False,0.3714,True,False,1.9220
DeepDetect,hand,11k_Hands_genuine_84,0001050,0001050,11083,13526,22,0,,False,,True,False,
LoFTR_indoor,hand,11k_Hands_genuine_85,0001050,0001050,191,191,191,42,0.2199,False,0.2199,True,False,1.5129
ORB,hand,11k_Hands_genuine_85,0001050,0001050,126,542,2,0,,False,,True,False,
SIFT,hand,11k_Hands_genuine_85,0001050,0001050,66,159,1,0,,False,,True,False,
SuperGlue,hand,11k_Hands_genuine_85,0001050,0001050,237,295,4,4,1.0000,True,1.0000,True,True,0.0000
SGMNet_root_SGM,hand,11k_Hands_genuine_85,0001050,0001050,637,1524,18,0,,False,,True,False,
ASpanFormer_indoor,hand,11k_Hands_genuine_85,0001050,0001050,154,154,154,74,0.4805,True,0.4805,True,True,2.4632
DeepDetect,hand,11k_Hands_genuine_85,0001050,0001050,13123,15417,76,45,0.5921,True,0.5921,True,True,1.2912
LoFTR_indoor,hand,11k_Hands_genuine_86,0001019,0001019,200,200,200,46,0.2300,False,0.2300,True,False,2.4483
ORB,hand,11k_Hands_genuine_86,0001019,0001019,195,242,2,0,,False,,True,False,
SIFT,hand,11k_Hands_genuine_86,0001019,0001019,73,98,8,0,,False,,True,False,
SuperGlue,hand,11k_Hands_genuine_86,0001019,0001019,134,204,1,0,,False,,True,False,
SGMNet_root_SGM,hand,11k_Hands_genuine_86,0001019,0001019,948,849,10,6,0.6000,True,0.6000,True,True,1.1273
ASpanFormer_indoor,hand,11k_Hands_genuine_86,0001019,0001019,74,74,74,36,0.4865,True,0.4865,True,True,1.7672
DeepDetect,hand,11k_Hands_genuine_86,0001019,0001019,8365,10083,21,0,,False,,True,False,
LoFTR_indoor,hand,11k_Hands_genuine_87,8000000,8000000,216,216,216,50,0.2315,False,0.2315,True,False,2.3497
ORB,hand,11k_Hands_genuine_87,8000000,8000000,612,294,20,0,,False,,True,False,
SIFT,hand,11k_Hands_genuine_87,8000000,8000000,183,160,7,4,0.5714,True,0.5714,True,True,0.0000
SuperGlue,hand,11k_Hands_genuine_87,8000000,8000000,220,247,0,0,,False,,True,False,
SGMNet_root_SGM,hand,11k_Hands_genuine_87,8000000,8000000,1211,1740,67,13,0.1940,False,0.1940,True,False,1.2513
ASpanFormer_indoor,hand,11k_Hands_genuine_87,8000000,8000000,45,45,45,20,0.4444,True,0.4444,True,True,1.1895
DeepDetect,hand,11k_Hands_genuine_87,8000000,8000000,12844,13612,14,0,,False,,True,False,
LoFTR_indoor,hand,11k_Hands_genuine_88,0001566,0001566,209,209,209,25,0.1196,False,0.1196,True,False,1.7096
ORB,hand,11k_Hands_genuine_88,0001566,0001566,718,255,37,0,,False,,True,False,
SIFT,hand,11k_Hands_genuine_88,0001566,0001566,224,125,4,0,,False,,True,False,
SuperGlue,hand,11k_Hands_genuine_88,0001566,0001566,228,297,0,0,,False,,True,False,
SGMNet_root_SGM,hand,11k_Hands_genuine_88,0001566,0001566,1250,1787,9,0,,False,,True,False,
ASpanFormer_indoor,hand,11k_Hands_genuine_88,0001566,0001566,103,103,103,32,0.3107,False,0.3107,True,False,2.6674
DeepDetect,hand,11k_Hands_genuine_88,0001566,0001566,11582,13961,26,14,0.5385,True,0.5385,True,True,1.2404
LoFTR_indoor,hand,11k_Hands_genuine_89,0001594,0001594,187,187,187,32,0.1711,False,0.1711,True,False,2.2105
ORB,hand,11k_Hands_genuine_89,0001594,0001594,373,120,22,0,,False,,True,False,
SIFT,hand,11k_Hands_genuine_89,0001594,0001594,142,93,5,0,,False,,True,False,
SuperGlue,hand,11k_Hands_genuine_89,0001594,0001594,173,225,0,0,,False,,True,False,
SGMNet_root_SGM,hand,11k_Hands_genuine_89,0001594,0001594,890,1460,16,6,0.3750,False,0.3750,True,False,0.4115
ASpanFormer_indoor,hand,11k_Hands_genuine_89,0001594,0001594,63,63,63,31,0.4921,True,0.4921,True,True,1.9855
DeepDetect,hand,11k_Hands_genuine_89,0001594,0001594,10725,12566,27,0,,False,,True,False,
LoFTR_indoor,hand,11k_Hands_genuine_90,0000066,0000066,963,963,963,562,0.5836,True,0.5836,True,True,1.6177
ORB,hand,11k_Hands_genuine_90,0000066,0000066,415,328,41,15,0.3659,False,0.3659,True,False,1.0087
SIFT,hand,11k_Hands_genuine_90,0000066,0000066,154,148,30,13,0.4333,False,0.4333,True,False,1.1420
SuperGlue,hand,11k_Hands_genuine_90,0000066,0000066,217,281,174,44,0.2529,False,0.2529,True,False,2.5574
SGMNet_root_SGM,hand,11k_Hands_genuine_90,0000066,0000066,1137,1212,522,280,0.5364,True,0.5364,True,True,1.3861
ASpanFormer_indoor,hand,11k_Hands_genuine_90,0000066,0000066,829,829,829,518,0.6248,True,0.6248,True,True,1.3896
DeepDetect,hand,11k_Hands_genuine_90,0000066,0000066,13283,16091,224,173,0.7723,True,0.7723,True,True,1.4894
LoFTR_indoor,hand,11k_Hands_genuine_91,1000000,1000000,268,268,268,48,0.1791,False,0.1791,True,False,2.6584
ORB,hand,11k_Hands_genuine_91,1000000,1000000,74,118,10,0,,False,,True,False,
SIFT,hand,11k_Hands_genuine_91,1000000,1000000,69,74,3,0,,False,,True,False,
SuperGlue,hand,11k_Hands_genuine_91,1000000,1000000,307,338,1,0,,False,,True,False,
SGMNet_root_SGM,hand,11k_Hands_genuine_91,1000000,1000000,1033,853,25,8,0.3200,False,0.3200,True,False,0.9663
ASpanFormer_indoor,hand,11k_Hands_genuine_91,1000000,1000000,103,103,103,31,0.3010,False,0.3010,True,False,2.3882
DeepDetect,hand,11k_Hands_genuine_91,1000000,1000000,13842,17199,114,62,0.5439,True,0.5439,True,True,2.4820
LoFTR_indoor,hand,11k_Hands_genuine_92,0001518,0001518,756,756,756,293,0.3876,False,0.3876,True,False,2.1883
ORB,hand,11k_Hands_genuine_92,0001518,0001518,134,110,8,0,,False,,True,False,
SIFT,hand,11k_Hands_genuine_92,0001518,0001518,78,59,5,4,0.8000,True,0.8000,True,True,0.0000
SuperGlue,hand,11k_Hands_genuine_92,0001518,0001518,165,192,74,25,0.3378,False,0.3378,True,False,2.5058
SGMNet_root_SGM,hand,11k_Hands_genuine_92,0001518,0001518,995,1118,452,183,0.4049,True,0.4049,True,True,1.4530
ASpanFormer_indoor,hand,11k_Hands_genuine_92,0001518,0001518,643,643,643,289,0.4495,True,0.4495,True,True,1.6339
DeepDetect,hand,11k_Hands_genuine_92,0001518,0001518,10538,11437,96,52,0.5417,True,0.5417,True,True,1.0626
LoFTR_indoor,hand,11k_Hands_genuine_93,0000502,0000502,293,293,293,109,0.3720,False,0.3720,True,False,2.6034
ORB,hand,11k_Hands_genuine_93,0000502,0000502,567,285,48,0,,False,,True,False,
SIFT,hand,11k_Hands_genuine_93,0000502,0000502,128,90,7,0,,False,,True,False,
SuperGlue,hand,11k_Hands_genuine_93,0000502,0000502,142,136,13,0,,False,,True,False,
SGMNet_root_SGM,hand,11k_Hands_genuine_93,0000502,0000502,749,685,76,16,0.2105,False,0.2105,True,False,1.5142
ASpanFormer_indoor,hand,11k_Hands_genuine_93,0000502,0000502,55,55,55,37,0.6727,True,0.6727,True,True,1.4482
DeepDetect,hand,11k_Hands_genuine_93,0000502,0000502,8407,8433,21,0,,False,,True,False,
LoFTR_indoor,hand,11k_Hands_genuine_94,0000596,0000596,371,371,371,127,0.3423,False,0.3423,True,False,2.6260
ORB,hand,11k_Hands_genuine_94,0000596,0000596,440,394,21,0,,False,,True,False,
SIFT,hand,11k_Hands_genuine_94,0000596,0000596,169,115,8,5,0.6250,True,0.6250,True,True,0.0000
SuperGlue,hand,11k_Hands_genuine_94,0000596,0000596,195,224,34,13,0.3824,False,0.3824,True,False,2.1662
SGMNet_root_SGM,hand,11k_Hands_genuine_94,0000596,0000596,965,1066,58,12,0.2069,False,0.2069,True,False,1.2146
ASpanFormer_indoor,hand,11k_Hands_genuine_94,0000596,0000596,232,232,232,112,0.4828,True,0.4828,True,True,1.5592
DeepDetect,hand,11k_Hands_genuine_94,0000596,0000596,10679,11638,55,0,,False,,True,False,
LoFTR_indoor,hand,11k_Hands_genuine_95,0001024,0001024,233,233,233,44,0.1888,False,0.1888,True,False,2.4260
ORB,hand,11k_Hands_genuine_95,0001024,0001024,435,297,18,0,,False,,True,False,
SIFT,hand,11k_Hands_genuine_95,0001024,0001024,119,90,4,0,,False,,True,False,
SuperGlue,hand,11k_Hands_genuine_95,0001024,0001024,178,200,0,0,,False,,True,False,
SGMNet_root_SGM,hand,11k_Hands_genuine_95,0001024,0001024,1179,1190,46,10,0.2174,False,0.2174,True,False,1.1391
ASpanFormer_indoor,hand,11k_Hands_genuine_95,0001024,0001024,106,106,106,45,0.4245,True,0.4245,True,True,2.2887
DeepDetect,hand,11k_Hands_genuine_95,0001024,0001024,10395,11306,115,89,0.7739,True,0.7739,True,True,1.2501
LoFTR_indoor,hand,11k_Hands_genuine_96,0000534,0000534,277,277,277,82,0.2960,False,0.2960,True,False,2.0425
ORB,hand,11k_Hands_genuine_96,0000534,0000534,279,180,23,0,,False,,True,False,
SIFT,hand,11k_Hands_genuine_96,0000534,0000534,106,59,7,0,,False,,True,False,
SuperGlue,hand,11k_Hands_genuine_96,0000534,0000534,221,197,0,0,,False,,True,False,
SGMNet_root_SGM,hand,11k_Hands_genuine_96,0000534,0000534,1124,1119,48,10,0.2083,False,0.2083,True,False,0.9739
ASpanFormer_indoor,hand,11k_Hands_genuine_96,0000534,0000534,129,129,129,56,0.4341,True,0.4341,True,True,2.1919
DeepDetect,hand,11k_Hands_genuine_96,0000534,0000534,11579,10238,73,41,0.5616,True,0.5616,True,True,1.7163
LoFTR_indoor,hand,11k_Hands_genuine_97,0001550,0001550,366,366,366,108,0.2951,False,0.2951,True,False,2.7178
ORB,hand,11k_Hands_genuine_97,0001550,0001550,349,259,24,12,0.5000,True,0.5000,True,True,1.1904
SIFT,hand,11k_Hands_genuine_97,0001550,0001550,103,114,7,4,0.5714,True,0.5714,True,True,0.0000
SuperGlue,hand,11k_Hands_genuine_97,0001550,0001550,249,258,52,22,0.4231,False,0.4231,True,False,2.3437
SGMNet_root_SGM,hand,11k_Hands_genuine_97,0001550,0001550,1172,1770,62,10,0.1613,False,0.1613,True,False,1.1771
ASpanFormer_indoor,hand,11k_Hands_genuine_97,0001550,0001550,240,240,240,96,0.4000,True,0.4000,True,True,1.6277
DeepDetect,hand,11k_Hands_genuine_97,0001550,0001550,12266,13753,150,100,0.6667,True,0.6667,True,True,1.8797
LoFTR_indoor,hand,11k_Hands_genuine_98,0001571,0001571,198,198,198,53,0.2677,False,0.2677,True,False,2.6760
ORB,hand,11k_Hands_genuine_98,0001571,0001571,596,318,40,10,0.2500,False,0.2500,True,False,1.6363
SIFT,hand,11k_Hands_genuine_98,0001571,0001571,152,71,7,5,0.7143,True,0.7143,True,True,0.8762
SuperGlue,hand,11k_Hands_genuine_98,0001571,0001571,158,164,0,0,,False,,True,False,
SGMNet_root_SGM,hand,11k_Hands_genuine_98,0001571,0001571,519,605,26,0,,False,,True,False,
ASpanFormer_indoor,hand,11k_Hands_genuine_98,0001571,0001571,103,103,103,51,0.4951,True,0.4951,True,True,1.6414
DeepDetect,hand,11k_Hands_genuine_98,0001571,0001571,9623,9954,52,37,0.7115,True,0.7115,True,True,2.0339
LoFTR_indoor,hand,11k_Hands_genuine_99,0001024,0001024,258,258,258,80,0.3101,False,0.3101,True,False,2.2563
ORB,hand,11k_Hands_genuine_99,0001024,0001024,199,272,8,0,,False,,True,False,
SIFT,hand,11k_Hands_genuine_99,0001024,0001024,121,111,3,0,,False,,True,False,
SuperGlue,hand,11k_Hands_genuine_99,0001024,0001024,241,164,0,0,,False,,True,False,
SGMNet_root_SGM,hand,11k_Hands_genuine_99,0001024,0001024,1789,1009,86,27,0.3140,False,0.3140,True,False,1.5464
ASpanFormer_indoor,hand,11k_Hands_genuine_99,0001024,0001024,262,262,262,101,0.3855,False,0.3855,True,False,2.3749
DeepDetect,hand,11k_Hands_genuine_99,0001024,0001024,13292,10169,285,0,,False,,True,False,
LoFTR_indoor,hand,11k_Hands_genuine_100,0001037,0001037,335,335,335,101,0.3015,False,0.3015,True,False,2.2092
ORB,hand,11k_Hands_genuine_100,0001037,0001037,443,388,35,0,,False,,True,False,
SIFT,hand,11k_Hands_genuine_100,0001037,0001037,113,106,5,0,,False,,True,False,
SuperGlue,hand,11k_Hands_genuine_100,0001037,0001037,171,156,0,0,,False,,True,False,
SGMNet_root_SGM,hand,11k_Hands_genuine_100,0001037,0001037,725,754,36,11,0.3056,False,0.3056,True,False,1.1715
ASpanFormer_indoor,hand,11k_Hands_genuine_100,0001037,0001037,200,200,200,100,0.5000,True,0.5000,True,True,2.3856
DeepDetect,hand,11k_Hands_genuine_100,0001037,0001037,9734,8701,34,0,,False,,True,False,
LoFTR_indoor,hand,11k_Hands_genuine_101,0001050,0001050,1222,1222,1222,1168,0.9558,True,0.9558,True,True,0.8940
ORB,hand,11k_Hands_genuine_101,0001050,0001050,504,555,278,264,0.9496,True,0.9496,True,True,1.0965
SIFT,hand,11k_Hands_genuine_101,0001050,0001050,145,175,110,107,0.9727,True,0.9727,True,True,0.5968
SuperGlue,hand,11k_Hands_genuine_101,0001050,0001050,284,287,251,172,0.6853,True,0.6853,True,True,1.6994
SGMNet_root_SGM,hand,11k_Hands_genuine_101,0001050,0001050,1318,1389,818,687,0.8399,True,0.8399,True,True,0.8240
ASpanFormer_indoor,hand,11k_Hands_genuine_101,0001050,0001050,2246,2246,2246,2189,0.9746,True,0.9746,True,True,0.7403
DeepDetect,hand,11k_Hands_genuine_101,0001050,0001050,14196,14760,6836,6834,0.9997,True,0.9997,True,True,0.4866
LoFTR_indoor,hand,11k_Hands_genuine_102,0001039,0001039,961,961,961,449,0.4672,True,0.4672,True,True,1.4419
ORB,hand,11k_Hands_genuine_102,0001039,0001039,216,265,52,28,0.5385,True,0.5385,True,True,1.8359
SIFT,hand,11k_Hands_genuine_102,0001039,0001039,88,117,30,21,0.7000,True,0.7000,True,True,1.7632
SuperGlue,hand,11k_Hands_genuine_102,0001039,0001039,245,175,114,42,0.3684,False,0.3684,True,False,2.8309
SGMNet_root_SGM,hand,11k_Hands_genuine_102,0001039,0001039,1249,1115,584,291,0.4983,True,0.4983,True,True,1.3248
ASpanFormer_indoor,hand,11k_Hands_genuine_102,0001039,0001039,759,759,759,436,0.5744,True,0.5744,True,True,2.0641
DeepDetect,hand,11k_Hands_genuine_102,0001039,0001039,12664,10620,640,475,0.7422,True,0.7422,True,True,1.7224
LoFTR_indoor,hand,11k_Hands_genuine_103,0000538,0000538,1010,1010,1010,595,0.5891,True,0.5891,True,True,1.6447
ORB,hand,11k_Hands_genuine_103,0000538,0000538,181,213,35,24,0.6857,True,0.6857,True,True,1.0148
SIFT,hand,11k_Hands_genuine_103,0000538,0000538,66,74,20,13,0.6500,True,0.6500,True,True,1.3203
SuperGlue,hand,11k_Hands_genuine_103,0000538,0000538,174,172,129,64,0.4961,True,0.4961,True,True,2.3277
SGMNet_root_SGM,hand,11k_Hands_genuine_103,0000538,0000538,957,944,492,328,0.6667,True,0.6667,True,True,1.2807
ASpanFormer_indoor,hand,11k_Hands_genuine_103,0000538,0000538,2114,2114,2114,1815,0.8586,True,0.8586,True,True,1.6744
DeepDetect,hand,11k_Hands_genuine_103,0000538,0000538,10021,9255,610,510,0.8361,True,0.8361,True,True,1.7078
LoFTR_indoor,hand,11k_Hands_genuine_104,0000507,0000507,1108,1108,1108,688,0.6209,True,0.6209,True,True,1.9300
ORB,hand,11k_Hands_genuine_104,0000507,0000507,289,309,73,54,0.7397,True,0.7397,True,True,1.7339
SIFT,hand,11k_Hands_genuine_104,0000507,0000507,140,156,73,51,0.6986,True,0.6986,True,True,1.4482
SuperGlue,hand,11k_Hands_genuine_104,0000507,0000507,221,241,191,100,0.5236,True,0.5236,True,True,2.2491
SGMNet_root_SGM,hand,11k_Hands_genuine_104,0000507,0000507,978,1048,527,349,0.6622,True,0.6622,True,True,1.1069
ASpanFormer_indoor,hand,11k_Hands_genuine_104,0000507,0000507,2045,2045,2045,1246,0.6093,True,0.6093,True,True,1.9222
DeepDetect,hand,11k_Hands_genuine_104,0000507,0000507,11864,12416,1374,1196,0.8705,True,0.8705,True,True,0.9422
LoFTR_indoor,hand,11k_Hands_genuine_105,0001030,0001030,243,243,243,37,0.1523,False,0.1523,True,False,3.0318
ORB,hand,11k_Hands_genuine_105,0001030,0001030,386,238,17,0,,False,,True,False,
SIFT,hand,11k_Hands_genuine_105,0001030,0001030,109,80,1,0,,False,,True,False,
SuperGlue,hand,11k_Hands_genuine_105,0001030,0001030,190,220,1,0,,False,,True,False,
SGMNet_root_SGM,hand,11k_Hands_genuine_105,0001030,0001030,912,1252,14,0,,False,,True,False,
ASpanFormer_indoor,hand,11k_Hands_genuine_105,0001030,0001030,78,78,78,29,0.3718,False,0.3718,True,False,2.2657
DeepDetect,hand,11k_Hands_genuine_105,0001030,0001030,11600,11670,24,11,0.4583,True,0.4583,True,True,1.1384
LoFTR_indoor,hand,11k_Hands_genuine_106,0001541,0001541,299,299,299,123,0.4114,False,0.4114,True,False,2.4823
ORB,hand,11k_Hands_genuine_106,0001541,0001541,658,443,30,9,0.3000,False,0.3000,True,False,1.8650
SIFT,hand,11k_Hands_genuine_106,0001541,0001541,162,102,6,0,,False,,True,False,
SuperGlue,hand,11k_Hands_genuine_106,0001541,0001541,186,187,31,16,0.5161,True,0.5161,True,True,2.4127
SGMNet_root_SGM,hand,11k_Hands_genuine_106,0001541,0001541,836,911,39,12,0.3077,False,0.3077,True,False,1.0265
ASpanFormer_indoor,hand,11k_Hands_genuine_106,0001541,0001541,331,331,331,229,0.6918,True,0.6918,True,True,2.5347
DeepDetect,hand,11k_Hands_genuine_106,0001541,0001541,10243,11064,14,0,,False,,True,False,
LoFTR_indoor,hand,11k_Hands_genuine_107,0001552,0001552,1111,1111,1111,843,0.7588,True,0.7588,True,True,1.5676
ORB,hand,11k_Hands_genuine_107,0001552,0001552,516,389,141,118,0.8369,True,0.8369,True,True,1.6376
SIFT,hand,11k_Hands_genuine_107,0001552,0001552,153,123,60,46,0.7667,True,0.7667,True,True,0.9036
SuperGlue,hand,11k_Hands_genuine_107,0001552,0001552,164,187,145,71,0.4897,True,0.4897,True,True,2.3518
SGMNet_root_SGM,hand,11k_Hands_genuine_107,0001552,0001552,702,754,338,193,0.5710,True,0.5710,True,True,1.0730
ASpanFormer_indoor,hand,11k_Hands_genuine_107,0001552,0001552,2680,2680,2680,2422,0.9037,True,0.9037,True,True,0.8338
DeepDetect,hand,11k_Hands_genuine_107,0001552,0001552,9575,10588,680,678,0.9971,True,0.9971,True,True,1.2576
LoFTR_indoor,hand,11k_Hands_genuine_108,0001033,0001033,1213,1213,1213,1034,0.8524,True,0.8524,True,True,1.8749
ORB,hand,11k_Hands_genuine_108,0001033,0001033,480,488,158,125,0.7911,True,0.7911,True,True,1.5872
SIFT,hand,11k_Hands_genuine_108,0001033,0001033,167,156,88,76,0.8636,True,0.8636,True,True,1.5379
SuperGlue,hand,11k_Hands_genuine_108,0001033,0001033,203,169,153,84,0.5490,True,0.5490,True,True,2.0477
SGMNet_root_SGM,hand,11k_Hands_genuine_108,0001033,0001033,986,861,488,340,0.6967,True,0.6967,True,True,1.1982
ASpanFormer_indoor,hand,11k_Hands_genuine_108,0001033,0001033,2065,2065,2065,1950,0.9443,True,0.9443,True,True,1.7930
DeepDetect,hand,11k_Hands_genuine_108,0001033,0001033,11450,10522,1982,1939,0.9783,True,0.9783,True,True,1.0441
LoFTR_indoor,hand,11k_Hands_genuine_109,0001075,0001075,812,812,812,436,0.5369,True,0.5369,True,True,2.1987
ORB,hand,11k_Hands_genuine_109,0001075,0001075,362,421,28,7,0.2500,False,0.2500,True,False,0.4829
SIFT,hand,11k_Hands_genuine_109,0001075,0001075,150,157,25,14,0.5600,True,0.5600,True,True,1.1757
SuperGlue,hand,11k_Hands_genuine_109,0001075,0001075,289,241,173,75,0.4335,False,0.4335,True,False,2.3089
SGMNet_root_SGM,hand,11k_Hands_genuine_109,0001075,0001075,1212,1421,627,301,0.4801,True,0.4801,True,True,1.4042
ASpanFormer_indoor,hand,11k_Hands_genuine_109,0001075,0001075,668,668,668,353,0.5284,True,0.5284,True,True,2.0266
DeepDetect,hand,11k_Hands_genuine_109,0001075,0001075,13329,12658,492,366,0.7439,True,0.7439,True,True,1.4523
LoFTR_indoor,hand,11k_Hands_genuine_110,0001589,0001589,455,455,455,234,0.5143,True,0.5143,True,True,1.7825
ORB,hand,11k_Hands_genuine_110,0001589,0001589,264,202,18,8,0.4444,False,0.4444,True,False,0.8697
SIFT,hand,11k_Hands_genuine_110,0001589,0001589,115,80,21,0,,False,,True,False,
SuperGlue,hand,11k_Hands_genuine_110,0001589,0001589,163,205,41,15,0.3659,False,0.3659,True,False,1.5936
SGMNet_root_SGM,hand,11k_Hands_genuine_110,0001589,0001589,741,861,318,134,0.4214,True,0.4214,True,True,1.4656
ASpanFormer_indoor,hand,11k_Hands_genuine_110,0001589,0001589,449,449,449,308,0.6860,True,0.6860,True,True,1.4958
DeepDetect,hand,11k_Hands_genuine_110,0001589,0001589,9679,11070,84,0,,False,,True,False,
LoFTR_indoor,hand,11k_Hands_genuine_111,0001008,0001008,318,318,318,60,0.1887,False,0.1887,True,False,2.5092
ORB,hand,11k_Hands_genuine_111,0001008,0001008,422,221,16,0,,False,,True,False,
SIFT,hand,11k_Hands_genuine_111,0001008,0001008,177,102,4,0,,False,,True,False,
SuperGlue,hand,11k_Hands_genuine_111,0001008,0001008,246,233,1,0,,False,,True,False,
SGMNet_root_SGM,hand,11k_Hands_genuine_111,0001008,0001008,1313,1214,79,14,0.1772,False,0.1772,True,False,1.1206
ASpanFormer_indoor,hand,11k_Hands_genuine_111,0001008,0001008,203,203,203,77,0.3793,False,0.3793,True,False,2.0227
DeepDetect,hand,11k_Hands_genuine_111,0001008,0001008,10766,10857,160,56,0.3500,True,0.3500,True,True,1.6349
LoFTR_indoor,hand,11k_Hands_genuine_112,0001541,0001541,180,180,180,43,0.2389,False,0.2389,True,False,2.3686
ORB,hand,11k_Hands_genuine_112,0001541,0001541,475,266,28,0,,False,,True,False,
SIFT,hand,11k_Hands_genuine_112,0001541,0001541,132,97,2,0,,False,,True,False,
SuperGlue,hand,11k_Hands_genuine_112,0001541,0001541,148,183,43,16,0.3721,False,0.3721,True,False,2.1379
SGMNet_root_SGM,hand,11k_Hands_genuine_112,0001541,0001541,733,972,30,8,0.2667,False,0.2667,True,False,0.9606
ASpanFormer_indoor,hand,11k_Hands_genuine_112,0001541,0001541,112,112,112,54,0.4821,True,0.4821,True,True,1.5628
DeepDetect,hand,11k_Hands_genuine_112,0001541,0001541,9834,9880,21,0,,False,,True,False,
LoFTR_indoor,hand,11k_Hands_genuine_113,0000025,0000025,1926,1926,1926,1807,0.9382,True,0.9382,True,True,0.6093
ORB,hand,11k_Hands_genuine_113,0000025,0000025,448,460,277,265,0.9567,True,0.9567,True,True,0.9099
SIFT,hand,11k_Hands_genuine_113,0000025,0000025,133,119,88,81,0.9205,True,0.9205,True,True,0.3447
SuperGlue,hand,11k_Hands_genuine_113,0000025,0000025,303,307,268,197,0.7351,True,0.7351,True,True,1.7929
SGMNet_root_SGM,hand,11k_Hands_genuine_113,0000025,0000025,1410,1404,862,650,0.7541,True,0.7541,True,True,0.7130
ASpanFormer_indoor,hand,11k_Hands_genuine_113,0000025,0000025,2747,2747,2747,2743,0.9985,True,0.9985,True,True,0.7440
DeepDetect,hand,11k_Hands_genuine_113,0000025,0000025,18456,18896,14637,14637,1.0000,True,1.0000,True,True,0.1654
LoFTR_indoor,hand,11k_Hands_genuine_114,0001066,0001066,193,193,193,54,0.2798,False,0.2798,True,False,2.2203
ORB,hand,11k_Hands_genuine_114,0001066,0001066,488,301,27,0,,False,,True,False,
SIFT,hand,11k_Hands_genuine_114,0001066,0001066,135,119,5,0,,False,,True,False,
SuperGlue,hand,11k_Hands_genuine_114,0001066,0001066,196,170,0,0,,False,,True,False,
SGMNet_root_SGM,hand,11k_Hands_genuine_114,0001066,0001066,877,966,29,9,0.3103,False,0.3103,True,False,1.0727
ASpanFormer_indoor,hand,11k_Hands_genuine_114,0001066,0001066,73,73,73,51,0.6986,True,0.6986,True,True,1.8363
DeepDetect,hand,11k_Hands_genuine_114,0001066,0001066,11333,11273,42,0,,False,,True,False,
LoFTR_indoor,hand,11k_Hands_genuine_115,0001021,0001021,278,278,278,74,0.2662,False,0.2662,True,False,2.0199
ORB,hand,11k_Hands_genuine_115,0001021,0001021,249,348,16,0,,False,,True,False,
SIFT,hand,11k_Hands_genuine_115,0001021,0001021,73,101,3,0,,False,,True,False,
SuperGlue,hand,11k_Hands_genuine_115,0001021,0001021,207,167,2,0,,False,,True,False,
SGMNet_root_SGM,hand,11k_Hands_genuine_115,0001021,0001021,1203,991,33,8,0.2424,False,0.2424,True,False,0.7315
ASpanFormer_indoor,hand,11k_Hands_genuine_115,0001021,0001021,130,130,130,75,0.5769,True,0.5769,True,True,1.8973
DeepDetect,hand,11k_Hands_genuine_115,0001021,0001021,11444,10593,96,71,0.7396,True,0.7396,True,True,1.3717
LoFTR_indoor,hand,11k_Hands_genuine_116,0001566,0001566,908,908,908,487,0.5363,True,0.5363,True,True,2.6694
ORB,hand,11k_Hands_genuine_116,0001566,0001566,459,173,38,0,,False,,True,False,
SIFT,hand,11k_Hands_genuine_116,0001566,0001566,141,79,10,0,,False,,True,False,
SuperGlue,hand,11k_Hands_genuine_116,0001566,0001566,269,251,156,39,0.2500,False,0.2500,True,False,2.5595
SGMNet_root_SGM,hand,11k_Hands_genuine_116,0001566,0001566,1586,1379,590,274,0.4644,True,0.4644,True,True,1.5866
ASpanFormer_indoor,hand,11k_Hands_genuine_116,0001566,0001566,821,821,821,472,0.5749,True,0.5749,True,True,1.7741
DeepDetect,hand,11k_Hands_genuine_116,0001566,0001566,14724,12958,307,171,0.5570,True,0.5570,True,True,1.5951
LoFTR_indoor,hand,11k_Hands_genuine_117,0000038,0000038,129,129,129,28,0.2171,False,0.2171,True,False,2.4649
ORB,hand,11k_Hands_genuine_117,0000038,0000038,681,197,32,0,,False,,True,False,
SIFT,hand,11k_Hands_genuine_117,0000038,0000038,243,103,8,0,,False,,True,False,
SuperGlue,hand,11k_Hands_genuine_117,0000038,0000038,257,156,0,0,,False,,True,False,
SGMNet_root_SGM,hand,11k_Hands_genuine_117,0000038,0000038,1443,853,11,6,0.5455,True,0.5455,True,True,0.9905
ASpanFormer_indoor,hand,11k_Hands_genuine_117,0000038,0000038,74,74,74,31,0.4189,True,0.4189,True,True,2.2358
DeepDetect,hand,11k_Hands_genuine_117,0000038,0000038,13266,10091,11,0,,False,,True,False,
LoFTR_indoor,hand,11k_Hands_genuine_118,0001019,0001019,264,264,264,80,0.3030,False,0.3030,True,False,2.6683
ORB,hand,11k_Hands_genuine_118,0001019,0001019,383,319,26,9,0.3462,False,0.3462,True,False,1.5445
SIFT,hand,11k_Hands_genuine_118,0001019,0001019,104,112,2,0,,False,,True,False,
SuperGlue,hand,11k_Hands_genuine_118,0001019,0001019,204,221,10,7,0.7000,True,0.7000,True,True,0.9910
SGMNet_root_SGM,hand,11k_Hands_genuine_118,0001019,0001019,750,897,37,12,0.3243,False,0.3243,True,False,1.4490
ASpanFormer_indoor,hand,11k_Hands_genuine_118,0001019,0001019,157,157,157,83,0.5287,True,0.5287,True,True,2.5049
DeepDetect,hand,11k_Hands_genuine_118,0001019,0001019,10113,10628,23,0,,False,,True,False,
LoFTR_indoor,hand,11k_Hands_genuine_119,0001516,0001516,283,283,283,71,0.2509,False,0.2509,True,False,1.8435
ORB,hand,11k_Hands_genuine_119,0001516,0001516,267,268,9,0,,False,,True,False,
SIFT,hand,11k_Hands_genuine_119,0001516,0001516,73,91,5,0,,False,,True,False,
SuperGlue,hand,11k_Hands_genuine_119,0001516,0001516,177,167,18,9,0.5000,True,0.5000,True,True,0.8634
SGMNet_root_SGM,hand,11k_Hands_genuine_119,0001516,0001516,1177,1075,68,13,0.1912,False,0.1912,True,False,1.2267
ASpanFormer_indoor,hand,11k_Hands_genuine_119,0001516,0001516,148,148,148,64,0.4324,True,0.4324,True,True,1.5612
DeepDetect,hand,11k_Hands_genuine_119,0001516,0001516,10739,9899,41,23,0.5610,True,0.5610,True,True,0.6447
LoFTR_indoor,hand,11k_Hands_genuine_120,0001090,0001090,461,461,461,105,0.2278,False,0.2278,True,False,2.5972
ORB,hand,11k_Hands_genuine_120,0001090,0001090,426,361,21,0,,False,,True,False,
SIFT,hand,11k_Hands_genuine_120,0001090,0001090,143,100,14,0,,False,,True,False,
SuperGlue,hand,11k_Hands_genuine_120,0001090,0001090,286,284,12,7,0.5833,True,0.5833,True,True,1.3391
SGMNet_root_SGM,hand,11k_Hands_genuine_120,0001090,0001090,1086,871,81,21,0.2593,False,0.2593,True,False,1.5579
ASpanFormer_indoor,hand,11k_Hands_genuine_120,0001090,0001090,233,233,233,68,0.2918,False,0.2918,True,False,2.4282
DeepDetect,hand,11k_Hands_genuine_120,0001090,0001090,15006,14855,71,34,0.4789,True,0.4789,True,True,1.2836
LoFTR_indoor,hand,11k_Hands_genuine_121,0001066,0001066,166,166,166,24,0.1446,False,0.1446,True,False,2.4596
ORB,hand,11k_Hands_genuine_121,0001066,0001066,341,363,13,0,,False,,True,False,
SIFT,hand,11k_Hands_genuine_121,0001066,0001066,142,126,5,0,,False,,True,False,
SuperGlue,hand,11k_Hands_genuine_121,0001066,0001066,239,185,1,0,,False,,True,False,
SGMNet_root_SGM,hand,11k_Hands_genuine_121,0001066,0001066,981,953,24,6,0.2500,False,0.2500,True,False,1.1355
ASpanFormer_indoor,hand,11k_Hands_genuine_121,0001066,0001066,134,134,134,56,0.4179,True,0.4179,True,True,2.3643
DeepDetect,hand,11k_Hands_genuine_121,0001066,0001066,12733,11063,25,0,,False,,True,False,
LoFTR_indoor,hand,11k_Hands_genuine_122,0001544,0001544,390,390,390,176,0.4513,True,0.4513,True,True,1.8016
ORB,hand,11k_Hands_genuine_122,0001544,0001544,311,183,14,0,,False,,True,False,
SIFT,hand,11k_Hands_genuine_122,0001544,0001544,77,48,1,0,,False,,True,False,
SuperGlue,hand,11k_Hands_genuine_122,0001544,0001544,131,185,22,10,0.4545,True,0.4545,True,True,1.8150
SGMNet_root_SGM,hand,11k_Hands_genuine_122,0001544,0001544,615,754,223,82,0.3677,False,0.3677,True,False,1.2871
ASpanFormer_indoor,hand,11k_Hands_genuine_122,0001544,0001544,368,368,368,240,0.6522,True,0.6522,True,True,2.2241
DeepDetect,hand,11k_Hands_genuine_122,0001544,0001544,9301,9938,154,115,0.7468,True,0.7468,True,True,1.1741
LoFTR_indoor,hand,11k_Hands_genuine_123,2000000,2000000,368,368,368,101,0.2745,False,0.2745,True,False,1.9514
ORB,hand,11k_Hands_genuine_123,2000000,2000000,633,473,31,0,,False,,True,False,
SIFT,hand,11k_Hands_genuine_123,2000000,2000000,287,236,7,0,,False,,True,False,
SuperGlue,hand,11k_Hands_genuine_123,2000000,2000000,265,290,0,0,,False,,True,False,
SGMNet_root_SGM,hand,11k_Hands_genuine_123,2000000,2000000,1048,1165,84,14,0.1667,False,0.1667,True,False,1.0772
ASpanFormer_indoor,hand,11k_Hands_genuine_123,2000000,2000000,220,220,220,114,0.5182,True,0.5182,True,True,2.3623
DeepDetect,hand,11k_Hands_genuine_123,2000000,2000000,14589,15141,21,0,,False,,True,False,
LoFTR_indoor,hand,11k_Hands_genuine_124,0001587,0001587,231,231,231,44,0.1905,False,0.1905,True,False,2.3286
ORB,hand,11k_Hands_genuine_124,0001587,0001587,442,237,23,0,,False,,True,False,
SIFT,hand,11k_Hands_genuine_124,0001587,0001587,156,112,6,0,,False,,True,False,
SuperGlue,hand,11k_Hands_genuine_124,0001587,0001587,244,190,0,0,,False,,True,False,
SGMNet_root_SGM,hand,11k_Hands_genuine_124,0001587,0001587,1114,1045,29,6,0.2069,False,0.2069,True,False,0.9591
ASpanFormer_indoor,hand,11k_Hands_genuine_124,0001587,0001587,143,143,143,61,0.4266,True,0.4266,True,True,1.9477
DeepDetect,hand,11k_Hands_genuine_124,0001587,0001587,11912,10365,63,0,,False,,True,False,
LoFTR_indoor,hand,11k_Hands_genuine_125,0001558,0001558,966,966,966,450,0.4658,True,0.4658,True,True,2.0016
ORB,hand,11k_Hands_genuine_125,0001558,0001558,443,337,48,15,0.3125,False,0.3125,True,False,1.8684
SIFT,hand,11k_Hands_genuine_125,0001558,0001558,146,115,22,10,0.4545,True,0.4545,True,True,1.2649
SuperGlue,hand,11k_Hands_genuine_125,0001558,0001558,233,191,111,29,0.2613,False,0.2613,True,False,2.1587
SGMNet_root_SGM,hand,11k_Hands_genuine_125,0001558,0001558,1006,1333,462,154,0.3333,False,0.3333,True,False,1.5756
ASpanFormer_indoor,hand,11k_Hands_genuine_125,0001558,0001558,814,814,814,443,0.5442,True,0.5442,True,True,2.1251
DeepDetect,hand,11k_Hands_genuine_125,0001558,0001558,14028,12480,256,157,0.6133,True,0.6133,True,True,1.4870
LoFTR_indoor,hand,11k_Hands_genuine_126,0001009,0001009,258,258,258,60,0.2326,False,0.2326,True,False,2.3820
ORB,hand,11k_Hands_genuine_126,0001009,0001009,332,226,7,0,,False,,True,False,
SIFT,hand,11k_Hands_genuine_126,0001009,0001009,134,88,10,0,,False,,True,False,
SuperGlue,hand,11k_Hands_genuine_126,0001009,0001009,214,211,0,0,,False,,True,False,
SGMNet_root_SGM,hand,11k_Hands_genuine_126,0001009,0001009,1316,1319,47,0,,False,,True,False,
ASpanFormer_indoor,hand,11k_Hands_genuine_126,0001009,0001009,63,63,63,24,0.3810,False,0.3810,True,False,1.7282
DeepDetect,hand,11k_Hands_genuine_126,0001009,0001009,13171,11176,16,0,,False,,True,False,
LoFTR_indoor,hand,11k_Hands_genuine_127,0001547,0001547,1141,1141,1141,790,0.6924,True,0.6924,True,True,1.6593
ORB,hand,11k_Hands_genuine_127,0001547,0001547,653,524,118,83,0.7034,True,0.7034,True,True,1.9139
SIFT,hand,11k_Hands_genuine_127,0001547,0001547,151,129,63,36,0.5714,True,0.5714,True,True,2.0942
SuperGlue,hand,11k_Hands_genuine_127,0001547,0001547,158,183,144,71,0.4931,True,0.4931,True,True,2.1386
SGMNet_root_SGM,hand,11k_Hands_genuine_127,0001547,0001547,764,792,416,237,0.5697,True,0.5697,True,True,1.0572
ASpanFormer_indoor,hand,11k_Hands_genuine_127,0001547,0001547,1833,1833,1833,1314,0.7169,True,0.7169,True,True,2.0177
DeepDetect,hand,11k_Hands_genuine_127,0001547,0001547,9408,10039,1044,935,0.8956,True,0.8956,True,True,1.0635
LoFTR_indoor,hand,11k_Hands_genuine_128,0001024,0001024,439,439,439,102,0.2323,False,0.2323,True,False,2.2830
ORB,hand,11k_Hands_genuine_128,0001024,0001024,363,258,33,0,,False,,True,False,
SIFT,hand,11k_Hands_genuine_128,0001024,0001024,148,100,18,0,,False,,True,False,
SuperGlue,hand,11k_Hands_genuine_128,0001024,0001024,253,228,80,24,0.3000,False,0.3000,True,False,2.9644
SGMNet_root_SGM,hand,11k_Hands_genuine_128,0001024,0001024,1063,1032,62,17,0.2742,False,0.2742,True,False,1.4756
ASpanFormer_indoor,hand,11k_Hands_genuine_128,0001024,0001024,426,426,426,188,0.4413,True,0.4413,True,True,2.5792
DeepDetect,hand,11k_Hands_genuine_128,0001024,0001024,13778,13597,101,49,0.4851,True,0.4851,True,True,2.4440
LoFTR_indoor,hand,11k_Hands_genuine_129,0001566,0001566,172,172,172,26,0.1512,False,0.1512,True,False,2.2780
ORB,hand,11k_Hands_genuine_129,0001566,0001566,288,700,14,0,,False,,True,False,
SIFT,hand,11k_Hands_genuine_129,0001566,0001566,110,205,2,0,,False,,True,False,
SuperGlue,hand,11k_Hands_genuine_129,0001566,0001566,271,219,0,0,,False,,True,False,
SGMNet_root_SGM,hand,11k_Hands_genuine_129,0001566,0001566,1441,1283,30,0,,False,,True,False,
ASpanFormer_indoor,hand,11k_Hands_genuine_129,0001566,0001566,52,52,52,28,0.5385,True,0.5385,True,True,1.1335
DeepDetect,hand,11k_Hands_genuine_129,0001566,0001566,13074,11420,66,0,,False,,True,False,
LoFTR_indoor,hand,11k_Hands_genuine_130,0001024,0001024,299,299,299,56,0.1873,False,0.1873,True,False,2.2933
ORB,hand,11k_Hands_genuine_130,0001024,0001024,557,274,37,0,,False,,True,False,
SIFT,hand,11k_Hands_genuine_130,0001024,0001024,174,70,5,0,,False,,True,False,
SuperGlue,hand,11k_Hands_genuine_130,0001024,0001024,179,213,9,5,0.5556,True,0.5556,True,True,0.9203
SGMNet_root_SGM,hand,11k_Hands_genuine_130,0001024,0001024,1000,724,9,6,0.6667,True,0.6667,True,True,0.0000
ASpanFormer_indoor,hand,11k_Hands_genuine_130,0001024,0001024,95,95,95,36,0.3789,False,0.3789,True,False,1.6184
DeepDetect,hand,11k_Hands_genuine_130,0001024,0001024,10926,13050,68,0,,False,,True,False,
LoFTR_indoor,hand,11k_Hands_genuine_131,0001571,0001571,330,330,330,95,0.2879,False,0.2879,True,False,2.3552
ORB,hand,11k_Hands_genuine_131,0001571,0001571,299,318,11,0,,False,,True,False,
SIFT,hand,11k_Hands_genuine_131,0001571,0001571,88,71,4,0,,False,,True,False,
SuperGlue,hand,11k_Hands_genuine_131,0001571,0001571,153,164,48,15,0.3125,False,0.3125,True,False,2.3399
SGMNet_root_SGM,hand,11k_Hands_genuine_131,0001571,0001571,636,605,58,9,0.1552,False,0.1552,True,False,1.4056
ASpanFormer_indoor,hand,11k_Hands_genuine_131,0001571,0001571,322,322,322,179,0.5559,True,0.5559,True,True,2.5196
DeepDetect,hand,11k_Hands_genuine_131,0001571,0001571,10063,9954,31,20,0.6452,True,0.6452,True,True,2.2198
LoFTR_indoor,hand,11k_Hands_genuine_132,0001011,0001011,243,243,243,56,0.2305,False,0.2305,True,False,2.1173
ORB,hand,11k_Hands_genuine_132,0001011,0001011,168,439,6,0,,False,,True,False,
SIFT,hand,11k_Hands_genuine_132,0001011,0001011,88,106,6,0,,False,,True,False,
SuperGlue,hand,11k_Hands_genuine_132,0001011,0001011,263,230,15,10,0.6667,True,0.6667,True,True,1.7694
SGMNet_root_SGM,hand,11k_Hands_genuine_132,0001011,0001011,1476,880,11,6,0.5455,True,0.5455,True,True,0.7816
ASpanFormer_indoor,hand,11k_Hands_genuine_132,0001011,0001011,204,204,204,67,0.3284,False,0.3284,True,False,2.6207
DeepDetect,hand,11k_Hands_genuine_132,0001011,0001011,12398,10594,91,50,0.5495,True,0.5495,True,True,3.5691
LoFTR_indoor,hand,11k_Hands_genuine_133,0001513,0001513,402,402,402,128,0.3184,False,0.3184,True,False,2.3673
ORB,hand,11k_Hands_genuine_133,0001513,0001513,262,178,17,7,0.4118,False,0.4118,True,False,0.7220
SIFT,hand,11k_Hands_genuine_133,0001513,0001513,81,93,4,0,,False,,True,False,
SuperGlue,hand,11k_Hands_genuine_133,0001513,0001513,202,207,35,15,0.4286,False,0.4286,True,False,2.2591
SGMNet_root_SGM,hand,11k_Hands_genuine_133,0001513,0001513,1246,1078,53,10,0.1887,False,0.1887,True,False,0.7804
ASpanFormer_indoor,hand,11k_Hands_genuine_133,0001513,0001513,342,342,342,182,0.5322,True,0.5322,True,True,2.2204
DeepDetect,hand,11k_Hands_genuine_133,0001513,0001513,11435,11420,21,16,0.7619,True,0.7619,True,True,0.5824
LoFTR_indoor,hand,11k_Hands_genuine_134,0001562,0001562,335,335,335,55,0.1642,False,0.1642,True,False,2.2831
ORB,hand,11k_Hands_genuine_134,0001562,0001562,483,231,23,0,,False,,True,False,
SIFT,hand,11k_Hands_genuine_134,0001562,0001562,103,78,3,0,,False,,True,False,
SuperGlue,hand,11k_Hands_genuine_134,0001562,0001562,179,203,6,0,,False,,True,False,
SGMNet_root_SGM,hand,11k_Hands_genuine_134,0001562,0001562,838,1165,25,8,0.3200,False,0.3200,True,False,0.6326
ASpanFormer_indoor,hand,11k_Hands_genuine_134,0001562,0001562,216,216,216,129,0.5972,True,0.5972,True,True,2.0460
DeepDetect,hand,11k_Hands_genuine_134,0001562,0001562,11486,10387,19,0,,False,,True,False,
LoFTR_indoor,hand,11k_Hands_genuine_135,0001566,0001566,192,192,192,28,0.1458,False,0.1458,True,False,2.4246
ORB,hand,11k_Hands_genuine_135,0001566,0001566,355,469,6,0,,False,,True,False,
SIFT,hand,11k_Hands_genuine_135,0001566,0001566,121,139,22,0,,False,,True,False,
SuperGlue,hand,11k_Hands_genuine_135,0001566,0001566,221,222,0,0,,False,,True,False,
SGMNet_root_SGM,hand,11k_Hands_genuine_135,0001566,0001566,1021,1234,32,8,0.2500,False,0.2500,True,False,0.8471
ASpanFormer_indoor,hand,11k_Hands_genuine_135,0001566,0001566,62,62,62,26,0.4194,True,0.4194,True,True,2.1419
DeepDetect,hand,11k_Hands_genuine_135,0001566,0001566,9883,12673,44,28,0.6364,True,0.6364,True,True,1.1221
LoFTR_indoor,hand,11k_Hands_genuine_136,0001088,0001088,232,232,232,36,0.1552,False,0.1552,True,False,2.3800
ORB,hand,11k_Hands_genuine_136,0001088,0001088,388,466,9,0,,False,,True,False,
SIFT,hand,11k_Hands_genuine_136,0001088,0001088,123,124,2,0,,False,,True,False,
SuperGlue,hand,11k_Hands_genuine_136,0001088,0001088,221,217,3,0,,False,,True,False,
SGMNet_root_SGM,hand,11k_Hands_genuine_136,0001088,0001088,1188,1096,47,9,0.1915,False,0.1915,True,False,1.0081
ASpanFormer_indoor,hand,11k_Hands_genuine_136,0001088,0001088,91,91,91,31,0.3407,False,0.3407,True,False,2.4556
DeepDetect,hand,11k_Hands_genuine_136,0001088,0001088,10469,11695,38,23,0.6053,True,0.6053,True,True,1.1010
LoFTR_indoor,hand,11k_Hands_genuine_137,0000573,0000573,280,280,280,68,0.2429,False,0.2429,True,False,2.6505
ORB,hand,11k_Hands_genuine_137,0000573,0000573,406,221,22,0,,False,,True,False,
SIFT,hand,11k_Hands_genuine_137,0000573,0000573,98,59,8,0,,False,,True,False,
SuperGlue,hand,11k_Hands_genuine_137,0000573,0000573,169,204,6,4,0.6667,True,0.6667,True,True,0.0000
SGMNet_root_SGM,hand,11k_Hands_genuine_137,0000573,0000573,695,1018,20,0,,False,,True,False,
ASpanFormer_indoor,hand,11k_Hands_genuine_137,0000573,0000573,102,102,102,56,0.5490,True,0.5490,True,True,1.8047
DeepDetect,hand,11k_Hands_genuine_137,0000573,0000573,10006,11041,44,26,0.5909,True,0.5909,True,True,1.5304
LoFTR_indoor,hand,11k_Hands_genuine_138,0001529,0001529,218,218,218,31,0.1422,False,0.1422,True,False,2.1768
ORB,hand,11k_Hands_genuine_138,0001529,0001529,440,354,29,0,,False,,True,False,
SIFT,hand,11k_Hands_genuine_138,0001529,0001529,131,84,6,0,,False,,True,False,
SuperGlue,hand,11k_Hands_genuine_138,0001529,0001529,217,168,0,0,,False,,True,False,
SGMNet_root_SGM,hand,11k_Hands_genuine_138,0001529,0001529,975,867,42,12,0.2857,False,0.2857,True,False,1.4874
ASpanFormer_indoor,hand,11k_Hands_genuine_138,0001529,0001529,80,80,80,28,0.3500,False,0.3500,True,False,1.7641
DeepDetect,hand,11k_Hands_genuine_138,0001529,0001529,11906,9914,47,0,,False,,True,False,
LoFTR_indoor,hand,11k_Hands_genuine_139,0000573,0000573,338,338,338,91,0.2692,False,0.2692,True,False,2.4201
ORB,hand,11k_Hands_genuine_139,0000573,0000573,392,222,16,0,,False,,True,False,
SIFT,hand,11k_Hands_genuine_139,0000573,0000573,118,66,4,0,,False,,True,False,
SuperGlue,hand,11k_Hands_genuine_139,0000573,0000573,185,197,25,10,0.4000,False,0.4000,True,False,2.2192
SGMNet_root_SGM,hand,11k_Hands_genuine_139,0000573,0000573,580,1008,14,0,,False,,True,False,
ASpanFormer_indoor,hand,11k_Hands_genuine_139,0000573,0000573,226,226,226,151,0.6681,True,0.6681,True,True,1.2975
DeepDetect,hand,11k_Hands_genuine_139,0000573,0000573,11179,11062,10,0,,False,,True,False,
LoFTR_indoor,hand,11k_Hands_genuine_140,0001021,0001021,154,154,154,27,0.1753,False,0.1753,True,False,1.6680
ORB,hand,11k_Hands_genuine_140,0001021,0001021,292,318,7,0,,False,,True,False,
SIFT,hand,11k_Hands_genuine_140,0001021,0001021,97,101,7,0,,False,,True,False,
SuperGlue,hand,11k_Hands_genuine_140,0001021,0001021,173,217,0,0,,False,,True,False,
SGMNet_root_SGM,hand,11k_Hands_genuine_140,0001021,0001021,1086,1345,6,4,0.6667,True,0.6667,True,True,0.0000
ASpanFormer_indoor,hand,11k_Hands_genuine_140,0001021,0001021,46,46,46,19,0.4130,True,0.4130,True,True,1.7108
DeepDetect,hand,11k_Hands_genuine_140,0001021,0001021,9813,12086,53,0,,False,,True,False,
LoFTR_indoor,hand,11k_Hands_genuine_141,0001050,0001050,307,307,307,48,0.1564,False,0.1564,True,False,2.5150
ORB,hand,11k_Hands_genuine_141,0001050,0001050,344,639,18,0,,False,,True,False,
SIFT,hand,11k_Hands_genuine_141,0001050,0001050,127,172,8,0,,False,,True,False,
SuperGlue,hand,11k_Hands_genuine_141,0001050,0001050,230,275,0,0,,False,,True,False,
SGMNet_root_SGM,hand,11k_Hands_genuine_141,0001050,0001050,1025,1382,46,8,0.1739,False,0.1739,True,False,0.7783
ASpanFormer_indoor,hand,11k_Hands_genuine_141,0001050,0001050,163,163,163,48,0.2945,False,0.2945,True,False,2.3115
DeepDetect,hand,11k_Hands_genuine_141,0001050,0001050,11926,15137,137,0,,False,,True,False,
LoFTR_indoor,hand,11k_Hands_genuine_142,0001541,0001541,262,262,262,56,0.2137,False,0.2137,True,False,2.3192
ORB,hand,11k_Hands_genuine_142,0001541,0001541,644,548,26,0,,False,,True,False,
SIFT,hand,11k_Hands_genuine_142,0001541,0001541,153,130,7,0,,False,,True,False,
SuperGlue,hand,11k_Hands_genuine_142,0001541,0001541,178,181,19,8,0.4211,False,0.4211,True,False,1.2570
SGMNet_root_SGM,hand,11k_Hands_genuine_142,0001541,0001541,779,812,24,7,0.2917,False,0.2917,True,False,1.2287
ASpanFormer_indoor,hand,11k_Hands_genuine_142,0001541,0001541,195,195,195,71,0.3641,False,0.3641,True,False,2.2148
DeepDetect,hand,11k_Hands_genuine_142,0001541,0001541,10143,11122,12,0,,False,,True,False,
LoFTR_indoor,hand,11k_Hands_genuine_143,0001540,0001540,241,241,241,51,0.2116,False,0.2116,True,False,2.3237
ORB,hand,11k_Hands_genuine_143,0001540,0001540,379,398,12,0,,False,,True,False,
SIFT,hand,11k_Hands_genuine_143,0001540,0001540,115,96,6,0,,False,,True,False,
SuperGlue,hand,11k_Hands_genuine_143,0001540,0001540,235,199,0,0,,False,,True,False,
SGMNet_root_SGM,hand,11k_Hands_genuine_143,0001540,0001540,1002,1248,27,0,,False,,True,False,
ASpanFormer_indoor,hand,11k_Hands_genuine_143,0001540,0001540,73,73,73,37,0.5068,True,0.5068,True,True,2.3907
DeepDetect,hand,11k_Hands_genuine_143,0001540,0001540,14910,11865,43,0,,False,,True,False,
LoFTR_indoor,hand,11k_Hands_genuine_144,0001029,0001029,2056,2056,2056,1905,0.9266,True,0.9266,True,True,1.0571
ORB,hand,11k_Hands_genuine_144,0001029,0001029,281,275,140,124,0.8857,True,0.8857,True,True,1.9735
SIFT,hand,11k_Hands_genuine_144,0001029,0001029,109,92,67,53,0.7910,True,0.7910,True,True,1.2686
SuperGlue,hand,11k_Hands_genuine_144,0001029,0001029,251,254,220,121,0.5500,True,0.5500,True,True,1.7098
SGMNet_root_SGM,hand,11k_Hands_genuine_144,0001029,0001029,1662,1662,1045,757,0.7244,True,0.7244,True,True,0.8878
ASpanFormer_indoor,hand,11k_Hands_genuine_144,0001029,0001029,2985,2985,2985,2925,0.9799,True,0.9799,True,True,0.8427
DeepDetect,hand,11k_Hands_genuine_144,0001029,0001029,13803,14127,3434,3179,0.9257,True,0.9257,True,True,0.9971
LoFTR_indoor,hand,11k_Hands_genuine_145,0001556,0001556,408,408,408,154,0.3775,False,0.3775,True,False,2.1521
ORB,hand,11k_Hands_genuine_145,0001556,0001556,628,608,36,11,0.3056,False,0.3056,True,False,2.3079
SIFT,hand,11k_Hands_genuine_145,0001556,0001556,175,199,8,5,0.6250,True,0.6250,True,True,1.2451
SuperGlue,hand,11k_Hands_genuine_145,0001556,0001556,238,218,1,0,,False,,True,False,
SGMNet_root_SGM,hand,11k_Hands_genuine_145,0001556,0001556,975,974,58,14,0.2414,False,0.2414,True,False,1.2164
ASpanFormer_indoor,hand,11k_Hands_genuine_145,0001556,0001556,158,158,158,93,0.5886,True,0.5886,True,True,2.4348
DeepDetect,hand,11k_Hands_genuine_145,0001556,0001556,10872,11431,60,48,0.8000,True,0.8000,True,True,0.9070
LoFTR_indoor,hand,11k_Hands_genuine_146,0001545,0001545,260,260,260,33,0.1269,False,0.1269,True,False,1.8758
ORB,hand,11k_Hands_genuine_146,0001545,0001545,577,209,25,0,,False,,True,False,
SIFT,hand,11k_Hands_genuine_146,0001545,0001545,178,100,8,5,0.6250,True,0.6250,True,True,0.5925
SuperGlue,hand,11k_Hands_genuine_146,0001545,0001545,270,345,3,0,,False,,True,False,
SGMNet_root_SGM,hand,11k_Hands_genuine_146,0001545,0001545,1111,1463,12,5,0.4167,True,0.4167,True,True,0.0000
ASpanFormer_indoor,hand,11k_Hands_genuine_146,0001545,0001545,157,157,157,56,0.3567,False,0.3567,True,False,2.5308
DeepDetect,hand,11k_Hands_genuine_146,0001545,0001545,13883,16585,35,0,,False,,True,False,
LoFTR_indoor,hand,11k_Hands_genuine_147,0001531,0001531,165,165,165,48,0.2909,False,0.2909,True,False,2.1154
ORB,hand,11k_Hands_genuine_147,0001531,0001531,480,244,22,0,,False,,True,False,
SIFT,hand,11k_Hands_genuine_147,0001531,0001531,116,127,6,0,,False,,True,False,
SuperGlue,hand,11k_Hands_genuine_147,0001531,0001531,221,259,0,0,,False,,True,False,
SGMNet_root_SGM,hand,11k_Hands_genuine_147,0001531,0001531,877,1662,9,5,0.5556,True,0.5556,True,True,0.1303
ASpanFormer_indoor,hand,11k_Hands_genuine_147,0001531,0001531,93,93,93,59,0.6344,True,0.6344,True,True,1.6803
DeepDetect,hand,11k_Hands_genuine_147,0001531,0001531,9853,13720,39,25,0.6410,True,0.6410,True,True,1.2896
LoFTR_indoor,hand,11k_Hands_genuine_148,0000057,0000057,96,96,96,16,0.1667,False,0.1667,True,False,1.6427
ORB,hand,11k_Hands_genuine_148,0000057,0000057,239,194,10,0,,False,,True,False,
SIFT,hand,11k_Hands_genuine_148,0000057,0000057,139,81,1,0,,False,,True,False,
SuperGlue,hand,11k_Hands_genuine_148,0000057,0000057,234,170,12,8,0.6667,True,0.6667,True,True,1.5932
SGMNet_root_SGM,hand,11k_Hands_genuine_148,0000057,0000057,1250,1191,123,16,0.1301,False,0.1301,True,False,1.5033
ASpanFormer_indoor,hand,11k_Hands_genuine_148,0000057,0000057,50,50,50,20,0.4000,True,0.4000,True,True,2.6783
DeepDetect,hand,11k_Hands_genuine_148,0000057,0000057,13376,8069,67,0,,False,,True,False,
LoFTR_indoor,hand,11k_Hands_genuine_149,0001020,0001020,968,968,968,548,0.5661,True,0.5661,True,True,1.8493
ORB,hand,11k_Hands_genuine_149,0001020,0001020,621,754,177,143,0.8079,True,0.8079,True,True,0.9356
SIFT,hand,11k_Hands_genuine_149,0001020,0001020,183,235,69,43,0.6232,True,0.6232,True,True,0.7918
SuperGlue,hand,11k_Hands_genuine_149,0001020,0001020,349,290,229,104,0.4541,True,0.4541,True,True,2.1882
SGMNet_root_SGM,hand,11k_Hands_genuine_149,0001020,0001020,1222,1100,516,287,0.5562,True,0.5562,True,True,1.1444
ASpanFormer_indoor,hand,11k_Hands_genuine_149,0001020,0001020,1154,1154,1154,732,0.6343,True,0.6343,True,True,1.4027
DeepDetect,hand,11k_Hands_genuine_149,0001020,0001020,17733,15027,2604,2527,0.9704,True,0.9704,True,True,0.3794
LoFTR_indoor,hand,11k_Hands_genuine_150,0001024,0001024,143,143,143,26,0.1818,False,0.1818,True,False,2.3478
ORB,hand,11k_Hands_genuine_150,0001024,0001024,416,297,18,0,,False,,True,False,
SIFT,hand,11k_Hands_genuine_150,0001024,0001024,98,90,3,0,,False,,True,False,
SuperGlue,hand,11k_Hands_genuine_150,0001024,0001024,186,200,3,0,,False,,True,False,
SGMNet_root_SGM,hand,11k_Hands_genuine_150,0001024,0001024,1073,1190,28,6,0.2143,False,0.2143,True,False,0.6977
ASpanFormer_indoor,hand,11k_Hands_genuine_150,0001024,0001024,74,74,74,19,0.2568,False,0.2568,True,False,2.5691
DeepDetect,hand,11k_Hands_genuine_150,0001024,0001024,12034,11306,53,0,,False,,True,False,
LoFTR_indoor,hand,11k_Hands_genuine_151,0000596,0000596,495,495,495,177,0.3576,False,0.3576,True,False,2.7647
ORB,hand,11k_Hands_genuine_151,0000596,0000596,331,244,10,0,,False,,True,False,
SIFT,hand,11k_Hands_genuine_151,0000596,0000596,136,76,2,0,,False,,True,False,
SuperGlue,hand,11k_Hands_genuine_151,0000596,0000596,227,188,1,0,,False,,True,False,
SGMNet_root_SGM,hand,11k_Hands_genuine_151,0000596,0000596,939,1060,46,10,0.2174,False,0.2174,True,False,0.9070
ASpanFormer_indoor,hand,11k_Hands_genuine_151,0000596,0000596,554,554,554,294,0.5307,True,0.5307,True,True,2.6083
DeepDetect,hand,11k_Hands_genuine_151,0000596,0000596,11800,10736,19,16,0.8421,True,0.8421,True,True,1.2205
LoFTR_indoor,hand,11k_Hands_genuine_152,0001024,0001024,272,272,272,99,0.3640,False,0.3640,True,False,2.5998
ORB,hand,11k_Hands_genuine_152,0001024,0001024,273,357,8,0,,False,,True,False,
SIFT,hand,11k_Hands_genuine_152,0001024,0001024,76,122,8,0,,False,,True,False,
SuperGlue,hand,11k_Hands_genuine_152,0001024,0001024,133,178,0,0,,False,,True,False,
SGMNet_root_SGM,hand,11k_Hands_genuine_152,0001024,0001024,819,1043,20,8,0.4000,True,0.4000,True,True,1.0065
ASpanFormer_indoor,hand,11k_Hands_genuine_152,0001024,0001024,116,116,116,94,0.8103,True,0.8103,True,True,1.3783
DeepDetect,hand,11k_Hands_genuine_152,0001024,0001024,10434,10636,32,17,0.5312,True,0.5312,True,True,1.0917
LoFTR_indoor,hand,11k_Hands_genuine_153,0000066,0000066,366,366,366,131,0.3579,False,0.3579,True,False,2.3291
ORB,hand,11k_Hands_genuine_153,0000066,0000066,419,140,33,0,,False,,True,False,
SIFT,hand,11k_Hands_genuine_153,0000066,0000066,144,112,6,0,,False,,True,False,
SuperGlue,hand,11k_Hands_genuine_153,0000066,0000066,254,216,55,28,0.5091,True,0.5091,True,True,2.6364
SGMNet_root_SGM,hand,11k_Hands_genuine_153,0000066,0000066,1104,1370,100,28,0.2800,False,0.2800,True,False,1.1379
ASpanFormer_indoor,hand,11k_Hands_genuine_153,0000066,0000066,310,310,310,258,0.8323,True,0.8323,True,True,2.4431
DeepDetect,hand,11k_Hands_genuine_153,0000066,0000066,12454,12851,35,18,0.5143,True,0.5143,True,True,1.9163
LoFTR_indoor,hand,11k_Hands_genuine_154,0001067,0001067,993,993,993,710,0.7150,True,0.7150,True,True,1.6263
ORB,hand,11k_Hands_genuine_154,0001067,0001067,461,427,121,88,0.7273,True,0.7273,True,True,1.6091
SIFT,hand,11k_Hands_genuine_154,0001067,0001067,144,116,64,43,0.6719,True,0.6719,True,True,1.5198
SuperGlue,hand,11k_Hands_genuine_154,0001067,0001067,182,178,152,91,0.5987,True,0.5987,True,True,2.1573
SGMNet_root_SGM,hand,11k_Hands_genuine_154,0001067,0001067,734,863,465,263,0.5656,True,0.5656,True,True,1.5167
ASpanFormer_indoor,hand,11k_Hands_genuine_154,0001067,0001067,1830,1830,1830,1562,0.8536,True,0.8536,True,True,1.2734
DeepDetect,hand,11k_Hands_genuine_154,0001067,0001067,9627,10352,1126,1041,0.9245,True,0.9245,True,True,0.9408
LoFTR_indoor,hand,11k_Hands_genuine_155,0001046,0001046,680,680,680,356,0.5235,True,0.5235,True,True,1.9158
ORB,hand,11k_Hands_genuine_155,0001046,0001046,201,174,13,10,0.7692,True,0.7692,True,True,1.0860
SIFT,hand,11k_Hands_genuine_155,0001046,0001046,85,75,12,7,0.5833,True,0.5833,True,True,1.5783
SuperGlue,hand,11k_Hands_genuine_155,0001046,0001046,199,196,120,37,0.3083,False,0.3083,True,False,2.4918
SGMNet_root_SGM,hand,11k_Hands_genuine_155,0001046,0001046,969,992,459,265,0.5773,True,0.5773,True,True,1.4566
ASpanFormer_indoor,hand,11k_Hands_genuine_155,0001046,0001046,1116,1116,1116,722,0.6470,True,0.6470,True,True,1.4458
DeepDetect,hand,11k_Hands_genuine_155,0001046,0001046,9530,10507,659,602,0.9135,True,0.9135,True,True,0.8547
LoFTR_indoor,hand,11k_Hands_genuine_156,0001506,0001506,301,301,301,62,0.2060,False,0.2060,True,False,2.2556
ORB,hand,11k_Hands_genuine_156,0001506,0001506,135,308,4,0,,False,,True,False,
SIFT,hand,11k_Hands_genuine_156,0001506,0001506,53,109,4,4,1.0000,True,1.0000,True,True,0.0000
SuperGlue,hand,11k_Hands_genuine_156,0001506,0001506,204,177,0,0,,False,,True,False,
SGMNet_root_SGM,hand,11k_Hands_genuine_156,0001506,0001506,764,925,21,0,,False,,True,False,
ASpanFormer_indoor,hand,11k_Hands_genuine_156,0001506,0001506,94,94,94,47,0.5000,True,0.5000,True,True,1.8802
DeepDetect,hand,11k_Hands_genuine_156,0001506,0001506,10637,9070,114,0,,False,,True,False,
LoFTR_indoor,hand,11k_Hands_genuine_157,0001558,0001558,366,366,366,138,0.3770,False,0.3770,True,False,2.2160
ORB,hand,11k_Hands_genuine_157,0001558,0001558,638,627,39,0,,False,,True,False,
SIFT,hand,11k_Hands_genuine_157,0001558,0001558,169,200,5,0,,False,,True,False,
SuperGlue,hand,11k_Hands_genuine_157,0001558,0001558,190,192,0,0,,False,,True,False,
SGMNet_root_SGM,hand,11k_Hands_genuine_157,0001558,0001558,885,1020,36,9,0.2500,False,0.2500,True,False,1.1168
ASpanFormer_indoor,hand,11k_Hands_genuine_157,0001558,0001558,175,175,175,127,0.7257,True,0.7257,True,True,1.6138
DeepDetect,hand,11k_Hands_genuine_157,0001558,0001558,11029,11735,97,0,,False,,True,False,
LoFTR_indoor,hand,11k_Hands_genuine_158,0001558,0001558,372,372,372,100,0.2688,False,0.2688,True,False,2.0212
ORB,hand,11k_Hands_genuine_158,0001558,0001558,520,512,20,0,,False,,True,False,
SIFT,hand,11k_Hands_genuine_158,0001558,0001558,162,187,14,6,0.4286,False,0.4286,True,False,1.4364
SuperGlue,hand,11k_Hands_genuine_158,0001558,0001558,176,196,0,0,,False,,True,False,
SGMNet_root_SGM,hand,11k_Hands_genuine_158,0001558,0001558,1028,1515,18,6,0.3333,False,0.3333,True,False,0.0000
ASpanFormer_indoor,hand,11k_Hands_genuine_158,0001558,0001558,142,142,142,71,0.5000,True,0.5000,True,True,2.1499
DeepDetect,hand,11k_Hands_genuine_158,0001558,0001558,10637,13284,62,0,,False,,True,False,
LoFTR_indoor,hand,11k_Hands_genuine_159,0001046,0001046,261,261,261,80,0.3065,False,0.3065,True,False,2.4768
ORB,hand,11k_Hands_genuine_159,0001046,0001046,116,270,6,0,,False,,True,False,
SIFT,hand,11k_Hands_genuine_159,0001046,0001046,63,114,2,0,,False,,True,False,
SuperGlue,hand,11k_Hands_genuine_159,0001046,0001046,192,161,1,0,,False,,True,False,
SGMNet_root_SGM,hand,11k_Hands_genuine_159,0001046,0001046,1019,797,23,7,0.3043,False,0.3043,True,False,0.7376
ASpanFormer_indoor,hand,11k_Hands_genuine_159,0001046,0001046,200,200,200,126,0.6300,True,0.6300,True,True,2.4273
DeepDetect,hand,11k_Hands_genuine_159,0001046,0001046,9804,8924,31,0,,False,,True,False,
LoFTR_indoor,hand,11k_Hands_genuine_160,0001037,0001037,139,139,139,30,0.2158,False,0.2158,True,False,1.9461
ORB,hand,11k_Hands_genuine_160,0001037,0001037,497,323,13,5,0.3846,False,0.3846,True,False,0.7890
SIFT,hand,11k_Hands_genuine_160,0001037,0001037,150,100,2,0,,False,,True,False,
SuperGlue,hand,11k_Hands_genuine_160,0001037,0001037,148,223,0,0,,False,,True,False,
SGMNet_root_SGM,hand,11k_Hands_genuine_160,0001037,0001037,662,986,2,0,,False,,True,False,
ASpanFormer_indoor,hand,11k_Hands_genuine_160,0001037,0001037,114,114,114,49,0.4298,True,0.4298,True,True,2.3051
DeepDetect,hand,11k_Hands_genuine_160,0001037,0001037,7967,12667,5,5,1.0000,True,1.0000,True,True,0.0533
LoFTR_indoor,hand,11k_Hands_genuine_161,0001532,0001532,296,296,296,117,0.3953,False,0.3953,True,False,1.6495
ORB,hand,11k_Hands_genuine_161,0001532,0001532,272,366,12,0,,False,,True,False,
SIFT,hand,11k_Hands_genuine_161,0001532,0001532,87,127,5,0,,False,,True,False,
SuperGlue,hand,11k_Hands_genuine_161,0001532,0001532,172,138,12,9,0.7500,True,0.7500,True,True,0.9914
SGMNet_root_SGM,hand,11k_Hands_genuine_161,0001532,0001532,862,730,18,7,0.3889,False,0.3889,True,False,0.3370
ASpanFormer_indoor,hand,11k_Hands_genuine_161,0001532,0001532,210,210,210,138,0.6571,True,0.6571,True,True,1.8166
DeepDetect,hand,11k_Hands_genuine_161,0001532,0001532,10413,8299,12,9,0.7500,True,0.7500,True,True,1.0300
LoFTR_indoor,hand,11k_Hands_genuine_162,0001564,0001564,1372,1372,1372,945,0.6888,True,0.6888,True,True,1.7642
ORB,hand,11k_Hands_genuine_162,0001564,0001564,232,236,71,49,0.6901,True,0.6901,True,True,1.7302
SIFT,hand,11k_Hands_genuine_162,0001564,0001564,89,73,42,33,0.7857,True,0.7857,True,True,1.5569
SuperGlue,hand,11k_Hands_genuine_162,0001564,0001564,197,197,164,94,0.5732,True,0.5732,True,True,2.0244
SGMNet_root_SGM,hand,11k_Hands_genuine_162,0001564,0001564,1110,1065,601,452,0.7521,True,0.7521,True,True,1.1197
ASpanFormer_indoor,hand,11k_Hands_genuine_162,0001564,0001564,1592,1592,1592,1404,0.8819,True,0.8819,True,True,2.1637
DeepDetect,hand,11k_Hands_genuine_162,0001564,0001564,9647,10078,1199,1123,0.9366,True,0.9366,True,True,1.2919
LoFTR_indoor,hand,11k_Hands_genuine_163,0001030,0001030,410,410,410,146,0.3561,False,0.3561,True,False,2.3917
ORB,hand,11k_Hands_genuine_163,0001030,0001030,308,455,13,0,,False,,True,False,
SIFT,hand,11k_Hands_genuine_163,0001030,0001030,92,122,4,0,,False,,True,False,
SuperGlue,hand,11k_Hands_genuine_163,0001030,0001030,203,162,33,17,0.5152,True,0.5152,True,True,1.8736
SGMNet_root_SGM,hand,11k_Hands_genuine_163,0001030,0001030,1214,918,27,9,0.3333,False,0.3333,True,False,1.1302
ASpanFormer_indoor,hand,11k_Hands_genuine_163,0001030,0001030,137,137,137,89,0.6496,True,0.6496,True,True,2.0004
DeepDetect,hand,11k_Hands_genuine_163,0001030,0001030,11306,10519,41,0,,False,,True,False,
LoFTR_indoor,hand,11k_Hands_genuine_164,0000000,0000000,207,207,207,51,0.2464,False,0.2464,True,False,2.4505
ORB,hand,11k_Hands_genuine_164,0000000,0000000,127,159,14,0,,False,,True,False,
SIFT,hand,11k_Hands_genuine_164,0000000,0000000,57,57,3,0,,False,,True,False,
SuperGlue,hand,11k_Hands_genuine_164,0000000,0000000,134,229,0,0,,False,,True,False,
SGMNet_root_SGM,hand,11k_Hands_genuine_164,0000000,0000000,1404,1251,39,10,0.2564,False,0.2564,True,False,1.4411
ASpanFormer_indoor,hand,11k_Hands_genuine_164,0000000,0000000,48,48,48,24,0.5000,True,0.5000,True,True,1.7644
DeepDetect,hand,11k_Hands_genuine_164,0000000,0000000,10345,13100,55,43,0.7818,True,0.7818,True,True,1.6437
LoFTR_indoor,hand,11k_Hands_genuine_165,0000066,0000066,227,227,227,35,0.1542,False,0.1542,True,False,2.6634
ORB,hand,11k_Hands_genuine_165,0000066,0000066,428,279,26,0,,False,,True,False,
SIFT,hand,11k_Hands_genuine_165,0000066,0000066,159,128,9,4,0.4444,False,0.4444,True,False,0.0000
SuperGlue,hand,11k_Hands_genuine_165,0000066,0000066,264,221,0,0,,False,,True,False,
SGMNet_root_SGM,hand,11k_Hands_genuine_165,0000066,0000066,1144,1380,11,5,0.4545,True,0.4545,True,True,0.1776
ASpanFormer_indoor,hand,11k_Hands_genuine_165,0000066,0000066,66,66,66,29,0.4394,True,0.4394,True,True,1.8168
DeepDetect,hand,11k_Hands_genuine_165,0000066,0000066,12739,10496,34,19,0.5588,True,0.5588,True,True,1.8632
LoFTR_indoor,hand,11k_Hands_genuine_166,0001090,0001090,201,201,201,30,0.1493,False,0.1493,True,False,2.3878
ORB,hand,11k_Hands_genuine_166,0001090,0001090,306,369,20,0,,False,,True,False,
SIFT,hand,11k_Hands_genuine_166,0001090,0001090,117,107,1,0,,False,,True,False,
SuperGlue,hand,11k_Hands_genuine_166,0001090,0001090,305,254,5,0,,False,,True,False,
SGMNet_root_SGM,hand,11k_Hands_genuine_166,0001090,0001090,1619,1053,8,0,,False,,True,False,
ASpanFormer_indoor,hand,11k_Hands_genuine_166,0001090,0001090,83,83,83,27,0.3253,False,0.3253,True,False,2.1035
DeepDetect,hand,11k_Hands_genuine_166,0001090,0001090,14964,12634,42,20,0.4762,True,0.4762,True,True,1.7855
LoFTR_indoor,hand,11k_Hands_genuine_167,0001537,0001537,347,347,347,110,0.3170,False,0.3170,True,False,2.3075
ORB,hand,11k_Hands_genuine_167,0001537,0001537,463,925,10,0,,False,,True,False,
SIFT,hand,11k_Hands_genuine_167,0001537,0001537,131,186,11,0,,False,,True,False,
SuperGlue,hand,11k_Hands_genuine_167,0001537,0001537,186,178,0,0,,False,,True,False,
SGMNet_root_SGM,hand,11k_Hands_genuine_167,0001537,0001537,719,684,52,20,0.3846,False,0.3846,True,False,1.2829
ASpanFormer_indoor,hand,11k_Hands_genuine_167,0001537,0001537,146,146,146,81,0.5548,True,0.5548,True,True,1.9133
DeepDetect,hand,11k_Hands_genuine_167,0001537,0001537,9475,10181,36,25,0.6944,True,0.6944,True,True,1.2679
LoFTR_indoor,hand,11k_Hands_genuine_168,0000066,0000066,362,362,362,146,0.4033,False,0.4033,True,False,2.5816
ORB,hand,11k_Hands_genuine_168,0000066,0000066,234,426,9,0,,False,,True,False,
SIFT,hand,11k_Hands_genuine_168,0000066,0000066,124,150,6,4,0.6667,True,0.6667,True,True,0.0000
SuperGlue,hand,11k_Hands_genuine_168,0000066,0000066,233,227,8,6,0.7500,True,0.7500,True,True,0.7404
SGMNet_root_SGM,hand,11k_Hands_genuine_168,0000066,0000066,1373,1214,50,9,0.1800,False,0.1800,True,False,1.2331
ASpanFormer_indoor,hand,11k_Hands_genuine_168,0000066,0000066,167,167,167,111,0.6647,True,0.6647,True,True,2.1664
DeepDetect,hand,11k_Hands_genuine_168,0000066,0000066,10822,13137,14,8,0.5714,True,0.5714,True,True,0.9135
LoFTR_indoor,hand,11k_Hands_genuine_169,0001562,0001562,348,348,348,157,0.4511,True,0.4511,True,True,1.3807
ORB,hand,11k_Hands_genuine_169,0001562,0001562,358,476,26,10,0.3846,False,0.3846,True,False,0.6992
SIFT,hand,11k_Hands_genuine_169,0001562,0001562,85,111,4,0,,False,,True,False,
SuperGlue,hand,11k_Hands_genuine_169,0001562,0001562,157,180,12,9,0.7500,True,0.7500,True,True,1.5571
SGMNet_root_SGM,hand,11k_Hands_genuine_169,0001562,0001562,777,829,58,11,0.1897,False,0.1897,True,False,1.1922
ASpanFormer_indoor,hand,11k_Hands_genuine_169,0001562,0001562,288,288,288,177,0.6146,True,0.6146,True,True,0.9902
DeepDetect,hand,11k_Hands_genuine_169,0001562,0001562,9539,11439,16,10,0.6250,True,0.6250,True,True,0.7404
LoFTR_indoor,hand,11k_Hands_genuine_170,0001005,0001005,99,99,99,24,0.2424,False,0.2424,True,False,2.1169
ORB,hand,11k_Hands_genuine_170,0001005,0001005,332,440,20,0,,False,,True,False,
SIFT,hand,11k_Hands_genuine_170,0001005,0001005,86,156,2,0,,False,,True,False,
SuperGlue,hand,11k_Hands_genuine_170,0001005,0001005,332,208,4,0,,False,,True,False,
SGMNet_root_SGM,hand,11k_Hands_genuine_170,0001005,0001005,685,1272,5,0,,False,,True,False,
ASpanFormer_indoor,hand,11k_Hands_genuine_170,0001005,0001005,14,14,14,11,0.7857,True,0.7857,True,True,2.0259
DeepDetect,hand,11k_Hands_genuine_170,0001005,0001005,12984,14233,21,10,0.4762,True,0.4762,True,True,1.8433
LoFTR_indoor,hand,11k_Hands_genuine_171,0001566,0001566,160,160,160,33,0.2062,False,0.2062,True,False,2.0108
ORB,hand,11k_Hands_genuine_171,0001566,0001566,611,301,11,0,,False,,True,False,
SIFT,hand,11k_Hands_genuine_171,0001566,0001566,172,116,4,0,,False,,True,False,
SuperGlue,hand,11k_Hands_genuine_171,0001566,0001566,245,209,0,0,,False,,True,False,
SGMNet_root_SGM,hand,11k_Hands_genuine_171,0001566,0001566,1325,982,48,12,0.2500,False,0.2500,True,False,1.5325
ASpanFormer_indoor,hand,11k_Hands_genuine_171,0001566,0001566,38,38,38,20,0.5263,True,0.5263,True,True,2.3732
DeepDetect,hand,11k_Hands_genuine_171,0001566,0001566,11844,13556,31,0,,False,,True,False,
LoFTR_indoor,hand,11k_Hands_genuine_172,0000092,0000092,363,363,363,136,0.3747,False,0.3747,True,False,2.1245
ORB,hand,11k_Hands_genuine_172,0000092,0000092,426,358,15,0,,False,,True,False,
SIFT,hand,11k_Hands_genuine_172,0000092,0000092,120,94,6,0,,False,,True,False,
SuperGlue,hand,11k_Hands_genuine_172,0000092,0000092,156,186,22,15,0.6818,True,0.6818,True,True,2.2711
SGMNet_root_SGM,hand,11k_Hands_genuine_172,0000092,0000092,925,998,58,16,0.2759,False,0.2759,True,False,1.3374
ASpanFormer_indoor,hand,11k_Hands_genuine_172,0000092,0000092,160,160,160,109,0.6813,True,0.6813,True,True,1.6286
DeepDetect,hand,11k_Hands_genuine_172,0000092,0000092,9578,10459,7,0,,False,,True,False,
LoFTR_indoor,hand,11k_Hands_genuine_173,0001043,0001043,212,212,212,53,0.2500,False,0.2500,True,False,1.2732
ORB,hand,11k_Hands_genuine_173,0001043,0001043,189,279,22,0,,False,,True,False,
SIFT,hand,11k_Hands_genuine_173,0001043,0001043,51,113,2,0,,False,,True,False,
SuperGlue,hand,11k_Hands_genuine_173,0001043,0001043,196,183,0,0,,False,,True,False,
SGMNet_root_SGM,hand,11k_Hands_genuine_173,0001043,0001043,1199,1337,59,10,0.1695,False,0.1695,True,False,1.0208
ASpanFormer_indoor,hand,11k_Hands_genuine_173,0001043,0001043,115,115,115,50,0.4348,True,0.4348,True,True,2.3599
DeepDetect,hand,11k_Hands_genuine_173,0001043,0001043,12235,10358,42,20,0.4762,True,0.4762,True,True,2.1592
LoFTR_indoor,hand,11k_Hands_genuine_174,0001033,0001033,1076,1076,1076,529,0.4916,True,0.4916,True,True,0.9692
ORB,hand,11k_Hands_genuine_174,0001033,0001033,269,318,28,21,0.7500,True,0.7500,True,True,1.5089
SIFT,hand,11k_Hands_genuine_174,0001033,0001033,104,119,29,13,0.4483,False,0.4483,True,False,1.6787
SuperGlue,hand,11k_Hands_genuine_174,0001033,0001033,213,209,135,39,0.2889,False,0.2889,True,False,2.6297
SGMNet_root_SGM,hand,11k_Hands_genuine_174,0001033,0001033,1151,1058,614,285,0.4642,True,0.4642,True,True,1.1622
ASpanFormer_indoor,hand,11k_Hands_genuine_174,0001033,0001033,998,998,998,671,0.6723,True,0.6723,True,True,1.9043
DeepDetect,hand,11k_Hands_genuine_174,0001033,0001033,11518,10839,979,653,0.6670,True,0.6670,True,True,2.0346
LoFTR_indoor,hand,11k_Hands_genuine_175,0001020,0001020,1167,1167,1167,664,0.5690,True,0.5690,True,True,1.8660
ORB,hand,11k_Hands_genuine_175,0001020,0001020,719,381,104,42,0.4038,False,0.4038,True,False,2.1671
SIFT,hand,11k_Hands_genuine_175,0001020,0001020,195,120,31,16,0.5161,True,0.5161,True,True,2.4233
SuperGlue,hand,11k_Hands_genuine_175,0001020,0001020,273,266,173,57,0.3295,False,0.3295,True,False,2.5197
SGMNet_root_SGM,hand,11k_Hands_genuine_175,0001020,0001020,1183,910,455,181,0.3978,False,0.3978,True,False,1.3764
ASpanFormer_indoor,hand,11k_Hands_genuine_175,0001020,0001020,868,868,868,488,0.5622,True,0.5622,True,True,1.7693
DeepDetect,hand,11k_Hands_genuine_175,0001020,0001020,14747,15507,325,212,0.6523,True,0.6523,True,True,1.2655
LoFTR_indoor,hand,11k_Hands_genuine_176,0001034,0001034,252,252,252,58,0.2302,False,0.2302,True,False,2.3517
ORB,hand,11k_Hands_genuine_176,0001034,0001034,501,467,19,0,,False,,True,False,
SIFT,hand,11k_Hands_genuine_176,0001034,0001034,186,159,6,0,,False,,True,False,
SuperGlue,hand,11k_Hands_genuine_176,0001034,0001034,188,188,0,0,,False,,True,False,
SGMNet_root_SGM,hand,11k_Hands_genuine_176,0001034,0001034,904,979,73,8,0.1096,False,0.1096,True,False,0.8091
ASpanFormer_indoor,hand,11k_Hands_genuine_176,0001034,0001034,116,116,116,68,0.5862,True,0.5862,True,True,2.0480
DeepDetect,hand,11k_Hands_genuine_176,0001034,0001034,10292,10224,22,14,0.6364,True,0.6364,True,True,0.9200
LoFTR_indoor,hand,11k_Hands_genuine_177,0001079,0001079,222,222,222,42,0.1892,False,0.1892,True,False,2.4518
ORB,hand,11k_Hands_genuine_177,0001079,0001079,374,348,7,0,,False,,True,False,
SIFT,hand,11k_Hands_genuine_177,0001079,0001079,121,122,3,0,,False,,True,False,
SuperGlue,hand,11k_Hands_genuine_177,0001079,0001079,151,205,0,0,,False,,True,False,
SGMNet_root_SGM,hand,11k_Hands_genuine_177,0001079,0001079,890,863,59,9,0.1525,False,0.1525,True,False,1.3058
ASpanFormer_indoor,hand,11k_Hands_genuine_177,0001079,0001079,56,56,56,24,0.4286,True,0.4286,True,True,1.8717
DeepDetect,hand,11k_Hands_genuine_177,0001079,0001079,9830,11008,13,0,,False,,True,False,
LoFTR_indoor,hand,11k_Hands_genuine_178,0001024,0001024,151,151,151,35,0.2318,False,0.2318,True,False,2.1042
ORB,hand,11k_Hands_genuine_178,0001024,0001024,328,194,8,0,,False,,True,False,
SIFT,hand,11k_Hands_genuine_178,0001024,0001024,117,76,6,0,,False,,True,False,
SuperGlue,hand,11k_Hands_genuine_178,0001024,0001024,234,144,0,0,,False,,True,False,
SGMNet_root_SGM,hand,11k_Hands_genuine_178,0001024,0001024,1010,937,19,6,0.3158,False,0.3158,True,False,0.6890
ASpanFormer_indoor,hand,11k_Hands_genuine_178,0001024,0001024,29,29,29,12,0.4138,True,0.4138,True,True,2.1364
DeepDetect,hand,11k_Hands_genuine_178,0001024,0001024,14085,10169,13,9,0.6923,True,0.6923,True,True,1.0917
LoFTR_indoor,hand,11k_Hands_genuine_179,0001547,0001547,342,342,342,100,0.2924,False,0.2924,True,False,2.5605
ORB,hand,11k_Hands_genuine_179,0001547,0001547,196,435,3,0,,False,,True,False,
SIFT,hand,11k_Hands_genuine_179,0001547,0001547,74,134,3,0,,False,,True,False,
SuperGlue,hand,11k_Hands_genuine_179,0001547,0001547,238,197,6,5,0.8333,True,0.8333,True,True,0.7226
SGMNet_root_SGM,hand,11k_Hands_genuine_179,0001547,0001547,1152,876,12,7,0.5833,True,0.5833,True,True,0.4125
ASpanFormer_indoor,hand,11k_Hands_genuine_179,0001547,0001547,381,381,381,237,0.6220,True,0.6220,True,True,2.2864
DeepDetect,hand,11k_Hands_genuine_179,0001547,0001547,11496,10595,82,0,,False,,True,False,
LoFTR_indoor,hand,11k_Hands_genuine_180,0000000,0000000,255,255,255,44,0.1725,False,0.1725,True,False,1.6577
ORB,hand,11k_Hands_genuine_180,0000000,0000000,191,264,14,0,,False,,True,False,
SIFT,hand,11k_Hands_genuine_180,0000000,0000000,66,100,1,0,,False,,True,False,
SuperGlue,hand,11k_Hands_genuine_180,0000000,0000000,247,255,0,0,,False,,True,False,
SGMNet_root_SGM,hand,11k_Hands_genuine_180,0000000,0000000,1393,1609,60,16,0.2667,False,0.2667,True,False,1.4925
ASpanFormer_indoor,hand,11k_Hands_genuine_180,0000000,0000000,143,143,143,57,0.3986,False,0.3986,True,False,2.3429
DeepDetect,hand,11k_Hands_genuine_180,0000000,0000000,13732,13214,90,0,,False,,True,False,
LoFTR_indoor,hand,11k_Hands_genuine_181,0001090,0001090,252,252,252,36,0.1429,False,0.1429,True,False,2.4448
ORB,hand,11k_Hands_genuine_181,0001090,0001090,402,291,20,0,,False,,True,False,
SIFT,hand,11k_Hands_genuine_181,0001090,0001090,124,133,5,0,,False,,True,False,
SuperGlue,hand,11k_Hands_genuine_181,0001090,0001090,222,255,4,0,,False,,True,False,
SGMNet_root_SGM,hand,11k_Hands_genuine_181,0001090,0001090,769,1190,30,7,0.2333,False,0.2333,True,False,0.6093
ASpanFormer_indoor,hand,11k_Hands_genuine_181,0001090,0001090,133,133,133,45,0.3383,False,0.3383,True,False,2.5255
DeepDetect,hand,11k_Hands_genuine_181,0001090,0001090,12477,13407,41,24,0.5854,True,0.5854,True,True,2.1132
LoFTR_indoor,hand,11k_Hands_genuine_182,0001090,0001090,757,757,757,339,0.4478,False,0.4478,True,False,1.8417
ORB,hand,11k_Hands_genuine_182,0001090,0001090,284,232,11,0,,False,,True,False,
SIFT,hand,11k_Hands_genuine_182,0001090,0001090,124,102,4,0,,False,,True,False,
SuperGlue,hand,11k_Hands_genuine_182,0001090,0001090,300,273,187,40,0.2139,False,0.2139,True,False,2.6007
SGMNet_root_SGM,hand,11k_Hands_genuine_182,0001090,0001090,1397,1741,663,244,0.3680,False,0.3680,True,False,1.5546
ASpanFormer_indoor,hand,11k_Hands_genuine_182,0001090,0001090,750,750,750,389,0.5187,True,0.5187,True,True,2.0554
DeepDetect,hand,11k_Hands_genuine_182,0001090,0001090,13913,12990,124,68,0.5484,True,0.5484,True,True,1.9586
LoFTR_indoor,hand,11k_Hands_genuine_183,0001566,0001566,248,248,248,40,0.1613,False,0.1613,True,False,2.3011
ORB,hand,11k_Hands_genuine_183,0001566,0001566,521,227,34,0,,False,,True,False,
SIFT,hand,11k_Hands_genuine_183,0001566,0001566,155,114,5,0,,False,,True,False,
SuperGlue,hand,11k_Hands_genuine_183,0001566,0001566,206,284,0,0,,False,,True,False,
SGMNet_root_SGM,hand,11k_Hands_genuine_183,0001566,0001566,1149,1832,30,8,0.2667,False,0.2667,True,False,0.9149
ASpanFormer_indoor,hand,11k_Hands_genuine_183,0001566,0001566,131,131,131,39,0.2977,False,0.2977,True,False,2.4671
DeepDetect,hand,11k_Hands_genuine_183,0001566,0001566,12217,13738,120,64,0.5333,True,0.5333,True,True,1.1309
LoFTR_indoor,hand,11k_Hands_genuine_184,0001587,0001587,401,401,401,180,0.4489,False,0.4489,True,False,1.9570
ORB,hand,11k_Hands_genuine_184,0001587,0001587,248,292,30,12,0.4000,False,0.4000,True,False,1.5282
SIFT,hand,11k_Hands_genuine_184,0001587,0001587,94,102,6,5,0.8333,True,0.8333,True,True,0.6878
SuperGlue,hand,11k_Hands_genuine_184,0001587,0001587,195,223,0,0,,False,,True,False,
SGMNet_root_SGM,hand,11k_Hands_genuine_184,0001587,0001587,1338,1391,114,19,0.1667,False,0.1667,True,False,1.6320
ASpanFormer_indoor,hand,11k_Hands_genuine_184,0001587,0001587,239,239,239,123,0.5146,True,0.5146,True,True,2.4240
DeepDetect,hand,11k_Hands_genuine_184,0001587,0001587,10840,11820,124,105,0.8468,True,0.8468,True,True,1.3411
LoFTR_indoor,hand,11k_Hands_genuine_185,0001075,0001075,274,274,274,71,0.2591,False,0.2591,True,False,2.2921
ORB,hand,11k_Hands_genuine_185,0001075,0001075,137,247,6,0,,False,,True,False,
SIFT,hand,11k_Hands_genuine_185,0001075,0001075,63,86,5,0,,False,,True,False,
SuperGlue,hand,11k_Hands_genuine_185,0001075,0001075,211,219,1,0,,False,,True,False,
SGMNet_root_SGM,hand,11k_Hands_genuine_185,0001075,0001075,1030,941,51,15,0.2941,False,0.2941,True,False,1.4609
ASpanFormer_indoor,hand,11k_Hands_genuine_185,0001075,0001075,127,127,127,64,0.5039,True,0.5039,True,True,1.8816
DeepDetect,hand,11k_Hands_genuine_185,0001075,0001075,10184,10918,56,33,0.5893,True,0.5893,True,True,1.4623
LoFTR_indoor,hand,11k_Hands_genuine_186,0001543,0001543,385,385,385,109,0.2831,False,0.2831,True,False,2.6109
ORB,hand,11k_Hands_genuine_186,0001543,0001543,350,250,16,0,,False,,True,False,
SIFT,hand,11k_Hands_genuine_186,0001543,0001543,118,125,4,0,,False,,True,False,
SuperGlue,hand,11k_Hands_genuine_186,0001543,0001543,196,225,45,15,0.3333,False,0.3333,True,False,2.2636
SGMNet_root_SGM,hand,11k_Hands_genuine_186,0001543,0001543,1229,1187,84,18,0.2143,False,0.2143,True,False,1.4880
ASpanFormer_indoor,hand,11k_Hands_genuine_186,0001543,0001543,312,312,312,137,0.4391,True,0.4391,True,True,2.5824
DeepDetect,hand,11k_Hands_genuine_186,0001543,0001543,11553,12003,18,9,0.5000,True,0.5000,True,True,0.7656
LoFTR_indoor,hand,11k_Hands_genuine_187,0001029,0001029,312,312,312,90,0.2885,False,0.2885,True,False,2.5498
ORB,hand,11k_Hands_genuine_187,0001029,0001029,274,624,10,0,,False,,True,False,
SIFT,hand,11k_Hands_genuine_187,0001029,0001029,117,169,3,0,,False,,True,False,
SuperGlue,hand,11k_Hands_genuine_187,0001029,0001029,195,192,11,7,0.6364,True,0.6364,True,True,1.6080
SGMNet_root_SGM,hand,11k_Hands_genuine_187,0001029,0001029,1658,1117,20,7,0.3500,False,0.3500,True,False,0.6449
ASpanFormer_indoor,hand,11k_Hands_genuine_187,0001029,0001029,173,173,173,106,0.6127,True,0.6127,True,True,2.1816
DeepDetect,hand,11k_Hands_genuine_187,0001029,0001029,13035,11501,19,0,,False,,True,False,
LoFTR_indoor,hand,11k_Hands_genuine_188,0001020,0001020,97,97,97,17,0.1753,False,0.1753,True,False,2.4207
ORB,hand,11k_Hands_genuine_188,0001020,0001020,253,716,2,0,,False,,True,False,
SIFT,hand,11k_Hands_genuine_188,0001020,0001020,83,184,4,0,,False,,True,False,
SuperGlue,hand,11k_Hands_genuine_188,0001020,0001020,367,235,2,0,,False,,True,False,
SGMNet_root_SGM,hand,11k_Hands_genuine_188,0001020,0001020,1087,916,29,8,0.2759,False,0.2759,True,False,0.5982
ASpanFormer_indoor,hand,11k_Hands_genuine_188,0001020,0001020,42,42,42,14,0.3333,False,0.3333,True,False,1.6257
DeepDetect,hand,11k_Hands_genuine_188,0001020,0001020,18855,13815,37,0,,False,,True,False,
LoFTR_indoor,hand,11k_Hands_genuine_189,0000528,0000528,200,200,200,34,0.1700,False,0.1700,True,False,2.3905
ORB,hand,11k_Hands_genuine_189,0000528,0000528,412,551,7,0,,False,,True,False,
SIFT,hand,11k_Hands_genuine_189,0000528,0000528,94,193,2,0,,False,,True,False,
SuperGlue,hand,11k_Hands_genuine_189,0000528,0000528,142,220,0,0,,False,,True,False,
SGMNet_root_SGM,hand,11k_Hands_genuine_189,0000528,0000528,719,1234,12,5,0.4167,True,0.4167,True,True,0.6079
ASpanFormer_indoor,hand,11k_Hands_genuine_189,0000528,0000528,39,39,39,21,0.5385,True,0.5385,True,True,2.0777
DeepDetect,hand,11k_Hands_genuine_189,0000528,0000528,10045,11335,24,0,,False,,True,False,
LoFTR_indoor,hand,11k_Hands_genuine_190,0001034,0001034,205,205,205,38,0.1854,False,0.1854,True,False,2.0371
ORB,hand,11k_Hands_genuine_190,0001034,0001034,353,469,8,0,,False,,True,False,
SIFT,hand,11k_Hands_genuine_190,0001034,0001034,152,194,17,0,,False,,True,False,
SuperGlue,hand,11k_Hands_genuine_190,0001034,0001034,215,218,1,0,,False,,True,False,
SGMNet_root_SGM,hand,11k_Hands_genuine_190,0001034,0001034,998,852,8,4,0.5000,True,0.5000,True,True,0.0000
ASpanFormer_indoor,hand,11k_Hands_genuine_190,0001034,0001034,37,37,37,11,0.2973,False,0.2973,True,False,1.6821
DeepDetect,hand,11k_Hands_genuine_190,0001034,0001034,11573,11343,33,17,0.5152,True,0.5152,True,True,1.2497
LoFTR_indoor,hand,11k_Hands_genuine_191,0000596,0000596,184,184,184,32,0.1739,False,0.1739,True,False,1.8390
ORB,hand,11k_Hands_genuine_191,0000596,0000596,467,258,16,0,,False,,True,False,
SIFT,hand,11k_Hands_genuine_191,0000596,0000596,114,67,2,0,,False,,True,False,
SuperGlue,hand,11k_Hands_genuine_191,0000596,0000596,170,205,0,0,,False,,True,False,
SGMNet_root_SGM,hand,11k_Hands_genuine_191,0000596,0000596,835,1165,17,0,,False,,True,False,
ASpanFormer_indoor,hand,11k_Hands_genuine_191,0000596,0000596,86,86,86,39,0.4535,True,0.4535,True,True,1.1350
DeepDetect,hand,11k_Hands_genuine_191,0000596,0000596,9779,10146,17,0,,False,,True,False,
LoFTR_indoor,hand,11k_Hands_genuine_192,0001029,0001029,470,470,470,140,0.2979,False,0.2979,True,False,2.5588
ORB,hand,11k_Hands_genuine_192,0001029,0001029,274,419,10,0,,False,,True,False,
SIFT,hand,11k_Hands_genuine_192,0001029,0001029,117,131,2,0,,False,,True,False,
SuperGlue,hand,11k_Hands_genuine_192,0001029,0001029,195,228,47,17,0.3617,False,0.3617,True,False,2.0973
SGMNet_root_SGM,hand,11k_Hands_genuine_192,0001029,0001029,1658,1158,70,13,0.1857,False,0.1857,True,False,1.1142
ASpanFormer_indoor,hand,11k_Hands_genuine_192,0001029,0001029,475,475,475,290,0.6105,True,0.6105,True,True,2.1138
DeepDetect,hand,11k_Hands_genuine_192,0001029,0001029,13035,13356,94,61,0.6489,True,0.6489,True,True,0.7171
LoFTR_indoor,hand,11k_Hands_genuine_193,0000532,0000532,1006,1006,1006,634,0.6302,True,0.6302,True,True,1.1625
ORB,hand,11k_Hands_genuine_193,0000532,0000532,300,254,92,59,0.6413,True,0.6413,True,True,1.4365
SIFT,hand,11k_Hands_genuine_193,0000532,0000532,94,90,49,42,0.8571,True,0.8571,True,True,1.3118
SuperGlue,hand,11k_Hands_genuine_193,0000532,0000532,146,136,119,66,0.5546,True,0.5546,True,True,1.9237
SGMNet_root_SGM,hand,11k_Hands_genuine_193,0000532,0000532,1019,962,642,387,0.6028,True,0.6028,True,True,1.0820
ASpanFormer_indoor,hand,11k_Hands_genuine_193,0000532,0000532,2398,2398,2398,2272,0.9475,True,0.9475,True,True,1.6566
DeepDetect,hand,11k_Hands_genuine_193,0000532,0000532,8672,8475,1050,999,0.9514,True,0.9514,True,True,1.2191
LoFTR_indoor,hand,11k_Hands_genuine_194,0001002,0001002,225,225,225,35,0.1556,False,0.1556,True,False,2.1264
ORB,hand,11k_Hands_genuine_194,0001002,0001002,382,244,32,0,,False,,True,False,
SIFT,hand,11k_Hands_genuine_194,0001002,0001002,122,113,4,0,,False,,True,False,
SuperGlue,hand,11k_Hands_genuine_194,0001002,0001002,203,168,0,0,,False,,True,False,
SGMNet_root_SGM,hand,11k_Hands_genuine_194,0001002,0001002,1187,998,35,8,0.2286,False,0.2286,True,False,0.8357
ASpanFormer_indoor,hand,11k_Hands_genuine_194,0001002,0001002,66,66,66,29,0.4394,True,0.4394,True,True,2.2092
DeepDetect,hand,11k_Hands_genuine_194,0001002,0001002,10989,10278,116,0,,False,,True,False,
LoFTR_indoor,hand,11k_Hands_genuine_195,0001024,0001024,161,161,161,22,0.1366,False,0.1366,True,False,2.1773
ORB,hand,11k_Hands_genuine_195,0001024,0001024,416,291,16,0,,False,,True,False,
SIFT,hand,11k_Hands_genuine_195,0001024,0001024,98,104,3,0,,False,,True,False,
SuperGlue,hand,11k_Hands_genuine_195,0001024,0001024,186,184,0,0,,False,,True,False,
SGMNet_root_SGM,hand,11k_Hands_genuine_195,0001024,0001024,1073,1145,50,11,0.2200,False,0.2200,True,False,1.2584
ASpanFormer_indoor,hand,11k_Hands_genuine_195,0001024,0001024,54,54,54,18,0.3333,False,0.3333,True,False,2.0703
DeepDetect,hand,11k_Hands_genuine_195,0001024,0001024,12034,11398,22,10,0.4545,True,0.4545,True,True,1.7459
LoFTR_indoor,hand,11k_Hands_genuine_196,0001050,0001050,303,303,303,71,0.2343,False,0.2343,True,False,2.0240
ORB,hand,11k_Hands_genuine_196,0001050,0001050,422,440,19,0,,False,,True,False,
SIFT,hand,11k_Hands_genuine_196,0001050,0001050,160,143,14,0,,False,,True,False,
SuperGlue,hand,11k_Hands_genuine_196,0001050,0001050,386,292,10,0,,False,,True,False,
SGMNet_root_SGM,hand,11k_Hands_genuine_196,0001050,0001050,1472,1258,107,19,0.1776,False,0.1776,True,False,1.4087
ASpanFormer_indoor,hand,11k_Hands_genuine_196,0001050,0001050,157,157,157,44,0.2803,False,0.2803,True,False,2.2092
DeepDetect,hand,11k_Hands_genuine_196,0001050,0001050,17697,15060,105,0,,False,,True,False,
LoFTR_indoor,hand,11k_Hands_genuine_197,0001075,0001075,243,243,243,74,0.3045,False,0.3045,True,False,2.3850
ORB,hand,11k_Hands_genuine_197,0001075,0001075,303,411,12,0,,False,,True,False,
SIFT,hand,11k_Hands_genuine_197,0001075,0001075,117,149,7,0,,False,,True,False,
SuperGlue,hand,11k_Hands_genuine_197,0001075,0001075,213,227,0,0,,False,,True,False,
SGMNet_root_SGM,hand,11k_Hands_genuine_197,0001075,0001075,961,1238,48,12,0.2500,False,0.2500,True,False,1.1457
ASpanFormer_indoor,hand,11k_Hands_genuine_197,0001075,0001075,106,106,106,58,0.5472,True,0.5472,True,True,1.5652
DeepDetect,hand,11k_Hands_genuine_197,0001075,0001075,10075,11717,139,125,0.8993,True,0.8993,True,True,0.6247
LoFTR_indoor,hand,11k_Hands_genuine_198,0001024,0001024,360,360,360,80,0.2222,False,0.2222,True,False,2.5427
ORB,hand,11k_Hands_genuine_198,0001024,0001024,296,231,12,7,0.5833,True,0.5833,True,True,0.6405
SIFT,hand,11k_Hands_genuine_198,0001024,0001024,116,98,7,4,0.5714,True,0.5714,True,True,0.0000
SuperGlue,hand,11k_Hands_genuine_198,0001024,0001024,246,222,5,0,,False,,True,False,
SGMNet_root_SGM,hand,11k_Hands_genuine_198,0001024,0001024,1168,1027,54,9,0.1667,False,0.1667,True,False,1.1313
ASpanFormer_indoor,hand,11k_Hands_genuine_198,0001024,0001024,158,158,158,64,0.4051,True,0.4051,True,True,1.2475
DeepDetect,hand,11k_Hands_genuine_198,0001024,0001024,14571,11060,18,10,0.5556,True,0.5556,True,True,0.8989
LoFTR_indoor,hand,11k_Hands_genuine_199,0001562,0001562,302,302,302,74,0.2450,False,0.2450,True,False,2.0147
ORB,hand,11k_Hands_genuine_199,0001562,0001562,464,267,28,0,,False,,True,False,
SIFT,hand,11k_Hands_genuine_199,0001562,0001562,121,81,7,4,0.5714,True,0.5714,True,True,0.0000
SuperGlue,hand,11k_Hands_genuine_199,0001562,0001562,167,182,8,6,0.7500,True,0.7500,True,True,0.5502
SGMNet_root_SGM,hand,11k_Hands_genuine_199,0001562,0001562,914,1136,51,8,0.1569,False,0.1569,True,False,0.7308
ASpanFormer_indoor,hand,11k_Hands_genuine_199,0001562,0001562,167,167,167,61,0.3653,False,0.3653,True,False,1.7333
DeepDetect,hand,11k_Hands_genuine_199,0001562,0001562,10713,9773,7,0,,False,,True,False,
LoFTR_indoor,hand,11k_Hands_genuine_200,0001589,0001589,303,303,303,60,0.1980,False,0.1980,True,False,2.7283
ORB,hand,11k_Hands_genuine_200,0001589,0001589,184,135,8,0,,False,,True,False,
SIFT,hand,11k_Hands_genuine_200,0001589,0001589,78,71,1,0,,False,,True,False,
SuperGlue,hand,11k_Hands_genuine_200,0001589,0001589,232,229,1,0,,False,,True,False,
SGMNet_root_SGM,hand,11k_Hands_genuine_200,0001589,0001589,934,1212,38,8,0.2105,False,0.2105,True,False,1.1010
ASpanFormer_indoor,hand,11k_Hands_genuine_200,0001589,0001589,99,99,99,48,0.4848,True,0.4848,True,True,2.2795
DeepDetect,hand,11k_Hands_genuine_200,0001589,0001589,11814,10729,41,21,0.5122,True,0.5122,True,True,2.5775
LoFTR_indoor,hand,11k_Hands_genuine_201,0001532,0001532,513,513,513,192,0.3743,False,0.3743,True,False,2.2653
ORB,hand,11k_Hands_genuine_201,0001532,0001532,270,281,10,0,,False,,True,False,
SIFT,hand,11k_Hands_genuine_201,0001532,0001532,95,88,6,0,,False,,True,False,
SuperGlue,hand,11k_Hands_genuine_201,0001532,0001532,184,156,29,11,0.3793,False,0.3793,True,False,2.5346
SGMNet_root_SGM,hand,11k_Hands_genuine_201,0001532,0001532,870,727,42,9,0.2143,False,0.2143,True,False,1.2065
ASpanFormer_indoor,hand,11k_Hands_genuine_201,0001532,0001532,410,410,410,247,0.6024,True,0.6024,True,True,2.0950
DeepDetect,hand,11k_Hands_genuine_201,0001532,0001532,9364,9358,12,8,0.6667,True,0.6667,True,True,1.7637
LoFTR_indoor,hand,11k_Hands_genuine_202,0000000,0000000,299,299,299,73,0.2441,False,0.2441,True,False,2.3582
ORB,hand,11k_Hands_genuine_202,0000000,0000000,277,133,19,8,0.4211,False,0.4211,True,False,1.5926
SIFT,hand,11k_Hands_genuine_202,0000000,0000000,94,50,1,0,,False,,True,False,
SuperGlue,hand,11k_Hands_genuine_202,0000000,0000000,204,197,5,0,,False,,True,False,
SGMNet_root_SGM,hand,11k_Hands_genuine_202,0000000,0000000,1509,1318,11,6,0.5455,True,0.5455,True,True,0.9412
ASpanFormer_indoor,hand,11k_Hands_genuine_202,0000000,0000000,198,198,198,85,0.4293,True,0.4293,True,True,2.1398
DeepDetect,hand,11k_Hands_genuine_202,0000000,0000000,11637,10904,68,48,0.7059,True,0.7059,True,True,0.9352
LoFTR_indoor,hand,11k_Hands_genuine_203,0001082,0001082,155,155,155,33,0.2129,False,0.2129,True,False,2.2240
ORB,hand,11k_Hands_genuine_203,0001082,0001082,314,341,15,0,,False,,True,False,
SIFT,hand,11k_Hands_genuine_203,0001082,0001082,115,108,3,0,,False,,True,False,
SuperGlue,hand,11k_Hands_genuine_203,0001082,0001082,137,159,0,0,,False,,True,False,
SGMNet_root_SGM,hand,11k_Hands_genuine_203,0001082,0001082,580,931,15,7,0.4667,True,0.4667,True,True,0.6339
ASpanFormer_indoor,hand,11k_Hands_genuine_203,0001082,0001082,87,87,87,39,0.4483,True,0.4483,True,True,2.0152
DeepDetect,hand,11k_Hands_genuine_203,0001082,0001082,7974,10580,20,0,,False,,True,False,
LoFTR_indoor,hand,11k_Hands_genuine_204,0001033,0001033,238,238,238,32,0.1345,False,0.1345,True,False,2.3721
ORB,hand,11k_Hands_genuine_204,0001033,0001033,448,476,25,0,,False,,True,False,
SIFT,hand,11k_Hands_genuine_204,0001033,0001033,130,186,10,0,,False,,True,False,
SuperGlue,hand,11k_Hands_genuine_204,0001033,0001033,198,218,19,11,0.5789,True,0.5789,True,True,1.7371
SGMNet_root_SGM,hand,11k_Hands_genuine_204,0001033,0001033,942,877,48,10,0.2083,False,0.2083,True,False,1.2726
ASpanFormer_indoor,hand,11k_Hands_genuine_204,0001033,0001033,97,97,97,32,0.3299,False,0.3299,True,False,2.4245
DeepDetect,hand,11k_Hands_genuine_204,0001033,0001033,11250,12321,72,64,0.8889,True,0.8889,True,True,1.7848
LoFTR_indoor,hand,11k_Hands_genuine_205,0001510,0001510,184,184,184,25,0.1359,False,0.1359,True,False,2.0694
ORB,hand,11k_Hands_genuine_205,0001510,0001510,327,282,12,0,,False,,True,False,
SIFT,hand,11k_Hands_genuine_205,0001510,0001510,90,89,3,0,,False,,True,False,
SuperGlue,hand,11k_Hands_genuine_205,0001510,0001510,204,223,0,0,,False,,True,False,
SGMNet_root_SGM,hand,11k_Hands_genuine_205,0001510,0001510,919,1099,43,10,0.2326,False,0.2326,True,False,0.8690
ASpanFormer_indoor,hand,11k_Hands_genuine_205,0001510,0001510,96,96,96,34,0.3542,False,0.3542,True,False,1.8064
DeepDetect,hand,11k_Hands_genuine_205,0001510,0001510,11459,11298,14,9,0.6429,True,0.6429,True,True,0.9940
LoFTR_indoor,hand,11k_Hands_genuine_206,0000055,0000055,153,153,153,17,0.1111,False,0.1111,True,False,2.1534
ORB,hand,11k_Hands_genuine_206,0000055,0000055,435,76,18,0,,False,,True,False,
SIFT,hand,11k_Hands_genuine_206,0000055,0000055,139,75,3,0,,False,,True,False,
SuperGlue,hand,11k_Hands_genuine_206,0000055,0000055,202,311,0,0,,False,,True,False,
SGMNet_root_SGM,hand,11k_Hands_genuine_206,0000055,0000055,1160,1861,18,6,0.3333,False,0.3333,True,False,0.8647
ASpanFormer_indoor,hand,11k_Hands_genuine_206,0000055,0000055,88,88,88,26,0.2955,False,0.2955,True,False,1.5536
DeepDetect,hand,11k_Hands_genuine_206,0000055,0000055,10404,14335,12,8,0.6667,True,0.6667,True,True,0.5519
LoFTR_indoor,hand,11k_Hands_genuine_207,0001020,0001020,267,267,267,61,0.2285,False,0.2285,True,False,2.3796
ORB,hand,11k_Hands_genuine_207,0001020,0001020,324,497,9,0,,False,,True,False,
SIFT,hand,11k_Hands_genuine_207,0001020,0001020,109,99,1,0,,False,,True,False,
SuperGlue,hand,11k_Hands_genuine_207,0001020,0001020,246,308,4,0,,False,,True,False,
SGMNet_root_SGM,hand,11k_Hands_genuine_207,0001020,0001020,784,1276,23,7,0.3043,False,0.3043,True,False,1.1493
ASpanFormer_indoor,hand,11k_Hands_genuine_207,0001020,0001020,79,79,79,27,0.3418,False,0.3418,True,False,1.6460
DeepDetect,hand,11k_Hands_genuine_207,0001020,0001020,14821,15772,22,0,,False,,True,False,
LoFTR_indoor,hand,11k_Hands_genuine_208,0001050,0001050,336,336,336,61,0.1815,False,0.1815,True,False,2.3710
ORB,hand,11k_Hands_genuine_208,0001050,0001050,405,476,15,0,,False,,True,False,
SIFT,hand,11k_Hands_genuine_208,0001050,0001050,147,124,5,0,,False,,True,False,
SuperGlue,hand,11k_Hands_genuine_208,0001050,0001050,269,306,17,6,0.3529,False,0.3529,True,False,1.2072
SGMNet_root_SGM,hand,11k_Hands_genuine_208,0001050,0001050,1235,1488,77,13,0.1688,False,0.1688,True,False,1.5094
ASpanFormer_indoor,hand,11k_Hands_genuine_208,0001050,0001050,122,122,122,39,0.3197,False,0.3197,True,False,2.5202
DeepDetect,hand,11k_Hands_genuine_208,0001050,0001050,13591,14855,135,56,0.4148,True,0.4148,True,True,2.1809
LoFTR_indoor,hand,11k_Hands_genuine_209,0001035,0001035,268,268,268,82,0.3060,False,0.3060,True,False,1.8591
ORB,hand,11k_Hands_genuine_209,0001035,0001035,633,231,30,10,0.3333,False,0.3333,True,False,0.8636
SIFT,hand,11k_Hands_genuine_209,0001035,0001035,155,111,7,0,,False,,True,False,
SuperGlue,hand,11k_Hands_genuine_209,0001035,0001035,221,283,4,0,,False,,True,False,
SGMNet_root_SGM,hand,11k_Hands_genuine_209,0001035,0001035,1296,1444,112,28,0.2500,False,0.2500,True,False,1.7514
ASpanFormer_indoor,hand,11k_Hands_genuine_209,0001035,0001035,86,86,86,30,0.3488,False,0.3488,True,False,1.9141
DeepDetect,hand,11k_Hands_genuine_209,0001035,0001035,10928,12832,144,91,0.6319,True,0.6319,True,True,0.5000
LoFTR_indoor,hand,11k_Hands_genuine_210,0001018,0001018,370,370,370,84,0.2270,False,0.2270,True,False,2.6597
ORB,hand,11k_Hands_genuine_210,0001018,0001018,256,513,12,0,,False,,True,False,
SIFT,hand,11k_Hands_genuine_210,0001018,0001018,68,112,2,0,,False,,True,False,
SuperGlue,hand,11k_Hands_genuine_210,0001018,0001018,176,206,29,17,0.5862,True,0.5862,True,True,1.8956
SGMNet_root_SGM,hand,11k_Hands_genuine_210,0001018,0001018,1044,933,24,6,0.2500,False,0.2500,True,False,0.6115
ASpanFormer_indoor,hand,11k_Hands_genuine_210,0001018,0001018,267,267,267,118,0.4419,True,0.4419,True,True,2.4793
DeepDetect,hand,11k_Hands_genuine_210,0001018,0001018,9829,11893,90,74,0.8222,True,0.8222,True,True,2.7215
LoFTR_indoor,hand,11k_Hands_genuine_211,0000010,0000010,1215,1215,1215,716,0.5893,True,0.5893,True,True,1.2289
ORB,hand,11k_Hands_genuine_211,0000010,0000010,181,292,74,58,0.7838,True,0.7838,True,True,1.1605
SIFT,hand,11k_Hands_genuine_211,0000010,0000010,72,82,26,19,0.7308,True,0.7308,True,True,0.9302
SuperGlue,hand,11k_Hands_genuine_211,0000010,0000010,244,210,173,64,0.3699,False,0.3699,True,False,2.3255
SGMNet_root_SGM,hand,11k_Hands_genuine_211,0000010,0000010,1405,1369,740,456,0.6162,True,0.6162,True,True,1.1375
ASpanFormer_indoor,hand,11k_Hands_genuine_211,0000010,0000010,1380,1380,1380,749,0.5428,True,0.5428,True,True,1.7979
DeepDetect,hand,11k_Hands_genuine_211,0000010,0000010,11322,10179,1853,1673,0.9029,True,0.9029,True,True,1.1793
LoFTR_indoor,hand,11k_Hands_genuine_212,0001018,0001018,284,284,284,42,0.1479,False,0.1479,True,False,2.2166
ORB,hand,11k_Hands_genuine_212,0001018,0001018,653,226,10,0,,False,,True,False,
SIFT,hand,11k_Hands_genuine_212,0001018,0001018,141,76,3,0,,False,,True,False,
SuperGlue,hand,11k_Hands_genuine_212,0001018,0001018,175,181,7,0,,False,,True,False,
SGMNet_root_SGM,hand,11k_Hands_genuine_212,0001018,0001018,792,1078,28,12,0.4286,True,0.4286,True,True,1.0596
ASpanFormer_indoor,hand,11k_Hands_genuine_212,0001018,0001018,79,79,79,33,0.4177,True,0.4177,True,True,2.2840
DeepDetect,hand,11k_Hands_genuine_212,0001018,0001018,10796,11113,54,37,0.6852,True,0.6852,True,True,2.2401
LoFTR_indoor,hand,11k_Hands_genuine_213,0001516,0001516,183,183,183,54,0.2951,False,0.2951,True,False,1.7018
ORB,hand,11k_Hands_genuine_213,0001516,0001516,274,181,13,0,,False,,True,False,
SIFT,hand,11k_Hands_genuine_213,0001516,0001516,100,61,6,0,,False,,True,False,
SuperGlue,hand,11k_Hands_genuine_213,0001516,0001516,177,161,3,0,,False,,True,False,
SGMNet_root_SGM,hand,11k_Hands_genuine_213,0001516,0001516,1173,1274,50,11,0.2200,False,0.2200,True,False,1.0855
ASpanFormer_indoor,hand,11k_Hands_genuine_213,0001516,0001516,49,49,49,30,0.6122,True,0.6122,True,True,1.3633
DeepDetect,hand,11k_Hands_genuine_213,0001516,0001516,10240,9400,22,0,,False,,True,False,
LoFTR_indoor,hand,11k_Hands_genuine_214,0001070,0001070,796,796,796,593,0.7450,True,0.7450,True,True,1.8975
ORB,hand,11k_Hands_genuine_214,0001070,0001070,127,251,25,17,0.6800,True,0.6800,True,True,1.3313
SIFT,hand,11k_Hands_genuine_214,0001070,0001070,43,75,9,8,0.8889,True,0.8889,True,True,1.3931
SuperGlue,hand,11k_Hands_genuine_214,0001070,0001070,154,143,120,53,0.4417,False,0.4417,True,False,2.3276
SGMNet_root_SGM,hand,11k_Hands_genuine_214,0001070,0001070,496,678,240,112,0.4667,True,0.4667,True,True,1.3514
ASpanFormer_indoor,hand,11k_Hands_genuine_214,0001070,0001070,1667,1667,1667,1375,0.8248,True,0.8248,True,True,1.5016
DeepDetect,hand,11k_Hands_genuine_214,0001070,0001070,8274,7705,363,323,0.8898,True,0.8898,True,True,2.2437
LoFTR_indoor,hand,11k_Hands_genuine_215,0000525,0000525,189,189,189,25,0.1323,False,0.1323,True,False,1.9291
ORB,hand,11k_Hands_genuine_215,0000525,0000525,920,507,24,0,,False,,True,False,
SIFT,hand,11k_Hands_genuine_215,0000525,0000525,258,107,8,5,0.6250,True,0.6250,True,True,0.0000
SuperGlue,hand,11k_Hands_genuine_215,0000525,0000525,273,328,21,0,,False,,True,False,
SGMNet_root_SGM,hand,11k_Hands_genuine_215,0000525,0000525,930,1742,11,0,,False,,True,False,
ASpanFormer_indoor,hand,11k_Hands_genuine_215,0000525,0000525,85,85,85,26,0.3059,False,0.3059,True,False,2.3415
DeepDetect,hand,11k_Hands_genuine_215,0000525,0000525,14162,15104,24,12,0.5000,True,0.5000,True,True,1.8648
LoFTR_indoor,hand,11k_Hands_genuine_216,0000524,0000524,384,384,384,53,0.1380,False,0.1380,True,False,2.0825
ORB,hand,11k_Hands_genuine_216,0000524,0000524,390,346,20,0,,False,,True,False,
SIFT,hand,11k_Hands_genuine_216,0000524,0000524,147,134,9,0,,False,,True,False,
SuperGlue,hand,11k_Hands_genuine_216,0000524,0000524,256,247,12,6,0.5000,True,0.5000,True,True,1.5452
SGMNet_root_SGM,hand,11k_Hands_genuine_216,0000524,0000524,1453,1555,133,30,0.2256,False,0.2256,True,False,1.6634
ASpanFormer_indoor,hand,11k_Hands_genuine_216,0000524,0000524,373,373,373,157,0.4209,True,0.4209,True,True,2.4710
DeepDetect,hand,11k_Hands_genuine_216,0000524,0000524,13400,12783,197,0,,False,,True,False,
LoFTR_indoor,hand,11k_Hands_genuine_217,0001560,0001560,297,297,297,100,0.3367,False,0.3367,True,False,2.3641
ORB,hand,11k_Hands_genuine_217,0001560,0001560,540,653,35,0,,False,,True,False,
SIFT,hand,11k_Hands_genuine_217,0001560,0001560,158,202,3,0,,False,,True,False,
SuperGlue,hand,11k_Hands_genuine_217,0001560,0001560,226,179,6,0,,False,,True,False,
SGMNet_root_SGM,hand,11k_Hands_genuine_217,0001560,0001560,932,888,30,7,0.2333,False,0.2333,True,False,0.4371
ASpanFormer_indoor,hand,11k_Hands_genuine_217,0001560,0001560,153,153,153,98,0.6405,True,0.6405,True,True,1.6239
DeepDetect,hand,11k_Hands_genuine_217,0001560,0001560,11728,10728,54,26,0.4815,True,0.4815,True,True,2.1942
LoFTR_indoor,hand,11k_Hands_genuine_218,0001517,0001517,388,388,388,147,0.3789,False,0.3789,True,False,2.5512
ORB,hand,11k_Hands_genuine_218,0001517,0001517,209,370,10,0,,False,,True,False,
SIFT,hand,11k_Hands_genuine_218,0001517,0001517,74,136,8,5,0.6250,True,0.6250,True,True,0.0092
SuperGlue,hand,11k_Hands_genuine_218,0001517,0001517,269,267,35,15,0.4286,False,0.4286,True,False,2.4967
SGMNet_root_SGM,hand,11k_Hands_genuine_218,0001517,0001517,1455,1364,95,20,0.2105,False,0.2105,True,False,1.0230
ASpanFormer_indoor,hand,11k_Hands_genuine_218,0001517,0001517,391,391,391,187,0.4783,True,0.4783,True,True,2.5878
DeepDetect,hand,11k_Hands_genuine_218,0001517,0001517,13823,13201,141,0,,False,,True,False,
LoFTR_indoor,hand,11k_Hands_genuine_219,0001003,0001003,678,678,678,465,0.6858,True,0.6858,True,True,1.9175
ORB,hand,11k_Hands_genuine_219,0001003,0001003,286,411,31,17,0.5484,True,0.5484,True,True,1.3157
SIFT,hand,11k_Hands_genuine_219,0001003,0001003,90,108,10,8,0.8000,True,0.8000,True,True,0.7140
SuperGlue,hand,11k_Hands_genuine_219,0001003,0001003,262,261,108,31,0.2870,False,0.2870,True,False,2.4604
SGMNet_root_SGM,hand,11k_Hands_genuine_219,0001003,0001003,985,1132,321,221,0.6885,True,0.6885,True,True,1.1859
ASpanFormer_indoor,hand,11k_Hands_genuine_219,0001003,0001003,679,679,679,503,0.7408,True,0.7408,True,True,1.8568
DeepDetect,hand,11k_Hands_genuine_219,0001003,0001003,11533,11297,242,193,0.7975,True,0.7975,True,True,1.0714
LoFTR_indoor,hand,11k_Hands_genuine_220,0000534,0000534,908,908,908,636,0.7004,True,0.7004,True,True,1.9216
ORB,hand,11k_Hands_genuine_220,0000534,0000534,183,56,33,24,0.7273,True,0.7273,True,True,1.9279
SIFT,hand,11k_Hands_genuine_220,0000534,0000534,81,22,23,14,0.6087,True,0.6087,True,True,1.9292
SuperGlue,hand,11k_Hands_genuine_220,0000534,0000534,182,154,105,58,0.5524,True,0.5524,True,True,2.2707
SGMNet_root_SGM,hand,11k_Hands_genuine_220,0000534,0000534,1119,674,370,127,0.3432,False,0.3432,True,False,1.6426
ASpanFormer_indoor,hand,11k_Hands_genuine_220,0000534,0000534,899,899,899,623,0.6930,True,0.6930,True,True,2.2912
DeepDetect,hand,11k_Hands_genuine_220,0000534,0000534,9778,9634,385,370,0.9610,True,0.9610,True,True,0.3750
LoFTR_indoor,hand,11k_Hands_genuine_221,0001075,0001075,998,998,998,543,0.5441,True,0.5441,True,True,1.8656
ORB,hand,11k_Hands_genuine_221,0001075,0001075,388,325,50,15,0.3000,False,0.3000,True,False,2.3458
SIFT,hand,11k_Hands_genuine_221,0001075,0001075,164,154,41,23,0.5610,True,0.5610,True,True,1.9624
SuperGlue,hand,11k_Hands_genuine_221,0001075,0001075,220,249,177,61,0.3446,False,0.3446,True,False,2.1621
SGMNet_root_SGM,hand,11k_Hands_genuine_221,0001075,0001075,1242,1208,627,282,0.4498,True,0.4498,True,True,1.4639
ASpanFormer_indoor,hand,11k_Hands_genuine_221,0001075,0001075,1530,1530,1530,715,0.4673,True,0.4673,True,True,2.2529
DeepDetect,hand,11k_Hands_genuine_221,0001075,0001075,11695,12751,478,409,0.8556,True,0.8556,True,True,1.2513
LoFTR_indoor,hand,11k_Hands_genuine_222,0001533,0001533,400,400,400,158,0.3950,False,0.3950,True,False,2.3825
ORB,hand,11k_Hands_genuine_222,0001533,0001533,247,481,12,6,0.5000,True,0.5000,True,True,0.9670
SIFT,hand,11k_Hands_genuine_222,0001533,0001533,129,154,9,4,0.4444,False,0.4444,True,False,0.0000
SuperGlue,hand,11k_Hands_genuine_222,0001533,0001533,241,268,36,19,0.5278,True,0.5278,True,True,2.0741
SGMNet_root_SGM,hand,11k_Hands_genuine_222,0001533,0001533,982,1222,90,13,0.1444,False,0.1444,True,False,1.1986
ASpanFormer_indoor,hand,11k_Hands_genuine_222,0001533,0001533,299,299,299,194,0.6488,True,0.6488,True,True,2.0832
DeepDetect,hand,11k_Hands_genuine_222,0001533,0001533,12926,14844,110,56,0.5091,True,0.5091,True,True,2.1442
LoFTR_indoor,hand,11k_Hands_genuine_223,0001533,0001533,1019,1019,1019,593,0.5819,True,0.5819,True,True,2.2708
ORB,hand,11k_Hands_genuine_223,0001533,0001533,426,752,67,45,0.6716,True,0.6716,True,True,1.6987
SIFT,hand,11k_Hands_genuine_223,0001533,0001533,142,220,51,39,0.7647,True,0.7647,True,True,1.2706
SuperGlue,hand,11k_Hands_genuine_223,0001533,0001533,231,264,195,86,0.4410,False,0.4410,True,False,2.7671
SGMNet_root_SGM,hand,11k_Hands_genuine_223,0001533,0001533,868,1148,504,309,0.6131,True,0.6131,True,True,1.3395
ASpanFormer_indoor,hand,11k_Hands_genuine_223,0001533,0001533,1044,1044,1044,861,0.8247,True,0.8247,True,True,1.7394
DeepDetect,hand,11k_Hands_genuine_223,0001533,0001533,14376,15015,860,757,0.8802,True,0.8802,True,True,1.1167
LoFTR_indoor,hand,11k_Hands_genuine_224,2000000,2000000,784,784,784,427,0.5446,True,0.5446,True,True,1.3023
ORB,hand,11k_Hands_genuine_224,2000000,2000000,268,702,66,34,0.5152,True,0.5152,True,True,2.0895
SIFT,hand,11k_Hands_genuine_224,2000000,2000000,82,296,28,14,0.5000,True,0.5000,True,True,0.6915
SuperGlue,hand,11k_Hands_genuine_224,2000000,2000000,275,297,197,67,0.3401,False,0.3401,True,False,2.4795
SGMNet_root_SGM,hand,11k_Hands_genuine_224,2000000,2000000,695,1074,345,161,0.4667,True,0.4667,True,True,1.2762
ASpanFormer_indoor,hand,11k_Hands_genuine_224,2000000,2000000,1106,1106,1106,673,0.6085,True,0.6085,True,True,2.1803
DeepDetect,hand,11k_Hands_genuine_224,2000000,2000000,12760,15615,940,731,0.7777,True,0.7777,True,True,1.3270
LoFTR_indoor,hand,11k_Hands_genuine_225,0000012,0000012,219,219,219,43,0.1963,False,0.1963,True,False,2.2322
ORB,hand,11k_Hands_genuine_225,0000012,0000012,342,353,9,0,,False,,True,False,
SIFT,hand,11k_Hands_genuine_225,0000012,0000012,120,154,4,0,,False,,True,False,
SuperGlue,hand,11k_Hands_genuine_225,0000012,0000012,210,235,0,0,,False,,True,False,
SGMNet_root_SGM,hand,11k_Hands_genuine_225,0000012,0000012,798,1318,15,6,0.4000,True,0.4000,True,True,0.5557
ASpanFormer_indoor,hand,11k_Hands_genuine_225,0000012,0000012,94,94,94,43,0.4574,True,0.4574,True,True,1.5596
DeepDetect,hand,11k_Hands_genuine_225,0000012,0000012,10724,11639,30,0,,False,,True,False,
LoFTR_indoor,hand,11k_Hands_genuine_226,0001030,0001030,296,296,296,54,0.1824,False,0.1824,True,False,2.5512
ORB,hand,11k_Hands_genuine_226,0001030,0001030,524,455,25,0,,False,,True,False,
SIFT,hand,11k_Hands_genuine_226,0001030,0001030,140,122,5,4,0.8000,True,0.8000,True,True,0.0000
SuperGlue,hand,11k_Hands_genuine_226,0001030,0001030,208,162,0,0,,False,,True,False,
SGMNet_root_SGM,hand,11k_Hands_genuine_226,0001030,0001030,912,918,59,14,0.2373,False,0.2373,True,False,0.6222
ASpanFormer_indoor,hand,11k_Hands_genuine_226,0001030,0001030,107,107,107,45,0.4206,True,0.4206,True,True,2.2916
DeepDetect,hand,11k_Hands_genuine_226,0001030,0001030,11507,10519,77,54,0.7013,True,0.7013,True,True,1.4030
LoFTR_indoor,hand,11k_Hands_genuine_227,0001024,0001024,266,266,266,57,0.2143,False,0.2143,True,False,2.4093
ORB,hand,11k_Hands_genuine_227,0001024,0001024,450,227,26,0,,False,,True,False,
SIFT,hand,11k_Hands_genuine_227,0001024,0001024,123,85,6,0,,False,,True,False,
SuperGlue,hand,11k_Hands_genuine_227,0001024,0001024,196,153,6,0,,False,,True,False,
SGMNet_root_SGM,hand,11k_Hands_genuine_227,0001024,0001024,1516,857,16,9,0.5625,True,0.5625,True,True,0.8643
ASpanFormer_indoor,hand,11k_Hands_genuine_227,0001024,0001024,78,78,78,33,0.4231,True,0.4231,True,True,1.8206
DeepDetect,hand,11k_Hands_genuine_227,0001024,0001024,14373,9947,26,13,0.5000,True,0.5000,True,True,1.7832
LoFTR_indoor,hand,11k_Hands_genuine_228,0001566,0001566,307,307,307,49,0.1596,False,0.1596,True,False,1.7123
ORB,hand,11k_Hands_genuine_228,0001566,0001566,361,301,21,9,0.4286,False,0.4286,True,False,1.6138
SIFT,hand,11k_Hands_genuine_228,0001566,0001566,104,116,1,0,,False,,True,False,
SuperGlue,hand,11k_Hands_genuine_228,0001566,0001566,250,209,0,0,,False,,True,False,
SGMNet_root_SGM,hand,11k_Hands_genuine_228,0001566,0001566,1341,982,44,9,0.2045,False,0.2045,True,False,1.0220
ASpanFormer_indoor,hand,11k_Hands_genuine_228,0001566,0001566,146,146,146,53,0.3630,False,0.3630,True,False,1.9875
DeepDetect,hand,11k_Hands_genuine_228,0001566,0001566,12866,13556,124,0,,False,,True,False,
LoFTR_indoor,hand,11k_Hands_genuine_229,0001532,0001532,1256,1256,1256,964,0.7675,True,0.7675,True,True,1.7340
ORB,hand,11k_Hands_genuine_229,0001532,0001532,279,263,88,58,0.6591,True,0.6591,True,True,1.7373
SIFT,hand,11k_Hands_genuine_229,0001532,0001532,82,90,31,23,0.7419,True,0.7419,True,True,2.1585
SuperGlue,hand,11k_Hands_genuine_229,0001532,0001532,165,189,135,76,0.5630,True,0.5630,True,True,2.2932
SGMNet_root_SGM,hand,11k_Hands_genuine_229,0001532,0001532,864,918,505,358,0.7089,True,0.7089,True,True,1.1641
ASpanFormer_indoor,hand,11k_Hands_genuine_229,0001532,0001532,1732,1732,1732,1299,0.7500,True,0.7500,True,True,1.5149
DeepDetect,hand,11k_Hands_genuine_229,0001532,0001532,8977,9384,809,796,0.9839,True,0.9839,True,True,1.1896
LoFTR_indoor,hand,11k_Hands_genuine_230,0000093,0000093,357,357,357,110,0.3081,False,0.3081,True,False,2.5255
ORB,hand,11k_Hands_genuine_230,0000093,0000093,343,236,15,0,,False,,True,False,
SIFT,hand,11k_Hands_genuine_230,0000093,0000093,104,105,7,0,,False,,True,False,
SuperGlue,hand,11k_Hands_genuine_230,0000093,0000093,218,165,1,0,,False,,True,False,
SGMNet_root_SGM,hand,11k_Hands_genuine_230,0000093,0000093,936,837,39,10,0.2564,False,0.2564,True,False,1.0561
ASpanFormer_indoor,hand,11k_Hands_genuine_230,0000093,0000093,193,193,193,111,0.5751,True,0.5751,True,True,2.1238
DeepDetect,hand,11k_Hands_genuine_230,0000093,0000093,10305,9333,16,0,,False,,True,False,
LoFTR_indoor,hand,11k_Hands_genuine_231,0001067,0001067,234,234,234,60,0.2564,False,0.2564,True,False,2.2561
ORB,hand,11k_Hands_genuine_231,0001067,0001067,366,533,18,0,,False,,True,False,
SIFT,hand,11k_Hands_genuine_231,0001067,0001067,110,165,1,0,,False,,True,False,
SuperGlue,hand,11k_Hands_genuine_231,0001067,0001067,250,186,0,0,,False,,True,False,
SGMNet_root_SGM,hand,11k_Hands_genuine_231,0001067,0001067,1043,888,67,17,0.2537,False,0.2537,True,False,1.6635
ASpanFormer_indoor,hand,11k_Hands_genuine_231,0001067,0001067,148,148,148,61,0.4122,True,0.4122,True,True,2.5065
DeepDetect,hand,11k_Hands_genuine_231,0001067,0001067,11784,10635,113,75,0.6637,True,0.6637,True,True,0.8978
LoFTR_indoor,hand,11k_Hands_genuine_232,0001019,0001019,327,327,327,108,0.3303,False,0.3303,True,False,2.2988
ORB,hand,11k_Hands_genuine_232,0001019,0001019,314,275,14,0,,False,,True,False,
SIFT,hand,11k_Hands_genuine_232,0001019,0001019,119,92,8,4,0.5000,True,0.5000,True,True,0.0000
SuperGlue,hand,11k_Hands_genuine_232,0001019,0001019,215,217,6,0,,False,,True,False,
SGMNet_root_SGM,hand,11k_Hands_genuine_232,0001019,0001019,806,888,92,11,0.1196,False,0.1196,True,False,1.2700
ASpanFormer_indoor,hand,11k_Hands_genuine_232,0001019,0001019,112,112,112,75,0.6696,True,0.6696,True,True,1.8458
DeepDetect,hand,11k_Hands_genuine_232,0001019,0001019,9929,11312,20,10,0.5000,True,0.5000,True,True,0.8470
LoFTR_indoor,hand,11k_Hands_genuine_233,0001562,0001562,879,879,879,375,0.4266,False,0.4266,True,False,1.5497
ORB,hand,11k_Hands_genuine_233,0001562,0001562,568,384,58,25,0.4310,False,0.4310,True,False,1.8036
SIFT,hand,11k_Hands_genuine_233,0001562,0001562,137,92,39,19,0.4872,True,0.4872,True,True,1.0444
SuperGlue,hand,11k_Hands_genuine_233,0001562,0001562,141,205,104,27,0.2596,False,0.2596,True,False,2.6981
SGMNet_root_SGM,hand,11k_Hands_genuine_233,0001562,0001562,867,840,403,215,0.5335,True,0.5335,True,True,1.2015
ASpanFormer_indoor,hand,11k_Hands_genuine_233,0001562,0001562,944,944,944,537,0.5689,True,0.5689,True,True,1.2554
DeepDetect,hand,11k_Hands_genuine_233,0001562,0001562,9838,12100,188,145,0.7713,True,0.7713,True,True,0.6833
LoFTR_indoor,hand,11k_Hands_genuine_234,0001531,0001531,262,262,262,68,0.2595,False,0.2595,True,False,2.2565
ORB,hand,11k_Hands_genuine_234,0001531,0001531,454,266,17,0,,False,,True,False,
SIFT,hand,11k_Hands_genuine_234,0001531,0001531,171,132,19,0,,False,,True,False,
SuperGlue,hand,11k_Hands_genuine_234,0001531,0001531,224,255,0,0,,False,,True,False,
SGMNet_root_SGM,hand,11k_Hands_genuine_234,0001531,0001531,1428,1554,65,14,0.2154,False,0.2154,True,False,1.0129
ASpanFormer_indoor,hand,11k_Hands_genuine_234,0001531,0001531,105,105,105,34,0.3238,False,0.3238,True,False,2.0965
DeepDetect,hand,11k_Hands_genuine_234,0001531,0001531,11892,14034,37,16,0.4324,True,0.4324,True,True,0.7689
LoFTR_indoor,hand,11k_Hands_genuine_235,0001550,0001550,1148,1148,1148,994,0.8659,True,0.8659,True,True,1.9312
ORB,hand,11k_Hands_genuine_235,0001550,0001550,130,266,57,51,0.8947,True,0.8947,True,True,1.2183
SIFT,hand,11k_Hands_genuine_235,0001550,0001550,101,148,56,45,0.8036,True,0.8036,True,True,1.3930
SuperGlue,hand,11k_Hands_genuine_235,0001550,0001550,207,207,132,87,0.6591,True,0.6591,True,True,1.7813
SGMNet_root_SGM,hand,11k_Hands_genuine_235,0001550,0001550,1546,1578,864,453,0.5243,True,0.5243,True,True,1.4442
ASpanFormer_indoor,hand,11k_Hands_genuine_235,0001550,0001550,1170,1170,1170,907,0.7752,True,0.7752,True,True,1.7099
DeepDetect,hand,11k_Hands_genuine_235,0001550,0001550,12113,12542,1586,1566,0.9874,True,0.9874,True,True,0.9004
LoFTR_indoor,hand,11k_Hands_genuine_236,0001525,0001525,244,244,244,57,0.2336,False,0.2336,True,False,1.8170
ORB,hand,11k_Hands_genuine_236,0001525,0001525,172,129,4,0,,False,,True,False,
SIFT,hand,11k_Hands_genuine_236,0001525,0001525,67,64,4,0,,False,,True,False,
SuperGlue,hand,11k_Hands_genuine_236,0001525,0001525,173,194,4,0,,False,,True,False,
SGMNet_root_SGM,hand,11k_Hands_genuine_236,0001525,0001525,959,1092,19,7,0.3684,False,0.3684,True,False,1.1462
ASpanFormer_indoor,hand,11k_Hands_genuine_236,0001525,0001525,151,151,151,40,0.2649,False,0.2649,True,False,2.1364
DeepDetect,hand,11k_Hands_genuine_236,0001525,0001525,9340,10777,76,0,,False,,True,False,
LoFTR_indoor,hand,11k_Hands_genuine_237,0001019,0001019,1224,1224,1224,850,0.6944,True,0.6944,True,True,2.0547
ORB,hand,11k_Hands_genuine_237,0001019,0001019,192,203,68,53,0.7794,True,0.7794,True,True,0.8910
SIFT,hand,11k_Hands_genuine_237,0001019,0001019,63,62,24,16,0.6667,True,0.6667,True,True,1.2373
SuperGlue,hand,11k_Hands_genuine_237,0001019,0001019,161,173,142,66,0.4648,True,0.4648,True,True,2.2926
SGMNet_root_SGM,hand,11k_Hands_genuine_237,0001019,0001019,967,908,488,284,0.5820,True,0.5820,True,True,1.3559
ASpanFormer_indoor,hand,11k_Hands_genuine_237,0001019,0001019,2017,2017,2017,1350,0.6693,True,0.6693,True,True,2.1198
DeepDetect,hand,11k_Hands_genuine_237,0001019,0001019,9070,8929,487,422,0.8665,True,0.8665,True,True,1.4778
LoFTR_indoor,hand,11k_Hands_genuine_238,0001085,0001085,183,183,183,22,0.1202,False,0.1202,True,False,2.3863
ORB,hand,11k_Hands_genuine_238,0001085,0001085,630,205,16,0,,False,,True,False,
SIFT,hand,11k_Hands_genuine_238,0001085,0001085,249,130,9,0,,False,,True,False,
SuperGlue,hand,11k_Hands_genuine_238,0001085,0001085,477,224,0,0,,False,,True,False,
SGMNet_root_SGM,hand,11k_Hands_genuine_238,0001085,0001085,1395,1430,38,9,0.2368,False,0.2368,True,False,0.8601
ASpanFormer_indoor,hand,11k_Hands_genuine_238,0001085,0001085,91,91,91,26,0.2857,False,0.2857,True,False,2.2617
DeepDetect,hand,11k_Hands_genuine_238,0001085,0001085,14818,12533,17,10,0.5882,True,0.5882,True,True,1.1568
LoFTR_indoor,hand,11k_Hands_genuine_239,0001066,0001066,345,345,345,152,0.4406,False,0.4406,True,False,2.2358
ORB,hand,11k_Hands_genuine_239,0001066,0001066,459,411,44,14,0.3182,False,0.3182,True,False,2.4076
SIFT,hand,11k_Hands_genuine_239,0001066,0001066,149,116,9,0,,False,,True,False,
SuperGlue,hand,11k_Hands_genuine_239,0001066,0001066,188,181,23,13,0.5652,True,0.5652,True,True,2.0452
SGMNet_root_SGM,hand,11k_Hands_genuine_239,0001066,0001066,896,792,72,24,0.3333,False,0.3333,True,False,1.4536
ASpanFormer_indoor,hand,11k_Hands_genuine_239,0001066,0001066,222,222,222,160,0.7207,True,0.7207,True,True,1.6272
DeepDetect,hand,11k_Hands_genuine_239,0001066,0001066,11084,10201,53,36,0.6792,True,0.6792,True,True,1.7347
LoFTR_indoor,hand,11k_Hands_genuine_240,0001558,0001558,1098,1098,1098,782,0.7122,True,0.7122,True,True,1.7228
ORB,hand,11k_Hands_genuine_240,0001558,0001558,287,300,54,35,0.6481,True,0.6481,True,True,1.4365
SIFT,hand,11k_Hands_genuine_240,0001558,0001558,111,97,44,31,0.7045,True,0.7045,True,True,1.5951
SuperGlue,hand,11k_Hands_genuine_240,0001558,0001558,222,235,179,95,0.5307,True,0.5307,True,True,2.2930
SGMNet_root_SGM,hand,11k_Hands_genuine_240,0001558,0001558,1081,1107,627,381,0.6077,True,0.6077,True,True,1.2055
ASpanFormer_indoor,hand,11k_Hands_genuine_240,0001558,0001558,1897,1897,1897,1422,0.7496,True,0.7496,True,True,1.8958
DeepDetect,hand,11k_Hands_genuine_240,0001558,0001558,12026,11623,1696,1383,0.8154,True,0.8154,True,True,1.1269
LoFTR_indoor,hand,11k_Hands_genuine_241,8000000,8000000,1138,1138,1138,561,0.4930,True,0.4930,True,True,1.8113
ORB,hand,11k_Hands_genuine_241,8000000,8000000,547,711,109,69,0.6330,True,0.6330,True,True,0.8991
SIFT,hand,11k_Hands_genuine_241,8000000,8000000,165,174,39,23,0.5897,True,0.5897,True,True,1.1967
SuperGlue,hand,11k_Hands_genuine_241,8000000,8000000,279,263,219,74,0.3379,False,0.3379,True,False,2.2769
SGMNet_root_SGM,hand,11k_Hands_genuine_241,8000000,8000000,1346,1260,520,342,0.6577,True,0.6577,True,True,1.0250
ASpanFormer_indoor,hand,11k_Hands_genuine_241,8000000,8000000,1081,1081,1081,686,0.6346,True,0.6346,True,True,1.4359
DeepDetect,hand,11k_Hands_genuine_241,8000000,8000000,14954,13814,443,318,0.7178,True,0.7178,True,True,0.8687
LoFTR_indoor,hand,11k_Hands_genuine_242,1000000,1000000,280,280,280,63,0.2250,False,0.2250,True,False,2.1436
ORB,hand,11k_Hands_genuine_242,1000000,1000000,689,241,45,0,,False,,True,False,
SIFT,hand,11k_Hands_genuine_242,1000000,1000000,281,130,7,0,,False,,True,False,
SuperGlue,hand,11k_Hands_genuine_242,1000000,1000000,366,252,0,0,,False,,True,False,
SGMNet_root_SGM,hand,11k_Hands_genuine_242,1000000,1000000,1136,1089,18,7,0.3889,False,0.3889,True,False,0.6468
ASpanFormer_indoor,hand,11k_Hands_genuine_242,1000000,1000000,156,156,156,71,0.4551,True,0.4551,True,True,1.8267
DeepDetect,hand,11k_Hands_genuine_242,1000000,1000000,17132,13847,150,0,,False,,True,False,
LoFTR_indoor,hand,11k_Hands_genuine_243,0001050,0001050,317,317,317,92,0.2902,False,0.2902,True,False,1.7590
ORB,hand,11k_Hands_genuine_243,0001050,0001050,462,867,8,0,,False,,True,False,
SIFT,hand,11k_Hands_genuine_243,0001050,0001050,162,214,3,0,,False,,True,False,
SuperGlue,hand,11k_Hands_genuine_243,0001050,0001050,364,204,9,0,,False,,True,False,
SGMNet_root_SGM,hand,11k_Hands_genuine_243,0001050,0001050,1478,1062,33,8,0.2424,False,0.2424,True,False,0.3888
ASpanFormer_indoor,hand,11k_Hands_genuine_243,0001050,0001050,115,115,115,55,0.4783,True,0.4783,True,True,2.6297
DeepDetect,hand,11k_Hands_genuine_243,0001050,0001050,16708,12623,19,10,0.5263,True,0.5263,True,True,1.5244
LoFTR_indoor,hand,11k_Hands_genuine_244,0000587,0000587,253,253,253,60,0.2372,False,0.2372,True,False,2.3894
ORB,hand,11k_Hands_genuine_244,0000587,0000587,209,677,8,0,,False,,True,False,
SIFT,hand,11k_Hands_genuine_244,0000587,0000587,76,173,2,0,,False,,True,False,
SuperGlue,hand,11k_Hands_genuine_244,0000587,0000587,184,211,0,0,,False,,True,False,
SGMNet_root_SGM,hand,11k_Hands_genuine_244,0000587,0000587,879,945,38,12,0.3158,False,0.3158,True,False,1.1038
ASpanFormer_indoor,hand,11k_Hands_genuine_244,0000587,0000587,132,132,132,92,0.6970,True,0.6970,True,True,0.7971
DeepDetect,hand,11k_Hands_genuine_244,0000587,0000587,10105,11035,30,0,,False,,True,False,
LoFTR_indoor,hand,11k_Hands_genuine_245,0001051,0001051,255,255,255,41,0.1608,False,0.1608,True,False,2.5305
ORB,hand,11k_Hands_genuine_245,0001051,0001051,272,231,10,5,0.5000,True,0.5000,True,True,0.0645
SIFT,hand,11k_Hands_genuine_245,0001051,0001051,96,106,4,0,,False,,True,False,
SuperGlue,hand,11k_Hands_genuine_245,0001051,0001051,206,271,0,0,,False,,True,False,
SGMNet_root_SGM,hand,11k_Hands_genuine_245,0001051,0001051,1278,1505,48,9,0.1875,False,0.1875,True,False,1.0590
ASpanFormer_indoor,hand,11k_Hands_genuine_245,0001051,0001051,157,157,157,54,0.3439,False,0.3439,True,False,2.3406
DeepDetect,hand,11k_Hands_genuine_245,0001051,0001051,11662,12493,243,159,0.6543,True,0.6543,True,True,2.0123
LoFTR_indoor,hand,11k_Hands_genuine_246,0001547,0001547,163,163,163,36,0.2209,False,0.2209,True,False,2.3667
ORB,hand,11k_Hands_genuine_246,0001547,0001547,578,317,21,0,,False,,True,False,
SIFT,hand,11k_Hands_genuine_246,0001547,0001547,170,122,5,0,,False,,True,False,
SuperGlue,hand,11k_Hands_genuine_246,0001547,0001547,216,209,1,0,,False,,True,False,
SGMNet_root_SGM,hand,11k_Hands_genuine_246,0001547,0001547,833,1192,14,6,0.4286,True,0.4286,True,True,0.4928
ASpanFormer_indoor,hand,11k_Hands_genuine_246,0001547,0001547,81,81,81,28,0.3457,False,0.3457,True,False,1.1796
DeepDetect,hand,11k_Hands_genuine_246,0001547,0001547,11320,10549,25,13,0.5200,True,0.5200,True,True,1.3145
LoFTR_indoor,hand,11k_Hands_genuine_247,0001533,0001533,278,278,278,86,0.3094,False,0.3094,True,False,2.1997
ORB,hand,11k_Hands_genuine_247,0001533,0001533,403,612,11,5,0.4545,True,0.4545,True,True,0.0691
SIFT,hand,11k_Hands_genuine_247,0001533,0001533,140,180,4,0,,False,,True,False,
SuperGlue,hand,11k_Hands_genuine_247,0001533,0001533,213,232,5,5,1.0000,True,1.0000,True,True,1.3242
SGMNet_root_SGM,hand,11k_Hands_genuine_247,0001533,0001533,681,988,29,10,0.3448,False,0.3448,True,False,1.0021
ASpanFormer_indoor,hand,11k_Hands_genuine_247,0001533,0001533,194,194,194,91,0.4691,True,0.4691,True,True,2.1146
DeepDetect,hand,11k_Hands_genuine_247,0001533,0001533,11811,14082,55,42,0.7636,True,0.7636,True,True,1.2603
LoFTR_indoor,hand,11k_Hands_genuine_248,0001571,0001571,181,181,181,56,0.3094,False,0.3094,True,False,2.5219
ORB,hand,11k_Hands_genuine_248,0001571,0001571,435,438,21,0,,False,,True,False,
SIFT,hand,11k_Hands_genuine_248,0001571,0001571,76,115,3,0,,False,,True,False,
SuperGlue,hand,11k_Hands_genuine_248,0001571,0001571,152,167,1,0,,False,,True,False,
SGMNet_root_SGM,hand,11k_Hands_genuine_248,0001571,0001571,523,791,18,7,0.3889,False,0.3889,True,False,0.8619
ASpanFormer_indoor,hand,11k_Hands_genuine_248,0001571,0001571,68,68,68,43,0.6324,True,0.6324,True,True,2.3632
DeepDetect,hand,11k_Hands_genuine_248,0001571,0001571,9565,8665,51,42,0.8235,True,0.8235,True,True,0.6879
LoFTR_indoor,hand,11k_Hands_genuine_249,0001541,0001541,310,310,310,97,0.3129,False,0.3129,True,False,2.4584
ORB,hand,11k_Hands_genuine_249,0001541,0001541,327,520,14,0,,False,,True,False,
SIFT,hand,11k_Hands_genuine_249,0001541,0001541,84,110,3,0,,False,,True,False,
SuperGlue,hand,11k_Hands_genuine_249,0001541,0001541,189,151,7,6,0.8571,True,0.8571,True,True,0.8984
SGMNet_root_SGM,hand,11k_Hands_genuine_249,0001541,0001541,935,726,7,5,0.7143,True,0.7143,True,True,0.7616
ASpanFormer_indoor,hand,11k_Hands_genuine_249,0001541,0001541,254,254,254,132,0.5197,True,0.5197,True,True,2.3192
DeepDetect,hand,11k_Hands_genuine_249,0001541,0001541,12527,9875,9,0,,False,,True,False,
LoFTR_indoor,hand,11k_Hands_genuine_250,0001506,0001506,312,312,312,79,0.2532,False,0.2532,True,False,2.3548
ORB,hand,11k_Hands_genuine_250,0001506,0001506,173,188,5,0,,False,,True,False,
SIFT,hand,11k_Hands_genuine_250,0001506,0001506,86,64,4,0,,False,,True,False,
SuperGlue,hand,11k_Hands_genuine_250,0001506,0001506,219,146,0,0,,False,,True,False,
SGMNet_root_SGM,hand,11k_Hands_genuine_250,0001506,0001506,1521,1049,38,8,0.2105,False,0.2105,True,False,0.9942
ASpanFormer_indoor,hand,11k_Hands_genuine_250,0001506,0001506,140,140,140,63,0.4500,True,0.4500,True,True,1.9534
DeepDetect,hand,11k_Hands_genuine_250,0001506,0001506,10505,8968,178,0,,False,,True,False,
LoFTR_indoor,hand,11k_Hands_genuine_251,0001033,0001033,239,239,239,30,0.1255,False,0.1255,True,False,1.9429
ORB,hand,11k_Hands_genuine_251,0001033,0001033,604,335,28,0,,False,,True,False,
SIFT,hand,11k_Hands_genuine_251,0001033,0001033,174,117,10,0,,False,,True,False,
SuperGlue,hand,11k_Hands_genuine_251,0001033,0001033,185,197,0,0,,False,,True,False,
SGMNet_root_SGM,hand,11k_Hands_genuine_251,0001033,0001033,679,1113,35,7,0.2000,False,0.2000,True,False,0.7093
ASpanFormer_indoor,hand,11k_Hands_genuine_251,0001033,0001033,140,140,140,81,0.5786,True,0.5786,True,True,2.3282
DeepDetect,hand,11k_Hands_genuine_251,0001033,0001033,10955,10860,58,39,0.6724,True,0.6724,True,True,2.3164
LoFTR_indoor,hand,11k_Hands_genuine_252,0000055,0000055,223,223,223,41,0.1839,False,0.1839,True,False,2.1527
ORB,hand,11k_Hands_genuine_252,0000055,0000055,134,171,10,5,0.5000,True,0.5000,True,True,1.2955
SIFT,hand,11k_Hands_genuine_252,0000055,0000055,128,83,11,0,,False,,True,False,
SuperGlue,hand,11k_Hands_genuine_252,0000055,0000055,233,187,0,0,,False,,True,False,
SGMNet_root_SGM,hand,11k_Hands_genuine_252,0000055,0000055,1307,1011,38,10,0.2632,False,0.2632,True,False,1.2078
ASpanFormer_indoor,hand,11k_Hands_genuine_252,0000055,0000055,72,72,72,30,0.4167,True,0.4167,True,True,2.6548
DeepDetect,hand,11k_Hands_genuine_252,0000055,0000055,12078,9729,44,0,,False,,True,False,
LoFTR_indoor,hand,11k_Hands_genuine_253,0000552,0000552,355,355,355,98,0.2761,False,0.2761,True,False,2.5950
ORB,hand,11k_Hands_genuine_253,0000552,0000552,195,361,3,0,,False,,True,False,
SIFT,hand,11k_Hands_genuine_253,0000552,0000552,92,108,0,0,,False,,True,False,
SuperGlue,hand,11k_Hands_genuine_253,0000552,0000552,227,179,0,0,,False,,True,False,
SGMNet_root_SGM,hand,11k_Hands_genuine_253,0000552,0000552,1183,841,18,7,0.3889,False,0.3889,True,False,0.8227
ASpanFormer_indoor,hand,11k_Hands_genuine_253,0000552,0000552,300,300,300,185,0.6167,True,0.6167,True,True,2.4076
DeepDetect,hand,11k_Hands_genuine_253,0000552,0000552,10972,10403,26,15,0.5769,True,0.5769,True,True,1.6208
LoFTR_indoor,hand,11k_Hands_genuine_254,0001030,0001030,1317,1317,1317,808,0.6135,True,0.6135,True,True,2.1194
ORB,hand,11k_Hands_genuine_254,0001030,0001030,249,283,63,41,0.6508,True,0.6508,True,True,1.2030
SIFT,hand,11k_Hands_genuine_254,0001030,0001030,103,88,29,20,0.6897,True,0.6897,True,True,2.0713
SuperGlue,hand,11k_Hands_genuine_254,0001030,0001030,236,256,200,114,0.5700,True,0.5700,True,True,2.4866
SGMNet_root_SGM,hand,11k_Hands_genuine_254,0001030,0001030,1178,1361,674,344,0.5104,True,0.5104,True,True,1.4067
ASpanFormer_indoor,hand,11k_Hands_genuine_254,0001030,0001030,1768,1768,1768,1209,0.6838,True,0.6838,True,True,1.8635
DeepDetect,hand,11k_Hands_genuine_254,0001030,0001030,11904,12494,829,794,0.9578,True,0.9578,True,True,1.6841
LoFTR_indoor,hand,11k_Hands_genuine_255,0001541,0001541,69,69,69,13,0.1884,False,0.1884,True,False,1.8488
ORB,hand,11k_Hands_genuine_255,0001541,0001541,558,381,15,0,,False,,True,False,
SIFT,hand,11k_Hands_genuine_255,0001541,0001541,135,111,3,0,,False,,True,False,
SuperGlue,hand,11k_Hands_genuine_255,0001541,0001541,137,207,0,0,,False,,True,False,
SGMNet_root_SGM,hand,11k_Hands_genuine_255,0001541,0001541,733,933,3,0,,False,,True,False,
ASpanFormer_indoor,hand,11k_Hands_genuine_255,0001541,0001541,43,43,43,17,0.3953,False,0.3953,True,False,0.9318
DeepDetect,hand,11k_Hands_genuine_255,0001541,0001541,8565,11371,21,0,,False,,True,False,
LoFTR_indoor,hand,11k_Hands_genuine_256,0000552,0000552,247,247,247,118,0.4777,True,0.4777,True,True,2.1631
ORB,hand,11k_Hands_genuine_256,0000552,0000552,217,418,10,0,,False,,True,False,
SIFT,hand,11k_Hands_genuine_256,0000552,0000552,109,116,3,0,,False,,True,False,
SuperGlue,hand,11k_Hands_genuine_256,0000552,0000552,191,154,0,0,,False,,True,False,
SGMNet_root_SGM,hand,11k_Hands_genuine_256,0000552,0000552,1167,708,38,12,0.3158,False,0.3158,True,False,1.1918
ASpanFormer_indoor,hand,11k_Hands_genuine_256,0000552,0000552,216,216,216,149,0.6898,True,0.6898,True,True,1.7888
DeepDetect,hand,11k_Hands_genuine_256,0000552,0000552,10486,9351,31,28,0.9032,True,0.9032,True,True,0.0943
LoFTR_indoor,hand,11k_Hands_genuine_257,0001541,0001541,174,174,174,31,0.1782,False,0.1782,True,False,2.5049
ORB,hand,11k_Hands_genuine_257,0001541,0001541,605,588,36,0,,False,,True,False,
SIFT,hand,11k_Hands_genuine_257,0001541,0001541,159,152,2,0,,False,,True,False,
SuperGlue,hand,11k_Hands_genuine_257,0001541,0001541,215,134,32,9,0.2812,False,0.2812,True,False,1.9857
SGMNet_root_SGM,hand,11k_Hands_genuine_257,0001541,0001541,803,692,17,6,0.3529,False,0.3529,True,False,0.9377
ASpanFormer_indoor,hand,11k_Hands_genuine_257,0001541,0001541,130,130,130,40,0.3077,False,0.3077,True,False,1.5704
DeepDetect,hand,11k_Hands_genuine_257,0001541,0001541,10716,8944,29,0,,False,,True,False,
LoFTR_indoor,hand,11k_Hands_genuine_258,0000000,0000000,239,239,239,38,0.1590,False,0.1590,True,False,2.6972
ORB,hand,11k_Hands_genuine_258,0000000,0000000,125,159,18,0,,False,,True,False,
SIFT,hand,11k_Hands_genuine_258,0000000,0000000,43,57,1,0,,False,,True,False,
SuperGlue,hand,11k_Hands_genuine_258,0000000,0000000,177,229,5,0,,False,,True,False,
SGMNet_root_SGM,hand,11k_Hands_genuine_258,0000000,0000000,1255,1251,22,6,0.2727,False,0.2727,True,False,0.7515
ASpanFormer_indoor,hand,11k_Hands_genuine_258,0000000,0000000,92,92,92,37,0.4022,True,0.4022,True,True,2.3790
DeepDetect,hand,11k_Hands_genuine_258,0000000,0000000,10912,13100,43,0,,False,,True,False,
LoFTR_indoor,hand,11k_Hands_genuine_259,0001518,0001518,136,136,136,23,0.1691,False,0.1691,True,False,1.9353
ORB,hand,11k_Hands_genuine_259,0001518,0001518,202,57,16,0,,False,,True,False,
SIFT,hand,11k_Hands_genuine_259,0001518,0001518,69,52,5,0,,False,,True,False,
SuperGlue,hand,11k_Hands_genuine_259,0001518,0001518,174,234,0,0,,False,,True,False,
SGMNet_root_SGM,hand,11k_Hands_genuine_259,0001518,0001518,1237,1355,82,13,0.1585,False,0.1585,True,False,1.2289
ASpanFormer_indoor,hand,11k_Hands_genuine_259,0001518,0001518,93,93,93,32,0.3441,False,0.3441,True,False,2.0894
DeepDetect,hand,11k_Hands_genuine_259,0001518,0001518,10010,12435,10,9,0.9000,True,0.9000,True,True,1.3693
LoFTR_indoor,hand,11k_Hands_genuine_260,0000088,0000088,269,269,269,27,0.1004,False,0.1004,True,False,2.3544
ORB,hand,11k_Hands_genuine_260,0000088,0000088,251,208,16,0,,False,,True,False,
SIFT,hand,11k_Hands_genuine_260,0000088,0000088,134,139,3,0,,False,,True,False,
SuperGlue,hand,11k_Hands_genuine_260,0000088,0000088,197,255,0,0,,False,,True,False,
SGMNet_root_SGM,hand,11k_Hands_genuine_260,0000088,0000088,1457,1684,234,23,0.0983,False,0.0983,True,False,1.1263
ASpanFormer_indoor,hand,11k_Hands_genuine_260,0000088,0000088,163,163,163,48,0.2945,False,0.2945,True,False,2.5184
DeepDetect,hand,11k_Hands_genuine_260,0000088,0000088,12946,14824,144,112,0.7778,True,0.7778,True,True,0.9164
LoFTR_indoor,hand,11k_Hands_genuine_261,0000596,0000596,393,393,393,119,0.3028,False,0.3028,True,False,2.5573
ORB,hand,11k_Hands_genuine_261,0000596,0000596,341,337,10,0,,False,,True,False,
SIFT,hand,11k_Hands_genuine_261,0000596,0000596,128,115,10,0,,False,,True,False,
SuperGlue,hand,11k_Hands_genuine_261,0000596,0000596,188,157,19,9,0.4737,True,0.4737,True,True,1.9090
SGMNet_root_SGM,hand,11k_Hands_genuine_261,0000596,0000596,887,999,52,10,0.1923,False,0.1923,True,False,0.8781
ASpanFormer_indoor,hand,11k_Hands_genuine_261,0000596,0000596,195,195,195,96,0.4923,True,0.4923,True,True,2.5138
DeepDetect,hand,11k_Hands_genuine_261,0000596,0000596,10063,9944,27,16,0.5926,True,0.5926,True,True,0.7164
LoFTR_indoor,hand,11k_Hands_genuine_262,0001509,0001509,223,223,223,41,0.1839,False,0.1839,True,False,2.3196
ORB,hand,11k_Hands_genuine_262,0001509,0001509,194,197,10,0,,False,,True,False,
SIFT,hand,11k_Hands_genuine_262,0001509,0001509,80,125,1,0,,False,,True,False,
SuperGlue,hand,11k_Hands_genuine_262,0001509,0001509,169,239,0,0,,False,,True,False,
SGMNet_root_SGM,hand,11k_Hands_genuine_262,0001509,0001509,936,1125,26,7,0.2692,False,0.2692,True,False,0.8057
ASpanFormer_indoor,hand,11k_Hands_genuine_262,0001509,0001509,36,36,36,20,0.5556,True,0.5556,True,True,1.8275
DeepDetect,hand,11k_Hands_genuine_262,0001509,0001509,11358,11537,53,0,,False,,True,False,
LoFTR_indoor,hand,11k_Hands_genuine_263,0001541,0001541,738,738,738,436,0.5908,True,0.5908,True,True,2.3542
ORB,hand,11k_Hands_genuine_263,0001541,0001541,509,542,55,38,0.6909,True,0.6909,True,True,2.1119
SIFT,hand,11k_Hands_genuine_263,0001541,0001541,139,127,16,12,0.7500,True,0.7500,True,True,1.3914
SuperGlue,hand,11k_Hands_genuine_263,0001541,0001541,164,175,115,62,0.5391,True,0.5391,True,True,2.3285
SGMNet_root_SGM,hand,11k_Hands_genuine_263,0001541,0001541,785,702,315,163,0.5175,True,0.5175,True,True,1.6513
ASpanFormer_indoor,hand,11k_Hands_genuine_263,0001541,0001541,649,649,649,443,0.6826,True,0.6826,True,True,2.1210
DeepDetect,hand,11k_Hands_genuine_263,0001541,0001541,9761,10618,6,0,,False,,True,False,
LoFTR_indoor,hand,11k_Hands_genuine_264,0001519,0001519,215,215,215,65,0.3023,False,0.3023,True,False,2.1881
ORB,hand,11k_Hands_genuine_264,0001519,0001519,359,209,22,0,,False,,True,False,
SIFT,hand,11k_Hands_genuine_264,0001519,0001519,166,83,4,0,,False,,True,False,
SuperGlue,hand,11k_Hands_genuine_264,0001519,0001519,237,191,5,0,,False,,True,False,
SGMNet_root_SGM,hand,11k_Hands_genuine_264,0001519,0001519,1377,1308,58,11,0.1897,False,0.1897,True,False,1.5463
ASpanFormer_indoor,hand,11k_Hands_genuine_264,0001519,0001519,152,152,152,71,0.4671,True,0.4671,True,True,1.8550
DeepDetect,hand,11k_Hands_genuine_264,0001519,0001519,13028,11416,7,0,,False,,True,False,
LoFTR_indoor,hand,11k_Hands_genuine_265,0000025,0000025,135,135,135,34,0.2519,False,0.2519,True,False,2.6807
ORB,hand,11k_Hands_genuine_265,0000025,0000025,284,350,13,0,,False,,True,False,
SIFT,hand,11k_Hands_genuine_265,0000025,0000025,92,107,1,0,,False,,True,False,
SuperGlue,hand,11k_Hands_genuine_265,0000025,0000025,197,347,0,0,,False,,True,False,
SGMNet_root_SGM,hand,11k_Hands_genuine_265,0000025,0000025,875,1284,8,5,0.6250,True,0.6250,True,True,0.0000
ASpanFormer_indoor,hand,11k_Hands_genuine_265,0000025,0000025,68,68,68,23,0.3382,False,0.3382,True,False,2.3116
DeepDetect,hand,11k_Hands_genuine_265,0000025,0000025,10511,19663,4,0,,False,,True,False,
LoFTR_indoor,hand,11k_Hands_genuine_266,0001033,0001033,281,281,281,58,0.2064,False,0.2064,True,False,2.6709
ORB,hand,11k_Hands_genuine_266,0001033,0001033,215,268,5,0,,False,,True,False,
SIFT,hand,11k_Hands_genuine_266,0001033,0001033,63,105,1,0,,False,,True,False,
SuperGlue,hand,11k_Hands_genuine_266,0001033,0001033,161,214,0,0,,False,,True,False,
SGMNet_root_SGM,hand,11k_Hands_genuine_266,0001033,0001033,584,1206,16,0,,False,,True,False,
ASpanFormer_indoor,hand,11k_Hands_genuine_266,0001033,0001033,214,214,214,87,0.4065,True,0.4065,True,True,2.3675
DeepDetect,hand,11k_Hands_genuine_266,0001033,0001033,9782,11033,20,12,0.6000,True,0.6000,True,True,0.6686
LoFTR_indoor,hand,11k_Hands_genuine_267,0001518,0001518,276,276,276,46,0.1667,False,0.1667,True,False,2.3335
ORB,hand,11k_Hands_genuine_267,0001518,0001518,195,110,14,0,,False,,True,False,
SIFT,hand,11k_Hands_genuine_267,0001518,0001518,78,59,1,0,,False,,True,False,
SuperGlue,hand,11k_Hands_genuine_267,0001518,0001518,189,192,0,0,,False,,True,False,
SGMNet_root_SGM,hand,11k_Hands_genuine_267,0001518,0001518,1114,1118,61,10,0.1639,False,0.1639,True,False,1.0700
ASpanFormer_indoor,hand,11k_Hands_genuine_267,0001518,0001518,130,130,130,45,0.3462,False,0.3462,True,False,2.2884
DeepDetect,hand,11k_Hands_genuine_267,0001518,0001518,10379,11437,40,0,,False,,True,False,
LoFTR_indoor,hand,11k_Hands_genuine_268,0001028,0001028,274,274,274,58,0.2117,False,0.2117,True,False,2.5081
ORB,hand,11k_Hands_genuine_268,0001028,0001028,368,384,19,0,,False,,True,False,
SIFT,hand,11k_Hands_genuine_268,0001028,0001028,93,140,5,0,,False,,True,False,
SuperGlue,hand,11k_Hands_genuine_268,0001028,0001028,220,235,1,0,,False,,True,False,
SGMNet_root_SGM,hand,11k_Hands_genuine_268,0001028,0001028,893,1230,22,8,0.3636,False,0.3636,True,False,0.7178
ASpanFormer_indoor,hand,11k_Hands_genuine_268,0001028,0001028,141,141,141,56,0.3972,False,0.3972,True,False,2.6067
DeepDetect,hand,11k_Hands_genuine_268,0001028,0001028,11004,12665,20,0,,False,,True,False,
LoFTR_indoor,hand,11k_Hands_genuine_269,0001018,0001018,288,288,288,108,0.3750,False,0.3750,True,False,1.6754
ORB,hand,11k_Hands_genuine_269,0001018,0001018,607,557,31,0,,False,,True,False,
SIFT,hand,11k_Hands_genuine_269,0001018,0001018,139,117,10,0,,False,,True,False,
SuperGlue,hand,11k_Hands_genuine_269,0001018,0001018,168,191,1,0,,False,,True,False,
SGMNet_root_SGM,hand,11k_Hands_genuine_269,0001018,0001018,1000,859,58,19,0.3276,False,0.3276,True,False,1.5475
ASpanFormer_indoor,hand,11k_Hands_genuine_269,0001018,0001018,177,177,177,72,0.4068,True,0.4068,True,True,1.3000
DeepDetect,hand,11k_Hands_genuine_269,0001018,0001018,10592,12022,197,0,,False,,True,False,
LoFTR_indoor,hand,11k_Hands_genuine_270,0001013,0001013,214,214,214,40,0.1869,False,0.1869,True,False,2.2716
ORB,hand,11k_Hands_genuine_270,0001013,0001013,207,152,8,0,,False,,True,False,
SIFT,hand,11k_Hands_genuine_270,0001013,0001013,71,83,1,0,,False,,True,False,
SuperGlue,hand,11k_Hands_genuine_270,0001013,0001013,187,197,11,0,,False,,True,False,
SGMNet_root_SGM,hand,11k_Hands_genuine_270,0001013,0001013,1029,1264,32,8,0.2500,False,0.2500,True,False,0.6755
ASpanFormer_indoor,hand,11k_Hands_genuine_270,0001013,0001013,153,153,153,50,0.3268,False,0.3268,True,False,1.4564
DeepDetect,hand,11k_Hands_genuine_270,0001013,0001013,9616,9843,11,8,0.7273,True,0.7273,True,True,0.5373
LoFTR_indoor,hand,11k_Hands_genuine_271,7000000,7000000,197,197,197,20,0.1015,False,0.1015,True,False,2.1054
ORB,hand,11k_Hands_genuine_271,7000000,7000000,445,237,17,0,,False,,True,False,
SIFT,hand,11k_Hands_genuine_271,7000000,7000000,141,103,9,0,,False,,True,False,
SuperGlue,hand,11k_Hands_genuine_271,7000000,7000000,194,268,9,6,0.6667,True,0.6667,True,True,1.2923
SGMNet_root_SGM,hand,11k_Hands_genuine_271,7000000,7000000,1206,1541,110,13,0.1182,False,0.1182,True,False,1.1667
ASpanFormer_indoor,hand,11k_Hands_genuine_271,7000000,7000000,78,78,78,28,0.3590,False,0.3590,True,False,2.0868
DeepDetect,hand,11k_Hands_genuine_271,7000000,7000000,10995,12253,60,44,0.7333,True,0.7333,True,True,1.1794
LoFTR_indoor,hand,11k_Hands_genuine_272,0001058,0001058,238,238,238,52,0.2185,False,0.2185,True,False,1.9972
ORB,hand,11k_Hands_genuine_272,0001058,0001058,284,302,7,0,,False,,True,False,
SIFT,hand,11k_Hands_genuine_272,0001058,0001058,89,149,6,0,,False,,True,False,
SuperGlue,hand,11k_Hands_genuine_272,0001058,0001058,165,215,7,6,0.8571,True,0.8571,True,True,1.0080
SGMNet_root_SGM,hand,11k_Hands_genuine_272,0001058,0001058,754,1139,36,9,0.2500,False,0.2500,True,False,0.4844
ASpanFormer_indoor,hand,11k_Hands_genuine_272,0001058,0001058,223,223,223,78,0.3498,False,0.3498,True,False,1.6896
DeepDetect,hand,11k_Hands_genuine_272,0001058,0001058,9419,11694,56,0,,False,,True,False,
LoFTR_indoor,hand,11k_Hands_genuine_273,0000546,0000546,274,274,274,58,0.2117,False,0.2117,True,False,2.4824
ORB,hand,11k_Hands_genuine_273,0000546,0000546,202,297,5,0,,False,,True,False,
SIFT,hand,11k_Hands_genuine_273,0000546,0000546,72,97,2,0,,False,,True,False,
SuperGlue,hand,11k_Hands_genuine_273,0000546,0000546,185,159,0,0,,False,,True,False,
SGMNet_root_SGM,hand,11k_Hands_genuine_273,0000546,0000546,1071,775,22,0,,False,,True,False,
ASpanFormer_indoor,hand,11k_Hands_genuine_273,0000546,0000546,132,132,132,59,0.4470,True,0.4470,True,True,2.0101
DeepDetect,hand,11k_Hands_genuine_273,0000546,0000546,9804,9809,14,0,,False,,True,False,
LoFTR_indoor,hand,11k_Hands_genuine_274,0001562,0001562,354,354,354,68,0.1921,False,0.1921,True,False,2.3135
ORB,hand,11k_Hands_genuine_274,0001562,0001562,384,262,17,0,,False,,True,False,
SIFT,hand,11k_Hands_genuine_274,0001562,0001562,95,92,5,0,,False,,True,False,
SuperGlue,hand,11k_Hands_genuine_274,0001562,0001562,175,180,10,7,0.7000,True,0.7000,True,True,1.0812
SGMNet_root_SGM,hand,11k_Hands_genuine_274,0001562,0001562,984,1102,35,9,0.2571,False,0.2571,True,False,0.5772
ASpanFormer_indoor,hand,11k_Hands_genuine_274,0001562,0001562,221,221,221,68,0.3077,False,0.3077,True,False,2.5575
DeepDetect,hand,11k_Hands_genuine_274,0001562,0001562,10964,9668,15,0,,False,,True,False,
LoFTR_indoor,hand,11k_Hands_genuine_275,0001540,0001540,205,205,205,25,0.1220,False,0.1220,True,False,1.8852
ORB,hand,11k_Hands_genuine_275,0001540,0001540,330,414,19,0,,False,,True,False,
SIFT,hand,11k_Hands_genuine_275,0001540,0001540,114,97,1,0,,False,,True,False,
SuperGlue,hand,11k_Hands_genuine_275,0001540,0001540,221,192,0,0,,False,,True,False,
SGMNet_root_SGM,hand,11k_Hands_genuine_275,0001540,0001540,973,1275,11,0,,False,,True,False,
ASpanFormer_indoor,hand,11k_Hands_genuine_275,0001540,0001540,131,131,131,53,0.4046,True,0.4046,True,True,2.7325
DeepDetect,hand,11k_Hands_genuine_275,0001540,0001540,12507,12212,16,8,0.5000,True,0.5000,True,True,2.1079
LoFTR_indoor,hand,11k_Hands_genuine_276,0001090,0001090,184,184,184,28,0.1522,False,0.1522,True,False,2.6352
ORB,hand,11k_Hands_genuine_276,0001090,0001090,369,305,18,0,,False,,True,False,
SIFT,hand,11k_Hands_genuine_276,0001090,0001090,103,103,5,0,,False,,True,False,
SuperGlue,hand,11k_Hands_genuine_276,0001090,0001090,280,236,0,0,,False,,True,False,
SGMNet_root_SGM,hand,11k_Hands_genuine_276,0001090,0001090,924,1163,29,8,0.2759,False,0.2759,True,False,0.5549
ASpanFormer_indoor,hand,11k_Hands_genuine_276,0001090,0001090,55,55,55,17,0.3091,False,0.3091,True,False,1.9873
DeepDetect,hand,11k_Hands_genuine_276,0001090,0001090,14931,12104,44,0,,False,,True,False,
LoFTR_indoor,hand,11k_Hands_genuine_277,0001052,0001052,1119,1119,1119,843,0.7534,True,0.7534,True,True,1.7125
ORB,hand,11k_Hands_genuine_277,0001052,0001052,319,556,149,123,0.8255,True,0.8255,True,True,1.2699
SIFT,hand,11k_Hands_genuine_277,0001052,0001052,90,167,51,42,0.8235,True,0.8235,True,True,0.9726
SuperGlue,hand,11k_Hands_genuine_277,0001052,0001052,158,170,138,88,0.6377,True,0.6377,True,True,2.1843
SGMNet_root_SGM,hand,11k_Hands_genuine_277,0001052,0001052,752,884,404,268,0.6634,True,0.6634,True,True,1.5973
ASpanFormer_indoor,hand,11k_Hands_genuine_277,0001052,0001052,1684,1684,1684,1234,0.7328,True,0.7328,True,True,1.9815
DeepDetect,hand,11k_Hands_genuine_277,0001052,0001052,9931,10907,1148,1139,0.9922,True,0.9922,True,True,1.1368
LoFTR_indoor,hand,11k_Hands_genuine_278,0001539,0001539,410,410,410,193,0.4707,True,0.4707,True,True,2.3338
ORB,hand,11k_Hands_genuine_278,0001539,0001539,240,389,13,0,,False,,True,False,
SIFT,hand,11k_Hands_genuine_278,0001539,0001539,81,122,7,4,0.5714,True,0.5714,True,True,0.0000
SuperGlue,hand,11k_Hands_genuine_278,0001539,0001539,191,172,6,0,,False,,True,False,
SGMNet_root_SGM,hand,11k_Hands_genuine_278,0001539,0001539,1196,908,43,13,0.3023,False,0.3023,True,False,0.7564
ASpanFormer_indoor,hand,11k_Hands_genuine_278,0001539,0001539,299,299,299,200,0.6689,True,0.6689,True,True,2.0987
DeepDetect,hand,11k_Hands_genuine_278,0001539,0001539,10300,10466,14,8,0.5714,True,0.5714,True,True,1.8557
LoFTR_indoor,hand,11k_Hands_genuine_279,0001559,0001559,193,193,193,55,0.2850,False,0.2850,True,False,2.1105
ORB,hand,11k_Hands_genuine_279,0001559,0001559,284,486,7,5,0.7143,True,0.7143,True,True,0.9655
SIFT,hand,11k_Hands_genuine_279,0001559,0001559,123,101,10,0,,False,,True,False,
SuperGlue,hand,11k_Hands_genuine_279,0001559,0001559,194,186,0,0,,False,,True,False,
SGMNet_root_SGM,hand,11k_Hands_genuine_279,0001559,0001559,1182,964,24,8,0.3333,False,0.3333,True,False,1.0084
ASpanFormer_indoor,hand,11k_Hands_genuine_279,0001559,0001559,98,98,98,48,0.4898,True,0.4898,True,True,2.3224
DeepDetect,hand,11k_Hands_genuine_279,0001559,0001559,10196,11174,4,0,,False,,True,False,
LoFTR_indoor,hand,11k_Hands_genuine_280,0001036,0001036,192,192,192,38,0.1979,False,0.1979,True,False,2.7465
ORB,hand,11k_Hands_genuine_280,0001036,0001036,439,353,13,0,,False,,True,False,
SIFT,hand,11k_Hands_genuine_280,0001036,0001036,82,79,5,0,,False,,True,False,
SuperGlue,hand,11k_Hands_genuine_280,0001036,0001036,185,184,0,0,,False,,True,False,
SGMNet_root_SGM,hand,11k_Hands_genuine_280,0001036,0001036,736,606,11,7,0.6364,True,0.6364,True,True,0.7580
ASpanFormer_indoor,hand,11k_Hands_genuine_280,0001036,0001036,57,57,57,23,0.4035,True,0.4035,True,True,2.1468
DeepDetect,hand,11k_Hands_genuine_280,0001036,0001036,9695,11135,22,0,,False,,True,False,
LoFTR_indoor,hand,11k_Hands_genuine_281,0001559,0001559,281,281,281,64,0.2278,False,0.2278,True,False,2.9330
ORB,hand,11k_Hands_genuine_281,0001559,0001559,352,558,18,0,,False,,True,False,
SIFT,hand,11k_Hands_genuine_281,0001559,0001559,141,114,7,0,,False,,True,False,
SuperGlue,hand,11k_Hands_genuine_281,0001559,0001559,175,216,0,0,,False,,True,False,
SGMNet_root_SGM,hand,11k_Hands_genuine_281,0001559,0001559,1110,927,17,6,0.3529,False,0.3529,True,False,0.7936
ASpanFormer_indoor,hand,11k_Hands_genuine_281,0001559,0001559,83,83,83,45,0.5422,True,0.5422,True,True,1.3098
DeepDetect,hand,11k_Hands_genuine_281,0001559,0001559,10344,12094,12,0,,False,,True,False,
LoFTR_indoor,hand,11k_Hands_genuine_282,0001059,0001059,397,397,397,175,0.4408,False,0.4408,True,False,2.2244
ORB,hand,11k_Hands_genuine_282,0001059,0001059,494,346,32,8,0.2500,False,0.2500,True,False,1.8400
SIFT,hand,11k_Hands_genuine_282,0001059,0001059,152,125,6,0,,False,,True,False,
SuperGlue,hand,11k_Hands_genuine_282,0001059,0001059,242,232,14,7,0.5000,True,0.5000,True,True,1.5883
SGMNet_root_SGM,hand,11k_Hands_genuine_282,0001059,0001059,1350,1241,78,15,0.1923,False,0.1923,True,False,1.3853
ASpanFormer_indoor,hand,11k_Hands_genuine_282,0001059,0001059,243,243,243,91,0.3745,False,0.3745,True,False,2.4748
DeepDetect,hand,11k_Hands_genuine_282,0001059,0001059,13112,13113,165,136,0.8242,True,0.8242,True,True,0.6494
LoFTR_indoor,hand,11k_Hands_genuine_283,0001527,0001527,322,322,322,105,0.3261,False,0.3261,True,False,2.5406
ORB,hand,11k_Hands_genuine_283,0001527,0001527,326,569,19,0,,False,,True,False,
SIFT,hand,11k_Hands_genuine_283,0001527,0001527,93,127,9,0,,False,,True,False,
SuperGlue,hand,11k_Hands_genuine_283,0001527,0001527,295,169,23,13,0.5652,True,0.5652,True,True,1.9933
SGMNet_root_SGM,hand,11k_Hands_genuine_283,0001527,0001527,1342,1067,183,36,0.1967,False,0.1967,True,False,1.6486
ASpanFormer_indoor,hand,11k_Hands_genuine_283,0001527,0001527,185,185,185,91,0.4919,True,0.4919,True,True,2.4256
DeepDetect,hand,11k_Hands_genuine_283,0001527,0001527,13180,10637,120,0,,False,,True,False,
LoFTR_indoor,hand,11k_Hands_genuine_284,0001545,0001545,460,460,460,171,0.3717,False,0.3717,True,False,2.0209
ORB,hand,11k_Hands_genuine_284,0001545,0001545,246,603,16,0,,False,,True,False,
SIFT,hand,11k_Hands_genuine_284,0001545,0001545,94,130,11,5,0.4545,True,0.4545,True,True,1.0312
SuperGlue,hand,11k_Hands_genuine_284,0001545,0001545,358,403,119,39,0.3277,False,0.3277,True,False,2.5678
SGMNet_root_SGM,hand,11k_Hands_genuine_284,0001545,0001545,1453,1281,580,240,0.4138,True,0.4138,True,True,1.7372
ASpanFormer_indoor,hand,11k_Hands_genuine_284,0001545,0001545,481,481,481,244,0.5073,True,0.5073,True,True,2.2717
DeepDetect,hand,11k_Hands_genuine_284,0001545,0001545,16794,21076,224,113,0.5045,True,0.5045,True,True,1.4469
LoFTR_indoor,hand,11k_Hands_genuine_285,0001545,0001545,216,216,216,57,0.2639,False,0.2639,True,False,2.3292
ORB,hand,11k_Hands_genuine_285,0001545,0001545,816,427,37,0,,False,,True,False,
SIFT,hand,11k_Hands_genuine_285,0001545,0001545,172,131,7,0,,False,,True,False,
SuperGlue,hand,11k_Hands_genuine_285,0001545,0001545,209,338,4,0,,False,,True,False,
SGMNet_root_SGM,hand,11k_Hands_genuine_285,0001545,0001545,896,1502,14,0,,False,,True,False,
ASpanFormer_indoor,hand,11k_Hands_genuine_285,0001545,0001545,89,89,89,34,0.3820,False,0.3820,True,False,2.1756
DeepDetect,hand,11k_Hands_genuine_285,0001545,0001545,11647,17513,27,14,0.5185,True,0.5185,True,True,1.6852
LoFTR_indoor,hand,11k_Hands_genuine_286,2000000,2000000,554,554,554,284,0.5126,True,0.5126,True,True,1.1040
ORB,hand,11k_Hands_genuine_286,2000000,2000000,442,608,59,23,0.3898,False,0.3898,True,False,1.1362
SIFT,hand,11k_Hands_genuine_286,2000000,2000000,203,226,30,13,0.4333,False,0.4333,True,False,0.9044
SuperGlue,hand,11k_Hands_genuine_286,2000000,2000000,291,308,124,39,0.3145,False,0.3145,True,False,2.2742
SGMNet_root_SGM,hand,11k_Hands_genuine_286,2000000,2000000,936,1048,472,172,0.3644,False,0.3644,True,False,1.6244
ASpanFormer_indoor,hand,11k_Hands_genuine_286,2000000,2000000,713,713,713,294,0.4123,True,0.4123,True,True,0.8076
DeepDetect,hand,11k_Hands_genuine_286,2000000,2000000,13693,15609,291,224,0.7698,True,0.7698,True,True,1.5161
LoFTR_indoor,hand,11k_Hands_genuine_287,0001529,0001529,132,132,132,23,0.1742,False,0.1742,True,False,2.5361
ORB,hand,11k_Hands_genuine_287,0001529,0001529,528,424,11,5,0.4545,True,0.4545,True,True,0.1774
SIFT,hand,11k_Hands_genuine_287,0001529,0001529,140,128,5,0,,False,,True,False,
SuperGlue,hand,11k_Hands_genuine_287,0001529,0001529,171,234,0,0,,False,,True,False,
SGMNet_root_SGM,hand,11k_Hands_genuine_287,0001529,0001529,831,1340,4,0,,False,,True,False,
ASpanFormer_indoor,hand,11k_Hands_genuine_287,0001529,0001529,34,34,34,11,0.3235,False,0.3235,True,False,1.8080
DeepDetect,hand,11k_Hands_genuine_287,0001529,0001529,10379,11944,36,23,0.6389,True,0.6389,True,True,0.4255
LoFTR_indoor,hand,11k_Hands_genuine_288,0001050,0001050,234,234,234,58,0.2479,False,0.2479,True,False,2.5789
ORB,hand,11k_Hands_genuine_288,0001050,0001050,462,447,15,0,,False,,True,False,
SIFT,hand,11k_Hands_genuine_288,0001050,0001050,135,143,1,0,,False,,True,False,
SuperGlue,hand,11k_Hands_genuine_288,0001050,0001050,222,288,1,0,,False,,True,False,
SGMNet_root_SGM,hand,11k_Hands_genuine_288,0001050,0001050,1163,1498,23,9,0.3913,False,0.3913,True,False,0.9960
ASpanFormer_indoor,hand,11k_Hands_genuine_288,0001050,0001050,231,231,231,113,0.4892,True,0.4892,True,True,2.0312
DeepDetect,hand,11k_Hands_genuine_288,0001050,0001050,12888,13674,27,15,0.5556,True,0.5556,True,True,0.4010
LoFTR_indoor,hand,11k_Hands_genuine_289,0001067,0001067,232,232,232,79,0.3405,False,0.3405,True,False,2.0658
ORB,hand,11k_Hands_genuine_289,0001067,0001067,600,533,21,0,,False,,True,False,
SIFT,hand,11k_Hands_genuine_289,0001067,0001067,155,165,1,0,,False,,True,False,
SuperGlue,hand,11k_Hands_genuine_289,0001067,0001067,170,186,5,0,,False,,True,False,
SGMNet_root_SGM,hand,11k_Hands_genuine_289,0001067,0001067,704,888,29,9,0.3103,False,0.3103,True,False,1.1836
ASpanFormer_indoor,hand,11k_Hands_genuine_289,0001067,0001067,74,74,74,56,0.7568,True,0.7568,True,True,1.4104
DeepDetect,hand,11k_Hands_genuine_289,0001067,0001067,10889,10635,37,0,,False,,True,False,
LoFTR_indoor,hand,11k_Hands_genuine_290,0001042,0001042,346,346,346,88,0.2543,False,0.2543,True,False,2.2378
ORB,hand,11k_Hands_genuine_290,0001042,0001042,457,252,20,0,,False,,True,False,
SIFT,hand,11k_Hands_genuine_290,0001042,0001042,111,72,6,0,,False,,True,False,
SuperGlue,hand,11k_Hands_genuine_290,0001042,0001042,272,253,0,0,,False,,True,False,
SGMNet_root_SGM,hand,11k_Hands_genuine_290,0001042,0001042,1329,1148,104,16,0.1538,False,0.1538,True,False,1.5804
ASpanFormer_indoor,hand,11k_Hands_genuine_290,0001042,0001042,226,226,226,110,0.4867,True,0.4867,True,True,1.9029
DeepDetect,hand,11k_Hands_genuine_290,0001042,0001042,12646,12693,177,115,0.6497,True,0.6497,True,True,1.6737
LoFTR_indoor,hand,11k_Hands_genuine_291,0001037,0001037,146,146,146,33,0.2260,False,0.2260,True,False,2.4685
ORB,hand,11k_Hands_genuine_291,0001037,0001037,439,281,19,0,,False,,True,False,
SIFT,hand,11k_Hands_genuine_291,0001037,0001037,131,108,1,0,,False,,True,False,
SuperGlue,hand,11k_Hands_genuine_291,0001037,0001037,151,253,0,0,,False,,True,False,
SGMNet_root_SGM,hand,11k_Hands_genuine_291,0001037,0001037,714,1006,23,8,0.3478,False,0.3478,True,False,1.1848
ASpanFormer_indoor,hand,11k_Hands_genuine_291,0001037,0001037,125,125,125,57,0.4560,True,0.4560,True,True,1.5659
DeepDetect,hand,11k_Hands_genuine_291,0001037,0001037,8830,13174,11,8,0.7273,True,0.7273,True,True,0.9985
LoFTR_indoor,hand,11k_Hands_genuine_292,0001550,0001550,224,224,224,55,0.2455,False,0.2455,True,False,1.9691
ORB,hand,11k_Hands_genuine_292,0001550,0001550,344,293,11,0,,False,,True,False,
SIFT,hand,11k_Hands_genuine_292,0001550,0001550,101,122,3,0,,False,,True,False,
SuperGlue,hand,11k_Hands_genuine_292,0001550,0001550,253,205,19,11,0.5789,True,0.5789,True,True,2.2300
SGMNet_root_SGM,hand,11k_Hands_genuine_292,0001550,0001550,1129,1424,17,6,0.3529,False,0.3529,True,False,0.7022
ASpanFormer_indoor,hand,11k_Hands_genuine_292,0001550,0001550,147,147,147,56,0.3810,False,0.3810,True,False,2.6184
DeepDetect,hand,11k_Hands_genuine_292,0001550,0001550,12308,12749,103,0,,False,,True,False,
LoFTR_indoor,hand,11k_Hands_genuine_293,0000064,0000064,294,294,294,44,0.1497,False,0.1497,True,False,2.2800
ORB,hand,11k_Hands_genuine_293,0000064,0000064,233,240,12,0,,False,,True,False,
SIFT,hand,11k_Hands_genuine_293,0000064,0000064,96,92,6,0,,False,,True,False,
SuperGlue,hand,11k_Hands_genuine_293,0000064,0000064,277,253,0,0,,False,,True,False,
SGMNet_root_SGM,hand,11k_Hands_genuine_293,0000064,0000064,1570,1690,89,13,0.1461,False,0.1461,True,False,1.2038
ASpanFormer_indoor,hand,11k_Hands_genuine_293,0000064,0000064,258,258,258,81,0.3140,False,0.3140,True,False,2.3104
DeepDetect,hand,11k_Hands_genuine_293,0000064,0000064,13735,14153,106,0,,False,,True,False,
LoFTR_indoor,hand,11k_Hands_genuine_294,9000000,9000000,1280,1280,1280,591,0.4617,True,0.4617,True,True,1.7176
ORB,hand,11k_Hands_genuine_294,9000000,9000000,188,300,29,15,0.5172,True,0.5172,True,True,1.4833
SIFT,hand,11k_Hands_genuine_294,9000000,9000000,87,100,24,13,0.5417,True,0.5417,True,True,1.6905
SuperGlue,hand,11k_Hands_genuine_294,9000000,9000000,284,285,224,79,0.3527,False,0.3527,True,False,2.2987
SGMNet_root_SGM,hand,11k_Hands_genuine_294,9000000,9000000,1657,1560,806,301,0.3734,False,0.3734,True,False,1.5092
ASpanFormer_indoor,hand,11k_Hands_genuine_294,9000000,9000000,1191,1191,1191,725,0.6087,True,0.6087,True,True,1.8029
DeepDetect,hand,11k_Hands_genuine_294,9000000,9000000,14342,14381,725,515,0.7103,True,0.7103,True,True,1.1118
LoFTR_indoor,hand,11k_Hands_genuine_295,1000000,1000000,164,164,164,21,0.1280,False,0.1280,True,False,1.6116
ORB,hand,11k_Hands_genuine_295,1000000,1000000,118,251,8,0,,False,,True,False,
SIFT,hand,11k_Hands_genuine_295,1000000,1000000,74,120,5,0,,False,,True,False,
SuperGlue,hand,11k_Hands_genuine_295,1000000,1000000,338,262,0,0,,False,,True,False,
SGMNet_root_SGM,hand,11k_Hands_genuine_295,1000000,1000000,853,984,39,8,0.2051,False,0.2051,True,False,1.0667
ASpanFormer_indoor,hand,11k_Hands_genuine_295,1000000,1000000,20,20,20,8,0.4000,True,0.4000,True,True,1.0502
DeepDetect,hand,11k_Hands_genuine_295,1000000,1000000,17199,14970,68,32,0.4706,True,0.4706,True,True,1.1898
LoFTR_indoor,hand,11k_Hands_genuine_296,0000541,0000541,364,364,364,130,0.3571,False,0.3571,True,False,2.4782
ORB,hand,11k_Hands_genuine_296,0000541,0000541,217,233,12,0,,False,,True,False,
SIFT,hand,11k_Hands_genuine_296,0000541,0000541,68,91,2,0,,False,,True,False,
SuperGlue,hand,11k_Hands_genuine_296,0000541,0000541,196,203,0,0,,False,,True,False,
SGMNet_root_SGM,hand,11k_Hands_genuine_296,0000541,0000541,1272,1240,58,11,0.1897,False,0.1897,True,False,1.3854
ASpanFormer_indoor,hand,11k_Hands_genuine_296,0000541,0000541,183,183,183,102,0.5574,True,0.5574,True,True,2.0769
DeepDetect,hand,11k_Hands_genuine_296,0000541,0000541,10486,10654,18,0,,False,,True,False,
LoFTR_indoor,hand,11k_Hands_genuine_297,0001020,0001020,5,5,5,4,0.8000,True,0.8000,True,True,0.0000
ORB,hand,11k_Hands_genuine_297,0001020,0001020,728,200,29,0,,False,,True,False,
SIFT,hand,11k_Hands_genuine_297,0001020,0001020,213,72,7,0,,False,,True,False,
SuperGlue,hand,11k_Hands_genuine_297,0001020,0001020,218,335,0,0,,False,,True,False,
SGMNet_root_SGM,hand,11k_Hands_genuine_297,0001020,0001020,834,791,22,8,0.3636,False,0.3636,True,False,0.6714
ASpanFormer_indoor,hand,11k_Hands_genuine_297,0001020,0001020,7,7,7,5,0.7143,True,0.7143,True,True,0.1871
DeepDetect,hand,11k_Hands_genuine_297,0001020,0001020,12645,17644,11,0,,False,,True,False,
LoFTR_indoor,hand,11k_Hands_genuine_298,0001022,0001022,1308,1308,1308,702,0.5367,True,0.5367,True,True,2.1210
ORB,hand,11k_Hands_genuine_298,0001022,0001022,242,251,40,23,0.5750,True,0.5750,True,True,1.4867
SIFT,hand,11k_Hands_genuine_298,0001022,0001022,75,85,20,12,0.6000,True,0.6000,True,True,1.4773
SuperGlue,hand,11k_Hands_genuine_298,0001022,0001022,221,265,193,72,0.3731,False,0.3731,True,False,2.6887
SGMNet_root_SGM,hand,11k_Hands_genuine_298,0001022,0001022,1159,1113,520,281,0.5404,True,0.5404,True,True,1.4164
ASpanFormer_indoor,hand,11k_Hands_genuine_298,0001022,0001022,1758,1758,1758,935,0.5319,True,0.5319,True,True,2.1874
DeepDetect,hand,11k_Hands_genuine_298,0001022,0001022,12612,14293,517,415,0.8027,True,0.8027,True,True,0.8776
LoFTR_indoor,hand,11k_Hands_genuine_299,0001021,0001021,256,256,256,45,0.1758,False,0.1758,True,False,1.5242
ORB,hand,11k_Hands_genuine_299,0001021,0001021,291,301,8,0,,False,,True,False,
SIFT,hand,11k_Hands_genuine_299,0001021,0001021,99,104,2,0,,False,,True,False,
SuperGlue,hand,11k_Hands_genuine_299,0001021,0001021,184,223,12,7,0.5833,True,0.5833,True,True,1.4949
SGMNet_root_SGM,hand,11k_Hands_genuine_299,0001021,0001021,1039,1348,19,7,0.3684,False,0.3684,True,False,0.6337
ASpanFormer_indoor,hand,11k_Hands_genuine_299,0001021,0001021,52,52,52,27,0.5192,True,0.5192,True,True,1.8457
DeepDetect,hand,11k_Hands_genuine_299,0001021,0001021,11451,11914,16,9,0.5625,True,0.5625,True,True,0.7557
LoFTR_indoor,hand,11k_Hands_genuine_300,0001089,0001089,865,865,865,351,0.4058,False,0.4058,True,False,2.4951
ORB,hand,11k_Hands_genuine_300,0001089,0001089,166,139,12,6,0.5000,True,0.5000,True,True,0.9328
SIFT,hand,11k_Hands_genuine_300,0001089,0001089,59,60,5,4,0.8000,True,0.8000,True,True,0.0000
SuperGlue,hand,11k_Hands_genuine_300,0001089,0001089,198,205,148,54,0.3649,False,0.3649,True,False,2.2493
SGMNet_root_SGM,hand,11k_Hands_genuine_300,0001089,0001089,1088,1147,500,216,0.4320,True,0.4320,True,True,1.4418
ASpanFormer_indoor,hand,11k_Hands_genuine_300,0001089,0001089,673,673,673,366,0.5438,True,0.5438,True,True,2.3565
DeepDetect,hand,11k_Hands_genuine_300,0001089,0001089,10903,10572,115,67,0.5826,True,0.5826,True,True,1.8866
LoFTR_indoor,hand,11k_Hands_genuine_301,0001033,0001033,1151,1151,1151,719,0.6247,True,0.6247,True,True,2.0620
ORB,hand,11k_Hands_genuine_301,0001033,0001033,286,300,56,34,0.6071,True,0.6071,True,True,1.8502
SIFT,hand,11k_Hands_genuine_301,0001033,0001033,105,116,37,32,0.8649,True,0.8649,True,True,1.5963
SuperGlue,hand,11k_Hands_genuine_301,0001033,0001033,212,211,159,70,0.4403,False,0.4403,True,False,2.4500
SGMNet_root_SGM,hand,11k_Hands_genuine_301,0001033,0001033,990,1114,553,325,0.5877,True,0.5877,True,True,1.2799
ASpanFormer_indoor,hand,11k_Hands_genuine_301,0001033,0001033,1415,1415,1415,890,0.6290,True,0.6290,True,True,1.8328
DeepDetect,hand,11k_Hands_genuine_301,0001033,0001033,10924,11307,472,421,0.8919,True,0.8919,True,True,2.2183
LoFTR_indoor,hand,11k_Hands_genuine_302,0001020,0001020,1465,1465,1465,924,0.6307,True,0.6307,True,True,1.4263
ORB,hand,11k_Hands_genuine_302,0001020,0001020,597,801,190,160,0.8421,True,0.8421,True,True,0.9846
SIFT,hand,11k_Hands_genuine_302,0001020,0001020,179,206,64,39,0.6094,True,0.6094,True,True,0.6864
SuperGlue,hand,11k_Hands_genuine_302,0001020,0001020,328,286,256,130,0.5078,True,0.5078,True,True,2.3008
SGMNet_root_SGM,hand,11k_Hands_genuine_302,0001020,0001020,1117,1070,537,308,0.5736,True,0.5736,True,True,1.0995
ASpanFormer_indoor,hand,11k_Hands_genuine_302,0001020,0001020,1458,1458,1458,1246,0.8546,True,0.8546,True,True,1.6994
DeepDetect,hand,11k_Hands_genuine_302,0001020,0001020,17017,15366,2912,2858,0.9815,True,0.9815,True,True,0.8216
LoFTR_indoor,hand,11k_Hands_genuine_303,0001571,0001571,978,978,978,666,0.6810,True,0.6810,True,True,1.9459
ORB,hand,11k_Hands_genuine_303,0001571,0001571,247,229,97,77,0.7938,True,0.7938,True,True,1.2640
SIFT,hand,11k_Hands_genuine_303,0001571,0001571,78,66,41,27,0.6585,True,0.6585,True,True,1.5902
SuperGlue,hand,11k_Hands_genuine_303,0001571,0001571,169,154,145,70,0.4828,True,0.4828,True,True,2.0569
SGMNet_root_SGM,hand,11k_Hands_genuine_303,0001571,0001571,805,821,473,282,0.5962,True,0.5962,True,True,1.1015
ASpanFormer_indoor,hand,11k_Hands_genuine_303,0001571,0001571,2747,2747,2747,2708,0.9858,True,0.9858,True,True,0.8915
DeepDetect,hand,11k_Hands_genuine_303,0001571,0001571,9568,9456,2577,2539,0.9853,True,0.9853,True,True,0.7715
LoFTR_indoor,hand,11k_Hands_genuine_304,0001505,0001505,2048,2048,2048,1795,0.8765,True,0.8765,True,True,1.7098
ORB,hand,11k_Hands_genuine_304,0001505,0001505,556,533,280,217,0.7750,True,0.7750,True,True,1.3375
SIFT,hand,11k_Hands_genuine_304,0001505,0001505,135,134,83,63,0.7590,True,0.7590,True,True,1.0073
SuperGlue,hand,11k_Hands_genuine_304,0001505,0001505,183,185,165,112,0.6788,True,0.6788,True,True,2.3807
SGMNet_root_SGM,hand,11k_Hands_genuine_304,0001505,0001505,883,857,445,313,0.7034,True,0.7034,True,True,1.2819
ASpanFormer_indoor,hand,11k_Hands_genuine_304,0001505,0001505,2920,2920,2920,2788,0.9548,True,0.9548,True,True,1.1631
DeepDetect,hand,11k_Hands_genuine_304,0001505,0001505,10681,11025,3272,3270,0.9994,True,0.9994,True,True,0.6420
LoFTR_indoor,hand,11k_Hands_genuine_305,0001527,0001527,338,338,338,136,0.4024,False,0.4024,True,False,2.6462
ORB,hand,11k_Hands_genuine_305,0001527,0001527,370,491,12,0,,False,,True,False,
SIFT,hand,11k_Hands_genuine_305,0001527,0001527,104,133,4,0,,False,,True,False,
SuperGlue,hand,11k_Hands_genuine_305,0001527,0001527,279,163,51,23,0.4510,True,0.4510,True,True,2.5230
SGMNet_root_SGM,hand,11k_Hands_genuine_305,0001527,0001527,1276,1026,21,7,0.3333,False,0.3333,True,False,0.4694
ASpanFormer_indoor,hand,11k_Hands_genuine_305,0001527,0001527,290,290,290,166,0.5724,True,0.5724,True,True,2.1035
DeepDetect,hand,11k_Hands_genuine_305,0001527,0001527,12610,10281,12,9,0.7500,True,0.7500,True,True,2.0045
LoFTR_indoor,hand,11k_Hands_genuine_306,0001562,0001562,906,906,906,569,0.6280,True,0.6280,True,True,2.1016
ORB,hand,11k_Hands_genuine_306,0001562,0001562,258,357,80,46,0.5750,True,0.5750,True,True,1.7664
SIFT,hand,11k_Hands_genuine_306,0001562,0001562,74,81,26,16,0.6154,True,0.6154,True,True,1.3319
SuperGlue,hand,11k_Hands_genuine_306,0001562,0001562,163,157,132,55,0.4167,False,0.4167,True,False,2.5708
SGMNet_root_SGM,hand,11k_Hands_genuine_306,0001562,0001562,863,722,413,246,0.5956,True,0.5956,True,True,1.0728
ASpanFormer_indoor,hand,11k_Hands_genuine_306,0001562,0001562,2027,2027,2027,1625,0.8017,True,0.8017,True,True,1.7729
DeepDetect,hand,11k_Hands_genuine_306,0001562,0001562,10370,9569,356,322,0.9045,True,0.9045,True,True,1.8027
LoFTR_indoor,hand,11k_Hands_genuine_307,0001547,0001547,197,197,197,36,0.1827,False,0.1827,True,False,2.4149
ORB,hand,11k_Hands_genuine_307,0001547,0001547,771,193,23,0,,False,,True,False,
SIFT,hand,11k_Hands_genuine_307,0001547,0001547,173,87,3,0,,False,,True,False,
SuperGlue,hand,11k_Hands_genuine_307,0001547,0001547,156,253,7,0,,False,,True,False,
SGMNet_root_SGM,hand,11k_Hands_genuine_307,0001547,0001547,676,1260,7,4,0.5714,True,0.5714,True,True,0.0000
ASpanFormer_indoor,hand,11k_Hands_genuine_307,0001547,0001547,77,77,77,22,0.2857,False,0.2857,True,False,1.8908
DeepDetect,hand,11k_Hands_genuine_307,0001547,0001547,9830,11733,15,11,0.7333,True,0.7333,True,True,0.5764
LoFTR_indoor,hand,11k_Hands_genuine_308,0001024,0001024,195,195,195,32,0.1641,False,0.1641,True,False,1.9250
ORB,hand,11k_Hands_genuine_308,0001024,0001024,566,210,25,0,,False,,True,False,
SIFT,hand,11k_Hands_genuine_308,0001024,0001024,182,114,8,0,,False,,True,False,
SuperGlue,hand,11k_Hands_genuine_308,0001024,0001024,180,239,3,0,,False,,True,False,
SGMNet_root_SGM,hand,11k_Hands_genuine_308,0001024,0001024,945,1689,10,5,0.5000,True,0.5000,True,True,0.3752
ASpanFormer_indoor,hand,11k_Hands_genuine_308,0001024,0001024,103,103,103,30,0.2913,False,0.2913,True,False,2.7299
DeepDetect,hand,11k_Hands_genuine_308,0001024,0001024,10796,13215,22,14,0.6364,True,0.6364,True,True,1.6554
LoFTR_indoor,hand,11k_Hands_genuine_309,0001067,0001067,243,243,243,96,0.3951,False,0.3951,True,False,2.7952
ORB,hand,11k_Hands_genuine_309,0001067,0001067,509,600,13,0,,False,,True,False,
SIFT,hand,11k_Hands_genuine_309,0001067,0001067,133,155,12,0,,False,,True,False,
SuperGlue,hand,11k_Hands_genuine_309,0001067,0001067,183,170,0,0,,False,,True,False,
SGMNet_root_SGM,hand,11k_Hands_genuine_309,0001067,0001067,723,704,8,0,,False,,True,False,
ASpanFormer_indoor,hand,11k_Hands_genuine_309,0001067,0001067,113,113,113,95,0.8407,True,0.8407,True,True,1.2442
DeepDetect,hand,11k_Hands_genuine_309,0001067,0001067,9484,10889,48,37,0.7708,True,0.7708,True,True,0.7107
LoFTR_indoor,hand,11k_Hands_genuine_310,0001543,0001543,391,391,391,166,0.4246,False,0.4246,True,False,2.2473
ORB,hand,11k_Hands_genuine_310,0001543,0001543,405,327,16,0,,False,,True,False,
SIFT,hand,11k_Hands_genuine_310,0001543,0001543,136,140,10,0,,False,,True,False,
SuperGlue,hand,11k_Hands_genuine_310,0001543,0001543,180,202,23,15,0.6522,True,0.6522,True,True,1.6062
SGMNet_root_SGM,hand,11k_Hands_genuine_310,0001543,0001543,823,1129,37,12,0.3243,False,0.3243,True,False,1.2307
ASpanFormer_indoor,hand,11k_Hands_genuine_310,0001543,0001543,327,327,327,234,0.7156,True,0.7156,True,True,2.1238
DeepDetect,hand,11k_Hands_genuine_310,0001543,0001543,9340,10780,58,38,0.6552,True,0.6552,True,True,1.0343
LoFTR_indoor,hand,11k_Hands_genuine_311,0001013,0001013,283,283,283,101,0.3569,False,0.3569,True,False,2.5430
ORB,hand,11k_Hands_genuine_311,0001013,0001013,207,350,13,6,0.4615,True,0.4615,True,True,0.7317
SIFT,hand,11k_Hands_genuine_311,0001013,0001013,71,135,2,0,,False,,True,False,
SuperGlue,hand,11k_Hands_genuine_311,0001013,0001013,187,200,7,6,0.8571,True,0.8571,True,True,0.5682
SGMNet_root_SGM,hand,11k_Hands_genuine_311,0001013,0001013,1029,862,51,0,,False,,True,False,
ASpanFormer_indoor,hand,11k_Hands_genuine_311,0001013,0001013,206,206,206,122,0.5922,True,0.5922,True,True,1.4044
DeepDetect,hand,11k_Hands_genuine_311,0001013,0001013,9616,10791,47,0,,False,,True,False,
LoFTR_indoor,hand,11k_Hands_genuine_312,0001037,0001037,272,272,272,136,0.5000,True,0.5000,True,True,2.4511
ORB,hand,11k_Hands_genuine_312,0001037,0001037,458,362,26,0,,False,,True,False,
SIFT,hand,11k_Hands_genuine_312,0001037,0001037,146,132,0,0,,False,,True,False,
SuperGlue,hand,11k_Hands_genuine_312,0001037,0001037,179,231,60,21,0.3500,False,0.3500,True,False,2.4496
SGMNet_root_SGM,hand,11k_Hands_genuine_312,0001037,0001037,703,945,32,10,0.3125,False,0.3125,True,False,0.9343
ASpanFormer_indoor,hand,11k_Hands_genuine_312,0001037,0001037,212,212,212,129,0.6085,True,0.6085,True,True,2.4611
DeepDetect,hand,11k_Hands_genuine_312,0001037,0001037,10065,12314,10,0,,False,,True,False,
LoFTR_indoor,hand,11k_Hands_genuine_313,0001564,0001564,1051,1051,1051,735,0.6993,True,0.6993,True,True,1.5212
ORB,hand,11k_Hands_genuine_313,0001564,0001564,383,289,76,58,0.7632,True,0.7632,True,True,1.2395
SIFT,hand,11k_Hands_genuine_313,0001564,0001564,122,102,37,26,0.7027,True,0.7027,True,True,1.0241
SuperGlue,hand,11k_Hands_genuine_313,0001564,0001564,192,218,173,84,0.4855,True,0.4855,True,True,2.1503
SGMNet_root_SGM,hand,11k_Hands_genuine_313,0001564,0001564,1102,1177,599,363,0.6060,True,0.6060,True,True,1.0528
ASpanFormer_indoor,hand,11k_Hands_genuine_313,0001564,0001564,1502,1502,1502,1082,0.7204,True,0.7204,True,True,1.5695
DeepDetect,hand,11k_Hands_genuine_313,0001564,0001564,10822,11111,1981,1944,0.9813,True,0.9813,True,True,1.0523
LoFTR_indoor,hand,11k_Hands_genuine_314,0000067,0000067,625,625,625,294,0.4704,True,0.4704,True,True,1.7396
ORB,hand,11k_Hands_genuine_314,0000067,0000067,144,224,10,0,,False,,True,False,
SIFT,hand,11k_Hands_genuine_314,0000067,0000067,81,68,11,5,0.4545,True,0.4545,True,True,0.6778
SuperGlue,hand,11k_Hands_genuine_314,0000067,0000067,165,217,57,20,0.3509,False,0.3509,True,False,2.2062
SGMNet_root_SGM,hand,11k_Hands_genuine_314,0000067,0000067,825,1275,408,119,0.2917,False,0.2917,True,False,1.5448
ASpanFormer_indoor,hand,11k_Hands_genuine_314,0000067,0000067,474,474,474,192,0.4051,True,0.4051,True,True,1.9092
DeepDetect,hand,11k_Hands_genuine_314,0000067,0000067,10809,12359,81,74,0.9136,True,0.9136,True,True,0.7327
LoFTR_indoor,hand,11k_Hands_genuine_315,0000587,0000587,1141,1141,1141,857,0.7511,True,0.7511,True,True,1.1417
ORB,hand,11k_Hands_genuine_315,0000587,0000587,386,395,151,125,0.8278,True,0.8278,True,True,1.2199
SIFT,hand,11k_Hands_genuine_315,0000587,0000587,124,102,61,45,0.7377,True,0.7377,True,True,1.5268
SuperGlue,hand,11k_Hands_genuine_315,0000587,0000587,283,288,238,106,0.4454,False,0.4454,True,False,2.0652
SGMNet_root_SGM,hand,11k_Hands_genuine_315,0000587,0000587,1317,1401,724,434,0.5994,True,0.5994,True,True,1.3033
ASpanFormer_indoor,hand,11k_Hands_genuine_315,0000587,0000587,1550,1550,1550,1353,0.8729,True,0.8729,True,True,0.9120
DeepDetect,hand,11k_Hands_genuine_315,0000587,0000587,14769,14142,2578,2431,0.9430,True,0.9430,True,True,0.7347
LoFTR_indoor,hand,11k_Hands_genuine_316,0001030,0001030,369,369,369,96,0.2602,False,0.2602,True,False,2.5033
ORB,hand,11k_Hands_genuine_316,0001030,0001030,514,412,34,13,0.3824,False,0.3824,True,False,1.6633
SIFT,hand,11k_Hands_genuine_316,0001030,0001030,138,100,10,0,,False,,True,False,
SuperGlue,hand,11k_Hands_genuine_316,0001030,0001030,213,211,19,12,0.6316,True,0.6316,True,True,1.9009
SGMNet_root_SGM,hand,11k_Hands_genuine_316,0001030,0001030,890,1076,59,11,0.1864,False,0.1864,True,False,1.1614
ASpanFormer_indoor,hand,11k_Hands_genuine_316,0001030,0001030,353,353,353,168,0.4759,True,0.4759,True,True,2.6288
DeepDetect,hand,11k_Hands_genuine_316,0001030,0001030,11398,12143,33,23,0.6970,True,0.6970,True,True,1.2397
LoFTR_indoor,hand,11k_Hands_genuine_317,0001020,0001020,898,898,898,705,0.7851,True,0.7851,True,True,1.5099
ORB,hand,11k_Hands_genuine_317,0001020,0001020,649,656,226,199,0.8805,True,0.8805,True,True,1.5210
SIFT,hand,11k_Hands_genuine_317,0001020,0001020,206,169,98,81,0.8265,True,0.8265,True,True,0.9281
SuperGlue,hand,11k_Hands_genuine_317,0001020,0001020,218,200,164,88,0.5366,True,0.5366,True,True,1.9786
SGMNet_root_SGM,hand,11k_Hands_genuine_317,0001020,0001020,894,833,338,216,0.6391,True,0.6391,True,True,1.2142
ASpanFormer_indoor,hand,11k_Hands_genuine_317,0001020,0001020,1103,1103,1103,884,0.8015,True,0.8015,True,True,2.0442
DeepDetect,hand,11k_Hands_genuine_317,0001020,0001020,12461,10810,299,284,0.9498,True,0.9498,True,True,1.5097
LoFTR_indoor,hand,11k_Hands_genuine_318,0000053,0000053,209,209,209,29,0.1388,False,0.1388,True,False,2.3829
ORB,hand,11k_Hands_genuine_318,0000053,0000053,147,85,6,0,,False,,True,False,
SIFT,hand,11k_Hands_genuine_318,0000053,0000053,75,63,9,0,,False,,True,False,
SuperGlue,hand,11k_Hands_genuine_318,0000053,0000053,252,223,1,0,,False,,True,False,
SGMNet_root_SGM,hand,11k_Hands_genuine_318,0000053,0000053,1236,2017,46,9,0.1957,False,0.1957,True,False,1.2876
ASpanFormer_indoor,hand,11k_Hands_genuine_318,0000053,0000053,91,91,91,20,0.2198,False,0.2198,True,False,2.1210
DeepDetect,hand,11k_Hands_genuine_318,0000053,0000053,13996,12497,148,81,0.5473,True,0.5473,True,True,4.0018
LoFTR_indoor,hand,11k_Hands_genuine_319,1000000,1000000,431,431,431,141,0.3271,False,0.3271,True,False,2.4481
ORB,hand,11k_Hands_genuine_319,1000000,1000000,267,203,20,8,0.4000,False,0.4000,True,False,1.5020
SIFT,hand,11k_Hands_genuine_319,1000000,1000000,120,95,9,0,,False,,True,False,
SuperGlue,hand,11k_Hands_genuine_319,1000000,1000000,249,231,1,0,,False,,True,False,
SGMNet_root_SGM,hand,11k_Hands_genuine_319,1000000,1000000,1408,1129,73,18,0.2466,False,0.2466,True,False,1.1028
ASpanFormer_indoor,hand,11k_Hands_genuine_319,1000000,1000000,239,239,239,113,0.4728,True,0.4728,True,True,2.7497
DeepDetect,hand,11k_Hands_genuine_319,1000000,1000000,15264,15275,208,125,0.6010,True,0.6010,True,True,1.0013
LoFTR_indoor,hand,11k_Hands_genuine_320,0001546,0001546,243,243,243,91,0.3745,False,0.3745,True,False,2.3888
ORB,hand,11k_Hands_genuine_320,0001546,0001546,610,549,21,0,,False,,True,False,
SIFT,hand,11k_Hands_genuine_320,0001546,0001546,119,144,6,0,,False,,True,False,
SuperGlue,hand,11k_Hands_genuine_320,0001546,0001546,131,194,11,8,0.7273,True,0.7273,True,True,1.5146
SGMNet_root_SGM,hand,11k_Hands_genuine_320,0001546,0001546,631,852,20,9,0.4500,True,0.4500,True,True,0.7980
ASpanFormer_indoor,hand,11k_Hands_genuine_320,0001546,0001546,82,82,82,60,0.7317,True,0.7317,True,True,1.7848
DeepDetect,hand,11k_Hands_genuine_320,0001546,0001546,9146,9739,4,0,,False,,True,False,
LoFTR_indoor,hand,11k_Hands_genuine_321,0000000,0000000,289,289,289,42,0.1453,False,0.1453,True,False,2.5639
ORB,hand,11k_Hands_genuine_321,0000000,0000000,539,543,14,0,,False,,True,False,
SIFT,hand,11k_Hands_genuine_321,0000000,0000000,138,233,4,0,,False,,True,False,
SuperGlue,hand,11k_Hands_genuine_321,0000000,0000000,363,365,1,0,,False,,True,False,
SGMNet_root_SGM,hand,11k_Hands_genuine_321,0000000,0000000,1366,1369,49,10,0.2041,False,0.2041,True,False,0.5716
ASpanFormer_indoor,hand,11k_Hands_genuine_321,0000000,0000000,107,107,107,36,0.3364,False,0.3364,True,False,2.7720
DeepDetect,hand,11k_Hands_genuine_321,0000000,0000000,15390,14892,58,27,0.4655,True,0.4655,True,True,2.6599
LoFTR_indoor,hand,11k_Hands_genuine_322,0001545,0001545,361,361,361,137,0.3795,False,0.3795,True,False,2.0541
ORB,hand,11k_Hands_genuine_322,0001545,0001545,531,376,27,7,0.2593,False,0.2593,True,False,1.4314
SIFT,hand,11k_Hands_genuine_322,0001545,0001545,140,120,12,0,,False,,True,False,
SuperGlue,hand,11k_Hands_genuine_322,0001545,0001545,322,321,19,9,0.4737,True,0.4737,True,True,2.1081
SGMNet_root_SGM,hand,11k_Hands_genuine_322,0001545,0001545,1293,1469,63,16,0.2540,False,0.2540,True,False,1.2352
ASpanFormer_indoor,hand,11k_Hands_genuine_322,0001545,0001545,206,206,206,51,0.2476,False,0.2476,True,False,1.6018
DeepDetect,hand,11k_Hands_genuine_322,0001545,0001545,16815,17074,106,73,0.6887,True,0.6887,True,True,2.5853
LoFTR_indoor,hand,11k_Hands_genuine_323,0001005,0001005,321,321,321,80,0.2492,False,0.2492,True,False,2.5512
ORB,hand,11k_Hands_genuine_323,0001005,0001005,501,420,20,0,,False,,True,False,
SIFT,hand,11k_Hands_genuine_323,0001005,0001005,171,154,10,0,,False,,True,False,
SuperGlue,hand,11k_Hands_genuine_323,0001005,0001005,220,269,2,0,,False,,True,False,
SGMNet_root_SGM,hand,11k_Hands_genuine_323,0001005,0001005,1261,1388,108,22,0.2037,False,0.2037,True,False,1.5832
ASpanFormer_indoor,hand,11k_Hands_genuine_323,0001005,0001005,172,172,172,79,0.4593,True,0.4593,True,True,2.0916
DeepDetect,hand,11k_Hands_genuine_323,0001005,0001005,14492,14310,113,42,0.3717,True,0.3717,True,True,2.9590
LoFTR_indoor,hand,11k_Hands_genuine_324,0001541,0001541,832,832,832,460,0.5529,True,0.5529,True,True,2.3110
ORB,hand,11k_Hands_genuine_324,0001541,0001541,354,422,48,30,0.6250,True,0.6250,True,True,1.7932
SIFT,hand,11k_Hands_genuine_324,0001541,0001541,94,108,21,10,0.4762,True,0.4762,True,True,1.9597
SuperGlue,hand,11k_Hands_genuine_324,0001541,0001541,152,202,124,52,0.4194,False,0.4194,True,False,2.1767
SGMNet_root_SGM,hand,11k_Hands_genuine_324,0001541,0001541,890,937,460,214,0.4652,True,0.4652,True,True,1.5610
ASpanFormer_indoor,hand,11k_Hands_genuine_324,0001541,0001541,1079,1079,1079,538,0.4986,True,0.4986,True,True,2.0444
DeepDetect,hand,11k_Hands_genuine_324,0001541,0001541,9783,11305,302,213,0.7053,True,0.7053,True,True,1.5763
LoFTR_indoor,hand,11k_Hands_genuine_325,0001024,0001024,1474,1474,1474,799,0.5421,True,0.5421,True,True,2.1774
ORB,hand,11k_Hands_genuine_325,0001024,0001024,211,273,38,19,0.5000,True,0.5000,True,True,1.6488
SIFT,hand,11k_Hands_genuine_325,0001024,0001024,72,85,30,16,0.5333,True,0.5333,True,True,1.4884
SuperGlue,hand,11k_Hands_genuine_325,0001024,0001024,282,270,235,76,0.3234,False,0.3234,True,False,2.5083
SGMNet_root_SGM,hand,11k_Hands_genuine_325,0001024,0001024,1758,1658,930,443,0.4763,True,0.4763,True,True,1.4270
ASpanFormer_indoor,hand,11k_Hands_genuine_325,0001024,0001024,1291,1291,1291,781,0.6050,True,0.6050,True,True,1.8609
DeepDetect,hand,11k_Hands_genuine_325,0001024,0001024,14261,14793,1261,1045,0.8287,True,0.8287,True,True,2.0789
LoFTR_indoor,hand,11k_Hands_genuine_326,0001059,0001059,944,944,944,602,0.6377,True,0.6377,True,True,1.4849
ORB,hand,11k_Hands_genuine_326,0001059,0001059,462,470,42,0,,False,,True,False,
SIFT,hand,11k_Hands_genuine_326,0001059,0001059,178,147,34,17,0.5000,True,0.5000,True,True,2.2090
SuperGlue,hand,11k_Hands_genuine_326,0001059,0001059,252,205,159,54,0.3396,False,0.3396,True,False,2.2400
SGMNet_root_SGM,hand,11k_Hands_genuine_326,0001059,0001059,1367,1293,669,392,0.5859,True,0.5859,True,True,1.2189
ASpanFormer_indoor,hand,11k_Hands_genuine_326,0001059,0001059,1023,1023,1023,608,0.5943,True,0.5943,True,True,1.4630
DeepDetect,hand,11k_Hands_genuine_326,0001059,0001059,13997,12422,477,385,0.8071,True,0.8071,True,True,0.5316
LoFTR_indoor,hand,11k_Hands_genuine_327,0001058,0001058,242,242,242,65,0.2686,False,0.2686,True,False,1.9537
ORB,hand,11k_Hands_genuine_327,0001058,0001058,243,405,8,0,,False,,True,False,
SIFT,hand,11k_Hands_genuine_327,0001058,0001058,78,155,1,0,,False,,True,False,
SuperGlue,hand,11k_Hands_genuine_327,0001058,0001058,189,169,2,0,,False,,True,False,
SGMNet_root_SGM,hand,11k_Hands_genuine_327,0001058,0001058,985,1077,13,0,,False,,True,False,
ASpanFormer_indoor,hand,11k_Hands_genuine_327,0001058,0001058,134,134,134,57,0.4254,True,0.4254,True,True,2.1517
DeepDetect,hand,11k_Hands_genuine_327,0001058,0001058,10535,11021,62,0,,False,,True,False,
LoFTR_indoor,hand,11k_Hands_genuine_328,0001553,0001553,513,513,513,134,0.2612,False,0.2612,True,False,2.5909
ORB,hand,11k_Hands_genuine_328,0001553,0001553,451,309,14,0,,False,,True,False,
SIFT,hand,11k_Hands_genuine_328,0001553,0001553,148,102,2,0,,False,,True,False,
SuperGlue,hand,11k_Hands_genuine_328,0001553,0001553,247,228,102,22,0.2157,False,0.2157,True,False,2.5025
SGMNet_root_SGM,hand,11k_Hands_genuine_328,0001553,0001553,929,1203,40,9,0.2250,False,0.2250,True,False,0.9901
ASpanFormer_indoor,hand,11k_Hands_genuine_328,0001553,0001553,470,470,470,185,0.3936,False,0.3936,True,False,2.5829
DeepDetect,hand,11k_Hands_genuine_328,0001553,0001553,12829,11742,84,0,,False,,True,False,
LoFTR_indoor,hand,11k_Hands_genuine_329,0000546,0000546,281,281,281,58,0.2064,False,0.2064,True,False,2.0132
ORB,hand,11k_Hands_genuine_329,0000546,0000546,180,316,7,0,,False,,True,False,
SIFT,hand,11k_Hands_genuine_329,0000546,0000546,68,100,2,0,,False,,True,False,
SuperGlue,hand,11k_Hands_genuine_329,0000546,0000546,166,171,1,0,,False,,True,False,
SGMNet_root_SGM,hand,11k_Hands_genuine_329,0000546,0000546,1043,704,37,10,0.2703,False,0.2703,True,False,0.7253
ASpanFormer_indoor,hand,11k_Hands_genuine_329,0000546,0000546,100,100,100,41,0.4100,True,0.4100,True,True,1.4069
DeepDetect,hand,11k_Hands_genuine_329,0000546,0000546,9212,10008,8,0,,False,,True,False,
LoFTR_indoor,hand,11k_Hands_genuine_330,0001021,0001021,139,139,139,23,0.1655,False,0.1655,True,False,2.1993
ORB,hand,11k_Hands_genuine_330,0001021,0001021,246,339,11,0,,False,,True,False,
SIFT,hand,11k_Hands_genuine_330,0001021,0001021,78,116,1,0,,False,,True,False,
SuperGlue,hand,11k_Hands_genuine_330,0001021,0001021,230,159,0,0,,False,,True,False,
SGMNet_root_SGM,hand,11k_Hands_genuine_330,0001021,0001021,1232,1073,28,7,0.2500,False,0.2500,True,False,0.2595
ASpanFormer_indoor,hand,11k_Hands_genuine_330,0001021,0001021,47,47,47,20,0.4255,True,0.4255,True,True,2.0824
DeepDetect,hand,11k_Hands_genuine_330,0001021,0001021,12147,9494,31,0,,False,,True,False,
LoFTR_indoor,hand,11k_Hands_genuine_331,0001509,0001509,619,619,619,234,0.3780,False,0.3780,True,False,2.1077
ORB,hand,11k_Hands_genuine_331,0001509,0001509,127,92,12,9,0.7500,True,0.7500,True,True,1.3535
SIFT,hand,11k_Hands_genuine_331,0001509,0001509,104,70,13,0,,False,,True,False,
SuperGlue,hand,11k_Hands_genuine_331,0001509,0001509,273,208,41,15,0.3659,False,0.3659,True,False,2.2201
SGMNet_root_SGM,hand,11k_Hands_genuine_331,0001509,0001509,1521,1032,415,95,0.2289,False,0.2289,True,False,1.7053
ASpanFormer_indoor,hand,11k_Hands_genuine_331,0001509,0001509,400,400,400,209,0.5225,True,0.5225,True,True,1.7957
DeepDetect,hand,11k_Hands_genuine_331,0001509,0001509,12737,10374,115,0,,False,,True,False,
LoFTR_indoor,hand,11k_Hands_genuine_332,0001024,0001024,151,151,151,25,0.1656,False,0.1656,True,False,2.5264
ORB,hand,11k_Hands_genuine_332,0001024,0001024,648,337,12,0,,False,,True,False,
SIFT,hand,11k_Hands_genuine_332,0001024,0001024,187,75,1,0,,False,,True,False,
SuperGlue,hand,11k_Hands_genuine_332,0001024,0001024,202,207,0,0,,False,,True,False,
SGMNet_root_SGM,hand,11k_Hands_genuine_332,0001024,0001024,1509,826,35,0,,False,,True,False,
ASpanFormer_indoor,hand,11k_Hands_genuine_332,0001024,0001024,85,85,85,23,0.2706,False,0.2706,True,False,2.4865
DeepDetect,hand,11k_Hands_genuine_332,0001024,0001024,11921,12852,36,21,0.5833,True,0.5833,True,True,2.1589
LoFTR_indoor,hand,11k_Hands_genuine_333,0001050,0001050,1117,1117,1117,593,0.5309,True,0.5309,True,True,1.7950
ORB,hand,11k_Hands_genuine_333,0001050,0001050,439,536,142,119,0.8380,True,0.8380,True,True,1.2832
SIFT,hand,11k_Hands_genuine_333,0001050,0001050,134,139,43,31,0.7209,True,0.7209,True,True,1.0343
SuperGlue,hand,11k_Hands_genuine_333,0001050,0001050,311,300,244,99,0.4057,False,0.4057,True,False,2.1167
SGMNet_root_SGM,hand,11k_Hands_genuine_333,0001050,0001050,1540,1428,668,398,0.5958,True,0.5958,True,True,1.1397
ASpanFormer_indoor,hand,11k_Hands_genuine_333,0001050,0001050,1002,1002,1002,646,0.6447,True,0.6447,True,True,2.3643
DeepDetect,hand,11k_Hands_genuine_333,0001050,0001050,15452,16153,1451,1356,0.9345,True,0.9345,True,True,0.7989
LoFTR_indoor,hand,11k_Hands_genuine_334,0000000,0000000,182,182,182,40,0.2198,False,0.2198,True,False,2.2431
ORB,hand,11k_Hands_genuine_334,0000000,0000000,207,509,12,0,,False,,True,False,
SIFT,hand,11k_Hands_genuine_334,0000000,0000000,83,149,4,0,,False,,True,False,
SuperGlue,hand,11k_Hands_genuine_334,0000000,0000000,201,344,2,0,,False,,True,False,
SGMNet_root_SGM,hand,11k_Hands_genuine_334,0000000,0000000,1434,1437,50,13,0.2600,False,0.2600,True,False,1.3698
ASpanFormer_indoor,hand,11k_Hands_genuine_334,0000000,0000000,141,141,141,55,0.3901,False,0.3901,True,False,2.1248
DeepDetect,hand,11k_Hands_genuine_334,0000000,0000000,12539,14914,76,0,,False,,True,False,
LoFTR_indoor,hand,11k_Hands_genuine_335,0001558,0001558,428,428,428,137,0.3201,False,0.3201,True,False,2.4980
ORB,hand,11k_Hands_genuine_335,0001558,0001558,502,154,24,0,,False,,True,False,
SIFT,hand,11k_Hands_genuine_335,0001558,0001558,149,67,5,0,,False,,True,False,
SuperGlue,hand,11k_Hands_genuine_335,0001558,0001558,237,189,23,11,0.4783,True,0.4783,True,True,2.2552
SGMNet_root_SGM,hand,11k_Hands_genuine_335,0001558,0001558,1232,889,62,11,0.1774,False,0.1774,True,False,1.0190
ASpanFormer_indoor,hand,11k_Hands_genuine_335,0001558,0001558,102,102,102,50,0.4902,True,0.4902,True,True,1.9237
DeepDetect,hand,11k_Hands_genuine_335,0001558,0001558,13355,11614,112,76,0.6786,True,0.6786,True,True,1.0486
LoFTR_indoor,hand,11k_Hands_genuine_336,0001566,0001566,316,316,316,139,0.4399,False,0.4399,True,False,2.3471
ORB,hand,11k_Hands_genuine_336,0001566,0001566,469,233,13,0,,False,,True,False,
SIFT,hand,11k_Hands_genuine_336,0001566,0001566,139,94,12,0,,False,,True,False,
SuperGlue,hand,11k_Hands_genuine_336,0001566,0001566,222,219,0,0,,False,,True,False,
SGMNet_root_SGM,hand,11k_Hands_genuine_336,0001566,0001566,1234,1141,149,34,0.2282,False,0.2282,True,False,1.3367
ASpanFormer_indoor,hand,11k_Hands_genuine_336,0001566,0001566,118,118,118,40,0.3390,False,0.3390,True,False,1.9886
DeepDetect,hand,11k_Hands_genuine_336,0001566,0001566,12673,11956,152,106,0.6974,True,0.6974,True,True,0.9724
LoFTR_indoor,hand,11k_Hands_genuine_337,0001547,0001547,307,307,307,57,0.1857,False,0.1857,True,False,2.7679
ORB,hand,11k_Hands_genuine_337,0001547,0001547,361,437,16,6,0.3750,False,0.3750,True,False,0.0528
SIFT,hand,11k_Hands_genuine_337,0001547,0001547,113,125,11,0,,False,,True,False,
SuperGlue,hand,11k_Hands_genuine_337,0001547,0001547,223,194,47,19,0.4043,False,0.4043,True,False,2.2495
SGMNet_root_SGM,hand,11k_Hands_genuine_337,0001547,0001547,1128,820,49,9,0.1837,False,0.1837,True,False,0.9983
ASpanFormer_indoor,hand,11k_Hands_genuine_337,0001547,0001547,250,250,250,85,0.3400,False,0.3400,True,False,2.7280
DeepDetect,hand,11k_Hands_genuine_337,0001547,0001547,10604,10664,51,0,,False,,True,False,
LoFTR_indoor,hand,11k_Hands_genuine_338,0001032,0001032,1123,1123,1123,677,0.6028,True,0.6028,True,True,1.2068
ORB,hand,11k_Hands_genuine_338,0001032,0001032,504,424,63,36,0.5714,True,0.5714,True,True,1.4633
SIFT,hand,11k_Hands_genuine_338,0001032,0001032,151,113,38,23,0.6053,True,0.6053,True,True,1.0277
SuperGlue,hand,11k_Hands_genuine_338,0001032,0001032,192,242,156,63,0.4038,False,0.4038,True,False,2.0445
SGMNet_root_SGM,hand,11k_Hands_genuine_338,0001032,0001032,1024,1006,460,241,0.5239,True,0.5239,True,True,1.0631
ASpanFormer_indoor,hand,11k_Hands_genuine_338,0001032,0001032,1380,1380,1380,1047,0.7587,True,0.7587,True,True,1.4513
DeepDetect,hand,11k_Hands_genuine_338,0001032,0001032,10695,12133,1405,1339,0.9530,True,0.9530,True,True,0.6531
LoFTR_indoor,hand,11k_Hands_genuine_339,0001067,0001067,448,448,448,147,0.3281,False,0.3281,True,False,2.2178
ORB,hand,11k_Hands_genuine_339,0001067,0001067,359,429,15,6,0.4000,False,0.4000,True,False,1.5302
SIFT,hand,11k_Hands_genuine_339,0001067,0001067,91,135,2,0,,False,,True,False,
SuperGlue,hand,11k_Hands_genuine_339,0001067,0001067,250,205,45,15,0.3333,False,0.3333,True,False,2.4749
SGMNet_root_SGM,hand,11k_Hands_genuine_339,0001067,0001067,1056,770,43,12,0.2791,False,0.2791,True,False,1.3591
ASpanFormer_indoor,hand,11k_Hands_genuine_339,0001067,0001067,355,355,355,164,0.4620,True,0.4620,True,True,2.3436
DeepDetect,hand,11k_Hands_genuine_339,0001067,0001067,11455,12096,69,0,,False,,True,False,
LoFTR_indoor,hand,11k_Hands_genuine_340,0000084,0000084,374,374,374,127,0.3396,False,0.3396,True,False,2.2775
ORB,hand,11k_Hands_genuine_340,0000084,0000084,154,460,13,6,0.4615,True,0.4615,True,True,0.1299
SIFT,hand,11k_Hands_genuine_340,0000084,0000084,104,153,6,0,,False,,True,False,
SuperGlue,hand,11k_Hands_genuine_340,0000084,0000084,195,206,3,0,,False,,True,False,
SGMNet_root_SGM,hand,11k_Hands_genuine_340,0000084,0000084,1209,1060,44,9,0.2045,False,0.2045,True,False,0.9870
ASpanFormer_indoor,hand,11k_Hands_genuine_340,0000084,0000084,209,209,209,137,0.6555,True,0.6555,True,True,2.1402
DeepDetect,hand,11k_Hands_genuine_340,0000084,0000084,10922,11073,62,44,0.7097,True,0.7097,True,True,2.4371
LoFTR_indoor,hand,11k_Hands_genuine_341,0001550,0001550,331,331,331,110,0.3323,False,0.3323,True,False,2.2363
ORB,hand,11k_Hands_genuine_341,0001550,0001550,312,266,9,0,,False,,True,False,
SIFT,hand,11k_Hands_genuine_341,0001550,0001550,151,99,6,0,,False,,True,False,
SuperGlue,hand,11k_Hands_genuine_341,0001550,0001550,218,232,60,27,0.4500,True,0.4500,True,True,2.5636
SGMNet_root_SGM,hand,11k_Hands_genuine_341,0001550,0001550,1535,1052,58,16,0.2759,False,0.2759,True,False,1.1906
ASpanFormer_indoor,hand,11k_Hands_genuine_341,0001550,0001550,175,175,175,92,0.5257,True,0.5257,True,True,1.8808
DeepDetect,hand,11k_Hands_genuine_341,0001550,0001550,12490,11514,56,34,0.6071,True,0.6071,True,True,2.2129
LoFTR_indoor,hand,11k_Hands_genuine_342,0001030,0001030,303,303,303,112,0.3696,False,0.3696,True,False,2.5483
ORB,hand,11k_Hands_genuine_342,0001030,0001030,296,321,12,0,,False,,True,False,
SIFT,hand,11k_Hands_genuine_342,0001030,0001030,97,123,4,0,,False,,True,False,
SuperGlue,hand,11k_Hands_genuine_342,0001030,0001030,239,164,23,11,0.4783,True,0.4783,True,True,1.9847
SGMNet_root_SGM,hand,11k_Hands_genuine_342,0001030,0001030,1392,1011,53,21,0.3962,False,0.3962,True,False,1.5000
ASpanFormer_indoor,hand,11k_Hands_genuine_342,0001030,0001030,222,222,222,107,0.4820,True,0.4820,True,True,2.6066
DeepDetect,hand,11k_Hands_genuine_342,0001030,0001030,12930,10466,135,0,,False,,True,False,
LoFTR_indoor,hand,11k_Hands_genuine_343,3000000,3000000,303,303,303,115,0.3795,False,0.3795,True,False,2.0875
ORB,hand,11k_Hands_genuine_343,3000000,3000000,245,387,33,17,0.5152,True,0.5152,True,True,1.4717
SIFT,hand,11k_Hands_genuine_343,3000000,3000000,58,78,9,5,0.5556,True,0.5556,True,True,1.3412
SuperGlue,hand,11k_Hands_genuine_343,3000000,3000000,187,176,23,13,0.5652,True,0.5652,True,True,2.1279
SGMNet_root_SGM,hand,11k_Hands_genuine_343,3000000,3000000,705,570,45,14,0.3111,False,0.3111,True,False,0.9578
ASpanFormer_indoor,hand,11k_Hands_genuine_343,3000000,3000000,147,147,147,88,0.5986,True,0.5986,True,True,1.3655
DeepDetect,hand,11k_Hands_genuine_343,3000000,3000000,11264,10450,51,43,0.8431,True,0.8431,True,True,0.3854
LoFTR_indoor,hand,11k_Hands_genuine_344,0001090,0001090,791,791,791,391,0.4943,True,0.4943,True,True,1.9684
ORB,hand,11k_Hands_genuine_344,0001090,0001090,356,306,43,27,0.6279,True,0.6279,True,True,1.6087
SIFT,hand,11k_Hands_genuine_344,0001090,0001090,115,117,23,0,,False,,True,False,
SuperGlue,hand,11k_Hands_genuine_344,0001090,0001090,261,305,161,57,0.3540,False,0.3540,True,False,2.4875
SGMNet_root_SGM,hand,11k_Hands_genuine_344,0001090,0001090,1239,1619,549,201,0.3661,False,0.3661,True,False,1.4800
ASpanFormer_indoor,hand,11k_Hands_genuine_344,0001090,0001090,823,823,823,405,0.4921,True,0.4921,True,True,2.1397
DeepDetect,hand,11k_Hands_genuine_344,0001090,0001090,12966,14964,900,869,0.9656,True,0.9656,True,True,0.5970
LoFTR_indoor,hand,11k_Hands_genuine_345,0001560,0001560,322,322,322,120,0.3727,False,0.3727,True,False,2.4323
ORB,hand,11k_Hands_genuine_345,0001560,0001560,521,703,39,0,,False,,True,False,
SIFT,hand,11k_Hands_genuine_345,0001560,0001560,153,214,8,0,,False,,True,False,
SuperGlue,hand,11k_Hands_genuine_345,0001560,0001560,207,190,0,0,,False,,True,False,
SGMNet_root_SGM,hand,11k_Hands_genuine_345,0001560,0001560,1210,1256,63,14,0.2222,False,0.2222,True,False,1.3181
ASpanFormer_indoor,hand,11k_Hands_genuine_345,0001560,0001560,187,187,187,69,0.3690,False,0.3690,True,False,1.9798
DeepDetect,hand,11k_Hands_genuine_345,0001560,0001560,11907,11930,120,83,0.6917,True,0.6917,True,True,2.2274
LoFTR_indoor,hand,11k_Hands_genuine_346,0001024,0001024,252,252,252,32,0.1270,False,0.1270,True,False,1.6930
ORB,hand,11k_Hands_genuine_346,0001024,0001024,307,374,13,0,,False,,True,False,
SIFT,hand,11k_Hands_genuine_346,0001024,0001024,81,123,4,0,,False,,True,False,
SuperGlue,hand,11k_Hands_genuine_346,0001024,0001024,273,199,0,0,,False,,True,False,
SGMNet_root_SGM,hand,11k_Hands_genuine_346,0001024,0001024,1421,1520,107,13,0.1215,False,0.1215,True,False,1.4832
ASpanFormer_indoor,hand,11k_Hands_genuine_346,0001024,0001024,143,143,143,31,0.2168,False,0.2168,True,False,2.4693
DeepDetect,hand,11k_Hands_genuine_346,0001024,0001024,14054,12046,27,0,,False,,True,False,
LoFTR_indoor,hand,11k_Hands_genuine_347,0001527,0001527,358,358,358,157,0.4385,False,0.4385,True,False,2.2452
ORB,hand,11k_Hands_genuine_347,0001527,0001527,438,569,34,0,,False,,True,False,
SIFT,hand,11k_Hands_genuine_347,0001527,0001527,102,127,13,6,0.4615,True,0.4615,True,True,0.9788
SuperGlue,hand,11k_Hands_genuine_347,0001527,0001527,250,169,38,17,0.4474,False,0.4474,True,False,2.5222
SGMNet_root_SGM,hand,11k_Hands_genuine_347,0001527,0001527,1271,1067,96,33,0.3438,False,0.3438,True,False,1.5026
ASpanFormer_indoor,hand,11k_Hands_genuine_347,0001527,0001527,191,191,191,58,0.3037,False,0.3037,True,False,2.5842
DeepDetect,hand,11k_Hands_genuine_347,0001527,0001527,11704,10637,161,128,0.7950,True,0.7950,True,True,1.3419
LoFTR_indoor,hand,11k_Hands_genuine_348,0001034,0001034,213,213,213,40,0.1878,False,0.1878,True,False,2.1264
ORB,hand,11k_Hands_genuine_348,0001034,0001034,357,520,7,0,,False,,True,False,
SIFT,hand,11k_Hands_genuine_348,0001034,0001034,112,142,4,0,,False,,True,False,
SuperGlue,hand,11k_Hands_genuine_348,0001034,0001034,233,209,0,0,,False,,True,False,
SGMNet_root_SGM,hand,11k_Hands_genuine_348,0001034,0001034,1133,969,53,11,0.2075,False,0.2075,True,False,1.4393
ASpanFormer_indoor,hand,11k_Hands_genuine_348,0001034,0001034,217,217,217,80,0.3687,False,0.3687,True,False,1.9765
DeepDetect,hand,11k_Hands_genuine_348,0001034,0001034,11812,10799,43,26,0.6047,True,0.6047,True,True,1.7015
LoFTR_indoor,hand,11k_Hands_genuine_349,0001026,0001026,1454,1454,1454,1210,0.8322,True,0.8322,True,True,0.9228
ORB,hand,11k_Hands_genuine_349,0001026,0001026,285,305,130,115,0.8846,True,0.8846,True,True,1.3363
SIFT,hand,11k_Hands_genuine_349,0001026,0001026,79,105,50,47,0.9400,True,0.9400,True,True,0.6556
SuperGlue,hand,11k_Hands_genuine_349,0001026,0001026,177,170,149,97,0.6510,True,0.6510,True,True,1.7992
SGMNet_root_SGM,hand,11k_Hands_genuine_349,0001026,0001026,904,890,528,336,0.6364,True,0.6364,True,True,1.1184
ASpanFormer_indoor,hand,11k_Hands_genuine_349,0001026,0001026,2527,2527,2527,2351,0.9304,True,0.9304,True,True,1.0490
DeepDetect,hand,11k_Hands_genuine_349,0001026,0001026,10087,9993,2339,2335,0.9983,True,0.9983,True,True,0.5241
LoFTR_indoor,hand,11k_Hands_genuine_350,0001509,0001509,231,231,231,42,0.1818,False,0.1818,True,False,2.1069
ORB,hand,11k_Hands_genuine_350,0001509,0001509,242,273,3,0,,False,,True,False,
SIFT,hand,11k_Hands_genuine_350,0001509,0001509,137,146,4,0,,False,,True,False,
SuperGlue,hand,11k_Hands_genuine_350,0001509,0001509,262,255,1,0,,False,,True,False,
SGMNet_root_SGM,hand,11k_Hands_genuine_350,0001509,0001509,1215,1142,40,12,0.3000,False,0.3000,True,False,1.2874
ASpanFormer_indoor,hand,11k_Hands_genuine_350,0001509,0001509,102,102,102,50,0.4902,True,0.4902,True,True,1.8958
DeepDetect,hand,11k_Hands_genuine_350,0001509,0001509,12634,11551,43,0,,False,,True,False,
LoFTR_indoor,hand,11k_Hands_genuine_351,0001597,0001597,855,855,855,424,0.4959,True,0.4959,True,True,2.0752
ORB,hand,11k_Hands_genuine_351,0001597,0001597,139,233,35,24,0.6857,True,0.6857,True,True,1.4241
SIFT,hand,11k_Hands_genuine_351,0001597,0001597,53,82,15,9,0.6000,True,0.6000,True,True,0.8806
SuperGlue,hand,11k_Hands_genuine_351,0001597,0001597,136,148,102,37,0.3627,False,0.3627,True,False,2.2118
SGMNet_root_SGM,hand,11k_Hands_genuine_351,0001597,0001597,523,633,233,101,0.4335,True,0.4335,True,True,1.6071
ASpanFormer_indoor,hand,11k_Hands_genuine_351,0001597,0001597,1993,1993,1993,1407,0.7060,True,0.7060,True,True,1.9570
DeepDetect,hand,11k_Hands_genuine_351,0001597,0001597,8343,9090,187,178,0.9519,True,0.9519,True,True,1.0912
LoFTR_indoor,hand,11k_Hands_genuine_352,0001060,0001060,413,413,413,79,0.1913,False,0.1913,True,False,2.2574
ORB,hand,11k_Hands_genuine_352,0001060,0001060,237,217,16,6,0.3750,False,0.3750,True,False,0.9799
SIFT,hand,11k_Hands_genuine_352,0001060,0001060,116,106,10,0,,False,,True,False,
SuperGlue,hand,11k_Hands_genuine_352,0001060,0001060,243,239,1,0,,False,,True,False,
SGMNet_root_SGM,hand,11k_Hands_genuine_352,0001060,0001060,1659,1659,125,15,0.1200,False,0.1200,True,False,1.3680
ASpanFormer_indoor,hand,11k_Hands_genuine_352,0001060,0001060,245,245,245,70,0.2857,False,0.2857,True,False,2.0952
DeepDetect,hand,11k_Hands_genuine_352,0001060,0001060,13446,14284,269,185,0.6877,True,0.6877,True,True,1.5815
LoFTR_indoor,hand,11k_Hands_genuine_353,0001504,0001504,207,207,207,36,0.1739,False,0.1739,True,False,2.6763
ORB,hand,11k_Hands_genuine_353,0001504,0001504,542,252,28,0,,False,,True,False,
SIFT,hand,11k_Hands_genuine_353,0001504,0001504,111,92,8,0,,False,,True,False,
SuperGlue,hand,11k_Hands_genuine_353,0001504,0001504,171,133,0,0,,False,,True,False,
SGMNet_root_SGM,hand,11k_Hands_genuine_353,0001504,0001504,825,917,45,16,0.3556,False,0.3556,True,False,1.3666
ASpanFormer_indoor,hand,11k_Hands_genuine_353,0001504,0001504,34,34,34,19,0.5588,True,0.5588,True,True,1.6828
DeepDetect,hand,11k_Hands_genuine_353,0001504,0001504,10068,10949,19,11,0.5789,True,0.5789,True,True,1.8527
LoFTR_indoor,hand,11k_Hands_genuine_354,0001022,0001022,1065,1065,1065,813,0.7634,True,0.7634,True,True,2.1585
ORB,hand,11k_Hands_genuine_354,0001022,0001022,189,239,56,44,0.7857,True,0.7857,True,True,1.7674
SIFT,hand,11k_Hands_genuine_354,0001022,0001022,57,99,29,21,0.7241,True,0.7241,True,True,1.2874
SuperGlue,hand,11k_Hands_genuine_354,0001022,0001022,183,212,149,87,0.5839,True,0.5839,True,True,2.0130
SGMNet_root_SGM,hand,11k_Hands_genuine_354,0001022,0001022,812,1129,440,285,0.6477,True,0.6477,True,True,1.2681
ASpanFormer_indoor,hand,11k_Hands_genuine_354,0001022,0001022,1077,1077,1077,702,0.6518,True,0.6518,True,True,1.8217
DeepDetect,hand,11k_Hands_genuine_354,0001022,0001022,8693,11620,974,844,0.8665,True,0.8665,True,True,0.9246
LoFTR_indoor,hand,11k_Hands_genuine_355,0001088,0001088,1386,1386,1386,908,0.6551,True,0.6551,True,True,1.1606
ORB,hand,11k_Hands_genuine_355,0001088,0001088,529,511,147,90,0.6122,True,0.6122,True,True,1.4425
SIFT,hand,11k_Hands_genuine_355,0001088,0001088,131,117,64,39,0.6094,True,0.6094,True,True,1.8234
SuperGlue,hand,11k_Hands_genuine_355,0001088,0001088,215,240,179,61,0.3408,False,0.3408,True,False,1.8678
SGMNet_root_SGM,hand,11k_Hands_genuine_355,0001088,0001088,1023,1061,516,297,0.5756,True,0.5756,True,True,1.1012
ASpanFormer_indoor,hand,11k_Hands_genuine_355,0001088,0001088,2000,2000,2000,1370,0.6850,True,0.6850,True,True,1.0441
DeepDetect,hand,11k_Hands_genuine_355,0001088,0001088,11793,12261,1159,1055,0.9103,True,0.9103,True,True,2.0704
LoFTR_indoor,hand,11k_Hands_genuine_356,0001066,0001066,1139,1139,1139,548,0.4811,True,0.4811,True,True,1.7976
ORB,hand,11k_Hands_genuine_356,0001066,0001066,331,453,57,35,0.6140,True,0.6140,True,True,1.4009
SIFT,hand,11k_Hands_genuine_356,0001066,0001066,107,138,31,18,0.5806,True,0.5806,True,True,1.6802
SuperGlue,hand,11k_Hands_genuine_356,0001066,0001066,224,195,159,54,0.3396,False,0.3396,True,False,2.4055
SGMNet_root_SGM,hand,11k_Hands_genuine_356,0001066,0001066,929,880,430,176,0.4093,True,0.4093,True,True,1.3587
ASpanFormer_indoor,hand,11k_Hands_genuine_356,0001066,0001066,1057,1057,1057,639,0.6045,True,0.6045,True,True,1.6422
DeepDetect,hand,11k_Hands_genuine_356,0001066,0001066,12368,11509,1035,893,0.8628,True,0.8628,True,True,0.6498
LoFTR_indoor,hand,11k_Hands_genuine_357,0000010,0000010,367,367,367,75,0.2044,False,0.2044,True,False,2.2707
ORB,hand,11k_Hands_genuine_357,0000010,0000010,111,229,4,0,,False,,True,False,
SIFT,hand,11k_Hands_genuine_357,0000010,0000010,27,109,3,0,,False,,True,False,
SuperGlue,hand,11k_Hands_genuine_357,0000010,0000010,223,227,87,29,0.3333,False,0.3333,True,False,2.3562
SGMNet_root_SGM,hand,11k_Hands_genuine_357,0000010,0000010,896,1024,53,11,0.2075,False,0.2075,True,False,0.8934
ASpanFormer_indoor,hand,11k_Hands_genuine_357,0000010,0000010,242,242,242,100,0.4132,True,0.4132,True,True,2.6605
DeepDetect,hand,11k_Hands_genuine_357,0000010,0000010,11160,11602,50,0,,False,,True,False,
LoFTR_indoor,hand,11k_Hands_genuine_358,0000028,0000028,183,183,183,19,0.1038,False,0.1038,True,False,2.1446
ORB,hand,11k_Hands_genuine_358,0000028,0000028,281,273,5,0,,False,,True,False,
SIFT,hand,11k_Hands_genuine_358,0000028,0000028,99,162,1,0,,False,,True,False,
SuperGlue,hand,11k_Hands_genuine_358,0000028,0000028,312,244,10,5,0.5000,True,0.5000,True,True,0.4510
SGMNet_root_SGM,hand,11k_Hands_genuine_358,0000028,0000028,1259,1734,10,0,,False,,True,False,
ASpanFormer_indoor,hand,11k_Hands_genuine_358,0000028,0000028,77,77,77,16,0.2078,False,0.2078,True,False,2.4808
DeepDetect,hand,11k_Hands_genuine_358,0000028,0000028,12151,13668,33,13,0.3939,True,0.3939,True,True,1.4502
LoFTR_indoor,hand,11k_Hands_genuine_359,0000573,0000573,266,266,266,53,0.1992,False,0.1992,True,False,2.1020
ORB,hand,11k_Hands_genuine_359,0000573,0000573,275,240,7,4,0.5714,True,0.5714,True,True,0.0000
SIFT,hand,11k_Hands_genuine_359,0000573,0000573,83,78,7,0,,False,,True,False,
SuperGlue,hand,11k_Hands_genuine_359,0000573,0000573,184,211,0,0,,False,,True,False,
SGMNet_root_SGM,hand,11k_Hands_genuine_359,0000573,0000573,840,1042,25,8,0.3200,False,0.3200,True,False,0.9360
ASpanFormer_indoor,hand,11k_Hands_genuine_359,0000573,0000573,202,202,202,111,0.5495,True,0.5495,True,True,1.5971
DeepDetect,hand,11k_Hands_genuine_359,0000573,0000573,11752,11590,54,0,,False,,True,False,
LoFTR_indoor,hand,11k_Hands_genuine_360,0000012,0000012,277,277,277,91,0.3285,False,0.3285,True,False,1.7439
ORB,hand,11k_Hands_genuine_360,0000012,0000012,353,469,18,0,,False,,True,False,
SIFT,hand,11k_Hands_genuine_360,0000012,0000012,143,214,10,0,,False,,True,False,
SuperGlue,hand,11k_Hands_genuine_360,0000012,0000012,215,218,0,0,,False,,True,False,
SGMNet_root_SGM,hand,11k_Hands_genuine_360,0000012,0000012,1351,1254,97,39,0.4021,True,0.4021,True,True,1.4749
ASpanFormer_indoor,hand,11k_Hands_genuine_360,0000012,0000012,187,187,187,89,0.4759,True,0.4759,True,True,1.7338
DeepDetect,hand,11k_Hands_genuine_360,0000012,0000012,11633,12958,141,0,,False,,True,False,
LoFTR_indoor,hand,11k_Hands_genuine_361,0001587,0001587,188,188,188,34,0.1809,False,0.1809,True,False,2.3059
ORB,hand,11k_Hands_genuine_361,0001587,0001587,327,401,6,0,,False,,True,False,
SIFT,hand,11k_Hands_genuine_361,0001587,0001587,130,148,4,0,,False,,True,False,
SuperGlue,hand,11k_Hands_genuine_361,0001587,0001587,173,221,0,0,,False,,True,False,
SGMNet_root_SGM,hand,11k_Hands_genuine_361,0001587,0001587,1336,1183,122,15,0.1230,False,0.1230,True,False,1.3035
ASpanFormer_indoor,hand,11k_Hands_genuine_361,0001587,0001587,71,71,71,32,0.4507,True,0.4507,True,True,2.6336
DeepDetect,hand,11k_Hands_genuine_361,0001587,0001587,11098,11645,75,52,0.6933,True,0.6933,True,True,1.3788
LoFTR_indoor,hand,11k_Hands_genuine_362,0001532,0001532,970,970,970,517,0.5330,True,0.5330,True,True,1.7148
ORB,hand,11k_Hands_genuine_362,0001532,0001532,329,273,61,28,0.4590,True,0.4590,True,True,2.2060
SIFT,hand,11k_Hands_genuine_362,0001532,0001532,114,81,21,12,0.5714,True,0.5714,True,True,1.1967
SuperGlue,hand,11k_Hands_genuine_362,0001532,0001532,145,153,124,51,0.4113,False,0.4113,True,False,2.1001
SGMNet_root_SGM,hand,11k_Hands_genuine_362,0001532,0001532,729,706,353,169,0.4788,True,0.4788,True,True,1.2020
ASpanFormer_indoor,hand,11k_Hands_genuine_362,0001532,0001532,1818,1818,1818,1121,0.6166,True,0.6166,True,True,2.0150
DeepDetect,hand,11k_Hands_genuine_362,0001532,0001532,8488,9377,523,477,0.9120,True,0.9120,True,True,0.7623
LoFTR_indoor,hand,11k_Hands_genuine_363,0001024,0001024,143,143,143,28,0.1958,False,0.1958,True,False,2.4814
ORB,hand,11k_Hands_genuine_363,0001024,0001024,301,270,11,0,,False,,True,False,
SIFT,hand,11k_Hands_genuine_363,0001024,0001024,115,100,6,0,,False,,True,False,
SuperGlue,hand,11k_Hands_genuine_363,0001024,0001024,238,175,0,0,,False,,True,False,
SGMNet_root_SGM,hand,11k_Hands_genuine_363,0001024,0001024,1044,963,115,13,0.1130,False,0.1130,True,False,1.2801
ASpanFormer_indoor,hand,11k_Hands_genuine_363,0001024,0001024,24,24,24,15,0.6250,True,0.6250,True,True,2.0809
DeepDetect,hand,11k_Hands_genuine_363,0001024,0001024,13739,10011,25,0,,False,,True,False,
LoFTR_indoor,hand,11k_Hands_genuine_364,0000010,0000010,299,299,299,48,0.1605,False,0.1605,True,False,2.4000
ORB,hand,11k_Hands_genuine_364,0000010,0000010,630,229,32,0,,False,,True,False,
SIFT,hand,11k_Hands_genuine_364,0000010,0000010,185,109,19,0,,False,,True,False,
SuperGlue,hand,11k_Hands_genuine_364,0000010,0000010,269,227,5,0,,False,,True,False,
SGMNet_root_SGM,hand,11k_Hands_genuine_364,0000010,0000010,1198,1024,20,7,0.3500,False,0.3500,True,False,0.4224
ASpanFormer_indoor,hand,11k_Hands_genuine_364,0000010,0000010,265,265,265,95,0.3585,False,0.3585,True,False,2.4609
DeepDetect,hand,11k_Hands_genuine_364,0000010,0000010,12271,11602,166,0,,False,,True,False,
LoFTR_indoor,hand,11k_Hands_genuine_365,0001029,0001029,365,365,365,141,0.3863,False,0.3863,True,False,2.4425
ORB,hand,11k_Hands_genuine_365,0001029,0001029,368,419,10,0,,False,,True,False,
SIFT,hand,11k_Hands_genuine_365,0001029,0001029,124,131,3,0,,False,,True,False,
SuperGlue,hand,11k_Hands_genuine_365,0001029,0001029,184,228,45,15,0.3333,False,0.3333,True,False,2.2644
SGMNet_root_SGM,hand,11k_Hands_genuine_365,0001029,0001029,1506,1158,25,7,0.2800,False,0.2800,True,False,0.6053
ASpanFormer_indoor,hand,11k_Hands_genuine_365,0001029,0001029,320,320,320,189,0.5906,True,0.5906,True,True,2.4640
DeepDetect,hand,11k_Hands_genuine_365,0001029,0001029,12087,13356,52,46,0.8846,True,0.8846,True,True,1.2273
LoFTR_indoor,hand,11k_Hands_genuine_366,0000086,0000086,251,251,251,74,0.2948,False,0.2948,True,False,2.2758
ORB,hand,11k_Hands_genuine_366,0000086,0000086,99,63,5,0,,False,,True,False,
SIFT,hand,11k_Hands_genuine_366,0000086,0000086,59,38,2,0,,False,,True,False,
SuperGlue,hand,11k_Hands_genuine_366,0000086,0000086,178,146,1,0,,False,,True,False,
SGMNet_root_SGM,hand,11k_Hands_genuine_366,0000086,0000086,707,636,46,12,0.2609,False,0.2609,True,False,1.3440
ASpanFormer_indoor,hand,11k_Hands_genuine_366,0000086,0000086,190,190,190,60,0.3158,False,0.3158,True,False,2.0083
DeepDetect,hand,11k_Hands_genuine_366,0000086,0000086,9693,9074,40,0,,False,,True,False,
LoFTR_indoor,hand,11k_Hands_genuine_367,0001543,0001543,315,315,315,109,0.3460,False,0.3460,True,False,2.2525
ORB,hand,11k_Hands_genuine_367,0001543,0001543,252,335,18,0,,False,,True,False,
SIFT,hand,11k_Hands_genuine_367,0001543,0001543,108,126,14,0,,False,,True,False,
SuperGlue,hand,11k_Hands_genuine_367,0001543,0001543,213,211,1,0,,False,,True,False,
SGMNet_root_SGM,hand,11k_Hands_genuine_367,0001543,0001543,1081,1157,128,19,0.1484,False,0.1484,True,False,1.3580
ASpanFormer_indoor,hand,11k_Hands_genuine_367,0001543,0001543,223,223,223,78,0.3498,False,0.3498,True,False,2.3597
DeepDetect,hand,11k_Hands_genuine_367,0001543,0001543,11541,11135,47,0,,False,,True,False,
LoFTR_indoor,hand,11k_Hands_genuine_368,0001517,0001517,254,254,254,86,0.3386,False,0.3386,True,False,2.3757
ORB,hand,11k_Hands_genuine_368,0001517,0001517,465,256,10,0,,False,,True,False,
SIFT,hand,11k_Hands_genuine_368,0001517,0001517,184,97,3,0,,False,,True,False,
SuperGlue,hand,11k_Hands_genuine_368,0001517,0001517,251,223,19,0,,False,,True,False,
SGMNet_root_SGM,hand,11k_Hands_genuine_368,0001517,0001517,1344,1010,39,13,0.3333,False,0.3333,True,False,1.0688
ASpanFormer_indoor,hand,11k_Hands_genuine_368,0001517,0001517,200,200,200,108,0.5400,True,0.5400,True,True,2.1370
DeepDetect,hand,11k_Hands_genuine_368,0001517,0001517,13319,11006,35,16,0.4571,True,0.4571,True,True,2.0077
LoFTR_indoor,hand,11k_Hands_genuine_369,0001046,0001046,284,284,284,97,0.3415,False,0.3415,True,False,2.4127
ORB,hand,11k_Hands_genuine_369,0001046,0001046,327,312,6,0,,False,,True,False,
SIFT,hand,11k_Hands_genuine_369,0001046,0001046,115,95,3,0,,False,,True,False,
SuperGlue,hand,11k_Hands_genuine_369,0001046,0001046,142,169,3,0,,False,,True,False,
SGMNet_root_SGM,hand,11k_Hands_genuine_369,0001046,0001046,700,890,26,8,0.3077,False,0.3077,True,False,1.1313
ASpanFormer_indoor,hand,11k_Hands_genuine_369,0001046,0001046,52,52,52,33,0.6346,True,0.6346,True,True,1.5908
DeepDetect,hand,11k_Hands_genuine_369,0001046,0001046,8837,9233,49,0,,False,,True,False,
LoFTR_indoor,hand,11k_Hands_genuine_370,0001519,0001519,361,361,361,76,0.2105,False,0.2105,True,False,2.2378
ORB,hand,11k_Hands_genuine_370,0001519,0001519,316,78,16,0,,False,,True,False,
SIFT,hand,11k_Hands_genuine_370,0001519,0001519,102,75,4,0,,False,,True,False,
SuperGlue,hand,11k_Hands_genuine_370,0001519,0001519,219,228,17,11,0.6471,True,0.6471,True,True,1.6615
SGMNet_root_SGM,hand,11k_Hands_genuine_370,0001519,0001519,1277,1206,50,9,0.1800,False,0.1800,True,False,1.0526
ASpanFormer_indoor,hand,11k_Hands_genuine_370,0001519,0001519,332,332,332,112,0.3373,False,0.3373,True,False,2.2069
DeepDetect,hand,11k_Hands_genuine_370,0001519,0001519,11715,11045,22,0,,False,,True,False,
LoFTR_indoor,hand,11k_Hands_genuine_371,1100000,1100000,273,273,273,72,0.2637,False,0.2637,True,False,1.8025
ORB,hand,11k_Hands_genuine_371,1100000,1100000,308,235,16,0,,False,,True,False,
SIFT,hand,11k_Hands_genuine_371,1100000,1100000,145,141,12,0,,False,,True,False,
SuperGlue,hand,11k_Hands_genuine_371,1100000,1100000,212,239,17,9,0.5294,True,0.5294,True,True,1.5886
SGMNet_root_SGM,hand,11k_Hands_genuine_371,1100000,1100000,1232,1482,39,8,0.2051,False,0.2051,True,False,1.1438
ASpanFormer_indoor,hand,11k_Hands_genuine_371,1100000,1100000,159,159,159,84,0.5283,True,0.5283,True,True,2.3996
DeepDetect,hand,11k_Hands_genuine_371,1100000,1100000,10083,11999,68,43,0.6324,True,0.6324,True,True,1.8087
LoFTR_indoor,hand,11k_Hands_genuine_372,0001541,0001541,222,222,222,49,0.2207,False,0.2207,True,False,2.4363
ORB,hand,11k_Hands_genuine_372,0001541,0001541,259,490,17,0,,False,,True,False,
SIFT,hand,11k_Hands_genuine_372,0001541,0001541,93,119,5,0,,False,,True,False,
SuperGlue,hand,11k_Hands_genuine_372,0001541,0001541,195,155,0,0,,False,,True,False,
SGMNet_root_SGM,hand,11k_Hands_genuine_372,0001541,0001541,981,812,80,14,0.1750,False,0.1750,True,False,1.2711
ASpanFormer_indoor,hand,11k_Hands_genuine_372,0001541,0001541,127,127,127,52,0.4094,True,0.4094,True,True,2.2102
DeepDetect,hand,11k_Hands_genuine_372,0001541,0001541,11082,10480,82,0,,False,,True,False,
LoFTR_indoor,hand,11k_Hands_genuine_373,0001059,0001059,359,359,359,143,0.3983,False,0.3983,True,False,2.4536
ORB,hand,11k_Hands_genuine_373,0001059,0001059,294,322,12,0,,False,,True,False,
SIFT,hand,11k_Hands_genuine_373,0001059,0001059,98,129,2,0,,False,,True,False,
SuperGlue,hand,11k_Hands_genuine_373,0001059,0001059,178,190,9,7,0.7778,True,0.7778,True,True,1.4161
SGMNet_root_SGM,hand,11k_Hands_genuine_373,0001059,0001059,958,1084,97,26,0.2680,False,0.2680,True,False,1.6055
ASpanFormer_indoor,hand,11k_Hands_genuine_373,0001059,0001059,212,212,212,125,0.5896,True,0.5896,True,True,1.9981
DeepDetect,hand,11k_Hands_genuine_373,0001059,0001059,9738,11641,47,0,,False,,True,False,
LoFTR_indoor,hand,11k_Hands_genuine_374,0001533,0001533,208,208,208,73,0.3510,False,0.3510,True,False,2.3105
ORB,hand,11k_Hands_genuine_374,0001533,0001533,192,314,12,0,,False,,True,False,
SIFT,hand,11k_Hands_genuine_374,0001533,0001533,59,152,1,0,,False,,True,False,
SuperGlue,hand,11k_Hands_genuine_374,0001533,0001533,227,247,0,0,,False,,True,False,
SGMNet_root_SGM,hand,11k_Hands_genuine_374,0001533,0001533,554,1095,10,5,0.5000,True,0.5000,True,True,0.5872
ASpanFormer_indoor,hand,11k_Hands_genuine_374,0001533,0001533,254,254,254,117,0.4606,True,0.4606,True,True,1.5948
DeepDetect,hand,11k_Hands_genuine_374,0001533,0001533,11490,13321,28,0,,False,,True,False,
LoFTR_indoor,hand,11k_Hands_genuine_375,0001516,0001516,260,260,260,47,0.1808,False,0.1808,True,False,2.0083
ORB,hand,11k_Hands_genuine_375,0001516,0001516,196,123,4,0,,False,,True,False,
SIFT,hand,11k_Hands_genuine_375,0001516,0001516,86,47,4,0,,False,,True,False,
SuperGlue,hand,11k_Hands_genuine_375,0001516,0001516,178,218,0,0,,False,,True,False,
SGMNet_root_SGM,hand,11k_Hands_genuine_375,0001516,0001516,1044,1522,38,8,0.2105,False,0.2105,True,False,0.3274
ASpanFormer_indoor,hand,11k_Hands_genuine_375,0001516,0001516,178,178,178,113,0.6348,True,0.6348,True,True,2.3453
DeepDetect,hand,11k_Hands_genuine_375,0001516,0001516,9880,11355,103,0,,False,,True,False,
LoFTR_indoor,hand,11k_Hands_genuine_376,0001571,0001571,217,217,217,54,0.2488,False,0.2488,True,False,2.4142
ORB,hand,11k_Hands_genuine_376,0001571,0001571,267,320,17,0,,False,,True,False,
SIFT,hand,11k_Hands_genuine_376,0001571,0001571,76,100,2,0,,False,,True,False,
SuperGlue,hand,11k_Hands_genuine_376,0001571,0001571,175,187,0,0,,False,,True,False,
SGMNet_root_SGM,hand,11k_Hands_genuine_376,0001571,0001571,760,842,73,19,0.2603,False,0.2603,True,False,1.5213
ASpanFormer_indoor,hand,11k_Hands_genuine_376,0001571,0001571,216,216,216,98,0.4537,True,0.4537,True,True,2.3719
DeepDetect,hand,11k_Hands_genuine_376,0001571,0001571,10465,9316,92,39,0.4239,True,0.4239,True,True,1.6635
LoFTR_indoor,hand,11k_Hands_genuine_377,0001597,0001597,221,221,221,53,0.2398,False,0.2398,True,False,2.4446
ORB,hand,11k_Hands_genuine_377,0001597,0001597,198,420,6,0,,False,,True,False,
SIFT,hand,11k_Hands_genuine_377,0001597,0001597,61,115,7,0,,False,,True,False,
SuperGlue,hand,11k_Hands_genuine_377,0001597,0001597,124,182,19,8,0.4211,False,0.4211,True,False,1.5909
SGMNet_root_SGM,hand,11k_Hands_genuine_377,0001597,0001597,585,1007,25,8,0.3200,False,0.3200,True,False,0.7523
ASpanFormer_indoor,hand,11k_Hands_genuine_377,0001597,0001597,114,114,114,44,0.3860,False,0.3860,True,False,2.0184
DeepDetect,hand,11k_Hands_genuine_377,0001597,0001597,8463,10472,27,15,0.5556,True,0.5556,True,True,1.2532
LoFTR_indoor,hand,11k_Hands_genuine_378,0001014,0001014,1196,1196,1196,704,0.5886,True,0.5886,True,True,1.3959
ORB,hand,11k_Hands_genuine_378,0001014,0001014,363,383,96,49,0.5104,True,0.5104,True,True,2.1038
SIFT,hand,11k_Hands_genuine_378,0001014,0001014,119,130,45,25,0.5556,True,0.5556,True,True,2.5955
SuperGlue,hand,11k_Hands_genuine_378,0001014,0001014,198,203,155,56,0.3613,False,0.3613,True,False,2.6755
SGMNet_root_SGM,hand,11k_Hands_genuine_378,0001014,0001014,827,788,380,167,0.4395,True,0.4395,True,True,1.4153
ASpanFormer_indoor,hand,11k_Hands_genuine_378,0001014,0001014,2424,2424,2424,1937,0.7991,True,0.7991,True,True,1.3857
DeepDetect,hand,11k_Hands_genuine_378,0001014,0001014,11420,12000,1107,1043,0.9422,True,0.9422,True,True,1.1463
LoFTR_indoor,hand,11k_Hands_genuine_379,0001593,0001593,236,236,236,79,0.3347,False,0.3347,True,False,2.5236
ORB,hand,11k_Hands_genuine_379,0001593,0001593,470,429,17,0,,False,,True,False,
SIFT,hand,11k_Hands_genuine_379,0001593,0001593,105,134,1,0,,False,,True,False,
SuperGlue,hand,11k_Hands_genuine_379,0001593,0001593,221,233,11,0,,False,,True,False,
SGMNet_root_SGM,hand,11k_Hands_genuine_379,0001593,0001593,933,1131,21,0,,False,,True,False,
ASpanFormer_indoor,hand,11k_Hands_genuine_379,0001593,0001593,54,54,54,29,0.5370,True,0.5370,True,True,2.0043
DeepDetect,hand,11k_Hands_genuine_379,0001593,0001593,11499,14555,25,0,,False,,True,False,
LoFTR_indoor,hand,11k_Hands_genuine_380,0000528,0000528,274,274,274,51,0.1861,False,0.1861,True,False,2.0274
ORB,hand,11k_Hands_genuine_380,0000528,0000528,437,721,8,0,,False,,True,False,
SIFT,hand,11k_Hands_genuine_380,0000528,0000528,156,191,13,0,,False,,True,False,
SuperGlue,hand,11k_Hands_genuine_380,0000528,0000528,248,249,0,0,,False,,True,False,
SGMNet_root_SGM,hand,11k_Hands_genuine_380,0000528,0000528,1283,1272,136,23,0.1691,False,0.1691,True,False,1.6374
ASpanFormer_indoor,hand,11k_Hands_genuine_380,0000528,0000528,186,186,186,85,0.4570,True,0.4570,True,True,2.2667
DeepDetect,hand,11k_Hands_genuine_380,0000528,0000528,12670,12370,14,0,,False,,True,False,
LoFTR_indoor,hand,11k_Hands_genuine_381,0001555,0001555,340,340,340,72,0.2118,False,0.2118,True,False,2.8373
ORB,hand,11k_Hands_genuine_381,0001555,0001555,294,271,20,8,0.4000,False,0.4000,True,False,1.5278
SIFT,hand,11k_Hands_genuine_381,0001555,0001555,128,126,16,0,,False,,True,False,
SuperGlue,hand,11k_Hands_genuine_381,0001555,0001555,268,298,4,4,1.0000,True,1.0000,True,True,0.0000
SGMNet_root_SGM,hand,11k_Hands_genuine_381,0001555,0001555,1571,1506,125,28,0.2240,False,0.2240,True,False,1.5234
ASpanFormer_indoor,hand,11k_Hands_genuine_381,0001555,0001555,332,332,332,167,0.5030,True,0.5030,True,True,2.4246
DeepDetect,hand,11k_Hands_genuine_381,0001555,0001555,14338,13622,280,166,0.5929,True,0.5929,True,True,3.7167
LoFTR_indoor,hand,11k_Hands_genuine_382,0001067,0001067,1134,1134,1134,888,0.7831,True,0.7831,True,True,1.6761
ORB,hand,11k_Hands_genuine_382,0001067,0001067,636,688,261,207,0.7931,True,0.7931,True,True,1.3903
SIFT,hand,11k_Hands_genuine_382,0001067,0001067,139,146,69,57,0.8261,True,0.8261,True,True,1.0044
SuperGlue,hand,11k_Hands_genuine_382,0001067,0001067,161,161,134,86,0.6418,True,0.6418,True,True,2.0366
SGMNet_root_SGM,hand,11k_Hands_genuine_382,0001067,0001067,710,609,337,228,0.6766,True,0.6766,True,True,1.1747
ASpanFormer_indoor,hand,11k_Hands_genuine_382,0001067,0001067,2063,2063,2063,1675,0.8119,True,0.8119,True,True,1.9017
DeepDetect,hand,11k_Hands_genuine_382,0001067,0001067,9435,9198,1238,1159,0.9362,True,0.9362,True,True,1.2304
LoFTR_indoor,hand,11k_Hands_genuine_383,2000000,2000000,846,846,846,468,0.5532,True,0.5532,True,True,1.7473
ORB,hand,11k_Hands_genuine_383,2000000,2000000,162,213,27,16,0.5926,True,0.5926,True,True,1.7710
SIFT,hand,11k_Hands_genuine_383,2000000,2000000,130,118,35,23,0.6571,True,0.6571,True,True,1.5889
SuperGlue,hand,11k_Hands_genuine_383,2000000,2000000,267,283,220,95,0.4318,False,0.4318,True,False,2.2845
SGMNet_root_SGM,hand,11k_Hands_genuine_383,2000000,2000000,882,970,460,227,0.4935,True,0.4935,True,True,1.5077
ASpanFormer_indoor,hand,11k_Hands_genuine_383,2000000,2000000,1349,1349,1349,744,0.5515,True,0.5515,True,True,1.4872
DeepDetect,hand,11k_Hands_genuine_383,2000000,2000000,13445,14626,592,422,0.7128,True,0.7128,True,True,1.9526
LoFTR_indoor,hand,11k_Hands_genuine_384,0000573,0000573,344,344,344,102,0.2965,False,0.2965,True,False,2.4987
ORB,hand,11k_Hands_genuine_384,0000573,0000573,383,257,22,0,,False,,True,False,
SIFT,hand,11k_Hands_genuine_384,0000573,0000573,99,77,4,0,,False,,True,False,
SuperGlue,hand,11k_Hands_genuine_384,0000573,0000573,194,195,95,38,0.4000,False,0.4000,True,False,2.4525
SGMNet_root_SGM,hand,11k_Hands_genuine_384,0000573,0000573,619,971,46,14,0.3043,False,0.3043,True,False,1.3019
ASpanFormer_indoor,hand,11k_Hands_genuine_384,0000573,0000573,299,299,299,172,0.5753,True,0.5753,True,True,1.5923
DeepDetect,hand,11k_Hands_genuine_384,0000573,0000573,10440,10735,7,0,,False,,True,False,
LoFTR_indoor,hand,11k_Hands_genuine_385,0001516,0001516,306,306,306,65,0.2124,False,0.2124,True,False,2.4446
ORB,hand,11k_Hands_genuine_385,0001516,0001516,280,180,16,0,,False,,True,False,
SIFT,hand,11k_Hands_genuine_385,0001516,0001516,111,92,9,0,,False,,True,False,
SuperGlue,hand,11k_Hands_genuine_385,0001516,0001516,152,204,7,0,,False,,True,False,
SGMNet_root_SGM,hand,11k_Hands_genuine_385,0001516,0001516,1156,1170,52,15,0.2885,False,0.2885,True,False,1.3551
ASpanFormer_indoor,hand,11k_Hands_genuine_385,0001516,0001516,177,177,177,68,0.3842,False,0.3842,True,False,1.8506
DeepDetect,hand,11k_Hands_genuine_385,0001516,0001516,9738,11022,42,0,,False,,True,False,
LoFTR_indoor,hand,11k_Hands_genuine_386,0000509,0000509,234,234,234,99,0.4231,False,0.4231,True,False,1.6558
ORB,hand,11k_Hands_genuine_386,0000509,0000509,464,427,30,0,,False,,True,False,
SIFT,hand,11k_Hands_genuine_386,0000509,0000509,136,159,13,0,,False,,True,False,
SuperGlue,hand,11k_Hands_genuine_386,0000509,0000509,192,162,0,0,,False,,True,False,
SGMNet_root_SGM,hand,11k_Hands_genuine_386,0000509,0000509,1034,870,73,18,0.2466,False,0.2466,True,False,1.4695
ASpanFormer_indoor,hand,11k_Hands_genuine_386,0000509,0000509,228,228,228,78,0.3421,False,0.3421,True,False,2.4563
DeepDetect,hand,11k_Hands_genuine_386,0000509,0000509,10240,9965,93,62,0.6667,True,0.6667,True,True,1.7329
LoFTR_indoor,hand,11k_Hands_genuine_387,0001066,0001066,291,291,291,79,0.2715,False,0.2715,True,False,2.0610
ORB,hand,11k_Hands_genuine_387,0001066,0001066,453,361,25,9,0.3600,False,0.3600,True,False,1.2360
SIFT,hand,11k_Hands_genuine_387,0001066,0001066,138,121,7,0,,False,,True,False,
SuperGlue,hand,11k_Hands_genuine_387,0001066,0001066,195,176,39,17,0.4359,False,0.4359,True,False,2.5213
SGMNet_root_SGM,hand,11k_Hands_genuine_387,0001066,0001066,880,968,66,14,0.2121,False,0.2121,True,False,0.8724
ASpanFormer_indoor,hand,11k_Hands_genuine_387,0001066,0001066,229,229,229,118,0.5153,True,0.5153,True,True,2.3496
DeepDetect,hand,11k_Hands_genuine_387,0001066,0001066,11509,11065,41,18,0.4390,True,0.4390,True,True,1.2558
LoFTR_indoor,hand,11k_Hands_genuine_388,0001566,0001566,153,153,153,21,0.1373,False,0.1373,True,False,2.3528
ORB,hand,11k_Hands_genuine_388,0001566,0001566,503,143,27,10,0.3704,False,0.3704,True,False,1.9699
SIFT,hand,11k_Hands_genuine_388,0001566,0001566,189,77,7,0,,False,,True,False,
SuperGlue,hand,11k_Hands_genuine_388,0001566,0001566,207,244,0,0,,False,,True,False,
SGMNet_root_SGM,hand,11k_Hands_genuine_388,0001566,0001566,972,1354,3,0,,False,,True,False,
ASpanFormer_indoor,hand,11k_Hands_genuine_388,0001566,0001566,79,79,79,20,0.2532,False,0.2532,True,False,2.2594
DeepDetect,hand,11k_Hands_genuine_388,0001566,0001566,10203,12651,31,0,,False,,True,False,
LoFTR_indoor,hand,11k_Hands_genuine_389,0001019,0001019,157,157,157,42,0.2675,False,0.2675,True,False,1.5367
ORB,hand,11k_Hands_genuine_389,0001019,0001019,147,383,5,0,,False,,True,False,
SIFT,hand,11k_Hands_genuine_389,0001019,0001019,47,104,2,0,,False,,True,False,
SuperGlue,hand,11k_Hands_genuine_389,0001019,0001019,126,204,0,0,,False,,True,False,
SGMNet_root_SGM,hand,11k_Hands_genuine_389,0001019,0001019,703,750,45,12,0.2667,False,0.2667,True,False,1.1846
ASpanFormer_indoor,hand,11k_Hands_genuine_389,0001019,0001019,73,73,73,32,0.4384,True,0.4384,True,True,2.1386
DeepDetect,hand,11k_Hands_genuine_389,0001019,0001019,7782,10113,48,41,0.8542,True,0.8542,True,True,0.9309
LoFTR_indoor,hand,11k_Hands_genuine_390,8000000,8000000,227,227,227,27,0.1189,False,0.1189,True,False,1.9853
ORB,hand,11k_Hands_genuine_390,8000000,8000000,513,370,10,0,,False,,True,False,
SIFT,hand,11k_Hands_genuine_390,8000000,8000000,169,154,3,0,,False,,True,False,
SuperGlue,hand,11k_Hands_genuine_390,8000000,8000000,266,209,0,0,,False,,True,False,
SGMNet_root_SGM,hand,11k_Hands_genuine_390,8000000,8000000,1295,1451,120,18,0.1500,False,0.1500,True,False,1.6265
ASpanFormer_indoor,hand,11k_Hands_genuine_390,8000000,8000000,90,90,90,43,0.4778,True,0.4778,True,True,2.0345
DeepDetect,hand,11k_Hands_genuine_390,8000000,8000000,13493,13546,52,25,0.4808,True,0.4808,True,True,1.7781
LoFTR_indoor,hand,11k_Hands_genuine_391,0001090,0001090,256,256,256,34,0.1328,False,0.1328,True,False,2.1492
ORB,hand,11k_Hands_genuine_391,0001090,0001090,359,261,19,0,,False,,True,False,
SIFT,hand,11k_Hands_genuine_391,0001090,0001090,117,101,4,0,,False,,True,False,
SuperGlue,hand,11k_Hands_genuine_391,0001090,0001090,238,297,0,0,,False,,True,False,
SGMNet_root_SGM,hand,11k_Hands_genuine_391,0001090,0001090,979,1514,40,0,,False,,True,False,
ASpanFormer_indoor,hand,11k_Hands_genuine_391,0001090,0001090,127,127,127,34,0.2677,False,0.2677,True,False,2.3848
DeepDetect,hand,11k_Hands_genuine_391,0001090,0001090,12920,14376,9,0,,False,,True,False,
LoFTR_indoor,hand,11k_Hands_genuine_392,0001066,0001066,179,179,179,46,0.2570,False,0.2570,True,False,1.5795
ORB,hand,11k_Hands_genuine_392,0001066,0001066,336,326,9,0,,False,,True,False,
SIFT,hand,11k_Hands_genuine_392,0001066,0001066,142,94,2,0,,False,,True,False,
SuperGlue,hand,11k_Hands_genuine_392,0001066,0001066,240,179,0,0,,False,,True,False,
SGMNet_root_SGM,hand,11k_Hands_genuine_392,0001066,0001066,997,1057,203,16,0.0788,False,0.0788,True,False,1.3124
ASpanFormer_indoor,hand,11k_Hands_genuine_392,0001066,0001066,54,54,54,22,0.4074,True,0.4074,True,True,2.1102
DeepDetect,hand,11k_Hands_genuine_392,0001066,0001066,12666,11202,52,0,,False,,True,False,
LoFTR_indoor,hand,11k_Hands_genuine_393,0001018,0001018,294,294,294,81,0.2755,False,0.2755,True,False,2.3472
ORB,hand,11k_Hands_genuine_393,0001018,0001018,174,174,12,0,,False,,True,False,
SIFT,hand,11k_Hands_genuine_393,0001018,0001018,58,70,10,7,0.7000,True,0.7000,True,True,0.8674
SuperGlue,hand,11k_Hands_genuine_393,0001018,0001018,183,173,0,0,,False,,True,False,
SGMNet_root_SGM,hand,11k_Hands_genuine_393,0001018,0001018,1018,1126,153,57,0.3725,False,0.3725,True,False,1.7079
ASpanFormer_indoor,hand,11k_Hands_genuine_393,0001018,0001018,277,277,277,147,0.5307,True,0.5307,True,True,2.3402
DeepDetect,hand,11k_Hands_genuine_393,0001018,0001018,10702,10977,130,0,,False,,True,False,
LoFTR_indoor,hand,11k_Hands_genuine_394,0001566,0001566,152,152,152,23,0.1513,False,0.1513,True,False,1.3026
ORB,hand,11k_Hands_genuine_394,0001566,0001566,523,352,13,0,,False,,True,False,
SIFT,hand,11k_Hands_genuine_394,0001566,0001566,177,125,5,0,,False,,True,False,
SuperGlue,hand,11k_Hands_genuine_394,0001566,0001566,201,224,0,0,,False,,True,False,
SGMNet_root_SGM,hand,11k_Hands_genuine_394,0001566,0001566,1173,1368,37,7,0.1892,False,0.1892,True,False,0.6512
ASpanFormer_indoor,hand,11k_Hands_genuine_394,0001566,0001566,56,56,56,18,0.3214,False,0.3214,True,False,1.5539
DeepDetect,hand,11k_Hands_genuine_394,0001566,0001566,10790,13915,60,42,0.7000,True,0.7000,True,True,1.6134
LoFTR_indoor,hand,11k_Hands_genuine_395,0001558,0001558,399,399,399,64,0.1604,False,0.1604,True,False,2.4801
ORB,hand,11k_Hands_genuine_395,0001558,0001558,440,250,19,0,,False,,True,False,
SIFT,hand,11k_Hands_genuine_395,0001558,0001558,140,107,13,0,,False,,True,False,
SuperGlue,hand,11k_Hands_genuine_395,0001558,0001558,234,225,0,0,,False,,True,False,
SGMNet_root_SGM,hand,11k_Hands_genuine_395,0001558,0001558,1017,1127,55,10,0.1818,False,0.1818,True,False,1.6451
ASpanFormer_indoor,hand,11k_Hands_genuine_395,0001558,0001558,319,319,319,105,0.3292,False,0.3292,True,False,2.0897
DeepDetect,hand,11k_Hands_genuine_395,0001558,0001558,14129,11973,20,0,,False,,True,False,
LoFTR_indoor,hand,11k_Hands_genuine_396,0001540,0001540,263,263,263,49,0.1863,False,0.1863,True,False,1.3107
ORB,hand,11k_Hands_genuine_396,0001540,0001540,365,281,15,0,,False,,True,False,
SIFT,hand,11k_Hands_genuine_396,0001540,0001540,111,98,2,0,,False,,True,False,
SuperGlue,hand,11k_Hands_genuine_396,0001540,0001540,216,225,0,0,,False,,True,False,
SGMNet_root_SGM,hand,11k_Hands_genuine_396,0001540,0001540,898,1413,9,5,0.5556,True,0.5556,True,True,0.6034
ASpanFormer_indoor,hand,11k_Hands_genuine_396,0001540,0001540,78,78,78,48,0.6154,True,0.6154,True,True,2.3663
DeepDetect,hand,11k_Hands_genuine_396,0001540,0001540,12644,13465,10,7,0.7000,True,0.7000,True,True,0.3359
LoFTR_indoor,hand,11k_Hands_genuine_397,8000000,8000000,759,759,759,358,0.4717,True,0.4717,True,True,1.9607
ORB,hand,11k_Hands_genuine_397,8000000,8000000,547,720,80,46,0.5750,True,0.5750,True,True,1.2337
SIFT,hand,11k_Hands_genuine_397,8000000,8000000,165,176,41,18,0.4390,False,0.4390,True,False,1.6082
SuperGlue,hand,11k_Hands_genuine_397,8000000,8000000,279,242,185,55,0.2973,False,0.2973,True,False,1.9342
SGMNet_root_SGM,hand,11k_Hands_genuine_397,8000000,8000000,1346,1354,473,276,0.5835,True,0.5835,True,True,1.0724
ASpanFormer_indoor,hand,11k_Hands_genuine_397,8000000,8000000,734,734,734,453,0.6172,True,0.6172,True,True,1.6677
DeepDetect,hand,11k_Hands_genuine_397,8000000,8000000,14954,13782,389,297,0.7635,True,0.7635,True,True,0.5143
LoFTR_indoor,hand,11k_Hands_genuine_398,0000541,0000541,268,268,268,72,0.2687,False,0.2687,True,False,2.3900
ORB,hand,11k_Hands_genuine_398,0000541,0000541,193,210,10,0,,False,,True,False,
SIFT,hand,11k_Hands_genuine_398,0000541,0000541,65,74,5,0,,False,,True,False,
SuperGlue,hand,11k_Hands_genuine_398,0000541,0000541,176,156,9,6,0.6667,True,0.6667,True,True,1.3356
SGMNet_root_SGM,hand,11k_Hands_genuine_398,0000541,0000541,1088,892,51,12,0.2353,False,0.2353,True,False,1.7901
ASpanFormer_indoor,hand,11k_Hands_genuine_398,0000541,0000541,153,153,153,56,0.3660,False,0.3660,True,False,2.0761
DeepDetect,hand,11k_Hands_genuine_398,0000541,0000541,10112,10693,49,0,,False,,True,False,
LoFTR_indoor,hand,11k_Hands_genuine_399,0001034,0001034,255,255,255,46,0.1804,False,0.1804,True,False,2.6634
ORB,hand,11k_Hands_genuine_399,0001034,0001034,465,427,13,0,,False,,True,False,
SIFT,hand,11k_Hands_genuine_399,0001034,0001034,195,132,4,0,,False,,True,False,
SuperGlue,hand,11k_Hands_genuine_399,0001034,0001034,212,217,0,0,,False,,True,False,
SGMNet_root_SGM,hand,11k_Hands_genuine_399,0001034,0001034,923,1019,41,10,0.2439,False,0.2439,True,False,1.0242
ASpanFormer_indoor,hand,11k_Hands_genuine_399,0001034,0001034,161,161,161,47,0.2919,False,0.2919,True,False,2.3247
DeepDetect,hand,11k_Hands_genuine_399,0001034,0001034,11628,11774,34,0,,False,,True,False,
LoFTR_indoor,hand,11k_Hands_genuine_400,0001547,0001547,705,705,705,288,0.4085,False,0.4085,True,False,2.2950
ORB,hand,11k_Hands_genuine_400,0001547,0001547,675,457,50,19,0.3800,False,0.3800,True,False,1.5933
SIFT,hand,11k_Hands_genuine_400,0001547,0001547,159,121,29,13,0.4483,False,0.4483,True,False,1.2995
SuperGlue,hand,11k_Hands_genuine_400,0001547,0001547,162,206,65,26,0.4000,False,0.4000,True,False,2.3007
SGMNet_root_SGM,hand,11k_Hands_genuine_400,0001547,0001547,802,833,336,138,0.4107,True,0.4107,True,True,1.5393
ASpanFormer_indoor,hand,11k_Hands_genuine_400,0001547,0001547,603,603,603,276,0.4577,True,0.4577,True,True,2.5013
DeepDetect,hand,11k_Hands_genuine_400,0001547,0001547,9977,10676,201,165,0.8209,True,0.8209,True,True,0.4320
LoFTR_indoor,hand,11k_Hands_genuine_401,0001066,0001066,327,327,327,130,0.3976,False,0.3976,True,False,2.1668
ORB,hand,11k_Hands_genuine_401,0001066,0001066,430,397,21,0,,False,,True,False,
SIFT,hand,11k_Hands_genuine_401,0001066,0001066,144,136,7,0,,False,,True,False,
SuperGlue,hand,11k_Hands_genuine_401,0001066,0001066,199,184,12,8,0.6667,True,0.6667,True,True,1.4980
SGMNet_root_SGM,hand,11k_Hands_genuine_401,0001066,0001066,886,1018,39,11,0.2821,False,0.2821,True,False,1.3016
ASpanFormer_indoor,hand,11k_Hands_genuine_401,0001066,0001066,188,188,188,120,0.6383,True,0.6383,True,True,2.2263
DeepDetect,hand,11k_Hands_genuine_401,0001066,0001066,11098,11273,55,27,0.4909,True,0.4909,True,True,1.4593
LoFTR_indoor,hand,11k_Hands_genuine_402,0001005,0001005,324,324,324,69,0.2130,False,0.2130,True,False,2.5110
ORB,hand,11k_Hands_genuine_402,0001005,0001005,426,448,34,0,,False,,True,False,
SIFT,hand,11k_Hands_genuine_402,0001005,0001005,90,126,7,0,,False,,True,False,
SuperGlue,hand,11k_Hands_genuine_402,0001005,0001005,242,261,56,18,0.3214,False,0.3214,True,False,2.5400
SGMNet_root_SGM,hand,11k_Hands_genuine_402,0001005,0001005,750,935,40,9,0.2250,False,0.2250,True,False,1.0739
ASpanFormer_indoor,hand,11k_Hands_genuine_402,0001005,0001005,236,236,236,86,0.3644,False,0.3644,True,False,2.3755
DeepDetect,hand,11k_Hands_genuine_402,0001005,0001005,12511,13034,98,35,0.3571,True,0.3571,True,True,2.3334
LoFTR_indoor,hand,11k_Hands_genuine_403,0001520,0001520,1817,1817,1817,1287,0.7083,True,0.7083,True,True,1.5921
ORB,hand,11k_Hands_genuine_403,0001520,0001520,146,234,42,29,0.6905,True,0.6905,True,True,1.6344
SIFT,hand,11k_Hands_genuine_403,0001520,0001520,60,91,22,14,0.6364,True,0.6364,True,True,1.5011
SuperGlue,hand,11k_Hands_genuine_403,0001520,0001520,239,220,170,85,0.5000,True,0.5000,True,True,2.2636
SGMNet_root_SGM,hand,11k_Hands_genuine_403,0001520,0001520,1131,1259,648,436,0.6728,True,0.6728,True,True,1.3987
ASpanFormer_indoor,hand,11k_Hands_genuine_403,0001520,0001520,2154,2154,2154,1277,0.5929,True,0.5929,True,True,1.0750
DeepDetect,hand,11k_Hands_genuine_403,0001520,0001520,12910,11874,1865,1564,0.8386,True,0.8386,True,True,0.8475
LoFTR_indoor,hand,11k_Hands_genuine_404,0000000,0000000,219,219,219,63,0.2877,False,0.2877,True,False,2.2790
ORB,hand,11k_Hands_genuine_404,0000000,0000000,155,170,7,0,,False,,True,False,
SIFT,hand,11k_Hands_genuine_404,0000000,0000000,63,76,4,0,,False,,True,False,
SuperGlue,hand,11k_Hands_genuine_404,0000000,0000000,194,215,0,0,,False,,True,False,
SGMNet_root_SGM,hand,11k_Hands_genuine_404,0000000,0000000,1400,1431,94,13,0.1383,False,0.1383,True,False,1.2224
ASpanFormer_indoor,hand,11k_Hands_genuine_404,0000000,0000000,175,175,175,95,0.5429,True,0.5429,True,True,2.6288
DeepDetect,hand,11k_Hands_genuine_404,0000000,0000000,11225,12507,159,0,,False,,True,False,
LoFTR_indoor,hand,11k_Hands_genuine_405,0001547,0001547,266,266,266,66,0.2481,False,0.2481,True,False,2.6912
ORB,hand,11k_Hands_genuine_405,0001547,0001547,462,321,11,0,,False,,True,False,
SIFT,hand,11k_Hands_genuine_405,0001547,0001547,113,99,1,0,,False,,True,False,
SuperGlue,hand,11k_Hands_genuine_405,0001547,0001547,156,213,7,4,0.5714,True,0.5714,True,True,0.0000
SGMNet_root_SGM,hand,11k_Hands_genuine_405,0001547,0001547,854,1114,19,0,,False,,True,False,
ASpanFormer_indoor,hand,11k_Hands_genuine_405,0001547,0001547,234,234,234,96,0.4103,True,0.4103,True,True,2.2630
DeepDetect,hand,11k_Hands_genuine_405,0001547,0001547,10077,11215,30,15,0.5000,True,0.5000,True,True,2.1902
LoFTR_indoor,hand,11k_Hands_genuine_406,0000528,0000528,561,561,561,178,0.3173,False,0.3173,True,False,2.7159
ORB,hand,11k_Hands_genuine_406,0000528,0000528,459,644,20,9,0.4500,True,0.4500,True,True,0.8771
SIFT,hand,11k_Hands_genuine_406,0000528,0000528,133,125,10,0,,False,,True,False,
SuperGlue,hand,11k_Hands_genuine_406,0000528,0000528,202,182,69,27,0.3913,False,0.3913,True,False,2.2339
SGMNet_root_SGM,hand,11k_Hands_genuine_406,0000528,0000528,1286,835,36,11,0.3056,False,0.3056,True,False,1.0550
ASpanFormer_indoor,hand,11k_Hands_genuine_406,0000528,0000528,442,442,442,222,0.5023,True,0.5023,True,True,2.6085
DeepDetect,hand,11k_Hands_genuine_406,0000528,0000528,11260,10576,18,10,0.5556,True,0.5556,True,True,1.6996
LoFTR_indoor,hand,11k_Hands_genuine_407,0001513,0001513,970,970,970,575,0.5928,True,0.5928,True,True,2.1117
ORB,hand,11k_Hands_genuine_407,0001513,0001513,460,251,73,38,0.5205,True,0.5205,True,True,1.6254
SIFT,hand,11k_Hands_genuine_407,0001513,0001513,124,82,21,10,0.4762,True,0.4762,True,True,1.3158
SuperGlue,hand,11k_Hands_genuine_407,0001513,0001513,164,188,139,48,0.3453,False,0.3453,True,False,2.4443
SGMNet_root_SGM,hand,11k_Hands_genuine_407,0001513,0001513,720,897,355,179,0.5042,True,0.5042,True,True,1.1004
ASpanFormer_indoor,hand,11k_Hands_genuine_407,0001513,0001513,1499,1499,1499,991,0.6611,True,0.6611,True,True,2.0405
DeepDetect,hand,11k_Hands_genuine_407,0001513,0001513,10373,11166,241,206,0.8548,True,0.8548,True,True,1.4588
LoFTR_indoor,hand,11k_Hands_genuine_408,0001020,0001020,311,311,311,86,0.2765,False,0.2765,True,False,1.8997
ORB,hand,11k_Hands_genuine_408,0001020,0001020,501,434,11,0,,False,,True,False,
SIFT,hand,11k_Hands_genuine_408,0001020,0001020,152,130,1,0,,False,,True,False,
SuperGlue,hand,11k_Hands_genuine_408,0001020,0001020,193,256,55,20,0.3636,False,0.3636,True,False,2.7708
SGMNet_root_SGM,hand,11k_Hands_genuine_408,0001020,0001020,1181,1182,89,14,0.1573,False,0.1573,True,False,1.3302
ASpanFormer_indoor,hand,11k_Hands_genuine_408,0001020,0001020,171,171,171,91,0.5322,True,0.5322,True,True,2.2529
DeepDetect,hand,11k_Hands_genuine_408,0001020,0001020,11731,14006,60,0,,False,,True,False,
LoFTR_indoor,hand,11k_Hands_genuine_409,0000067,0000067,146,146,146,20,0.1370,False,0.1370,True,False,2.4342
ORB,hand,11k_Hands_genuine_409,0000067,0000067,100,131,2,0,,False,,True,False,
SIFT,hand,11k_Hands_genuine_409,0000067,0000067,40,62,2,0,,False,,True,False,
SuperGlue,hand,11k_Hands_genuine_409,0000067,0000067,186,162,0,0,,False,,True,False,
SGMNet_root_SGM,hand,11k_Hands_genuine_409,0000067,0000067,999,890,44,9,0.2045,False,0.2045,True,False,1.0895
ASpanFormer_indoor,hand,11k_Hands_genuine_409,0000067,0000067,79,79,79,41,0.5190,True,0.5190,True,True,2.0610
DeepDetect,hand,11k_Hands_genuine_409,0000067,0000067,10300,9786,29,21,0.7241,True,0.7241,True,True,1.0502
LoFTR_indoor,hand,11k_Hands_genuine_410,0001562,0001562,419,419,419,141,0.3365,False,0.3365,True,False,2.4568
ORB,hand,11k_Hands_genuine_410,0001562,0001562,354,384,18,0,,False,,True,False,
SIFT,hand,11k_Hands_genuine_410,0001562,0001562,150,95,12,0,,False,,True,False,
SuperGlue,hand,11k_Hands_genuine_410,0001562,0001562,142,175,34,16,0.4706,True,0.4706,True,True,2.1286
SGMNet_root_SGM,hand,11k_Hands_genuine_410,0001562,0001562,938,984,66,14,0.2121,False,0.2121,True,False,1.2659
ASpanFormer_indoor,hand,11k_Hands_genuine_410,0001562,0001562,271,271,271,145,0.5351,True,0.5351,True,True,2.5264
DeepDetect,hand,11k_Hands_genuine_410,0001562,0001562,9331,10964,9,0,,False,,True,False,
LoFTR_indoor,hand,11k_Hands_genuine_411,0001544,0001544,253,253,253,106,0.4190,False,0.4190,True,False,1.6375
ORB,hand,11k_Hands_genuine_411,0001544,0001544,305,404,12,0,,False,,True,False,
SIFT,hand,11k_Hands_genuine_411,0001544,0001544,79,119,5,0,,False,,True,False,
SuperGlue,hand,11k_Hands_genuine_411,0001544,0001544,168,144,0,0,,False,,True,False,
SGMNet_root_SGM,hand,11k_Hands_genuine_411,0001544,0001544,705,688,37,11,0.2973,False,0.2973,True,False,1.1667
ASpanFormer_indoor,hand,11k_Hands_genuine_411,0001544,0001544,105,105,105,80,0.7619,True,0.7619,True,True,1.8982
DeepDetect,hand,11k_Hands_genuine_411,0001544,0001544,10719,8660,24,15,0.6250,True,0.6250,True,True,1.6685
LoFTR_indoor,hand,11k_Hands_genuine_412,0001029,0001029,1125,1125,1125,717,0.6373,True,0.6373,True,True,1.3915
ORB,hand,11k_Hands_genuine_412,0001029,0001029,436,595,102,45,0.4412,False,0.4412,True,False,2.5710
SIFT,hand,11k_Hands_genuine_412,0001029,0001029,148,187,58,32,0.5517,True,0.5517,True,True,2.1060
SuperGlue,hand,11k_Hands_genuine_412,0001029,0001029,248,222,181,73,0.4033,False,0.4033,True,False,2.6098
SGMNet_root_SGM,hand,11k_Hands_genuine_412,0001029,0001029,1306,1198,668,412,0.6168,True,0.6168,True,True,0.9759
ASpanFormer_indoor,hand,11k_Hands_genuine_412,0001029,0001029,1236,1236,1236,743,0.6011,True,0.6011,True,True,1.2422
DeepDetect,hand,11k_Hands_genuine_412,0001029,0001029,12544,11855,530,391,0.7377,True,0.7377,True,True,0.8233
LoFTR_indoor,hand,11k_Hands_genuine_413,0001566,0001566,245,245,245,42,0.1714,False,0.1714,True,False,1.5120
ORB,hand,11k_Hands_genuine_413,0001566,0001566,469,143,27,8,0.2963,False,0.2963,True,False,0.8258
SIFT,hand,11k_Hands_genuine_413,0001566,0001566,139,77,2,0,,False,,True,False,
SuperGlue,hand,11k_Hands_genuine_413,0001566,0001566,222,244,0,0,,False,,True,False,
SGMNet_root_SGM,hand,11k_Hands_genuine_413,0001566,0001566,1234,1354,94,12,0.1277,False,0.1277,True,False,1.1133
ASpanFormer_indoor,hand,11k_Hands_genuine_413,0001566,0001566,138,138,138,49,0.3551,False,0.3551,True,False,2.3980
DeepDetect,hand,11k_Hands_genuine_413,0001566,0001566,12673,12651,138,0,,False,,True,False,
LoFTR_indoor,hand,11k_Hands_genuine_414,0001540,0001540,302,302,302,54,0.1788,False,0.1788,True,False,2.1685
ORB,hand,11k_Hands_genuine_414,0001540,0001540,302,554,10,0,,False,,True,False,
SIFT,hand,11k_Hands_genuine_414,0001540,0001540,117,141,6,0,,False,,True,False,
SuperGlue,hand,11k_Hands_genuine_414,0001540,0001540,217,191,0,0,,False,,True,False,
SGMNet_root_SGM,hand,11k_Hands_genuine_414,0001540,0001540,1059,904,27,0,,False,,True,False,
ASpanFormer_indoor,hand,11k_Hands_genuine_414,0001540,0001540,203,203,203,92,0.4532,True,0.4532,True,True,2.4097
DeepDetect,hand,11k_Hands_genuine_414,0001540,0001540,12205,11769,166,0,,False,,True,False,
LoFTR_indoor,hand,11k_Hands_genuine_415,0001080,0001080,1084,1084,1084,538,0.4963,True,0.4963,True,True,2.1388
ORB,hand,11k_Hands_genuine_415,0001080,0001080,244,335,49,18,0.3673,False,0.3673,True,False,2.0455
SIFT,hand,11k_Hands_genuine_415,0001080,0001080,73,93,19,11,0.5789,True,0.5789,True,True,1.4921
SuperGlue,hand,11k_Hands_genuine_415,0001080,0001080,205,213,150,67,0.4467,False,0.4467,True,False,2.5322
SGMNet_root_SGM,hand,11k_Hands_genuine_415,0001080,0001080,1080,1087,561,326,0.5811,True,0.5811,True,True,1.4599
ASpanFormer_indoor,hand,11k_Hands_genuine_415,0001080,0001080,1319,1319,1319,757,0.5739,True,0.5739,True,True,1.6682
DeepDetect,hand,11k_Hands_genuine_415,0001080,0001080,11276,11168,1082,893,0.8253,True,0.8253,True,True,1.9223
LoFTR_indoor,hand,11k_Hands_genuine_416,0001517,0001517,189,189,189,32,0.1693,False,0.1693,True,False,2.3544
ORB,hand,11k_Hands_genuine_416,0001517,0001517,162,256,7,0,,False,,True,False,
SIFT,hand,11k_Hands_genuine_416,0001517,0001517,65,97,3,0,,False,,True,False,
SuperGlue,hand,11k_Hands_genuine_416,0001517,0001517,252,223,1,0,,False,,True,False,
SGMNet_root_SGM,hand,11k_Hands_genuine_416,0001517,0001517,1346,1010,9,5,0.5556,True,0.5556,True,True,0.2229
ASpanFormer_indoor,hand,11k_Hands_genuine_416,0001517,0001517,90,90,90,45,0.5000,True,0.5000,True,True,2.8184
DeepDetect,hand,11k_Hands_genuine_416,0001517,0001517,12552,11006,201,91,0.4527,True,0.4527,True,True,2.9508
LoFTR_indoor,hand,11k_Hands_genuine_417,0001571,0001571,276,276,276,110,0.3986,False,0.3986,True,False,2.3584
ORB,hand,11k_Hands_genuine_417,0001571,0001571,530,276,21,0,,False,,True,False,
SIFT,hand,11k_Hands_genuine_417,0001571,0001571,124,75,5,0,,False,,True,False,
SuperGlue,hand,11k_Hands_genuine_417,0001571,0001571,183,181,6,0,,False,,True,False,
SGMNet_root_SGM,hand,11k_Hands_genuine_417,0001571,0001571,569,755,35,8,0.2286,False,0.2286,True,False,0.3257
ASpanFormer_indoor,hand,11k_Hands_genuine_417,0001571,0001571,212,212,212,71,0.3349,False,0.3349,True,False,2.0821
DeepDetect,hand,11k_Hands_genuine_417,0001571,0001571,10989,10963,169,137,0.8107,True,0.8107,True,True,0.6415
LoFTR_indoor,hand,11k_Hands_genuine_418,0001050,0001050,1199,1199,1199,809,0.6747,True,0.6747,True,True,1.8850
ORB,hand,11k_Hands_genuine_418,0001050,0001050,364,545,46,33,0.7174,True,0.7174,True,True,1.2634
SIFT,hand,11k_Hands_genuine_418,0001050,0001050,123,149,40,31,0.7750,True,0.7750,True,True,1.5283
SuperGlue,hand,11k_Hands_genuine_418,0001050,0001050,228,269,191,97,0.5079,True,0.5079,True,True,2.2039
SGMNet_root_SGM,hand,11k_Hands_genuine_418,0001050,0001050,1061,1167,556,315,0.5665,True,0.5665,True,True,1.4301
ASpanFormer_indoor,hand,11k_Hands_genuine_418,0001050,0001050,1192,1192,1192,863,0.7240,True,0.7240,True,True,2.0230
DeepDetect,hand,11k_Hands_genuine_418,0001050,0001050,12627,11935,1030,987,0.9583,True,0.9583,True,True,0.9174
LoFTR_indoor,hand,11k_Hands_genuine_419,0001032,0001032,302,302,302,60,0.1987,False,0.1987,True,False,2.4335
ORB,hand,11k_Hands_genuine_419,0001032,0001032,498,697,22,0,,False,,True,False,
SIFT,hand,11k_Hands_genuine_419,0001032,0001032,142,140,1,0,,False,,True,False,
SuperGlue,hand,11k_Hands_genuine_419,0001032,0001032,194,202,1,0,,False,,True,False,
SGMNet_root_SGM,hand,11k_Hands_genuine_419,0001032,0001032,967,1002,43,13,0.3023,False,0.3023,True,False,1.1736
ASpanFormer_indoor,hand,11k_Hands_genuine_419,0001032,0001032,101,101,101,42,0.4158,True,0.4158,True,True,2.0512
DeepDetect,hand,11k_Hands_genuine_419,0001032,0001032,10699,11583,33,0,,False,,True,False,
LoFTR_indoor,hand,11k_Hands_genuine_420,0001024,0001024,249,249,249,44,0.1767,False,0.1767,True,False,1.7467
ORB,hand,11k_Hands_genuine_420,0001024,0001024,314,236,17,0,,False,,True,False,
SIFT,hand,11k_Hands_genuine_420,0001024,0001024,117,116,3,0,,False,,True,False,
SuperGlue,hand,11k_Hands_genuine_420,0001024,0001024,223,241,16,7,0.4375,False,0.4375,True,False,1.2082
SGMNet_root_SGM,hand,11k_Hands_genuine_420,0001024,0001024,1022,1612,20,0,,False,,True,False,
ASpanFormer_indoor,hand,11k_Hands_genuine_420,0001024,0001024,91,91,91,28,0.3077,False,0.3077,True,False,1.6666
DeepDetect,hand,11k_Hands_genuine_420,0001024,0001024,14125,13598,72,0,,False,,True,False,
LoFTR_indoor,hand,11k_Hands_genuine_421,0000587,0000587,944,944,944,458,0.4852,True,0.4852,True,True,1.9131
ORB,hand,11k_Hands_genuine_421,0000587,0000587,386,398,42,16,0.3810,False,0.3810,True,False,1.7234
SIFT,hand,11k_Hands_genuine_421,0000587,0000587,117,145,21,13,0.6190,True,0.6190,True,True,1.6838
SuperGlue,hand,11k_Hands_genuine_421,0000587,0000587,178,231,134,37,0.2761,False,0.2761,True,False,2.7613
SGMNet_root_SGM,hand,11k_Hands_genuine_421,0000587,0000587,816,1151,414,106,0.2560,False,0.2560,True,False,1.7782
ASpanFormer_indoor,hand,11k_Hands_genuine_421,0000587,0000587,887,887,887,394,0.4442,True,0.4442,True,True,1.7374
DeepDetect,hand,11k_Hands_genuine_421,0000587,0000587,10650,12155,211,199,0.9431,True,0.9431,True,True,1.5866
LoFTR_indoor,hand,11k_Hands_genuine_422,0001504,0001504,356,356,356,154,0.4326,False,0.4326,True,False,2.0115
ORB,hand,11k_Hands_genuine_422,0001504,0001504,302,395,23,0,,False,,True,False,
SIFT,hand,11k_Hands_genuine_422,0001504,0001504,103,85,7,0,,False,,True,False,
SuperGlue,hand,11k_Hands_genuine_422,0001504,0001504,152,202,23,12,0.5217,True,0.5217,True,True,2.5731
SGMNet_root_SGM,hand,11k_Hands_genuine_422,0001504,0001504,971,848,15,6,0.4000,True,0.4000,True,True,0.8127
ASpanFormer_indoor,hand,11k_Hands_genuine_422,0001504,0001504,174,174,174,121,0.6954,True,0.6954,True,True,1.8694
DeepDetect,hand,11k_Hands_genuine_422,0001504,0001504,10690,10841,20,0,,False,,True,False,
LoFTR_indoor,hand,11k_Hands_genuine_423,0000518,0000518,408,408,408,157,0.3848,False,0.3848,True,False,2.3370
ORB,hand,11k_Hands_genuine_423,0000518,0000518,189,187,12,0,,False,,True,False,
SIFT,hand,11k_Hands_genuine_423,0000518,0000518,104,60,3,0,,False,,True,False,
SuperGlue,hand,11k_Hands_genuine_423,0000518,0000518,239,202,44,19,0.4318,False,0.4318,True,False,2.0992
SGMNet_root_SGM,hand,11k_Hands_genuine_423,0000518,0000518,1554,1215,53,11,0.2075,False,0.2075,True,False,0.8150
ASpanFormer_indoor,hand,11k_Hands_genuine_423,0000518,0000518,396,396,396,212,0.5354,True,0.5354,True,True,2.5175
DeepDetect,hand,11k_Hands_genuine_423,0000518,0000518,13290,11176,48,28,0.5833,True,0.5833,True,True,1.5835
LoFTR_indoor,hand,11k_Hands_genuine_424,0001035,0001035,1024,1024,1024,518,0.5059,True,0.5059,True,True,1.0927
ORB,hand,11k_Hands_genuine_424,0001035,0001035,567,684,85,53,0.6235,True,0.6235,True,True,1.9802
SIFT,hand,11k_Hands_genuine_424,0001035,0001035,157,157,40,25,0.6250,True,0.6250,True,True,1.9039
SuperGlue,hand,11k_Hands_genuine_424,0001035,0001035,224,195,152,53,0.3487,False,0.3487,True,False,2.7528
SGMNet_root_SGM,hand,11k_Hands_genuine_424,0001035,0001035,920,900,427,218,0.5105,True,0.5105,True,True,1.3697
ASpanFormer_indoor,hand,11k_Hands_genuine_424,0001035,0001035,859,859,859,480,0.5588,True,0.5588,True,True,2.5073
DeepDetect,hand,11k_Hands_genuine_424,0001035,0001035,11250,9949,331,186,0.5619,True,0.5619,True,True,1.1143
LoFTR_indoor,hand,11k_Hands_genuine_425,0000528,0000528,1079,1079,1079,597,0.5533,True,0.5533,True,True,1.8989
ORB,hand,11k_Hands_genuine_425,0000528,0000528,245,538,38,25,0.6579,True,0.6579,True,True,2.0976
SIFT,hand,11k_Hands_genuine_425,0000528,0000528,82,143,28,18,0.6429,True,0.6429,True,True,1.3600
SuperGlue,hand,11k_Hands_genuine_425,0000528,0000528,156,204,125,59,0.4720,True,0.4720,True,True,2.9927
SGMNet_root_SGM,hand,11k_Hands_genuine_425,0000528,0000528,711,911,383,181,0.4726,True,0.4726,True,True,1.5744
ASpanFormer_indoor,hand,11k_Hands_genuine_425,0000528,0000528,1698,1698,1698,1047,0.6166,True,0.6166,True,True,1.7826
DeepDetect,hand,11k_Hands_genuine_425,0000528,0000528,9720,11124,356,280,0.7865,True,0.7865,True,True,1.6998
LoFTR_indoor,hand,11k_Hands_genuine_426,1000000,1000000,2163,2163,2163,2100,0.9709,True,0.9709,True,True,0.6661
ORB,hand,11k_Hands_genuine_426,1000000,1000000,760,749,484,475,0.9814,True,0.9814,True,True,0.8021
SIFT,hand,11k_Hands_genuine_426,1000000,1000000,349,324,222,208,0.9369,True,0.9369,True,True,0.5456
SuperGlue,hand,11k_Hands_genuine_426,1000000,1000000,345,361,313,241,0.7700,True,0.7700,True,True,1.5719
SGMNet_root_SGM,hand,11k_Hands_genuine_426,1000000,1000000,1311,1246,737,703,0.9539,True,0.9539,True,True,0.7042
ASpanFormer_indoor,hand,11k_Hands_genuine_426,1000000,1000000,3029,3029,3029,3029,1.0000,True,1.0000,True,True,0.4206
DeepDetect,hand,11k_Hands_genuine_426,1000000,1000000,19334,18579,11928,11925,0.9997,True,0.9997,True,True,0.3717
LoFTR_indoor,hand,11k_Hands_genuine_427,0001532,0001532,282,282,282,121,0.4291,False,0.4291,True,False,2.4264
ORB,hand,11k_Hands_genuine_427,0001532,0001532,100,402,5,0,,False,,True,False,
SIFT,hand,11k_Hands_genuine_427,0001532,0001532,38,121,4,0,,False,,True,False,
SuperGlue,hand,11k_Hands_genuine_427,0001532,0001532,137,151,5,0,,False,,True,False,
SGMNet_root_SGM,hand,11k_Hands_genuine_427,0001532,0001532,588,732,50,12,0.2400,False,0.2400,True,False,1.2529
ASpanFormer_indoor,hand,11k_Hands_genuine_427,0001532,0001532,266,266,266,132,0.4962,True,0.4962,True,True,1.2816
DeepDetect,hand,11k_Hands_genuine_427,0001532,0001532,9497,8883,11,10,0.9091,True,0.9091,True,True,1.2200
LoFTR_indoor,hand,11k_Hands_genuine_428,0000000,0000000,180,180,180,38,0.2111,False,0.2111,True,False,2.3440
ORB,hand,11k_Hands_genuine_428,0000000,0000000,136,512,4,0,,False,,True,False,
SIFT,hand,11k_Hands_genuine_428,0000000,0000000,60,130,1,0,,False,,True,False,
SuperGlue,hand,11k_Hands_genuine_428,0000000,0000000,213,363,1,0,,False,,True,False,
SGMNet_root_SGM,hand,11k_Hands_genuine_428,0000000,0000000,1482,1435,69,12,0.1739,False,0.1739,True,False,1.5487
ASpanFormer_indoor,hand,11k_Hands_genuine_428,0000000,0000000,163,163,163,48,0.2945,False,0.2945,True,False,2.5778
DeepDetect,hand,11k_Hands_genuine_428,0000000,0000000,11480,14790,151,0,,False,,True,False,
LoFTR_indoor,hand,11k_Hands_genuine_429,7000000,7000000,229,229,229,47,0.2052,False,0.2052,True,False,2.5350
ORB,hand,11k_Hands_genuine_429,7000000,7000000,74,238,0,0,,False,,True,False,
SIFT,hand,11k_Hands_genuine_429,7000000,7000000,80,110,4,0,,False,,True,False,
SuperGlue,hand,11k_Hands_genuine_429,7000000,7000000,177,238,5,4,0.8000,True,0.8000,True,True,0.0000
SGMNet_root_SGM,hand,11k_Hands_genuine_429,7000000,7000000,1256,1600,10,5,0.5000,True,0.5000,True,True,0.1765
ASpanFormer_indoor,hand,11k_Hands_genuine_429,7000000,7000000,118,118,118,38,0.3220,False,0.3220,True,False,2.6113
DeepDetect,hand,11k_Hands_genuine_429,7000000,7000000,9629,11945,42,0,,False,,True,False,
LoFTR_indoor,hand,11k_Hands_genuine_430,0001030,0001030,182,182,182,41,0.2253,False,0.2253,True,False,2.6342
ORB,hand,11k_Hands_genuine_430,0001030,0001030,257,508,14,0,,False,,True,False,
SIFT,hand,11k_Hands_genuine_430,0001030,0001030,92,129,0,0,,False,,True,False,
SuperGlue,hand,11k_Hands_genuine_430,0001030,0001030,234,175,16,10,0.6250,True,0.6250,True,True,2.0265
SGMNet_root_SGM,hand,11k_Hands_genuine_430,0001030,0001030,1197,953,38,11,0.2895,False,0.2895,True,False,1.2805
ASpanFormer_indoor,hand,11k_Hands_genuine_430,0001030,0001030,124,124,124,78,0.6290,True,0.6290,True,True,2.1896
DeepDetect,hand,11k_Hands_genuine_430,0001030,0001030,12966,10471,53,0,,False,,True,False,
LoFTR_indoor,hand,11k_Hands_genuine_431,0001034,0001034,736,736,736,408,0.5543,True,0.5543,True,True,1.2572
ORB,hand,11k_Hands_genuine_431,0001034,0001034,609,437,54,23,0.4259,False,0.4259,True,False,1.8537
SIFT,hand,11k_Hands_genuine_431,0001034,0001034,213,195,49,19,0.3878,False,0.3878,True,False,1.4443
SuperGlue,hand,11k_Hands_genuine_431,0001034,0001034,183,221,147,28,0.1905,False,0.1905,True,False,2.3777
SGMNet_root_SGM,hand,11k_Hands_genuine_431,0001034,0001034,745,896,372,138,0.3710,False,0.3710,True,False,1.1941
ASpanFormer_indoor,hand,11k_Hands_genuine_431,0001034,0001034,926,926,926,449,0.4849,True,0.4849,True,True,0.7944
DeepDetect,hand,11k_Hands_genuine_431,0001034,0001034,9943,11432,338,298,0.8817,True,0.8817,True,True,0.3329
LoFTR_indoor,hand,11k_Hands_genuine_432,3000000,3000000,1450,1450,1450,1357,0.9359,True,0.9359,True,True,0.9213
ORB,hand,11k_Hands_genuine_432,3000000,3000000,418,398,213,182,0.8545,True,0.8545,True,True,1.1272
SIFT,hand,11k_Hands_genuine_432,3000000,3000000,83,66,42,35,0.8333,True,0.8333,True,True,1.1165
SuperGlue,hand,11k_Hands_genuine_432,3000000,3000000,159,172,140,100,0.7143,True,0.7143,True,True,1.7123
SGMNet_root_SGM,hand,11k_Hands_genuine_432,3000000,3000000,519,539,254,212,0.8346,True,0.8346,True,True,0.9549
ASpanFormer_indoor,hand,11k_Hands_genuine_432,3000000,3000000,2960,2960,2960,2960,1.0000,True,1.0000,True,True,0.4870
DeepDetect,hand,11k_Hands_genuine_432,3000000,3000000,10007,10311,1333,1333,1.0000,True,1.0000,True,True,0.4802
LoFTR_indoor,hand,11k_Hands_genuine_433,0001020,0001020,990,990,990,820,0.8283,True,0.8283,True,True,1.0537
ORB,hand,11k_Hands_genuine_433,0001020,0001020,637,656,310,253,0.8161,True,0.8161,True,True,1.3015
SIFT,hand,11k_Hands_genuine_433,0001020,0001020,174,169,102,87,0.8529,True,0.8529,True,True,0.7331
SuperGlue,hand,11k_Hands_genuine_433,0001020,0001020,195,200,176,127,0.7216,True,0.7216,True,True,1.9397
SGMNet_root_SGM,hand,11k_Hands_genuine_433,0001020,0001020,844,833,433,351,0.8106,True,0.8106,True,True,0.9525
ASpanFormer_indoor,hand,11k_Hands_genuine_433,0001020,0001020,2988,2988,2988,2988,1.0000,True,1.0000,True,True,0.7786
DeepDetect,hand,11k_Hands_genuine_433,0001020,0001020,11026,10810,4130,4125,0.9988,True,0.9988,True,True,0.6256
LoFTR_indoor,hand,11k_Hands_genuine_434,0001540,0001540,299,299,299,45,0.1505,False,0.1505,True,False,2.3798
ORB,hand,11k_Hands_genuine_434,0001540,0001540,280,164,21,0,,False,,True,False,
SIFT,hand,11k_Hands_genuine_434,0001540,0001540,96,61,8,4,0.5000,True,0.5000,True,True,0.0000
SuperGlue,hand,11k_Hands_genuine_434,0001540,0001540,224,248,36,15,0.4167,False,0.4167,True,False,1.8803
SGMNet_root_SGM,hand,11k_Hands_genuine_434,0001540,0001540,1576,1333,140,17,0.1214,False,0.1214,True,False,1.5393
ASpanFormer_indoor,hand,11k_Hands_genuine_434,0001540,0001540,177,177,177,75,0.4237,True,0.4237,True,True,2.3988
DeepDetect,hand,11k_Hands_genuine_434,0001540,0001540,12856,12591,234,0,,False,,True,False,
LoFTR_indoor,hand,11k_Hands_genuine_435,0001566,0001566,270,270,270,35,0.1296,False,0.1296,True,False,2.6417
ORB,hand,11k_Hands_genuine_435,0001566,0001566,381,297,14,0,,False,,True,False,
SIFT,hand,11k_Hands_genuine_435,0001566,0001566,127,94,5,0,,False,,True,False,
SuperGlue,hand,11k_Hands_genuine_435,0001566,0001566,260,204,0,0,,False,,True,False,
SGMNet_root_SGM,hand,11k_Hands_genuine_435,0001566,0001566,1379,1136,71,13,0.1831,False,0.1831,True,False,1.1419
ASpanFormer_indoor,hand,11k_Hands_genuine_435,0001566,0001566,115,115,115,34,0.2957,False,0.2957,True,False,2.4192
DeepDetect,hand,11k_Hands_genuine_435,0001566,0001566,13173,12078,269,0,,False,,True,False,
LoFTR_indoor,hand,11k_Hands_genuine_436,0001537,0001537,282,282,282,61,0.2163,False,0.2163,True,False,2.7373
ORB,hand,11k_Hands_genuine_436,0001537,0001537,441,563,10,0,,False,,True,False,
SIFT,hand,11k_Hands_genuine_436,0001537,0001537,119,120,4,0,,False,,True,False,
SuperGlue,hand,11k_Hands_genuine_436,0001537,0001537,204,249,0,0,,False,,True,False,
SGMNet_root_SGM,hand,11k_Hands_genuine_436,0001537,0001537,698,1113,14,0,,False,,True,False,
ASpanFormer_indoor,hand,11k_Hands_genuine_436,0001537,0001537,211,211,211,96,0.4550,True,0.4550,True,True,2.2870
DeepDetect,hand,11k_Hands_genuine_436,0001537,0001537,10764,13579,26,14,0.5385,True,0.5385,True,True,2.0409
LoFTR_indoor,hand,11k_Hands_genuine_437,0001020,0001020,135,135,135,25,0.1852,False,0.1852,True,False,1.9539
ORB,hand,11k_Hands_genuine_437,0001020,0001020,244,381,9,0,,False,,True,False,
SIFT,hand,11k_Hands_genuine_437,0001020,0001020,93,120,9,0,,False,,True,False,
SuperGlue,hand,11k_Hands_genuine_437,0001020,0001020,388,266,17,10,0.5882,True,0.5882,True,True,1.7456
SGMNet_root_SGM,hand,11k_Hands_genuine_437,0001020,0001020,860,910,42,8,0.1905,False,0.1905,True,False,1.2741
ASpanFormer_indoor,hand,11k_Hands_genuine_437,0001020,0001020,88,88,88,29,0.3295,False,0.3295,True,False,2.0305
DeepDetect,hand,11k_Hands_genuine_437,0001020,0001020,19562,15507,64,0,,False,,True,False,
LoFTR_indoor,hand,11k_Hands_genuine_438,0001011,0001011,1032,1032,1032,451,0.4370,False,0.4370,True,False,1.9094
ORB,hand,11k_Hands_genuine_438,0001011,0001011,280,216,12,0,,False,,True,False,
SIFT,hand,11k_Hands_genuine_438,0001011,0001011,99,96,15,5,0.3333,False,0.3333,True,False,0.5536
SuperGlue,hand,11k_Hands_genuine_438,0001011,0001011,258,233,187,55,0.2941,False,0.2941,True,False,2.4878
SGMNet_root_SGM,hand,11k_Hands_genuine_438,0001011,0001011,1563,1317,688,246,0.3576,False,0.3576,True,False,1.4776
ASpanFormer_indoor,hand,11k_Hands_genuine_438,0001011,0001011,1138,1138,1138,542,0.4763,True,0.4763,True,True,2.2271
DeepDetect,hand,11k_Hands_genuine_438,0001011,0001011,12272,11853,357,181,0.5070,True,0.5070,True,True,1.6568
LoFTR_indoor,hand,11k_Hands_genuine_439,0001030,0001030,416,416,416,181,0.4351,False,0.4351,True,False,2.4805
ORB,hand,11k_Hands_genuine_439,0001030,0001030,308,427,13,0,,False,,True,False,
SIFT,hand,11k_Hands_genuine_439,0001030,0001030,92,121,4,0,,False,,True,False,
SuperGlue,hand,11k_Hands_genuine_439,0001030,0001030,203,165,36,20,0.5556,True,0.5556,True,True,1.9532
SGMNet_root_SGM,hand,11k_Hands_genuine_439,0001030,0001030,1214,997,55,15,0.2727,False,0.2727,True,False,1.1318
ASpanFormer_indoor,hand,11k_Hands_genuine_439,0001030,0001030,184,184,184,113,0.6141,True,0.6141,True,True,1.7080
DeepDetect,hand,11k_Hands_genuine_439,0001030,0001030,11306,10660,70,0,,False,,True,False,
LoFTR_indoor,hand,11k_Hands_genuine_440,0001024,0001024,421,421,421,132,0.3135,False,0.3135,True,False,2.4996
ORB,hand,11k_Hands_genuine_440,0001024,0001024,340,280,22,0,,False,,True,False,
SIFT,hand,11k_Hands_genuine_440,0001024,0001024,78,65,2,0,,False,,True,False,
SuperGlue,hand,11k_Hands_genuine_440,0001024,0001024,248,215,70,31,0.4429,False,0.4429,True,False,2.1774
SGMNet_root_SGM,hand,11k_Hands_genuine_440,0001024,0001024,1370,719,11,5,0.4545,True,0.4545,True,True,0.5787
ASpanFormer_indoor,hand,11k_Hands_genuine_440,0001024,0001024,280,280,280,176,0.6286,True,0.6286,True,True,2.0781
DeepDetect,hand,11k_Hands_genuine_440,0001024,0001024,13843,12948,88,55,0.6250,True,0.6250,True,True,0.8132
LoFTR_indoor,hand,11k_Hands_genuine_441,0001039,0001039,253,253,253,81,0.3202,False,0.3202,True,False,2.4063
ORB,hand,11k_Hands_genuine_441,0001039,0001039,126,222,5,0,,False,,True,False,
SIFT,hand,11k_Hands_genuine_441,0001039,0001039,65,116,5,0,,False,,True,False,
SuperGlue,hand,11k_Hands_genuine_441,0001039,0001039,167,173,0,0,,False,,True,False,
SGMNet_root_SGM,hand,11k_Hands_genuine_441,0001039,0001039,694,1078,31,10,0.3226,False,0.3226,True,False,0.9893
ASpanFormer_indoor,hand,11k_Hands_genuine_441,0001039,0001039,136,136,136,89,0.6544,True,0.6544,True,True,2.2341
DeepDetect,hand,11k_Hands_genuine_441,0001039,0001039,9828,11757,46,40,0.8696,True,0.8696,True,True,1.4318
LoFTR_indoor,hand,11k_Hands_genuine_442,0001013,0001013,1166,1166,1166,1011,0.8671,True,0.8671,True,True,1.3780
ORB,hand,11k_Hands_genuine_442,0001013,0001013,110,283,50,42,0.8400,True,0.8400,True,True,1.7235
SIFT,hand,11k_Hands_genuine_442,0001013,0001013,51,95,33,25,0.7576,True,0.7576,True,True,1.3108
SuperGlue,hand,11k_Hands_genuine_442,0001013,0001013,131,185,104,62,0.5962,True,0.5962,True,True,1.9562
SGMNet_root_SGM,hand,11k_Hands_genuine_442,0001013,0001013,692,1285,479,201,0.4196,True,0.4196,True,True,1.7076
ASpanFormer_indoor,hand,11k_Hands_genuine_442,0001013,0001013,1633,1633,1633,1429,0.8751,True,0.8751,True,True,1.4379
DeepDetect,hand,11k_Hands_genuine_442,0001013,0001013,8151,9319,830,807,0.9723,True,0.9723,True,True,0.8851
LoFTR_indoor,hand,11k_Hands_genuine_443,0000581,0000581,706,706,706,305,0.4320,False,0.4320,True,False,2.3850
ORB,hand,11k_Hands_genuine_443,0000581,0000581,302,192,19,12,0.6316,True,0.6316,True,True,1.2772
SIFT,hand,11k_Hands_genuine_443,0000581,0000581,144,91,18,8,0.4444,False,0.4444,True,False,0.9161
SuperGlue,hand,11k_Hands_genuine_443,0000581,0000581,193,229,157,47,0.2994,False,0.2994,True,False,2.5477
SGMNet_root_SGM,hand,11k_Hands_genuine_443,0000581,0000581,1004,1046,479,226,0.4718,True,0.4718,True,True,1.5967
ASpanFormer_indoor,hand,11k_Hands_genuine_443,0000581,0000581,845,845,845,463,0.5479,True,0.5479,True,True,1.6188
DeepDetect,hand,11k_Hands_genuine_443,0000581,0000581,9304,10627,397,267,0.6725,True,0.6725,True,True,1.1250
LoFTR_indoor,hand,11k_Hands_genuine_444,0001019,0001019,621,621,621,262,0.4219,False,0.4219,True,False,1.9960
ORB,hand,11k_Hands_genuine_444,0001019,0001019,513,373,58,34,0.5862,True,0.5862,True,True,1.4952
SIFT,hand,11k_Hands_genuine_444,0001019,0001019,120,102,25,14,0.5600,True,0.5600,True,True,1.1419
SuperGlue,hand,11k_Hands_genuine_444,0001019,0001019,167,209,116,37,0.3190,False,0.3190,True,False,2.4439
SGMNet_root_SGM,hand,11k_Hands_genuine_444,0001019,0001019,765,769,326,151,0.4632,True,0.4632,True,True,1.4053
ASpanFormer_indoor,hand,11k_Hands_genuine_444,0001019,0001019,730,730,730,294,0.4027,True,0.4027,True,True,2.0260
DeepDetect,hand,11k_Hands_genuine_444,0001019,0001019,8777,10332,119,105,0.8824,True,0.8824,True,True,0.4832
LoFTR_indoor,hand,11k_Hands_genuine_445,0001090,0001090,1178,1178,1178,768,0.6520,True,0.6520,True,True,1.8184
ORB,hand,11k_Hands_genuine_445,0001090,0001090,406,291,107,83,0.7757,True,0.7757,True,True,1.7316
SIFT,hand,11k_Hands_genuine_445,0001090,0001090,141,133,44,32,0.7273,True,0.7273,True,True,1.6626
SuperGlue,hand,11k_Hands_genuine_445,0001090,0001090,284,255,218,100,0.4587,True,0.4587,True,True,2.3020
SGMNet_root_SGM,hand,11k_Hands_genuine_445,0001090,0001090,1053,1190,509,311,0.6110,True,0.6110,True,True,1.4237
ASpanFormer_indoor,hand,11k_Hands_genuine_445,0001090,0001090,1439,1439,1439,1217,0.8457,True,0.8457,True,True,1.8298
DeepDetect,hand,11k_Hands_genuine_445,0001090,0001090,14497,13407,945,909,0.9619,True,0.9619,True,True,1.0448
LoFTR_indoor,hand,11k_Hands_genuine_446,0001080,0001080,316,316,316,104,0.3291,False,0.3291,True,False,2.2736
ORB,hand,11k_Hands_genuine_446,0001080,0001080,311,368,29,11,0.3793,False,0.3793,True,False,1.5191
SIFT,hand,11k_Hands_genuine_446,0001080,0001080,108,113,9,5,0.5556,True,0.5556,True,True,0.4039
SuperGlue,hand,11k_Hands_genuine_446,0001080,0001080,187,172,4,4,1.0000,True,1.0000,True,True,0.0000
SGMNet_root_SGM,hand,11k_Hands_genuine_446,0001080,0001080,899,862,110,22,0.2000,False,0.2000,True,False,1.4316
ASpanFormer_indoor,hand,11k_Hands_genuine_446,0001080,0001080,191,191,191,89,0.4660,True,0.4660,True,True,2.4590
DeepDetect,hand,11k_Hands_genuine_446,0001080,0001080,9532,10501,18,12,0.6667,True,0.6667,True,True,1.4410
LoFTR_indoor,hand,11k_Hands_genuine_447,0001019,0001019,254,254,254,101,0.3976,False,0.3976,True,False,2.6296
ORB,hand,11k_Hands_genuine_447,0001019,0001019,315,314,16,0,,False,,True,False,
SIFT,hand,11k_Hands_genuine_447,0001019,0001019,95,119,4,0,,False,,True,False,
SuperGlue,hand,11k_Hands_genuine_447,0001019,0001019,131,215,1,0,,False,,True,False,
SGMNet_root_SGM,hand,11k_Hands_genuine_447,0001019,0001019,675,806,32,9,0.2812,False,0.2812,True,False,1.0396
ASpanFormer_indoor,hand,11k_Hands_genuine_447,0001019,0001019,101,101,101,78,0.7723,True,0.7723,True,True,1.9036
DeepDetect,hand,11k_Hands_genuine_447,0001019,0001019,8606,9929,14,11,0.7857,True,0.7857,True,True,1.3930
LoFTR_indoor,hand,11k_Hands_genuine_448,0000507,0000507,403,403,403,142,0.3524,False,0.3524,True,False,2.3208
ORB,hand,11k_Hands_genuine_448,0000507,0000507,304,401,15,0,,False,,True,False,
SIFT,hand,11k_Hands_genuine_448,0000507,0000507,67,160,6,0,,False,,True,False,
SuperGlue,hand,11k_Hands_genuine_448,0000507,0000507,212,224,105,37,0.3524,False,0.3524,True,False,2.3824
SGMNet_root_SGM,hand,11k_Hands_genuine_448,0000507,0000507,767,927,37,12,0.3243,False,0.3243,True,False,1.1210
ASpanFormer_indoor,hand,11k_Hands_genuine_448,0000507,0000507,489,489,489,238,0.4867,True,0.4867,True,True,2.1179
DeepDetect,hand,11k_Hands_genuine_448,0000507,0000507,9623,11796,145,94,0.6483,True,0.6483,True,True,1.1101
LoFTR_indoor,hand,11k_Hands_genuine_449,0000596,0000596,1352,1352,1352,1320,0.9763,True,0.9763,True,True,1.0254
ORB,hand,11k_Hands_genuine_449,0000596,0000596,366,415,201,175,0.8706,True,0.8706,True,True,1.1025
SIFT,hand,11k_Hands_genuine_449,0000596,0000596,133,142,78,78,1.0000,True,1.0000,True,True,0.6248
SuperGlue,hand,11k_Hands_genuine_449,0000596,0000596,192,196,166,115,0.6928,True,0.6928,True,True,1.8178
SGMNet_root_SGM,hand,11k_Hands_genuine_449,0000596,0000596,986,924,509,407,0.7996,True,0.7996,True,True,1.0201
ASpanFormer_indoor,hand,11k_Hands_genuine_449,0000596,0000596,1905,1905,1905,1843,0.9675,True,0.9675,True,True,1.0012
DeepDetect,hand,11k_Hands_genuine_449,0000596,0000596,10434,10719,2971,2933,0.9872,True,0.9872,True,True,0.6006
LoFTR_indoor,hand,11k_Hands_genuine_450,0001566,0001566,1132,1132,1132,533,0.4708,True,0.4708,True,True,1.8636
ORB,hand,11k_Hands_genuine_450,0001566,0001566,559,381,56,32,0.5714,True,0.5714,True,True,1.3792
SIFT,hand,11k_Hands_genuine_450,0001566,0001566,143,127,19,10,0.5263,True,0.5263,True,True,1.3183
SuperGlue,hand,11k_Hands_genuine_450,0001566,0001566,213,260,183,63,0.3443,False,0.3443,True,False,2.2828
SGMNet_root_SGM,hand,11k_Hands_genuine_450,0001566,0001566,1212,1379,660,276,0.4182,True,0.4182,True,True,1.6117
ASpanFormer_indoor,hand,11k_Hands_genuine_450,0001566,0001566,1073,1073,1073,557,0.5191,True,0.5191,True,True,1.8398
DeepDetect,hand,11k_Hands_genuine_450,0001566,0001566,12535,13173,653,447,0.6845,True,0.6845,True,True,1.7483
LoFTR_indoor,hand,11k_Hands_genuine_451,0001029,0001029,208,208,208,34,0.1635,False,0.1635,True,False,2.3060
ORB,hand,11k_Hands_genuine_451,0001029,0001029,390,391,5,0,,False,,True,False,
SIFT,hand,11k_Hands_genuine_451,0001029,0001029,134,124,7,0,,False,,True,False,
SuperGlue,hand,11k_Hands_genuine_451,0001029,0001029,254,174,0,0,,False,,True,False,
SGMNet_root_SGM,hand,11k_Hands_genuine_451,0001029,0001029,1313,1494,17,7,0.4118,True,0.4118,True,True,0.4716
ASpanFormer_indoor,hand,11k_Hands_genuine_451,0001029,0001029,29,29,29,13,0.4483,True,0.4483,True,True,1.5627
DeepDetect,hand,11k_Hands_genuine_451,0001029,0001029,13211,11200,49,38,0.7755,True,0.7755,True,True,1.3423
LoFTR_indoor,hand,11k_Hands_genuine_452,0001510,0001510,167,167,167,33,0.1976,False,0.1976,True,False,2.2975
ORB,hand,11k_Hands_genuine_452,0001510,0001510,330,527,25,0,,False,,True,False,
SIFT,hand,11k_Hands_genuine_452,0001510,0001510,76,179,2,0,,False,,True,False,
SuperGlue,hand,11k_Hands_genuine_452,0001510,0001510,203,228,0,0,,False,,True,False,
SGMNet_root_SGM,hand,11k_Hands_genuine_452,0001510,0001510,896,1145,19,7,0.3684,False,0.3684,True,False,0.4866
ASpanFormer_indoor,hand,11k_Hands_genuine_452,0001510,0001510,83,83,83,34,0.4096,True,0.4096,True,True,1.9367
DeepDetect,hand,11k_Hands_genuine_452,0001510,0001510,11506,11179,12,9,0.7500,True,0.7500,True,True,1.5450
LoFTR_indoor,hand,11k_Hands_genuine_453,0001564,0001564,1352,1352,1352,906,0.6701,True,0.6701,True,True,2.2816
ORB,hand,11k_Hands_genuine_453,0001564,0001564,363,479,84,65,0.7738,True,0.7738,True,True,1.5680
SIFT,hand,11k_Hands_genuine_453,0001564,0001564,127,165,47,37,0.7872,True,0.7872,True,True,1.3543
SuperGlue,hand,11k_Hands_genuine_453,0001564,0001564,213,187,162,65,0.4012,False,0.4012,True,False,2.2261
SGMNet_root_SGM,hand,11k_Hands_genuine_453,0001564,0001564,915,822,437,258,0.5904,True,0.5904,True,True,1.2789
ASpanFormer_indoor,hand,11k_Hands_genuine_453,0001564,0001564,2038,2038,2038,1430,0.7017,True,0.7017,True,True,2.1162
DeepDetect,hand,11k_Hands_genuine_453,0001564,0001564,10343,9907,590,529,0.8966,True,0.8966,True,True,0.8500
LoFTR_indoor,hand,11k_Hands_genuine_454,0000053,0000053,217,217,217,34,0.1567,False,0.1567,True,False,2.0650
ORB,hand,11k_Hands_genuine_454,0000053,0000053,203,201,13,0,,False,,True,False,
SIFT,hand,11k_Hands_genuine_454,0000053,0000053,128,90,3,0,,False,,True,False,
SuperGlue,hand,11k_Hands_genuine_454,0000053,0000053,292,207,0,0,,False,,True,False,
SGMNet_root_SGM,hand,11k_Hands_genuine_454,0000053,0000053,1680,2019,99,13,0.1313,False,0.1313,True,False,1.2677
ASpanFormer_indoor,hand,11k_Hands_genuine_454,0000053,0000053,94,94,94,31,0.3298,False,0.3298,True,False,1.7006
DeepDetect,hand,11k_Hands_genuine_454,0000053,0000053,15441,11447,109,0,,False,,True,False,
LoFTR_indoor,hand,11k_Hands_genuine_455,0001545,0001545,353,353,353,130,0.3683,False,0.3683,True,False,2.5038
ORB,hand,11k_Hands_genuine_455,0001545,0001545,897,557,32,0,,False,,True,False,
SIFT,hand,11k_Hands_genuine_455,0001545,0001545,241,146,19,0,,False,,True,False,
SuperGlue,hand,11k_Hands_genuine_455,0001545,0001545,218,170,21,16,0.7619,True,0.7619,True,True,2.7496
SGMNet_root_SGM,hand,11k_Hands_genuine_455,0001545,0001545,1050,1125,114,39,0.3421,False,0.3421,True,False,1.3419
ASpanFormer_indoor,hand,11k_Hands_genuine_455,0001545,0001545,197,197,197,131,0.6650,True,0.6650,True,True,2.3354
DeepDetect,hand,11k_Hands_genuine_455,0001545,0001545,12448,11262,18,12,0.6667,True,0.6667,True,True,1.9077
LoFTR_indoor,hand,11k_Hands_genuine_456,0000596,0000596,188,188,188,34,0.1809,False,0.1809,True,False,1.7395
ORB,hand,11k_Hands_genuine_456,0000596,0000596,366,173,7,0,,False,,True,False,
SIFT,hand,11k_Hands_genuine_456,0000596,0000596,133,61,4,0,,False,,True,False,
SuperGlue,hand,11k_Hands_genuine_456,0000596,0000596,192,200,4,0,,False,,True,False,
SGMNet_root_SGM,hand,11k_Hands_genuine_456,0000596,0000596,986,1260,16,0,,False,,True,False,
ASpanFormer_indoor,hand,11k_Hands_genuine_456,0000596,0000596,39,39,39,15,0.3846,False,0.3846,True,False,1.7761
DeepDetect,hand,11k_Hands_genuine_456,0000596,0000596,10434,10317,11,6,0.5455,True,0.5455,True,True,1.4750
LoFTR_indoor,hand,11k_Hands_genuine_457,0001067,0001067,208,208,208,47,0.2260,False,0.2260,True,False,2.2815
ORB,hand,11k_Hands_genuine_457,0001067,0001067,600,424,29,0,,False,,True,False,
SIFT,hand,11k_Hands_genuine_457,0001067,0001067,155,118,7,0,,False,,True,False,
SuperGlue,hand,11k_Hands_genuine_457,0001067,0001067,170,204,2,0,,False,,True,False,
SGMNet_root_SGM,hand,11k_Hands_genuine_457,0001067,0001067,704,905,5,0,,False,,True,False,
ASpanFormer_indoor,hand,11k_Hands_genuine_457,0001067,0001067,60,60,60,24,0.4000,True,0.4000,True,True,1.6397
DeepDetect,hand,11k_Hands_genuine_457,0001067,0001067,10889,11380,50,25,0.5000,True,0.5000,True,True,0.7003
LoFTR_indoor,hand,11k_Hands_genuine_458,0001013,0001013,301,301,301,103,0.3422,False,0.3422,True,False,2.5798
ORB,hand,11k_Hands_genuine_458,0001013,0001013,246,455,3,0,,False,,True,False,
SIFT,hand,11k_Hands_genuine_458,0001013,0001013,77,116,6,0,,False,,True,False,
SuperGlue,hand,11k_Hands_genuine_458,0001013,0001013,166,161,6,5,0.8333,True,0.8333,True,True,1.0007
SGMNet_root_SGM,hand,11k_Hands_genuine_458,0001013,0001013,1082,990,62,16,0.2581,False,0.2581,True,False,1.1455
ASpanFormer_indoor,hand,11k_Hands_genuine_458,0001013,0001013,76,76,76,42,0.5526,True,0.5526,True,True,1.3454
DeepDetect,hand,11k_Hands_genuine_458,0001013,0001013,9783,9901,39,21,0.5385,True,0.5385,True,True,1.2809
LoFTR_indoor,hand,11k_Hands_genuine_459,0000061,0000061,248,248,248,76,0.3065,False,0.3065,True,False,2.2259
ORB,hand,11k_Hands_genuine_459,0000061,0000061,380,206,17,0,,False,,True,False,
SIFT,hand,11k_Hands_genuine_459,0000061,0000061,127,83,6,4,0.6667,True,0.6667,True,True,0.0000
SuperGlue,hand,11k_Hands_genuine_459,0000061,0000061,209,171,15,11,0.7333,True,0.7333,True,True,2.1793
SGMNet_root_SGM,hand,11k_Hands_genuine_459,0000061,0000061,1154,759,9,5,0.5556,True,0.5556,True,True,0.6407
ASpanFormer_indoor,hand,11k_Hands_genuine_459,0000061,0000061,216,216,216,125,0.5787,True,0.5787,True,True,2.0682
DeepDetect,hand,11k_Hands_genuine_459,0000061,0000061,10536,10203,34,0,,False,,True,False,
LoFTR_indoor,hand,11k_Hands_genuine_460,0000000,0000000,613,613,613,311,0.5073,True,0.5073,True,True,2.5226
ORB,hand,11k_Hands_genuine_460,0000000,0000000,213,517,11,6,0.5455,True,0.5455,True,True,0.9730
SIFT,hand,11k_Hands_genuine_460,0000000,0000000,74,217,2,0,,False,,True,False,
SuperGlue,hand,11k_Hands_genuine_460,0000000,0000000,245,318,139,50,0.3597,False,0.3597,True,False,2.5873
SGMNet_root_SGM,hand,11k_Hands_genuine_460,0000000,0000000,1368,1438,515,204,0.3961,False,0.3961,True,False,1.8032
ASpanFormer_indoor,hand,11k_Hands_genuine_460,0000000,0000000,601,601,601,389,0.6473,True,0.6473,True,True,2.1312
DeepDetect,hand,11k_Hands_genuine_460,0000000,0000000,13370,14445,232,0,,False,,True,False,
LoFTR_indoor,hand,11k_Hands_genuine_461,0001033,0001033,315,315,315,105,0.3333,False,0.3333,True,False,2.2583
ORB,hand,11k_Hands_genuine_461,0001033,0001033,202,294,10,0,,False,,True,False,
SIFT,hand,11k_Hands_genuine_461,0001033,0001033,81,116,2,0,,False,,True,False,
SuperGlue,hand,11k_Hands_genuine_461,0001033,0001033,221,191,0,0,,False,,True,False,
SGMNet_root_SGM,hand,11k_Hands_genuine_461,0001033,0001033,1090,1042,87,0,,False,,True,False,
ASpanFormer_indoor,hand,11k_Hands_genuine_461,0001033,0001033,190,190,190,89,0.4684,True,0.4684,True,True,2.2824
DeepDetect,hand,11k_Hands_genuine_461,0001033,0001033,9958,10619,135,81,0.6000,True,0.6000,True,True,1.3771
LoFTR_indoor,hand,11k_Hands_genuine_462,0000092,0000092,376,376,376,169,0.4495,False,0.4495,True,False,1.8494
ORB,hand,11k_Hands_genuine_462,0000092,0000092,159,235,4,0,,False,,True,False,
SIFT,hand,11k_Hands_genuine_462,0000092,0000092,74,134,5,0,,False,,True,False,
SuperGlue,hand,11k_Hands_genuine_462,0000092,0000092,254,179,55,22,0.4000,False,0.4000,True,False,2.3525
SGMNet_root_SGM,hand,11k_Hands_genuine_462,0000092,0000092,1261,937,358,148,0.4134,True,0.4134,True,True,1.3346
ASpanFormer_indoor,hand,11k_Hands_genuine_462,0000092,0000092,319,319,319,174,0.5455,True,0.5455,True,True,2.1326
DeepDetect,hand,11k_Hands_genuine_462,0000092,0000092,13166,10317,91,72,0.7912,True,0.7912,True,True,3.2895
LoFTR_indoor,hand,11k_Hands_genuine_463,0001540,0001540,1113,1113,1113,599,0.5382,True,0.5382,True,True,1.6412
ORB,hand,11k_Hands_genuine_463,0001540,0001540,365,325,73,49,0.6712,True,0.6712,True,True,1.1283
SIFT,hand,11k_Hands_genuine_463,0001540,0001540,111,109,33,26,0.7879,True,0.7879,True,True,1.4963
SuperGlue,hand,11k_Hands_genuine_463,0001540,0001540,216,221,145,57,0.3931,False,0.3931,True,False,2.4470
SGMNet_root_SGM,hand,11k_Hands_genuine_463,0001540,0001540,898,1003,429,193,0.4499,True,0.4499,True,True,1.5428
ASpanFormer_indoor,hand,11k_Hands_genuine_463,0001540,0001540,820,820,820,556,0.6780,True,0.6780,True,True,1.3250
DeepDetect,hand,11k_Hands_genuine_463,0001540,0001540,12644,12174,992,786,0.7923,True,0.7923,True,True,1.4834
LoFTR_indoor,hand,11k_Hands_genuine_464,0000596,0000596,233,233,233,53,0.2275,False,0.2275,True,False,2.3942
ORB,hand,11k_Hands_genuine_464,0000596,0000596,176,337,12,0,,False,,True,False,
SIFT,hand,11k_Hands_genuine_464,0000596,0000596,72,115,5,0,,False,,True,False,
SuperGlue,hand,11k_Hands_genuine_464,0000596,0000596,227,157,0,0,,False,,True,False,
SGMNet_root_SGM,hand,11k_Hands_genuine_464,0000596,0000596,1229,999,36,15,0.4167,True,0.4167,True,True,1.2892
ASpanFormer_indoor,hand,11k_Hands_genuine_464,0000596,0000596,158,158,158,50,0.3165,False,0.3165,True,False,2.3673
DeepDetect,hand,11k_Hands_genuine_464,0000596,0000596,11077,9944,163,0,,False,,True,False,
LoFTR_indoor,hand,11k_Hands_genuine_465,0001566,0001566,228,228,228,42,0.1842,False,0.1842,True,False,2.1932
ORB,hand,11k_Hands_genuine_465,0001566,0001566,423,518,9,0,,False,,True,False,
SIFT,hand,11k_Hands_genuine_465,0001566,0001566,174,170,3,0,,False,,True,False,
SuperGlue,hand,11k_Hands_genuine_465,0001566,0001566,223,195,0,0,,False,,True,False,
SGMNet_root_SGM,hand,11k_Hands_genuine_465,0001566,0001566,1044,1223,9,5,0.5556,True,0.5556,True,True,0.4070
ASpanFormer_indoor,hand,11k_Hands_genuine_465,0001566,0001566,52,52,52,16,0.3077,False,0.3077,True,False,2.1535
DeepDetect,hand,11k_Hands_genuine_465,0001566,0001566,10367,12451,25,15,0.6000,True,0.6000,True,True,1.8043
LoFTR_indoor,hand,11k_Hands_genuine_466,0001024,0001024,227,227,227,50,0.2203,False,0.2203,True,False,2.5897
ORB,hand,11k_Hands_genuine_466,0001024,0001024,296,270,9,0,,False,,True,False,
SIFT,hand,11k_Hands_genuine_466,0001024,0001024,116,69,4,0,,False,,True,False,
SuperGlue,hand,11k_Hands_genuine_466,0001024,0001024,246,206,0,0,,False,,True,False,
SGMNet_root_SGM,hand,11k_Hands_genuine_466,0001024,0001024,1168,1288,15,5,0.3333,False,0.3333,True,False,0.0000
ASpanFormer_indoor,hand,11k_Hands_genuine_466,0001024,0001024,120,120,120,53,0.4417,True,0.4417,True,True,1.8777
DeepDetect,hand,11k_Hands_genuine_466,0001024,0001024,14571,11887,16,0,,False,,True,False,
LoFTR_indoor,hand,11k_Hands_genuine_467,0001011,0001011,294,294,294,77,0.2619,False,0.2619,True,False,2.4092
ORB,hand,11k_Hands_genuine_467,0001011,0001011,336,226,19,0,,False,,True,False,
SIFT,hand,11k_Hands_genuine_467,0001011,0001011,95,109,4,0,,False,,True,False,
SuperGlue,hand,11k_Hands_genuine_467,0001011,0001011,232,221,22,12,0.5455,True,0.5455,True,True,1.9422
SGMNet_root_SGM,hand,11k_Hands_genuine_467,0001011,0001011,1047,1323,37,10,0.2703,False,0.2703,True,False,0.8962
ASpanFormer_indoor,hand,11k_Hands_genuine_467,0001011,0001011,125,125,125,56,0.4480,True,0.4480,True,True,2.3919
DeepDetect,hand,11k_Hands_genuine_467,0001011,0001011,11334,11715,29,0,,False,,True,False,
LoFTR_indoor,hand,11k_Hands_genuine_468,0000587,0000587,272,272,272,109,0.4007,False,0.4007,True,False,2.0399
ORB,hand,11k_Hands_genuine_468,0000587,0000587,456,657,25,0,,False,,True,False,
SIFT,hand,11k_Hands_genuine_468,0000587,0000587,128,188,3,0,,False,,True,False,
SuperGlue,hand,11k_Hands_genuine_468,0000587,0000587,253,188,61,26,0.4262,False,0.4262,True,False,2.6375
SGMNet_root_SGM,hand,11k_Hands_genuine_468,0000587,0000587,1172,910,19,6,0.3158,False,0.3158,True,False,0.2934
ASpanFormer_indoor,hand,11k_Hands_genuine_468,0000587,0000587,200,200,200,118,0.5900,True,0.5900,True,True,1.8265
DeepDetect,hand,11k_Hands_genuine_468,0000587,0000587,13111,10082,37,18,0.4865,True,0.4865,True,True,1.8550
LoFTR_indoor,hand,11k_Hands_genuine_469,0001030,0001030,254,254,254,78,0.3071,False,0.3071,True,False,2.2180
ORB,hand,11k_Hands_genuine_469,0001030,0001030,538,274,33,10,0.3030,False,0.3030,True,False,0.5565
SIFT,hand,11k_Hands_genuine_469,0001030,0001030,145,106,4,0,,False,,True,False,
SuperGlue,hand,11k_Hands_genuine_469,0001030,0001030,193,220,0,0,,False,,True,False,
SGMNet_root_SGM,hand,11k_Hands_genuine_469,0001030,0001030,800,1353,17,6,0.3529,False,0.3529,True,False,0.5796
ASpanFormer_indoor,hand,11k_Hands_genuine_469,0001030,0001030,80,80,80,33,0.4125,True,0.4125,True,True,2.2563
DeepDetect,hand,11k_Hands_genuine_469,0001030,0001030,10924,12111,10,8,0.8000,True,0.8000,True,True,0.7739
LoFTR_indoor,hand,11k_Hands_genuine_470,0000571,0000571,490,490,490,146,0.2980,False,0.2980,True,False,2.3977
ORB,hand,11k_Hands_genuine_470,0000571,0000571,243,242,17,0,,False,,True,False,
SIFT,hand,11k_Hands_genuine_470,0000571,0000571,87,82,5,4,0.8000,True,0.8000,True,True,0.0000
SuperGlue,hand,11k_Hands_genuine_470,0000571,0000571,253,254,146,48,0.3288,False,0.3288,True,False,3.1627
SGMNet_root_SGM,hand,11k_Hands_genuine_470,0000571,0000571,1586,1532,110,18,0.1636,False,0.1636,True,False,1.1008
ASpanFormer_indoor,hand,11k_Hands_genuine_470,0000571,0000571,398,398,398,184,0.4623,True,0.4623,True,True,2.2690
DeepDetect,hand,11k_Hands_genuine_470,0000571,0000571,14824,13623,288,139,0.4826,True,0.4826,True,True,1.6396
LoFTR_indoor,hand,11k_Hands_genuine_471,0001529,0001529,273,273,273,50,0.1832,False,0.1832,True,False,1.9311
ORB,hand,11k_Hands_genuine_471,0001529,0001529,359,368,20,0,,False,,True,False,
SIFT,hand,11k_Hands_genuine_471,0001529,0001529,116,105,7,0,,False,,True,False,
SuperGlue,hand,11k_Hands_genuine_471,0001529,0001529,179,199,0,0,,False,,True,False,
SGMNet_root_SGM,hand,11k_Hands_genuine_471,0001529,0001529,883,906,42,8,0.1905,False,0.1905,True,False,0.9255
ASpanFormer_indoor,hand,11k_Hands_genuine_471,0001529,0001529,188,188,188,79,0.4202,True,0.4202,True,True,1.8070
DeepDetect,hand,11k_Hands_genuine_471,0001529,0001529,10370,10970,30,19,0.6333,True,0.6333,True,True,1.2859
LoFTR_indoor,hand,11k_Hands_genuine_472,0001513,0001513,258,258,258,77,0.2984,False,0.2984,True,False,2.5653
ORB,hand,11k_Hands_genuine_472,0001513,0001513,390,140,20,0,,False,,True,False,
SIFT,hand,11k_Hands_genuine_472,0001513,0001513,131,69,6,0,,False,,True,False,
SuperGlue,hand,11k_Hands_genuine_472,0001513,0001513,166,242,0,0,,False,,True,False,
SGMNet_root_SGM,hand,11k_Hands_genuine_472,0001513,0001513,915,1420,16,6,0.3750,False,0.3750,True,False,0.2718
ASpanFormer_indoor,hand,11k_Hands_genuine_472,0001513,0001513,157,157,157,73,0.4650,True,0.4650,True,True,2.3862
DeepDetect,hand,11k_Hands_genuine_472,0001513,0001513,10183,12141,14,0,,False,,True,False,
LoFTR_indoor,hand,11k_Hands_genuine_473,0000000,0000000,222,222,222,26,0.1171,False,0.1171,True,False,1.9811
ORB,hand,11k_Hands_genuine_473,0000000,0000000,138,225,6,0,,False,,True,False,
SIFT,hand,11k_Hands_genuine_473,0000000,0000000,55,109,0,0,,False,,True,False,
SuperGlue,hand,11k_Hands_genuine_473,0000000,0000000,178,231,0,0,,False,,True,False,
SGMNet_root_SGM,hand,11k_Hands_genuine_473,0000000,0000000,1360,1781,69,11,0.1594,False,0.1594,True,False,1.0761
ASpanFormer_indoor,hand,11k_Hands_genuine_473,0000000,0000000,70,70,70,24,0.3429,False,0.3429,True,False,2.0214
DeepDetect,hand,11k_Hands_genuine_473,0000000,0000000,11230,13084,201,0,,False,,True,False,
LoFTR_indoor,hand,11k_Hands_genuine_474,0001020,0001020,267,267,267,50,0.1873,False,0.1873,True,False,2.4952
ORB,hand,11k_Hands_genuine_474,0001020,0001020,324,494,8,0,,False,,True,False,
SIFT,hand,11k_Hands_genuine_474,0001020,0001020,109,125,3,0,,False,,True,False,
SuperGlue,hand,11k_Hands_genuine_474,0001020,0001020,246,268,12,0,,False,,True,False,
SGMNet_root_SGM,hand,11k_Hands_genuine_474,0001020,0001020,784,1142,20,6,0.3000,False,0.3000,True,False,0.3998
ASpanFormer_indoor,hand,11k_Hands_genuine_474,0001020,0001020,41,41,41,17,0.4146,True,0.4146,True,True,1.6679
DeepDetect,hand,11k_Hands_genuine_474,0001020,0001020,14821,14444,35,0,,False,,True,False,
LoFTR_indoor,hand,11k_Hands_genuine_475,0000067,0000067,478,478,478,230,0.4812,True,0.4812,True,True,1.7922
ORB,hand,11k_Hands_genuine_475,0000067,0000067,61,97,7,0,,False,,True,False,
SIFT,hand,11k_Hands_genuine_475,0000067,0000067,33,50,4,0,,False,,True,False,
SuperGlue,hand,11k_Hands_genuine_475,0000067,0000067,208,138,1,0,,False,,True,False,
SGMNet_root_SGM,hand,11k_Hands_genuine_475,0000067,0000067,719,1052,291,145,0.4983,True,0.4983,True,True,1.5364
ASpanFormer_indoor,hand,11k_Hands_genuine_475,0000067,0000067,518,518,518,318,0.6139,True,0.6139,True,True,1.8971
DeepDetect,hand,11k_Hands_genuine_475,0000067,0000067,10871,9372,103,82,0.7961,True,0.7961,True,True,0.9339
LoFTR_indoor,hand,11k_Hands_genuine_476,0001525,0001525,611,611,611,316,0.5172,True,0.5172,True,True,1.4518
ORB,hand,11k_Hands_genuine_476,0001525,0001525,115,140,8,0,,False,,True,False,
SIFT,hand,11k_Hands_genuine_476,0001525,0001525,62,49,5,4,0.8000,True,0.8000,True,True,0.0000
SuperGlue,hand,11k_Hands_genuine_476,0001525,0001525,157,186,66,20,0.3030,False,0.3030,True,False,2.1108
SGMNet_root_SGM,hand,11k_Hands_genuine_476,0001525,0001525,894,1042,434,183,0.4217,True,0.4217,True,True,1.6393
ASpanFormer_indoor,hand,11k_Hands_genuine_476,0001525,0001525,594,594,594,264,0.4444,True,0.4444,True,True,1.9080
DeepDetect,hand,11k_Hands_genuine_476,0001525,0001525,10045,10942,295,228,0.7729,True,0.7729,True,True,1.0454
LoFTR_indoor,hand,11k_Hands_genuine_477,0001024,0001024,839,839,839,519,0.6186,True,0.6186,True,True,2.3458
ORB,hand,11k_Hands_genuine_477,0001024,0001024,393,374,40,19,0.4750,True,0.4750,True,True,1.2172
SIFT,hand,11k_Hands_genuine_477,0001024,0001024,117,120,16,8,0.5000,True,0.5000,True,True,0.8880
SuperGlue,hand,11k_Hands_genuine_477,0001024,0001024,214,175,125,67,0.5360,True,0.5360,True,True,2.4998
SGMNet_root_SGM,hand,11k_Hands_genuine_477,0001024,0001024,1304,1195,575,237,0.4122,True,0.4122,True,True,1.7264
ASpanFormer_indoor,hand,11k_Hands_genuine_477,0001024,0001024,610,610,610,470,0.7705,True,0.7705,True,True,2.0454
DeepDetect,hand,11k_Hands_genuine_477,0001024,0001024,12531,10510,147,80,0.5442,True,0.5442,True,True,1.8138
LoFTR_indoor,hand,11k_Hands_genuine_478,0001030,0001030,364,364,364,94,0.2582,False,0.2582,True,False,2.6715
ORB,hand,11k_Hands_genuine_478,0001030,0001030,412,386,42,13,0.3095,False,0.3095,True,False,1.8407
SIFT,hand,11k_Hands_genuine_478,0001030,0001030,109,109,13,0,,False,,True,False,
SuperGlue,hand,11k_Hands_genuine_478,0001030,0001030,219,190,8,7,0.8750,True,0.8750,True,True,1.9538
SGMNet_root_SGM,hand,11k_Hands_genuine_478,0001030,0001030,856,912,95,24,0.2526,False,0.2526,True,False,1.5513
ASpanFormer_indoor,hand,11k_Hands_genuine_478,0001030,0001030,348,348,348,176,0.5057,True,0.5057,True,True,2.3918
DeepDetect,hand,11k_Hands_genuine_478,0001030,0001030,11716,11600,133,92,0.6917,True,0.6917,True,True,1.6715
LoFTR_indoor,hand,11k_Hands_genuine_479,0000019,0000019,166,166,166,39,0.2349,False,0.2349,True,False,2.2402
ORB,hand,11k_Hands_genuine_479,0000019,0000019,481,350,10,0,,False,,True,False,
SIFT,hand,11k_Hands_genuine_479,0000019,0000019,188,119,6,0,,False,,True,False,
SuperGlue,hand,11k_Hands_genuine_479,0000019,0000019,272,208,0,0,,False,,True,False,
SGMNet_root_SGM,hand,11k_Hands_genuine_479,0000019,0000019,1483,893,15,6,0.4000,True,0.4000,True,True,0.8107
ASpanFormer_indoor,hand,11k_Hands_genuine_479,0000019,0000019,48,48,48,23,0.4792,True,0.4792,True,True,1.7645
DeepDetect,hand,11k_Hands_genuine_479,0000019,0000019,12963,12394,13,0,,False,,True,False,
LoFTR_indoor,hand,11k_Hands_genuine_480,0001050,0001050,401,401,401,133,0.3317,False,0.3317,True,False,1.8976
ORB,hand,11k_Hands_genuine_480,0001050,0001050,339,483,4,0,,False,,True,False,
SIFT,hand,11k_Hands_genuine_480,0001050,0001050,130,159,4,0,,False,,True,False,
SuperGlue,hand,11k_Hands_genuine_480,0001050,0001050,274,259,1,0,,False,,True,False,
SGMNet_root_SGM,hand,11k_Hands_genuine_480,0001050,0001050,1132,1159,32,7,0.2188,False,0.2188,True,False,0.9975
ASpanFormer_indoor,hand,11k_Hands_genuine_480,0001050,0001050,309,309,309,143,0.4628,True,0.4628,True,True,2.2051
DeepDetect,hand,11k_Hands_genuine_480,0001050,0001050,13169,14192,27,16,0.5926,True,0.5926,True,True,1.4584
LoFTR_indoor,hand,11k_Hands_genuine_481,0001597,0001597,266,266,266,54,0.2030,False,0.2030,True,False,2.4178
ORB,hand,11k_Hands_genuine_481,0001597,0001597,366,397,16,9,0.5625,True,0.5625,True,True,1.1426
SIFT,hand,11k_Hands_genuine_481,0001597,0001597,116,125,11,0,,False,,True,False,
SuperGlue,hand,11k_Hands_genuine_481,0001597,0001597,170,189,10,7,0.7000,True,0.7000,True,True,0.8117
SGMNet_root_SGM,hand,11k_Hands_genuine_481,0001597,0001597,576,942,25,0,,False,,True,False,
ASpanFormer_indoor,hand,11k_Hands_genuine_481,0001597,0001597,72,72,72,27,0.3750,False,0.3750,True,False,1.6576
DeepDetect,hand,11k_Hands_genuine_481,0001597,0001597,9685,10543,43,32,0.7442,True,0.7442,True,True,1.2479
LoFTR_indoor,hand,11k_Hands_genuine_482,0001030,0001030,1078,1078,1078,709,0.6577,True,0.6577,True,True,2.4424
ORB,hand,11k_Hands_genuine_482,0001030,0001030,421,328,53,32,0.6038,True,0.6038,True,True,1.6930
SIFT,hand,11k_Hands_genuine_482,0001030,0001030,102,106,30,18,0.6000,True,0.6000,True,True,1.9839
SuperGlue,hand,11k_Hands_genuine_482,0001030,0001030,190,205,152,71,0.4671,True,0.4671,True,True,2.4763
SGMNet_root_SGM,hand,11k_Hands_genuine_482,0001030,0001030,1149,1289,544,240,0.4412,True,0.4412,True,True,1.6711
ASpanFormer_indoor,hand,11k_Hands_genuine_482,0001030,0001030,1378,1378,1378,953,0.6916,True,0.6916,True,True,2.0031
DeepDetect,hand,11k_Hands_genuine_482,0001030,0001030,11956,11866,392,326,0.8316,True,0.8316,True,True,1.7999
LoFTR_indoor,hand,11k_Hands_genuine_483,0001024,0001024,480,480,480,214,0.4458,False,0.4458,True,False,2.3370
ORB,hand,11k_Hands_genuine_483,0001024,0001024,512,415,51,0,,False,,True,False,
SIFT,hand,11k_Hands_genuine_483,0001024,0001024,149,132,13,0,,False,,True,False,
SuperGlue,hand,11k_Hands_genuine_483,0001024,0001024,225,228,9,0,,False,,True,False,
SGMNet_root_SGM,hand,11k_Hands_genuine_483,0001024,0001024,1379,1458,37,16,0.4324,True,0.4324,True,True,1.2298
ASpanFormer_indoor,hand,11k_Hands_genuine_483,0001024,0001024,254,254,254,136,0.5354,True,0.5354,True,True,1.7552
DeepDetect,hand,11k_Hands_genuine_483,0001024,0001024,12828,13851,109,0,,False,,True,False,
LoFTR_indoor,hand,11k_Hands_genuine_484,0001529,0001529,295,295,295,48,0.1627,False,0.1627,True,False,2.6722
ORB,hand,11k_Hands_genuine_484,0001529,0001529,406,377,15,6,0.4000,False,0.4000,True,False,1.1851
SIFT,hand,11k_Hands_genuine_484,0001529,0001529,129,108,6,0,,False,,True,False,
SuperGlue,hand,11k_Hands_genuine_484,0001529,0001529,183,232,0,0,,False,,True,False,
SGMNet_root_SGM,hand,11k_Hands_genuine_484,0001529,0001529,1176,1380,55,10,0.1818,False,0.1818,True,False,1.3264
ASpanFormer_indoor,hand,11k_Hands_genuine_484,0001529,0001529,225,225,225,61,0.2711,False,0.2711,True,False,2.3905
DeepDetect,hand,11k_Hands_genuine_484,0001529,0001529,10531,11728,118,0,,False,,True,False,
LoFTR_indoor,hand,11k_Hands_genuine_485,0001533,0001533,461,461,461,213,0.4620,True,0.4620,True,True,1.9040
ORB,hand,11k_Hands_genuine_485,0001533,0001533,532,252,53,0,,False,,True,False,
SIFT,hand,11k_Hands_genuine_485,0001533,0001533,143,78,24,9,0.3750,False,0.3750,True,False,1.5076
SuperGlue,hand,11k_Hands_genuine_485,0001533,0001533,183,212,99,28,0.2828,False,0.2828,True,False,2.3647
SGMNet_root_SGM,hand,11k_Hands_genuine_485,0001533,0001533,757,730,346,135,0.3902,False,0.3902,True,False,1.1708
ASpanFormer_indoor,hand,11k_Hands_genuine_485,0001533,0001533,458,458,458,207,0.4520,True,0.4520,True,True,2.3659
DeepDetect,hand,11k_Hands_genuine_485,0001533,0001533,12197,13889,217,159,0.7327,True,0.7327,True,True,1.1258
LoFTR_indoor,hand,11k_Hands_genuine_486,0001023,0001023,318,318,318,71,0.2233,False,0.2233,True,False,2.1246
ORB,hand,11k_Hands_genuine_486,0001023,0001023,230,197,18,0,,False,,True,False,
SIFT,hand,11k_Hands_genuine_486,0001023,0001023,95,81,6,0,,False,,True,False,
SuperGlue,hand,11k_Hands_genuine_486,0001023,0001023,189,156,0,0,,False,,True,False,
SGMNet_root_SGM,hand,11k_Hands_genuine_486,0001023,0001023,743,864,29,7,0.2414,False,0.2414,True,False,0.6024
ASpanFormer_indoor,hand,11k_Hands_genuine_486,0001023,0001023,204,204,204,81,0.3971,False,0.3971,True,False,1.3629
DeepDetect,hand,11k_Hands_genuine_486,0001023,0001023,10235,9378,69,33,0.4783,True,0.4783,True,True,1.5934
LoFTR_indoor,hand,11k_Hands_genuine_487,0001035,0001035,1308,1308,1308,983,0.7515,True,0.7515,True,True,1.5027
ORB,hand,11k_Hands_genuine_487,0001035,0001035,446,640,110,80,0.7273,True,0.7273,True,True,1.4941
SIFT,hand,11k_Hands_genuine_487,0001035,0001035,92,150,38,29,0.7632,True,0.7632,True,True,1.2774
SuperGlue,hand,11k_Hands_genuine_487,0001035,0001035,172,192,141,78,0.5532,True,0.5532,True,True,2.2485
SGMNet_root_SGM,hand,11k_Hands_genuine_487,0001035,0001035,1006,950,463,291,0.6285,True,0.6285,True,True,1.1655
ASpanFormer_indoor,hand,11k_Hands_genuine_487,0001035,0001035,1640,1640,1640,1329,0.8104,True,0.8104,True,True,2.3712
DeepDetect,hand,11k_Hands_genuine_487,0001035,0001035,10127,10887,1035,909,0.8783,True,0.8783,True,True,1.2814
LoFTR_indoor,hand,11k_Hands_genuine_488,0001050,0001050,369,369,369,116,0.3144,False,0.3144,True,False,2.0592
ORB,hand,11k_Hands_genuine_488,0001050,0001050,495,372,13,0,,False,,True,False,
SIFT,hand,11k_Hands_genuine_488,0001050,0001050,176,137,10,0,,False,,True,False,
SuperGlue,hand,11k_Hands_genuine_488,0001050,0001050,284,255,4,4,1.0000,True,1.0000,True,True,0.0000
SGMNet_root_SGM,hand,11k_Hands_genuine_488,0001050,0001050,1327,939,114,15,0.1316,False,0.1316,True,False,1.2176
ASpanFormer_indoor,hand,11k_Hands_genuine_488,0001050,0001050,233,233,233,85,0.3648,False,0.3648,True,False,2.3598
DeepDetect,hand,11k_Hands_genuine_488,0001050,0001050,13308,13526,44,28,0.6364,True,0.6364,True,True,0.7548
LoFTR_indoor,hand,11k_Hands_genuine_489,0001593,0001593,327,327,327,86,0.2630,False,0.2630,True,False,2.2659
ORB,hand,11k_Hands_genuine_489,0001593,0001593,718,297,25,0,,False,,True,False,
SIFT,hand,11k_Hands_genuine_489,0001593,0001593,202,108,4,0,,False,,True,False,
SuperGlue,hand,11k_Hands_genuine_489,0001593,0001593,217,244,61,17,0.2787,False,0.2787,True,False,2.7113
SGMNet_root_SGM,hand,11k_Hands_genuine_489,0001593,0001593,821,1044,21,7,0.3333,False,0.3333,True,False,0.4891
ASpanFormer_indoor,hand,11k_Hands_genuine_489,0001593,0001593,297,297,297,134,0.4512,True,0.4512,True,True,2.2638
DeepDetect,hand,11k_Hands_genuine_489,0001593,0001593,10899,14950,6,5,0.8333,True,0.8333,True,True,0.0142
LoFTR_indoor,hand,11k_Hands_genuine_490,0001050,0001050,245,245,245,53,0.2163,False,0.2163,True,False,2.3381
ORB,hand,11k_Hands_genuine_490,0001050,0001050,441,519,17,6,0.3529,False,0.3529,True,False,0.6195
SIFT,hand,11k_Hands_genuine_490,0001050,0001050,175,152,8,0,,False,,True,False,
SuperGlue,hand,11k_Hands_genuine_490,0001050,0001050,282,228,3,0,,False,,True,False,
SGMNet_root_SGM,hand,11k_Hands_genuine_490,0001050,0001050,1315,1078,42,9,0.2143,False,0.2143,True,False,0.7806
ASpanFormer_indoor,hand,11k_Hands_genuine_490,0001050,0001050,108,108,108,24,0.2222,False,0.2222,True,False,1.9375
DeepDetect,hand,11k_Hands_genuine_490,0001050,0001050,14788,12352,101,0,,False,,True,False,
LoFTR_indoor,hand,11k_Hands_genuine_491,0001019,0001019,943,943,943,504,0.5345,True,0.5345,True,True,2.3960
ORB,hand,11k_Hands_genuine_491,0001019,0001019,365,378,72,51,0.7083,True,0.7083,True,True,1.6353
SIFT,hand,11k_Hands_genuine_491,0001019,0001019,99,123,38,26,0.6842,True,0.6842,True,True,1.6576
SuperGlue,hand,11k_Hands_genuine_491,0001019,0001019,174,165,129,61,0.4729,True,0.4729,True,True,2.3437
SGMNet_root_SGM,hand,11k_Hands_genuine_491,0001019,0001019,719,838,351,148,0.4217,True,0.4217,True,True,1.4031
ASpanFormer_indoor,hand,11k_Hands_genuine_491,0001019,0001019,1245,1245,1245,632,0.5076,True,0.5076,True,True,2.2884
DeepDetect,hand,11k_Hands_genuine_491,0001019,0001019,9104,9454,133,114,0.8571,True,0.8571,True,True,1.3537
LoFTR_indoor,hand,11k_Hands_genuine_492,0000066,0000066,185,185,185,17,0.0919,False,0.0919,True,False,1.9736
ORB,hand,11k_Hands_genuine_492,0000066,0000066,233,188,9,0,,False,,True,False,
SIFT,hand,11k_Hands_genuine_492,0000066,0000066,121,123,1,0,,False,,True,False,
SuperGlue,hand,11k_Hands_genuine_492,0000066,0000066,227,287,0,0,,False,,True,False,
SGMNet_root_SGM,hand,11k_Hands_genuine_492,0000066,0000066,1409,1714,88,9,0.1023,False,0.1023,True,False,1.1892
ASpanFormer_indoor,hand,11k_Hands_genuine_492,0000066,0000066,73,73,73,26,0.3562,False,0.3562,True,False,1.9336
DeepDetect,hand,11k_Hands_genuine_492,0000066,0000066,11441,13667,63,38,0.6032,True,0.6032,True,True,1.9823
LoFTR_indoor,hand,11k_Hands_genuine_493,0001564,0001564,438,438,438,146,0.3333,False,0.3333,True,False,1.9176
ORB,hand,11k_Hands_genuine_493,0001564,0001564,376,335,7,0,,False,,True,False,
SIFT,hand,11k_Hands_genuine_493,0001564,0001564,124,101,6,0,,False,,True,False,
SuperGlue,hand,11k_Hands_genuine_493,0001564,0001564,183,204,100,35,0.3500,False,0.3500,True,False,2.8326
SGMNet_root_SGM,hand,11k_Hands_genuine_493,0001564,0001564,690,1195,43,15,0.3488,False,0.3488,True,False,1.4278
ASpanFormer_indoor,hand,11k_Hands_genuine_493,0001564,0001564,363,363,363,213,0.5868,True,0.5868,True,True,2.0183
DeepDetect,hand,11k_Hands_genuine_493,0001564,0001564,9070,9849,7,0,,False,,True,False,
LoFTR_indoor,hand,11k_Hands_genuine_494,6000000,6000000,1367,1367,1367,1217,0.8903,True,0.8903,True,True,1.1879
ORB,hand,11k_Hands_genuine_494,6000000,6000000,487,548,295,274,0.9288,True,0.9288,True,True,1.1263
SIFT,hand,11k_Hands_genuine_494,6000000,6000000,94,84,57,52,0.9123,True,0.9123,True,True,1.0639
SuperGlue,hand,11k_Hands_genuine_494,6000000,6000000,149,161,136,96,0.7059,True,0.7059,True,True,1.6884
SGMNet_root_SGM,hand,11k_Hands_genuine_494,6000000,6000000,737,718,351,283,0.8063,True,0.8063,True,True,1.1810
ASpanFormer_indoor,hand,11k_Hands_genuine_494,6000000,6000000,2886,2886,2886,2765,0.9581,True,0.9581,True,True,0.6327
DeepDetect,hand,11k_Hands_genuine_494,6000000,6000000,9564,9293,2075,1967,0.9480,True,0.9480,True,True,0.4658
LoFTR_indoor,hand,11k_Hands_genuine_495,0001020,0001020,917,917,917,810,0.8833,True,0.8833,True,True,2.4925
ORB,hand,11k_Hands_genuine_495,0001020,0001020,603,674,226,198,0.8761,True,0.8761,True,True,1.4896
SIFT,hand,11k_Hands_genuine_495,0001020,0001020,160,164,82,69,0.8415,True,0.8415,True,True,1.3476
SuperGlue,hand,11k_Hands_genuine_495,0001020,0001020,213,201,167,112,0.6707,True,0.6707,True,True,2.1527
SGMNet_root_SGM,hand,11k_Hands_genuine_495,0001020,0001020,908,841,425,281,0.6612,True,0.6612,True,True,0.9596
ASpanFormer_indoor,hand,11k_Hands_genuine_495,0001020,0001020,2170,2170,2170,1943,0.8954,True,0.8954,True,True,1.6643
DeepDetect,hand,11k_Hands_genuine_495,0001020,0001020,11779,10748,1673,1667,0.9964,True,0.9964,True,True,1.3034
LoFTR_indoor,hand,11k_Hands_genuine_496,0001050,0001050,230,230,230,76,0.3304,False,0.3304,True,False,2.2485
ORB,hand,11k_Hands_genuine_496,0001050,0001050,409,495,11,0,,False,,True,False,
SIFT,hand,11k_Hands_genuine_496,0001050,0001050,155,154,8,0,,False,,True,False,
SuperGlue,hand,11k_Hands_genuine_496,0001050,0001050,220,304,0,0,,False,,True,False,
SGMNet_root_SGM,hand,11k_Hands_genuine_496,0001050,0001050,797,1546,16,5,0.3125,False,0.3125,True,False,0.5628
ASpanFormer_indoor,hand,11k_Hands_genuine_496,0001050,0001050,175,175,175,92,0.5257,True,0.5257,True,True,2.2176
DeepDetect,hand,11k_Hands_genuine_496,0001050,0001050,12235,14246,58,0,,False,,True,False,
LoFTR_indoor,hand,11k_Hands_genuine_497,0001513,0001513,135,135,135,21,0.1556,False,0.1556,True,False,1.4099
ORB,hand,11k_Hands_genuine_497,0001513,0001513,308,316,6,5,0.8333,True,0.8333,True,True,0.5664
SIFT,hand,11k_Hands_genuine_497,0001513,0001513,93,132,5,0,,False,,True,False,
SuperGlue,hand,11k_Hands_genuine_497,0001513,0001513,242,196,0,0,,False,,True,False,
SGMNet_root_SGM,hand,11k_Hands_genuine_497,0001513,0001513,1133,1297,21,8,0.3810,False,0.3810,True,False,0.7408
ASpanFormer_indoor,hand,11k_Hands_genuine_497,0001513,0001513,38,38,38,18,0.4737,True,0.4737,True,True,2.0279
DeepDetect,hand,11k_Hands_genuine_497,0001513,0001513,12385,10785,49,27,0.5510,True,0.5510,True,True,0.7663
LoFTR_indoor,hand,11k_Hands_genuine_498,0001059,0001059,404,404,404,145,0.3589,False,0.3589,True,False,2.0231
ORB,hand,11k_Hands_genuine_498,0001059,0001059,478,345,28,0,,False,,True,False,
SIFT,hand,11k_Hands_genuine_498,0001059,0001059,169,124,7,0,,False,,True,False,
SuperGlue,hand,11k_Hands_genuine_498,0001059,0001059,267,235,16,8,0.5000,True,0.5000,True,True,1.4857
SGMNet_root_SGM,hand,11k_Hands_genuine_498,0001059,0001059,1352,1273,182,24,0.1319,False,0.1319,True,False,1.4982
ASpanFormer_indoor,hand,11k_Hands_genuine_498,0001059,0001059,312,312,312,106,0.3397,False,0.3397,True,False,2.4918
DeepDetect,hand,11k_Hands_genuine_498,0001059,0001059,14066,13402,195,125,0.6410,True,0.6410,True,True,2.1401
LoFTR_indoor,hand,11k_Hands_genuine_499,0000528,0000528,306,306,306,72,0.2353,False,0.2353,True,False,2.3664
ORB,hand,11k_Hands_genuine_499,0000528,0000528,329,425,18,7,0.3889,False,0.3889,True,False,1.0619
SIFT,hand,11k_Hands_genuine_499,0000528,0000528,107,103,8,0,,False,,True,False,
SuperGlue,hand,11k_Hands_genuine_499,0000528,0000528,231,145,0,0,,False,,True,False,
SGMNet_root_SGM,hand,11k_Hands_genuine_499,0000528,0000528,1294,918,13,0,,False,,True,False,
ASpanFormer_indoor,hand,11k_Hands_genuine_499,0000528,0000528,125,125,125,53,0.4240,True,0.4240,True,True,2.4874
DeepDetect,hand,11k_Hands_genuine_499,0000528,0000528,12215,9533,44,0,,False,,True,False,
LoFTR_indoor,hand,11k_Hands_impostor_0,0000041,0001537,229,229,229,42,0.1834,False,0.1834,False,True,2.2162
ORB,hand,11k_Hands_impostor_0,0000041,0001537,234,455,6,0,,False,,False,True,
SIFT,hand,11k_Hands_impostor_0,0000041,0001537,71,99,4,0,,False,,False,True,
SuperGlue,hand,11k_Hands_impostor_0,0000041,0001537,247,234,4,0,,False,,False,True,
SGMNet_root_SGM,hand,11k_Hands_impostor_0,0000041,0001537,1090,1127,44,9,0.2045,False,0.2045,False,True,0.8770
ASpanFormer_indoor,hand,11k_Hands_impostor_0,0000041,0001537,170,170,170,52,0.3059,False,0.3059,False,True,1.9454
DeepDetect,hand,11k_Hands_impostor_0,0000041,0001537,13610,13284,57,0,,False,,False,True,
LoFTR_indoor,hand,11k_Hands_impostor_1,0000038,0000586,134,134,134,34,0.2537,False,0.2537,False,True,2.3851
ORB,hand,11k_Hands_impostor_1,0000038,0000586,346,265,7,0,,False,,False,True,
SIFT,hand,11k_Hands_impostor_1,0000038,0000586,104,95,2,0,,False,,False,True,
SuperGlue,hand,11k_Hands_impostor_1,0000038,0000586,167,190,0,0,,False,,False,True,
SGMNet_root_SGM,hand,11k_Hands_impostor_1,0000038,0000586,709,1016,18,6,0.3333,False,0.3333,False,True,0.6207
ASpanFormer_indoor,hand,11k_Hands_impostor_1,0000038,0000586,40,40,40,29,0.7250,True,0.7250,False,False,1.6332
DeepDetect,hand,11k_Hands_impostor_1,0000038,0000586,9344,10326,5,0,,False,,False,True,
LoFTR_indoor,hand,11k_Hands_impostor_2,0000092,0001032,205,205,205,34,0.1659,False,0.1659,False,True,2.3748
ORB,hand,11k_Hands_impostor_2,0000092,0001032,428,549,7,0,,False,,False,True,
SIFT,hand,11k_Hands_impostor_2,0000092,0001032,133,117,4,0,,False,,False,True,
SuperGlue,hand,11k_Hands_impostor_2,0000092,0001032,161,187,0,0,,False,,False,True,
SGMNet_root_SGM,hand,11k_Hands_impostor_2,0000092,0001032,922,1201,20,7,0.3500,False,0.3500,False,True,0.8023
ASpanFormer_indoor,hand,11k_Hands_impostor_2,0000092,0001032,67,67,67,28,0.4179,True,0.4179,False,False,1.7741
DeepDetect,hand,11k_Hands_impostor_2,0000092,0001032,10044,10369,8,7,0.8750,True,0.8750,False,False,1.0503
LoFTR_indoor,hand,11k_Hands_impostor_3,0000092,0001024,184,184,184,29,0.1576,False,0.1576,False,True,2.4419
ORB,hand,11k_Hands_impostor_3,0000092,0001024,192,469,13,0,,False,,False,True,
SIFT,hand,11k_Hands_impostor_3,0000092,0001024,84,144,2,0,,False,,False,True,
SuperGlue,hand,11k_Hands_impostor_3,0000092,0001024,214,235,0,0,,False,,False,True,
SGMNet_root_SGM,hand,11k_Hands_impostor_3,0000092,0001024,1224,1401,11,5,0.4545,True,0.4545,False,False,0.7694
ASpanFormer_indoor,hand,11k_Hands_impostor_3,0000092,0001024,114,114,114,43,0.3772,False,0.3772,False,True,2.2005
DeepDetect,hand,11k_Hands_impostor_3,0000092,0001024,11914,13628,73,0,,False,,False,True,
LoFTR_indoor,hand,11k_Hands_impostor_4,0000539,0000529,294,294,294,48,0.1633,False,0.1633,False,True,2.6053
ORB,hand,11k_Hands_impostor_4,0000539,0000529,274,96,8,0,,False,,False,True,
SIFT,hand,11k_Hands_impostor_4,0000539,0000529,127,49,0,0,,False,,False,True,
SuperGlue,hand,11k_Hands_impostor_4,0000539,0000529,222,200,0,0,,False,,False,True,
SGMNet_root_SGM,hand,11k_Hands_impostor_4,0000539,0000529,1234,1414,70,11,0.1571,False,0.1571,False,True,1.1034
ASpanFormer_indoor,hand,11k_Hands_impostor_4,0000539,0000529,182,182,182,57,0.3132,False,0.3132,False,True,2.9418
DeepDetect,hand,11k_Hands_impostor_4,0000539,0000529,12138,10295,98,46,0.4694,True,0.4694,False,False,2.0153
LoFTR_indoor,hand,11k_Hands_impostor_5,0000054,0001532,227,227,227,64,0.2819,False,0.2819,False,True,2.3806
ORB,hand,11k_Hands_impostor_5,0000054,0001532,110,265,1,0,,False,,False,True,
SIFT,hand,11k_Hands_impostor_5,0000054,0001532,67,93,5,0,,False,,False,True,
SuperGlue,hand,11k_Hands_impostor_5,0000054,0001532,213,167,56,20,0.3571,False,0.3571,False,True,2.3077
SGMNet_root_SGM,hand,11k_Hands_impostor_5,0000054,0001532,906,936,108,15,0.1389,False,0.1389,False,True,1.5702
ASpanFormer_indoor,hand,11k_Hands_impostor_5,0000054,0001532,377,377,377,173,0.4589,True,0.4589,False,False,2.4502
DeepDetect,hand,11k_Hands_impostor_5,0000054,0001532,12465,9336,76,61,0.8026,True,0.8026,False,False,0.6355
LoFTR_indoor,hand,11k_Hands_impostor_6,0001028,0001033,281,281,281,120,0.4270,False,0.4270,False,True,2.1354
ORB,hand,11k_Hands_impostor_6,0001028,0001033,279,343,8,0,,False,,False,True,
SIFT,hand,11k_Hands_impostor_6,0001028,0001033,78,108,4,0,,False,,False,True,
SuperGlue,hand,11k_Hands_impostor_6,0001028,0001033,207,185,37,15,0.4054,False,0.4054,False,True,2.0567
SGMNet_root_SGM,hand,11k_Hands_impostor_6,0001028,0001033,953,998,37,11,0.2973,False,0.2973,False,True,0.9957
ASpanFormer_indoor,hand,11k_Hands_impostor_6,0001028,0001033,204,204,204,115,0.5637,True,0.5637,False,False,2.3849
DeepDetect,hand,11k_Hands_impostor_6,0001028,0001033,10361,10327,17,14,0.8235,True,0.8235,False,False,1.3946
LoFTR_indoor,hand,11k_Hands_impostor_7,0000525,0000055,487,487,487,124,0.2546,False,0.2546,False,True,2.8424
ORB,hand,11k_Hands_impostor_7,0000525,0000055,514,308,22,0,,False,,False,True,
SIFT,hand,11k_Hands_impostor_7,0000525,0000055,108,98,5,0,,False,,False,True,
SuperGlue,hand,11k_Hands_impostor_7,0000525,0000055,372,298,142,39,0.2746,False,0.2746,False,True,2.9340
SGMNet_root_SGM,hand,11k_Hands_impostor_7,0000525,0000055,1736,1285,65,10,0.1538,False,0.1538,False,True,0.7628
ASpanFormer_indoor,hand,11k_Hands_impostor_7,0000525,0000055,412,412,412,192,0.4660,True,0.4660,False,False,2.4880
DeepDetect,hand,11k_Hands_impostor_7,0000525,0000055,16537,12640,111,0,,False,,False,True,
LoFTR_indoor,hand,11k_Hands_impostor_8,0001013,0001544,351,351,351,116,0.3305,False,0.3305,False,True,2.4996
ORB,hand,11k_Hands_impostor_8,0001013,0001544,169,83,13,0,,False,,False,True,
SIFT,hand,11k_Hands_impostor_8,0001013,0001544,58,55,4,0,,False,,False,True,
SuperGlue,hand,11k_Hands_impostor_8,0001013,0001544,184,175,42,20,0.4762,True,0.4762,False,False,2.4067
SGMNet_root_SGM,hand,11k_Hands_impostor_8,0001013,0001544,1090,803,29,10,0.3448,False,0.3448,False,True,1.0364
ASpanFormer_indoor,hand,11k_Hands_impostor_8,0001013,0001544,169,169,169,78,0.4615,True,0.4615,False,False,2.3003
DeepDetect,hand,11k_Hands_impostor_8,0001013,0001544,9734,9692,10,7,0.7000,True,0.7000,False,False,0.5937
LoFTR_indoor,hand,11k_Hands_impostor_9,0001033,0000507,183,183,183,29,0.1585,False,0.1585,False,True,1.9942
ORB,hand,11k_Hands_impostor_9,0001033,0000507,334,288,23,0,,False,,False,True,
SIFT,hand,11k_Hands_impostor_9,0001033,0000507,122,130,4,0,,False,,False,True,
SuperGlue,hand,11k_Hands_impostor_9,0001033,0000507,180,219,3,0,,False,,False,True,
SGMNet_root_SGM,hand,11k_Hands_impostor_9,0001033,0000507,1083,869,70,11,0.1571,False,0.1571,False,True,1.5209
ASpanFormer_indoor,hand,11k_Hands_impostor_9,0001033,0000507,164,164,164,78,0.4756,True,0.4756,False,False,2.3160
DeepDetect,hand,11k_Hands_impostor_9,0001033,0000507,10192,11011,30,17,0.5667,True,0.5667,False,False,1.5782
LoFTR_indoor,hand,11k_Hands_impostor_10,0001085,0001573,215,215,215,48,0.2233,False,0.2233,False,True,2.5060
ORB,hand,11k_Hands_impostor_10,0001085,0001573,211,599,7,0,,False,,False,True,
SIFT,hand,11k_Hands_impostor_10,0001085,0001573,111,171,8,0,,False,,False,True,
SuperGlue,hand,11k_Hands_impostor_10,0001085,0001573,233,183,2,0,,False,,False,True,
SGMNet_root_SGM,hand,11k_Hands_impostor_10,0001085,0001573,1559,727,9,6,0.6667,True,0.6667,False,False,0.5053
ASpanFormer_indoor,hand,11k_Hands_impostor_10,0001085,0001573,98,98,98,31,0.3163,False,0.3163,False,True,1.9009
DeepDetect,hand,11k_Hands_impostor_10,0001085,0001573,14188,9792,29,0,,False,,False,True,
LoFTR_indoor,hand,11k_Hands_impostor_11,0000028,0001505,129,129,129,22,0.1705,False,0.1705,False,True,2.5551
ORB,hand,11k_Hands_impostor_11,0000028,0001505,466,308,17,0,,False,,False,True,
SIFT,hand,11k_Hands_impostor_11,0000028,0001505,174,82,3,0,,False,,False,True,
SuperGlue,hand,11k_Hands_impostor_11,0000028,0001505,268,153,0,0,,False,,False,True,
SGMNet_root_SGM,hand,11k_Hands_impostor_11,0000028,0001505,1199,776,45,19,0.4222,True,0.4222,False,False,1.3392
ASpanFormer_indoor,hand,11k_Hands_impostor_11,0000028,0001505,25,25,25,17,0.6800,True,0.6800,False,False,1.4108
DeepDetect,hand,11k_Hands_impostor_11,0000028,0001505,10688,9932,8,5,0.6250,True,0.6250,False,False,0.6577
LoFTR_indoor,hand,11k_Hands_impostor_12,0001588,0000054,273,273,273,83,0.3040,False,0.3040,False,True,2.6191
ORB,hand,11k_Hands_impostor_12,0001588,0000054,365,116,25,0,,False,,False,True,
SIFT,hand,11k_Hands_impostor_12,0001588,0000054,102,47,6,0,,False,,False,True,
SuperGlue,hand,11k_Hands_impostor_12,0001588,0000054,188,175,6,6,1.0000,True,1.0000,False,False,0.9723
SGMNet_root_SGM,hand,11k_Hands_impostor_12,0001588,0000054,1128,706,20,7,0.3500,False,0.3500,False,True,0.5537
ASpanFormer_indoor,hand,11k_Hands_impostor_12,0001588,0000054,154,154,154,112,0.7273,True,0.7273,False,False,2.2733
DeepDetect,hand,11k_Hands_impostor_12,0001588,0000054,10306,9162,10,0,,False,,False,True,
LoFTR_indoor,hand,11k_Hands_impostor_13,0001066,0001003,241,241,241,45,0.1867,False,0.1867,False,True,2.0990
ORB,hand,11k_Hands_impostor_13,0001066,0001003,330,257,19,8,0.4211,False,0.4211,False,True,2.0069
SIFT,hand,11k_Hands_impostor_13,0001066,0001003,94,101,6,4,0.6667,True,0.6667,False,False,0.0000
SuperGlue,hand,11k_Hands_impostor_13,0001066,0001003,213,251,6,4,0.6667,True,0.6667,False,False,0.0000
SGMNet_root_SGM,hand,11k_Hands_impostor_13,0001066,0001003,1045,1546,26,8,0.3077,False,0.3077,False,True,0.9861
ASpanFormer_indoor,hand,11k_Hands_impostor_13,0001066,0001003,176,176,176,43,0.2443,False,0.2443,False,True,2.8111
DeepDetect,hand,11k_Hands_impostor_13,0001066,0001003,12314,14409,112,0,,False,,False,True,
LoFTR_indoor,hand,11k_Hands_impostor_14,0001058,7000000,267,267,267,39,0.1461,False,0.1461,False,True,2.7487
ORB,hand,11k_Hands_impostor_14,0001058,7000000,457,150,9,0,,False,,False,True,
SIFT,hand,11k_Hands_impostor_14,0001058,7000000,147,83,3,0,,False,,False,True,
SuperGlue,hand,11k_Hands_impostor_14,0001058,7000000,152,224,3,0,,False,,False,True,
SGMNet_root_SGM,hand,11k_Hands_impostor_14,0001058,7000000,759,1416,32,9,0.2812,False,0.2812,False,True,1.2877
ASpanFormer_indoor,hand,11k_Hands_impostor_14,0001058,7000000,87,87,87,42,0.4828,True,0.4828,False,False,1.7357
DeepDetect,hand,11k_Hands_impostor_14,0001058,7000000,9276,11867,28,0,,False,,False,True,
LoFTR_indoor,hand,11k_Hands_impostor_15,0001067,0001009,264,264,264,92,0.3485,False,0.3485,False,True,2.2630
ORB,hand,11k_Hands_impostor_15,0001067,0001009,454,288,20,0,,False,,False,True,
SIFT,hand,11k_Hands_impostor_15,0001067,0001009,117,107,6,0,,False,,False,True,
SuperGlue,hand,11k_Hands_impostor_15,0001067,0001009,169,211,0,0,,False,,False,True,
SGMNet_root_SGM,hand,11k_Hands_impostor_15,0001067,0001009,657,1249,19,9,0.4737,True,0.4737,False,False,1.4479
ASpanFormer_indoor,hand,11k_Hands_impostor_15,0001067,0001009,128,128,128,75,0.5859,True,0.5859,False,False,1.7590
DeepDetect,hand,11k_Hands_impostor_15,0001067,0001009,9238,10995,42,28,0.6667,True,0.6667,False,False,1.3589
LoFTR_indoor,hand,11k_Hands_impostor_16,0000081,0001088,113,113,113,18,0.1593,False,0.1593,False,True,1.6400
ORB,hand,11k_Hands_impostor_16,0000081,0001088,198,354,13,0,,False,,False,True,
SIFT,hand,11k_Hands_impostor_16,0000081,0001088,66,95,1,0,,False,,False,True,
SuperGlue,hand,11k_Hands_impostor_16,0000081,0001088,135,178,0,0,,False,,False,True,
SGMNet_root_SGM,hand,11k_Hands_impostor_16,0000081,0001088,861,866,14,5,0.3571,False,0.3571,False,True,0.6470
ASpanFormer_indoor,hand,11k_Hands_impostor_16,0000081,0001088,4,4,4,4,1.0000,True,1.0000,False,False,0.0000
DeepDetect,hand,11k_Hands_impostor_16,0000081,0001088,8937,9010,8,0,,False,,False,True,
LoFTR_indoor,hand,11k_Hands_impostor_17,0001579,0001573,623,623,623,252,0.4045,False,0.4045,False,True,2.7742
ORB,hand,11k_Hands_impostor_17,0001579,0001573,424,361,28,0,,False,,False,True,
SIFT,hand,11k_Hands_impostor_17,0001579,0001573,131,98,6,0,,False,,False,True,
SuperGlue,hand,11k_Hands_impostor_17,0001579,0001573,193,153,99,41,0.4141,False,0.4141,False,True,3.0110
SGMNet_root_SGM,hand,11k_Hands_impostor_17,0001579,0001573,1013,1100,204,50,0.2451,False,0.2451,False,True,1.7592
ASpanFormer_indoor,hand,11k_Hands_impostor_17,0001579,0001573,368,368,368,213,0.5788,True,0.5788,False,False,2.2318
DeepDetect,hand,11k_Hands_impostor_17,0001579,0001573,10786,10154,38,20,0.5263,True,0.5263,False,False,1.4167
LoFTR_indoor,hand,11k_Hands_impostor_18,0001021,0001553,217,217,217,64,0.2949,False,0.2949,False,True,1.6559
ORB,hand,11k_Hands_impostor_18,0001021,0001553,383,225,16,0,,False,,False,True,
SIFT,hand,11k_Hands_impostor_18,0001021,0001553,130,125,6,0,,False,,False,True,
SuperGlue,hand,11k_Hands_impostor_18,0001021,0001553,177,182,0,0,,False,,False,True,
SGMNet_root_SGM,hand,11k_Hands_impostor_18,0001021,0001553,1191,1036,37,14,0.3784,False,0.3784,False,True,1.5127
ASpanFormer_indoor,hand,11k_Hands_impostor_18,0001021,0001553,194,194,194,98,0.5052,True,0.5052,False,False,1.7987
DeepDetect,hand,11k_Hands_impostor_18,0001021,0001553,11161,10855,68,35,0.5147,True,0.5147,False,False,1.8574
LoFTR_indoor,hand,11k_Hands_impostor_19,1200000 ,0001567,195,195,195,55,0.2821,False,0.2821,False,True,2.2347
ORB,hand,11k_Hands_impostor_19,1200000 ,0001567,579,177,27,0,,False,,False,True,
SIFT,hand,11k_Hands_impostor_19,1200000 ,0001567,140,81,6,4,0.6667,True,0.6667,False,False,0.0000
SuperGlue,hand,11k_Hands_impostor_19,1200000 ,0001567,271,177,0,0,,False,,False,True,
SGMNet_root_SGM,hand,11k_Hands_impostor_19,1200000 ,0001567,1022,845,24,8,0.3333,False,0.3333,False,True,1.0539
ASpanFormer_indoor,hand,11k_Hands_impostor_19,1200000 ,0001567,87,87,87,46,0.5287,True,0.5287,False,False,2.2074
DeepDetect,hand,11k_Hands_impostor_19,1200000 ,0001567,12438,9670,40,30,0.7500,True,0.7500,False,False,0.9758
LoFTR_indoor,hand,11k_Hands_impostor_20,0001539,0001569,265,265,265,85,0.3208,False,0.3208,False,True,2.6997
ORB,hand,11k_Hands_impostor_20,0001539,0001569,183,107,12,0,,False,,False,True,
SIFT,hand,11k_Hands_impostor_20,0001539,0001569,74,28,3,0,,False,,False,True,
SuperGlue,hand,11k_Hands_impostor_20,0001539,0001569,170,103,13,7,0.5385,True,0.5385,False,False,0.6967
SGMNet_root_SGM,hand,11k_Hands_impostor_20,0001539,0001569,1134,380,5,0,,False,,False,True,
ASpanFormer_indoor,hand,11k_Hands_impostor_20,0001539,0001569,66,66,66,40,0.6061,True,0.6061,False,False,2.4140
DeepDetect,hand,11k_Hands_impostor_20,0001539,0001569,11073,7957,8,0,,False,,False,True,
LoFTR_indoor,hand,11k_Hands_impostor_21,0001039,0000588,219,219,219,78,0.3562,False,0.3562,False,True,2.8420
ORB,hand,11k_Hands_impostor_21,0001039,0000588,222,557,11,0,,False,,False,True,
SIFT,hand,11k_Hands_impostor_21,0001039,0000588,116,156,8,0,,False,,False,True,
SuperGlue,hand,11k_Hands_impostor_21,0001039,0000588,173,187,0,0,,False,,False,True,
SGMNet_root_SGM,hand,11k_Hands_impostor_21,0001039,0000588,1078,843,32,8,0.2500,False,0.2500,False,True,0.5202
ASpanFormer_indoor,hand,11k_Hands_impostor_21,0001039,0000588,65,65,65,35,0.5385,True,0.5385,False,False,1.5555
DeepDetect,hand,11k_Hands_impostor_21,0001039,0000588,11757,9879,6,0,,False,,False,True,
LoFTR_indoor,hand,11k_Hands_impostor_22,0000532,0001074,201,201,201,41,0.2040,False,0.2040,False,True,2.3929
ORB,hand,11k_Hands_impostor_22,0000532,0001074,522,214,20,0,,False,,False,True,
SIFT,hand,11k_Hands_impostor_22,0000532,0001074,123,101,5,0,,False,,False,True,
SuperGlue,hand,11k_Hands_impostor_22,0000532,0001074,175,197,0,0,,False,,False,True,
SGMNet_root_SGM,hand,11k_Hands_impostor_22,0000532,0001074,698,808,28,5,0.1786,False,0.1786,False,True,0.2622
ASpanFormer_indoor,hand,11k_Hands_impostor_22,0000532,0001074,85,85,85,32,0.3765,False,0.3765,False,True,2.3373
DeepDetect,hand,11k_Hands_impostor_22,0000532,0001074,9296,10807,15,8,0.5333,True,0.5333,False,False,1.6297
LoFTR_indoor,hand,11k_Hands_impostor_23,0000571,0000576,199,199,199,50,0.2513,False,0.2513,False,True,2.4576
ORB,hand,11k_Hands_impostor_23,0000571,0000576,263,308,11,0,,False,,False,True,
SIFT,hand,11k_Hands_impostor_23,0000571,0000576,92,74,2,0,,False,,False,True,
SuperGlue,hand,11k_Hands_impostor_23,0000571,0000576,221,178,37,15,0.4054,False,0.4054,False,True,2.4160
SGMNet_root_SGM,hand,11k_Hands_impostor_23,0000571,0000576,1274,576,8,6,0.7500,True,0.7500,False,False,0.0676
ASpanFormer_indoor,hand,11k_Hands_impostor_23,0000571,0000576,122,122,122,53,0.4344,True,0.4344,False,False,2.1497
DeepDetect,hand,11k_Hands_impostor_23,0000571,0000576,13140,10454,11,0,,False,,False,True,
LoFTR_indoor,hand,11k_Hands_impostor_24,0000538,0001571,241,241,241,68,0.2822,False,0.2822,False,True,2.5598
ORB,hand,11k_Hands_impostor_24,0000538,0001571,462,444,25,0,,False,,False,True,
SIFT,hand,11k_Hands_impostor_24,0000538,0001571,111,128,2,0,,False,,False,True,
SuperGlue,hand,11k_Hands_impostor_24,0000538,0001571,158,162,0,0,,False,,False,True,
SGMNet_root_SGM,hand,11k_Hands_impostor_24,0000538,0001571,866,784,23,7,0.3043,False,0.3043,False,True,0.1513
ASpanFormer_indoor,hand,11k_Hands_impostor_24,0000538,0001571,83,83,83,36,0.4337,True,0.4337,False,False,1.8962
DeepDetect,hand,11k_Hands_impostor_24,0000538,0001571,10796,8775,24,18,0.7500,True,0.7500,False,False,1.0928
LoFTR_indoor,hand,11k_Hands_impostor_25,0000000,0001571,307,307,307,124,0.4039,False,0.4039,False,True,2.2697
ORB,hand,11k_Hands_impostor_25,0000000,0001571,571,299,35,0,,False,,False,True,
SIFT,hand,11k_Hands_impostor_25,0000000,0001571,164,88,17,0,,False,,False,True,
SuperGlue,hand,11k_Hands_impostor_25,0000000,0001571,267,153,38,17,0.4474,False,0.4474,False,True,2.1494
SGMNet_root_SGM,hand,11k_Hands_impostor_25,0000000,0001571,1260,636,12,6,0.5000,True,0.5000,False,False,0.6027
ASpanFormer_indoor,hand,11k_Hands_impostor_25,0000000,0001571,244,244,244,136,0.5574,True,0.5574,False,False,2.1346
DeepDetect,hand,11k_Hands_impostor_25,0000000,0001571,13238,10063,40,29,0.7250,True,0.7250,False,False,1.5081
LoFTR_indoor,hand,11k_Hands_impostor_26,0001553,0000541,280,280,280,112,0.4000,False,0.4000,False,True,1.9393
ORB,hand,11k_Hands_impostor_26,0001553,0000541,232,210,7,0,,False,,False,True,
SIFT,hand,11k_Hands_impostor_26,0001553,0000541,139,75,5,0,,False,,False,True,
SuperGlue,hand,11k_Hands_impostor_26,0001553,0000541,174,195,8,0,,False,,False,True,
SGMNet_root_SGM,hand,11k_Hands_impostor_26,0001553,0000541,1110,1251,52,10,0.1923,False,0.1923,False,True,1.0537
ASpanFormer_indoor,hand,11k_Hands_impostor_26,0001553,0000541,169,169,169,78,0.4615,True,0.4615,False,False,1.6670
DeepDetect,hand,11k_Hands_impostor_26,0001553,0000541,10866,11293,39,0,,False,,False,True,
LoFTR_indoor,hand,11k_Hands_impostor_27,0001510,0000088,495,495,495,195,0.3939,False,0.3939,False,True,2.6609
ORB,hand,11k_Hands_impostor_27,0001510,0000088,352,112,47,16,0.3404,False,0.3404,False,True,1.8927
SIFT,hand,11k_Hands_impostor_27,0001510,0000088,130,90,18,0,,False,,False,True,
SuperGlue,hand,11k_Hands_impostor_27,0001510,0000088,180,194,87,29,0.3333,False,0.3333,False,True,2.3870
SGMNet_root_SGM,hand,11k_Hands_impostor_27,0001510,0000088,1133,608,23,8,0.3478,False,0.3478,False,True,0.8945
ASpanFormer_indoor,hand,11k_Hands_impostor_27,0001510,0000088,250,250,250,152,0.6080,True,0.6080,False,False,1.9962
DeepDetect,hand,11k_Hands_impostor_27,0001510,0000088,10230,13699,43,31,0.7209,True,0.7209,False,False,1.0166
LoFTR_indoor,hand,11k_Hands_impostor_28,0000534,0000092,232,232,232,55,0.2371,False,0.2371,False,True,2.2866
ORB,hand,11k_Hands_impostor_28,0000534,0000092,98,204,4,0,,False,,False,True,
SIFT,hand,11k_Hands_impostor_28,0000534,0000092,50,91,2,0,,False,,False,True,
SuperGlue,hand,11k_Hands_impostor_28,0000534,0000092,309,236,8,5,0.6250,True,0.6250,False,False,1.1085
SGMNet_root_SGM,hand,11k_Hands_impostor_28,0000534,0000092,1045,1146,48,9,0.1875,False,0.1875,False,True,0.2998
ASpanFormer_indoor,hand,11k_Hands_impostor_28,0000534,0000092,133,133,133,50,0.3759,False,0.3759,False,True,2.2708
DeepDetect,hand,11k_Hands_impostor_28,0000534,0000092,14946,13372,107,0,,False,,False,True,
LoFTR_indoor,hand,11k_Hands_impostor_29,0001023,0000546,238,238,238,58,0.2437,False,0.2437,False,True,2.4720
ORB,hand,11k_Hands_impostor_29,0001023,0000546,106,310,6,0,,False,,False,True,
SIFT,hand,11k_Hands_impostor_29,0001023,0000546,70,126,6,0,,False,,False,True,
SuperGlue,hand,11k_Hands_impostor_29,0001023,0000546,184,188,3,0,,False,,False,True,
SGMNet_root_SGM,hand,11k_Hands_impostor_29,0001023,0000546,483,992,20,7,0.3500,False,0.3500,False,True,0.9209
ASpanFormer_indoor,hand,11k_Hands_impostor_29,0001023,0000546,116,116,116,58,0.5000,True,0.5000,False,False,2.3096
DeepDetect,hand,11k_Hands_impostor_29,0001023,0000546,9325,10139,96,0,,False,,False,True,
LoFTR_indoor,hand,11k_Hands_impostor_30,0000066,1100000,293,293,293,53,0.1809,False,0.1809,False,True,2.4702
ORB,hand,11k_Hands_impostor_30,0000066,1100000,401,146,47,0,,False,,False,True,
SIFT,hand,11k_Hands_impostor_30,0000066,1100000,164,61,12,6,0.5000,True,0.5000,False,False,0.6689
SuperGlue,hand,11k_Hands_impostor_30,0000066,1100000,240,224,7,5,0.7143,True,0.7143,False,False,0.6358
SGMNet_root_SGM,hand,11k_Hands_impostor_30,0000066,1100000,1198,1002,26,8,0.3077,False,0.3077,False,True,1.1825
ASpanFormer_indoor,hand,11k_Hands_impostor_30,0000066,1100000,129,129,129,64,0.4961,True,0.4961,False,False,2.1619
DeepDetect,hand,11k_Hands_impostor_30,0000066,1100000,13468,11810,28,18,0.6429,True,0.6429,False,False,1.5522
LoFTR_indoor,hand,11k_Hands_impostor_31,0001537,0000088,188,188,188,33,0.1755,False,0.1755,False,True,1.4363
ORB,hand,11k_Hands_impostor_31,0001537,0000088,473,265,27,0,,False,,False,True,
SIFT,hand,11k_Hands_impostor_31,0001537,0000088,125,132,7,0,,False,,False,True,
SuperGlue,hand,11k_Hands_impostor_31,0001537,0000088,201,232,2,0,,False,,False,True,
SGMNet_root_SGM,hand,11k_Hands_impostor_31,0001537,0000088,729,1747,6,4,0.6667,True,0.6667,False,False,0.0000
ASpanFormer_indoor,hand,11k_Hands_impostor_31,0001537,0000088,147,147,147,44,0.2993,False,0.2993,False,True,2.4063
DeepDetect,hand,11k_Hands_impostor_31,0001537,0000088,10962,15658,22,17,0.7727,True,0.7727,False,False,1.6631
LoFTR_indoor,hand,11k_Hands_impostor_32,0000067,0000514,314,314,314,78,0.2484,False,0.2484,False,True,2.5093
ORB,hand,11k_Hands_impostor_32,0000067,0000514,95,338,3,0,,False,,False,True,
SIFT,hand,11k_Hands_impostor_32,0000067,0000514,52,104,3,0,,False,,False,True,
SuperGlue,hand,11k_Hands_impostor_32,0000067,0000514,171,232,2,0,,False,,False,True,
SGMNet_root_SGM,hand,11k_Hands_impostor_32,0000067,0000514,915,751,12,0,,False,,False,True,
ASpanFormer_indoor,hand,11k_Hands_impostor_32,0000067,0000514,198,198,198,86,0.4343,True,0.4343,False,False,2.2686
DeepDetect,hand,11k_Hands_impostor_32,0000067,0000514,9985,10020,33,21,0.6364,True,0.6364,False,False,1.4198
LoFTR_indoor,hand,11k_Hands_impostor_33,0001540,0000534,243,243,243,77,0.3169,False,0.3169,False,True,2.6276
ORB,hand,11k_Hands_impostor_33,0001540,0000534,567,494,37,0,,False,,False,True,
SIFT,hand,11k_Hands_impostor_33,0001540,0000534,141,134,8,0,,False,,False,True,
SuperGlue,hand,11k_Hands_impostor_33,0001540,0000534,174,164,23,11,0.4783,True,0.4783,False,False,2.4665
SGMNet_root_SGM,hand,11k_Hands_impostor_33,0001540,0000534,943,790,32,11,0.3438,False,0.3438,False,True,1.3603
ASpanFormer_indoor,hand,11k_Hands_impostor_33,0001540,0000534,193,193,193,90,0.4663,True,0.4663,False,False,2.2145
DeepDetect,hand,11k_Hands_impostor_33,0001540,0000534,11863,9761,53,26,0.4906,True,0.4906,False,False,1.5412
LoFTR_indoor,hand,11k_Hands_impostor_34,0001029,0001547,324,324,324,50,0.1543,False,0.1543,False,True,2.6679
ORB,hand,11k_Hands_impostor_34,0001029,0001547,498,327,28,0,,False,,False,True,
SIFT,hand,11k_Hands_impostor_34,0001029,0001547,165,89,19,0,,False,,False,True,
SuperGlue,hand,11k_Hands_impostor_34,0001029,0001547,204,234,1,0,,False,,False,True,
SGMNet_root_SGM,hand,11k_Hands_impostor_34,0001029,0001547,1415,1220,48,10,0.2083,False,0.2083,False,True,1.3507
ASpanFormer_indoor,hand,11k_Hands_impostor_34,0001029,0001547,115,115,115,39,0.3391,False,0.3391,False,True,2.6095
DeepDetect,hand,11k_Hands_impostor_34,0001029,0001547,12963,10808,56,34,0.6071,True,0.6071,False,False,1.9805
LoFTR_indoor,hand,11k_Hands_impostor_35,0001005,0001060,198,198,198,33,0.1667,False,0.1667,False,True,2.0237
ORB,hand,11k_Hands_impostor_35,0001005,0001060,302,36,14,0,,False,,False,True,
SIFT,hand,11k_Hands_impostor_35,0001005,0001060,107,45,10,0,,False,,False,True,
SuperGlue,hand,11k_Hands_impostor_35,0001005,0001060,243,201,0,0,,False,,False,True,
SGMNet_root_SGM,hand,11k_Hands_impostor_35,0001005,0001060,1566,1052,43,12,0.2791,False,0.2791,False,True,1.2605
ASpanFormer_indoor,hand,11k_Hands_impostor_35,0001005,0001060,77,77,77,26,0.3377,False,0.3377,False,True,1.6688
DeepDetect,hand,11k_Hands_impostor_35,0001005,0001060,14173,12557,40,0,,False,,False,True,
LoFTR_indoor,hand,11k_Hands_impostor_36,0001079,0001540,342,342,342,65,0.1901,False,0.1901,False,True,2.2139
ORB,hand,11k_Hands_impostor_36,0001079,0001540,397,551,26,0,,False,,False,True,
SIFT,hand,11k_Hands_impostor_36,0001079,0001540,124,141,3,0,,False,,False,True,
SuperGlue,hand,11k_Hands_impostor_36,0001079,0001540,212,187,1,0,,False,,False,True,
SGMNet_root_SGM,hand,11k_Hands_impostor_36,0001079,0001540,823,971,21,6,0.2857,False,0.2857,False,True,1.1000
ASpanFormer_indoor,hand,11k_Hands_impostor_36,0001079,0001540,147,147,147,51,0.3469,False,0.3469,False,True,2.5988
DeepDetect,hand,11k_Hands_impostor_36,0001079,0001540,12077,11957,38,19,0.5000,True,0.5000,False,False,2.1868
LoFTR_indoor,hand,11k_Hands_impostor_37,0001550,0000559,399,399,399,111,0.2782,False,0.2782,False,True,2.4319
ORB,hand,11k_Hands_impostor_37,0001550,0000559,244,104,16,0,,False,,False,True,
SIFT,hand,11k_Hands_impostor_37,0001550,0000559,102,77,7,0,,False,,False,True,
SuperGlue,hand,11k_Hands_impostor_37,0001550,0000559,246,266,30,15,0.5000,True,0.5000,False,False,2.2181
SGMNet_root_SGM,hand,11k_Hands_impostor_37,0001550,0000559,1493,1041,58,11,0.1897,False,0.1897,False,True,1.1929
ASpanFormer_indoor,hand,11k_Hands_impostor_37,0001550,0000559,272,272,272,98,0.3603,False,0.3603,False,True,1.6023
DeepDetect,hand,11k_Hands_impostor_37,0001550,0000559,14196,16530,54,33,0.6111,True,0.6111,False,False,1.9964
LoFTR_indoor,hand,11k_Hands_impostor_38,0000529,0001559,110,110,110,24,0.2182,False,0.2182,False,True,2.3179
ORB,hand,11k_Hands_impostor_38,0000529,0001559,115,541,4,0,,False,,False,True,
SIFT,hand,11k_Hands_impostor_38,0000529,0001559,47,165,0,0,,False,,False,True,
SuperGlue,hand,11k_Hands_impostor_38,0000529,0001559,200,184,0,0,,False,,False,True,
SGMNet_root_SGM,hand,11k_Hands_impostor_38,0000529,0001559,1321,1042,64,15,0.2344,False,0.2344,False,True,1.4383
ASpanFormer_indoor,hand,11k_Hands_impostor_38,0000529,0001559,55,55,55,20,0.3636,False,0.3636,False,True,2.2001
DeepDetect,hand,11k_Hands_impostor_38,0000529,0001559,9987,11140,68,0,,False,,False,True,
LoFTR_indoor,hand,11k_Hands_impostor_39,0001060,0000552,235,235,235,71,0.3021,False,0.3021,False,True,2.2032
ORB,hand,11k_Hands_impostor_39,0001060,0000552,196,350,9,0,,False,,False,True,
SIFT,hand,11k_Hands_impostor_39,0001060,0000552,107,135,9,0,,False,,False,True,
SuperGlue,hand,11k_Hands_impostor_39,0001060,0000552,201,190,44,16,0.3636,False,0.3636,False,True,2.2946
SGMNet_root_SGM,hand,11k_Hands_impostor_39,0001060,0000552,1350,730,8,0,,False,,False,True,
ASpanFormer_indoor,hand,11k_Hands_impostor_39,0001060,0000552,192,192,192,90,0.4688,True,0.4688,False,False,2.0714
DeepDetect,hand,11k_Hands_impostor_39,0001060,0000552,12363,10498,24,18,0.7500,True,0.7500,False,False,0.9157
LoFTR_indoor,hand,11k_Hands_impostor_40,0000502,0001024,225,225,225,48,0.2133,False,0.2133,False,True,2.1756
ORB,hand,11k_Hands_impostor_40,0000502,0001024,526,416,21,0,,False,,False,True,
SIFT,hand,11k_Hands_impostor_40,0000502,0001024,108,142,4,0,,False,,False,True,
SuperGlue,hand,11k_Hands_impostor_40,0000502,0001024,209,224,0,0,,False,,False,True,
SGMNet_root_SGM,hand,11k_Hands_impostor_40,0000502,0001024,791,1471,7,0,,False,,False,True,
ASpanFormer_indoor,hand,11k_Hands_impostor_40,0000502,0001024,86,86,86,45,0.5233,True,0.5233,False,False,1.8062
DeepDetect,hand,11k_Hands_impostor_40,0000502,0001024,10072,13766,12,0,,False,,False,True,
LoFTR_indoor,hand,11k_Hands_impostor_41,0001069,0001051,256,256,256,62,0.2422,False,0.2422,False,True,2.3336
ORB,hand,11k_Hands_impostor_41,0001069,0001051,247,330,8,0,,False,,False,True,
SIFT,hand,11k_Hands_impostor_41,0001069,0001051,86,96,5,0,,False,,False,True,
SuperGlue,hand,11k_Hands_impostor_41,0001069,0001051,237,232,3,0,,False,,False,True,
SGMNet_root_SGM,hand,11k_Hands_impostor_41,0001069,0001051,1039,1340,11,6,0.5455,True,0.5455,False,False,0.6623
ASpanFormer_indoor,hand,11k_Hands_impostor_41,0001069,0001051,74,74,74,38,0.5135,True,0.5135,False,False,1.6587
DeepDetect,hand,11k_Hands_impostor_41,0001069,0001051,11512,12558,53,30,0.5660,True,0.5660,False,False,2.2305
LoFTR_indoor,hand,11k_Hands_impostor_42,8000000,0001531,764,764,764,287,0.3757,False,0.3757,False,True,2.7852
ORB,hand,11k_Hands_impostor_42,8000000,0001531,572,533,20,7,0.3500,False,0.3500,False,True,4.2281
SIFT,hand,11k_Hands_impostor_42,8000000,0001531,180,122,18,0,,False,,False,True,
SuperGlue,hand,11k_Hands_impostor_42,8000000,0001531,294,236,143,55,0.3846,False,0.3846,False,True,2.8330
SGMNet_root_SGM,hand,11k_Hands_impostor_42,8000000,0001531,1417,1134,146,23,0.1575,False,0.1575,False,True,1.3406
ASpanFormer_indoor,hand,11k_Hands_impostor_42,8000000,0001531,701,701,701,374,0.5335,True,0.5335,False,False,2.4957
DeepDetect,hand,11k_Hands_impostor_42,8000000,0001531,14953,12277,63,24,0.3810,True,0.3810,False,False,2.3820
LoFTR_indoor,hand,11k_Hands_impostor_43,0000093,0001556,258,258,258,77,0.2984,False,0.2984,False,True,2.0147
ORB,hand,11k_Hands_impostor_43,0000093,0001556,674,786,17,0,,False,,False,True,
SIFT,hand,11k_Hands_impostor_43,0000093,0001556,141,197,10,0,,False,,False,True,
SuperGlue,hand,11k_Hands_impostor_43,0000093,0001556,165,175,48,19,0.3958,False,0.3958,False,True,2.3410
SGMNet_root_SGM,hand,11k_Hands_impostor_43,0000093,0001556,509,668,24,9,0.3750,False,0.3750,False,True,1.4849
ASpanFormer_indoor,hand,11k_Hands_impostor_43,0000093,0001556,10,10,10,8,0.8000,True,0.8000,False,False,0.8867
DeepDetect,hand,11k_Hands_impostor_43,0000093,0001556,8677,10245,18,0,,False,,False,True,
LoFTR_indoor,hand,11k_Hands_impostor_44,0001587,0001505,173,173,173,35,0.2023,False,0.2023,False,True,2.3831
ORB,hand,11k_Hands_impostor_44,0001587,0001505,118,501,9,0,,False,,False,True,
SIFT,hand,11k_Hands_impostor_44,0001587,0001505,61,126,0,0,,False,,False,True,
SuperGlue,hand,11k_Hands_impostor_44,0001587,0001505,257,182,0,0,,False,,False,True,
SGMNet_root_SGM,hand,11k_Hands_impostor_44,0001587,0001505,1105,823,5,0,,False,,False,True,
ASpanFormer_indoor,hand,11k_Hands_impostor_44,0001587,0001505,67,67,67,26,0.3881,False,0.3881,False,True,1.7662
DeepDetect,hand,11k_Hands_impostor_44,0001587,0001505,13707,10137,11,0,,False,,False,True,
LoFTR_indoor,hand,11k_Hands_impostor_45,0001579,0001504,627,627,627,271,0.4322,False,0.4322,False,True,2.1994
ORB,hand,11k_Hands_impostor_45,0001579,0001504,284,153,28,7,0.2500,False,0.2500,False,True,1.4042
SIFT,hand,11k_Hands_impostor_45,0001579,0001504,100,68,17,8,0.4706,True,0.4706,False,False,1.2619
SuperGlue,hand,11k_Hands_impostor_45,0001579,0001504,202,187,102,33,0.3235,False,0.3235,False,True,2.6025
SGMNet_root_SGM,hand,11k_Hands_impostor_45,0001579,0001504,1116,1172,198,47,0.2374,False,0.2374,False,True,1.6649
ASpanFormer_indoor,hand,11k_Hands_impostor_45,0001579,0001504,683,683,683,364,0.5329,True,0.5329,False,False,2.2199
DeepDetect,hand,11k_Hands_impostor_45,0001579,0001504,11046,10489,80,39,0.4875,True,0.4875,False,False,1.4287
LoFTR_indoor,hand,11k_Hands_impostor_46,0001019,0001560,420,420,420,159,0.3786,False,0.3786,False,True,2.3565
ORB,hand,11k_Hands_impostor_46,0001019,0001560,199,544,16,8,0.5000,True,0.5000,False,False,1.2888
SIFT,hand,11k_Hands_impostor_46,0001019,0001560,69,188,12,0,,False,,False,True,
SuperGlue,hand,11k_Hands_impostor_46,0001019,0001560,144,184,51,23,0.4510,True,0.4510,False,False,2.5005
SGMNet_root_SGM,hand,11k_Hands_impostor_46,0001019,0001560,905,1176,103,27,0.2621,False,0.2621,False,True,1.7213
ASpanFormer_indoor,hand,11k_Hands_impostor_46,0001019,0001560,260,260,260,153,0.5885,True,0.5885,False,False,2.2540
DeepDetect,hand,11k_Hands_impostor_46,0001019,0001560,8312,11382,62,46,0.7419,True,0.7419,False,False,0.4050
LoFTR_indoor,hand,11k_Hands_impostor_47,0001537,0001002,241,241,241,69,0.2863,False,0.2863,False,True,1.8941
ORB,hand,11k_Hands_impostor_47,0001537,0001002,409,267,15,5,0.3333,False,0.3333,False,True,0.4677
SIFT,hand,11k_Hands_impostor_47,0001537,0001002,135,91,5,0,,False,,False,True,
SuperGlue,hand,11k_Hands_impostor_47,0001537,0001002,197,194,1,0,,False,,False,True,
SGMNet_root_SGM,hand,11k_Hands_impostor_47,0001537,0001002,737,880,24,8,0.3333,False,0.3333,False,True,0.3446
ASpanFormer_indoor,hand,11k_Hands_impostor_47,0001537,0001002,74,74,74,26,0.3514,False,0.3514,False,True,1.9775
DeepDetect,hand,11k_Hands_impostor_47,0001537,0001002,10836,11704,9,6,0.6667,True,0.6667,False,False,1.3656
LoFTR_indoor,hand,11k_Hands_impostor_48,0001082,0000004,345,345,345,97,0.2812,False,0.2812,False,True,2.8338
ORB,hand,11k_Hands_impostor_48,0001082,0000004,240,403,8,0,,False,,False,True,
SIFT,hand,11k_Hands_impostor_48,0001082,0000004,90,127,3,0,,False,,False,True,
SuperGlue,hand,11k_Hands_impostor_48,0001082,0000004,151,224,93,25,0.2688,False,0.2688,False,True,2.5603
SGMNet_root_SGM,hand,11k_Hands_impostor_48,0001082,0000004,598,864,36,9,0.2500,False,0.2500,False,True,0.7692
ASpanFormer_indoor,hand,11k_Hands_impostor_48,0001082,0000004,244,244,244,89,0.3648,False,0.3648,False,True,2.7588
DeepDetect,hand,11k_Hands_impostor_48,0001082,0000004,8509,14420,11,9,0.8182,True,0.8182,False,False,0.3507
LoFTR_indoor,hand,11k_Hands_impostor_49,0001020,0001067,159,159,159,46,0.2893,False,0.2893,False,True,2.5969
ORB,hand,11k_Hands_impostor_49,0001020,0001067,302,540,14,0,,False,,False,True,
SIFT,hand,11k_Hands_impostor_49,0001020,0001067,91,138,8,0,,False,,False,True,
SuperGlue,hand,11k_Hands_impostor_49,0001020,0001067,350,169,26,17,0.6538,True,0.6538,False,False,2.3864
SGMNet_root_SGM,hand,11k_Hands_impostor_49,0001020,0001067,1105,740,57,22,0.3860,False,0.3860,False,True,1.3060
ASpanFormer_indoor,hand,11k_Hands_impostor_49,0001020,0001067,50,50,50,25,0.5000,True,0.5000,False,False,1.9395
DeepDetect,hand,11k_Hands_impostor_49,0001020,0001067,17896,9878,78,54,0.6923,True,0.6923,False,False,3.6474
LoFTR_indoor,hand,11k_Hands_impostor_50,0000063,0001547,191,191,191,56,0.2932,False,0.2932,False,True,2.8481
ORB,hand,11k_Hands_impostor_50,0000063,0001547,257,361,8,5,0.6250,True,0.6250,False,False,0.1501
SIFT,hand,11k_Hands_impostor_50,0000063,0001547,93,113,1,0,,False,,False,True,
SuperGlue,hand,11k_Hands_impostor_50,0000063,0001547,193,223,0,0,,False,,False,True,
SGMNet_root_SGM,hand,11k_Hands_impostor_50,0000063,0001547,797,1128,19,0,,False,,False,True,
ASpanFormer_indoor,hand,11k_Hands_impostor_50,0000063,0001547,101,101,101,65,0.6436,True,0.6436,False,False,2.0049
DeepDetect,hand,11k_Hands_impostor_50,0000063,0001547,10460,10604,23,13,0.5652,True,0.5652,False,False,1.3103
LoFTR_indoor,hand,11k_Hands_impostor_51,0001082,0000509,253,253,253,64,0.2530,False,0.2530,False,True,2.6873
ORB,hand,11k_Hands_impostor_51,0001082,0000509,330,456,2,0,,False,,False,True,
SIFT,hand,11k_Hands_impostor_51,0001082,0000509,97,112,3,0,,False,,False,True,
SuperGlue,hand,11k_Hands_impostor_51,0001082,0000509,195,182,9,7,0.7778,True,0.7778,False,False,1.6355
SGMNet_root_SGM,hand,11k_Hands_impostor_51,0001082,0000509,1011,706,26,8,0.3077,False,0.3077,False,True,1.3577
ASpanFormer_indoor,hand,11k_Hands_impostor_51,0001082,0000509,260,260,260,139,0.5346,True,0.5346,False,False,1.9097
DeepDetect,hand,11k_Hands_impostor_51,0001082,0000509,11707,10359,23,8,0.3478,True,0.3478,False,False,1.3265
LoFTR_indoor,hand,11k_Hands_impostor_52,0000543,0001037,188,188,188,51,0.2713,False,0.2713,False,True,2.6439
ORB,hand,11k_Hands_impostor_52,0000543,0001037,233,532,7,0,,False,,False,True,
SIFT,hand,11k_Hands_impostor_52,0000543,0001037,111,146,3,0,,False,,False,True,
SuperGlue,hand,11k_Hands_impostor_52,0000543,0001037,168,157,31,11,0.3548,False,0.3548,False,True,2.4892
SGMNet_root_SGM,hand,11k_Hands_impostor_52,0000543,0001037,1126,641,4,0,,False,,False,True,
ASpanFormer_indoor,hand,11k_Hands_impostor_52,0000543,0001037,142,142,142,51,0.3592,False,0.3592,False,True,1.7602
DeepDetect,hand,11k_Hands_impostor_52,0000543,0001037,9270,8482,15,9,0.6000,True,0.6000,False,False,1.5212
LoFTR_indoor,hand,11k_Hands_impostor_53,0001060,0001585,248,248,248,39,0.1573,False,0.1573,False,True,2.7143
ORB,hand,11k_Hands_impostor_53,0001060,0001585,234,237,7,0,,False,,False,True,
SIFT,hand,11k_Hands_impostor_53,0001060,0001585,96,79,5,0,,False,,False,True,
SuperGlue,hand,11k_Hands_impostor_53,0001060,0001585,239,223,12,7,0.5833,True,0.5833,False,False,1.2314
SGMNet_root_SGM,hand,11k_Hands_impostor_53,0001060,0001585,1647,849,13,7,0.5385,True,0.5385,False,False,0.0993
ASpanFormer_indoor,hand,11k_Hands_impostor_53,0001060,0001585,241,241,241,69,0.2863,False,0.2863,False,True,2.1686
DeepDetect,hand,11k_Hands_impostor_53,0001060,0001585,13731,12518,29,17,0.5862,True,0.5862,False,False,0.6768
LoFTR_indoor,hand,11k_Hands_impostor_54,0001562,0000559,173,173,173,29,0.1676,False,0.1676,False,True,2.1610
ORB,hand,11k_Hands_impostor_54,0001562,0000559,384,203,18,0,,False,,False,True,
SIFT,hand,11k_Hands_impostor_54,0001562,0000559,95,71,0,0,,False,,False,True,
SuperGlue,hand,11k_Hands_impostor_54,0001562,0000559,175,186,7,5,0.7143,True,0.7143,False,False,0.6413
SGMNet_root_SGM,hand,11k_Hands_impostor_54,0001562,0000559,984,905,43,10,0.2326,False,0.2326,False,True,1.3147
ASpanFormer_indoor,hand,11k_Hands_impostor_54,0001562,0000559,133,133,133,35,0.2632,False,0.2632,False,True,2.2436
DeepDetect,hand,11k_Hands_impostor_54,0001562,0000559,10964,13610,14,0,,False,,False,True,
LoFTR_indoor,hand,11k_Hands_impostor_55,0001041,0001037,231,231,231,57,0.2468,False,0.2468,False,True,2.1099
ORB,hand,11k_Hands_impostor_55,0001041,0001037,681,323,30,0,,False,,False,True,
SIFT,hand,11k_Hands_impostor_55,0001041,0001037,159,100,4,0,,False,,False,True,
SuperGlue,hand,11k_Hands_impostor_55,0001041,0001037,227,223,5,0,,False,,False,True,
SGMNet_root_SGM,hand,11k_Hands_impostor_55,0001041,0001037,757,986,18,7,0.3889,False,0.3889,False,True,0.7336
ASpanFormer_indoor,hand,11k_Hands_impostor_55,0001041,0001037,150,150,150,66,0.4400,True,0.4400,False,False,2.1343
DeepDetect,hand,11k_Hands_impostor_55,0001041,0001037,9963,12667,44,0,,False,,False,True,
LoFTR_indoor,hand,11k_Hands_impostor_56,0000092,0000581,290,290,290,98,0.3379,False,0.3379,False,True,2.5053
ORB,hand,11k_Hands_impostor_56,0000092,0000581,137,209,4,0,,False,,False,True,
SIFT,hand,11k_Hands_impostor_56,0000092,0000581,63,71,3,0,,False,,False,True,
SuperGlue,hand,11k_Hands_impostor_56,0000092,0000581,235,248,26,10,0.3846,False,0.3846,False,True,2.1386
SGMNet_root_SGM,hand,11k_Hands_impostor_56,0000092,0000581,1121,1077,96,15,0.1562,False,0.1562,False,True,1.5742
ASpanFormer_indoor,hand,11k_Hands_impostor_56,0000092,0000581,223,223,223,67,0.3004,False,0.3004,False,True,2.2520
DeepDetect,hand,11k_Hands_impostor_56,0000092,0000581,12250,11403,32,0,,False,,False,True,
LoFTR_indoor,hand,11k_Hands_impostor_57,0001504,0000574,201,201,201,52,0.2587,False,0.2587,False,True,2.8208
ORB,hand,11k_Hands_impostor_57,0001504,0000574,202,206,18,0,,False,,False,True,
SIFT,hand,11k_Hands_impostor_57,0001504,0000574,86,76,2,0,,False,,False,True,
SuperGlue,hand,11k_Hands_impostor_57,0001504,0000574,206,188,0,0,,False,,False,True,
SGMNet_root_SGM,hand,11k_Hands_impostor_57,0001504,0000574,1245,652,10,5,0.5000,True,0.5000,False,False,0.7840
ASpanFormer_indoor,hand,11k_Hands_impostor_57,0001504,0000574,94,94,94,31,0.3298,False,0.3298,False,True,1.5149
DeepDetect,hand,11k_Hands_impostor_57,0001504,0000574,10889,9191,16,10,0.6250,True,0.6250,False,False,0.5764
LoFTR_indoor,hand,11k_Hands_impostor_58,0001504,0000008,146,146,146,31,0.2123,False,0.2123,False,True,2.4957
ORB,hand,11k_Hands_impostor_58,0001504,0000008,302,148,12,0,,False,,False,True,
SIFT,hand,11k_Hands_impostor_58,0001504,0000008,103,59,4,0,,False,,False,True,
SuperGlue,hand,11k_Hands_impostor_58,0001504,0000008,152,253,0,0,,False,,False,True,
SGMNet_root_SGM,hand,11k_Hands_impostor_58,0001504,0000008,971,1293,19,7,0.3684,False,0.3684,False,True,0.9521
ASpanFormer_indoor,hand,11k_Hands_impostor_58,0001504,0000008,59,59,59,32,0.5424,True,0.5424,False,False,2.0102
DeepDetect,hand,11k_Hands_impostor_58,0001504,0000008,10690,14941,11,0,,False,,False,True,
LoFTR_indoor,hand,11k_Hands_impostor_59,0000506,0001085,337,337,337,46,0.1365,False,0.1365,False,True,2.5540
ORB,hand,11k_Hands_impostor_59,0000506,0001085,150,233,6,0,,False,,False,True,
SIFT,hand,11k_Hands_impostor_59,0000506,0001085,102,121,7,0,,False,,False,True,
SuperGlue,hand,11k_Hands_impostor_59,0000506,0001085,198,231,0,0,,False,,False,True,
SGMNet_root_SGM,hand,11k_Hands_impostor_59,0000506,0001085,1430,1537,43,0,,False,,False,True,
ASpanFormer_indoor,hand,11k_Hands_impostor_59,0000506,0001085,148,148,148,36,0.2432,False,0.2432,False,True,2.8568
DeepDetect,hand,11k_Hands_impostor_59,0000506,0001085,12187,11923,64,0,,False,,False,True,
LoFTR_indoor,hand,11k_Hands_impostor_60,0001506,0000509,204,204,204,35,0.1716,False,0.1716,False,True,1.3464
ORB,hand,11k_Hands_impostor_60,0001506,0000509,211,409,6,0,,False,,False,True,
SIFT,hand,11k_Hands_impostor_60,0001506,0000509,80,92,3,0,,False,,False,True,
SuperGlue,hand,11k_Hands_impostor_60,0001506,0000509,139,179,0,0,,False,,False,True,
SGMNet_root_SGM,hand,11k_Hands_impostor_60,0001506,0000509,773,709,17,0,,False,,False,True,
ASpanFormer_indoor,hand,11k_Hands_impostor_60,0001506,0000509,132,132,132,62,0.4697,True,0.4697,False,False,1.7555
DeepDetect,hand,11k_Hands_impostor_60,0001506,0000509,8559,10223,9,0,,False,,False,True,
LoFTR_indoor,hand,11k_Hands_impostor_61,0001529,3000000,539,539,539,203,0.3766,False,0.3766,False,True,2.5233
ORB,hand,11k_Hands_impostor_61,0001529,3000000,425,169,27,8,0.2963,False,0.2963,False,True,0.8152
SIFT,hand,11k_Hands_impostor_61,0001529,3000000,129,44,14,6,0.4286,False,0.4286,False,True,0.8331
SuperGlue,hand,11k_Hands_impostor_61,0001529,3000000,173,143,81,30,0.3704,False,0.3704,False,True,2.4879
SGMNet_root_SGM,hand,11k_Hands_impostor_61,0001529,3000000,885,641,80,16,0.2000,False,0.2000,False,True,1.6179
ASpanFormer_indoor,hand,11k_Hands_impostor_61,0001529,3000000,299,299,299,210,0.7023,True,0.7023,False,False,2.1537
DeepDetect,hand,11k_Hands_impostor_61,0001529,3000000,10387,11641,83,63,0.7590,True,0.7590,False,False,1.8996
LoFTR_indoor,hand,11k_Hands_impostor_62,0000507,0000012,115,115,115,48,0.4174,False,0.4174,False,True,2.7019
ORB,hand,11k_Hands_impostor_62,0000507,0000012,264,398,4,0,,False,,False,True,
SIFT,hand,11k_Hands_impostor_62,0000507,0000012,67,154,3,0,,False,,False,True,
SuperGlue,hand,11k_Hands_impostor_62,0000507,0000012,244,243,57,18,0.3158,False,0.3158,False,True,2.3174
SGMNet_root_SGM,hand,11k_Hands_impostor_62,0000507,0000012,674,1243,17,6,0.3529,False,0.3529,False,True,0.5812
ASpanFormer_indoor,hand,11k_Hands_impostor_62,0000507,0000012,121,121,121,62,0.5124,True,0.5124,False,False,2.2256
DeepDetect,hand,11k_Hands_impostor_62,0000507,0000012,10064,14384,35,0,,False,,False,True,
LoFTR_indoor,hand,11k_Hands_impostor_63,0001519,0001073,94,94,94,19,0.2021,False,0.2021,False,True,1.9798
ORB,hand,11k_Hands_impostor_63,0001519,0001073,285,152,13,0,,False,,False,True,
SIFT,hand,11k_Hands_impostor_63,0001519,0001073,120,71,1,0,,False,,False,True,
SuperGlue,hand,11k_Hands_impostor_63,0001519,0001073,201,212,1,0,,False,,False,True,
SGMNet_root_SGM,hand,11k_Hands_impostor_63,0001519,0001073,1297,891,26,7,0.2692,False,0.2692,False,True,0.3798
ASpanFormer_indoor,hand,11k_Hands_impostor_63,0001519,0001073,10,10,10,6,0.6000,True,0.6000,False,False,1.6893
DeepDetect,hand,11k_Hands_impostor_63,0001519,0001073,11174,12784,4,0,,False,,False,True,
LoFTR_indoor,hand,11k_Hands_impostor_64,0001039,0000086,181,181,181,48,0.2652,False,0.2652,False,True,2.7766
ORB,hand,11k_Hands_impostor_64,0001039,0000086,289,63,13,0,,False,,False,True,
SIFT,hand,11k_Hands_impostor_64,0001039,0000086,123,38,4,0,,False,,False,True,
SuperGlue,hand,11k_Hands_impostor_64,0001039,0000086,188,146,0,0,,False,,False,True,
SGMNet_root_SGM,hand,11k_Hands_impostor_64,0001039,0000086,1164,636,29,9,0.3103,False,0.3103,False,True,0.9731
ASpanFormer_indoor,hand,11k_Hands_impostor_64,0001039,0000086,85,85,85,55,0.6471,True,0.6471,False,False,1.7201
DeepDetect,hand,11k_Hands_impostor_64,0001039,0000086,10002,9074,5,5,1.0000,True,1.0000,False,False,0.1984
LoFTR_indoor,hand,11k_Hands_impostor_65,0001034,0000576,311,311,311,129,0.4148,False,0.4148,False,True,2.2703
ORB,hand,11k_Hands_impostor_65,0001034,0000576,254,316,9,0,,False,,False,True,
SIFT,hand,11k_Hands_impostor_65,0001034,0000576,108,114,4,0,,False,,False,True,
SuperGlue,hand,11k_Hands_impostor_65,0001034,0000576,245,197,10,0,,False,,False,True,
SGMNet_root_SGM,hand,11k_Hands_impostor_65,0001034,0000576,1195,998,45,11,0.2444,False,0.2444,False,True,1.3515
ASpanFormer_indoor,hand,11k_Hands_impostor_65,0001034,0000576,283,283,283,133,0.4700,True,0.4700,False,False,2.0634
DeepDetect,hand,11k_Hands_impostor_65,0001034,0000576,12064,10956,29,18,0.6207,True,0.6207,False,False,1.3420
LoFTR_indoor,hand,11k_Hands_impostor_66,0001037,0001543,276,276,276,73,0.2645,False,0.2645,False,True,2.2375
ORB,hand,11k_Hands_impostor_66,0001037,0001543,487,335,12,5,0.4167,False,0.4167,False,True,0.2654
SIFT,hand,11k_Hands_impostor_66,0001037,0001543,151,126,7,0,,False,,False,True,
SuperGlue,hand,11k_Hands_impostor_66,0001037,0001543,165,211,12,7,0.5833,True,0.5833,False,False,1.9587
SGMNet_root_SGM,hand,11k_Hands_impostor_66,0001037,0001543,672,1157,19,9,0.4737,True,0.4737,False,False,0.8522
ASpanFormer_indoor,hand,11k_Hands_impostor_66,0001037,0001543,182,182,182,81,0.4451,True,0.4451,False,False,2.3774
DeepDetect,hand,11k_Hands_impostor_66,0001037,0001543,8637,11135,4,0,,False,,False,True,
LoFTR_indoor,hand,11k_Hands_impostor_67,0000594,0001082,363,363,363,144,0.3967,False,0.3967,False,True,2.4403
ORB,hand,11k_Hands_impostor_67,0000594,0001082,155,346,3,0,,False,,False,True,
SIFT,hand,11k_Hands_impostor_67,0000594,0001082,63,108,2,0,,False,,False,True,
SuperGlue,hand,11k_Hands_impostor_67,0000594,0001082,147,161,23,16,0.6957,True,0.6957,False,False,2.4195
SGMNet_root_SGM,hand,11k_Hands_impostor_67,0000594,0001082,960,849,41,10,0.2439,False,0.2439,False,True,1.1727
ASpanFormer_indoor,hand,11k_Hands_impostor_67,0000594,0001082,203,203,203,122,0.6010,True,0.6010,False,False,1.5740
DeepDetect,hand,11k_Hands_impostor_67,0000594,0001082,8599,10202,33,22,0.6667,True,0.6667,False,False,0.3438
LoFTR_indoor,hand,11k_Hands_impostor_68,0000525,0000023,280,280,280,53,0.1893,False,0.1893,False,True,2.5797
ORB,hand,11k_Hands_impostor_68,0000525,0000023,889,267,32,0,,False,,False,True,
SIFT,hand,11k_Hands_impostor_68,0000525,0000023,222,83,5,0,,False,,False,True,
SuperGlue,hand,11k_Hands_impostor_68,0000525,0000023,317,209,17,9,0.5294,True,0.5294,False,False,1.8858
SGMNet_root_SGM,hand,11k_Hands_impostor_68,0000525,0000023,1028,1288,62,16,0.2581,False,0.2581,False,True,1.4075
ASpanFormer_indoor,hand,11k_Hands_impostor_68,0000525,0000023,199,199,199,101,0.5075,True,0.5075,False,False,2.0169
DeepDetect,hand,11k_Hands_impostor_68,0000525,0000023,15369,12083,25,0,,False,,False,True,
LoFTR_indoor,hand,11k_Hands_impostor_69,0001515,0000008,518,518,518,141,0.2722,False,0.2722,False,True,2.8298
ORB,hand,11k_Hands_impostor_69,0001515,0000008,101,95,14,0,,False,,False,True,
SIFT,hand,11k_Hands_impostor_69,0001515,0000008,62,47,4,0,,False,,False,True,
SuperGlue,hand,11k_Hands_impostor_69,0001515,0000008,150,184,71,19,0.2676,False,0.2676,False,True,2.2711
SGMNet_root_SGM,hand,11k_Hands_impostor_69,0001515,0000008,898,726,66,11,0.1667,False,0.1667,False,True,1.2142
ASpanFormer_indoor,hand,11k_Hands_impostor_69,0001515,0000008,460,460,460,206,0.4478,True,0.4478,False,False,2.5818
DeepDetect,hand,11k_Hands_impostor_69,0001515,0000008,9698,11866,60,49,0.8167,True,0.8167,False,False,0.7586
LoFTR_indoor,hand,11k_Hands_impostor_70,0001585,1200000 ,443,443,443,170,0.3837,False,0.3837,False,True,2.1833
ORB,hand,11k_Hands_impostor_70,0001585,1200000 ,47,579,4,0,,False,,False,True,
SIFT,hand,11k_Hands_impostor_70,0001585,1200000 ,42,140,2,0,,False,,False,True,
SuperGlue,hand,11k_Hands_impostor_70,0001585,1200000 ,186,271,15,9,0.6000,True,0.6000,False,False,1.5297
SGMNet_root_SGM,hand,11k_Hands_impostor_70,0001585,1200000 ,955,1022,41,9,0.2195,False,0.2195,False,True,0.8352
ASpanFormer_indoor,hand,11k_Hands_impostor_70,0001585,1200000 ,405,405,405,244,0.6025,True,0.6025,False,False,2.4215
DeepDetect,hand,11k_Hands_impostor_70,0001585,1200000 ,9049,12438,28,20,0.7143,True,0.7143,False,False,1.3563
LoFTR_indoor,hand,11k_Hands_impostor_71,0001074,0000534,243,243,243,39,0.1605,False,0.1605,False,True,2.7530
ORB,hand,11k_Hands_impostor_71,0001074,0000534,566,135,28,0,,False,,False,True,
SIFT,hand,11k_Hands_impostor_71,0001074,0000534,166,62,12,0,,False,,False,True,
SuperGlue,hand,11k_Hands_impostor_71,0001074,0000534,196,217,1,0,,False,,False,True,
SGMNet_root_SGM,hand,11k_Hands_impostor_71,0001074,0000534,1450,1061,54,14,0.2593,False,0.2593,False,True,1.4934
ASpanFormer_indoor,hand,11k_Hands_impostor_71,0001074,0000534,123,123,123,38,0.3089,False,0.3089,False,True,2.2067
DeepDetect,hand,11k_Hands_impostor_71,0001074,0000534,11174,11276,26,20,0.7692,True,0.7692,False,False,1.8667
LoFTR_indoor,hand,11k_Hands_impostor_72,0000596,0001555,349,349,349,137,0.3926,False,0.3926,False,True,2.5763
ORB,hand,11k_Hands_impostor_72,0000596,0001555,433,447,18,0,,False,,False,True,
SIFT,hand,11k_Hands_impostor_72,0000596,0001555,160,187,6,0,,False,,False,True,
SuperGlue,hand,11k_Hands_impostor_72,0000596,0001555,198,216,25,11,0.4400,False,0.4400,False,True,1.5432
SGMNet_root_SGM,hand,11k_Hands_impostor_72,0000596,0001555,903,1509,29,10,0.3448,False,0.3448,False,True,1.1697
ASpanFormer_indoor,hand,11k_Hands_impostor_72,0000596,0001555,163,163,163,95,0.5828,True,0.5828,False,False,1.9150
DeepDetect,hand,11k_Hands_impostor_72,0000596,0001555,10712,12714,29,17,0.5862,True,0.5862,False,False,0.9747
LoFTR_indoor,hand,11k_Hands_impostor_73,0001527,0001059,144,144,144,52,0.3611,False,0.3611,False,True,2.4604
ORB,hand,11k_Hands_impostor_73,0001527,0001059,289,292,11,0,,False,,False,True,
SIFT,hand,11k_Hands_impostor_73,0001527,0001059,126,88,10,0,,False,,False,True,
SuperGlue,hand,11k_Hands_impostor_73,0001527,0001059,181,154,20,11,0.5500,True,0.5500,False,False,1.4643
SGMNet_root_SGM,hand,11k_Hands_impostor_73,0001527,0001059,835,935,34,9,0.2647,False,0.2647,False,True,0.8268
ASpanFormer_indoor,hand,11k_Hands_impostor_73,0001527,0001059,26,26,26,13,0.5000,True,0.5000,False,False,1.7384
DeepDetect,hand,11k_Hands_impostor_73,0001527,0001059,9096,9414,18,0,,False,,False,True,
LoFTR_indoor,hand,11k_Hands_impostor_74,0001081,0001569,160,160,160,40,0.2500,False,0.2500,False,True,2.7941
ORB,hand,11k_Hands_impostor_74,0001081,0001569,148,185,1,0,,False,,False,True,
SIFT,hand,11k_Hands_impostor_74,0001081,0001569,84,75,2,0,,False,,False,True,
SuperGlue,hand,11k_Hands_impostor_74,0001081,0001569,285,158,4,4,1.0000,True,1.0000,False,False,0.0000
SGMNet_root_SGM,hand,11k_Hands_impostor_74,0001081,0001569,1369,743,23,7,0.3043,False,0.3043,False,True,0.9463
ASpanFormer_indoor,hand,11k_Hands_impostor_74,0001081,0001569,112,112,112,41,0.3661,False,0.3661,False,True,2.3618
DeepDetect,hand,11k_Hands_impostor_74,0001081,0001569,13459,8387,14,0,,False,,False,True,
LoFTR_indoor,hand,11k_Hands_impostor_75,0000055,0001569,209,209,209,57,0.2727,False,0.2727,False,True,2.8735
ORB,hand,11k_Hands_impostor_75,0000055,0001569,438,170,25,0,,False,,False,True,
SIFT,hand,11k_Hands_impostor_75,0000055,0001569,156,67,9,4,0.4444,False,0.4444,False,True,0.0000
SuperGlue,hand,11k_Hands_impostor_75,0000055,0001569,190,173,41,15,0.3659,False,0.3659,False,True,2.0762
SGMNet_root_SGM,hand,11k_Hands_impostor_75,0000055,0001569,775,709,44,9,0.2045,False,0.2045,False,True,0.6542
ASpanFormer_indoor,hand,11k_Hands_impostor_75,0000055,0001569,203,203,203,106,0.5222,True,0.5222,False,False,2.4212
DeepDetect,hand,11k_Hands_impostor_75,0000055,0001569,10992,9488,7,0,,False,,False,True,
LoFTR_indoor,hand,11k_Hands_impostor_76,0001061,0001557,366,366,366,79,0.2158,False,0.2158,False,True,1.8956
ORB,hand,11k_Hands_impostor_76,0001061,0001557,178,400,4,0,,False,,False,True,
SIFT,hand,11k_Hands_impostor_76,0001061,0001557,67,137,4,0,,False,,False,True,
SuperGlue,hand,11k_Hands_impostor_76,0001061,0001557,183,249,11,8,0.7273,True,0.7273,False,False,1.7411
SGMNet_root_SGM,hand,11k_Hands_impostor_76,0001061,0001557,1080,1034,85,16,0.1882,False,0.1882,False,True,1.5667
ASpanFormer_indoor,hand,11k_Hands_impostor_76,0001061,0001557,205,205,205,73,0.3561,False,0.3561,False,True,2.2649
DeepDetect,hand,11k_Hands_impostor_76,0001061,0001557,10317,12519,54,33,0.6111,True,0.6111,False,False,0.8192
LoFTR_indoor,hand,11k_Hands_impostor_77,0001593,3000000,93,93,93,29,0.3118,False,0.3118,False,True,1.8548
ORB,hand,11k_Hands_impostor_77,0001593,3000000,376,174,6,0,,False,,False,True,
SIFT,hand,11k_Hands_impostor_77,0001593,3000000,136,52,2,0,,False,,False,True,
SuperGlue,hand,11k_Hands_impostor_77,0001593,3000000,263,152,3,0,,False,,False,True,
SGMNet_root_SGM,hand,11k_Hands_impostor_77,0001593,3000000,1202,588,6,4,0.6667,True,0.6667,False,False,0.0000
ASpanFormer_indoor,hand,11k_Hands_impostor_77,0001593,3000000,86,86,86,46,0.5349,True,0.5349,False,False,1.4951
DeepDetect,hand,11k_Hands_impostor_77,0001593,3000000,14871,9281,28,0,,False,,False,True,
LoFTR_indoor,hand,11k_Hands_impostor_78,0001540,0000057,174,174,174,33,0.1897,False,0.1897,False,True,2.4521
ORB,hand,11k_Hands_impostor_78,0001540,0000057,414,331,21,0,,False,,False,True,
SIFT,hand,11k_Hands_impostor_78,0001540,0000057,97,136,8,6,0.7500,True,0.7500,False,False,1.3595
SuperGlue,hand,11k_Hands_impostor_78,0001540,0000057,192,200,0,0,,False,,False,True,
SGMNet_root_SGM,hand,11k_Hands_impostor_78,0001540,0000057,1275,1017,36,12,0.3333,False,0.3333,False,True,1.3374
ASpanFormer_indoor,hand,11k_Hands_impostor_78,0001540,0000057,105,105,105,34,0.3238,False,0.3238,False,True,2.2624
DeepDetect,hand,11k_Hands_impostor_78,0001540,0000057,12212,12500,29,11,0.3793,False,0.3793,False,True,13.7669
LoFTR_indoor,hand,11k_Hands_impostor_79,0001571,0001089,219,219,219,42,0.1918,False,0.1918,False,True,1.4601
ORB,hand,11k_Hands_impostor_79,0001571,0001089,283,137,13,0,,False,,False,True,
SIFT,hand,11k_Hands_impostor_79,0001571,0001089,79,69,4,0,,False,,False,True,
SuperGlue,hand,11k_Hands_impostor_79,0001571,0001089,163,188,0,0,,False,,False,True,
SGMNet_root_SGM,hand,11k_Hands_impostor_79,0001571,0001089,748,950,40,0,,False,,False,True,
ASpanFormer_indoor,hand,11k_Hands_impostor_79,0001571,0001089,78,78,78,32,0.4103,True,0.4103,False,False,2.1229
DeepDetect,hand,11k_Hands_impostor_79,0001571,0001089,10020,10788,53,0,,False,,False,True,
LoFTR_indoor,hand,11k_Hands_impostor_80,0001515,0001066,397,397,397,136,0.3426,False,0.3426,False,True,2.5324
ORB,hand,11k_Hands_impostor_80,0001515,0001066,96,300,8,0,,False,,False,True,
SIFT,hand,11k_Hands_impostor_80,0001515,0001066,58,102,3,0,,False,,False,True,
SuperGlue,hand,11k_Hands_impostor_80,0001515,0001066,196,178,47,19,0.4043,False,0.4043,False,True,2.0211
SGMNet_root_SGM,hand,11k_Hands_impostor_80,0001515,0001066,1309,1058,115,20,0.1739,False,0.1739,False,True,1.6112
ASpanFormer_indoor,hand,11k_Hands_impostor_80,0001515,0001066,206,206,206,122,0.5922,True,0.5922,False,False,2.5138
DeepDetect,hand,11k_Hands_impostor_80,0001515,0001066,11049,11526,8,7,0.8750,True,0.8750,False,False,1.2607
LoFTR_indoor,hand,11k_Hands_impostor_81,0000518,0001059,321,321,321,94,0.2928,False,0.2928,False,True,2.5256
ORB,hand,11k_Hands_impostor_81,0000518,0001059,157,370,8,0,,False,,False,True,
SIFT,hand,11k_Hands_impostor_81,0000518,0001059,60,134,1,0,,False,,False,True,
SuperGlue,hand,11k_Hands_impostor_81,0000518,0001059,228,223,41,15,0.3659,False,0.3659,False,True,2.4044
SGMNet_root_SGM,hand,11k_Hands_impostor_81,0000518,0001059,1233,1229,34,10,0.2941,False,0.2941,False,True,1.1938
ASpanFormer_indoor,hand,11k_Hands_impostor_81,0000518,0001059,297,297,297,147,0.4949,True,0.4949,False,False,2.1699
DeepDetect,hand,11k_Hands_impostor_81,0000518,0001059,12315,13375,53,0,,False,,False,True,
LoFTR_indoor,hand,11k_Hands_impostor_82,0001525,0001035,232,232,232,58,0.2500,False,0.2500,False,True,2.3066
ORB,hand,11k_Hands_impostor_82,0001525,0001035,212,453,10,6,0.6000,True,0.6000,False,False,1.7816
SIFT,hand,11k_Hands_impostor_82,0001525,0001035,89,115,10,0,,False,,False,True,
SuperGlue,hand,11k_Hands_impostor_82,0001525,0001035,147,188,5,5,1.0000,True,1.0000,False,False,1.1825
SGMNet_root_SGM,hand,11k_Hands_impostor_82,0001525,0001035,696,894,10,5,0.5000,True,0.5000,False,False,0.7275
ASpanFormer_indoor,hand,11k_Hands_impostor_82,0001525,0001035,65,65,65,38,0.5846,True,0.5846,False,False,1.3134
DeepDetect,hand,11k_Hands_impostor_82,0001525,0001035,8293,10155,16,0,,False,,False,True,
LoFTR_indoor,hand,11k_Hands_impostor_83,0001030,0000529,286,286,286,64,0.2238,False,0.2238,False,True,2.7825
ORB,hand,11k_Hands_impostor_83,0001030,0000529,254,131,18,0,,False,,False,True,
SIFT,hand,11k_Hands_impostor_83,0001030,0000529,100,53,8,5,0.6250,True,0.6250,False,False,0.0000
SuperGlue,hand,11k_Hands_impostor_83,0001030,0000529,245,180,32,14,0.4375,False,0.4375,False,True,2.2424
SGMNet_root_SGM,hand,11k_Hands_impostor_83,0001030,0000529,1210,1151,36,11,0.3056,False,0.3056,False,True,1.2378
ASpanFormer_indoor,hand,11k_Hands_impostor_83,0001030,0000529,125,125,125,48,0.3840,False,0.3840,False,True,1.7793
DeepDetect,hand,11k_Hands_impostor_83,0001030,0000529,11815,9352,49,29,0.5918,True,0.5918,False,False,0.7394
LoFTR_indoor,hand,11k_Hands_impostor_84,0000066,0001028,230,230,230,61,0.2652,False,0.2652,False,True,2.2446
ORB,hand,11k_Hands_impostor_84,0000066,0001028,194,456,11,0,,False,,False,True,
SIFT,hand,11k_Hands_impostor_84,0000066,0001028,107,171,4,0,,False,,False,True,
SuperGlue,hand,11k_Hands_impostor_84,0000066,0001028,234,227,3,0,,False,,False,True,
SGMNet_root_SGM,hand,11k_Hands_impostor_84,0000066,0001028,1377,1277,119,16,0.1345,False,0.1345,False,True,1.1998
ASpanFormer_indoor,hand,11k_Hands_impostor_84,0000066,0001028,117,117,117,37,0.3162,False,0.3162,False,True,2.2421
DeepDetect,hand,11k_Hands_impostor_84,0000066,0001028,10676,13021,40,27,0.6750,True,0.6750,False,False,1.6288
LoFTR_indoor,hand,11k_Hands_impostor_85,0000038,0001075,196,196,196,55,0.2806,False,0.2806,False,True,1.9538
ORB,hand,11k_Hands_impostor_85,0000038,0001075,305,403,8,0,,False,,False,True,
SIFT,hand,11k_Hands_impostor_85,0000038,0001075,102,153,6,0,,False,,False,True,
SuperGlue,hand,11k_Hands_impostor_85,0000038,0001075,201,241,1,0,,False,,False,True,
SGMNet_root_SGM,hand,11k_Hands_impostor_85,0000038,0001075,874,1243,14,0,,False,,False,True,
ASpanFormer_indoor,hand,11k_Hands_impostor_85,0000038,0001075,73,73,73,33,0.4521,True,0.4521,False,False,2.0117
DeepDetect,hand,11k_Hands_impostor_85,0000038,0001075,10565,12697,16,10,0.6250,True,0.6250,False,False,1.8843
LoFTR_indoor,hand,11k_Hands_impostor_86,0001573,0001546,149,149,149,35,0.2349,False,0.2349,False,True,2.0240
ORB,hand,11k_Hands_impostor_86,0001573,0001546,383,420,8,0,,False,,False,True,
SIFT,hand,11k_Hands_impostor_86,0001573,0001546,113,123,3,0,,False,,False,True,
SuperGlue,hand,11k_Hands_impostor_86,0001573,0001546,226,187,0,0,,False,,False,True,
SGMNet_root_SGM,hand,11k_Hands_impostor_86,0001573,0001546,841,856,45,11,0.2444,False,0.2444,False,True,1.1800
ASpanFormer_indoor,hand,11k_Hands_impostor_86,0001573,0001546,48,48,48,19,0.3958,False,0.3958,False,True,1.4608
DeepDetect,hand,11k_Hands_impostor_86,0001573,0001546,10061,9975,28,0,,False,,False,True,
LoFTR_indoor,hand,11k_Hands_impostor_87,0001075,3000000,264,264,264,142,0.5379,True,0.5379,False,False,2.1693
ORB,hand,11k_Hands_impostor_87,0001075,3000000,378,517,18,0,,False,,False,True,
SIFT,hand,11k_Hands_impostor_87,0001075,3000000,161,125,13,0,,False,,False,True,
SuperGlue,hand,11k_Hands_impostor_87,0001075,3000000,235,206,26,17,0.6538,True,0.6538,False,False,1.7772
SGMNet_root_SGM,hand,11k_Hands_impostor_87,0001075,3000000,1235,739,30,11,0.3667,False,0.3667,False,True,1.1681
ASpanFormer_indoor,hand,11k_Hands_impostor_87,0001075,3000000,135,135,135,89,0.6593,True,0.6593,False,False,1.9296
DeepDetect,hand,11k_Hands_impostor_87,0001075,3000000,11677,11219,23,0,,False,,False,True,
LoFTR_indoor,hand,11k_Hands_impostor_88,0001540,0000045,363,363,363,101,0.2782,False,0.2782,False,True,2.6204
ORB,hand,11k_Hands_impostor_88,0001540,0000045,291,221,12,0,,False,,False,True,
SIFT,hand,11k_Hands_impostor_88,0001540,0000045,82,81,5,0,,False,,False,True,
SuperGlue,hand,11k_Hands_impostor_88,0001540,0000045,243,219,77,20,0.2597,False,0.2597,False,True,2.2220
SGMNet_root_SGM,hand,11k_Hands_impostor_88,0001540,0000045,1480,1215,18,7,0.3889,False,0.3889,False,True,1.2809
ASpanFormer_indoor,hand,11k_Hands_impostor_88,0001540,0000045,256,256,256,93,0.3633,False,0.3633,False,True,2.6498
DeepDetect,hand,11k_Hands_impostor_88,0001540,0000045,12739,10579,94,58,0.6170,True,0.6170,False,False,1.4051
LoFTR_indoor,hand,11k_Hands_impostor_89,0001540,0001051,138,138,138,20,0.1449,False,0.1449,False,True,1.7045
ORB,hand,11k_Hands_impostor_89,0001540,0001051,377,347,13,0,,False,,False,True,
SIFT,hand,11k_Hands_impostor_89,0001540,0001051,108,127,6,0,,False,,False,True,
SuperGlue,hand,11k_Hands_impostor_89,0001540,0001051,234,195,0,0,,False,,False,True,
SGMNet_root_SGM,hand,11k_Hands_impostor_89,0001540,0001051,1056,1250,43,9,0.2093,False,0.2093,False,True,1.2274
ASpanFormer_indoor,hand,11k_Hands_impostor_89,0001540,0001051,39,39,39,15,0.3846,False,0.3846,False,True,2.0452
DeepDetect,hand,11k_Hands_impostor_89,0001540,0001051,15147,12347,23,11,0.4783,True,0.4783,False,False,1.2197
LoFTR_indoor,hand,11k_Hands_impostor_90,0000506,0000576,168,168,168,46,0.2738,False,0.2738,False,True,2.5293
ORB,hand,11k_Hands_impostor_90,0000506,0000576,207,410,14,0,,False,,False,True,
SIFT,hand,11k_Hands_impostor_90,0000506,0000576,77,108,3,0,,False,,False,True,
SuperGlue,hand,11k_Hands_impostor_90,0000506,0000576,236,149,3,0,,False,,False,True,
SGMNet_root_SGM,hand,11k_Hands_impostor_90,0000506,0000576,1421,589,5,0,,False,,False,True,
ASpanFormer_indoor,hand,11k_Hands_impostor_90,0000506,0000576,67,67,67,24,0.3582,False,0.3582,False,True,2.2801
DeepDetect,hand,11k_Hands_impostor_90,0000506,0000576,13258,8666,17,0,,False,,False,True,
LoFTR_indoor,hand,11k_Hands_impostor_91,0001513,0001039,296,296,296,108,0.3649,False,0.3649,False,True,2.0721
ORB,hand,11k_Hands_impostor_91,0001513,0001039,280,276,10,5,0.5000,True,0.5000,False,False,0.5948
SIFT,hand,11k_Hands_impostor_91,0001513,0001039,118,136,4,0,,False,,False,True,
SuperGlue,hand,11k_Hands_impostor_91,0001513,0001039,235,197,3,0,,False,,False,True,
SGMNet_root_SGM,hand,11k_Hands_impostor_91,0001513,0001039,1241,1240,38,11,0.2895,False,0.2895,False,True,0.9834
ASpanFormer_indoor,hand,11k_Hands_impostor_91,0001513,0001039,201,201,201,129,0.6418,True,0.6418,False,False,2.1391
DeepDetect,hand,11k_Hands_impostor_91,0001513,0001039,11798,10475,14,10,0.7143,True,0.7143,False,False,0.2965
LoFTR_indoor,hand,11k_Hands_impostor_92,0000086,0001080,169,169,169,82,0.4852,True,0.4852,False,False,2.1235
ORB,hand,11k_Hands_impostor_92,0000086,0001080,125,410,5,0,,False,,False,True,
SIFT,hand,11k_Hands_impostor_92,0000086,0001080,57,108,0,0,,False,,False,True,
SuperGlue,hand,11k_Hands_impostor_92,0000086,0001080,144,181,8,7,0.8750,True,0.8750,False,False,0.9572
SGMNet_root_SGM,hand,11k_Hands_impostor_92,0000086,0001080,659,959,19,8,0.4211,True,0.4211,False,False,0.7394
ASpanFormer_indoor,hand,11k_Hands_impostor_92,0000086,0001080,30,30,30,18,0.6000,True,0.6000,False,False,2.0658
DeepDetect,hand,11k_Hands_impostor_92,0000086,0001080,8335,10618,8,0,,False,,False,True,
LoFTR_indoor,hand,11k_Hands_impostor_93,0001544,4000000,258,258,258,98,0.3798,False,0.3798,False,True,2.8530
ORB,hand,11k_Hands_impostor_93,0001544,4000000,83,202,1,0,,False,,False,True,
SIFT,hand,11k_Hands_impostor_93,0001544,4000000,55,85,1,0,,False,,False,True,
SuperGlue,hand,11k_Hands_impostor_93,0001544,4000000,175,147,70,24,0.3429,False,0.3429,False,True,2.2476
SGMNet_root_SGM,hand,11k_Hands_impostor_93,0001544,4000000,803,765,117,32,0.2735,False,0.2735,False,True,1.5020
ASpanFormer_indoor,hand,11k_Hands_impostor_93,0001544,4000000,306,306,306,184,0.6013,True,0.6013,False,False,2.0158
DeepDetect,hand,11k_Hands_impostor_93,0001544,4000000,9692,9363,15,10,0.6667,True,0.6667,False,False,1.3819
LoFTR_indoor,hand,11k_Hands_impostor_94,0000065,0000552,201,201,201,76,0.3781,False,0.3781,False,True,1.9794
ORB,hand,11k_Hands_impostor_94,0000065,0000552,89,497,0,0,,False,,False,True,
SIFT,hand,11k_Hands_impostor_94,0000065,0000552,63,135,3,0,,False,,False,True,
SuperGlue,hand,11k_Hands_impostor_94,0000065,0000552,150,218,7,0,,False,,False,True,
SGMNet_root_SGM,hand,11k_Hands_impostor_94,0000065,0000552,444,751,23,0,,False,,False,True,
ASpanFormer_indoor,hand,11k_Hands_impostor_94,0000065,0000552,114,114,114,61,0.5351,True,0.5351,False,False,2.0762
DeepDetect,hand,11k_Hands_impostor_94,0000065,0000552,8485,11518,18,13,0.7222,True,0.7222,False,False,0.7291
LoFTR_indoor,hand,11k_Hands_impostor_95,0001533,0001531,212,212,212,86,0.4057,False,0.4057,False,True,2.7389
ORB,hand,11k_Hands_impostor_95,0001533,0001531,554,443,25,0,,False,,False,True,
SIFT,hand,11k_Hands_impostor_95,0001533,0001531,173,122,5,0,,False,,False,True,
SuperGlue,hand,11k_Hands_impostor_95,0001533,0001531,220,206,13,11,0.8462,True,0.8462,False,False,1.2012
SGMNet_root_SGM,hand,11k_Hands_impostor_95,0001533,0001531,939,1086,92,18,0.1957,False,0.1957,False,True,1.3121
ASpanFormer_indoor,hand,11k_Hands_impostor_95,0001533,0001531,119,119,119,64,0.5378,True,0.5378,False,False,2.1419
DeepDetect,hand,11k_Hands_impostor_95,0001533,0001531,12445,10228,25,17,0.6800,True,0.6800,False,False,1.4438
LoFTR_indoor,hand,11k_Hands_impostor_96,0000502,0001533,107,107,107,0,,False,,False,True,
ORB,hand,11k_Hands_impostor_96,0000502,0001533,382,306,15,0,,False,,False,True,
SIFT,hand,11k_Hands_impostor_96,0000502,0001533,119,138,0,0,,False,,False,True,
SuperGlue,hand,11k_Hands_impostor_96,0000502,0001533,138,263,0,0,,False,,False,True,
SGMNet_root_SGM,hand,11k_Hands_impostor_96,0000502,0001533,662,1105,17,8,0.4706,True,0.4706,False,False,0.8725
ASpanFormer_indoor,hand,11k_Hands_impostor_96,0000502,0001533,68,68,68,22,0.3235,False,0.3235,False,True,1.9135
DeepDetect,hand,11k_Hands_impostor_96,0000502,0001533,8227,13315,16,0,,False,,False,True,
LoFTR_indoor,hand,11k_Hands_impostor_97,0001525,0001536,349,349,349,96,0.2751,False,0.2751,False,True,2.6284
ORB,hand,11k_Hands_impostor_97,0001525,0001536,173,507,8,0,,False,,False,True,
SIFT,hand,11k_Hands_impostor_97,0001525,0001536,68,136,2,0,,False,,False,True,
SuperGlue,hand,11k_Hands_impostor_97,0001525,0001536,162,268,57,24,0.4211,False,0.4211,False,True,3.0209
SGMNet_root_SGM,hand,11k_Hands_impostor_97,0001525,0001536,739,962,42,12,0.2857,False,0.2857,False,True,1.2283
ASpanFormer_indoor,hand,11k_Hands_impostor_97,0001525,0001536,259,259,259,134,0.5174,True,0.5174,False,False,1.7534
DeepDetect,hand,11k_Hands_impostor_97,0001525,0001536,9413,12920,29,21,0.7241,True,0.7241,False,False,0.9149
LoFTR_indoor,hand,11k_Hands_impostor_98,0000594,0000570,125,125,125,41,0.3280,False,0.3280,False,True,2.7104
ORB,hand,11k_Hands_impostor_98,0000594,0000570,176,257,7,0,,False,,False,True,
SIFT,hand,11k_Hands_impostor_98,0000594,0000570,73,222,3,0,,False,,False,True,
SuperGlue,hand,11k_Hands_impostor_98,0000594,0000570,231,177,0,0,,False,,False,True,
SGMNet_root_SGM,hand,11k_Hands_impostor_98,0000594,0000570,1117,805,27,7,0.2593,False,0.2593,False,True,0.8398
ASpanFormer_indoor,hand,11k_Hands_impostor_98,0000594,0000570,120,120,120,35,0.2917,False,0.2917,False,True,2.4238
DeepDetect,hand,11k_Hands_impostor_98,0000594,0000570,12715,9217,27,0,,False,,False,True,
LoFTR_indoor,hand,11k_Hands_impostor_99,0000588,0000524,307,307,307,139,0.4528,True,0.4528,False,False,2.0885
ORB,hand,11k_Hands_impostor_99,0000588,0000524,449,468,15,0,,False,,False,True,
SIFT,hand,11k_Hands_impostor_99,0000588,0000524,125,148,4,0,,False,,False,True,
SuperGlue,hand,11k_Hands_impostor_99,0000588,0000524,191,180,36,21,0.5833,True,0.5833,False,False,2.4090
SGMNet_root_SGM,hand,11k_Hands_impostor_99,0000588,0000524,976,849,58,15,0.2586,False,0.2586,False,True,1.6877
ASpanFormer_indoor,hand,11k_Hands_impostor_99,0000588,0000524,174,174,174,111,0.6379,True,0.6379,False,False,2.4707
DeepDetect,hand,11k_Hands_impostor_99,0000588,0000524,10464,10065,73,45,0.6164,True,0.6164,False,False,1.3217
LoFTR_indoor,hand,11k_Hands_impostor_100,0000518,0000541,474,474,474,160,0.3376,False,0.3376,False,True,2.5844
ORB,hand,11k_Hands_impostor_100,0000518,0000541,178,232,9,0,,False,,False,True,
SIFT,hand,11k_Hands_impostor_100,0000518,0000541,74,71,8,5,0.6250,True,0.6250,False,False,0.0000
SuperGlue,hand,11k_Hands_impostor_100,0000518,0000541,214,209,45,19,0.4222,False,0.4222,False,True,2.7392
SGMNet_root_SGM,hand,11k_Hands_impostor_100,0000518,0000541,1135,1255,171,26,0.1520,False,0.1520,False,True,1.6349
ASpanFormer_indoor,hand,11k_Hands_impostor_100,0000518,0000541,382,382,382,190,0.4974,True,0.4974,False,False,2.4744
DeepDetect,hand,11k_Hands_impostor_100,0000518,0000541,9997,11203,60,25,0.4167,True,0.4167,False,False,3.4437
LoFTR_indoor,hand,11k_Hands_impostor_101,0000532,0001014,257,257,257,64,0.2490,False,0.2490,False,True,2.7543
ORB,hand,11k_Hands_impostor_101,0000532,0001014,216,428,8,0,,False,,False,True,
SIFT,hand,11k_Hands_impostor_101,0000532,0001014,97,132,3,0,,False,,False,True,
SuperGlue,hand,11k_Hands_impostor_101,0000532,0001014,172,204,0,0,,False,,False,True,
SGMNet_root_SGM,hand,11k_Hands_impostor_101,0000532,0001014,1066,787,28,8,0.2857,False,0.2857,False,True,0.6527
ASpanFormer_indoor,hand,11k_Hands_impostor_101,0000532,0001014,153,153,153,74,0.4837,True,0.4837,False,False,2.5410
DeepDetect,hand,11k_Hands_impostor_101,0000532,0001014,8509,11915,17,0,,False,,False,True,
LoFTR_indoor,hand,11k_Hands_impostor_102,0000093,0001013,290,290,290,76,0.2621,False,0.2621,False,True,2.2832
ORB,hand,11k_Hands_impostor_102,0000093,0001013,445,586,9,0,,False,,False,True,
SIFT,hand,11k_Hands_impostor_102,0000093,0001013,116,150,3,0,,False,,False,True,
SuperGlue,hand,11k_Hands_impostor_102,0000093,0001013,183,169,12,0,,False,,False,True,
SGMNet_root_SGM,hand,11k_Hands_impostor_102,0000093,0001013,849,874,57,12,0.2105,False,0.2105,False,True,1.6355
ASpanFormer_indoor,hand,11k_Hands_impostor_102,0000093,0001013,160,160,160,80,0.5000,True,0.5000,False,False,2.3809
DeepDetect,hand,11k_Hands_impostor_102,0000093,0001013,9569,9832,12,7,0.5833,True,0.5833,False,False,0.4856
LoFTR_indoor,hand,11k_Hands_impostor_103,0001029,0001002,250,250,250,48,0.1920,False,0.1920,False,True,2.2349
ORB,hand,11k_Hands_impostor_103,0001029,0001002,507,211,29,0,,False,,False,True,
SIFT,hand,11k_Hands_impostor_103,0001029,0001002,146,93,7,0,,False,,False,True,
SuperGlue,hand,11k_Hands_impostor_103,0001029,0001002,198,240,7,5,0.7143,True,0.7143,False,False,0.9130
SGMNet_root_SGM,hand,11k_Hands_impostor_103,0001029,0001002,1123,1006,26,10,0.3846,False,0.3846,False,True,1.1254
ASpanFormer_indoor,hand,11k_Hands_impostor_103,0001029,0001002,131,131,131,59,0.4504,True,0.4504,False,False,1.8990
DeepDetect,hand,11k_Hands_impostor_103,0001029,0001002,12028,11959,15,7,0.4667,True,0.4667,False,False,0.5251
LoFTR_indoor,hand,11k_Hands_impostor_104,0001020,0000053,90,90,90,25,0.2778,False,0.2778,False,True,1.9308
ORB,hand,11k_Hands_impostor_104,0001020,0000053,463,167,26,12,0.4615,True,0.4615,False,False,1.4249
SIFT,hand,11k_Hands_impostor_104,0001020,0000053,105,75,6,0,,False,,False,True,
SuperGlue,hand,11k_Hands_impostor_104,0001020,0000053,345,182,59,27,0.4576,True,0.4576,False,False,2.3550
SGMNet_root_SGM,hand,11k_Hands_impostor_104,0001020,0000053,935,729,18,7,0.3889,False,0.3889,False,True,0.8374
ASpanFormer_indoor,hand,11k_Hands_impostor_104,0001020,0000053,74,74,74,42,0.5676,True,0.5676,False,False,2.0684
DeepDetect,hand,11k_Hands_impostor_104,0001020,0000053,19273,10775,91,0,,False,,False,True,
LoFTR_indoor,hand,11k_Hands_impostor_105,0000053,0001573,224,224,224,39,0.1741,False,0.1741,False,True,1.9755
ORB,hand,11k_Hands_impostor_105,0000053,0001573,145,361,6,0,,False,,False,True,
SIFT,hand,11k_Hands_impostor_105,0000053,0001573,89,98,3,0,,False,,False,True,
SuperGlue,hand,11k_Hands_impostor_105,0000053,0001573,234,153,3,0,,False,,False,True,
SGMNet_root_SGM,hand,11k_Hands_impostor_105,0000053,0001573,1118,1100,103,14,0.1359,False,0.1359,False,True,1.2421
ASpanFormer_indoor,hand,11k_Hands_impostor_105,0000053,0001573,31,31,31,15,0.4839,True,0.4839,False,False,1.6551
DeepDetect,hand,11k_Hands_impostor_105,0000053,0001573,13889,10154,31,18,0.5806,True,0.5806,False,False,2.0410
LoFTR_indoor,hand,11k_Hands_impostor_106,0001555,0001589,207,207,207,57,0.2754,False,0.2754,False,True,2.6030
ORB,hand,11k_Hands_impostor_106,0001555,0001589,296,216,11,0,,False,,False,True,
SIFT,hand,11k_Hands_impostor_106,0001555,0001589,128,109,5,0,,False,,False,True,
SuperGlue,hand,11k_Hands_impostor_106,0001555,0001589,250,230,18,10,0.5556,True,0.5556,False,False,1.6986
SGMNet_root_SGM,hand,11k_Hands_impostor_106,0001555,0001589,1454,1018,38,14,0.3684,False,0.3684,False,True,0.9733
ASpanFormer_indoor,hand,11k_Hands_impostor_106,0001555,0001589,106,106,106,53,0.5000,True,0.5000,False,False,2.0757
DeepDetect,hand,11k_Hands_impostor_106,0001555,0001589,11969,11256,28,17,0.6071,True,0.6071,False,False,0.4052
LoFTR_indoor,hand,11k_Hands_impostor_107,0000595,2000000,122,122,122,22,0.1803,False,0.1803,False,True,2.4283
ORB,hand,11k_Hands_impostor_107,0000595,2000000,401,215,14,0,,False,,False,True,
SIFT,hand,11k_Hands_impostor_107,0000595,2000000,191,111,13,0,,False,,False,True,
SuperGlue,hand,11k_Hands_impostor_107,0000595,2000000,233,226,0,0,,False,,False,True,
SGMNet_root_SGM,hand,11k_Hands_impostor_107,0000595,2000000,1229,904,17,6,0.3529,False,0.3529,False,True,0.7758
ASpanFormer_indoor,hand,11k_Hands_impostor_107,0000595,2000000,109,109,109,33,0.3028,False,0.3028,False,True,2.3787
DeepDetect,hand,11k_Hands_impostor_107,0000595,2000000,14134,12735,15,0,,False,,False,True,
LoFTR_indoor,hand,11k_Hands_impostor_108,4000000,0000546,459,459,459,175,0.3813,False,0.3813,False,True,2.7116
ORB,hand,11k_Hands_impostor_108,4000000,0000546,192,350,10,0,,False,,False,True,
SIFT,hand,11k_Hands_impostor_108,4000000,0000546,71,93,10,0,,False,,False,True,
SuperGlue,hand,11k_Hands_impostor_108,4000000,0000546,158,156,34,16,0.4706,True,0.4706,False,False,2.2633
SGMNet_root_SGM,hand,11k_Hands_impostor_108,4000000,0000546,856,675,28,7,0.2500,False,0.2500,False,True,0.1211
ASpanFormer_indoor,hand,11k_Hands_impostor_108,4000000,0000546,397,397,397,218,0.5491,True,0.5491,False,False,1.9564
DeepDetect,hand,11k_Hands_impostor_108,4000000,0000546,8981,10609,14,12,0.8571,True,0.8571,False,False,0.7764
LoFTR_indoor,hand,11k_Hands_impostor_109,0001520,0001018,598,598,598,271,0.4532,True,0.4532,False,False,2.4408
ORB,hand,11k_Hands_impostor_109,0001520,0001018,167,525,8,0,,False,,False,True,
SIFT,hand,11k_Hands_impostor_109,0001520,0001018,63,121,2,0,,False,,False,True,
SuperGlue,hand,11k_Hands_impostor_109,0001520,0001018,206,190,124,55,0.4435,False,0.4435,False,True,2.8629
SGMNet_root_SGM,hand,11k_Hands_impostor_109,0001520,0001018,952,829,65,16,0.2462,False,0.2462,False,True,1.1325
ASpanFormer_indoor,hand,11k_Hands_impostor_109,0001520,0001018,825,825,825,486,0.5891,True,0.5891,False,False,2.3857
DeepDetect,hand,11k_Hands_impostor_109,0001520,0001018,10364,11670,11,8,0.7273,True,0.7273,False,False,1.5096
LoFTR_indoor,hand,11k_Hands_impostor_110,0000038,0001571,110,110,110,15,0.1364,False,0.1364,False,True,2.0260
ORB,hand,11k_Hands_impostor_110,0000038,0001571,681,320,19,0,,False,,False,True,
SIFT,hand,11k_Hands_impostor_110,0000038,0001571,243,100,15,0,,False,,False,True,
SuperGlue,hand,11k_Hands_impostor_110,0000038,0001571,257,187,0,0,,False,,False,True,
SGMNet_root_SGM,hand,11k_Hands_impostor_110,0000038,0001571,1443,842,30,0,,False,,False,True,
ASpanFormer_indoor,hand,11k_Hands_impostor_110,0000038,0001571,76,76,76,28,0.3684,False,0.3684,False,True,1.8808
DeepDetect,hand,11k_Hands_impostor_110,0000038,0001571,13266,9316,3,0,,False,,False,True,
LoFTR_indoor,hand,11k_Hands_impostor_111,0001074,0001019,478,478,478,208,0.4351,False,0.4351,False,True,2.3090
ORB,hand,11k_Hands_impostor_111,0001074,0001019,194,391,18,0,,False,,False,True,
SIFT,hand,11k_Hands_impostor_111,0001074,0001019,76,78,9,0,,False,,False,True,
SuperGlue,hand,11k_Hands_impostor_111,0001074,0001019,150,172,41,18,0.4390,False,0.4390,False,True,2.1281
SGMNet_root_SGM,hand,11k_Hands_impostor_111,0001074,0001019,676,646,79,24,0.3038,False,0.3038,False,True,1.4842
ASpanFormer_indoor,hand,11k_Hands_impostor_111,0001074,0001019,635,635,635,422,0.6646,True,0.6646,False,False,2.4990
DeepDetect,hand,11k_Hands_impostor_111,0001074,0001019,8605,9838,34,0,,False,,False,True,
LoFTR_indoor,hand,11k_Hands_impostor_112,0000532,0001541,221,221,221,57,0.2579,False,0.2579,False,True,1.7782
ORB,hand,11k_Hands_impostor_112,0000532,0001541,547,394,44,13,0.2955,False,0.2955,False,True,1.5028
SIFT,hand,11k_Hands_impostor_112,0000532,0001541,132,108,4,0,,False,,False,True,
SuperGlue,hand,11k_Hands_impostor_112,0000532,0001541,182,202,76,27,0.3553,False,0.3553,False,True,2.2746
SGMNet_root_SGM,hand,11k_Hands_impostor_112,0000532,0001541,677,907,37,12,0.3243,False,0.3243,False,True,1.0360
ASpanFormer_indoor,hand,11k_Hands_impostor_112,0000532,0001541,192,192,192,145,0.7552,True,0.7552,False,False,1.8329
DeepDetect,hand,11k_Hands_impostor_112,0000532,0001541,9059,10897,45,37,0.8222,True,0.8222,False,False,0.1301
LoFTR_indoor,hand,11k_Hands_impostor_113,0000057,0000505,185,185,185,42,0.2270,False,0.2270,False,True,1.9671
ORB,hand,11k_Hands_impostor_113,0000057,0000505,244,195,13,0,,False,,False,True,
SIFT,hand,11k_Hands_impostor_113,0000057,0000505,92,98,4,0,,False,,False,True,
SuperGlue,hand,11k_Hands_impostor_113,0000057,0000505,175,173,0,0,,False,,False,True,
SGMNet_root_SGM,hand,11k_Hands_impostor_113,0000057,0000505,1169,1021,21,9,0.4286,True,0.4286,False,False,0.7558
ASpanFormer_indoor,hand,11k_Hands_impostor_113,0000057,0000505,55,55,55,17,0.3091,False,0.3091,False,True,1.6892
DeepDetect,hand,11k_Hands_impostor_113,0000057,0000505,8739,9311,21,14,0.6667,True,0.6667,False,False,0.9709
LoFTR_indoor,hand,11k_Hands_impostor_114,0001532,0001562,268,268,268,72,0.2687,False,0.2687,False,True,2.7711
ORB,hand,11k_Hands_impostor_114,0001532,0001562,234,177,7,0,,False,,False,True,
SIFT,hand,11k_Hands_impostor_114,0001532,0001562,90,60,9,0,,False,,False,True,
SuperGlue,hand,11k_Hands_impostor_114,0001532,0001562,183,174,11,6,0.5455,True,0.5455,False,False,1.5914
SGMNet_root_SGM,hand,11k_Hands_impostor_114,0001532,0001562,930,779,36,10,0.2778,False,0.2778,False,True,1.2813
ASpanFormer_indoor,hand,11k_Hands_impostor_114,0001532,0001562,137,137,137,71,0.5182,True,0.5182,False,False,2.2056
DeepDetect,hand,11k_Hands_impostor_114,0001532,0001562,9405,11411,12,8,0.6667,True,0.6667,False,False,0.3733
LoFTR_indoor,hand,11k_Hands_impostor_115,0001517,0000019,327,327,327,46,0.1407,False,0.1407,False,True,2.5850
ORB,hand,11k_Hands_impostor_115,0001517,0000019,161,324,6,0,,False,,False,True,
SIFT,hand,11k_Hands_impostor_115,0001517,0000019,82,181,7,0,,False,,False,True,
SuperGlue,hand,11k_Hands_impostor_115,0001517,0000019,287,314,3,0,,False,,False,True,
SGMNet_root_SGM,hand,11k_Hands_impostor_115,0001517,0000019,1540,1796,90,13,0.1444,False,0.1444,False,True,1.1649
ASpanFormer_indoor,hand,11k_Hands_impostor_115,0001517,0000019,323,323,323,77,0.2384,False,0.2384,False,True,3.0544
DeepDetect,hand,11k_Hands_impostor_115,0001517,0000019,14751,17929,66,37,0.5606,True,0.5606,False,False,1.6553
LoFTR_indoor,hand,11k_Hands_impostor_116,0000028,0000063,250,250,250,71,0.2840,False,0.2840,False,True,2.3037
ORB,hand,11k_Hands_impostor_116,0000028,0000063,219,268,10,7,0.7000,True,0.7000,False,False,0.4856
SIFT,hand,11k_Hands_impostor_116,0000028,0000063,121,83,6,4,0.6667,True,0.6667,False,False,0.0000
SuperGlue,hand,11k_Hands_impostor_116,0000028,0000063,200,181,63,20,0.3175,False,0.3175,False,True,1.8416
SGMNet_root_SGM,hand,11k_Hands_impostor_116,0000028,0000063,1468,814,24,7,0.2917,False,0.2917,False,True,0.7861
ASpanFormer_indoor,hand,11k_Hands_impostor_116,0000028,0000063,138,138,138,71,0.5145,True,0.5145,False,False,2.3191
DeepDetect,hand,11k_Hands_impostor_116,0000028,0000063,12823,10553,6,0,,False,,False,True,
LoFTR_indoor,hand,11k_Hands_impostor_117,0000572,0001009,153,153,153,32,0.2092,False,0.2092,False,True,1.7917
ORB,hand,11k_Hands_impostor_117,0000572,0001009,146,259,1,0,,False,,False,True,
SIFT,hand,11k_Hands_impostor_117,0000572,0001009,72,88,1,0,,False,,False,True,
SuperGlue,hand,11k_Hands_impostor_117,0000572,0001009,200,197,0,0,,False,,False,True,
SGMNet_root_SGM,hand,11k_Hands_impostor_117,0000572,0001009,1134,1320,51,10,0.1961,False,0.1961,False,True,1.4804
ASpanFormer_indoor,hand,11k_Hands_impostor_117,0000572,0001009,70,70,70,21,0.3000,False,0.3000,False,True,2.3661
DeepDetect,hand,11k_Hands_impostor_117,0000572,0001009,11246,10657,46,0,,False,,False,True,
LoFTR_indoor,hand,11k_Hands_impostor_118,0000019,0001509,282,282,282,103,0.3652,False,0.3652,False,True,2.7732
ORB,hand,11k_Hands_impostor_118,0000019,0001509,481,485,16,8,0.5000,True,0.5000,False,False,0.6223
SIFT,hand,11k_Hands_impostor_118,0000019,0001509,188,193,5,0,,False,,False,True,
SuperGlue,hand,11k_Hands_impostor_118,0000019,0001509,272,189,12,0,,False,,False,True,
SGMNet_root_SGM,hand,11k_Hands_impostor_118,0000019,0001509,1483,984,47,21,0.4468,True,0.4468,False,False,1.6716
ASpanFormer_indoor,hand,11k_Hands_impostor_118,0000019,0001509,106,106,106,70,0.6604,True,0.6604,False,False,2.3110
DeepDetect,hand,11k_Hands_impostor_118,0000019,0001509,12963,9857,14,10,0.7143,True,0.7143,False,False,2.1593
LoFTR_indoor,hand,11k_Hands_impostor_119,0000596,0001571,190,190,190,45,0.2368,False,0.2368,False,True,2.7489
ORB,hand,11k_Hands_impostor_119,0000596,0001571,305,366,8,4,0.5000,True,0.5000,False,False,0.0000
SIFT,hand,11k_Hands_impostor_119,0000596,0001571,127,69,10,0,,False,,False,True,
SuperGlue,hand,11k_Hands_impostor_119,0000596,0001571,237,145,15,8,0.5333,True,0.5333,False,False,1.6886
SGMNet_root_SGM,hand,11k_Hands_impostor_119,0000596,0001571,1077,556,3,0,,False,,False,True,
ASpanFormer_indoor,hand,11k_Hands_impostor_119,0000596,0001571,62,62,62,23,0.3710,False,0.3710,False,True,2.0296
DeepDetect,hand,11k_Hands_impostor_119,0000596,0001571,12055,9301,4,0,,False,,False,True,
LoFTR_indoor,hand,11k_Hands_impostor_120,0000053,0000502,349,349,349,105,0.3009,False,0.3009,False,True,2.4469
ORB,hand,11k_Hands_impostor_120,0000053,0000502,163,324,12,0,,False,,False,True,
SIFT,hand,11k_Hands_impostor_120,0000053,0000502,85,83,2,0,,False,,False,True,
SuperGlue,hand,11k_Hands_impostor_120,0000053,0000502,250,179,8,5,0.6250,True,0.6250,False,False,1.0409
SGMNet_root_SGM,hand,11k_Hands_impostor_120,0000053,0000502,1365,713,8,6,0.7500,True,0.7500,False,False,0.3093
ASpanFormer_indoor,hand,11k_Hands_impostor_120,0000053,0000502,216,216,216,89,0.4120,True,0.4120,False,False,2.1179
DeepDetect,hand,11k_Hands_impostor_120,0000053,0000502,13715,9687,35,19,0.5429,True,0.5429,False,False,0.6466
LoFTR_indoor,hand,11k_Hands_impostor_121,4000000,1100000,268,268,268,38,0.1418,False,0.1418,False,True,2.6572
ORB,hand,11k_Hands_impostor_121,4000000,1100000,419,185,17,0,,False,,False,True,
SIFT,hand,11k_Hands_impostor_121,4000000,1100000,88,112,3,0,,False,,False,True,
SuperGlue,hand,11k_Hands_impostor_121,4000000,1100000,171,241,4,4,1.0000,True,1.0000,False,False,0.0000
SGMNet_root_SGM,hand,11k_Hands_impostor_121,4000000,1100000,625,1486,12,5,0.4167,True,0.4167,False,False,0.1635
ASpanFormer_indoor,hand,11k_Hands_impostor_121,4000000,1100000,115,115,115,45,0.3913,False,0.3913,False,True,2.1771
DeepDetect,hand,11k_Hands_impostor_121,4000000,1100000,10290,12617,65,30,0.4615,True,0.4615,False,False,1.6962
LoFTR_indoor,hand,11k_Hands_impostor_122,0000576,0001587,559,559,559,273,0.4884,True,0.4884,False,False,2.6384
ORB,hand,11k_Hands_impostor_122,0000576,0001587,308,206,16,0,,False,,False,True,
SIFT,hand,11k_Hands_impostor_122,0000576,0001587,108,108,12,0,,False,,False,True,
SuperGlue,hand,11k_Hands_impostor_122,0000576,0001587,192,174,64,29,0.4531,True,0.4531,False,False,2.5719
SGMNet_root_SGM,hand,11k_Hands_impostor_122,0000576,0001587,902,1513,59,13,0.2203,False,0.2203,False,True,1.2290
ASpanFormer_indoor,hand,11k_Hands_impostor_122,0000576,0001587,407,407,407,242,0.5946,True,0.5946,False,False,2.6460
DeepDetect,hand,11k_Hands_impostor_122,0000576,0001587,10018,11267,103,60,0.5825,True,0.5825,False,False,2.2680
LoFTR_indoor,hand,11k_Hands_impostor_123,2000000,0000012,315,315,315,105,0.3333,False,0.3333,False,True,2.2779
ORB,hand,11k_Hands_impostor_123,2000000,0000012,361,340,24,0,,False,,False,True,
SIFT,hand,11k_Hands_impostor_123,2000000,0000012,165,120,4,4,1.0000,True,1.0000,False,False,0.0000
SuperGlue,hand,11k_Hands_impostor_123,2000000,0000012,350,199,19,11,0.5789,True,0.5789,False,False,1.6417
SGMNet_root_SGM,hand,11k_Hands_impostor_123,2000000,0000012,923,849,46,12,0.2609,False,0.2609,False,True,1.1956
ASpanFormer_indoor,hand,11k_Hands_impostor_123,2000000,0000012,441,441,441,228,0.5170,True,0.5170,False,False,2.6981
DeepDetect,hand,11k_Hands_impostor_123,2000000,0000012,14630,10612,34,0,,False,,False,True,
LoFTR_indoor,hand,11k_Hands_impostor_124,8000000,0001589,158,158,158,32,0.2025,False,0.2025,False,True,1.5319
ORB,hand,11k_Hands_impostor_124,8000000,0001589,608,144,26,0,,False,,False,True,
SIFT,hand,11k_Hands_impostor_124,8000000,0001589,168,77,3,0,,False,,False,True,
SuperGlue,hand,11k_Hands_impostor_124,8000000,0001589,222,214,7,5,0.7143,True,0.7143,False,False,0.7150
SGMNet_root_SGM,hand,11k_Hands_impostor_124,8000000,0001589,1165,1109,43,12,0.2791,False,0.2791,False,True,1.3760
ASpanFormer_indoor,hand,11k_Hands_impostor_124,8000000,0001589,94,94,94,34,0.3617,False,0.3617,False,True,1.8562
DeepDetect,hand,11k_Hands_impostor_124,8000000,0001589,12971,10020,15,0,,False,,False,True,
LoFTR_indoor,hand,11k_Hands_impostor_125,0001070,1200000,141,141,141,27,0.1915,False,0.1915,False,True,1.8615
ORB,hand,11k_Hands_impostor_125,0001070,1200000,285,336,18,0,,False,,False,True,
SIFT,hand,11k_Hands_impostor_125,0001070,1200000,63,126,1,0,,False,,False,True,
SuperGlue,hand,11k_Hands_impostor_125,0001070,1200000,190,306,0,0,,False,,False,True,
SGMNet_root_SGM,hand,11k_Hands_impostor_125,0001070,1200000,715,1739,23,0,,False,,False,True,
ASpanFormer_indoor,hand,11k_Hands_impostor_125,0001070,1200000,54,54,54,20,0.3704,False,0.3704,False,True,1.6634
DeepDetect,hand,11k_Hands_impostor_125,0001070,1200000,9773,13188,20,0,,False,,False,True,
LoFTR_indoor,hand,11k_Hands_impostor_126,0000518,0000004,244,244,244,31,0.1270,False,0.1270,False,True,2.6551
ORB,hand,11k_Hands_impostor_126,0000518,0000004,158,264,6,0,,False,,False,True,
SIFT,hand,11k_Hands_impostor_126,0000518,0000004,73,100,2,0,,False,,False,True,
SuperGlue,hand,11k_Hands_impostor_126,0000518,0000004,216,267,96,30,0.3125,False,0.3125,False,True,2.8877
SGMNet_root_SGM,hand,11k_Hands_impostor_126,0000518,0000004,1384,1278,160,27,0.1688,False,0.1688,False,True,1.6672
ASpanFormer_indoor,hand,11k_Hands_impostor_126,0000518,0000004,200,200,200,67,0.3350,False,0.3350,False,True,2.8403
DeepDetect,hand,11k_Hands_impostor_126,0000518,0000004,12033,15300,25,16,0.6400,True,0.6400,False,False,1.1622
LoFTR_indoor,hand,11k_Hands_impostor_127,0000504,0000532,234,234,234,73,0.3120,False,0.3120,False,True,2.7588
ORB,hand,11k_Hands_impostor_127,0000504,0000532,339,554,13,7,0.5385,True,0.5385,False,False,0.8215
SIFT,hand,11k_Hands_impostor_127,0000504,0000532,146,129,5,0,,False,,False,True,
SuperGlue,hand,11k_Hands_impostor_127,0000504,0000532,247,184,0,0,,False,,False,True,
SGMNet_root_SGM,hand,11k_Hands_impostor_127,0000504,0000532,1163,636,31,14,0.4516,True,0.4516,False,False,1.4482
ASpanFormer_indoor,hand,11k_Hands_impostor_127,0000504,0000532,183,183,183,107,0.5847,True,0.5847,False,False,2.5408
DeepDetect,hand,11k_Hands_impostor_127,0000504,0000532,12780,9346,15,9,0.6000,True,0.6000,False,False,2.4561
LoFTR_indoor,hand,11k_Hands_impostor_128,0000000,0000587,161,161,161,36,0.2236,False,0.2236,False,True,1.8215
ORB,hand,11k_Hands_impostor_128,0000000,0000587,326,404,13,0,,False,,False,True,
SIFT,hand,11k_Hands_impostor_128,0000000,0000587,116,106,5,0,,False,,False,True,
SuperGlue,hand,11k_Hands_impostor_128,0000000,0000587,216,270,4,0,,False,,False,True,
SGMNet_root_SGM,hand,11k_Hands_impostor_128,0000000,0000587,1106,1394,57,11,0.1930,False,0.1930,False,True,1.0836
ASpanFormer_indoor,hand,11k_Hands_impostor_128,0000000,0000587,91,91,91,35,0.3846,False,0.3846,False,True,1.7447
DeepDetect,hand,11k_Hands_impostor_128,0000000,0000587,12664,14810,26,0,,False,,False,True,
LoFTR_indoor,hand,11k_Hands_impostor_129,0001532,0001541,233,233,233,66,0.2833,False,0.2833,False,True,2.2069
ORB,hand,11k_Hands_impostor_129,0001532,0001541,366,349,16,0,,False,,False,True,
SIFT,hand,11k_Hands_impostor_129,0001532,0001541,106,93,3,0,,False,,False,True,
SuperGlue,hand,11k_Hands_impostor_129,0001532,0001541,166,183,14,6,0.4286,False,0.4286,False,True,1.0471
SGMNet_root_SGM,hand,11k_Hands_impostor_129,0001532,0001541,694,848,21,9,0.4286,True,0.4286,False,False,0.9083
ASpanFormer_indoor,hand,11k_Hands_impostor_129,0001532,0001541,128,128,128,54,0.4219,True,0.4219,False,False,2.6231
DeepDetect,hand,11k_Hands_impostor_129,0001532,0001541,9670,11328,13,10,0.7692,True,0.7692,False,False,1.0231
LoFTR_indoor,hand,11k_Hands_impostor_130,0001026,0001011,333,333,333,125,0.3754,False,0.3754,False,True,2.7699
ORB,hand,11k_Hands_impostor_130,0001026,0001011,306,464,31,11,0.3548,False,0.3548,False,True,2.0495
SIFT,hand,11k_Hands_impostor_130,0001026,0001011,76,92,4,0,,False,,False,True,
SuperGlue,hand,11k_Hands_impostor_130,0001026,0001011,162,230,68,26,0.3824,False,0.3824,False,True,2.3140
SGMNet_root_SGM,hand,11k_Hands_impostor_130,0001026,0001011,870,913,55,17,0.3091,False,0.3091,False,True,1.5309
ASpanFormer_indoor,hand,11k_Hands_impostor_130,0001026,0001011,277,277,277,159,0.5740,True,0.5740,False,False,2.4361
DeepDetect,hand,11k_Hands_impostor_130,0001026,0001011,9941,10583,36,25,0.6944,True,0.6944,False,False,1.0535
LoFTR_indoor,hand,11k_Hands_impostor_131,0000572,0001089,323,323,323,84,0.2601,False,0.2601,False,True,2.7228
ORB,hand,11k_Hands_impostor_131,0000572,0001089,123,181,11,0,,False,,False,True,
SIFT,hand,11k_Hands_impostor_131,0000572,0001089,69,66,4,0,,False,,False,True,
SuperGlue,hand,11k_Hands_impostor_131,0000572,0001089,212,251,27,15,0.5556,True,0.5556,False,False,2.4712
SGMNet_root_SGM,hand,11k_Hands_impostor_131,0000572,0001089,1050,1090,58,8,0.1379,False,0.1379,False,True,1.0806
ASpanFormer_indoor,hand,11k_Hands_impostor_131,0000572,0001089,212,212,212,86,0.4057,True,0.4057,False,False,2.2737
DeepDetect,hand,11k_Hands_impostor_131,0000572,0001089,11382,11492,24,16,0.6667,True,0.6667,False,False,2.0676
LoFTR_indoor,hand,11k_Hands_impostor_132,1200000,2000000,80,80,80,22,0.2750,False,0.2750,False,True,2.3484
ORB,hand,11k_Hands_impostor_132,1200000,2000000,286,716,14,0,,False,,False,True,
SIFT,hand,11k_Hands_impostor_132,1200000,2000000,130,306,4,0,,False,,False,True,
SuperGlue,hand,11k_Hands_impostor_132,1200000,2000000,312,251,2,0,,False,,False,True,
SGMNet_root_SGM,hand,11k_Hands_impostor_132,1200000,2000000,1717,1035,36,0,,False,,False,True,
ASpanFormer_indoor,hand,11k_Hands_impostor_132,1200000,2000000,72,72,72,22,0.3056,False,0.3056,False,True,2.2710
DeepDetect,hand,11k_Hands_impostor_132,1200000,2000000,13565,14965,40,0,,False,,False,True,
LoFTR_indoor,hand,11k_Hands_impostor_133,0000028,0000581,203,203,203,48,0.2365,False,0.2365,False,True,2.1062
ORB,hand,11k_Hands_impostor_133,0000028,0000581,87,327,4,0,,False,,False,True,
SIFT,hand,11k_Hands_impostor_133,0000028,0000581,46,140,3,0,,False,,False,True,
SuperGlue,hand,11k_Hands_impostor_133,0000028,0000581,203,206,0,0,,False,,False,True,
SGMNet_root_SGM,hand,11k_Hands_impostor_133,0000028,0000581,992,1073,21,6,0.2857,False,0.2857,False,True,0.8818
ASpanFormer_indoor,hand,11k_Hands_impostor_133,0000028,0000581,118,118,118,37,0.3136,False,0.3136,False,True,1.7637
DeepDetect,hand,11k_Hands_impostor_133,0000028,0000581,12521,9574,59,33,0.5593,True,0.5593,False,False,2.5271
LoFTR_indoor,hand,11k_Hands_impostor_134,0001509,0001549,313,313,313,86,0.2748,False,0.2748,False,True,2.4194
ORB,hand,11k_Hands_impostor_134,0001509,0001549,224,393,9,0,,False,,False,True,
SIFT,hand,11k_Hands_impostor_134,0001509,0001549,135,107,3,0,,False,,False,True,
SuperGlue,hand,11k_Hands_impostor_134,0001509,0001549,276,162,70,28,0.4000,False,0.4000,False,True,2.2123
SGMNet_root_SGM,hand,11k_Hands_impostor_134,0001509,0001549,1282,838,66,18,0.2727,False,0.2727,False,True,1.3446
ASpanFormer_indoor,hand,11k_Hands_impostor_134,0001509,0001549,263,263,263,89,0.3384,False,0.3384,False,True,2.0068
DeepDetect,hand,11k_Hands_impostor_134,0001509,0001549,12370,10325,14,11,0.7857,True,0.7857,False,False,2.3605
LoFTR_indoor,hand,11k_Hands_impostor_135,0000011,0001506,396,396,396,102,0.2576,False,0.2576,False,True,2.5091
ORB,hand,11k_Hands_impostor_135,0000011,0001506,493,313,27,0,,False,,False,True,
SIFT,hand,11k_Hands_impostor_135,0000011,0001506,135,114,7,0,,False,,False,True,
SuperGlue,hand,11k_Hands_impostor_135,0000011,0001506,226,213,73,22,0.3014,False,0.3014,False,True,2.0964
SGMNet_root_SGM,hand,11k_Hands_impostor_135,0000011,0001506,837,1264,33,13,0.3939,False,0.3939,False,True,1.3573
ASpanFormer_indoor,hand,11k_Hands_impostor_135,0000011,0001506,428,428,428,153,0.3575,False,0.3575,False,True,2.7930
DeepDetect,hand,11k_Hands_impostor_135,0000011,0001506,12825,11163,14,10,0.7143,True,0.7143,False,False,1.3128
LoFTR_indoor,hand,11k_Hands_impostor_136,4000000,0000538,238,238,238,72,0.3025,False,0.3025,False,True,2.3485
ORB,hand,11k_Hands_impostor_136,4000000,0000538,384,200,19,8,0.4211,False,0.4211,False,True,1.4784
SIFT,hand,11k_Hands_impostor_136,4000000,0000538,82,66,0,0,,False,,False,True,
SuperGlue,hand,11k_Hands_impostor_136,4000000,0000538,179,168,3,0,,False,,False,True,
SGMNet_root_SGM,hand,11k_Hands_impostor_136,4000000,0000538,658,989,23,7,0.3043,False,0.3043,False,True,0.0000
ASpanFormer_indoor,hand,11k_Hands_impostor_136,4000000,0000538,131,131,131,48,0.3664,False,0.3664,False,True,1.6601
DeepDetect,hand,11k_Hands_impostor_136,4000000,0000538,11019,10064,15,10,0.6667,True,0.6667,False,False,1.2850
LoFTR_indoor,hand,11k_Hands_impostor_137,0001535,0000509,97,97,97,23,0.2371,False,0.2371,False,True,2.3970
ORB,hand,11k_Hands_impostor_137,0001535,0000509,639,619,21,0,,False,,False,True,
SIFT,hand,11k_Hands_impostor_137,0001535,0000509,206,205,3,0,,False,,False,True,
SuperGlue,hand,11k_Hands_impostor_137,0001535,0000509,269,159,0,0,,False,,False,True,
SGMNet_root_SGM,hand,11k_Hands_impostor_137,0001535,0000509,1757,872,7,5,0.7143,True,0.7143,False,False,0.0000
ASpanFormer_indoor,hand,11k_Hands_impostor_137,0001535,0000509,74,74,74,35,0.4730,True,0.4730,False,False,1.9182
DeepDetect,hand,11k_Hands_impostor_137,0001535,0000509,14129,10488,34,0,,False,,False,True,
LoFTR_indoor,hand,11k_Hands_impostor_138,0001002,0001052,296,296,296,83,0.2804,False,0.2804,False,True,2.1621
ORB,hand,11k_Hands_impostor_138,0001002,0001052,445,164,28,0,,False,,False,True,
SIFT,hand,11k_Hands_impostor_138,0001002,0001052,157,62,7,0,,False,,False,True,
SuperGlue,hand,11k_Hands_impostor_138,0001002,0001052,222,159,0,0,,False,,False,True,
SGMNet_root_SGM,hand,11k_Hands_impostor_138,0001002,0001052,1318,908,8,4,0.5000,True,0.5000,False,False,0.0000
ASpanFormer_indoor,hand,11k_Hands_impostor_138,0001002,0001052,175,175,175,98,0.5600,True,0.5600,False,False,1.8637
DeepDetect,hand,11k_Hands_impostor_138,0001002,0001052,12610,11451,48,26,0.5417,True,0.5417,False,False,1.0910
LoFTR_indoor,hand,11k_Hands_impostor_139,0001560,0000004,188,188,188,44,0.2340,False,0.2340,False,True,2.4560
ORB,hand,11k_Hands_impostor_139,0001560,0000004,621,263,48,0,,False,,False,True,
SIFT,hand,11k_Hands_impostor_139,0001560,0000004,204,116,5,0,,False,,False,True,
SuperGlue,hand,11k_Hands_impostor_139,0001560,0000004,198,195,1,0,,False,,False,True,
SGMNet_root_SGM,hand,11k_Hands_impostor_139,0001560,0000004,1113,978,31,9,0.2903,False,0.2903,False,True,0.6605
ASpanFormer_indoor,hand,11k_Hands_impostor_139,0001560,0000004,151,151,151,63,0.4172,True,0.4172,False,False,2.8134
DeepDetect,hand,11k_Hands_impostor_139,0001560,0000004,11995,12109,14,0,,False,,False,True,
LoFTR_indoor,hand,11k_Hands_impostor_140,0001553,0000092,318,318,318,55,0.1730,False,0.1730,False,True,2.4939
ORB,hand,11k_Hands_impostor_140,0001553,0000092,232,137,25,0,,False,,False,True,
SIFT,hand,11k_Hands_impostor_140,0001553,0000092,139,63,6,0,,False,,False,True,
SuperGlue,hand,11k_Hands_impostor_140,0001553,0000092,174,235,1,0,,False,,False,True,
SGMNet_root_SGM,hand,11k_Hands_impostor_140,0001553,0000092,1110,1121,46,9,0.1957,False,0.1957,False,True,0.9325
ASpanFormer_indoor,hand,11k_Hands_impostor_140,0001553,0000092,252,252,252,73,0.2897,False,0.2897,False,True,2.3291
DeepDetect,hand,11k_Hands_impostor_140,0001553,0000092,10866,12250,89,0,,False,,False,True,
LoFTR_indoor,hand,11k_Hands_impostor_141,0001543,0000055,298,298,298,49,0.1644,False,0.1644,False,True,2.3527
ORB,hand,11k_Hands_impostor_141,0001543,0000055,262,102,15,0,,False,,False,True,
SIFT,hand,11k_Hands_impostor_141,0001543,0000055,90,66,2,0,,False,,False,True,
SuperGlue,hand,11k_Hands_impostor_141,0001543,0000055,167,232,23,9,0.3913,False,0.3913,False,True,1.2847
SGMNet_root_SGM,hand,11k_Hands_impostor_141,0001543,0000055,1025,1234,27,7,0.2593,False,0.2593,False,True,0.3104
ASpanFormer_indoor,hand,11k_Hands_impostor_141,0001543,0000055,142,142,142,43,0.3028,False,0.3028,False,True,2.6248
DeepDetect,hand,11k_Hands_impostor_141,0001543,0000055,10999,10991,63,36,0.5714,True,0.5714,False,False,1.3419
LoFTR_indoor,hand,11k_Hands_impostor_142,0000088,0001009,207,207,207,39,0.1884,False,0.1884,False,True,2.6429
ORB,hand,11k_Hands_impostor_142,0000088,0001009,137,414,4,4,1.0000,True,1.0000,False,False,0.0000
SIFT,hand,11k_Hands_impostor_142,0000088,0001009,103,149,3,0,,False,,False,True,
SuperGlue,hand,11k_Hands_impostor_142,0000088,0001009,238,179,4,0,,False,,False,True,
SGMNet_root_SGM,hand,11k_Hands_impostor_142,0000088,0001009,1169,1243,19,6,0.3158,False,0.3158,False,True,0.3629
ASpanFormer_indoor,hand,11k_Hands_impostor_142,0000088,0001009,42,42,42,17,0.4048,True,0.4048,False,False,1.7498
DeepDetect,hand,11k_Hands_impostor_142,0000088,0001009,15144,11549,48,39,0.8125,True,0.8125,False,False,0.1907
LoFTR_indoor,hand,11k_Hands_impostor_143,0000088,0001549,288,288,288,104,0.3611,False,0.3611,False,True,2.1864
ORB,hand,11k_Hands_impostor_143,0000088,0001549,382,400,12,0,,False,,False,True,
SIFT,hand,11k_Hands_impostor_143,0000088,0001549,173,95,4,0,,False,,False,True,
SuperGlue,hand,11k_Hands_impostor_143,0000088,0001549,238,193,37,14,0.3784,False,0.3784,False,True,2.1302
SGMNet_root_SGM,hand,11k_Hands_impostor_143,0000088,0001549,1581,848,24,8,0.3333,False,0.3333,False,True,0.8723
ASpanFormer_indoor,hand,11k_Hands_impostor_143,0000088,0001549,191,191,191,88,0.4607,True,0.4607,False,False,1.9636
DeepDetect,hand,11k_Hands_impostor_143,0000088,0001549,15898,11154,30,0,,False,,False,True,
LoFTR_indoor,hand,11k_Hands_impostor_144,0000504,0001532,155,155,155,30,0.1935,False,0.1935,False,True,2.1366
ORB,hand,11k_Hands_impostor_144,0000504,0001532,277,307,8,4,0.5000,True,0.5000,False,False,0.0000
SIFT,hand,11k_Hands_impostor_144,0000504,0001532,149,97,5,0,,False,,False,True,
SuperGlue,hand,11k_Hands_impostor_144,0000504,0001532,233,168,0,0,,False,,False,True,
SGMNet_root_SGM,hand,11k_Hands_impostor_144,0000504,0001532,1025,873,28,9,0.3214,False,0.3214,False,True,1.2045
ASpanFormer_indoor,hand,11k_Hands_impostor_144,0000504,0001532,69,69,69,27,0.3913,False,0.3913,False,True,2.1719
DeepDetect,hand,11k_Hands_impostor_144,0000504,0001532,11895,9137,41,0,,False,,False,True,
LoFTR_indoor,hand,11k_Hands_impostor_145,0001510,0001544,278,278,278,90,0.3237,False,0.3237,False,True,2.5607
ORB,hand,11k_Hands_impostor_145,0001510,0001544,345,342,15,6,0.4000,False,0.4000,False,True,1.0623
SIFT,hand,11k_Hands_impostor_145,0001510,0001544,80,107,4,0,,False,,False,True,
SuperGlue,hand,11k_Hands_impostor_145,0001510,0001544,207,172,21,11,0.5238,True,0.5238,False,False,2.6572
SGMNet_root_SGM,hand,11k_Hands_impostor_145,0001510,0001544,979,776,46,0,,False,,False,True,
ASpanFormer_indoor,hand,11k_Hands_impostor_145,0001510,0001544,297,297,297,147,0.4949,True,0.4949,False,False,2.3913
DeepDetect,hand,11k_Hands_impostor_145,0001510,0001544,11528,9738,7,0,,False,,False,True,
LoFTR_indoor,hand,11k_Hands_impostor_146,0001058,0000066,280,280,280,41,0.1464,False,0.1464,False,True,3.0358
ORB,hand,11k_Hands_impostor_146,0001058,0000066,265,205,5,0,,False,,False,True,
SIFT,hand,11k_Hands_impostor_146,0001058,0000066,126,121,4,0,,False,,False,True,
SuperGlue,hand,11k_Hands_impostor_146,0001058,0000066,191,259,56,18,0.3214,False,0.3214,False,True,2.4103
SGMNet_root_SGM,hand,11k_Hands_impostor_146,0001058,0000066,1178,1724,50,15,0.3000,False,0.3000,False,True,1.3131
ASpanFormer_indoor,hand,11k_Hands_impostor_146,0001058,0000066,250,250,250,86,0.3440,False,0.3440,False,True,2.4128
DeepDetect,hand,11k_Hands_impostor_146,0001058,0000066,11448,13658,47,35,0.7447,True,0.7447,False,False,2.2990
LoFTR_indoor,hand,11k_Hands_impostor_147,0000570,0001532,418,418,418,125,0.2990,False,0.2990,False,True,2.4586
ORB,hand,11k_Hands_impostor_147,0000570,0001532,331,274,9,0,,False,,False,True,
SIFT,hand,11k_Hands_impostor_147,0000570,0001532,134,78,7,0,,False,,False,True,
SuperGlue,hand,11k_Hands_impostor_147,0000570,0001532,200,160,41,19,0.4634,True,0.4634,False,False,2.3657
SGMNet_root_SGM,hand,11k_Hands_impostor_147,0000570,0001532,1067,904,96,18,0.1875,False,0.1875,False,True,1.4408
ASpanFormer_indoor,hand,11k_Hands_impostor_147,0000570,0001532,484,484,484,205,0.4236,True,0.4236,False,False,2.7529
DeepDetect,hand,11k_Hands_impostor_147,0000570,0001532,10409,9332,81,61,0.7531,True,0.7531,False,False,0.3252
LoFTR_indoor,hand,11k_Hands_impostor_148,0001032,0001566,185,185,185,30,0.1622,False,0.1622,False,True,1.3084
ORB,hand,11k_Hands_impostor_148,0001032,0001566,549,417,13,0,,False,,False,True,
SIFT,hand,11k_Hands_impostor_148,0001032,0001566,117,149,2,0,,False,,False,True,
SuperGlue,hand,11k_Hands_impostor_148,0001032,0001566,187,219,0,0,,False,,False,True,
SGMNet_root_SGM,hand,11k_Hands_impostor_148,0001032,0001566,1201,1003,5,4,0.8000,True,0.8000,False,False,0.0000
ASpanFormer_indoor,hand,11k_Hands_impostor_148,0001032,0001566,80,80,80,25,0.3125,False,0.3125,False,True,2.0697
DeepDetect,hand,11k_Hands_impostor_148,0001032,0001566,10369,10255,71,0,,False,,False,True,
LoFTR_indoor,hand,11k_Hands_impostor_149,0001081,0001013,191,191,191,73,0.3822,False,0.3822,False,True,2.5301
ORB,hand,11k_Hands_impostor_149,0001081,0001013,112,542,4,0,,False,,False,True,
SIFT,hand,11k_Hands_impostor_149,0001081,0001013,81,141,1,0,,False,,False,True,
SuperGlue,hand,11k_Hands_impostor_149,0001081,0001013,207,168,0,0,,False,,False,True,
SGMNet_root_SGM,hand,11k_Hands_impostor_149,0001081,0001013,1277,866,41,14,0.3415,False,0.3415,False,True,1.2144
ASpanFormer_indoor,hand,11k_Hands_impostor_149,0001081,0001013,133,133,133,72,0.5414,True,0.5414,False,False,1.9268
DeepDetect,hand,11k_Hands_impostor_149,0001081,0001013,11011,9769,17,10,0.5882,True,0.5882,False,False,4.8309
LoFTR_indoor,hand,11k_Hands_impostor_150,0001513,0001026,173,173,173,49,0.2832,False,0.2832,False,True,2.5406
ORB,hand,11k_Hands_impostor_150,0001513,0001026,123,322,7,0,,False,,False,True,
SIFT,hand,11k_Hands_impostor_150,0001513,0001026,67,80,6,0,,False,,False,True,
SuperGlue,hand,11k_Hands_impostor_150,0001513,0001026,226,166,5,0,,False,,False,True,
SGMNet_root_SGM,hand,11k_Hands_impostor_150,0001513,0001026,1419,763,26,10,0.3846,False,0.3846,False,True,1.0519
ASpanFormer_indoor,hand,11k_Hands_impostor_150,0001513,0001026,91,91,91,57,0.6264,True,0.6264,False,False,2.0339
DeepDetect,hand,11k_Hands_impostor_150,0001513,0001026,11851,9816,57,33,0.5789,True,0.5789,False,False,1.3505
LoFTR_indoor,hand,11k_Hands_impostor_151,0000093,0000054,249,249,249,76,0.3052,False,0.3052,False,True,2.7037
ORB,hand,11k_Hands_impostor_151,0000093,0000054,426,142,17,0,,False,,False,True,
SIFT,hand,11k_Hands_impostor_151,0000093,0000054,108,44,3,0,,False,,False,True,
SuperGlue,hand,11k_Hands_impostor_151,0000093,0000054,158,212,1,0,,False,,False,True,
SGMNet_root_SGM,hand,11k_Hands_impostor_151,0000093,0000054,549,685,15,8,0.5333,True,0.5333,False,False,0.6522
ASpanFormer_indoor,hand,11k_Hands_impostor_151,0000093,0000054,147,147,147,69,0.4694,True,0.4694,False,False,2.3454
DeepDetect,hand,11k_Hands_impostor_151,0000093,0000054,8234,12527,4,0,,False,,False,True,
LoFTR_indoor,hand,11k_Hands_impostor_152,0001567,0001543,340,340,340,95,0.2794,False,0.2794,False,True,2.2889
ORB,hand,11k_Hands_impostor_152,0001567,0001543,203,363,5,0,,False,,False,True,
SIFT,hand,11k_Hands_impostor_152,0001567,0001543,84,114,2,0,,False,,False,True,
SuperGlue,hand,11k_Hands_impostor_152,0001567,0001543,185,198,0,0,,False,,False,True,
SGMNet_root_SGM,hand,11k_Hands_impostor_152,0001567,0001543,838,1272,23,8,0.3478,False,0.3478,False,True,0.6955
ASpanFormer_indoor,hand,11k_Hands_impostor_152,0001567,0001543,237,237,237,117,0.4937,True,0.4937,False,False,2.4693
DeepDetect,hand,11k_Hands_impostor_152,0001567,0001543,9754,11747,13,8,0.6154,True,0.6154,False,False,2.3932
LoFTR_indoor,hand,11k_Hands_impostor_153,0000588,0000573,434,434,434,170,0.3917,False,0.3917,False,True,2.8301
ORB,hand,11k_Hands_impostor_153,0000588,0000573,412,265,24,8,0.3333,False,0.3333,False,True,1.4081
SIFT,hand,11k_Hands_impostor_153,0000588,0000573,114,76,5,4,0.8000,True,0.8000,False,False,0.0000
SuperGlue,hand,11k_Hands_impostor_153,0000588,0000573,211,197,71,27,0.3803,False,0.3803,False,True,2.5703
SGMNet_root_SGM,hand,11k_Hands_impostor_153,0000588,0000573,706,1025,46,13,0.2826,False,0.2826,False,True,1.1510
ASpanFormer_indoor,hand,11k_Hands_impostor_153,0000588,0000573,393,393,393,267,0.6794,True,0.6794,False,False,1.6112
DeepDetect,hand,11k_Hands_impostor_153,0000588,0000573,10319,11268,36,23,0.6389,True,0.6389,False,False,0.9540
LoFTR_indoor,hand,11k_Hands_impostor_154,0001082,0001051,146,146,146,26,0.1781,False,0.1781,False,True,1.8789
ORB,hand,11k_Hands_impostor_154,0001082,0001051,330,509,5,0,,False,,False,True,
SIFT,hand,11k_Hands_impostor_154,0001082,0001051,97,172,2,0,,False,,False,True,
SuperGlue,hand,11k_Hands_impostor_154,0001082,0001051,195,212,1,0,,False,,False,True,
SGMNet_root_SGM,hand,11k_Hands_impostor_154,0001082,0001051,1011,962,23,7,0.3043,False,0.3043,False,True,0.8839
ASpanFormer_indoor,hand,11k_Hands_impostor_154,0001082,0001051,39,39,39,17,0.4359,True,0.4359,False,False,1.3458
DeepDetect,hand,11k_Hands_impostor_154,0001082,0001051,11707,11265,26,0,,False,,False,True,
LoFTR_indoor,hand,11k_Hands_impostor_155,0001518,0000552,310,310,310,76,0.2452,False,0.2452,False,True,2.6876
ORB,hand,11k_Hands_impostor_155,0001518,0000552,210,227,14,0,,False,,False,True,
SIFT,hand,11k_Hands_impostor_155,0001518,0000552,86,89,4,0,,False,,False,True,
SuperGlue,hand,11k_Hands_impostor_155,0001518,0000552,167,189,0,0,,False,,False,True,
SGMNet_root_SGM,hand,11k_Hands_impostor_155,0001518,0000552,993,1143,94,12,0.1277,False,0.1277,False,True,1.7531
ASpanFormer_indoor,hand,11k_Hands_impostor_155,0001518,0000552,295,295,295,117,0.3966,False,0.3966,False,True,2.3083
DeepDetect,hand,11k_Hands_impostor_155,0001518,0000552,9842,11151,88,43,0.4886,True,0.4886,False,False,1.3772
LoFTR_indoor,hand,11k_Hands_impostor_156,1200000,0001510,286,286,286,85,0.2972,False,0.2972,False,True,2.2841
ORB,hand,11k_Hands_impostor_156,1200000,0001510,531,352,24,0,,False,,False,True,
SIFT,hand,11k_Hands_impostor_156,1200000,0001510,142,130,1,0,,False,,False,True,
SuperGlue,hand,11k_Hands_impostor_156,1200000,0001510,266,180,79,27,0.3418,False,0.3418,False,True,2.1017
SGMNet_root_SGM,hand,11k_Hands_impostor_156,1200000,0001510,983,1133,37,11,0.2973,False,0.2973,False,True,1.1579
ASpanFormer_indoor,hand,11k_Hands_impostor_156,1200000,0001510,89,89,89,33,0.3708,False,0.3708,False,True,2.4087
DeepDetect,hand,11k_Hands_impostor_156,1200000,0001510,11999,10230,45,0,,False,,False,True,
LoFTR_indoor,hand,11k_Hands_impostor_157,0001549,0000093,200,200,200,68,0.3400,False,0.3400,False,True,2.3009
ORB,hand,11k_Hands_impostor_157,0001549,0000093,352,368,7,0,,False,,False,True,
SIFT,hand,11k_Hands_impostor_157,0001549,0000093,102,119,3,0,,False,,False,True,
SuperGlue,hand,11k_Hands_impostor_157,0001549,0000093,199,183,0,0,,False,,False,True,
SGMNet_root_SGM,hand,11k_Hands_impostor_157,0001549,0000093,865,908,51,10,0.1961,False,0.1961,False,True,1.1572
ASpanFormer_indoor,hand,11k_Hands_impostor_157,0001549,0000093,193,193,193,117,0.6062,True,0.6062,False,False,2.0440
DeepDetect,hand,11k_Hands_impostor_157,0001549,0000093,10802,9792,13,9,0.6923,True,0.6923,False,False,0.8236
LoFTR_indoor,hand,11k_Hands_impostor_158,0001560,0001060,127,127,127,28,0.2205,False,0.2205,False,True,2.2157
ORB,hand,11k_Hands_impostor_158,0001560,0001060,607,257,28,0,,False,,False,True,
SIFT,hand,11k_Hands_impostor_158,0001560,0001060,189,83,2,0,,False,,False,True,
SuperGlue,hand,11k_Hands_impostor_158,0001560,0001060,193,284,8,6,0.7500,True,0.7500,False,False,1.2991
SGMNet_root_SGM,hand,11k_Hands_impostor_158,0001560,0001060,1082,1144,39,7,0.1795,False,0.1795,False,True,0.8677
ASpanFormer_indoor,hand,11k_Hands_impostor_158,0001560,0001060,38,38,38,15,0.3947,False,0.3947,False,True,2.1801
DeepDetect,hand,11k_Hands_impostor_158,0001560,0001060,11636,11379,101,0,,False,,False,True,
LoFTR_indoor,hand,11k_Hands_impostor_159,0000008,0001093,206,206,206,47,0.2282,False,0.2282,False,True,2.4402
ORB,hand,11k_Hands_impostor_159,0000008,0001093,100,138,3,0,,False,,False,True,
SIFT,hand,11k_Hands_impostor_159,0000008,0001093,55,66,5,0,,False,,False,True,
SuperGlue,hand,11k_Hands_impostor_159,0000008,0001093,231,159,25,11,0.4400,False,0.4400,False,True,2.1676
SGMNet_root_SGM,hand,11k_Hands_impostor_159,0000008,0001093,1218,1081,126,15,0.1190,False,0.1190,False,True,1.3531
ASpanFormer_indoor,hand,11k_Hands_impostor_159,0000008,0001093,207,207,207,58,0.2802,False,0.2802,False,True,2.2230
DeepDetect,hand,11k_Hands_impostor_159,0000008,0001093,12867,9787,17,9,0.5294,True,0.5294,False,False,1.7261
LoFTR_indoor,hand,11k_Hands_impostor_160,0001533,0001088,217,217,217,62,0.2857,False,0.2857,False,True,1.9048
ORB,hand,11k_Hands_impostor_160,0001533,0001088,321,314,7,0,,False,,False,True,
SIFT,hand,11k_Hands_impostor_160,0001533,0001088,126,121,1,0,,False,,False,True,
SuperGlue,hand,11k_Hands_impostor_160,0001533,0001088,237,275,2,0,,False,,False,True,
SGMNet_root_SGM,hand,11k_Hands_impostor_160,0001533,0001088,766,1425,4,0,,False,,False,True,
ASpanFormer_indoor,hand,11k_Hands_impostor_160,0001533,0001088,187,187,187,87,0.4652,True,0.4652,False,False,2.1559
DeepDetect,hand,11k_Hands_impostor_160,0001533,0001088,11720,12828,9,0,,False,,False,True,
LoFTR_indoor,hand,11k_Hands_impostor_161,0000532,0000505,227,227,227,42,0.1850,False,0.1850,False,True,2.8576
ORB,hand,11k_Hands_impostor_161,0000532,0000505,359,59,21,0,,False,,False,True,
SIFT,hand,11k_Hands_impostor_161,0000532,0000505,129,55,2,0,,False,,False,True,
SuperGlue,hand,11k_Hands_impostor_161,0000532,0000505,154,174,45,13,0.2889,False,0.2889,False,True,1.9649
SGMNet_root_SGM,hand,11k_Hands_impostor_161,0000532,0000505,619,721,21,7,0.3333,False,0.3333,False,True,0.4087
ASpanFormer_indoor,hand,11k_Hands_impostor_161,0000532,0000505,208,208,208,91,0.4375,True,0.4375,False,False,2.3004
DeepDetect,hand,11k_Hands_impostor_161,0000532,0000505,8264,9530,13,0,,False,,False,True,
LoFTR_indoor,hand,11k_Hands_impostor_162,0000570,0000525,220,220,220,40,0.1818,False,0.1818,False,True,2.3402
ORB,hand,11k_Hands_impostor_162,0000570,0000525,75,612,3,0,,False,,False,True,
SIFT,hand,11k_Hands_impostor_162,0000570,0000525,38,120,1,0,,False,,False,True,
SuperGlue,hand,11k_Hands_impostor_162,0000570,0000525,175,278,35,17,0.4857,True,0.4857,False,False,1.8258
SGMNet_root_SGM,hand,11k_Hands_impostor_162,0000570,0000525,489,1569,22,7,0.3182,False,0.3182,False,True,0.6381
ASpanFormer_indoor,hand,11k_Hands_impostor_162,0000570,0000525,99,99,99,45,0.4545,True,0.4545,False,False,2.1827
DeepDetect,hand,11k_Hands_impostor_162,0000570,0000525,8991,13693,29,0,,False,,False,True,
LoFTR_indoor,hand,11k_Hands_impostor_163,0000053,0001525,197,197,197,48,0.2437,False,0.2437,False,True,2.3827
ORB,hand,11k_Hands_impostor_163,0000053,0001525,176,173,11,0,,False,,False,True,
SIFT,hand,11k_Hands_impostor_163,0000053,0001525,123,68,5,0,,False,,False,True,
SuperGlue,hand,11k_Hands_impostor_163,0000053,0001525,277,162,5,0,,False,,False,True,
SGMNet_root_SGM,hand,11k_Hands_impostor_163,0000053,0001525,1440,739,8,5,0.6250,True,0.6250,False,False,0.0000
ASpanFormer_indoor,hand,11k_Hands_impostor_163,0000053,0001525,113,113,113,41,0.3628,False,0.3628,False,True,2.5298
DeepDetect,hand,11k_Hands_impostor_163,0000053,0001525,15155,9413,34,0,,False,,False,True,
LoFTR_indoor,hand,11k_Hands_impostor_164,0001005,0001541,235,235,235,76,0.3234,False,0.3234,False,True,2.3189
ORB,hand,11k_Hands_impostor_164,0001005,0001541,358,310,14,0,,False,,False,True,
SIFT,hand,11k_Hands_impostor_164,0001005,0001541,108,93,11,0,,False,,False,True,
SuperGlue,hand,11k_Hands_impostor_164,0001005,0001541,280,159,5,5,1.0000,True,1.0000,False,False,0.3134
SGMNet_root_SGM,hand,11k_Hands_impostor_164,0001005,0001541,869,613,12,7,0.5833,True,0.5833,False,False,0.9441
ASpanFormer_indoor,hand,11k_Hands_impostor_164,0001005,0001541,68,68,68,35,0.5147,True,0.5147,False,False,1.3021
DeepDetect,hand,11k_Hands_impostor_164,0001005,0001541,12330,8911,39,0,,False,,False,True,
LoFTR_indoor,hand,11k_Hands_impostor_165,0001547,0001546,282,282,282,127,0.4504,True,0.4504,False,False,2.6523
ORB,hand,11k_Hands_impostor_165,0001547,0001546,687,570,37,0,,False,,False,True,
SIFT,hand,11k_Hands_impostor_165,0001547,0001546,149,116,11,0,,False,,False,True,
SuperGlue,hand,11k_Hands_impostor_165,0001547,0001546,177,147,1,0,,False,,False,True,
SGMNet_root_SGM,hand,11k_Hands_impostor_165,0001547,0001546,789,627,52,16,0.3077,False,0.3077,False,True,1.5270
ASpanFormer_indoor,hand,11k_Hands_impostor_165,0001547,0001546,193,193,193,120,0.6218,True,0.6218,False,False,2.1041
DeepDetect,hand,11k_Hands_impostor_165,0001547,0001546,9956,9624,27,0,,False,,False,True,
LoFTR_indoor,hand,11k_Hands_impostor_166,0001029,0000532,467,467,467,226,0.4839,True,0.4839,False,False,2.2742
ORB,hand,11k_Hands_impostor_166,0001029,0000532,348,300,25,0,,False,,False,True,
SIFT,hand,11k_Hands_impostor_166,0001029,0000532,119,108,12,0,,False,,False,True,
SuperGlue,hand,11k_Hands_impostor_166,0001029,0000532,158,164,55,26,0.4727,True,0.4727,False,False,1.7876
SGMNet_root_SGM,hand,11k_Hands_impostor_166,0001029,0000532,1593,919,67,26,0.3881,False,0.3881,False,True,1.5576
ASpanFormer_indoor,hand,11k_Hands_impostor_166,0001029,0000532,516,516,516,285,0.5523,True,0.5523,False,False,2.3848
DeepDetect,hand,11k_Hands_impostor_166,0001029,0000532,11221,8469,225,163,0.7244,True,0.7244,False,False,0.4585
LoFTR_indoor,hand,11k_Hands_impostor_167,0001518,5000000,240,240,240,66,0.2750,False,0.2750,False,True,2.4124
ORB,hand,11k_Hands_impostor_167,0001518,5000000,170,346,7,0,,False,,False,True,
SIFT,hand,11k_Hands_impostor_167,0001518,5000000,90,134,4,0,,False,,False,True,
SuperGlue,hand,11k_Hands_impostor_167,0001518,5000000,228,188,31,12,0.3871,False,0.3871,False,True,2.0303
SGMNet_root_SGM,hand,11k_Hands_impostor_167,0001518,5000000,1510,957,36,11,0.3056,False,0.3056,False,True,0.8516
ASpanFormer_indoor,hand,11k_Hands_impostor_167,0001518,5000000,222,222,222,92,0.4144,True,0.4144,False,False,2.2794
DeepDetect,hand,11k_Hands_impostor_167,0001518,5000000,11403,11156,23,14,0.6087,True,0.6087,False,False,1.0899
LoFTR_indoor,hand,11k_Hands_impostor_168,0001069,0001592,438,438,438,122,0.2785,False,0.2785,False,True,2.7257
ORB,hand,11k_Hands_impostor_168,0001069,0001592,72,242,6,0,,False,,False,True,
SIFT,hand,11k_Hands_impostor_168,0001069,0001592,55,95,9,0,,False,,False,True,
SuperGlue,hand,11k_Hands_impostor_168,0001069,0001592,206,220,5,5,1.0000,True,1.0000,False,False,0.5880
SGMNet_root_SGM,hand,11k_Hands_impostor_168,0001069,0001592,1071,1014,107,22,0.2056,False,0.2056,False,True,1.5904
ASpanFormer_indoor,hand,11k_Hands_impostor_168,0001069,0001592,486,486,486,246,0.5062,True,0.5062,False,False,2.1887
DeepDetect,hand,11k_Hands_impostor_168,0001069,0001592,9747,11191,162,117,0.7222,True,0.7222,False,False,1.0026
LoFTR_indoor,hand,11k_Hands_impostor_169,0001547,0001035,208,208,208,57,0.2740,False,0.2740,False,True,2.3156
ORB,hand,11k_Hands_impostor_169,0001547,0001035,361,356,11,0,,False,,False,True,
SIFT,hand,11k_Hands_impostor_169,0001547,0001035,106,93,11,0,,False,,False,True,
SuperGlue,hand,11k_Hands_impostor_169,0001547,0001035,214,209,0,0,,False,,False,True,
SGMNet_root_SGM,hand,11k_Hands_impostor_169,0001547,0001035,1079,1015,18,6,0.3333,False,0.3333,False,True,0.4622
ASpanFormer_indoor,hand,11k_Hands_impostor_169,0001547,0001035,43,43,43,20,0.4651,True,0.4651,False,False,2.3854
DeepDetect,hand,11k_Hands_impostor_169,0001547,0001035,10751,10974,33,0,,False,,False,True,
LoFTR_indoor,hand,11k_Hands_impostor_170,0001549,0000000,350,350,350,84,0.2400,False,0.2400,False,True,2.0593
ORB,hand,11k_Hands_impostor_170,0001549,0000000,295,415,13,0,,False,,False,True,
SIFT,hand,11k_Hands_impostor_170,0001549,0000000,76,129,4,0,,False,,False,True,
SuperGlue,hand,11k_Hands_impostor_170,0001549,0000000,203,267,2,0,,False,,False,True,
SGMNet_root_SGM,hand,11k_Hands_impostor_170,0001549,0000000,1082,1413,46,10,0.2174,False,0.2174,False,True,1.2226
ASpanFormer_indoor,hand,11k_Hands_impostor_170,0001549,0000000,154,154,154,51,0.3312,False,0.3312,False,True,1.9325
DeepDetect,hand,11k_Hands_impostor_170,0001549,0000000,12787,13942,119,0,,False,,False,True,
LoFTR_indoor,hand,11k_Hands_impostor_171,2000000,0000541,124,124,124,40,0.3226,False,0.3226,False,True,2.1813
ORB,hand,11k_Hands_impostor_171,2000000,0000541,612,145,25,0,,False,,False,True,
SIFT,hand,11k_Hands_impostor_171,2000000,0000541,235,56,11,0,,False,,False,True,
SuperGlue,hand,11k_Hands_impostor_171,2000000,0000541,322,173,0,0,,False,,False,True,
SGMNet_root_SGM,hand,11k_Hands_impostor_171,2000000,0000541,1058,897,26,7,0.2692,False,0.2692,False,True,0.4011
ASpanFormer_indoor,hand,11k_Hands_impostor_171,2000000,0000541,122,122,122,56,0.4590,True,0.4590,False,False,2.0971
DeepDetect,hand,11k_Hands_impostor_171,2000000,0000541,15870,11275,21,16,0.7619,True,0.7619,False,False,0.0561
LoFTR_indoor,hand,11k_Hands_impostor_172,0001509,0001556,166,166,166,34,0.2048,False,0.2048,False,True,1.7887
ORB,hand,11k_Hands_impostor_172,0001509,0001556,111,829,7,0,,False,,False,True,
SIFT,hand,11k_Hands_impostor_172,0001509,0001556,58,189,4,0,,False,,False,True,
SuperGlue,hand,11k_Hands_impostor_172,0001509,0001556,228,173,0,0,,False,,False,True,
SGMNet_root_SGM,hand,11k_Hands_impostor_172,0001509,0001556,1142,597,1,0,,False,,False,True,
ASpanFormer_indoor,hand,11k_Hands_impostor_172,0001509,0001556,94,94,94,33,0.3511,False,0.3511,False,True,2.4414
DeepDetect,hand,11k_Hands_impostor_172,0001509,0001556,9835,10079,45,29,0.6444,True,0.6444,False,False,1.6863
LoFTR_indoor,hand,11k_Hands_impostor_173,0001066,0001032,196,196,196,30,0.1531,False,0.1531,False,True,2.1609
ORB,hand,11k_Hands_impostor_173,0001066,0001032,372,486,11,0,,False,,False,True,
SIFT,hand,11k_Hands_impostor_173,0001066,0001032,111,91,3,0,,False,,False,True,
SuperGlue,hand,11k_Hands_impostor_173,0001066,0001032,189,203,0,0,,False,,False,True,
SGMNet_root_SGM,hand,11k_Hands_impostor_173,0001066,0001032,802,1246,13,6,0.4615,True,0.4615,False,False,0.5364
ASpanFormer_indoor,hand,11k_Hands_impostor_173,0001066,0001032,94,94,94,32,0.3404,False,0.3404,False,True,2.6546
DeepDetect,hand,11k_Hands_impostor_173,0001066,0001032,10142,11125,7,5,0.7143,True,0.7143,False,False,0.6807
LoFTR_indoor,hand,11k_Hands_impostor_174,0001061,0001029,552,552,552,146,0.2645,False,0.2645,False,True,2.4383
ORB,hand,11k_Hands_impostor_174,0001061,0001029,193,233,9,5,0.5556,True,0.5556,False,False,0.3278
SIFT,hand,11k_Hands_impostor_174,0001061,0001029,74,86,6,4,0.6667,True,0.6667,False,False,0.0000
SuperGlue,hand,11k_Hands_impostor_174,0001061,0001029,178,208,43,15,0.3488,False,0.3488,False,True,2.3090
SGMNet_root_SGM,hand,11k_Hands_impostor_174,0001061,0001029,1090,1661,228,59,0.2588,False,0.2588,False,True,1.6807
ASpanFormer_indoor,hand,11k_Hands_impostor_174,0001061,0001029,452,452,452,183,0.4049,True,0.4049,False,False,2.4184
DeepDetect,hand,11k_Hands_impostor_174,0001061,0001029,9821,12863,181,92,0.5083,True,0.5083,False,False,1.0417
LoFTR_indoor,hand,11k_Hands_impostor_175,0001060,0001533,188,188,188,37,0.1968,False,0.1968,False,True,1.9466
ORB,hand,11k_Hands_impostor_175,0001060,0001533,234,604,13,0,,False,,False,True,
SIFT,hand,11k_Hands_impostor_175,0001060,0001533,96,176,4,0,,False,,False,True,
SuperGlue,hand,11k_Hands_impostor_175,0001060,0001533,239,218,5,0,,False,,False,True,
SGMNet_root_SGM,hand,11k_Hands_impostor_175,0001060,0001533,1647,964,8,5,0.6250,True,0.6250,False,False,0.4446
ASpanFormer_indoor,hand,11k_Hands_impostor_175,0001060,0001533,106,106,106,29,0.2736,False,0.2736,False,True,2.3691
DeepDetect,hand,11k_Hands_impostor_175,0001060,0001533,13731,12206,43,25,0.5814,True,0.5814,False,False,2.1838
LoFTR_indoor,hand,11k_Hands_impostor_176,0001020,0000586,184,184,184,26,0.1413,False,0.1413,False,True,2.5886
ORB,hand,11k_Hands_impostor_176,0001020,0000586,636,261,20,0,,False,,False,True,
SIFT,hand,11k_Hands_impostor_176,0001020,0000586,176,70,4,0,,False,,False,True,
SuperGlue,hand,11k_Hands_impostor_176,0001020,0000586,215,229,0,0,,False,,False,True,
SGMNet_root_SGM,hand,11k_Hands_impostor_176,0001020,0000586,992,1129,17,6,0.3529,False,0.3529,False,True,0.3801
ASpanFormer_indoor,hand,11k_Hands_impostor_176,0001020,0000586,80,80,80,26,0.3250,False,0.3250,False,True,1.7967
DeepDetect,hand,11k_Hands_impostor_176,0001020,0000586,11881,11185,28,0,,False,,False,True,
LoFTR_indoor,hand,11k_Hands_impostor_177,0000534,0001011,368,368,368,171,0.4647,True,0.4647,False,False,1.6817
ORB,hand,11k_Hands_impostor_177,0000534,0001011,383,448,24,0,,False,,False,True,
SIFT,hand,11k_Hands_impostor_177,0000534,0001011,93,103,6,0,,False,,False,True,
SuperGlue,hand,11k_Hands_impostor_177,0000534,0001011,203,192,65,29,0.4462,False,0.4462,False,True,2.3106
SGMNet_root_SGM,hand,11k_Hands_impostor_177,0000534,0001011,908,794,69,20,0.2899,False,0.2899,False,True,1.2517
ASpanFormer_indoor,hand,11k_Hands_impostor_177,0000534,0001011,371,371,371,191,0.5148,True,0.5148,False,False,2.0737
DeepDetect,hand,11k_Hands_impostor_177,0000534,0001011,12187,9672,16,0,,False,,False,True,
LoFTR_indoor,hand,11k_Hands_impostor_178,0000518,0000023,84,84,84,23,0.2738,False,0.2738,False,True,1.8007
ORB,hand,11k_Hands_impostor_178,0000518,0000023,211,240,8,0,,False,,False,True,
SIFT,hand,11k_Hands_impostor_178,0000518,0000023,92,87,2,0,,False,,False,True,
SuperGlue,hand,11k_Hands_impostor_178,0000518,0000023,221,184,14,7,0.5000,True,0.5000,False,False,1.6731
SGMNet_root_SGM,hand,11k_Hands_impostor_178,0000518,0000023,1457,771,7,6,0.8571,True,0.8571,False,False,0.5393
ASpanFormer_indoor,hand,11k_Hands_impostor_178,0000518,0000023,133,133,133,58,0.4361,True,0.4361,False,False,1.8428
DeepDetect,hand,11k_Hands_impostor_178,0000518,0000023,11831,10289,20,0,,False,,False,True,
LoFTR_indoor,hand,11k_Hands_impostor_179,0000054,0001074,604,604,604,179,0.2964,False,0.2964,False,True,2.6141
ORB,hand,11k_Hands_impostor_179,0000054,0001074,149,342,4,0,,False,,False,True,
SIFT,hand,11k_Hands_impostor_179,0000054,0001074,66,112,5,0,,False,,False,True,
SuperGlue,hand,11k_Hands_impostor_179,0000054,0001074,207,188,87,29,0.3333,False,0.3333,False,True,3.1405
SGMNet_root_SGM,hand,11k_Hands_impostor_179,0000054,0001074,822,1446,37,9,0.2432,False,0.2432,False,True,1.0433
ASpanFormer_indoor,hand,11k_Hands_impostor_179,0000054,0001074,567,567,567,267,0.4709,True,0.4709,False,False,2.5962
DeepDetect,hand,11k_Hands_impostor_179,0000054,0001074,12761,10987,205,0,,False,,False,True,
LoFTR_indoor,hand,11k_Hands_impostor_180,0001013,0000062,144,144,144,21,0.1458,False,0.1458,False,True,1.6880
ORB,hand,11k_Hands_impostor_180,0001013,0000062,326,421,13,0,,False,,False,True,
SIFT,hand,11k_Hands_impostor_180,0001013,0000062,116,152,7,0,,False,,False,True,
SuperGlue,hand,11k_Hands_impostor_180,0001013,0000062,173,264,0,0,,False,,False,True,
SGMNet_root_SGM,hand,11k_Hands_impostor_180,0001013,0000062,1087,1025,7,0,,False,,False,True,
ASpanFormer_indoor,hand,11k_Hands_impostor_180,0001013,0000062,68,68,68,24,0.3529,False,0.3529,False,True,1.7079
DeepDetect,hand,11k_Hands_impostor_180,0001013,0000062,9105,12992,7,0,,False,,False,True,
LoFTR_indoor,hand,11k_Hands_impostor_181,0000501,0001029,304,304,304,73,0.2401,False,0.2401,False,True,2.7052
ORB,hand,11k_Hands_impostor_181,0000501,0001029,371,348,11,0,,False,,False,True,
SIFT,hand,11k_Hands_impostor_181,0000501,0001029,136,119,4,0,,False,,False,True,
SuperGlue,hand,11k_Hands_impostor_181,0000501,0001029,168,158,0,0,,False,,False,True,
SGMNet_root_SGM,hand,11k_Hands_impostor_181,0000501,0001029,1018,1593,28,7,0.2500,False,0.2500,False,True,0.8728
ASpanFormer_indoor,hand,11k_Hands_impostor_181,0000501,0001029,169,169,169,121,0.7160,True,0.7160,False,False,2.0575
DeepDetect,hand,11k_Hands_impostor_181,0000501,0001029,9713,11221,10,7,0.7000,True,0.7000,False,False,0.3467
LoFTR_indoor,hand,11k_Hands_impostor_182,0000587,0000084,681,681,681,199,0.2922,False,0.2922,False,True,2.5945
ORB,hand,11k_Hands_impostor_182,0000587,0000084,440,361,17,0,,False,,False,True,
SIFT,hand,11k_Hands_impostor_182,0000587,0000084,154,94,6,0,,False,,False,True,
SuperGlue,hand,11k_Hands_impostor_182,0000587,0000084,252,272,170,51,0.3000,False,0.3000,False,True,3.0257
SGMNet_root_SGM,hand,11k_Hands_impostor_182,0000587,0000084,1172,1305,83,14,0.1687,False,0.1687,False,True,0.9994
ASpanFormer_indoor,hand,11k_Hands_impostor_182,0000587,0000084,500,500,500,231,0.4620,True,0.4620,False,False,2.3240
DeepDetect,hand,11k_Hands_impostor_182,0000587,0000084,13331,12328,39,23,0.5897,True,0.5897,False,False,1.3464
LoFTR_indoor,hand,11k_Hands_impostor_183,0001532,0001588,451,451,451,188,0.4169,False,0.4169,False,True,2.7752
ORB,hand,11k_Hands_impostor_183,0001532,0001588,267,305,28,0,,False,,False,True,
SIFT,hand,11k_Hands_impostor_183,0001532,0001588,100,97,11,0,,False,,False,True,
SuperGlue,hand,11k_Hands_impostor_183,0001532,0001588,152,184,42,15,0.3571,False,0.3571,False,True,2.6672
SGMNet_root_SGM,hand,11k_Hands_impostor_183,0001532,0001588,805,1253,48,13,0.2708,False,0.2708,False,True,1.2121
ASpanFormer_indoor,hand,11k_Hands_impostor_183,0001532,0001588,356,356,356,196,0.5506,True,0.5506,False,False,2.4472
DeepDetect,hand,11k_Hands_impostor_183,0001532,0001588,8711,11110,155,130,0.8387,True,0.8387,False,False,1.8997
LoFTR_indoor,hand,11k_Hands_impostor_184,0000524,0001557,269,269,269,60,0.2230,False,0.2230,False,True,2.6101
ORB,hand,11k_Hands_impostor_184,0000524,0001557,336,678,6,0,,False,,False,True,
SIFT,hand,11k_Hands_impostor_184,0000524,0001557,103,152,4,0,,False,,False,True,
SuperGlue,hand,11k_Hands_impostor_184,0000524,0001557,217,201,9,0,,False,,False,True,
SGMNet_root_SGM,hand,11k_Hands_impostor_184,0000524,0001557,1040,664,26,10,0.3846,False,0.3846,False,True,1.0637
ASpanFormer_indoor,hand,11k_Hands_impostor_184,0000524,0001557,117,117,117,52,0.4444,True,0.4444,False,False,1.5132
DeepDetect,hand,11k_Hands_impostor_184,0000524,0001557,10765,11083,26,16,0.6154,True,0.6154,False,False,2.3236
LoFTR_indoor,hand,11k_Hands_impostor_185,0000088,0001046,485,485,485,158,0.3258,False,0.3258,False,True,2.7849
ORB,hand,11k_Hands_impostor_185,0000088,0001046,377,237,11,0,,False,,False,True,
SIFT,hand,11k_Hands_impostor_185,0000088,0001046,138,91,14,0,,False,,False,True,
SuperGlue,hand,11k_Hands_impostor_185,0000088,0001046,209,178,58,19,0.3276,False,0.3276,False,True,2.3921
SGMNet_root_SGM,hand,11k_Hands_impostor_185,0000088,0001046,1614,941,62,23,0.3710,False,0.3710,False,True,1.3072
ASpanFormer_indoor,hand,11k_Hands_impostor_185,0000088,0001046,274,274,274,131,0.4781,True,0.4781,False,False,2.0794
DeepDetect,hand,11k_Hands_impostor_185,0000088,0001046,14494,9453,176,0,,False,,False,True,
LoFTR_indoor,hand,11k_Hands_impostor_186,1200000,0001005,513,513,513,130,0.2534,False,0.2534,False,True,1.8058
ORB,hand,11k_Hands_impostor_186,1200000,0001005,243,339,11,5,0.4545,True,0.4545,False,False,0.7873
SIFT,hand,11k_Hands_impostor_186,1200000,0001005,112,161,8,0,,False,,False,True,
SuperGlue,hand,11k_Hands_impostor_186,1200000,0001005,288,293,142,41,0.2887,False,0.2887,False,True,2.7345
SGMNet_root_SGM,hand,11k_Hands_impostor_186,1200000,0001005,1591,1695,106,31,0.2925,False,0.2925,False,True,1.5393
ASpanFormer_indoor,hand,11k_Hands_impostor_186,1200000,0001005,415,415,415,168,0.4048,True,0.4048,False,False,2.5180
DeepDetect,hand,11k_Hands_impostor_186,1200000,0001005,14407,13553,216,0,,False,,False,True,
LoFTR_indoor,hand,11k_Hands_impostor_187,0001082,0000054,275,275,275,70,0.2545,False,0.2545,False,True,2.8068
ORB,hand,11k_Hands_impostor_187,0001082,0000054,167,142,7,0,,False,,False,True,
SIFT,hand,11k_Hands_impostor_187,0001082,0000054,65,44,0,0,,False,,False,True,
SuperGlue,hand,11k_Hands_impostor_187,0001082,0000054,158,212,0,0,,False,,False,True,
SGMNet_root_SGM,hand,11k_Hands_impostor_187,0001082,0000054,619,685,23,6,0.2609,False,0.2609,False,True,0.5383
ASpanFormer_indoor,hand,11k_Hands_impostor_187,0001082,0000054,137,137,137,64,0.4672,True,0.4672,False,False,2.6363
DeepDetect,hand,11k_Hands_impostor_187,0001082,0000054,9127,12527,7,5,0.7143,True,0.7143,False,False,0.5823
LoFTR_indoor,hand,11k_Hands_impostor_188,0001537,0001093,181,181,181,30,0.1657,False,0.1657,False,True,2.9077
ORB,hand,11k_Hands_impostor_188,0001537,0001093,780,142,26,0,,False,,False,True,
SIFT,hand,11k_Hands_impostor_188,0001537,0001093,150,58,8,0,,False,,False,True,
SuperGlue,hand,11k_Hands_impostor_188,0001537,0001093,241,166,1,0,,False,,False,True,
SGMNet_root_SGM,hand,11k_Hands_impostor_188,0001537,0001093,1064,928,37,8,0.2162,False,0.2162,False,True,0.9880
ASpanFormer_indoor,hand,11k_Hands_impostor_188,0001537,0001093,96,96,96,33,0.3438,False,0.3438,False,True,2.2418
DeepDetect,hand,11k_Hands_impostor_188,0001537,0001093,12996,9577,32,23,0.7188,True,0.7188,False,False,1.4806
LoFTR_indoor,hand,11k_Hands_impostor_189,0001545,0000570,151,151,151,41,0.2715,False,0.2715,False,True,2.0655
ORB,hand,11k_Hands_impostor_189,0001545,0000570,830,75,38,0,,False,,False,True,
SIFT,hand,11k_Hands_impostor_189,0001545,0000570,169,38,6,0,,False,,False,True,
SuperGlue,hand,11k_Hands_impostor_189,0001545,0000570,198,175,0,0,,False,,False,True,
SGMNet_root_SGM,hand,11k_Hands_impostor_189,0001545,0000570,919,489,9,6,0.6667,True,0.6667,False,False,0.3360
ASpanFormer_indoor,hand,11k_Hands_impostor_189,0001545,0000570,194,194,194,88,0.4536,True,0.4536,False,False,1.9727
DeepDetect,hand,11k_Hands_impostor_189,0001545,0000570,12138,8991,21,9,0.4286,True,0.4286,False,False,0.9804
LoFTR_indoor,hand,11k_Hands_impostor_190,0000066,0001011,259,259,259,59,0.2278,False,0.2278,False,True,2.0052
ORB,hand,11k_Hands_impostor_190,0000066,0001011,256,497,15,0,,False,,False,True,
SIFT,hand,11k_Hands_impostor_190,0000066,0001011,138,124,14,0,,False,,False,True,
SuperGlue,hand,11k_Hands_impostor_190,0000066,0001011,233,214,16,11,0.6875,True,0.6875,False,False,1.8446
SGMNet_root_SGM,hand,11k_Hands_impostor_190,0000066,0001011,1078,919,32,8,0.2500,False,0.2500,False,True,1.0365
ASpanFormer_indoor,hand,11k_Hands_impostor_190,0000066,0001011,116,116,116,46,0.3966,False,0.3966,False,True,2.0107
DeepDetect,hand,11k_Hands_impostor_190,0000066,0001011,11351,10613,22,13,0.5909,True,0.5909,False,False,1.7218
LoFTR_indoor,hand,11k_Hands_impostor_191,0001506,0000524,182,182,182,70,0.3846,False,0.3846,False,True,2.4888
ORB,hand,11k_Hands_impostor_191,0001506,0000524,313,263,25,0,,False,,False,True,
SIFT,hand,11k_Hands_impostor_191,0001506,0000524,114,90,0,0,,False,,False,True,
SuperGlue,hand,11k_Hands_impostor_191,0001506,0000524,213,190,6,5,0.8333,True,0.8333,False,False,1.0818
SGMNet_root_SGM,hand,11k_Hands_impostor_191,0001506,0000524,1264,933,39,13,0.3333,False,0.3333,False,True,1.5339
ASpanFormer_indoor,hand,11k_Hands_impostor_191,0001506,0000524,312,312,312,199,0.6378,True,0.6378,False,False,2.6410
DeepDetect,hand,11k_Hands_impostor_191,0001506,0000524,11163,9843,84,53,0.6310,True,0.6310,False,False,1.3022
LoFTR_indoor,hand,11k_Hands_impostor_192,0000081,0001039,258,258,258,58,0.2248,False,0.2248,False,True,2.7531
ORB,hand,11k_Hands_impostor_192,0000081,0001039,159,168,5,0,,False,,False,True,
SIFT,hand,11k_Hands_impostor_192,0000081,0001039,39,86,1,0,,False,,False,True,
SuperGlue,hand,11k_Hands_impostor_192,0000081,0001039,199,234,10,7,0.7000,True,0.7000,False,False,2.0792
SGMNet_root_SGM,hand,11k_Hands_impostor_192,0000081,0001039,795,1229,26,7,0.2692,False,0.2692,False,True,0.6889
ASpanFormer_indoor,hand,11k_Hands_impostor_192,0000081,0001039,240,240,240,108,0.4500,True,0.4500,False,False,2.0174
DeepDetect,hand,11k_Hands_impostor_192,0000081,0001039,11079,11957,81,47,0.5802,True,0.5802,False,False,1.3295
LoFTR_indoor,hand,11k_Hands_impostor_193,0001018,0001050,279,279,279,59,0.2115,False,0.2115,False,True,2.2700
ORB,hand,11k_Hands_impostor_193,0001018,0001050,549,391,13,6,0.4615,True,0.4615,False,False,0.5864
SIFT,hand,11k_Hands_impostor_193,0001018,0001050,124,149,3,0,,False,,False,True,
SuperGlue,hand,11k_Hands_impostor_193,0001018,0001050,182,357,56,20,0.3571,False,0.3571,False,True,2.0806
SGMNet_root_SGM,hand,11k_Hands_impostor_193,0001018,0001050,846,1440,7,5,0.7143,True,0.7143,False,False,0.0000
ASpanFormer_indoor,hand,11k_Hands_impostor_193,0001018,0001050,123,123,123,65,0.5285,True,0.5285,False,False,2.3838
DeepDetect,hand,11k_Hands_impostor_193,0001018,0001050,11373,17428,14,7,0.5000,True,0.5000,False,False,0.7891
LoFTR_indoor,hand,11k_Hands_impostor_194,0000514,0001540,215,215,215,39,0.1814,False,0.1814,False,True,2.1715
ORB,hand,11k_Hands_impostor_194,0000514,0001540,129,269,13,0,,False,,False,True,
SIFT,hand,11k_Hands_impostor_194,0000514,0001540,78,83,4,0,,False,,False,True,
SuperGlue,hand,11k_Hands_impostor_194,0000514,0001540,178,217,64,13,0.2031,False,0.2031,False,True,2.4557
SGMNet_root_SGM,hand,11k_Hands_impostor_194,0000514,0001540,768,1332,10,6,0.6000,True,0.6000,False,False,0.0000
ASpanFormer_indoor,hand,11k_Hands_impostor_194,0000514,0001540,128,128,128,39,0.3047,False,0.3047,False,True,2.8858
DeepDetect,hand,11k_Hands_impostor_194,0000514,0001540,9746,13262,25,0,,False,,False,True,
LoFTR_indoor,hand,11k_Hands_impostor_195,0000596,0001090,352,352,352,111,0.3153,False,0.3153,False,True,2.1351
ORB,hand,11k_Hands_impostor_195,0000596,0001090,424,356,9,0,,False,,False,True,
SIFT,hand,11k_Hands_impostor_195,0000596,0001090,121,115,4,0,,False,,False,True,
SuperGlue,hand,11k_Hands_impostor_195,0000596,0001090,188,261,41,17,0.4146,False,0.4146,False,True,2.3852
SGMNet_root_SGM,hand,11k_Hands_impostor_195,0000596,0001090,887,1239,53,14,0.2642,False,0.2642,False,True,1.5013
ASpanFormer_indoor,hand,11k_Hands_impostor_195,0000596,0001090,264,264,264,155,0.5871,True,0.5871,False,False,2.4492
DeepDetect,hand,11k_Hands_impostor_195,0000596,0001090,10181,12966,5,0,,False,,False,True,
LoFTR_indoor,hand,11k_Hands_impostor_196,0001528,0000504,440,440,440,145,0.3295,False,0.3295,False,True,2.6199
ORB,hand,11k_Hands_impostor_196,0001528,0000504,438,265,27,0,,False,,False,True,
SIFT,hand,11k_Hands_impostor_196,0001528,0000504,165,137,5,0,,False,,False,True,
SuperGlue,hand,11k_Hands_impostor_196,0001528,0000504,238,172,13,8,0.6154,True,0.6154,False,False,1.7446
SGMNet_root_SGM,hand,11k_Hands_impostor_196,0001528,0000504,822,983,103,21,0.2039,False,0.2039,False,True,1.6179
ASpanFormer_indoor,hand,11k_Hands_impostor_196,0001528,0000504,388,388,388,184,0.4742,True,0.4742,False,False,2.5411
DeepDetect,hand,11k_Hands_impostor_196,0001528,0000504,12263,10604,45,0,,False,,False,True,
LoFTR_indoor,hand,11k_Hands_impostor_197,0000576,1100000,198,198,198,37,0.1869,False,0.1869,False,True,2.4220
ORB,hand,11k_Hands_impostor_197,0000576,1100000,445,228,24,0,,False,,False,True,
SIFT,hand,11k_Hands_impostor_197,0000576,1100000,117,104,3,0,,False,,False,True,
SuperGlue,hand,11k_Hands_impostor_197,0000576,1100000,159,239,0,0,,False,,False,True,
SGMNet_root_SGM,hand,11k_Hands_impostor_197,0000576,1100000,890,1537,20,7,0.3500,False,0.3500,False,True,1.2455
ASpanFormer_indoor,hand,11k_Hands_impostor_197,0000576,1100000,87,87,87,24,0.2759,False,0.2759,False,True,1.9462
DeepDetect,hand,11k_Hands_impostor_197,0000576,1100000,10461,12541,67,58,0.8657,True,0.8657,False,False,1.9988
LoFTR_indoor,hand,11k_Hands_impostor_198,0001516,1000000,217,217,217,44,0.2028,False,0.2028,False,True,2.6291
ORB,hand,11k_Hands_impostor_198,0001516,1000000,283,200,12,0,,False,,False,True,
SIFT,hand,11k_Hands_impostor_198,0001516,1000000,106,117,4,0,,False,,False,True,
SuperGlue,hand,11k_Hands_impostor_198,0001516,1000000,159,268,5,0,,False,,False,True,
SGMNet_root_SGM,hand,11k_Hands_impostor_198,0001516,1000000,1081,1075,27,9,0.3333,False,0.3333,False,True,1.1277
ASpanFormer_indoor,hand,11k_Hands_impostor_198,0001516,1000000,57,57,57,23,0.4035,True,0.4035,False,False,2.3701
DeepDetect,hand,11k_Hands_impostor_198,0001516,1000000,9719,14905,17,9,0.5294,True,0.5294,False,False,1.3290
LoFTR_indoor,hand,11k_Hands_impostor_199,0001051,0001552,191,191,191,55,0.2880,False,0.2880,False,True,2.3573
ORB,hand,11k_Hands_impostor_199,0001051,0001552,261,449,6,0,,False,,False,True,
SIFT,hand,11k_Hands_impostor_199,0001051,0001552,89,133,2,0,,False,,False,True,
SuperGlue,hand,11k_Hands_impostor_199,0001051,0001552,260,202,0,0,,False,,False,True,
SGMNet_root_SGM,hand,11k_Hands_impostor_199,0001051,0001552,1482,773,6,0,,False,,False,True,
ASpanFormer_indoor,hand,11k_Hands_impostor_199,0001051,0001552,78,78,78,33,0.4231,True,0.4231,False,False,1.8665
DeepDetect,hand,11k_Hands_impostor_199,0001051,0001552,12612,10290,21,8,0.3810,True,0.3810,False,False,1.5572
LoFTR_indoor,hand,11k_Hands_impostor_200,0001527,0000571,187,187,187,33,0.1765,False,0.1765,False,True,2.4639
ORB,hand,11k_Hands_impostor_200,0001527,0000571,284,199,8,0,,False,,False,True,
SIFT,hand,11k_Hands_impostor_200,0001527,0000571,88,82,1,0,,False,,False,True,
SuperGlue,hand,11k_Hands_impostor_200,0001527,0000571,151,270,11,6,0.5455,True,0.5455,False,False,1.4253
SGMNet_root_SGM,hand,11k_Hands_impostor_200,0001527,0000571,698,1543,3,0,,False,,False,True,
ASpanFormer_indoor,hand,11k_Hands_impostor_200,0001527,0000571,110,110,110,28,0.2545,False,0.2545,False,True,2.0774
DeepDetect,hand,11k_Hands_impostor_200,0001527,0000571,8957,14420,20,14,0.7000,True,0.7000,False,False,0.9493
LoFTR_indoor,hand,11k_Hands_impostor_201,0001026,0001085,321,321,321,99,0.3084,False,0.3084,False,True,2.3537
ORB,hand,11k_Hands_impostor_201,0001026,0001085,171,636,3,0,,False,,False,True,
SIFT,hand,11k_Hands_impostor_201,0001026,0001085,66,229,2,0,,False,,False,True,
SuperGlue,hand,11k_Hands_impostor_201,0001026,0001085,196,399,26,10,0.3846,False,0.3846,False,True,1.9932
SGMNet_root_SGM,hand,11k_Hands_impostor_201,0001026,0001085,979,1147,29,8,0.2759,False,0.2759,False,True,0.7481
ASpanFormer_indoor,hand,11k_Hands_impostor_201,0001026,0001085,265,265,265,136,0.5132,True,0.5132,False,False,2.3818
DeepDetect,hand,11k_Hands_impostor_201,0001026,0001085,10733,15529,68,40,0.5882,True,0.5882,False,False,2.8849
LoFTR_indoor,hand,11k_Hands_impostor_202,0001510,0001066,314,314,314,78,0.2484,False,0.2484,False,True,2.5572
ORB,hand,11k_Hands_impostor_202,0001510,0001066,377,326,26,9,0.3462,False,0.3462,False,True,1.5030
SIFT,hand,11k_Hands_impostor_202,0001510,0001066,115,94,1,0,,False,,False,True,
SuperGlue,hand,11k_Hands_impostor_202,0001510,0001066,208,179,64,12,0.1875,False,0.1875,False,True,1.7264
SGMNet_root_SGM,hand,11k_Hands_impostor_202,0001510,0001066,1243,1057,126,15,0.1190,False,0.1190,False,True,1.5238
ASpanFormer_indoor,hand,11k_Hands_impostor_202,0001510,0001066,328,328,328,187,0.5701,True,0.5701,False,False,2.5974
DeepDetect,hand,11k_Hands_impostor_202,0001510,0001066,10809,11202,28,19,0.6786,True,0.6786,False,False,0.7073
LoFTR_indoor,hand,11k_Hands_impostor_203,0001552,0001559,244,244,244,60,0.2459,False,0.2459,False,True,2.5103
ORB,hand,11k_Hands_impostor_203,0001552,0001559,226,564,6,0,,False,,False,True,
SIFT,hand,11k_Hands_impostor_203,0001552,0001559,98,161,2,0,,False,,False,True,
SuperGlue,hand,11k_Hands_impostor_203,0001552,0001559,224,190,12,7,0.5833,True,0.5833,False,False,1.4455
SGMNet_root_SGM,hand,11k_Hands_impostor_203,0001552,0001559,1082,815,40,12,0.3000,False,0.3000,False,True,1.2064
ASpanFormer_indoor,hand,11k_Hands_impostor_203,0001552,0001559,193,193,193,137,0.7098,True,0.7098,False,False,2.4452
DeepDetect,hand,11k_Hands_impostor_203,0001552,0001559,12317,10528,19,12,0.6316,True,0.6316,False,False,1.1789
LoFTR_indoor,hand,11k_Hands_impostor_204,0001571,0000067,262,262,262,61,0.2328,False,0.2328,False,True,2.5939
ORB,hand,11k_Hands_impostor_204,0001571,0000067,321,217,14,0,,False,,False,True,
SIFT,hand,11k_Hands_impostor_204,0001571,0000067,74,81,3,0,,False,,False,True,
SuperGlue,hand,11k_Hands_impostor_204,0001571,0000067,159,226,11,8,0.7273,True,0.7273,False,False,0.7948
SGMNet_root_SGM,hand,11k_Hands_impostor_204,0001571,0000067,602,1295,13,0,,False,,False,True,
ASpanFormer_indoor,hand,11k_Hands_impostor_204,0001571,0000067,123,123,123,75,0.6098,True,0.6098,False,False,2.4906
DeepDetect,hand,11k_Hands_impostor_204,0001571,0000067,9968,12913,96,0,,False,,False,True,
LoFTR_indoor,hand,11k_Hands_impostor_205,0001546,0000529,193,193,193,63,0.3264,False,0.3264,False,True,2.5971
ORB,hand,11k_Hands_impostor_205,0001546,0000529,570,202,29,0,,False,,False,True,
SIFT,hand,11k_Hands_impostor_205,0001546,0000529,116,70,5,0,,False,,False,True,
SuperGlue,hand,11k_Hands_impostor_205,0001546,0000529,147,191,14,8,0.5714,True,0.5714,False,False,1.8270
SGMNet_root_SGM,hand,11k_Hands_impostor_205,0001546,0000529,627,1382,16,7,0.4375,True,0.4375,False,False,0.9320
ASpanFormer_indoor,hand,11k_Hands_impostor_205,0001546,0000529,178,178,178,105,0.5899,True,0.5899,False,False,2.3301
DeepDetect,hand,11k_Hands_impostor_205,0001546,0000529,9624,9800,10,0,,False,,False,True,
LoFTR_indoor,hand,11k_Hands_impostor_206,0001043,0001050,179,179,179,32,0.1788,False,0.1788,False,True,2.0450
ORB,hand,11k_Hands_impostor_206,0001043,0001050,144,404,9,0,,False,,False,True,
SIFT,hand,11k_Hands_impostor_206,0001043,0001050,61,124,1,0,,False,,False,True,
SuperGlue,hand,11k_Hands_impostor_206,0001043,0001050,229,249,38,10,0.2632,False,0.2632,False,True,2.1346
SGMNet_root_SGM,hand,11k_Hands_impostor_206,0001043,0001050,1534,1035,41,10,0.2439,False,0.2439,False,True,1.3658
ASpanFormer_indoor,hand,11k_Hands_impostor_206,0001043,0001050,145,145,145,49,0.3379,False,0.3379,False,True,2.8057
DeepDetect,hand,11k_Hands_impostor_206,0001043,0001050,10967,12391,46,27,0.5870,True,0.5870,False,False,1.0657
LoFTR_indoor,hand,11k_Hands_impostor_207,0000539,0001018,206,206,206,45,0.2184,False,0.2184,False,True,2.7279
ORB,hand,11k_Hands_impostor_207,0000539,0001018,243,653,2,0,,False,,False,True,
SIFT,hand,11k_Hands_impostor_207,0000539,0001018,109,141,5,0,,False,,False,True,
SuperGlue,hand,11k_Hands_impostor_207,0000539,0001018,186,175,0,0,,False,,False,True,
SGMNet_root_SGM,hand,11k_Hands_impostor_207,0000539,0001018,1054,792,18,0,,False,,False,True,
ASpanFormer_indoor,hand,11k_Hands_impostor_207,0000539,0001018,20,20,20,11,0.5500,True,0.5500,False,False,1.7574
DeepDetect,hand,11k_Hands_impostor_207,0000539,0001018,9314,10796,3,0,,False,,False,True,
LoFTR_indoor,hand,11k_Hands_impostor_208,0001019,0000065,211,211,211,30,0.1422,False,0.1422,False,True,2.0669
ORB,hand,11k_Hands_impostor_208,0001019,0000065,312,172,11,0,,False,,False,True,
SIFT,hand,11k_Hands_impostor_208,0001019,0000065,93,68,4,0,,False,,False,True,
SuperGlue,hand,11k_Hands_impostor_208,0001019,0000065,186,189,64,18,0.2812,False,0.2812,False,True,2.1191
SGMNet_root_SGM,hand,11k_Hands_impostor_208,0001019,0000065,720,1172,12,6,0.5000,True,0.5000,False,False,0.4826
ASpanFormer_indoor,hand,11k_Hands_impostor_208,0001019,0000065,121,121,121,36,0.2975,False,0.2975,False,True,2.7801
DeepDetect,hand,11k_Hands_impostor_208,0001019,0000065,9631,10948,18,0,,False,,False,True,
LoFTR_indoor,hand,11k_Hands_impostor_209,0001089,0001073,138,138,138,24,0.1739,False,0.1739,False,True,2.2586
ORB,hand,11k_Hands_impostor_209,0001089,0001073,164,191,7,0,,False,,False,True,
SIFT,hand,11k_Hands_impostor_209,0001089,0001073,64,76,10,0,,False,,False,True,
SuperGlue,hand,11k_Hands_impostor_209,0001089,0001073,211,165,6,0,,False,,False,True,
SGMNet_root_SGM,hand,11k_Hands_impostor_209,0001089,0001073,1121,871,65,0,,False,,False,True,
ASpanFormer_indoor,hand,11k_Hands_impostor_209,0001089,0001073,77,77,77,35,0.4545,True,0.4545,False,False,1.6171
DeepDetect,hand,11k_Hands_impostor_209,0001089,0001073,10618,8113,52,0,,False,,False,True,
LoFTR_indoor,hand,11k_Hands_impostor_210,0001026,0001545,286,286,286,58,0.2028,False,0.2028,False,True,2.6055
ORB,hand,11k_Hands_impostor_210,0001026,0001545,260,423,3,0,,False,,False,True,
SIFT,hand,11k_Hands_impostor_210,0001026,0001545,81,132,0,0,,False,,False,True,
SuperGlue,hand,11k_Hands_impostor_210,0001026,0001545,189,289,4,0,,False,,False,True,
SGMNet_root_SGM,hand,11k_Hands_impostor_210,0001026,0001545,907,1401,22,8,0.3636,False,0.3636,False,True,0.9394
ASpanFormer_indoor,hand,11k_Hands_impostor_210,0001026,0001545,195,195,195,82,0.4205,True,0.4205,False,False,2.0800
DeepDetect,hand,11k_Hands_impostor_210,0001026,0001545,10594,14747,42,0,,False,,False,True,
LoFTR_indoor,hand,11k_Hands_impostor_211,0000066,0001518,291,291,291,56,0.1924,False,0.1924,False,True,2.4654
ORB,hand,11k_Hands_impostor_211,0000066,0001518,152,96,13,9,0.6923,True,0.6923,False,False,1.3267
SIFT,hand,11k_Hands_impostor_211,0000066,0001518,102,53,7,4,0.5714,True,0.5714,False,False,0.0000
SuperGlue,hand,11k_Hands_impostor_211,0000066,0001518,245,223,0,0,,False,,False,True,
SGMNet_root_SGM,hand,11k_Hands_impostor_211,0000066,0001518,1449,1294,47,11,0.2340,False,0.2340,False,True,1.0178
ASpanFormer_indoor,hand,11k_Hands_impostor_211,0000066,0001518,216,216,216,62,0.2870,False,0.2870,False,True,2.3342
DeepDetect,hand,11k_Hands_impostor_211,0000066,0001518,11955,12747,147,0,,False,,False,True,
LoFTR_indoor,hand,11k_Hands_impostor_212,0001531,0001594,694,694,694,259,0.3732,False,0.3732,False,True,2.6321
ORB,hand,11k_Hands_impostor_212,0001531,0001594,420,302,27,10,0.3704,False,0.3704,False,True,1.9258
SIFT,hand,11k_Hands_impostor_212,0001531,0001594,124,122,21,0,,False,,False,True,
SuperGlue,hand,11k_Hands_impostor_212,0001531,0001594,255,232,60,25,0.4167,False,0.4167,False,True,2.1291
SGMNet_root_SGM,hand,11k_Hands_impostor_212,0001531,0001594,1200,1035,197,38,0.1929,False,0.1929,False,True,1.5679
ASpanFormer_indoor,hand,11k_Hands_impostor_212,0001531,0001594,606,606,606,325,0.5363,True,0.5363,False,False,2.3340
DeepDetect,hand,11k_Hands_impostor_212,0001531,0001594,12478,12568,82,43,0.5244,True,0.5244,False,False,2.3193
LoFTR_indoor,hand,11k_Hands_impostor_213,1200000,0001525,218,218,218,72,0.3303,False,0.3303,False,True,1.9987
ORB,hand,11k_Hands_impostor_213,1200000,0001525,576,192,34,0,,False,,False,True,
SIFT,hand,11k_Hands_impostor_213,1200000,0001525,176,73,6,0,,False,,False,True,
SuperGlue,hand,11k_Hands_impostor_213,1200000,0001525,224,165,12,7,0.5833,True,0.5833,False,False,1.2907
SGMNet_root_SGM,hand,11k_Hands_impostor_213,1200000,0001525,938,963,24,8,0.3333,False,0.3333,False,True,0.9288
ASpanFormer_indoor,hand,11k_Hands_impostor_213,1200000,0001525,48,48,48,24,0.5000,True,0.5000,False,False,1.9866
DeepDetect,hand,11k_Hands_impostor_213,1200000,0001525,11355,9887,17,0,,False,,False,True,
LoFTR_indoor,hand,11k_Hands_impostor_214,0001560,0000025,160,160,160,41,0.2562,False,0.2562,False,True,2.3600
ORB,hand,11k_Hands_impostor_214,0001560,0000025,570,652,21,0,,False,,False,True,
SIFT,hand,11k_Hands_impostor_214,0001560,0000025,169,193,4,0,,False,,False,True,
SuperGlue,hand,11k_Hands_impostor_214,0001560,0000025,232,317,0,0,,False,,False,True,
SGMNet_root_SGM,hand,11k_Hands_impostor_214,0001560,0000025,1156,1280,125,14,0.1120,False,0.1120,False,True,1.3954
ASpanFormer_indoor,hand,11k_Hands_impostor_214,0001560,0000025,148,148,148,59,0.3986,False,0.3986,False,True,2.3847
DeepDetect,hand,11k_Hands_impostor_214,0001560,0000025,12166,17961,14,7,0.5000,True,0.5000,False,False,0.7123
LoFTR_indoor,hand,11k_Hands_impostor_215,0001075,0000064,219,219,219,33,0.1507,False,0.1507,False,True,2.2793
ORB,hand,11k_Hands_impostor_215,0001075,0000064,314,379,17,0,,False,,False,True,
SIFT,hand,11k_Hands_impostor_215,0001075,0000064,115,133,5,0,,False,,False,True,
SuperGlue,hand,11k_Hands_impostor_215,0001075,0000064,217,206,3,0,,False,,False,True,
SGMNet_root_SGM,hand,11k_Hands_impostor_215,0001075,0000064,990,1057,25,0,,False,,False,True,
ASpanFormer_indoor,hand,11k_Hands_impostor_215,0001075,0000064,83,83,83,33,0.3976,False,0.3976,False,True,2.2973
DeepDetect,hand,11k_Hands_impostor_215,0001075,0000064,10057,13668,14,0,,False,,False,True,
LoFTR_indoor,hand,11k_Hands_impostor_216,0001039,0001547,241,241,241,43,0.1784,False,0.1784,False,True,2.3690
ORB,hand,11k_Hands_impostor_216,0001039,0001547,286,261,3,0,,False,,False,True,
SIFT,hand,11k_Hands_impostor_216,0001039,0001547,117,83,3,0,,False,,False,True,
SuperGlue,hand,11k_Hands_impostor_216,0001039,0001547,178,236,1,0,,False,,False,True,
SGMNet_root_SGM,hand,11k_Hands_impostor_216,0001039,0001547,1068,1203,10,0,,False,,False,True,
ASpanFormer_indoor,hand,11k_Hands_impostor_216,0001039,0001547,127,127,127,73,0.5748,True,0.5748,False,False,2.1740
DeepDetect,hand,11k_Hands_impostor_216,0001039,0001547,10635,11347,17,0,,False,,False,True,
LoFTR_indoor,hand,11k_Hands_impostor_217,0000064,0001082,361,361,361,156,0.4321,False,0.4321,False,True,2.5769
ORB,hand,11k_Hands_impostor_217,0000064,0001082,386,300,26,0,,False,,False,True,
SIFT,hand,11k_Hands_impostor_217,0000064,0001082,130,86,16,7,0.4375,False,0.4375,False,True,1.0185
SuperGlue,hand,11k_Hands_impostor_217,0000064,0001082,201,126,55,28,0.5091,True,0.5091,False,False,2.4671
SGMNet_root_SGM,hand,11k_Hands_impostor_217,0000064,0001082,1141,532,25,10,0.4000,True,0.4000,False,False,1.0889
ASpanFormer_indoor,hand,11k_Hands_impostor_217,0000064,0001082,311,311,311,197,0.6334,True,0.6334,False,False,1.8584
DeepDetect,hand,11k_Hands_impostor_217,0000064,0001082,12545,8611,8,5,0.6250,True,0.6250,False,False,0.1047
LoFTR_indoor,hand,11k_Hands_impostor_218,0001052,0001002,348,348,348,162,0.4655,True,0.4655,False,False,2.1493
ORB,hand,11k_Hands_impostor_218,0001052,0001002,376,333,31,0,,False,,False,True,
SIFT,hand,11k_Hands_impostor_218,0001052,0001002,96,115,15,0,,False,,False,True,
SuperGlue,hand,11k_Hands_impostor_218,0001052,0001002,174,178,0,0,,False,,False,True,
SGMNet_root_SGM,hand,11k_Hands_impostor_218,0001052,0001002,926,874,88,26,0.2955,False,0.2955,False,True,1.4315
ASpanFormer_indoor,hand,11k_Hands_impostor_218,0001052,0001002,156,156,156,73,0.4679,True,0.4679,False,False,2.1830
DeepDetect,hand,11k_Hands_impostor_218,0001052,0001002,10517,11294,57,37,0.6491,True,0.6491,False,False,0.6519
LoFTR_indoor,hand,11k_Hands_impostor_219,0001527,0001546,116,116,116,41,0.3534,False,0.3534,False,True,2.3328
ORB,hand,11k_Hands_impostor_219,0001527,0001546,569,643,17,0,,False,,False,True,
SIFT,hand,11k_Hands_impostor_219,0001527,0001546,127,141,5,0,,False,,False,True,
SuperGlue,hand,11k_Hands_impostor_219,0001527,0001546,169,131,36,11,0.3056,False,0.3056,False,True,1.9844
SGMNet_root_SGM,hand,11k_Hands_impostor_219,0001527,0001546,1067,541,15,6,0.4000,True,0.4000,False,False,0.3156
ASpanFormer_indoor,hand,11k_Hands_impostor_219,0001527,0001546,62,62,62,28,0.4516,True,0.4516,False,False,1.6513
DeepDetect,hand,11k_Hands_impostor_219,0001527,0001546,10637,9075,10,0,,False,,False,True,
LoFTR_indoor,hand,11k_Hands_impostor_220,0001034,0000028,207,207,207,32,0.1546,False,0.1546,False,True,2.5006
ORB,hand,11k_Hands_impostor_220,0001034,0000028,609,226,27,0,,False,,False,True,
SIFT,hand,11k_Hands_impostor_220,0001034,0000028,213,89,7,0,,False,,False,True,
SuperGlue,hand,11k_Hands_impostor_220,0001034,0000028,183,287,0,0,,False,,False,True,
SGMNet_root_SGM,hand,11k_Hands_impostor_220,0001034,0000028,745,1203,26,5,0.1923,False,0.1923,False,True,0.4485
ASpanFormer_indoor,hand,11k_Hands_impostor_220,0001034,0000028,66,66,66,23,0.3485,False,0.3485,False,True,1.8404
DeepDetect,hand,11k_Hands_impostor_220,0001034,0000028,9943,10872,26,11,0.4231,True,0.4231,False,False,1.0206
LoFTR_indoor,hand,11k_Hands_impostor_221,0000010,0000525,195,195,195,34,0.1744,False,0.1744,False,True,2.1709
ORB,hand,11k_Hands_impostor_221,0000010,0000525,189,723,6,0,,False,,False,True,
SIFT,hand,11k_Hands_impostor_221,0000010,0000525,89,144,4,0,,False,,False,True,
SuperGlue,hand,11k_Hands_impostor_221,0000010,0000525,212,270,30,9,0.3000,False,0.3000,False,True,1.8813
SGMNet_root_SGM,hand,11k_Hands_impostor_221,0000010,0000525,1085,1557,20,0,,False,,False,True,
ASpanFormer_indoor,hand,11k_Hands_impostor_221,0000010,0000525,163,163,163,77,0.4724,True,0.4724,False,False,2.4628
DeepDetect,hand,11k_Hands_impostor_221,0000010,0000525,10551,13481,25,16,0.6400,True,0.6400,False,False,1.3456
LoFTR_indoor,hand,11k_Hands_impostor_222,0001021,0000570,170,170,170,40,0.2353,False,0.2353,False,True,2.6516
ORB,hand,11k_Hands_impostor_222,0001021,0000570,360,372,9,0,,False,,False,True,
SIFT,hand,11k_Hands_impostor_222,0001021,0000570,96,283,0,0,,False,,False,True,
SuperGlue,hand,11k_Hands_impostor_222,0001021,0000570,221,246,1,0,,False,,False,True,
SGMNet_root_SGM,hand,11k_Hands_impostor_222,0001021,0000570,1290,830,11,0,,False,,False,True,
ASpanFormer_indoor,hand,11k_Hands_impostor_222,0001021,0000570,166,166,166,76,0.4578,True,0.4578,False,False,2.3657
DeepDetect,hand,11k_Hands_impostor_222,0001021,0000570,11836,11967,106,0,,False,,False,True,
LoFTR_indoor,hand,11k_Hands_impostor_223,0001588,0001573,196,196,196,42,0.2143,False,0.2143,False,True,2.6914
ORB,hand,11k_Hands_impostor_223,0001588,0001573,368,383,14,0,,False,,False,True,
SIFT,hand,11k_Hands_impostor_223,0001588,0001573,121,113,3,0,,False,,False,True,
SuperGlue,hand,11k_Hands_impostor_223,0001588,0001573,190,226,0,0,,False,,False,True,
SGMNet_root_SGM,hand,11k_Hands_impostor_223,0001588,0001573,1107,841,17,6,0.3529,False,0.3529,False,True,0.6047
ASpanFormer_indoor,hand,11k_Hands_impostor_223,0001588,0001573,49,49,49,22,0.4490,True,0.4490,False,False,2.1986
DeepDetect,hand,11k_Hands_impostor_223,0001588,0001573,10268,10061,5,0,,False,,False,True,
LoFTR_indoor,hand,11k_Hands_impostor_224,0001059,0000088,363,363,363,106,0.2920,False,0.2920,False,True,2.4194
ORB,hand,11k_Hands_impostor_224,0001059,0000088,428,137,22,0,,False,,False,True,
SIFT,hand,11k_Hands_impostor_224,0001059,0000088,148,103,9,4,0.4444,False,0.4444,False,True,0.0000
SuperGlue,hand,11k_Hands_impostor_224,0001059,0000088,249,238,16,7,0.4375,False,0.4375,False,True,1.8573
SGMNet_root_SGM,hand,11k_Hands_impostor_224,0001059,0000088,1422,1169,36,9,0.2500,False,0.2500,False,True,0.9464
ASpanFormer_indoor,hand,11k_Hands_impostor_224,0001059,0000088,222,222,222,128,0.5766,True,0.5766,False,False,2.4300
DeepDetect,hand,11k_Hands_impostor_224,0001059,0000088,14212,15144,135,0,,False,,False,True,
LoFTR_indoor,hand,11k_Hands_impostor_225,0000576,0001552,110,110,110,52,0.4727,True,0.4727,False,False,1.4701
ORB,hand,11k_Hands_impostor_225,0000576,0001552,287,340,16,7,0.4375,False,0.4375,False,True,0.9981
SIFT,hand,11k_Hands_impostor_225,0000576,0001552,80,102,1,0,,False,,False,True,
SuperGlue,hand,11k_Hands_impostor_225,0000576,0001552,202,223,5,0,,False,,False,True,
SGMNet_root_SGM,hand,11k_Hands_impostor_225,0000576,0001552,959,728,38,9,0.2368,False,0.2368,False,True,0.6149
ASpanFormer_indoor,hand,11k_Hands_impostor_225,0000576,0001552,139,139,139,75,0.5396,True,0.5396,False,False,2.1403
DeepDetect,hand,11k_Hands_impostor_225,0000576,0001552,11062,11175,31,0,,False,,False,True,
LoFTR_indoor,hand,11k_Hands_impostor_226,0000088,0001020,118,118,118,17,0.1441,False,0.1441,False,True,2.0502
ORB,hand,11k_Hands_impostor_226,0000088,0001020,116,675,3,0,,False,,False,True,
SIFT,hand,11k_Hands_impostor_226,0000088,0001020,88,204,3,0,,False,,False,True,
SuperGlue,hand,11k_Hands_impostor_226,0000088,0001020,194,230,0,0,,False,,False,True,
SGMNet_root_SGM,hand,11k_Hands_impostor_226,0000088,0001020,703,871,14,5,0.3571,False,0.3571,False,True,0.6259
ASpanFormer_indoor,hand,11k_Hands_impostor_226,0000088,0001020,30,30,30,15,0.5000,True,0.5000,False,False,1.5388
DeepDetect,hand,11k_Hands_impostor_226,0000088,0001020,13625,12395,11,0,,False,,False,True,
LoFTR_indoor,hand,11k_Hands_impostor_227,1100000,0000528,134,134,134,22,0.1642,False,0.1642,False,True,1.8975
ORB,hand,11k_Hands_impostor_227,1100000,0000528,228,583,6,0,,False,,False,True,
SIFT,hand,11k_Hands_impostor_227,1100000,0000528,87,171,3,0,,False,,False,True,
SuperGlue,hand,11k_Hands_impostor_227,1100000,0000528,203,238,0,0,,False,,False,True,
SGMNet_root_SGM,hand,11k_Hands_impostor_227,1100000,0000528,1172,1248,45,10,0.2222,False,0.2222,False,True,1.1365
ASpanFormer_indoor,hand,11k_Hands_impostor_227,1100000,0000528,67,67,67,22,0.3284,False,0.3284,False,True,1.5522
DeepDetect,hand,11k_Hands_impostor_227,1100000,0000528,11468,11885,43,36,0.8372,True,0.8372,False,False,0.5039
LoFTR_indoor,hand,11k_Hands_impostor_228,8000000,0000574,181,181,181,93,0.5138,True,0.5138,False,False,2.2221
ORB,hand,11k_Hands_impostor_228,8000000,0000574,336,214,14,0,,False,,False,True,
SIFT,hand,11k_Hands_impostor_228,8000000,0000574,163,86,4,0,,False,,False,True,
SuperGlue,hand,11k_Hands_impostor_228,8000000,0000574,194,166,43,24,0.5581,True,0.5581,False,False,2.2255
SGMNet_root_SGM,hand,11k_Hands_impostor_228,8000000,0000574,1564,567,19,12,0.6316,True,0.6316,False,False,1.0730
ASpanFormer_indoor,hand,11k_Hands_impostor_228,8000000,0000574,84,84,84,61,0.7262,True,0.7262,False,False,1.3580
DeepDetect,hand,11k_Hands_impostor_228,8000000,0000574,13027,7695,28,14,0.5000,True,0.5000,False,False,2.0654
LoFTR_indoor,hand,11k_Hands_impostor_229,0000066,0001051,562,562,562,165,0.2936,False,0.2936,False,True,2.4367
ORB,hand,11k_Hands_impostor_229,0000066,0001051,426,508,31,13,0.4194,False,0.4194,False,True,1.7410
SIFT,hand,11k_Hands_impostor_229,0000066,0001051,150,157,7,0,,False,,False,True,
SuperGlue,hand,11k_Hands_impostor_229,0000066,0001051,227,215,116,43,0.3707,False,0.3707,False,True,2.6107
SGMNet_root_SGM,hand,11k_Hands_impostor_229,0000066,0001051,1214,1000,63,17,0.2698,False,0.2698,False,True,1.3726
ASpanFormer_indoor,hand,11k_Hands_impostor_229,0000066,0001051,376,376,376,238,0.6330,True,0.6330,False,False,1.9344
DeepDetect,hand,11k_Hands_impostor_229,0000066,0001051,13137,12953,55,31,0.5636,True,0.5636,False,False,2.0539
LoFTR_indoor,hand,11k_Hands_impostor_230,0000028,0001008,441,441,441,169,0.3832,False,0.3832,False,True,2.5029
ORB,hand,11k_Hands_impostor_230,0000028,0001008,398,353,25,10,0.4000,False,0.4000,False,True,1.1604
SIFT,hand,11k_Hands_impostor_230,0000028,0001008,128,107,5,0,,False,,False,True,
SuperGlue,hand,11k_Hands_impostor_230,0000028,0001008,260,213,72,25,0.3472,False,0.3472,False,True,2.0921
SGMNet_root_SGM,hand,11k_Hands_impostor_230,0000028,0001008,1408,1024,66,15,0.2273,False,0.2273,False,True,1.7002
ASpanFormer_indoor,hand,11k_Hands_impostor_230,0000028,0001008,476,476,476,293,0.6155,True,0.6155,False,False,2.2702
DeepDetect,hand,11k_Hands_impostor_230,0000028,0001008,10373,10945,156,100,0.6410,True,0.6410,False,False,1.5448
LoFTR_indoor,hand,11k_Hands_impostor_231,0001571,0001513,255,255,255,48,0.1882,False,0.1882,False,True,1.9237
ORB,hand,11k_Hands_impostor_231,0001571,0001513,241,318,9,0,,False,,False,True,
SIFT,hand,11k_Hands_impostor_231,0001571,0001513,79,93,4,0,,False,,False,True,
SuperGlue,hand,11k_Hands_impostor_231,0001571,0001513,178,250,0,0,,False,,False,True,
SGMNet_root_SGM,hand,11k_Hands_impostor_231,0001571,0001513,706,1108,24,0,,False,,False,True,
ASpanFormer_indoor,hand,11k_Hands_impostor_231,0001571,0001513,73,73,73,25,0.3425,False,0.3425,False,True,1.9268
DeepDetect,hand,11k_Hands_impostor_231,0001571,0001513,9884,12433,19,0,,False,,False,True,
LoFTR_indoor,hand,11k_Hands_impostor_232,0001537,0001573,396,396,396,131,0.3308,False,0.3308,False,True,2.6509
ORB,hand,11k_Hands_impostor_232,0001537,0001573,425,381,4,0,,False,,False,True,
SIFT,hand,11k_Hands_impostor_232,0001537,0001573,115,113,4,0,,False,,False,True,
SuperGlue,hand,11k_Hands_impostor_232,0001537,0001573,175,227,98,27,0.2755,False,0.2755,False,True,2.2617
SGMNet_root_SGM,hand,11k_Hands_impostor_232,0001537,0001573,757,806,27,8,0.2963,False,0.2963,False,True,1.1622
ASpanFormer_indoor,hand,11k_Hands_impostor_232,0001537,0001573,204,204,204,80,0.3922,False,0.3922,False,True,2.2089
DeepDetect,hand,11k_Hands_impostor_232,0001537,0001573,9192,9954,15,10,0.6667,True,0.6667,False,False,1.9685
LoFTR_indoor,hand,11k_Hands_impostor_233,0001029,0001059,162,162,162,34,0.2099,False,0.2099,False,True,2.2506
ORB,hand,11k_Hands_impostor_233,0001029,0001059,264,292,12,5,0.4167,False,0.4167,False,True,0.1132
SIFT,hand,11k_Hands_impostor_233,0001029,0001059,120,102,0,0,,False,,False,True,
SuperGlue,hand,11k_Hands_impostor_233,0001029,0001059,256,186,0,0,,False,,False,True,
SGMNet_root_SGM,hand,11k_Hands_impostor_233,0001029,0001059,1638,949,31,9,0.2903,False,0.2903,False,True,1.3971
ASpanFormer_indoor,hand,11k_Hands_impostor_233,0001029,0001059,133,133,133,53,0.3985,False,0.3985,False,True,1.9268
DeepDetect,hand,11k_Hands_impostor_233,0001029,0001059,14195,9913,30,0,,False,,False,True,
LoFTR_indoor,hand,11k_Hands_impostor_234,2000000,0001003,178,178,178,33,0.1854,False,0.1854,False,True,2.2290
ORB,hand,11k_Hands_impostor_234,2000000,0001003,144,286,6,0,,False,,False,True,
SIFT,hand,11k_Hands_impostor_234,2000000,0001003,109,90,2,0,,False,,False,True,
SuperGlue,hand,11k_Hands_impostor_234,2000000,0001003,250,262,1,0,,False,,False,True,
SGMNet_root_SGM,hand,11k_Hands_impostor_234,2000000,0001003,911,985,24,7,0.2917,False,0.2917,False,True,0.8890
ASpanFormer_indoor,hand,11k_Hands_impostor_234,2000000,0001003,53,53,53,17,0.3208,False,0.3208,False,True,2.1629
DeepDetect,hand,11k_Hands_impostor_234,2000000,0001003,12757,11533,151,0,,False,,False,True,
LoFTR_indoor,hand,11k_Hands_impostor_235,0000084,0000062,210,210,210,26,0.1238,False,0.1238,False,True,2.3730
ORB,hand,11k_Hands_impostor_235,0000084,0000062,363,257,3,0,,False,,False,True,
SIFT,hand,11k_Hands_impostor_235,0000084,0000062,119,134,3,0,,False,,False,True,
SuperGlue,hand,11k_Hands_impostor_235,0000084,0000062,254,186,0,0,,False,,False,True,
SGMNet_root_SGM,hand,11k_Hands_impostor_235,0000084,0000062,1141,1525,15,6,0.4000,True,0.4000,False,False,0.3618
ASpanFormer_indoor,hand,11k_Hands_impostor_235,0000084,0000062,93,93,93,34,0.3656,False,0.3656,False,True,1.4779
DeepDetect,hand,11k_Hands_impostor_235,0000084,0000062,13083,10093,69,31,0.4493,True,0.4493,False,False,1.6081
LoFTR_indoor,hand,11k_Hands_impostor_236,0000587,0001544,178,178,178,31,0.1742,False,0.1742,False,True,2.1534
ORB,hand,11k_Hands_impostor_236,0000587,0001544,509,160,31,0,,False,,False,True,
SIFT,hand,11k_Hands_impostor_236,0000587,0001544,167,77,1,0,,False,,False,True,
SuperGlue,hand,11k_Hands_impostor_236,0000587,0001544,181,235,0,0,,False,,False,True,
SGMNet_root_SGM,hand,11k_Hands_impostor_236,0000587,0001544,998,1043,38,10,0.2632,False,0.2632,False,True,0.9344
ASpanFormer_indoor,hand,11k_Hands_impostor_236,0000587,0001544,114,114,114,39,0.3421,False,0.3421,False,True,2.5568
DeepDetect,hand,11k_Hands_impostor_236,0000587,0001544,10619,12309,17,0,,False,,False,True,
LoFTR_indoor,hand,11k_Hands_impostor_237,0001555,0001510,227,227,227,42,0.1850,False,0.1850,False,True,2.2358
ORB,hand,11k_Hands_impostor_237,0001555,0001510,334,297,12,0,,False,,False,True,
SIFT,hand,11k_Hands_impostor_237,0001555,0001510,139,104,4,0,,False,,False,True,
SuperGlue,hand,11k_Hands_impostor_237,0001555,0001510,253,183,0,0,,False,,False,True,
SGMNet_root_SGM,hand,11k_Hands_impostor_237,0001555,0001510,1425,1131,69,14,0.2029,False,0.2029,False,True,1.2238
ASpanFormer_indoor,hand,11k_Hands_impostor_237,0001555,0001510,69,69,69,37,0.5362,True,0.5362,False,False,1.9527
DeepDetect,hand,11k_Hands_impostor_237,0001555,0001510,12115,10294,7,0,,False,,False,True,
LoFTR_indoor,hand,11k_Hands_impostor_238,0001558,0000062,559,559,559,175,0.3131,False,0.3131,False,True,2.5555
ORB,hand,11k_Hands_impostor_238,0001558,0000062,587,343,56,12,0.2143,False,0.2143,False,True,1.7013
SIFT,hand,11k_Hands_impostor_238,0001558,0000062,186,127,11,0,,False,,False,True,
SuperGlue,hand,11k_Hands_impostor_238,0001558,0000062,186,213,27,11,0.4074,False,0.4074,False,True,2.0271
SGMNet_root_SGM,hand,11k_Hands_impostor_238,0001558,0000062,989,857,127,27,0.2126,False,0.2126,False,True,1.5185
ASpanFormer_indoor,hand,11k_Hands_impostor_238,0001558,0000062,432,432,432,181,0.4190,True,0.4190,False,False,2.1197
DeepDetect,hand,11k_Hands_impostor_238,0001558,0000062,11770,10987,53,27,0.5094,True,0.5094,False,False,3.5310
LoFTR_indoor,hand,11k_Hands_impostor_239,0001525,0001050,127,127,127,42,0.3307,False,0.3307,False,True,2.4327
ORB,hand,11k_Hands_impostor_239,0001525,0001050,190,422,9,0,,False,,False,True,
SIFT,hand,11k_Hands_impostor_239,0001525,0001050,59,160,4,0,,False,,False,True,
SuperGlue,hand,11k_Hands_impostor_239,0001525,0001050,157,386,6,0,,False,,False,True,
SGMNet_root_SGM,hand,11k_Hands_impostor_239,0001525,0001050,728,1472,17,5,0.2941,False,0.2941,False,True,0.5837
ASpanFormer_indoor,hand,11k_Hands_impostor_239,0001525,0001050,42,42,42,23,0.5476,True,0.5476,False,False,1.2948
DeepDetect,hand,11k_Hands_impostor_239,0001525,0001050,8820,17697,2,0,,False,,False,True,
LoFTR_indoor,hand,11k_Hands_impostor_240,0001019,0001518,439,439,439,183,0.4169,False,0.4169,False,True,2.5064
ORB,hand,11k_Hands_impostor_240,0001019,0001518,237,88,29,12,0.4138,False,0.4138,False,True,1.0446
SIFT,hand,11k_Hands_impostor_240,0001019,0001518,59,57,7,0,,False,,False,True,
SuperGlue,hand,11k_Hands_impostor_240,0001019,0001518,151,163,15,0,,False,,False,True,
SGMNet_root_SGM,hand,11k_Hands_impostor_240,0001019,0001518,710,1184,76,21,0.2763,False,0.2763,False,True,1.3226
ASpanFormer_indoor,hand,11k_Hands_impostor_240,0001019,0001518,266,266,266,118,0.4436,True,0.4436,False,False,2.4370
DeepDetect,hand,11k_Hands_impostor_240,0001019,0001518,9305,10131,43,33,0.7674,True,0.7674,False,False,1.4526
LoFTR_indoor,hand,11k_Hands_impostor_241,0000570,0000518,163,163,163,24,0.1472,False,0.1472,False,True,3.0994
ORB,hand,11k_Hands_impostor_241,0000570,0000518,377,143,12,0,,False,,False,True,
SIFT,hand,11k_Hands_impostor_241,0000570,0000518,279,70,4,0,,False,,False,True,
SuperGlue,hand,11k_Hands_impostor_241,0000570,0000518,198,214,0,0,,False,,False,True,
SGMNet_root_SGM,hand,11k_Hands_impostor_241,0000570,0000518,772,1442,15,8,0.5333,True,0.5333,False,False,0.8367
ASpanFormer_indoor,hand,11k_Hands_impostor_241,0000570,0000518,69,69,69,23,0.3333,False,0.3333,False,True,2.4176
DeepDetect,hand,11k_Hands_impostor_241,0000570,0000518,9800,12988,19,16,0.8421,True,0.8421,False,False,0.7692
LoFTR_indoor,hand,11k_Hands_impostor_242,0001552,4000000,210,210,210,74,0.3524,False,0.3524,False,True,2.5592
ORB,hand,11k_Hands_impostor_242,0001552,4000000,457,343,19,0,,False,,False,True,
SIFT,hand,11k_Hands_impostor_242,0001552,4000000,121,89,9,0,,False,,False,True,
SuperGlue,hand,11k_Hands_impostor_242,0001552,4000000,175,187,62,17,0.2742,False,0.2742,False,True,2.2828
SGMNet_root_SGM,hand,11k_Hands_impostor_242,0001552,4000000,741,643,25,6,0.2400,False,0.2400,False,True,0.5685
ASpanFormer_indoor,hand,11k_Hands_impostor_242,0001552,4000000,284,284,284,134,0.4718,True,0.4718,False,False,2.3680
DeepDetect,hand,11k_Hands_impostor_242,0001552,4000000,9827,11265,0,0,,False,,False,True,
LoFTR_indoor,hand,11k_Hands_impostor_243,0001032,0001540,234,234,234,46,0.1966,False,0.1966,False,True,2.5430
ORB,hand,11k_Hands_impostor_243,0001032,0001540,471,164,26,0,,False,,False,True,
SIFT,hand,11k_Hands_impostor_243,0001032,0001540,102,61,3,0,,False,,False,True,
SuperGlue,hand,11k_Hands_impostor_243,0001032,0001540,222,248,0,0,,False,,False,True,
SGMNet_root_SGM,hand,11k_Hands_impostor_243,0001032,0001540,942,1333,26,9,0.3462,False,0.3462,False,True,0.8673
ASpanFormer_indoor,hand,11k_Hands_impostor_243,0001032,0001540,176,176,176,93,0.5284,True,0.5284,False,False,2.2303
DeepDetect,hand,11k_Hands_impostor_243,0001032,0001540,11418,12591,1,0,,False,,False,True,
LoFTR_indoor,hand,11k_Hands_impostor_244,0000596,0000543,298,298,298,104,0.3490,False,0.3490,False,True,2.6440
ORB,hand,11k_Hands_impostor_244,0000596,0000543,313,109,14,0,,False,,False,True,
SIFT,hand,11k_Hands_impostor_244,0000596,0000543,149,92,4,0,,False,,False,True,
SuperGlue,hand,11k_Hands_impostor_244,0000596,0000543,237,196,11,0,,False,,False,True,
SGMNet_root_SGM,hand,11k_Hands_impostor_244,0000596,0000543,997,1312,23,7,0.3043,False,0.3043,False,True,0.8830
ASpanFormer_indoor,hand,11k_Hands_impostor_244,0000596,0000543,279,279,279,160,0.5735,True,0.5735,False,False,2.4013
DeepDetect,hand,11k_Hands_impostor_244,0000596,0000543,11852,10723,3,0,,False,,False,True,
LoFTR_indoor,hand,11k_Hands_impostor_245,0000532,0001070,198,198,198,54,0.2727,False,0.2727,False,True,2.0313
ORB,hand,11k_Hands_impostor_245,0000532,0001070,229,285,8,0,,False,,False,True,
SIFT,hand,11k_Hands_impostor_245,0000532,0001070,96,63,3,0,,False,,False,True,
SuperGlue,hand,11k_Hands_impostor_245,0000532,0001070,155,190,0,0,,False,,False,True,
SGMNet_root_SGM,hand,11k_Hands_impostor_245,0000532,0001070,1020,715,26,8,0.3077,False,0.3077,False,True,1.0737
ASpanFormer_indoor,hand,11k_Hands_impostor_245,0000532,0001070,331,331,331,212,0.6405,True,0.6405,False,False,1.3428
DeepDetect,hand,11k_Hands_impostor_245,0000532,0001070,8643,9773,46,27,0.5870,True,0.5870,False,False,3.0480
LoFTR_indoor,hand,11k_Hands_impostor_246,0001020,0001013,158,158,158,44,0.2785,False,0.2785,False,True,2.3463
ORB,hand,11k_Hands_impostor_246,0001020,0001013,304,396,11,9,0.8182,True,0.8182,False,False,1.3026
SIFT,hand,11k_Hands_impostor_246,0001020,0001013,88,123,11,5,0.4545,True,0.4545,False,False,1.1225
SuperGlue,hand,11k_Hands_impostor_246,0001020,0001013,341,209,30,12,0.4000,False,0.4000,False,True,1.6695
SGMNet_root_SGM,hand,11k_Hands_impostor_246,0001020,0001013,1174,897,17,7,0.4118,True,0.4118,False,False,1.0044
ASpanFormer_indoor,hand,11k_Hands_impostor_246,0001020,0001013,179,179,179,88,0.4916,True,0.4916,False,False,1.9799
DeepDetect,hand,11k_Hands_impostor_246,0001020,0001013,18369,10666,21,11,0.5238,True,0.5238,False,False,1.3025
LoFTR_indoor,hand,11k_Hands_impostor_247,0000000,0001019,182,182,182,41,0.2253,False,0.2253,False,True,2.4120
ORB,hand,11k_Hands_impostor_247,0000000,0001019,140,242,2,0,,False,,False,True,
SIFT,hand,11k_Hands_impostor_247,0000000,0001019,58,72,1,0,,False,,False,True,
SuperGlue,hand,11k_Hands_impostor_247,0000000,0001019,196,154,1,0,,False,,False,True,
SGMNet_root_SGM,hand,11k_Hands_impostor_247,0000000,0001019,1415,726,76,23,0.3026,False,0.3026,False,True,1.5177
ASpanFormer_indoor,hand,11k_Hands_impostor_247,0000000,0001019,106,106,106,40,0.3774,False,0.3774,False,True,2.4017
DeepDetect,hand,11k_Hands_impostor_247,0000000,0001019,11910,8846,26,0,,False,,False,True,
LoFTR_indoor,hand,11k_Hands_impostor_248,0001082,0001543,434,434,434,126,0.2903,False,0.2903,False,True,2.6569
ORB,hand,11k_Hands_impostor_248,0001082,0001543,320,327,19,0,,False,,False,True,
SIFT,hand,11k_Hands_impostor_248,0001082,0001543,108,117,12,0,,False,,False,True,
SuperGlue,hand,11k_Hands_impostor_248,0001082,0001543,202,199,113,32,0.2832,False,0.2832,False,True,2.4195
SGMNet_root_SGM,hand,11k_Hands_impostor_248,0001082,0001543,976,1217,161,49,0.3043,False,0.3043,False,True,1.6475
ASpanFormer_indoor,hand,11k_Hands_impostor_248,0001082,0001543,364,364,364,167,0.4588,True,0.4588,False,False,2.7660
DeepDetect,hand,11k_Hands_impostor_248,0001082,0001543,11374,11005,28,0,,False,,False,True,
LoFTR_indoor,hand,11k_Hands_impostor_249,0000027,0000518,210,210,210,38,0.1810,False,0.1810,False,True,1.9866
ORB,hand,11k_Hands_impostor_249,0000027,0000518,346,187,24,0,,False,,False,True,
SIFT,hand,11k_Hands_impostor_249,0000027,0000518,102,54,12,0,,False,,False,True,
SuperGlue,hand,11k_Hands_impostor_249,0000027,0000518,184,209,1,0,,False,,False,True,
SGMNet_root_SGM,hand,11k_Hands_impostor_249,0000027,0000518,1461,1235,17,8,0.4706,True,0.4706,False,False,1.0297
ASpanFormer_indoor,hand,11k_Hands_impostor_249,0000027,0000518,98,98,98,36,0.3673,False,0.3673,False,True,2.2548
DeepDetect,hand,11k_Hands_impostor_249,0000027,0000518,10617,12201,14,11,0.7857,True,0.7857,False,False,0.6301
LoFTR_indoor,hand,11k_Hands_impostor_250,0000505,0001050,208,208,208,33,0.1587,False,0.1587,False,True,2.9726
ORB,hand,11k_Hands_impostor_250,0000505,0001050,193,433,7,0,,False,,False,True,
SIFT,hand,11k_Hands_impostor_250,0000505,0001050,114,152,2,0,,False,,False,True,
SuperGlue,hand,11k_Hands_impostor_250,0000505,0001050,187,313,4,0,,False,,False,True,
SGMNet_root_SGM,hand,11k_Hands_impostor_250,0000505,0001050,1227,1285,108,16,0.1481,False,0.1481,False,True,1.2838
ASpanFormer_indoor,hand,11k_Hands_impostor_250,0000505,0001050,120,120,120,37,0.3083,False,0.3083,False,True,1.9379
DeepDetect,hand,11k_Hands_impostor_250,0000505,0001050,10876,13709,85,0,,False,,False,True,
LoFTR_indoor,hand,11k_Hands_impostor_251,2000000,0001566,274,274,274,91,0.3321,False,0.3321,False,True,1.9396
ORB,hand,11k_Hands_impostor_251,2000000,0001566,514,522,21,0,,False,,False,True,
SIFT,hand,11k_Hands_impostor_251,2000000,0001566,230,188,4,0,,False,,False,True,
SuperGlue,hand,11k_Hands_impostor_251,2000000,0001566,276,207,1,0,,False,,False,True,
SGMNet_root_SGM,hand,11k_Hands_impostor_251,2000000,0001566,1159,978,37,7,0.1892,False,0.1892,False,True,0.6973
ASpanFormer_indoor,hand,11k_Hands_impostor_251,2000000,0001566,188,188,188,114,0.6064,True,0.6064,False,False,2.3784
DeepDetect,hand,11k_Hands_impostor_251,2000000,0001566,14198,9884,47,0,,False,,False,True,
LoFTR_indoor,hand,11k_Hands_impostor_252,0001588,0000019,384,384,384,108,0.2812,False,0.2812,False,True,2.7442
ORB,hand,11k_Hands_impostor_252,0001588,0000019,331,343,9,0,,False,,False,True,
SIFT,hand,11k_Hands_impostor_252,0001588,0000019,102,107,2,0,,False,,False,True,
SuperGlue,hand,11k_Hands_impostor_252,0001588,0000019,192,225,17,11,0.6471,True,0.6471,False,False,2.1338
SGMNet_root_SGM,hand,11k_Hands_impostor_252,0001588,0000019,1134,1212,152,22,0.1447,False,0.1447,False,True,1.4146
ASpanFormer_indoor,hand,11k_Hands_impostor_252,0001588,0000019,167,167,167,109,0.6527,True,0.6527,False,False,2.1727
DeepDetect,hand,11k_Hands_impostor_252,0001588,0000019,9989,12159,7,6,0.8571,True,0.8571,False,False,0.7366
LoFTR_indoor,hand,11k_Hands_impostor_253,0000501,0000028,366,366,366,78,0.2131,False,0.2131,False,True,2.2454
ORB,hand,11k_Hands_impostor_253,0000501,0000028,368,364,13,0,,False,,False,True,
SIFT,hand,11k_Hands_impostor_253,0000501,0000028,124,113,6,0,,False,,False,True,
SuperGlue,hand,11k_Hands_impostor_253,0000501,0000028,173,303,4,4,1.0000,True,1.0000,False,False,0.0000
SGMNet_root_SGM,hand,11k_Hands_impostor_253,0000501,0000028,864,1368,20,7,0.3500,False,0.3500,False,True,1.0254
ASpanFormer_indoor,hand,11k_Hands_impostor_253,0000501,0000028,198,198,198,93,0.4697,True,0.4697,False,False,2.0133
DeepDetect,hand,11k_Hands_impostor_253,0000501,0000028,10353,12031,25,11,0.4400,True,0.4400,False,False,1.3290
LoFTR_indoor,hand,11k_Hands_impostor_254,0001556,0001558,286,286,286,63,0.2203,False,0.2203,False,True,2.1878
ORB,hand,11k_Hands_impostor_254,0001556,0001558,785,370,13,0,,False,,False,True,
SIFT,hand,11k_Hands_impostor_254,0001556,0001558,182,99,6,4,0.6667,True,0.6667,False,False,0.0000
SuperGlue,hand,11k_Hands_impostor_254,0001556,0001558,168,247,0,0,,False,,False,True,
SGMNet_root_SGM,hand,11k_Hands_impostor_254,0001556,0001558,592,1209,4,4,1.0000,True,1.0000,False,False,0.0000
ASpanFormer_indoor,hand,11k_Hands_impostor_254,0001556,0001558,230,230,230,97,0.4217,True,0.4217,False,False,2.1977
DeepDetect,hand,11k_Hands_impostor_254,0001556,0001558,10078,13000,15,0,,False,,False,True,
LoFTR_indoor,hand,11k_Hands_impostor_255,0001587,0001052,216,216,216,62,0.2870,False,0.2870,False,True,2.5281
ORB,hand,11k_Hands_impostor_255,0001587,0001052,223,189,27,0,,False,,False,True,
SIFT,hand,11k_Hands_impostor_255,0001587,0001052,73,73,8,0,,False,,False,True,
SuperGlue,hand,11k_Hands_impostor_255,0001587,0001052,253,167,0,0,,False,,False,True,
SGMNet_root_SGM,hand,11k_Hands_impostor_255,0001587,0001052,1507,902,12,5,0.4167,True,0.4167,False,False,0.0000
ASpanFormer_indoor,hand,11k_Hands_impostor_255,0001587,0001052,143,143,143,83,0.5804,True,0.5804,False,False,2.3081
DeepDetect,hand,11k_Hands_impostor_255,0001587,0001052,12388,11461,29,0,,False,,False,True,
LoFTR_indoor,hand,11k_Hands_impostor_256,0000081,0001003,345,345,345,80,0.2319,False,0.2319,False,True,2.6940
ORB,hand,11k_Hands_impostor_256,0000081,0001003,159,171,13,0,,False,,False,True,
SIFT,hand,11k_Hands_impostor_256,0000081,0001003,39,85,0,0,,False,,False,True,
SuperGlue,hand,11k_Hands_impostor_256,0000081,0001003,199,232,15,10,0.6667,True,0.6667,False,False,1.7066
SGMNet_root_SGM,hand,11k_Hands_impostor_256,0000081,0001003,795,1496,18,9,0.5000,True,0.5000,False,False,0.9555
ASpanFormer_indoor,hand,11k_Hands_impostor_256,0000081,0001003,242,242,242,115,0.4752,True,0.4752,False,False,2.0815
DeepDetect,hand,11k_Hands_impostor_256,0000081,0001003,11079,13877,52,0,,False,,False,True,
LoFTR_indoor,hand,11k_Hands_impostor_257,0001579,0001571,232,232,232,56,0.2414,False,0.2414,False,True,2.3365
ORB,hand,11k_Hands_impostor_257,0001579,0001571,231,411,3,0,,False,,False,True,
SIFT,hand,11k_Hands_impostor_257,0001579,0001571,109,85,2,0,,False,,False,True,
SuperGlue,hand,11k_Hands_impostor_257,0001579,0001571,187,177,24,10,0.4167,False,0.4167,False,True,1.6962
SGMNet_root_SGM,hand,11k_Hands_impostor_257,0001579,0001571,1000,532,14,9,0.6429,True,0.6429,False,False,0.8276
ASpanFormer_indoor,hand,11k_Hands_impostor_257,0001579,0001571,131,131,131,47,0.3588,False,0.3588,False,True,2.4854
DeepDetect,hand,11k_Hands_impostor_257,0001579,0001571,10890,10286,16,0,,False,,False,True,
LoFTR_indoor,hand,11k_Hands_impostor_258,0000011,0001562,211,211,211,44,0.2085,False,0.2085,False,True,2.5651
ORB,hand,11k_Hands_impostor_258,0000011,0001562,243,405,6,4,0.6667,True,0.6667,False,False,0.0000
SIFT,hand,11k_Hands_impostor_258,0000011,0001562,97,109,5,0,,False,,False,True,
SuperGlue,hand,11k_Hands_impostor_258,0000011,0001562,281,189,1,0,,False,,False,True,
SGMNet_root_SGM,hand,11k_Hands_impostor_258,0000011,0001562,1084,881,27,11,0.4074,True,0.4074,False,False,0.7768
ASpanFormer_indoor,hand,11k_Hands_impostor_258,0000011,0001562,168,168,168,77,0.4583,True,0.4583,False,False,2.3619
DeepDetect,hand,11k_Hands_impostor_258,0000011,0001562,14417,11663,31,0,,False,,False,True,
LoFTR_indoor,hand,11k_Hands_impostor_259,0000012,0001089,212,212,212,41,0.1934,False,0.1934,False,True,2.0315
ORB,hand,11k_Hands_impostor_259,0000012,0001089,310,172,18,0,,False,,False,True,
SIFT,hand,11k_Hands_impostor_259,0000012,0001089,150,46,20,0,,False,,False,True,
SuperGlue,hand,11k_Hands_impostor_259,0000012,0001089,233,216,0,0,,False,,False,True,
SGMNet_root_SGM,hand,11k_Hands_impostor_259,0000012,0001089,1371,1015,6,4,0.6667,True,0.6667,False,False,0.0000
ASpanFormer_indoor,hand,11k_Hands_impostor_259,0000012,0001089,63,63,63,22,0.3492,False,0.3492,False,True,1.6038
DeepDetect,hand,11k_Hands_impostor_259,0000012,0001089,12494,12879,17,12,0.7059,True,0.7059,False,False,1.8473
LoFTR_indoor,hand,11k_Hands_impostor_260,0001536,0001510,269,269,269,52,0.1933,False,0.1933,False,True,2.3690
ORB,hand,11k_Hands_impostor_260,0001536,0001510,527,380,17,7,0.4118,False,0.4118,False,True,0.9904
SIFT,hand,11k_Hands_impostor_260,0001536,0001510,163,84,8,0,,False,,False,True,
SuperGlue,hand,11k_Hands_impostor_260,0001536,0001510,296,180,2,0,,False,,False,True,
SGMNet_root_SGM,hand,11k_Hands_impostor_260,0001536,0001510,970,848,18,0,,False,,False,True,
ASpanFormer_indoor,hand,11k_Hands_impostor_260,0001536,0001510,149,149,149,70,0.4698,True,0.4698,False,False,2.0019
DeepDetect,hand,11k_Hands_impostor_260,0001536,0001510,12797,11093,29,0,,False,,False,True,
LoFTR_indoor,hand,11k_Hands_impostor_261,0001566,7000000,361,361,361,80,0.2216,False,0.2216,False,True,2.7618
ORB,hand,11k_Hands_impostor_261,0001566,7000000,458,145,10,5,0.5000,True,0.5000,False,False,0.2378
SIFT,hand,11k_Hands_impostor_261,0001566,7000000,180,112,7,0,,False,,False,True,
SuperGlue,hand,11k_Hands_impostor_261,0001566,7000000,232,234,9,6,0.6667,True,0.6667,False,False,1.0085
SGMNet_root_SGM,hand,11k_Hands_impostor_261,0001566,7000000,1132,1511,29,0,,False,,False,True,
ASpanFormer_indoor,hand,11k_Hands_impostor_261,0001566,7000000,196,196,196,89,0.4541,True,0.4541,False,False,2.3566
DeepDetect,hand,11k_Hands_impostor_261,0001566,7000000,10819,10969,23,16,0.6957,True,0.6957,False,False,1.8876
LoFTR_indoor,hand,11k_Hands_impostor_262,0001074,0001019,268,268,268,48,0.1791,False,0.1791,False,True,2.4273
ORB,hand,11k_Hands_impostor_262,0001074,0001019,320,396,8,0,,False,,False,True,
SIFT,hand,11k_Hands_impostor_262,0001074,0001019,122,109,19,0,,False,,False,True,
SuperGlue,hand,11k_Hands_impostor_262,0001074,0001019,198,198,27,13,0.4815,True,0.4815,False,False,1.7622
SGMNet_root_SGM,hand,11k_Hands_impostor_262,0001074,0001019,1376,788,6,4,0.6667,True,0.6667,False,False,0.0000
ASpanFormer_indoor,hand,11k_Hands_impostor_262,0001074,0001019,202,202,202,79,0.3911,False,0.3911,False,True,2.7442
DeepDetect,hand,11k_Hands_impostor_262,0001074,0001019,11461,9817,48,42,0.8750,True,0.8750,False,False,1.9316
LoFTR_indoor,hand,11k_Hands_impostor_263,1000000,0000093,341,341,341,91,0.2669,False,0.2669,False,True,2.0409
ORB,hand,11k_Hands_impostor_263,1000000,0000093,76,481,3,0,,False,,False,True,
SIFT,hand,11k_Hands_impostor_263,1000000,0000093,81,133,3,0,,False,,False,True,
SuperGlue,hand,11k_Hands_impostor_263,1000000,0000093,210,178,2,0,,False,,False,True,
SGMNet_root_SGM,hand,11k_Hands_impostor_263,1000000,0000093,663,842,34,10,0.2941,False,0.2941,False,True,0.7564
ASpanFormer_indoor,hand,11k_Hands_impostor_263,1000000,0000093,154,154,154,81,0.5260,True,0.5260,False,False,1.8546
DeepDetect,hand,11k_Hands_impostor_263,1000000,0000093,13975,9326,10,0,,False,,False,True,
LoFTR_indoor,hand,11k_Hands_impostor_264,4000000,0001014,340,340,340,101,0.2971,False,0.2971,False,True,2.4604
ORB,hand,11k_Hands_impostor_264,4000000,0001014,384,383,12,0,,False,,False,True,
SIFT,hand,11k_Hands_impostor_264,4000000,0001014,82,130,5,0,,False,,False,True,
SuperGlue,hand,11k_Hands_impostor_264,4000000,0001014,179,203,7,0,,False,,False,True,
SGMNet_root_SGM,hand,11k_Hands_impostor_264,4000000,0001014,658,788,23,9,0.3913,False,0.3913,False,True,0.6641
ASpanFormer_indoor,hand,11k_Hands_impostor_264,4000000,0001014,255,255,255,125,0.4902,True,0.4902,False,False,1.9835
DeepDetect,hand,11k_Hands_impostor_264,4000000,0001014,11019,12000,13,0,,False,,False,True,
LoFTR_indoor,hand,11k_Hands_impostor_265,0001539,6000000,228,228,228,38,0.1667,False,0.1667,False,True,2.1157
ORB,hand,11k_Hands_impostor_265,0001539,6000000,240,317,6,0,,False,,False,True,
SIFT,hand,11k_Hands_impostor_265,0001539,6000000,81,61,2,0,,False,,False,True,
SuperGlue,hand,11k_Hands_impostor_265,0001539,6000000,191,199,0,0,,False,,False,True,
SGMNet_root_SGM,hand,11k_Hands_impostor_265,0001539,6000000,1196,841,5,4,0.8000,True,0.8000,False,False,0.0000
ASpanFormer_indoor,hand,11k_Hands_impostor_265,0001539,6000000,76,76,76,24,0.3158,False,0.3158,False,True,1.4786
DeepDetect,hand,11k_Hands_impostor_265,0001539,6000000,10300,10750,66,42,0.6364,True,0.6364,False,False,1.5108
LoFTR_indoor,hand,11k_Hands_impostor_266,0000539,0000028,272,272,272,54,0.1985,False,0.1985,False,True,2.6041
ORB,hand,11k_Hands_impostor_266,0000539,0000028,314,219,20,0,,False,,False,True,
SIFT,hand,11k_Hands_impostor_266,0000539,0000028,127,88,4,0,,False,,False,True,
SuperGlue,hand,11k_Hands_impostor_266,0000539,0000028,186,263,68,13,0.1912,False,0.1912,False,True,2.0091
SGMNet_root_SGM,hand,11k_Hands_impostor_266,0000539,0000028,1147,1715,18,7,0.3889,False,0.3889,False,True,0.6689
ASpanFormer_indoor,hand,11k_Hands_impostor_266,0000539,0000028,162,162,162,46,0.2840,False,0.2840,False,True,2.3724
DeepDetect,hand,11k_Hands_impostor_266,0000539,0000028,12132,13558,51,0,,False,,False,True,
LoFTR_indoor,hand,11k_Hands_impostor_267,0000532,0001531,202,202,202,28,0.1386,False,0.1386,False,True,1.7237
ORB,hand,11k_Hands_impostor_267,0000532,0001531,580,533,12,0,,False,,False,True,
SIFT,hand,11k_Hands_impostor_267,0000532,0001531,164,122,3,0,,False,,False,True,
SuperGlue,hand,11k_Hands_impostor_267,0000532,0001531,166,236,0,0,,False,,False,True,
SGMNet_root_SGM,hand,11k_Hands_impostor_267,0000532,0001531,704,1134,29,8,0.2759,False,0.2759,False,True,0.9293
ASpanFormer_indoor,hand,11k_Hands_impostor_267,0000532,0001531,90,90,90,31,0.3444,False,0.3444,False,True,2.1840
DeepDetect,hand,11k_Hands_impostor_267,0000532,0001531,8749,12277,17,11,0.6471,True,0.6471,False,False,1.4887
LoFTR_indoor,hand,11k_Hands_impostor_268,0001587,0001545,64,64,64,16,0.2500,False,0.2500,False,True,1.2992
ORB,hand,11k_Hands_impostor_268,0001587,0001545,457,583,11,0,,False,,False,True,
SIFT,hand,11k_Hands_impostor_268,0001587,0001545,178,128,4,0,,False,,False,True,
SuperGlue,hand,11k_Hands_impostor_268,0001587,0001545,221,389,36,13,0.3611,False,0.3611,False,True,1.5009
SGMNet_root_SGM,hand,11k_Hands_impostor_268,0001587,0001545,1132,1303,39,9,0.2308,False,0.2308,False,True,0.8328
ASpanFormer_indoor,hand,11k_Hands_impostor_268,0001587,0001545,65,65,65,42,0.6462,True,0.6462,False,False,1.9014
DeepDetect,hand,11k_Hands_impostor_268,0001587,0001545,11595,21071,129,110,0.8527,True,0.8527,False,False,1.3061
LoFTR_indoor,hand,11k_Hands_impostor_269,0001029,0001079,382,382,382,120,0.3141,False,0.3141,False,True,2.4578
ORB,hand,11k_Hands_impostor_269,0001029,0001079,583,362,41,0,,False,,False,True,
SIFT,hand,11k_Hands_impostor_269,0001029,0001079,168,108,7,0,,False,,False,True,
SuperGlue,hand,11k_Hands_impostor_269,0001029,0001079,198,160,0,0,,False,,False,True,
SGMNet_root_SGM,hand,11k_Hands_impostor_269,0001029,0001079,1156,765,32,12,0.3750,False,0.3750,False,True,1.2284
ASpanFormer_indoor,hand,11k_Hands_impostor_269,0001029,0001079,194,194,194,104,0.5361,True,0.5361,False,False,2.1689
DeepDetect,hand,11k_Hands_impostor_269,0001029,0001079,11784,9750,48,30,0.6250,True,0.6250,False,False,2.3318
LoFTR_indoor,hand,11k_Hands_impostor_270,0000061,0001567,258,258,258,69,0.2674,False,0.2674,False,True,2.0758
ORB,hand,11k_Hands_impostor_270,0000061,0001567,339,203,28,0,,False,,False,True,
SIFT,hand,11k_Hands_impostor_270,0000061,0001567,116,84,5,0,,False,,False,True,
SuperGlue,hand,11k_Hands_impostor_270,0000061,0001567,181,185,0,0,,False,,False,True,
SGMNet_root_SGM,hand,11k_Hands_impostor_270,0000061,0001567,981,838,39,7,0.1795,False,0.1795,False,True,0.7630
ASpanFormer_indoor,hand,11k_Hands_impostor_270,0000061,0001567,176,176,176,55,0.3125,False,0.3125,False,True,1.6119
DeepDetect,hand,11k_Hands_impostor_270,0000061,0001567,9666,9754,73,51,0.6986,True,0.6986,False,False,0.9091
LoFTR_indoor,hand,11k_Hands_impostor_271,0000571,0001527,107,107,107,24,0.2243,False,0.2243,False,True,1.9167
ORB,hand,11k_Hands_impostor_271,0000571,0001527,231,298,4,0,,False,,False,True,
SIFT,hand,11k_Hands_impostor_271,0000571,0001527,75,96,3,0,,False,,False,True,
SuperGlue,hand,11k_Hands_impostor_271,0000571,0001527,240,152,6,0,,False,,False,True,
SGMNet_root_SGM,hand,11k_Hands_impostor_271,0000571,0001527,1586,724,11,5,0.4545,True,0.4545,False,False,0.0000
ASpanFormer_indoor,hand,11k_Hands_impostor_271,0000571,0001527,45,45,45,18,0.4000,True,0.4000,False,False,2.2295
DeepDetect,hand,11k_Hands_impostor_271,0000571,0001527,14836,9014,31,0,,False,,False,True,
LoFTR_indoor,hand,11k_Hands_impostor_272,0001089,0000534,270,270,270,69,0.2556,False,0.2556,False,True,2.5763
ORB,hand,11k_Hands_impostor_272,0001089,0000534,161,62,13,0,,False,,False,True,
SIFT,hand,11k_Hands_impostor_272,0001089,0000534,60,34,4,0,,False,,False,True,
SuperGlue,hand,11k_Hands_impostor_272,0001089,0000534,191,127,0,0,,False,,False,True,
SGMNet_root_SGM,hand,11k_Hands_impostor_272,0001089,0000534,904,813,42,10,0.2381,False,0.2381,False,True,1.1447
ASpanFormer_indoor,hand,11k_Hands_impostor_272,0001089,0000534,44,44,44,18,0.4091,True,0.4091,False,False,1.7986
DeepDetect,hand,11k_Hands_impostor_272,0001089,0000534,11143,8814,35,25,0.7143,True,0.7143,False,False,1.3310
LoFTR_indoor,hand,11k_Hands_impostor_273,0001023,0000570,104,104,104,28,0.2692,False,0.2692,False,True,2.3191
ORB,hand,11k_Hands_impostor_273,0001023,0000570,141,75,10,0,,False,,False,True,
SIFT,hand,11k_Hands_impostor_273,0001023,0000570,84,38,0,0,,False,,False,True,
SuperGlue,hand,11k_Hands_impostor_273,0001023,0000570,246,175,0,0,,False,,False,True,
SGMNet_root_SGM,hand,11k_Hands_impostor_273,0001023,0000570,1167,489,20,9,0.4500,True,0.4500,False,False,0.5992
ASpanFormer_indoor,hand,11k_Hands_impostor_273,0001023,0000570,126,126,126,58,0.4603,True,0.4603,False,False,2.3118
DeepDetect,hand,11k_Hands_impostor_273,0001023,0000570,11919,8991,24,11,0.4583,True,0.4583,False,False,0.7576
LoFTR_indoor,hand,11k_Hands_impostor_274,0001589,0001042,155,155,155,16,0.1032,False,0.1032,False,True,1.4622
ORB,hand,11k_Hands_impostor_274,0001589,0001042,158,439,1,0,,False,,False,True,
SIFT,hand,11k_Hands_impostor_274,0001589,0001042,95,82,9,5,0.5556,True,0.5556,False,False,0.9867
SuperGlue,hand,11k_Hands_impostor_274,0001589,0001042,200,310,0,0,,False,,False,True,
SGMNet_root_SGM,hand,11k_Hands_impostor_274,0001589,0001042,1068,1326,38,0,,False,,False,True,
ASpanFormer_indoor,hand,11k_Hands_impostor_274,0001589,0001042,75,75,75,19,0.2533,False,0.2533,False,True,1.6932
DeepDetect,hand,11k_Hands_impostor_274,0001589,0001042,10842,13713,50,34,0.6800,True,0.6800,False,False,0.7400
LoFTR_indoor,hand,11k_Hands_impostor_275,0000502,0000011,157,157,157,27,0.1720,False,0.1720,False,True,2.4952
ORB,hand,11k_Hands_impostor_275,0000502,0000011,275,371,7,0,,False,,False,True,
SIFT,hand,11k_Hands_impostor_275,0000502,0000011,78,129,2,0,,False,,False,True,
SuperGlue,hand,11k_Hands_impostor_275,0000502,0000011,181,228,3,0,,False,,False,True,
SGMNet_root_SGM,hand,11k_Hands_impostor_275,0000502,0000011,746,1002,21,7,0.3333,False,0.3333,False,True,0.9967
ASpanFormer_indoor,hand,11k_Hands_impostor_275,0000502,0000011,87,87,87,27,0.3103,False,0.3103,False,True,2.7242
DeepDetect,hand,11k_Hands_impostor_275,0000502,0000011,9419,14016,5,4,0.8000,True,0.8000,False,False,0.0000
LoFTR_indoor,hand,11k_Hands_impostor_276,0000528,0001013,251,251,251,80,0.3187,False,0.3187,False,True,2.5295
ORB,hand,11k_Hands_impostor_276,0000528,0001013,447,215,16,0,,False,,False,True,
SIFT,hand,11k_Hands_impostor_276,0000528,0001013,108,93,5,0,,False,,False,True,
SuperGlue,hand,11k_Hands_impostor_276,0000528,0001013,166,169,0,0,,False,,False,True,
SGMNet_root_SGM,hand,11k_Hands_impostor_276,0000528,0001013,932,991,105,11,0.1048,False,0.1048,False,True,1.3609
ASpanFormer_indoor,hand,11k_Hands_impostor_276,0000528,0001013,74,74,74,45,0.6081,True,0.6081,False,False,2.1988
DeepDetect,hand,11k_Hands_impostor_276,0000528,0001013,9848,9403,20,0,,False,,False,True,
LoFTR_indoor,hand,11k_Hands_impostor_277,0000586,0001080,460,460,460,162,0.3522,False,0.3522,False,True,2.3922
ORB,hand,11k_Hands_impostor_277,0000586,0001080,302,450,21,8,0.3810,False,0.3810,False,True,1.5039
SIFT,hand,11k_Hands_impostor_277,0000586,0001080,106,129,2,0,,False,,False,True,
SuperGlue,hand,11k_Hands_impostor_277,0000586,0001080,221,182,27,10,0.3704,False,0.3704,False,True,1.7570
SGMNet_root_SGM,hand,11k_Hands_impostor_277,0000586,0001080,1086,986,78,17,0.2179,False,0.2179,False,True,1.2530
ASpanFormer_indoor,hand,11k_Hands_impostor_277,0000586,0001080,228,228,228,127,0.5570,True,0.5570,False,False,2.0241
DeepDetect,hand,11k_Hands_impostor_277,0000586,0001080,12168,10626,84,64,0.7619,True,0.7619,False,False,0.7973
LoFTR_indoor,hand,11k_Hands_impostor_278,0000019,0001026,158,158,158,42,0.2658,False,0.2658,False,True,2.5815
ORB,hand,11k_Hands_impostor_278,0000019,0001026,136,260,3,0,,False,,False,True,
SIFT,hand,11k_Hands_impostor_278,0000019,0001026,56,81,0,0,,False,,False,True,
SuperGlue,hand,11k_Hands_impostor_278,0000019,0001026,199,189,0,0,,False,,False,True,
SGMNet_root_SGM,hand,11k_Hands_impostor_278,0000019,0001026,494,907,9,5,0.5556,True,0.5556,False,False,0.7253
ASpanFormer_indoor,hand,11k_Hands_impostor_278,0000019,0001026,56,56,56,24,0.4286,True,0.4286,False,False,1.7149
DeepDetect,hand,11k_Hands_impostor_278,0000019,0001026,12114,10594,9,0,,False,,False,True,
LoFTR_indoor,hand,11k_Hands_impostor_279,0000057,0001009,190,190,190,41,0.2158,False,0.2158,False,True,2.4935
ORB,hand,11k_Hands_impostor_279,0000057,0001009,239,333,10,7,0.7000,True,0.7000,False,False,1.1180
SIFT,hand,11k_Hands_impostor_279,0000057,0001009,139,150,6,0,,False,,False,True,
SuperGlue,hand,11k_Hands_impostor_279,0000057,0001009,234,200,16,7,0.4375,False,0.4375,False,True,1.1329
SGMNet_root_SGM,hand,11k_Hands_impostor_279,0000057,0001009,1250,1262,24,8,0.3333,False,0.3333,False,True,0.6973
ASpanFormer_indoor,hand,11k_Hands_impostor_279,0000057,0001009,102,102,102,30,0.2941,False,0.2941,False,True,2.4117
DeepDetect,hand,11k_Hands_impostor_279,0000057,0001009,13376,12725,69,0,,False,,False,True,
LoFTR_indoor,hand,11k_Hands_impostor_280,0000041,0001594,265,265,265,61,0.2302,False,0.2302,False,True,2.6163
ORB,hand,11k_Hands_impostor_280,0000041,0001594,189,228,5,0,,False,,False,True,
SIFT,hand,11k_Hands_impostor_280,0000041,0001594,67,104,3,0,,False,,False,True,
SuperGlue,hand,11k_Hands_impostor_280,0000041,0001594,218,255,14,7,0.5000,True,0.5000,False,False,1.6809
SGMNet_root_SGM,hand,11k_Hands_impostor_280,0000041,0001594,1383,1458,64,16,0.2500,False,0.2500,False,True,1.1235
ASpanFormer_indoor,hand,11k_Hands_impostor_280,0000041,0001594,298,298,298,126,0.4228,True,0.4228,False,False,2.7299
DeepDetect,hand,11k_Hands_impostor_280,0000041,0001594,12045,12463,124,65,0.5242,True,0.5242,False,False,1.3499
LoFTR_indoor,hand,11k_Hands_impostor_281,0000529,0001033,121,121,121,25,0.2066,False,0.2066,False,True,2.3688
ORB,hand,11k_Hands_impostor_281,0000529,0001033,96,295,4,0,,False,,False,True,
SIFT,hand,11k_Hands_impostor_281,0000529,0001033,49,94,0,0,,False,,False,True,
SuperGlue,hand,11k_Hands_impostor_281,0000529,0001033,200,151,0,0,,False,,False,True,
SGMNet_root_SGM,hand,11k_Hands_impostor_281,0000529,0001033,1414,635,1,0,,False,,False,True,
ASpanFormer_indoor,hand,11k_Hands_impostor_281,0000529,0001033,52,52,52,17,0.3269,False,0.3269,False,True,1.8156
DeepDetect,hand,11k_Hands_impostor_281,0000529,0001033,10295,9889,5,0,,False,,False,True,
LoFTR_indoor,hand,11k_Hands_impostor_282,0000028,0001544,96,96,96,26,0.2708,False,0.2708,False,True,2.3517
ORB,hand,11k_Hands_impostor_282,0000028,0001544,273,159,15,0,,False,,False,True,
SIFT,hand,11k_Hands_impostor_282,0000028,0001544,162,52,8,0,,False,,False,True,
SuperGlue,hand,11k_Hands_impostor_282,0000028,0001544,244,177,23,8,0.3478,False,0.3478,False,True,1.9342
SGMNet_root_SGM,hand,11k_Hands_impostor_282,0000028,0001544,1734,811,20,8,0.4000,True,0.4000,False,False,0.3383
ASpanFormer_indoor,hand,11k_Hands_impostor_282,0000028,0001544,89,89,89,27,0.3034,False,0.3034,False,True,2.1224
DeepDetect,hand,11k_Hands_impostor_282,0000028,0001544,13668,9795,27,0,,False,,False,True,
LoFTR_indoor,hand,11k_Hands_impostor_283,0000012,0000528,197,197,197,36,0.1827,False,0.1827,False,True,2.5070
ORB,hand,11k_Hands_impostor_283,0000012,0000528,428,529,2,0,,False,,False,True,
SIFT,hand,11k_Hands_impostor_283,0000012,0000528,125,128,3,0,,False,,False,True,
SuperGlue,hand,11k_Hands_impostor_283,0000012,0000528,166,195,0,0,,False,,False,True,
SGMNet_root_SGM,hand,11k_Hands_impostor_283,0000012,0000528,797,904,36,8,0.2222,False,0.2222,False,True,0.7036
ASpanFormer_indoor,hand,11k_Hands_impostor_283,0000012,0000528,46,46,46,23,0.5000,True,0.5000,False,False,2.2067
DeepDetect,hand,11k_Hands_impostor_283,0000012,0000528,9653,10335,12,10,0.8333,True,0.8333,False,False,0.7285
LoFTR_indoor,hand,11k_Hands_impostor_284,0001594,0000524,275,275,275,74,0.2691,False,0.2691,False,True,2.3391
ORB,hand,11k_Hands_impostor_284,0001594,0000524,373,263,25,0,,False,,False,True,
SIFT,hand,11k_Hands_impostor_284,0001594,0000524,142,90,6,0,,False,,False,True,
SuperGlue,hand,11k_Hands_impostor_284,0001594,0000524,173,190,13,8,0.6154,True,0.6154,False,False,1.2388
SGMNet_root_SGM,hand,11k_Hands_impostor_284,0001594,0000524,890,933,46,7,0.1522,False,0.1522,False,True,0.4793
ASpanFormer_indoor,hand,11k_Hands_impostor_284,0001594,0000524,164,164,164,116,0.7073,True,0.7073,False,False,0.9960
DeepDetect,hand,11k_Hands_impostor_284,0001594,0000524,10725,9843,39,28,0.7179,True,0.7179,False,False,2.0262
LoFTR_indoor,hand,11k_Hands_impostor_285,0001519,0001002,180,180,180,49,0.2722,False,0.2722,False,True,2.3892
ORB,hand,11k_Hands_impostor_285,0001519,0001002,119,300,12,7,0.5833,True,0.5833,False,False,0.1512
SIFT,hand,11k_Hands_impostor_285,0001519,0001002,72,123,0,0,,False,,False,True,
SuperGlue,hand,11k_Hands_impostor_285,0001519,0001002,220,169,0,0,,False,,False,True,
SGMNet_root_SGM,hand,11k_Hands_impostor_285,0001519,0001002,1298,882,27,7,0.2593,False,0.2593,False,True,0.8693
ASpanFormer_indoor,hand,11k_Hands_impostor_285,0001519,0001002,223,223,223,95,0.4260,True,0.4260,False,False,2.1907
DeepDetect,hand,11k_Hands_impostor_285,0001519,0001002,10829,11574,43,29,0.6744,True,0.6744,False,False,1.5650
LoFTR_indoor,hand,11k_Hands_impostor_286,0001033,0000559,185,185,185,53,0.2865,False,0.2865,False,True,2.0144
ORB,hand,11k_Hands_impostor_286,0001033,0000559,274,299,16,0,,False,,False,True,
SIFT,hand,11k_Hands_impostor_286,0001033,0000559,106,91,2,0,,False,,False,True,
SuperGlue,hand,11k_Hands_impostor_286,0001033,0000559,220,223,1,0,,False,,False,True,
SGMNet_root_SGM,hand,11k_Hands_impostor_286,0001033,0000559,1060,724,12,6,0.5000,True,0.5000,False,False,0.9100
ASpanFormer_indoor,hand,11k_Hands_impostor_286,0001033,0000559,114,114,114,61,0.5351,True,0.5351,False,False,2.2826
DeepDetect,hand,11k_Hands_impostor_286,0001033,0000559,10937,12871,30,0,,False,,False,True,
LoFTR_indoor,hand,11k_Hands_impostor_287,0000596,0001594,295,295,295,113,0.3831,False,0.3831,False,True,2.6525
ORB,hand,11k_Hands_impostor_287,0000596,0001594,428,238,17,8,0.4706,True,0.4706,False,False,0.9989
SIFT,hand,11k_Hands_impostor_287,0000596,0001594,146,97,10,0,,False,,False,True,
SuperGlue,hand,11k_Hands_impostor_287,0000596,0001594,194,235,88,37,0.4205,False,0.4205,False,True,2.9389
SGMNet_root_SGM,hand,11k_Hands_impostor_287,0000596,0001594,895,978,26,7,0.2692,False,0.2692,False,True,1.0078
ASpanFormer_indoor,hand,11k_Hands_impostor_287,0000596,0001594,327,327,327,217,0.6636,True,0.6636,False,False,2.4920
DeepDetect,hand,11k_Hands_impostor_287,0000596,0001594,10516,11816,8,0,,False,,False,True,
LoFTR_indoor,hand,11k_Hands_impostor_288,0000010,0001589,143,143,143,46,0.3217,False,0.3217,False,True,2.4025
ORB,hand,11k_Hands_impostor_288,0000010,0001589,624,255,22,0,,False,,False,True,
SIFT,hand,11k_Hands_impostor_288,0000010,0001589,175,139,4,0,,False,,False,True,
SuperGlue,hand,11k_Hands_impostor_288,0000010,0001589,261,169,13,9,0.6923,True,0.6923,False,False,2.3197
SGMNet_root_SGM,hand,11k_Hands_impostor_288,0000010,0001589,1149,853,39,13,0.3333,False,0.3333,False,True,1.4544
ASpanFormer_indoor,hand,11k_Hands_impostor_288,0000010,0001589,59,59,59,20,0.3390,False,0.3390,False,True,1.8974
DeepDetect,hand,11k_Hands_impostor_288,0000010,0001589,12325,9357,5,0,,False,,False,True,
LoFTR_indoor,hand,11k_Hands_impostor_289,0001014,0001555,221,221,221,55,0.2489,False,0.2489,False,True,1.7724
ORB,hand,11k_Hands_impostor_289,0001014,0001555,361,53,29,0,,False,,False,True,
SIFT,hand,11k_Hands_impostor_289,0001014,0001555,121,67,6,0,,False,,False,True,
SuperGlue,hand,11k_Hands_impostor_289,0001014,0001555,177,224,0,0,,False,,False,True,
SGMNet_root_SGM,hand,11k_Hands_impostor_289,0001014,0001555,791,710,33,7,0.2121,False,0.2121,False,True,0.7008
ASpanFormer_indoor,hand,11k_Hands_impostor_289,0001014,0001555,55,55,55,29,0.5273,True,0.5273,False,False,2.1498
DeepDetect,hand,11k_Hands_impostor_289,0001014,0001555,9751,12140,69,45,0.6522,True,0.6522,False,False,1.8183
LoFTR_indoor,hand,11k_Hands_impostor_290,0001029,0001035,471,471,471,132,0.2803,False,0.2803,False,True,2.6933
ORB,hand,11k_Hands_impostor_290,0001029,0001035,264,611,11,6,0.5455,True,0.5455,False,False,0.1663
SIFT,hand,11k_Hands_impostor_290,0001029,0001035,99,181,2,0,,False,,False,True,
SuperGlue,hand,11k_Hands_impostor_290,0001029,0001035,212,194,30,13,0.4333,False,0.4333,False,True,1.8290
SGMNet_root_SGM,hand,11k_Hands_impostor_290,0001029,0001035,1592,1308,33,10,0.3030,False,0.3030,False,True,1.2911
ASpanFormer_indoor,hand,11k_Hands_impostor_290,0001029,0001035,401,401,401,171,0.4264,True,0.4264,False,False,2.6145
DeepDetect,hand,11k_Hands_impostor_290,0001029,0001035,12451,10156,32,23,0.7188,True,0.7188,False,False,1.8368
LoFTR_indoor,hand,11k_Hands_impostor_291,0001569,0001531,363,363,363,125,0.3444,False,0.3444,False,True,2.8780
ORB,hand,11k_Hands_impostor_291,0001569,0001531,138,214,4,0,,False,,False,True,
SIFT,hand,11k_Hands_impostor_291,0001569,0001531,70,112,9,5,0.5556,True,0.5556,False,False,0.0000
SuperGlue,hand,11k_Hands_impostor_291,0001569,0001531,172,251,34,13,0.3824,False,0.3824,False,True,2.5201
SGMNet_root_SGM,hand,11k_Hands_impostor_291,0001569,0001531,701,1665,26,10,0.3846,False,0.3846,False,True,1.1367
ASpanFormer_indoor,hand,11k_Hands_impostor_291,0001569,0001531,302,302,302,142,0.4702,True,0.4702,False,False,2.3706
DeepDetect,hand,11k_Hands_impostor_291,0001569,0001531,8936,13665,82,0,,False,,False,True,
LoFTR_indoor,hand,11k_Hands_impostor_292,4000000,0001023,265,265,265,86,0.3245,False,0.3245,False,True,2.7622
ORB,hand,11k_Hands_impostor_292,4000000,0001023,343,298,18,0,,False,,False,True,
SIFT,hand,11k_Hands_impostor_292,4000000,0001023,89,123,2,0,,False,,False,True,
SuperGlue,hand,11k_Hands_impostor_292,4000000,0001023,187,172,14,8,0.5714,True,0.5714,False,False,1.5578
SGMNet_root_SGM,hand,11k_Hands_impostor_292,4000000,0001023,643,753,41,10,0.2439,False,0.2439,False,True,1.3675
ASpanFormer_indoor,hand,11k_Hands_impostor_292,4000000,0001023,328,328,328,133,0.4055,True,0.4055,False,False,2.6380
DeepDetect,hand,11k_Hands_impostor_292,4000000,0001023,11265,9417,50,31,0.6200,True,0.6200,False,False,1.5143
LoFTR_indoor,hand,11k_Hands_impostor_293,0001022,1100000,258,258,258,102,0.3953,False,0.3953,False,True,2.6180
ORB,hand,11k_Hands_impostor_293,0001022,1100000,417,146,20,0,,False,,False,True,
SIFT,hand,11k_Hands_impostor_293,0001022,1100000,124,61,2,0,,False,,False,True,
SuperGlue,hand,11k_Hands_impostor_293,0001022,1100000,213,224,64,26,0.4062,False,0.4062,False,True,2.7436
SGMNet_root_SGM,hand,11k_Hands_impostor_293,0001022,1100000,861,1002,50,13,0.2600,False,0.2600,False,True,1.1828
ASpanFormer_indoor,hand,11k_Hands_impostor_293,0001022,1100000,279,279,279,175,0.6272,True,0.6272,False,False,2.2947
DeepDetect,hand,11k_Hands_impostor_293,0001022,1100000,10006,11810,12,10,0.8333,True,0.8333,False,False,1.9457
LoFTR_indoor,hand,11k_Hands_impostor_294,0001002,0001510,367,367,367,110,0.2997,False,0.2997,False,True,2.5918
ORB,hand,11k_Hands_impostor_294,0001002,0001510,203,672,12,0,,False,,False,True,
SIFT,hand,11k_Hands_impostor_294,0001002,0001510,108,162,11,5,0.4545,True,0.4545,False,False,0.8928
SuperGlue,hand,11k_Hands_impostor_294,0001002,0001510,188,184,14,9,0.6429,True,0.6429,False,False,1.2919
SGMNet_root_SGM,hand,11k_Hands_impostor_294,0001002,0001510,931,981,50,12,0.2400,False,0.2400,False,True,1.1950
ASpanFormer_indoor,hand,11k_Hands_impostor_294,0001002,0001510,274,274,274,127,0.4635,True,0.4635,False,False,1.8123
DeepDetect,hand,11k_Hands_impostor_294,0001002,0001510,10476,10553,19,10,0.5263,True,0.5263,False,False,0.8918
LoFTR_indoor,hand,11k_Hands_impostor_295,0001504,7000000,240,240,240,49,0.2042,False,0.2042,False,True,2.3832
ORB,hand,11k_Hands_impostor_295,0001504,7000000,279,354,10,0,,False,,False,True,
SIFT,hand,11k_Hands_impostor_295,0001504,7000000,83,100,4,0,,False,,False,True,
SuperGlue,hand,11k_Hands_impostor_295,0001504,7000000,149,231,0,0,,False,,False,True,
SGMNet_root_SGM,hand,11k_Hands_impostor_295,0001504,7000000,1026,1230,22,6,0.2727,False,0.2727,False,True,0.5015
ASpanFormer_indoor,hand,11k_Hands_impostor_295,0001504,7000000,12,12,12,0,,False,,False,True,
DeepDetect,hand,11k_Hands_impostor_295,0001504,7000000,10229,11710,70,45,0.6429,True,0.6429,False,False,1.7310
LoFTR_indoor,hand,11k_Hands_impostor_296,0001002,0001555,197,197,197,60,0.3046,False,0.3046,False,True,2.4772
ORB,hand,11k_Hands_impostor_296,0001002,0001555,179,241,6,0,,False,,False,True,
SIFT,hand,11k_Hands_impostor_296,0001002,0001555,81,137,3,0,,False,,False,True,
SuperGlue,hand,11k_Hands_impostor_296,0001002,0001555,196,301,2,0,,False,,False,True,
SGMNet_root_SGM,hand,11k_Hands_impostor_296,0001002,0001555,1039,1276,69,9,0.1304,False,0.1304,False,True,1.1954
ASpanFormer_indoor,hand,11k_Hands_impostor_296,0001002,0001555,85,85,85,23,0.2706,False,0.2706,False,True,2.1076
DeepDetect,hand,11k_Hands_impostor_296,0001002,0001555,10219,13544,26,19,0.7308,True,0.7308,False,False,1.4591
LoFTR_indoor,hand,11k_Hands_impostor_297,0000028,0001066,190,190,190,62,0.3263,False,0.3263,False,True,2.8648
ORB,hand,11k_Hands_impostor_297,0000028,0001066,190,336,10,6,0.6000,True,0.6000,False,False,1.0352
SIFT,hand,11k_Hands_impostor_297,0000028,0001066,65,142,3,0,,False,,False,True,
SuperGlue,hand,11k_Hands_impostor_297,0000028,0001066,318,240,0,0,,False,,False,True,
SGMNet_root_SGM,hand,11k_Hands_impostor_297,0000028,0001066,1375,997,20,8,0.4000,True,0.4000,False,False,0.5055
ASpanFormer_indoor,hand,11k_Hands_impostor_297,0000028,0001066,183,183,183,94,0.5137,True,0.5137,False,False,2.4023
DeepDetect,hand,11k_Hands_impostor_297,0000028,0001066,12663,12666,36,24,0.6667,True,0.6667,False,False,1.6690
LoFTR_indoor,hand,11k_Hands_impostor_298,0000546,0001085,164,164,164,28,0.1707,False,0.1707,False,True,1.3699
ORB,hand,11k_Hands_impostor_298,0000546,0001085,304,613,6,4,0.6667,True,0.6667,False,False,0.0000
SIFT,hand,11k_Hands_impostor_298,0000546,0001085,114,200,8,0,,False,,False,True,
SuperGlue,hand,11k_Hands_impostor_298,0000546,0001085,190,323,0,0,,False,,False,True,
SGMNet_root_SGM,hand,11k_Hands_impostor_298,0000546,0001085,960,1161,51,8,0.1569,False,0.1569,False,True,1.0659
ASpanFormer_indoor,hand,11k_Hands_impostor_298,0000546,0001085,61,61,61,29,0.4754,True,0.4754,False,False,1.5332
DeepDetect,hand,11k_Hands_impostor_298,0000546,0001085,10096,11528,17,9,0.5294,True,0.5294,False,False,1.0823
LoFTR_indoor,hand,11k_Hands_impostor_299,0001504,0000501,168,168,168,29,0.1726,False,0.1726,False,True,2.2439
ORB,hand,11k_Hands_impostor_299,0001504,0000501,479,315,18,0,,False,,False,True,
SIFT,hand,11k_Hands_impostor_299,0001504,0000501,107,115,7,0,,False,,False,True,
SuperGlue,hand,11k_Hands_impostor_299,0001504,0000501,167,250,0,0,,False,,False,True,
SGMNet_root_SGM,hand,11k_Hands_impostor_299,0001504,0000501,742,1312,4,4,1.0000,True,1.0000,False,False,0.0000
ASpanFormer_indoor,hand,11k_Hands_impostor_299,0001504,0000501,77,77,77,36,0.4675,True,0.4675,False,False,1.8809
DeepDetect,hand,11k_Hands_impostor_299,0001504,0000501,9655,12241,17,0,,False,,False,True,
LoFTR_indoor,hand,11k_Hands_impostor_300,0000081,0000574,149,149,149,29,0.1946,False,0.1946,False,True,2.2078
ORB,hand,11k_Hands_impostor_300,0000081,0000574,185,199,4,0,,False,,False,True,
SIFT,hand,11k_Hands_impostor_300,0000081,0000574,75,65,3,0,,False,,False,True,
SuperGlue,hand,11k_Hands_impostor_300,0000081,0000574,133,204,0,0,,False,,False,True,
SGMNet_root_SGM,hand,11k_Hands_impostor_300,0000081,0000574,904,559,17,7,0.4118,True,0.4118,False,False,1.2178
ASpanFormer_indoor,hand,11k_Hands_impostor_300,0000081,0000574,26,26,26,17,0.6538,True,0.6538,False,False,1.9260
DeepDetect,hand,11k_Hands_impostor_300,0000081,0000574,9412,9278,5,0,,False,,False,True,
LoFTR_indoor,hand,11k_Hands_impostor_301,0000559,0000543,109,109,109,27,0.2477,False,0.2477,False,True,2.0530
ORB,hand,11k_Hands_impostor_301,0000559,0000543,203,148,9,0,,False,,False,True,
SIFT,hand,11k_Hands_impostor_301,0000559,0000543,71,87,5,0,,False,,False,True,
SuperGlue,hand,11k_Hands_impostor_301,0000559,0000543,186,162,2,0,,False,,False,True,
SGMNet_root_SGM,hand,11k_Hands_impostor_301,0000559,0000543,905,1232,11,5,0.4545,True,0.4545,False,False,0.6355
ASpanFormer_indoor,hand,11k_Hands_impostor_301,0000559,0000543,28,28,28,13,0.4643,True,0.4643,False,False,1.7666
DeepDetect,hand,11k_Hands_impostor_301,0000559,0000543,13610,9413,33,0,,False,,False,True,
LoFTR_indoor,hand,11k_Hands_impostor_302,0000086,0001008,276,276,276,85,0.3080,False,0.3080,False,True,2.5026
ORB,hand,11k_Hands_impostor_302,0000086,0001008,125,115,13,0,,False,,False,True,
SIFT,hand,11k_Hands_impostor_302,0000086,0001008,57,46,5,0,,False,,False,True,
SuperGlue,hand,11k_Hands_impostor_302,0000086,0001008,144,185,2,0,,False,,False,True,
SGMNet_root_SGM,hand,11k_Hands_impostor_302,0000086,0001008,659,772,24,7,0.2917,False,0.2917,False,True,0.6287
ASpanFormer_indoor,hand,11k_Hands_impostor_302,0000086,0001008,111,111,111,55,0.4955,True,0.4955,False,False,2.0549
DeepDetect,hand,11k_Hands_impostor_302,0000086,0001008,8335,10296,6,4,0.6667,True,0.6667,False,False,0.0000
LoFTR_indoor,hand,11k_Hands_impostor_303,0001039,0000053,205,205,205,19,0.0927,False,0.0927,False,True,2.3041
ORB,hand,11k_Hands_impostor_303,0001039,0000053,158,100,5,0,,False,,False,True,
SIFT,hand,11k_Hands_impostor_303,0001039,0000053,66,68,5,0,,False,,False,True,
SuperGlue,hand,11k_Hands_impostor_303,0001039,0000053,195,234,5,0,,False,,False,True,
SGMNet_root_SGM,hand,11k_Hands_impostor_303,0001039,0000053,884,1835,11,5,0.4545,True,0.4545,False,False,0.6958
ASpanFormer_indoor,hand,11k_Hands_impostor_303,0001039,0000053,118,118,118,61,0.5169,True,0.5169,False,False,2.6494
DeepDetect,hand,11k_Hands_impostor_303,0001039,0000053,10291,13108,56,0,,False,,False,True,
LoFTR_indoor,hand,11k_Hands_impostor_304,0001553,0000504,219,219,219,33,0.1507,False,0.1507,False,True,2.4334
ORB,hand,11k_Hands_impostor_304,0001553,0000504,669,239,19,0,,False,,False,True,
SIFT,hand,11k_Hands_impostor_304,0001553,0000504,160,103,2,0,,False,,False,True,
SuperGlue,hand,11k_Hands_impostor_304,0001553,0000504,256,232,0,0,,False,,False,True,
SGMNet_root_SGM,hand,11k_Hands_impostor_304,0001553,0000504,837,1665,6,4,0.6667,True,0.6667,False,False,0.0000
ASpanFormer_indoor,hand,11k_Hands_impostor_304,0001553,0000504,100,100,100,24,0.2400,False,0.2400,False,True,2.4247
DeepDetect,hand,11k_Hands_impostor_304,0001553,0000504,12887,11727,18,11,0.6111,True,0.6111,False,False,0.8119
LoFTR_indoor,hand,11k_Hands_impostor_305,0001046,0001011,486,486,486,181,0.3724,False,0.3724,False,True,2.2784
ORB,hand,11k_Hands_impostor_305,0001046,0001011,155,220,20,0,,False,,False,True,
SIFT,hand,11k_Hands_impostor_305,0001046,0001011,72,102,12,0,,False,,False,True,
SuperGlue,hand,11k_Hands_impostor_305,0001046,0001011,193,215,77,23,0.2987,False,0.2987,False,True,2.4183
SGMNet_root_SGM,hand,11k_Hands_impostor_305,0001046,0001011,976,1387,83,14,0.1687,False,0.1687,False,True,1.4036
ASpanFormer_indoor,hand,11k_Hands_impostor_305,0001046,0001011,403,403,403,172,0.4268,True,0.4268,False,False,2.5737
DeepDetect,hand,11k_Hands_impostor_305,0001046,0001011,9556,11325,65,40,0.6154,True,0.6154,False,False,1.7133
LoFTR_indoor,hand,11k_Hands_impostor_306,0000528,0000506,91,91,91,12,0.1319,False,0.1319,False,True,2.2440
ORB,hand,11k_Hands_impostor_306,0000528,0000506,249,208,8,0,,False,,False,True,
SIFT,hand,11k_Hands_impostor_306,0000528,0000506,106,85,1,0,,False,,False,True,
SuperGlue,hand,11k_Hands_impostor_306,0000528,0000506,173,254,0,0,,False,,False,True,
SGMNet_root_SGM,hand,11k_Hands_impostor_306,0000528,0000506,812,1322,9,5,0.5556,True,0.5556,False,False,0.6853
ASpanFormer_indoor,hand,11k_Hands_impostor_306,0000528,0000506,25,25,25,10,0.4000,True,0.4000,False,False,2.0300
DeepDetect,hand,11k_Hands_impostor_306,0000528,0000506,10345,13244,34,0,,False,,False,True,
LoFTR_indoor,hand,11k_Hands_impostor_307,0000572,0001557,193,193,193,83,0.4301,False,0.4301,False,True,2.7974
ORB,hand,11k_Hands_impostor_307,0000572,0001557,279,621,16,0,,False,,False,True,
SIFT,hand,11k_Hands_impostor_307,0000572,0001557,120,160,4,0,,False,,False,True,
SuperGlue,hand,11k_Hands_impostor_307,0000572,0001557,182,177,10,0,,False,,False,True,
SGMNet_root_SGM,hand,11k_Hands_impostor_307,0000572,0001557,724,639,40,10,0.2500,False,0.2500,False,True,1.1258
ASpanFormer_indoor,hand,11k_Hands_impostor_307,0000572,0001557,106,106,106,74,0.6981,True,0.6981,False,False,2.0226
DeepDetect,hand,11k_Hands_impostor_307,0000572,0001557,11208,10712,1,0,,False,,False,True,
LoFTR_indoor,hand,11k_Hands_impostor_308,0000594,0001028,418,418,418,156,0.3732,False,0.3732,False,True,2.0592
ORB,hand,11k_Hands_impostor_308,0000594,0001028,265,445,8,0,,False,,False,True,
SIFT,hand,11k_Hands_impostor_308,0000594,0001028,92,120,5,0,,False,,False,True,
SuperGlue,hand,11k_Hands_impostor_308,0000594,0001028,170,229,95,39,0.4105,False,0.4105,False,True,2.1943
SGMNet_root_SGM,hand,11k_Hands_impostor_308,0000594,0001028,953,882,60,11,0.1833,False,0.1833,False,True,1.0455
ASpanFormer_indoor,hand,11k_Hands_impostor_308,0000594,0001028,390,390,390,210,0.5385,True,0.5385,False,False,2.5840
DeepDetect,hand,11k_Hands_impostor_308,0000594,0001028,9326,11272,39,33,0.8462,True,0.8462,False,False,0.7387
LoFTR_indoor,hand,11k_Hands_impostor_309,0001009,0000012,213,213,213,33,0.1549,False,0.1549,False,True,2.1854
ORB,hand,11k_Hands_impostor_309,0001009,0000012,339,743,13,0,,False,,False,True,
SIFT,hand,11k_Hands_impostor_309,0001009,0000012,124,178,10,0,,False,,False,True,
SuperGlue,hand,11k_Hands_impostor_309,0001009,0000012,224,227,0,0,,False,,False,True,
SGMNet_root_SGM,hand,11k_Hands_impostor_309,0001009,0000012,1421,768,65,14,0.2154,False,0.2154,False,True,1.0194
ASpanFormer_indoor,hand,11k_Hands_impostor_309,0001009,0000012,87,87,87,54,0.6207,True,0.6207,False,False,1.3612
DeepDetect,hand,11k_Hands_impostor_309,0001009,0000012,12109,12057,4,0,,False,,False,True,
LoFTR_indoor,hand,11k_Hands_impostor_310,0001088,0001552,273,273,273,80,0.2930,False,0.2930,False,True,2.3311
ORB,hand,11k_Hands_impostor_310,0001088,0001552,387,210,14,0,,False,,False,True,
SIFT,hand,11k_Hands_impostor_310,0001088,0001552,116,100,6,0,,False,,False,True,
SuperGlue,hand,11k_Hands_impostor_310,0001088,0001552,215,235,78,24,0.3077,False,0.3077,False,True,2.6354
SGMNet_root_SGM,hand,11k_Hands_impostor_310,0001088,0001552,1109,1156,168,43,0.2560,False,0.2560,False,True,1.4700
ASpanFormer_indoor,hand,11k_Hands_impostor_310,0001088,0001552,212,212,212,93,0.4387,True,0.4387,False,False,2.4283
DeepDetect,hand,11k_Hands_impostor_310,0001088,0001552,11672,12763,62,44,0.7097,True,0.7097,False,False,1.9121
LoFTR_indoor,hand,11k_Hands_impostor_311,0000028,0000588,239,239,239,55,0.2301,False,0.2301,False,True,2.2760
ORB,hand,11k_Hands_impostor_311,0000028,0000588,305,642,8,5,0.6250,True,0.6250,False,False,1.0268
SIFT,hand,11k_Hands_impostor_311,0000028,0000588,98,165,5,0,,False,,False,True,
SuperGlue,hand,11k_Hands_impostor_311,0000028,0000588,233,161,0,0,,False,,False,True,
SGMNet_root_SGM,hand,11k_Hands_impostor_311,0000028,0000588,1378,866,30,13,0.4333,True,0.4333,False,False,1.2236
ASpanFormer_indoor,hand,11k_Hands_impostor_311,0000028,0000588,115,115,115,58,0.5043,True,0.5043,False,False,1.9449
DeepDetect,hand,11k_Hands_impostor_311,0000028,0000588,9950,9256,19,0,,False,,False,True,
LoFTR_indoor,hand,11k_Hands_impostor_312,0001528,1100000,188,188,188,33,0.1755,False,0.1755,False,True,1.3956
ORB,hand,11k_Hands_impostor_312,0001528,1100000,77,152,3,0,,False,,False,True,
SIFT,hand,11k_Hands_impostor_312,0001528,1100000,54,77,3,0,,False,,False,True,
SuperGlue,hand,11k_Hands_impostor_312,0001528,1100000,241,200,0,0,,False,,False,True,
SGMNet_root_SGM,hand,11k_Hands_impostor_312,0001528,1100000,1345,1234,53,11,0.2075,False,0.2075,False,True,1.2412
ASpanFormer_indoor,hand,11k_Hands_impostor_312,0001528,1100000,122,122,122,53,0.4344,True,0.4344,False,False,1.9176
DeepDetect,hand,11k_Hands_impostor_312,0001528,1100000,11135,12109,99,0,,False,,False,True,
LoFTR_indoor,hand,11k_Hands_impostor_313,0000045,0001058,184,184,184,54,0.2935,False,0.2935,False,True,2.6013
ORB,hand,11k_Hands_impostor_313,0000045,0001058,175,341,17,0,,False,,False,True,
SIFT,hand,11k_Hands_impostor_313,0000045,0001058,76,129,2,0,,False,,False,True,
SuperGlue,hand,11k_Hands_impostor_313,0000045,0001058,221,149,0,0,,False,,False,True,
SGMNet_root_SGM,hand,11k_Hands_impostor_313,0000045,0001058,983,928,47,11,0.2340,False,0.2340,False,True,1.2732
ASpanFormer_indoor,hand,11k_Hands_impostor_313,0000045,0001058,232,232,232,107,0.4612,True,0.4612,False,False,2.2380
DeepDetect,hand,11k_Hands_impostor_313,0000045,0001058,10510,9029,241,0,,False,,False,True,
LoFTR_indoor,hand,11k_Hands_impostor_314,0001058,2000000,117,117,117,22,0.1880,False,0.1880,False,True,1.9698
ORB,hand,11k_Hands_impostor_314,0001058,2000000,128,215,5,0,,False,,False,True,
SIFT,hand,11k_Hands_impostor_314,0001058,2000000,86,111,3,0,,False,,False,True,
SuperGlue,hand,11k_Hands_impostor_314,0001058,2000000,200,226,0,0,,False,,False,True,
SGMNet_root_SGM,hand,11k_Hands_impostor_314,0001058,2000000,971,904,35,7,0.2000,False,0.2000,False,True,0.8554
ASpanFormer_indoor,hand,11k_Hands_impostor_314,0001058,2000000,221,221,221,73,0.3303,False,0.3303,False,True,1.9251
DeepDetect,hand,11k_Hands_impostor_314,0001058,2000000,9974,12735,11,0,,False,,False,True,
LoFTR_indoor,hand,11k_Hands_impostor_315,0000004,0001557,413,413,413,152,0.3680,False,0.3680,False,True,2.6552
ORB,hand,11k_Hands_impostor_315,0000004,0001557,496,678,10,0,,False,,False,True,
SIFT,hand,11k_Hands_impostor_315,0000004,0001557,142,152,7,0,,False,,False,True,
SuperGlue,hand,11k_Hands_impostor_315,0000004,0001557,188,201,112,45,0.4018,False,0.4018,False,True,2.7208
SGMNet_root_SGM,hand,11k_Hands_impostor_315,0000004,0001557,734,664,117,31,0.2650,False,0.2650,False,True,1.5169
ASpanFormer_indoor,hand,11k_Hands_impostor_315,0000004,0001557,399,399,399,245,0.6140,True,0.6140,False,False,2.5434
DeepDetect,hand,11k_Hands_impostor_315,0000004,0001557,9502,11083,7,5,0.7143,True,0.7143,False,False,0.0854
LoFTR_indoor,hand,11k_Hands_impostor_316,0000574,0001032,618,618,618,258,0.4175,False,0.4175,False,True,2.4286
ORB,hand,11k_Hands_impostor_316,0000574,0001032,151,420,10,5,0.5000,True,0.5000,False,False,0.3518
SIFT,hand,11k_Hands_impostor_316,0000574,0001032,68,109,8,0,,False,,False,True,
SuperGlue,hand,11k_Hands_impostor_316,0000574,0001032,206,228,139,38,0.2734,False,0.2734,False,True,2.9668
SGMNet_root_SGM,hand,11k_Hands_impostor_316,0000574,0001032,939,924,64,14,0.2188,False,0.2188,False,True,1.4787
ASpanFormer_indoor,hand,11k_Hands_impostor_316,0000574,0001032,684,684,684,368,0.5380,True,0.5380,False,False,2.3610
DeepDetect,hand,11k_Hands_impostor_316,0000574,0001032,10233,12200,83,0,,False,,False,True,
LoFTR_indoor,hand,11k_Hands_impostor_317,0001597,0000066,132,132,132,19,0.1439,False,0.1439,False,True,2.1700
ORB,hand,11k_Hands_impostor_317,0001597,0000066,183,180,12,6,0.5000,True,0.5000,False,False,0.6387
SIFT,hand,11k_Hands_impostor_317,0001597,0000066,49,95,3,0,,False,,False,True,
SuperGlue,hand,11k_Hands_impostor_317,0001597,0000066,124,278,1,0,,False,,False,True,
SGMNet_root_SGM,hand,11k_Hands_impostor_317,0001597,0000066,562,1653,8,4,0.5000,True,0.5000,False,False,0.0000
ASpanFormer_indoor,hand,11k_Hands_impostor_317,0001597,0000066,98,98,98,35,0.3571,False,0.3571,False,True,2.2874
DeepDetect,hand,11k_Hands_impostor_317,0001597,0000066,8561,13420,54,40,0.7407,True,0.7407,False,False,0.8353
LoFTR_indoor,hand,11k_Hands_impostor_318,0001597,0001520,213,213,213,36,0.1690,False,0.1690,False,True,2.3180
ORB,hand,11k_Hands_impostor_318,0001597,0001520,291,193,19,7,0.3684,False,0.3684,False,True,0.8361
SIFT,hand,11k_Hands_impostor_318,0001597,0001520,92,106,5,0,,False,,False,True,
SuperGlue,hand,11k_Hands_impostor_318,0001597,0001520,137,196,0,0,,False,,False,True,
SGMNet_root_SGM,hand,11k_Hands_impostor_318,0001597,0001520,636,1045,12,0,,False,,False,True,
ASpanFormer_indoor,hand,11k_Hands_impostor_318,0001597,0001520,76,76,76,36,0.4737,True,0.4737,False,False,2.4830
DeepDetect,hand,11k_Hands_impostor_318,0001597,0001520,9519,11193,9,0,,False,,False,True,
LoFTR_indoor,hand,11k_Hands_impostor_319,0001003,0001525,247,247,247,63,0.2551,False,0.2551,False,True,2.3302
ORB,hand,11k_Hands_impostor_319,0001003,0001525,415,179,24,8,0.3333,False,0.3333,False,True,0.7950
SIFT,hand,11k_Hands_impostor_319,0001003,0001525,98,56,0,0,,False,,False,True,
SuperGlue,hand,11k_Hands_impostor_319,0001003,0001525,268,196,1,0,,False,,False,True,
SGMNet_root_SGM,hand,11k_Hands_impostor_319,0001003,0001525,1007,993,28,10,0.3571,False,0.3571,False,True,0.5339
ASpanFormer_indoor,hand,11k_Hands_impostor_319,0001003,0001525,163,163,163,52,0.3190,False,0.3190,False,True,1.4541
DeepDetect,hand,11k_Hands_impostor_319,0001003,0001525,11870,10921,37,0,,False,,False,True,
LoFTR_indoor,hand,11k_Hands_impostor_320,0000057,0000514,370,370,370,139,0.3757,False,0.3757,False,True,2.7695
ORB,hand,11k_Hands_impostor_320,0000057,0000514,302,390,17,0,,False,,False,True,
SIFT,hand,11k_Hands_impostor_320,0000057,0000514,151,110,8,0,,False,,False,True,
SuperGlue,hand,11k_Hands_impostor_320,0000057,0000514,211,293,59,16,0.2712,False,0.2712,False,True,2.5154
SGMNet_root_SGM,hand,11k_Hands_impostor_320,0000057,0000514,1528,1351,112,20,0.1786,False,0.1786,False,True,1.2908
ASpanFormer_indoor,hand,11k_Hands_impostor_320,0000057,0000514,347,347,347,137,0.3948,False,0.3948,False,True,2.8041
DeepDetect,hand,11k_Hands_impostor_320,0000057,0000514,13553,14158,91,42,0.4615,True,0.4615,False,False,2.2047
LoFTR_indoor,hand,11k_Hands_impostor_321,0000504,6000000,316,316,316,72,0.2278,False,0.2278,False,True,2.5956
ORB,hand,11k_Hands_impostor_321,0000504,6000000,318,386,6,0,,False,,False,True,
SIFT,hand,11k_Hands_impostor_321,0000504,6000000,145,76,3,0,,False,,False,True,
SuperGlue,hand,11k_Hands_impostor_321,0000504,6000000,256,182,0,0,,False,,False,True,
SGMNet_root_SGM,hand,11k_Hands_impostor_321,0000504,6000000,1124,848,31,8,0.2581,False,0.2581,False,True,0.9197
ASpanFormer_indoor,hand,11k_Hands_impostor_321,0000504,6000000,229,229,229,102,0.4454,True,0.4454,False,False,2.6224
DeepDetect,hand,11k_Hands_impostor_321,0000504,6000000,12341,11176,29,0,,False,,False,True,
LoFTR_indoor,hand,11k_Hands_impostor_322,0000038,1200000,334,334,334,53,0.1587,False,0.1587,False,True,2.7130
ORB,hand,11k_Hands_impostor_322,0000038,1200000,118,211,4,0,,False,,False,True,
SIFT,hand,11k_Hands_impostor_322,0000038,1200000,78,117,4,0,,False,,False,True,
SuperGlue,hand,11k_Hands_impostor_322,0000038,1200000,204,287,14,9,0.6429,True,0.6429,False,False,1.2913
SGMNet_root_SGM,hand,11k_Hands_impostor_322,0000038,1200000,755,1656,12,5,0.4167,True,0.4167,False,False,0.6395
ASpanFormer_indoor,hand,11k_Hands_impostor_322,0000038,1200000,129,129,129,43,0.3333,False,0.3333,False,True,2.3933
DeepDetect,hand,11k_Hands_impostor_322,0000038,1200000,10947,13815,124,0,,False,,False,True,
LoFTR_indoor,hand,11k_Hands_impostor_323,0000596,0000541,307,307,307,82,0.2671,False,0.2671,False,True,2.6070
ORB,hand,11k_Hands_impostor_323,0000596,0000541,452,98,19,0,,False,,False,True,
SIFT,hand,11k_Hands_impostor_323,0000596,0000541,168,51,2,0,,False,,False,True,
SuperGlue,hand,11k_Hands_impostor_323,0000596,0000541,194,214,9,6,0.6667,True,0.6667,False,False,0.7774
SGMNet_root_SGM,hand,11k_Hands_impostor_323,0000596,0000541,942,1009,44,8,0.1818,False,0.1818,False,True,0.9513
ASpanFormer_indoor,hand,11k_Hands_impostor_323,0000596,0000541,255,255,255,138,0.5412,True,0.5412,False,False,1.9418
DeepDetect,hand,11k_Hands_impostor_323,0000596,0000541,10711,10992,5,0,,False,,False,True,
LoFTR_indoor,hand,11k_Hands_impostor_324,0000596,0000507,122,122,122,66,0.5410,True,0.5410,False,False,2.4981
ORB,hand,11k_Hands_impostor_324,0000596,0000507,318,340,4,0,,False,,False,True,
SIFT,hand,11k_Hands_impostor_324,0000596,0000507,103,94,3,0,,False,,False,True,
SuperGlue,hand,11k_Hands_impostor_324,0000596,0000507,196,176,63,23,0.3651,False,0.3651,False,True,2.3998
SGMNet_root_SGM,hand,11k_Hands_impostor_324,0000596,0000507,1019,557,7,5,0.7143,True,0.7143,False,False,0.6939
ASpanFormer_indoor,hand,11k_Hands_impostor_324,0000596,0000507,142,142,142,81,0.5704,True,0.5704,False,False,2.3055
DeepDetect,hand,11k_Hands_impostor_324,0000596,0000507,10177,8994,27,21,0.7778,True,0.7778,False,False,1.8089
LoFTR_indoor,hand,11k_Hands_impostor_325,0001566,1200000,124,124,124,21,0.1694,False,0.1694,False,True,2.1393
ORB,hand,11k_Hands_impostor_325,0001566,1200000,567,513,15,0,,False,,False,True,
SIFT,hand,11k_Hands_impostor_325,0001566,1200000,201,118,3,0,,False,,False,True,
SuperGlue,hand,11k_Hands_impostor_325,0001566,1200000,216,275,0,0,,False,,False,True,
SGMNet_root_SGM,hand,11k_Hands_impostor_325,0001566,1200000,1187,974,5,5,1.0000,True,1.0000,False,False,0.5692
ASpanFormer_indoor,hand,11k_Hands_impostor_325,0001566,1200000,34,34,34,17,0.5000,True,0.5000,False,False,2.0516
DeepDetect,hand,11k_Hands_impostor_325,0001566,1200000,13128,12142,48,31,0.6458,True,0.6458,False,False,1.9197
LoFTR_indoor,hand,11k_Hands_impostor_326,0001560,0001592,71,71,71,22,0.3099,False,0.3099,False,True,2.5254
ORB,hand,11k_Hands_impostor_326,0001560,0001592,656,276,22,0,,False,,False,True,
SIFT,hand,11k_Hands_impostor_326,0001560,0001592,173,85,6,0,,False,,False,True,
SuperGlue,hand,11k_Hands_impostor_326,0001560,0001592,205,151,2,0,,False,,False,True,
SGMNet_root_SGM,hand,11k_Hands_impostor_326,0001560,0001592,1057,684,17,7,0.4118,True,0.4118,False,False,0.5314
ASpanFormer_indoor,hand,11k_Hands_impostor_326,0001560,0001592,48,48,48,22,0.4583,True,0.4583,False,False,2.1682
DeepDetect,hand,11k_Hands_impostor_326,0001560,0001592,11549,8561,16,0,,False,,False,True,
LoFTR_indoor,hand,11k_Hands_impostor_327,0001093,0001571,212,212,212,56,0.2642,False,0.2642,False,True,2.6566
ORB,hand,11k_Hands_impostor_327,0001093,0001571,144,331,12,0,,False,,False,True,
SIFT,hand,11k_Hands_impostor_327,0001093,0001571,55,71,5,0,,False,,False,True,
SuperGlue,hand,11k_Hands_impostor_327,0001093,0001571,180,162,0,0,,False,,False,True,
SGMNet_root_SGM,hand,11k_Hands_impostor_327,0001093,0001571,1076,573,11,0,,False,,False,True,
ASpanFormer_indoor,hand,11k_Hands_impostor_327,0001093,0001571,151,151,151,60,0.3974,False,0.3974,False,True,2.7039
DeepDetect,hand,11k_Hands_impostor_327,0001093,0001571,9579,10033,84,0,,False,,False,True,
LoFTR_indoor,hand,11k_Hands_impostor_328,3000000,0000013,169,169,169,40,0.2367,False,0.2367,False,True,2.7455
ORB,hand,11k_Hands_impostor_328,3000000,0000013,498,493,10,0,,False,,False,True,
SIFT,hand,11k_Hands_impostor_328,3000000,0000013,112,182,4,0,,False,,False,True,
SuperGlue,hand,11k_Hands_impostor_328,3000000,0000013,197,206,1,0,,False,,False,True,
SGMNet_root_SGM,hand,11k_Hands_impostor_328,3000000,0000013,710,1120,13,0,,False,,False,True,
ASpanFormer_indoor,hand,11k_Hands_impostor_328,3000000,0000013,81,81,81,49,0.6049,True,0.6049,False,False,2.4569
DeepDetect,hand,11k_Hands_impostor_328,3000000,0000013,10828,11816,51,0,,False,,False,True,
LoFTR_indoor,hand,11k_Hands_impostor_329,0000572,0001569,213,213,213,59,0.2770,False,0.2770,False,True,2.0173
ORB,hand,11k_Hands_impostor_329,0000572,0001569,265,258,5,0,,False,,False,True,
SIFT,hand,11k_Hands_impostor_329,0000572,0001569,83,74,3,0,,False,,False,True,
SuperGlue,hand,11k_Hands_impostor_329,0000572,0001569,209,149,0,0,,False,,False,True,
SGMNet_root_SGM,hand,11k_Hands_impostor_329,0000572,0001569,798,731,67,16,0.2388,False,0.2388,False,True,1.2421
ASpanFormer_indoor,hand,11k_Hands_impostor_329,0000572,0001569,76,76,76,27,0.3553,False,0.3553,False,True,1.7990
DeepDetect,hand,11k_Hands_impostor_329,0000572,0001569,10428,8390,17,11,0.6471,True,0.6471,False,False,0.8853
LoFTR_indoor,hand,11k_Hands_impostor_330,0000054,0000013,251,251,251,51,0.2032,False,0.2032,False,True,2.7037
ORB,hand,11k_Hands_impostor_330,0000054,0000013,137,261,4,0,,False,,False,True,
SIFT,hand,11k_Hands_impostor_330,0000054,0000013,50,121,3,0,,False,,False,True,
SuperGlue,hand,11k_Hands_impostor_330,0000054,0000013,198,315,19,7,0.3684,False,0.3684,False,True,1.4206
SGMNet_root_SGM,hand,11k_Hands_impostor_330,0000054,0000013,679,1621,13,6,0.4615,True,0.4615,False,False,0.7691
ASpanFormer_indoor,hand,11k_Hands_impostor_330,0000054,0000013,73,73,73,27,0.3699,False,0.3699,False,True,1.5696
DeepDetect,hand,11k_Hands_impostor_330,0000054,0000013,10180,13971,46,0,,False,,False,True,
LoFTR_indoor,hand,11k_Hands_impostor_331,0001593,0001525,171,171,171,48,0.2807,False,0.2807,False,True,2.1715
ORB,hand,11k_Hands_impostor_331,0001593,0001525,470,115,24,0,,False,,False,True,
SIFT,hand,11k_Hands_impostor_331,0001593,0001525,105,62,0,0,,False,,False,True,
SuperGlue,hand,11k_Hands_impostor_331,0001593,0001525,221,157,0,0,,False,,False,True,
SGMNet_root_SGM,hand,11k_Hands_impostor_331,0001593,0001525,933,894,4,0,,False,,False,True,
ASpanFormer_indoor,hand,11k_Hands_impostor_331,0001593,0001525,35,35,35,18,0.5143,True,0.5143,False,False,1.5108
DeepDetect,hand,11k_Hands_impostor_331,0001593,0001525,11499,10045,7,4,0.5714,True,0.5714,False,False,0.0000
LoFTR_indoor,hand,11k_Hands_impostor_332,4000000,0001539,488,488,488,131,0.2684,False,0.2684,False,True,2.3721
ORB,hand,11k_Hands_impostor_332,4000000,0001539,367,298,10,0,,False,,False,True,
SIFT,hand,11k_Hands_impostor_332,4000000,0001539,84,92,4,0,,False,,False,True,
SuperGlue,hand,11k_Hands_impostor_332,4000000,0001539,189,178,30,13,0.4333,False,0.4333,False,True,1.8538
SGMNet_root_SGM,hand,11k_Hands_impostor_332,4000000,0001539,641,1020,27,9,0.3333,False,0.3333,False,True,0.9984
ASpanFormer_indoor,hand,11k_Hands_impostor_332,4000000,0001539,200,200,200,97,0.4850,True,0.4850,False,False,1.6312
DeepDetect,hand,11k_Hands_impostor_332,4000000,0001539,11077,11050,27,11,0.4074,True,0.4074,False,False,2.2205
LoFTR_indoor,hand,11k_Hands_impostor_333,0000541,0000532,245,245,245,89,0.3633,False,0.3633,False,True,2.4338
ORB,hand,11k_Hands_impostor_333,0000541,0000532,85,489,5,0,,False,,False,True,
SIFT,hand,11k_Hands_impostor_333,0000541,0000532,58,111,6,0,,False,,False,True,
SuperGlue,hand,11k_Hands_impostor_333,0000541,0000532,198,158,21,8,0.3810,False,0.3810,False,True,1.5183
SGMNet_root_SGM,hand,11k_Hands_impostor_333,0000541,0000532,983,671,15,6,0.4000,True,0.4000,False,False,0.8815
ASpanFormer_indoor,hand,11k_Hands_impostor_333,0000541,0000532,214,214,214,132,0.6168,True,0.6168,False,False,2.1657
DeepDetect,hand,11k_Hands_impostor_333,0000541,0000532,11096,8775,78,0,,False,,False,True,
LoFTR_indoor,hand,11k_Hands_impostor_334,0001587,0001043,379,379,379,94,0.2480,False,0.2480,False,True,1.9620
ORB,hand,11k_Hands_impostor_334,0001587,0001043,415,255,31,8,0.2581,False,0.2581,False,True,1.4837
SIFT,hand,11k_Hands_impostor_334,0001587,0001043,147,95,9,6,0.6667,True,0.6667,False,False,0.8547
SuperGlue,hand,11k_Hands_impostor_334,0001587,0001043,200,200,0,0,,False,,False,True,
SGMNet_root_SGM,hand,11k_Hands_impostor_334,0001587,0001043,1457,1366,32,12,0.3750,False,0.3750,False,True,1.0019
ASpanFormer_indoor,hand,11k_Hands_impostor_334,0001587,0001043,152,152,152,83,0.5461,True,0.5461,False,False,2.5191
DeepDetect,hand,11k_Hands_impostor_334,0001587,0001043,11356,10543,117,71,0.6068,True,0.6068,False,False,2.6939
LoFTR_indoor,hand,11k_Hands_impostor_335,0001566,6000000,166,166,166,27,0.1627,False,0.1627,False,True,1.9991
ORB,hand,11k_Hands_impostor_335,0001566,6000000,484,209,23,0,,False,,False,True,
SIFT,hand,11k_Hands_impostor_335,0001566,6000000,198,91,5,4,0.8000,True,0.8000,False,False,0.0000
SuperGlue,hand,11k_Hands_impostor_335,0001566,6000000,202,184,0,0,,False,,False,True,
SGMNet_root_SGM,hand,11k_Hands_impostor_335,0001566,6000000,1563,1122,29,10,0.3448,False,0.3448,False,True,1.1316
ASpanFormer_indoor,hand,11k_Hands_impostor_335,0001566,6000000,128,128,128,40,0.3125,False,0.3125,False,True,2.3363
DeepDetect,hand,11k_Hands_impostor_335,0001566,6000000,11409,10996,19,10,0.5263,True,0.5263,False,False,0.8047
LoFTR_indoor,hand,11k_Hands_impostor_336,0001509,0000011,130,130,130,28,0.2154,False,0.2154,False,True,2.3798
ORB,hand,11k_Hands_impostor_336,0001509,0000011,230,578,11,0,,False,,False,True,
SIFT,hand,11k_Hands_impostor_336,0001509,0000011,122,188,11,0,,False,,False,True,
SuperGlue,hand,11k_Hands_impostor_336,0001509,0000011,231,170,0,0,,False,,False,True,
SGMNet_root_SGM,hand,11k_Hands_impostor_336,0001509,0000011,1227,874,2,0,,False,,False,True,
ASpanFormer_indoor,hand,11k_Hands_impostor_336,0001509,0000011,51,51,51,27,0.5294,True,0.5294,False,False,1.2834
DeepDetect,hand,11k_Hands_impostor_336,0001509,0000011,11340,11000,27,17,0.6296,True,0.6296,False,False,1.6324
LoFTR_indoor,hand,11k_Hands_impostor_337,0001035,0001536,209,209,209,32,0.1531,False,0.1531,False,True,2.0762
ORB,hand,11k_Hands_impostor_337,0001035,0001536,567,531,43,0,,False,,False,True,
SIFT,hand,11k_Hands_impostor_337,0001035,0001536,157,147,4,0,,False,,False,True,
SuperGlue,hand,11k_Hands_impostor_337,0001035,0001536,224,296,1,0,,False,,False,True,
SGMNet_root_SGM,hand,11k_Hands_impostor_337,0001035,0001536,920,1059,11,0,,False,,False,True,
ASpanFormer_indoor,hand,11k_Hands_impostor_337,0001035,0001536,71,71,71,29,0.4085,True,0.4085,False,False,1.5180
DeepDetect,hand,11k_Hands_impostor_337,0001035,0001536,11250,14433,41,0,,False,,False,True,
LoFTR_indoor,hand,11k_Hands_impostor_338,0001525,0000504,185,185,185,22,0.1189,False,0.1189,False,True,2.4463
ORB,hand,11k_Hands_impostor_338,0001525,0000504,237,282,4,0,,False,,False,True,
SIFT,hand,11k_Hands_impostor_338,0001525,0000504,74,108,5,0,,False,,False,True,
SuperGlue,hand,11k_Hands_impostor_338,0001525,0000504,139,245,13,6,0.4615,True,0.4615,False,False,0.9314
SGMNet_root_SGM,hand,11k_Hands_impostor_338,0001525,0000504,722,1699,11,5,0.4545,True,0.4545,False,False,0.3476
ASpanFormer_indoor,hand,11k_Hands_impostor_338,0001525,0000504,196,196,196,94,0.4796,True,0.4796,False,False,2.4161
DeepDetect,hand,11k_Hands_impostor_338,0001525,0000504,8591,11637,0,0,,False,,False,True,
LoFTR_indoor,hand,11k_Hands_impostor_339,0001088,0001560,145,145,145,32,0.2207,False,0.2207,False,True,1.7350
ORB,hand,11k_Hands_impostor_339,0001088,0001560,475,542,13,0,,False,,False,True,
SIFT,hand,11k_Hands_impostor_339,0001088,0001560,130,177,14,0,,False,,False,True,
SuperGlue,hand,11k_Hands_impostor_339,0001088,0001560,186,264,2,0,,False,,False,True,
SGMNet_root_SGM,hand,11k_Hands_impostor_339,0001088,0001560,1108,1187,38,12,0.3158,False,0.3158,False,True,1.1652
ASpanFormer_indoor,hand,11k_Hands_impostor_339,0001088,0001560,32,32,32,0,,False,,False,True,
DeepDetect,hand,11k_Hands_impostor_339,0001088,0001560,10558,12549,60,0,,False,,False,True,
LoFTR_indoor,hand,11k_Hands_impostor_340,0001579,8000000,469,469,469,165,0.3518,False,0.3518,False,True,2.3192
ORB,hand,11k_Hands_impostor_340,0001579,8000000,362,408,14,0,,False,,False,True,
SIFT,hand,11k_Hands_impostor_340,0001579,8000000,112,149,8,0,,False,,False,True,
SuperGlue,hand,11k_Hands_impostor_340,0001579,8000000,229,203,86,34,0.3953,False,0.3953,False,True,2.4874
SGMNet_root_SGM,hand,11k_Hands_impostor_340,0001579,8000000,1206,1443,162,45,0.2778,False,0.2778,False,True,1.7394
ASpanFormer_indoor,hand,11k_Hands_impostor_340,0001579,8000000,476,476,476,286,0.6008,True,0.6008,False,False,3.0098
DeepDetect,hand,11k_Hands_impostor_340,0001579,8000000,11488,13151,25,0,,False,,False,True,
LoFTR_indoor,hand,11k_Hands_impostor_341,0001042,0000546,177,177,177,28,0.1582,False,0.1582,False,True,2.4357
ORB,hand,11k_Hands_impostor_341,0001042,0000546,379,238,19,0,,False,,False,True,
SIFT,hand,11k_Hands_impostor_341,0001042,0000546,113,79,2,0,,False,,False,True,
SuperGlue,hand,11k_Hands_impostor_341,0001042,0000546,222,153,0,0,,False,,False,True,
SGMNet_root_SGM,hand,11k_Hands_impostor_341,0001042,0000546,1113,834,11,0,,False,,False,True,
ASpanFormer_indoor,hand,11k_Hands_impostor_341,0001042,0000546,68,68,68,24,0.3529,False,0.3529,False,True,2.1329
DeepDetect,hand,11k_Hands_impostor_341,0001042,0000546,11354,9293,14,8,0.5714,True,0.5714,False,False,1.2069
LoFTR_indoor,hand,11k_Hands_impostor_342,0001034,0001085,175,175,175,48,0.2743,False,0.2743,False,True,2.2506
ORB,hand,11k_Hands_impostor_342,0001034,0001085,427,646,9,0,,False,,False,True,
SIFT,hand,11k_Hands_impostor_342,0001034,0001085,132,248,1,0,,False,,False,True,
SuperGlue,hand,11k_Hands_impostor_342,0001034,0001085,217,386,6,0,,False,,False,True,
SGMNet_root_SGM,hand,11k_Hands_impostor_342,0001034,0001085,1019,1159,72,9,0.1250,False,0.1250,False,True,0.8676
ASpanFormer_indoor,hand,11k_Hands_impostor_342,0001034,0001085,113,113,113,30,0.2655,False,0.2655,False,True,2.3029
DeepDetect,hand,11k_Hands_impostor_342,0001034,0001085,11774,15661,53,26,0.4906,True,0.4906,False,False,1.7661
LoFTR_indoor,hand,11k_Hands_impostor_343,0001093,0001525,196,196,196,35,0.1786,False,0.1786,False,True,2.2370
ORB,hand,11k_Hands_impostor_343,0001093,0001525,175,181,7,0,,False,,False,True,
SIFT,hand,11k_Hands_impostor_343,0001093,0001525,90,76,4,0,,False,,False,True,
SuperGlue,hand,11k_Hands_impostor_343,0001093,0001525,152,153,7,5,0.7143,True,0.7143,False,False,1.4092
SGMNet_root_SGM,hand,11k_Hands_impostor_343,0001093,0001525,828,704,11,0,,False,,False,True,
ASpanFormer_indoor,hand,11k_Hands_impostor_343,0001093,0001525,101,101,101,65,0.6436,True,0.6436,False,False,2.0486
DeepDetect,hand,11k_Hands_impostor_343,0001093,0001525,8439,8900,13,9,0.6923,True,0.6923,False,False,1.2006
LoFTR_indoor,hand,11k_Hands_impostor_344,0001013,0000061,322,322,322,60,0.1863,False,0.1863,False,True,2.5761
ORB,hand,11k_Hands_impostor_344,0001013,0000061,367,190,22,0,,False,,False,True,
SIFT,hand,11k_Hands_impostor_344,0001013,0000061,89,75,5,0,,False,,False,True,
SuperGlue,hand,11k_Hands_impostor_344,0001013,0000061,191,211,0,0,,False,,False,True,
SGMNet_root_SGM,hand,11k_Hands_impostor_344,0001013,0000061,1003,1328,108,0,,False,,False,True,
ASpanFormer_indoor,hand,11k_Hands_impostor_344,0001013,0000061,217,217,217,57,0.2627,False,0.2627,False,True,2.3185
DeepDetect,hand,11k_Hands_impostor_344,0001013,0000061,9990,10289,84,0,,False,,False,True,
LoFTR_indoor,hand,11k_Hands_impostor_345,0001067,0000546,176,176,176,47,0.2670,False,0.2670,False,True,2.7306
ORB,hand,11k_Hands_impostor_345,0001067,0000546,489,164,27,0,,False,,False,True,
SIFT,hand,11k_Hands_impostor_345,0001067,0000546,139,81,0,0,,False,,False,True,
SuperGlue,hand,11k_Hands_impostor_345,0001067,0000546,182,246,0,0,,False,,False,True,
SGMNet_root_SGM,hand,11k_Hands_impostor_345,0001067,0000546,769,1369,30,11,0.3667,False,0.3667,False,True,1.2140
ASpanFormer_indoor,hand,11k_Hands_impostor_345,0001067,0000546,130,130,130,45,0.3462,False,0.3462,False,True,2.5808
DeepDetect,hand,11k_Hands_impostor_345,0001067,0000546,9676,10826,60,0,,False,,False,True,
LoFTR_indoor,hand,11k_Hands_impostor_346,0001594,6000000,328,328,328,192,0.5854,True,0.5854,False,False,2.1620
ORB,hand,11k_Hands_impostor_346,0001594,6000000,253,305,12,0,,False,,False,True,
SIFT,hand,11k_Hands_impostor_346,0001594,6000000,85,79,8,0,,False,,False,True,
SuperGlue,hand,11k_Hands_impostor_346,0001594,6000000,210,157,78,33,0.4231,False,0.4231,False,True,2.4732
SGMNet_root_SGM,hand,11k_Hands_impostor_346,0001594,6000000,1305,571,20,10,0.5000,True,0.5000,False,False,1.1988
ASpanFormer_indoor,hand,11k_Hands_impostor_346,0001594,6000000,182,182,182,102,0.5604,True,0.5604,False,False,2.4804
DeepDetect,hand,11k_Hands_impostor_346,0001594,6000000,11669,9072,15,0,,False,,False,True,
LoFTR_indoor,hand,11k_Hands_impostor_347,0000004,1000000,47,47,47,19,0.4043,False,0.4043,False,True,2.0076
ORB,hand,11k_Hands_impostor_347,0000004,1000000,403,52,44,0,,False,,False,True,
SIFT,hand,11k_Hands_impostor_347,0000004,1000000,127,51,3,0,,False,,False,True,
SuperGlue,hand,11k_Hands_impostor_347,0000004,1000000,224,300,9,0,,False,,False,True,
SGMNet_root_SGM,hand,11k_Hands_impostor_347,0000004,1000000,864,773,82,18,0.2195,False,0.2195,False,True,1.2748
ASpanFormer_indoor,hand,11k_Hands_impostor_347,0000004,1000000,61,61,61,32,0.5246,True,0.5246,False,False,2.3508
DeepDetect,hand,11k_Hands_impostor_347,0000004,1000000,14420,12721,32,0,,False,,False,True,
LoFTR_indoor,hand,11k_Hands_impostor_348,0001569,0000084,162,162,162,24,0.1481,False,0.1481,False,True,2.4501
ORB,hand,11k_Hands_impostor_348,0001569,0000084,213,82,9,0,,False,,False,True,
SIFT,hand,11k_Hands_impostor_348,0001569,0000084,86,64,6,0,,False,,False,True,
SuperGlue,hand,11k_Hands_impostor_348,0001569,0000084,169,222,15,8,0.5333,True,0.5333,False,False,1.5593
SGMNet_root_SGM,hand,11k_Hands_impostor_348,0001569,0000084,646,1548,14,7,0.5000,True,0.5000,False,False,0.9057
ASpanFormer_indoor,hand,11k_Hands_impostor_348,0001569,0000084,95,95,95,31,0.3263,False,0.3263,False,True,1.3041
DeepDetect,hand,11k_Hands_impostor_348,0001569,0000084,9008,11282,53,27,0.5094,True,0.5094,False,False,1.3895
LoFTR_indoor,hand,11k_Hands_impostor_349,0001529,0000064,214,214,214,37,0.1729,False,0.1729,False,True,2.5275
ORB,hand,11k_Hands_impostor_349,0001529,0000064,402,252,16,0,,False,,False,True,
SIFT,hand,11k_Hands_impostor_349,0001529,0000064,123,103,3,0,,False,,False,True,
SuperGlue,hand,11k_Hands_impostor_349,0001529,0000064,216,190,0,0,,False,,False,True,
SGMNet_root_SGM,hand,11k_Hands_impostor_349,0001529,0000064,963,1211,19,0,,False,,False,True,
ASpanFormer_indoor,hand,11k_Hands_impostor_349,0001529,0000064,82,82,82,24,0.2927,False,0.2927,False,True,1.8375
DeepDetect,hand,11k_Hands_impostor_349,0001529,0000064,11687,12919,17,13,0.7647,True,0.7647,False,False,0.8842
LoFTR_indoor,hand,11k_Hands_impostor_350,0000528,0001061,230,230,230,40,0.1739,False,0.1739,False,True,2.3442
ORB,hand,11k_Hands_impostor_350,0000528,0001061,433,167,23,0,,False,,False,True,
SIFT,hand,11k_Hands_impostor_350,0000528,0001061,121,65,2,0,,False,,False,True,
SuperGlue,hand,11k_Hands_impostor_350,0000528,0001061,195,170,0,0,,False,,False,True,
SGMNet_root_SGM,hand,11k_Hands_impostor_350,0000528,0001061,934,1084,35,0,,False,,False,True,
ASpanFormer_indoor,hand,11k_Hands_impostor_350,0000528,0001061,98,98,98,47,0.4796,True,0.4796,False,False,2.0646
DeepDetect,hand,11k_Hands_impostor_350,0000528,0001061,10930,10293,25,14,0.5600,True,0.5600,False,False,1.1533
LoFTR_indoor,hand,11k_Hands_impostor_351,0001013,0001074,300,300,300,45,0.1500,False,0.1500,False,True,2.5126
ORB,hand,11k_Hands_impostor_351,0001013,0001074,412,437,14,0,,False,,False,True,
SIFT,hand,11k_Hands_impostor_351,0001013,0001074,114,193,2,0,,False,,False,True,
SuperGlue,hand,11k_Hands_impostor_351,0001013,0001074,153,191,0,0,,False,,False,True,
SGMNet_root_SGM,hand,11k_Hands_impostor_351,0001013,0001074,751,1498,41,10,0.2439,False,0.2439,False,True,1.1620
ASpanFormer_indoor,hand,11k_Hands_impostor_351,0001013,0001074,100,100,100,25,0.2500,False,0.2500,False,True,2.5641
DeepDetect,hand,11k_Hands_impostor_351,0001013,0001074,9406,11134,16,9,0.5625,True,0.5625,False,False,3.0979
LoFTR_indoor,hand,11k_Hands_impostor_352,0001589,0001089,209,209,209,46,0.2201,False,0.2201,False,True,2.8985
ORB,hand,11k_Hands_impostor_352,0001589,0001089,135,287,6,0,,False,,False,True,
SIFT,hand,11k_Hands_impostor_352,0001589,0001089,71,79,5,0,,False,,False,True,
SuperGlue,hand,11k_Hands_impostor_352,0001589,0001089,229,163,4,0,,False,,False,True,
SGMNet_root_SGM,hand,11k_Hands_impostor_352,0001589,0001089,1212,964,46,11,0.2391,False,0.2391,False,True,1.5226
ASpanFormer_indoor,hand,11k_Hands_impostor_352,0001589,0001089,142,142,142,66,0.4648,True,0.4648,False,False,2.2127
DeepDetect,hand,11k_Hands_impostor_352,0001589,0001089,10729,9474,97,0,,False,,False,True,
LoFTR_indoor,hand,11k_Hands_impostor_353,0000570,0001525,323,323,323,158,0.4892,True,0.4892,False,False,2.4995
ORB,hand,11k_Hands_impostor_353,0000570,0001525,140,167,3,0,,False,,False,True,
SIFT,hand,11k_Hands_impostor_353,0000570,0001525,74,55,6,0,,False,,False,True,
SuperGlue,hand,11k_Hands_impostor_353,0000570,0001525,241,178,23,13,0.5652,True,0.5652,False,False,1.7660
SGMNet_root_SGM,hand,11k_Hands_impostor_353,0000570,0001525,1196,731,17,7,0.4118,True,0.4118,False,False,0.7636
ASpanFormer_indoor,hand,11k_Hands_impostor_353,0000570,0001525,318,318,318,189,0.5943,True,0.5943,False,False,2.1580
DeepDetect,hand,11k_Hands_impostor_353,0000570,0001525,10482,9633,34,0,,False,,False,True,
LoFTR_indoor,hand,11k_Hands_impostor_354,0001558,0000594,189,189,189,23,0.1217,False,0.1217,False,True,2.3170
ORB,hand,11k_Hands_impostor_354,0001558,0000594,627,176,14,0,,False,,False,True,
SIFT,hand,11k_Hands_impostor_354,0001558,0000594,200,73,5,0,,False,,False,True,
SuperGlue,hand,11k_Hands_impostor_354,0001558,0000594,192,231,0,0,,False,,False,True,
SGMNet_root_SGM,hand,11k_Hands_impostor_354,0001558,0000594,1020,1117,7,0,,False,,False,True,
ASpanFormer_indoor,hand,11k_Hands_impostor_354,0001558,0000594,70,70,70,22,0.3143,False,0.3143,False,True,1.4975
DeepDetect,hand,11k_Hands_impostor_354,0001558,0000594,11735,12715,19,12,0.6316,True,0.6316,False,False,0.4113
LoFTR_indoor,hand,11k_Hands_impostor_355,0001519,0000086,220,220,220,47,0.2136,False,0.2136,False,True,2.2327
ORB,hand,11k_Hands_impostor_355,0001519,0000086,209,132,7,0,,False,,False,True,
SIFT,hand,11k_Hands_impostor_355,0001519,0000086,83,49,1,0,,False,,False,True,
SuperGlue,hand,11k_Hands_impostor_355,0001519,0000086,191,187,0,0,,False,,False,True,
SGMNet_root_SGM,hand,11k_Hands_impostor_355,0001519,0000086,1308,985,49,8,0.1633,False,0.1633,False,True,0.8889
ASpanFormer_indoor,hand,11k_Hands_impostor_355,0001519,0000086,147,147,147,53,0.3605,False,0.3605,False,True,2.2326
DeepDetect,hand,11k_Hands_impostor_355,0001519,0000086,11416,9352,13,0,,False,,False,True,
LoFTR_indoor,hand,11k_Hands_impostor_356,0001520,0000525,137,137,137,26,0.1898,False,0.1898,False,True,1.5799
ORB,hand,11k_Hands_impostor_356,0001520,0000525,209,404,3,0,,False,,False,True,
SIFT,hand,11k_Hands_impostor_356,0001520,0000525,57,91,2,0,,False,,False,True,
SuperGlue,hand,11k_Hands_impostor_356,0001520,0000525,175,354,46,14,0.3043,False,0.3043,False,True,2.1393
SGMNet_root_SGM,hand,11k_Hands_impostor_356,0001520,0000525,892,1740,2,0,,False,,False,True,
ASpanFormer_indoor,hand,11k_Hands_impostor_356,0001520,0000525,140,140,140,39,0.2786,False,0.2786,False,True,2.2285
DeepDetect,hand,11k_Hands_impostor_356,0001520,0000525,9133,16378,44,27,0.6136,True,0.6136,False,False,0.7028
LoFTR_indoor,hand,11k_Hands_impostor_357,0001593,0001018,173,173,173,50,0.2890,False,0.2890,False,True,2.2376
ORB,hand,11k_Hands_impostor_357,0001593,0001018,397,623,14,6,0.4286,False,0.4286,False,True,0.1711
SIFT,hand,11k_Hands_impostor_357,0001593,0001018,122,133,9,0,,False,,False,True,
SuperGlue,hand,11k_Hands_impostor_357,0001593,0001018,279,163,0,0,,False,,False,True,
SGMNet_root_SGM,hand,11k_Hands_impostor_357,0001593,0001018,1309,964,25,8,0.3200,False,0.3200,False,True,1.1439
ASpanFormer_indoor,hand,11k_Hands_impostor_357,0001593,0001018,96,96,96,40,0.4167,True,0.4167,False,False,1.6653
DeepDetect,hand,11k_Hands_impostor_357,0001593,0001018,15577,10483,11,0,,False,,False,True,
LoFTR_indoor,hand,11k_Hands_impostor_358,0001539,0001082,446,446,446,217,0.4865,True,0.4865,False,False,2.6738
ORB,hand,11k_Hands_impostor_358,0001539,0001082,144,387,9,6,0.6667,True,0.6667,False,False,1.4769
SIFT,hand,11k_Hands_impostor_358,0001539,0001082,58,124,10,7,0.7000,True,0.7000,False,False,0.1960
SuperGlue,hand,11k_Hands_impostor_358,0001539,0001082,175,168,123,42,0.3415,False,0.3415,False,True,2.3999
SGMNet_root_SGM,hand,11k_Hands_impostor_358,0001539,0001082,1076,875,70,19,0.2714,False,0.2714,False,True,1.5164
ASpanFormer_indoor,hand,11k_Hands_impostor_358,0001539,0001082,320,320,320,187,0.5844,True,0.5844,False,False,1.7582
DeepDetect,hand,11k_Hands_impostor_358,0001539,0001082,10790,10196,21,0,,False,,False,True,
LoFTR_indoor,hand,11k_Hands_impostor_359,0000501,0000054,171,171,171,23,0.1345,False,0.1345,False,True,2.4426
ORB,hand,11k_Hands_impostor_359,0000501,0000054,239,76,14,0,,False,,False,True,
SIFT,hand,11k_Hands_impostor_359,0000501,0000054,114,43,9,0,,False,,False,True,
SuperGlue,hand,11k_Hands_impostor_359,0000501,0000054,230,167,0,0,,False,,False,True,
SGMNet_root_SGM,hand,11k_Hands_impostor_359,0000501,0000054,1406,632,17,6,0.3529,False,0.3529,False,True,0.8292
ASpanFormer_indoor,hand,11k_Hands_impostor_359,0000501,0000054,55,55,55,24,0.4364,True,0.4364,False,False,2.2348
DeepDetect,hand,11k_Hands_impostor_359,0000501,0000054,13022,8074,124,92,0.7419,True,0.7419,False,False,2.4177
LoFTR_indoor,hand,11k_Hands_impostor_360,1100000,0000064,180,180,180,35,0.1944,False,0.1944,False,True,2.8631
ORB,hand,11k_Hands_impostor_360,1100000,0000064,143,274,1,0,,False,,False,True,
SIFT,hand,11k_Hands_impostor_360,1100000,0000064,72,117,5,0,,False,,False,True,
SuperGlue,hand,11k_Hands_impostor_360,1100000,0000064,234,251,9,7,0.7778,True,0.7778,False,False,1.7812
SGMNet_root_SGM,hand,11k_Hands_impostor_360,1100000,0000064,1228,1707,42,10,0.2381,False,0.2381,False,True,1.0183
ASpanFormer_indoor,hand,11k_Hands_impostor_360,1100000,0000064,79,79,79,35,0.4430,True,0.4430,False,False,1.7374
DeepDetect,hand,11k_Hands_impostor_360,1100000,0000064,12356,12507,61,42,0.6885,True,0.6885,False,False,0.8506
LoFTR_indoor,hand,11k_Hands_impostor_361,0001081,0001519,160,160,160,46,0.2875,False,0.2875,False,True,2.1099
ORB,hand,11k_Hands_impostor_361,0001081,0001519,123,281,9,0,,False,,False,True,
SIFT,hand,11k_Hands_impostor_361,0001081,0001519,58,128,3,0,,False,,False,True,
SuperGlue,hand,11k_Hands_impostor_361,0001081,0001519,253,203,4,4,1.0000,True,1.0000,False,False,0.0000
SGMNet_root_SGM,hand,11k_Hands_impostor_361,0001081,0001519,1009,1044,65,12,0.1846,False,0.1846,False,True,1.0550
ASpanFormer_indoor,hand,11k_Hands_impostor_361,0001081,0001519,120,120,120,35,0.2917,False,0.2917,False,True,1.9008
DeepDetect,hand,11k_Hands_impostor_361,0001081,0001519,12438,10977,15,8,0.5333,True,0.5333,False,False,2.0198
LoFTR_indoor,hand,11k_Hands_impostor_362,0000081,0000586,159,159,159,37,0.2327,False,0.2327,False,True,2.4014
ORB,hand,11k_Hands_impostor_362,0000081,0000586,135,265,3,0,,False,,False,True,
SIFT,hand,11k_Hands_impostor_362,0000081,0000586,41,87,1,0,,False,,False,True,
SuperGlue,hand,11k_Hands_impostor_362,0000081,0000586,192,216,0,0,,False,,False,True,
SGMNet_root_SGM,hand,11k_Hands_impostor_362,0000081,0000586,883,975,75,13,0.1733,False,0.1733,False,True,1.1713
ASpanFormer_indoor,hand,11k_Hands_impostor_362,0000081,0000586,54,54,54,29,0.5370,True,0.5370,False,False,1.8311
DeepDetect,hand,11k_Hands_impostor_362,0000081,0000586,9886,10861,31,22,0.7097,True,0.7097,False,False,1.6095
LoFTR_indoor,hand,11k_Hands_impostor_363,0001510,8000000,349,349,349,74,0.2120,False,0.2120,False,True,2.6021
ORB,hand,11k_Hands_impostor_363,0001510,8000000,283,294,20,0,,False,,False,True,
SIFT,hand,11k_Hands_impostor_363,0001510,8000000,95,160,7,0,,False,,False,True,
SuperGlue,hand,11k_Hands_impostor_363,0001510,8000000,204,247,3,0,,False,,False,True,
SGMNet_root_SGM,hand,11k_Hands_impostor_363,0001510,8000000,1165,1740,121,27,0.2231,False,0.2231,False,True,1.6657
ASpanFormer_indoor,hand,11k_Hands_impostor_363,0001510,8000000,428,428,428,164,0.3832,False,0.3832,False,True,2.6043
DeepDetect,hand,11k_Hands_impostor_363,0001510,8000000,10996,13612,138,0,,False,,False,True,
LoFTR_indoor,hand,11k_Hands_impostor_364,0001556,0001020,270,270,270,52,0.1926,False,0.1926,False,True,2.8341
ORB,hand,11k_Hands_impostor_364,0001556,0001020,608,765,16,0,,False,,False,True,
SIFT,hand,11k_Hands_impostor_364,0001556,0001020,199,214,4,0,,False,,False,True,
SuperGlue,hand,11k_Hands_impostor_364,0001556,0001020,218,303,1,0,,False,,False,True,
SGMNet_root_SGM,hand,11k_Hands_impostor_364,0001556,0001020,974,1115,6,0,,False,,False,True,
ASpanFormer_indoor,hand,11k_Hands_impostor_364,0001556,0001020,51,51,51,23,0.4510,True,0.4510,False,False,2.1731
DeepDetect,hand,11k_Hands_impostor_364,0001556,0001020,11431,16111,24,12,0.5000,True,0.5000,False,False,1.7901
LoFTR_indoor,hand,11k_Hands_impostor_365,0001569,0001532,272,272,272,101,0.3713,False,0.3713,False,True,2.6415
ORB,hand,11k_Hands_impostor_365,0001569,0001532,366,270,11,0,,False,,False,True,
SIFT,hand,11k_Hands_impostor_365,0001569,0001532,93,95,4,0,,False,,False,True,
SuperGlue,hand,11k_Hands_impostor_365,0001569,0001532,137,184,21,13,0.6190,True,0.6190,False,False,2.2640
SGMNet_root_SGM,hand,11k_Hands_impostor_365,0001569,0001532,531,870,27,14,0.5185,True,0.5185,False,False,1.4208
ASpanFormer_indoor,hand,11k_Hands_impostor_365,0001569,0001532,283,283,283,135,0.4770,True,0.4770,False,False,2.0418
DeepDetect,hand,11k_Hands_impostor_365,0001569,0001532,8954,9364,10,0,,False,,False,True,
LoFTR_indoor,hand,11k_Hands_impostor_366,0001085,0001043,303,303,303,50,0.1650,False,0.1650,False,True,2.3024
ORB,hand,11k_Hands_impostor_366,0001085,0001043,632,139,29,0,,False,,False,True,
SIFT,hand,11k_Hands_impostor_366,0001085,0001043,231,73,7,0,,False,,False,True,
SuperGlue,hand,11k_Hands_impostor_366,0001085,0001043,453,194,48,20,0.4167,False,0.4167,False,True,2.1047
SGMNet_root_SGM,hand,11k_Hands_impostor_366,0001085,0001043,1339,1173,50,13,0.2600,False,0.2600,False,True,1.1828
ASpanFormer_indoor,hand,11k_Hands_impostor_366,0001085,0001043,162,162,162,55,0.3395,False,0.3395,False,True,2.2361
DeepDetect,hand,11k_Hands_impostor_366,0001085,0001043,16176,11914,22,11,0.5000,True,0.5000,False,False,2.0721
LoFTR_indoor,hand,11k_Hands_impostor_367,0000546,0000576,137,137,137,28,0.2044,False,0.2044,False,True,2.2581
ORB,hand,11k_Hands_impostor_367,0000546,0000576,231,299,10,0,,False,,False,True,
SIFT,hand,11k_Hands_impostor_367,0000546,0000576,82,84,6,0,,False,,False,True,
SuperGlue,hand,11k_Hands_impostor_367,0000546,0000576,169,126,0,0,,False,,False,True,
SGMNet_root_SGM,hand,11k_Hands_impostor_367,0000546,0000576,951,523,29,10,0.3448,False,0.3448,False,True,1.0914
ASpanFormer_indoor,hand,11k_Hands_impostor_367,0000546,0000576,97,97,97,34,0.3505,False,0.3505,False,True,1.9450
DeepDetect,hand,11k_Hands_impostor_367,0000546,0000576,9959,8935,22,13,0.5909,True,0.5909,False,False,1.2309
LoFTR_indoor,hand,11k_Hands_impostor_368,0001037,0001081,195,195,195,45,0.2308,False,0.2308,False,True,2.0801
ORB,hand,11k_Hands_impostor_368,0001037,0001081,467,177,12,0,,False,,False,True,
SIFT,hand,11k_Hands_impostor_368,0001037,0001081,142,75,1,0,,False,,False,True,
SuperGlue,hand,11k_Hands_impostor_368,0001037,0001081,191,226,23,12,0.5217,True,0.5217,False,False,2.1710
SGMNet_root_SGM,hand,11k_Hands_impostor_368,0001037,0001081,776,1279,12,5,0.4167,True,0.4167,False,False,0.6214
ASpanFormer_indoor,hand,11k_Hands_impostor_368,0001037,0001081,143,143,143,61,0.4266,True,0.4266,False,False,2.4351
DeepDetect,hand,11k_Hands_impostor_368,0001037,0001081,10225,11388,13,10,0.7692,True,0.7692,False,False,0.5447
LoFTR_indoor,hand,11k_Hands_impostor_369,0001543,0000019,249,249,249,56,0.2249,False,0.2249,False,True,2.3655
ORB,hand,11k_Hands_impostor_369,0001543,0000019,317,405,4,4,1.0000,True,1.0000,False,False,0.0000
SIFT,hand,11k_Hands_impostor_369,0001543,0000019,130,101,13,5,0.3846,False,0.3846,False,True,0.7738
SuperGlue,hand,11k_Hands_impostor_369,0001543,0000019,192,215,0,0,,False,,False,True,
SGMNet_root_SGM,hand,11k_Hands_impostor_369,0001543,0000019,1040,870,32,11,0.3438,False,0.3438,False,True,0.9830
ASpanFormer_indoor,hand,11k_Hands_impostor_369,0001543,0000019,50,50,50,23,0.4600,True,0.4600,False,False,1.8012
DeepDetect,hand,11k_Hands_impostor_369,0001543,0000019,10891,10614,18,0,,False,,False,True,
LoFTR_indoor,hand,11k_Hands_impostor_370,0000532,0000057,190,190,190,24,0.1263,False,0.1263,False,True,1.9944
ORB,hand,11k_Hands_impostor_370,0000532,0000057,283,323,11,6,0.5455,True,0.5455,False,False,1.0698
SIFT,hand,11k_Hands_impostor_370,0000532,0000057,99,138,6,0,,False,,False,True,
SuperGlue,hand,11k_Hands_impostor_370,0000532,0000057,174,214,0,0,,False,,False,True,
SGMNet_root_SGM,hand,11k_Hands_impostor_370,0000532,0000057,614,1478,10,6,0.6000,True,0.6000,False,False,0.5253
ASpanFormer_indoor,hand,11k_Hands_impostor_370,0000532,0000057,53,53,53,16,0.3019,False,0.3019,False,True,2.6320
DeepDetect,hand,11k_Hands_impostor_370,0000532,0000057,8785,13118,27,0,,False,,False,True,
LoFTR_indoor,hand,11k_Hands_impostor_371,0000546,0001023,435,435,435,115,0.2644,False,0.2644,False,True,2.5951
ORB,hand,11k_Hands_impostor_371,0000546,0001023,165,256,6,0,,False,,False,True,
SIFT,hand,11k_Hands_impostor_371,0000546,0001023,62,129,3,0,,False,,False,True,
SuperGlue,hand,11k_Hands_impostor_371,0000546,0001023,177,203,91,29,0.3187,False,0.3187,False,True,2.0255
SGMNet_root_SGM,hand,11k_Hands_impostor_371,0000546,0001023,1057,1061,80,14,0.1750,False,0.1750,False,True,1.3314
ASpanFormer_indoor,hand,11k_Hands_impostor_371,0000546,0001023,282,282,282,100,0.3546,False,0.3546,False,True,2.3759
DeepDetect,hand,11k_Hands_impostor_371,0000546,0001023,10762,10628,126,83,0.6587,True,0.6587,False,False,1.9318
LoFTR_indoor,hand,11k_Hands_impostor_372,0001002,0001587,210,210,210,68,0.3238,False,0.3238,False,True,2.0246
ORB,hand,11k_Hands_impostor_372,0001002,0001587,401,277,20,0,,False,,False,True,
SIFT,hand,11k_Hands_impostor_372,0001002,0001587,146,106,2,0,,False,,False,True,
SuperGlue,hand,11k_Hands_impostor_372,0001002,0001587,222,192,0,0,,False,,False,True,
SGMNet_root_SGM,hand,11k_Hands_impostor_372,0001002,0001587,1222,1375,85,11,0.1294,False,0.1294,False,True,1.2067
ASpanFormer_indoor,hand,11k_Hands_impostor_372,0001002,0001587,82,82,82,39,0.4756,True,0.4756,False,False,2.6493
DeepDetect,hand,11k_Hands_impostor_372,0001002,0001587,11661,11142,61,28,0.4590,True,0.4590,False,False,1.7579
LoFTR_indoor,hand,11k_Hands_impostor_373,0001058,0000570,170,170,170,33,0.1941,False,0.1941,False,True,1.9848
ORB,hand,11k_Hands_impostor_373,0001058,0000570,397,60,20,0,,False,,False,True,
SIFT,hand,11k_Hands_impostor_373,0001058,0000570,155,50,5,0,,False,,False,True,
SuperGlue,hand,11k_Hands_impostor_373,0001058,0000570,156,184,0,0,,False,,False,True,
SGMNet_root_SGM,hand,11k_Hands_impostor_373,0001058,0000570,981,816,60,17,0.2833,False,0.2833,False,True,1.3840
ASpanFormer_indoor,hand,11k_Hands_impostor_373,0001058,0000570,40,40,40,17,0.4250,True,0.4250,False,False,2.3132
DeepDetect,hand,11k_Hands_impostor_373,0001058,0000570,9525,10241,63,0,,False,,False,True,
LoFTR_indoor,hand,11k_Hands_impostor_374,0001033,0000055,197,197,197,36,0.1827,False,0.1827,False,True,2.2244
ORB,hand,11k_Hands_impostor_374,0001033,0000055,225,466,10,0,,False,,False,True,
SIFT,hand,11k_Hands_impostor_374,0001033,0000055,85,144,2,0,,False,,False,True,
SuperGlue,hand,11k_Hands_impostor_374,0001033,0000055,215,198,0,0,,False,,False,True,
SGMNet_root_SGM,hand,11k_Hands_impostor_374,0001033,0000055,935,1001,22,7,0.3182,False,0.3182,False,True,0.7970
ASpanFormer_indoor,hand,11k_Hands_impostor_374,0001033,0000055,99,99,99,38,0.3838,False,0.3838,False,True,1.8176
DeepDetect,hand,11k_Hands_impostor_374,0001033,0000055,10784,10401,13,7,0.5385,True,0.5385,False,False,2.7730
LoFTR_indoor,hand,11k_Hands_impostor_375,0001557,0001052,266,266,266,61,0.2293,False,0.2293,False,True,2.5536
ORB,hand,11k_Hands_impostor_375,0001557,0001052,564,457,25,0,,False,,False,True,
SIFT,hand,11k_Hands_impostor_375,0001557,0001052,129,128,3,0,,False,,False,True,
SuperGlue,hand,11k_Hands_impostor_375,0001557,0001052,197,214,29,12,0.4138,False,0.4138,False,True,2.1369
SGMNet_root_SGM,hand,11k_Hands_impostor_375,0001557,0001052,680,977,27,8,0.2963,False,0.2963,False,True,1.0813
ASpanFormer_indoor,hand,11k_Hands_impostor_375,0001557,0001052,76,76,76,30,0.3947,False,0.3947,False,True,2.1087
DeepDetect,hand,11k_Hands_impostor_375,0001557,0001052,11351,11494,11,0,,False,,False,True,
LoFTR_indoor,hand,11k_Hands_impostor_376,0001067,0000004,123,123,123,22,0.1789,False,0.1789,False,True,2.0295
ORB,hand,11k_Hands_impostor_376,0001067,0000004,536,264,16,0,,False,,False,True,
SIFT,hand,11k_Hands_impostor_376,0001067,0000004,160,90,3,0,,False,,False,True,
SuperGlue,hand,11k_Hands_impostor_376,0001067,0000004,188,270,0,0,,False,,False,True,
SGMNet_root_SGM,hand,11k_Hands_impostor_376,0001067,0000004,905,1255,17,6,0.3529,False,0.3529,False,True,0.4182
ASpanFormer_indoor,hand,11k_Hands_impostor_376,0001067,0000004,82,82,82,21,0.2561,False,0.2561,False,True,2.1883
DeepDetect,hand,11k_Hands_impostor_376,0001067,0000004,10545,15071,27,11,0.4074,True,0.4074,False,False,1.4283
LoFTR_indoor,hand,11k_Hands_impostor_377,0000008,0001568,146,146,146,31,0.2123,False,0.2123,False,True,2.6015
ORB,hand,11k_Hands_impostor_377,0000008,0001568,276,343,12,0,,False,,False,True,
SIFT,hand,11k_Hands_impostor_377,0000008,0001568,87,108,2,0,,False,,False,True,
SuperGlue,hand,11k_Hands_impostor_377,0000008,0001568,188,232,2,0,,False,,False,True,
SGMNet_root_SGM,hand,11k_Hands_impostor_377,0000008,0001568,1146,873,39,0,,False,,False,True,
ASpanFormer_indoor,hand,11k_Hands_impostor_377,0000008,0001568,149,149,149,63,0.4228,True,0.4228,False,False,2.1965
DeepDetect,hand,11k_Hands_impostor_377,0000008,0001568,11668,11792,6,0,,False,,False,True,
LoFTR_indoor,hand,11k_Hands_impostor_378,0000514,0001008,548,548,548,186,0.3394,False,0.3394,False,True,2.9018
ORB,hand,11k_Hands_impostor_378,0000514,0001008,338,115,31,12,0.3871,False,0.3871,False,True,2.2046
SIFT,hand,11k_Hands_impostor_378,0000514,0001008,104,46,7,0,,False,,False,True,
SuperGlue,hand,11k_Hands_impostor_378,0000514,0001008,232,185,10,6,0.6000,True,0.6000,False,False,1.0794
SGMNet_root_SGM,hand,11k_Hands_impostor_378,0000514,0001008,751,772,64,10,0.1562,False,0.1562,False,True,1.1761
ASpanFormer_indoor,hand,11k_Hands_impostor_378,0000514,0001008,420,420,420,191,0.4548,True,0.4548,False,False,2.0254
DeepDetect,hand,11k_Hands_impostor_378,0000514,0001008,10020,10296,39,22,0.5641,True,0.5641,False,False,1.2451
LoFTR_indoor,hand,11k_Hands_impostor_379,0001532,0001060,226,226,226,49,0.2168,False,0.2168,False,True,2.3459
ORB,hand,11k_Hands_impostor_379,0001532,0001060,286,195,11,0,,False,,False,True,
SIFT,hand,11k_Hands_impostor_379,0001532,0001060,99,100,2,0,,False,,False,True,
SuperGlue,hand,11k_Hands_impostor_379,0001532,0001060,158,233,0,0,,False,,False,True,
SGMNet_root_SGM,hand,11k_Hands_impostor_379,0001532,0001060,890,1410,47,12,0.2553,False,0.2553,False,True,1.2480
ASpanFormer_indoor,hand,11k_Hands_impostor_379,0001532,0001060,153,153,153,83,0.5425,True,0.5425,False,False,2.1329
DeepDetect,hand,11k_Hands_impostor_379,0001532,0001060,8880,12962,44,29,0.6591,True,0.6591,False,False,1.3326
LoFTR_indoor,hand,11k_Hands_impostor_380,0001556,9000000,396,396,396,153,0.3864,False,0.3864,False,True,2.2016
ORB,hand,11k_Hands_impostor_380,0001556,9000000,725,576,29,0,,False,,False,True,
SIFT,hand,11k_Hands_impostor_380,0001556,9000000,158,156,4,0,,False,,False,True,
SuperGlue,hand,11k_Hands_impostor_380,0001556,9000000,155,195,111,39,0.3514,False,0.3514,False,True,2.6430
SGMNet_root_SGM,hand,11k_Hands_impostor_380,0001556,9000000,685,932,52,14,0.2692,False,0.2692,False,True,1.5517
ASpanFormer_indoor,hand,11k_Hands_impostor_380,0001556,9000000,238,238,238,137,0.5756,True,0.5756,False,False,2.3894
DeepDetect,hand,11k_Hands_impostor_380,0001556,9000000,9037,11777,23,14,0.6087,True,0.6087,False,False,1.3671
LoFTR_indoor,hand,11k_Hands_impostor_381,0000594,0001527,458,458,458,193,0.4214,False,0.4214,False,True,2.6951
ORB,hand,11k_Hands_impostor_381,0000594,0001527,153,415,12,0,,False,,False,True,
SIFT,hand,11k_Hands_impostor_381,0000594,0001527,63,115,3,0,,False,,False,True,
SuperGlue,hand,11k_Hands_impostor_381,0000594,0001527,215,200,124,37,0.2984,False,0.2984,False,True,2.4888
SGMNet_root_SGM,hand,11k_Hands_impostor_381,0000594,0001527,936,1129,84,15,0.1786,False,0.1786,False,True,1.3621
ASpanFormer_indoor,hand,11k_Hands_impostor_381,0000594,0001527,513,513,513,236,0.4600,True,0.4600,False,False,2.6227
DeepDetect,hand,11k_Hands_impostor_381,0000594,0001527,13528,11224,84,0,,False,,False,True,
LoFTR_indoor,hand,11k_Hands_impostor_382,0001509,0000093,234,234,234,70,0.2991,False,0.2991,False,True,2.2395
ORB,hand,11k_Hands_impostor_382,0001509,0000093,412,222,17,0,,False,,False,True,
SIFT,hand,11k_Hands_impostor_382,0001509,0000093,168,121,10,0,,False,,False,True,
SuperGlue,hand,11k_Hands_impostor_382,0001509,0000093,170,150,0,0,,False,,False,True,
SGMNet_root_SGM,hand,11k_Hands_impostor_382,0001509,0000093,913,862,46,10,0.2174,False,0.2174,False,True,1.1867
ASpanFormer_indoor,hand,11k_Hands_impostor_382,0001509,0000093,64,64,64,23,0.3594,False,0.3594,False,True,1.2389
DeepDetect,hand,11k_Hands_impostor_382,0001509,0000093,9664,8950,33,24,0.7273,True,0.7273,False,False,1.5224
LoFTR_indoor,hand,11k_Hands_impostor_383,0001014,0001559,210,210,210,29,0.1381,False,0.1381,False,True,2.0274
ORB,hand,11k_Hands_impostor_383,0001014,0001559,459,295,20,0,,False,,False,True,
SIFT,hand,11k_Hands_impostor_383,0001014,0001559,142,117,3,0,,False,,False,True,
SuperGlue,hand,11k_Hands_impostor_383,0001014,0001559,160,180,0,0,,False,,False,True,
SGMNet_root_SGM,hand,11k_Hands_impostor_383,0001014,0001559,670,1179,6,0,,False,,False,True,
ASpanFormer_indoor,hand,11k_Hands_impostor_383,0001014,0001559,90,90,90,38,0.4222,True,0.4222,False,False,1.7514
DeepDetect,hand,11k_Hands_impostor_383,0001014,0001559,9831,10208,20,16,0.8000,True,0.8000,False,False,1.2343
LoFTR_indoor,hand,11k_Hands_impostor_384,0001537,0001571,139,139,139,36,0.2590,False,0.2590,False,True,1.7611
ORB,hand,11k_Hands_impostor_384,0001537,0001571,346,597,6,0,,False,,False,True,
SIFT,hand,11k_Hands_impostor_384,0001537,0001571,83,135,3,0,,False,,False,True,
SuperGlue,hand,11k_Hands_impostor_384,0001537,0001571,227,184,0,0,,False,,False,True,
SGMNet_root_SGM,hand,11k_Hands_impostor_384,0001537,0001571,1004,590,16,0,,False,,False,True,
ASpanFormer_indoor,hand,11k_Hands_impostor_384,0001537,0001571,98,98,98,53,0.5408,True,0.5408,False,False,1.6880
DeepDetect,hand,11k_Hands_impostor_384,0001537,0001571,13019,11070,22,0,,False,,False,True,
LoFTR_indoor,hand,11k_Hands_impostor_385,0001533,0001037,100,100,100,28,0.2800,False,0.2800,False,True,1.7318
ORB,hand,11k_Hands_impostor_385,0001533,0001037,315,379,10,0,,False,,False,True,
SIFT,hand,11k_Hands_impostor_385,0001533,0001037,95,162,3,0,,False,,False,True,
SuperGlue,hand,11k_Hands_impostor_385,0001533,0001037,218,182,0,0,,False,,False,True,
SGMNet_root_SGM,hand,11k_Hands_impostor_385,0001533,0001037,720,814,49,7,0.1429,False,0.1429,False,True,0.7993
ASpanFormer_indoor,hand,11k_Hands_impostor_385,0001533,0001037,36,36,36,17,0.4722,True,0.4722,False,False,2.1867
DeepDetect,hand,11k_Hands_impostor_385,0001533,0001037,13911,10666,20,13,0.6500,True,0.6500,False,False,0.9486
LoFTR_indoor,hand,11k_Hands_impostor_386,0001028,0000063,249,249,249,44,0.1767,False,0.1767,False,True,2.4184
ORB,hand,11k_Hands_impostor_386,0001028,0000063,428,268,24,0,,False,,False,True,
SIFT,hand,11k_Hands_impostor_386,0001028,0000063,149,83,8,0,,False,,False,True,
SuperGlue,hand,11k_Hands_impostor_386,0001028,0000063,215,181,20,8,0.4000,False,0.4000,False,True,2.1806
SGMNet_root_SGM,hand,11k_Hands_impostor_386,0001028,0000063,1050,814,24,8,0.3333,False,0.3333,False,True,0.5332
ASpanFormer_indoor,hand,11k_Hands_impostor_386,0001028,0000063,84,84,84,33,0.3929,False,0.3929,False,True,2.4670
DeepDetect,hand,11k_Hands_impostor_386,0001028,0000063,10250,10553,18,0,,False,,False,True,
LoFTR_indoor,hand,11k_Hands_impostor_387,4000000,0001573,159,159,159,34,0.2138,False,0.2138,False,True,2.3967
ORB,hand,11k_Hands_impostor_387,4000000,0001573,343,361,19,0,,False,,False,True,
SIFT,hand,11k_Hands_impostor_387,4000000,0001573,89,115,3,0,,False,,False,True,
SuperGlue,hand,11k_Hands_impostor_387,4000000,0001573,187,152,0,0,,False,,False,True,
SGMNet_root_SGM,hand,11k_Hands_impostor_387,4000000,0001573,643,943,16,6,0.3750,False,0.3750,False,True,0.6794
ASpanFormer_indoor,hand,11k_Hands_impostor_387,4000000,0001573,121,121,121,60,0.4959,True,0.4959,False,False,2.3495
DeepDetect,hand,11k_Hands_impostor_387,4000000,0001573,11265,10090,55,33,0.6000,True,0.6000,False,False,1.8679
LoFTR_indoor,hand,11k_Hands_impostor_388,0001009,0001533,158,158,158,54,0.3418,False,0.3418,False,True,2.1500
ORB,hand,11k_Hands_impostor_388,0001009,0001533,163,233,4,0,,False,,False,True,
SIFT,hand,11k_Hands_impostor_388,0001009,0001533,50,112,3,0,,False,,False,True,
SuperGlue,hand,11k_Hands_impostor_388,0001009,0001533,250,215,19,8,0.4211,False,0.4211,False,True,0.6416
SGMNet_root_SGM,hand,11k_Hands_impostor_388,0001009,0001533,1496,763,11,6,0.5455,True,0.5455,False,False,0.7743
ASpanFormer_indoor,hand,11k_Hands_impostor_388,0001009,0001533,138,138,138,45,0.3261,False,0.3261,False,True,2.0450
DeepDetect,hand,11k_Hands_impostor_388,0001009,0001533,11721,11606,14,0,,False,,False,True,
LoFTR_indoor,hand,11k_Hands_impostor_389,0001541,0000012,282,282,282,94,0.3333,False,0.3333,False,True,2.3417
ORB,hand,11k_Hands_impostor_389,0001541,0000012,730,750,15,5,0.3333,False,0.3333,False,True,0.7916
SIFT,hand,11k_Hands_impostor_389,0001541,0000012,173,191,6,0,,False,,False,True,
SuperGlue,hand,11k_Hands_impostor_389,0001541,0000012,183,227,43,18,0.4186,False,0.4186,False,True,2.4965
SGMNet_root_SGM,hand,11k_Hands_impostor_389,0001541,0000012,791,711,44,13,0.2955,False,0.2955,False,True,1.4054
ASpanFormer_indoor,hand,11k_Hands_impostor_389,0001541,0000012,188,188,188,101,0.5372,True,0.5372,False,False,2.5392
DeepDetect,hand,11k_Hands_impostor_389,0001541,0000012,10271,12371,25,12,0.4800,True,0.4800,False,False,1.7950
LoFTR_indoor,hand,11k_Hands_impostor_390,0001533,0001043,494,494,494,196,0.3968,False,0.3968,False,True,2.7911
ORB,hand,11k_Hands_impostor_390,0001533,0001043,576,264,29,9,0.3103,False,0.3103,False,True,0.5164
SIFT,hand,11k_Hands_impostor_390,0001533,0001043,164,111,7,0,,False,,False,True,
SuperGlue,hand,11k_Hands_impostor_390,0001533,0001043,221,181,59,26,0.4407,False,0.4407,False,True,2.1181
SGMNet_root_SGM,hand,11k_Hands_impostor_390,0001533,0001043,1000,1400,181,46,0.2541,False,0.2541,False,True,1.6963
ASpanFormer_indoor,hand,11k_Hands_impostor_390,0001533,0001043,537,537,537,334,0.6220,True,0.6220,False,False,2.7285
DeepDetect,hand,11k_Hands_impostor_390,0001533,0001043,12475,10179,86,48,0.5581,False,0.5581,False,True,9.1817
LoFTR_indoor,hand,11k_Hands_impostor_391,0000571,0000506,268,268,268,32,0.1194,False,0.1194,False,True,2.3970
ORB,hand,11k_Hands_impostor_391,0000571,0000506,165,188,8,0,,False,,False,True,
SIFT,hand,11k_Hands_impostor_391,0000571,0000506,69,106,8,0,,False,,False,True,
SuperGlue,hand,11k_Hands_impostor_391,0000571,0000506,256,255,6,0,,False,,False,True,
SGMNet_root_SGM,hand,11k_Hands_impostor_391,0000571,0000506,1388,1827,30,8,0.2667,False,0.2667,False,True,0.9764
ASpanFormer_indoor,hand,11k_Hands_impostor_391,0000571,0000506,87,87,87,29,0.3333,False,0.3333,False,True,2.1031
DeepDetect,hand,11k_Hands_impostor_391,0000571,0000506,12396,15162,131,60,0.4580,True,0.4580,False,False,1.4429
LoFTR_indoor,hand,11k_Hands_impostor_392,0001558,0001592,242,242,242,61,0.2521,False,0.2521,False,True,2.4105
ORB,hand,11k_Hands_impostor_392,0001558,0001592,297,208,17,0,,False,,False,True,
SIFT,hand,11k_Hands_impostor_392,0001558,0001592,111,93,4,0,,False,,False,True,
SuperGlue,hand,11k_Hands_impostor_392,0001558,0001592,226,197,9,7,0.7778,True,0.7778,False,False,0.8753
SGMNet_root_SGM,hand,11k_Hands_impostor_392,0001558,0001592,1096,757,10,5,0.5000,True,0.5000,False,False,0.4500
ASpanFormer_indoor,hand,11k_Hands_impostor_392,0001558,0001592,202,202,202,59,0.2921,False,0.2921,False,True,2.6028
DeepDetect,hand,11k_Hands_impostor_392,0001558,0001592,11946,10411,96,55,0.5729,True,0.5729,False,False,1.9989
LoFTR_indoor,hand,11k_Hands_impostor_393,0001539,0000532,277,277,277,83,0.2996,False,0.2996,False,True,2.0734
ORB,hand,11k_Hands_impostor_393,0001539,0000532,434,300,9,0,,False,,False,True,
SIFT,hand,11k_Hands_impostor_393,0001539,0000532,127,108,0,0,,False,,False,True,
SuperGlue,hand,11k_Hands_impostor_393,0001539,0000532,182,164,0,0,,False,,False,True,
SGMNet_root_SGM,hand,11k_Hands_impostor_393,0001539,0000532,995,919,39,9,0.2308,False,0.2308,False,True,0.8558
ASpanFormer_indoor,hand,11k_Hands_impostor_393,0001539,0000532,93,93,93,75,0.8065,True,0.8065,False,False,1.7236
DeepDetect,hand,11k_Hands_impostor_393,0001539,0000532,11140,8469,13,0,,False,,False,True,
LoFTR_indoor,hand,11k_Hands_impostor_394,0001532,0000081,198,198,198,55,0.2778,False,0.2778,False,True,2.6665
ORB,hand,11k_Hands_impostor_394,0001532,0000081,275,185,23,0,,False,,False,True,
SIFT,hand,11k_Hands_impostor_394,0001532,0000081,96,75,5,0,,False,,False,True,
SuperGlue,hand,11k_Hands_impostor_394,0001532,0000081,168,133,0,0,,False,,False,True,
SGMNet_root_SGM,hand,11k_Hands_impostor_394,0001532,0000081,949,904,79,14,0.1772,False,0.1772,False,True,1.5560
ASpanFormer_indoor,hand,11k_Hands_impostor_394,0001532,0000081,36,36,36,22,0.6111,True,0.6111,False,False,1.6462
DeepDetect,hand,11k_Hands_impostor_394,0001532,0000081,9288,9412,49,41,0.8367,True,0.8367,False,False,2.3440
LoFTR_indoor,hand,11k_Hands_impostor_395,0001042,0001543,236,236,236,44,0.1864,False,0.1864,False,True,1.8885
ORB,hand,11k_Hands_impostor_395,0001042,0001543,747,419,19,6,0.3158,False,0.3158,False,True,0.5738
SIFT,hand,11k_Hands_impostor_395,0001042,0001543,185,139,9,0,,False,,False,True,
SuperGlue,hand,11k_Hands_impostor_395,0001042,0001543,186,173,0,0,,False,,False,True,
SGMNet_root_SGM,hand,11k_Hands_impostor_395,0001042,0001543,915,1020,7,0,,False,,False,True,
ASpanFormer_indoor,hand,11k_Hands_impostor_395,0001042,0001543,131,131,131,44,0.3359,False,0.3359,False,True,2.1879
DeepDetect,hand,11k_Hands_impostor_395,0001042,0001543,10427,11272,16,9,0.5625,True,0.5625,False,False,1.4682
LoFTR_indoor,hand,11k_Hands_impostor_396,0001592,0001066,227,227,227,64,0.2819,False,0.2819,False,True,2.6392
ORB,hand,11k_Hands_impostor_396,0001592,0001066,254,397,11,0,,False,,False,True,
SIFT,hand,11k_Hands_impostor_396,0001592,0001066,110,136,3,0,,False,,False,True,
SuperGlue,hand,11k_Hands_impostor_396,0001592,0001066,155,184,2,0,,False,,False,True,
SGMNet_root_SGM,hand,11k_Hands_impostor_396,0001592,0001066,704,1018,13,7,0.5385,True,0.5385,False,False,0.0527
ASpanFormer_indoor,hand,11k_Hands_impostor_396,0001592,0001066,97,97,97,68,0.7010,True,0.7010,False,False,1.3259
DeepDetect,hand,11k_Hands_impostor_396,0001592,0001066,10122,11273,20,15,0.7500,True,0.7500,False,False,1.3583
LoFTR_indoor,hand,11k_Hands_impostor_397,0001594,1200000,309,309,309,67,0.2168,False,0.2168,False,True,2.3650
ORB,hand,11k_Hands_impostor_397,0001594,1200000,302,533,24,11,0.4583,True,0.4583,False,False,1.6735
SIFT,hand,11k_Hands_impostor_397,0001594,1200000,122,110,15,0,,False,,False,True,
SuperGlue,hand,11k_Hands_impostor_397,0001594,1200000,232,269,48,18,0.3750,False,0.3750,False,True,2.5161
SGMNet_root_SGM,hand,11k_Hands_impostor_397,0001594,1200000,1035,923,44,13,0.2955,False,0.2955,False,True,1.4012
ASpanFormer_indoor,hand,11k_Hands_impostor_397,0001594,1200000,307,307,307,141,0.4593,True,0.4593,False,False,2.9282
DeepDetect,hand,11k_Hands_impostor_397,0001594,1200000,12568,13589,64,39,0.6094,True,0.6094,False,False,1.4143
LoFTR_indoor,hand,11k_Hands_impostor_398,0001069,0000081,350,350,350,54,0.1543,False,0.1543,False,True,1.4706
ORB,hand,11k_Hands_impostor_398,0001069,0000081,264,58,26,0,,False,,False,True,
SIFT,hand,11k_Hands_impostor_398,0001069,0000081,102,50,17,0,,False,,False,True,
SuperGlue,hand,11k_Hands_impostor_398,0001069,0000081,229,175,0,0,,False,,False,True,
SGMNet_root_SGM,hand,11k_Hands_impostor_398,0001069,0000081,786,1018,63,18,0.2857,False,0.2857,False,True,1.4021
ASpanFormer_indoor,hand,11k_Hands_impostor_398,0001069,0000081,140,140,140,46,0.3286,False,0.3286,False,True,2.0460
DeepDetect,hand,11k_Hands_impostor_398,0001069,0000081,11706,11257,51,27,0.5294,True,0.5294,False,False,1.1272
LoFTR_indoor,hand,11k_Hands_impostor_399,0001034,0000507,144,144,144,17,0.1181,False,0.1181,False,True,2.1703
ORB,hand,11k_Hands_impostor_399,0001034,0000507,546,412,19,0,,False,,False,True,
SIFT,hand,11k_Hands_impostor_399,0001034,0000507,210,139,0,0,,False,,False,True,
SuperGlue,hand,11k_Hands_impostor_399,0001034,0000507,199,228,0,0,,False,,False,True,
SGMNet_root_SGM,hand,11k_Hands_impostor_399,0001034,0000507,986,954,58,12,0.2069,False,0.2069,False,True,1.2448
ASpanFormer_indoor,hand,11k_Hands_impostor_399,0001034,0000507,175,175,175,60,0.3429,False,0.3429,False,True,2.3798
DeepDetect,hand,11k_Hands_impostor_399,0001034,0000507,10963,12048,71,40,0.5634,True,0.5634,False,False,1.5693
LoFTR_indoor,hand,11k_Hands_impostor_400,0001089,0001051,343,343,343,86,0.2507,False,0.2507,False,True,2.5331
ORB,hand,11k_Hands_impostor_400,0001089,0001051,139,309,19,0,,False,,False,True,
SIFT,hand,11k_Hands_impostor_400,0001089,0001051,60,105,1,0,,False,,False,True,
SuperGlue,hand,11k_Hands_impostor_400,0001089,0001051,205,264,4,0,,False,,False,True,
SGMNet_root_SGM,hand,11k_Hands_impostor_400,0001089,0001051,1147,1289,114,13,0.1140,False,0.1140,False,True,1.6713
ASpanFormer_indoor,hand,11k_Hands_impostor_400,0001089,0001051,243,243,243,113,0.4650,True,0.4650,False,False,2.5106
DeepDetect,hand,11k_Hands_impostor_400,0001089,0001051,10572,12514,150,107,0.7133,True,0.7133,False,False,0.8806
LoFTR_indoor,hand,11k_Hands_impostor_401,0001093,0001519,182,182,182,26,0.1429,False,0.1429,False,True,2.6027
ORB,hand,11k_Hands_impostor_401,0001093,0001519,138,249,8,0,,False,,False,True,
SIFT,hand,11k_Hands_impostor_401,0001093,0001519,66,106,1,0,,False,,False,True,
SuperGlue,hand,11k_Hands_impostor_401,0001093,0001519,159,210,0,0,,False,,False,True,
SGMNet_root_SGM,hand,11k_Hands_impostor_401,0001093,0001519,1081,1251,49,8,0.1633,False,0.1633,False,True,1.0862
ASpanFormer_indoor,hand,11k_Hands_impostor_401,0001093,0001519,93,93,93,32,0.3441,False,0.3441,False,True,2.8222
DeepDetect,hand,11k_Hands_impostor_401,0001093,0001519,9787,11423,73,0,,False,,False,True,
LoFTR_indoor,hand,11k_Hands_impostor_402,0000063,0001005,269,269,269,45,0.1673,False,0.1673,False,True,1.9334
ORB,hand,11k_Hands_impostor_402,0000063,0001005,162,411,5,0,,False,,False,True,
SIFT,hand,11k_Hands_impostor_402,0000063,0001005,78,151,1,0,,False,,False,True,
SuperGlue,hand,11k_Hands_impostor_402,0000063,0001005,193,278,67,16,0.2388,False,0.2388,False,True,2.4053
SGMNet_root_SGM,hand,11k_Hands_impostor_402,0000063,0001005,956,1507,9,5,0.5556,True,0.5556,False,False,0.8040
ASpanFormer_indoor,hand,11k_Hands_impostor_402,0000063,0001005,205,205,205,52,0.2537,False,0.2537,False,True,2.6933
DeepDetect,hand,11k_Hands_impostor_402,0000063,0001005,12426,14194,71,0,,False,,False,True,
LoFTR_indoor,hand,11k_Hands_impostor_403,0001028,0000054,207,207,207,51,0.2464,False,0.2464,False,True,2.7811
ORB,hand,11k_Hands_impostor_403,0001028,0000054,401,109,15,0,,False,,False,True,
SIFT,hand,11k_Hands_impostor_403,0001028,0000054,100,67,2,0,,False,,False,True,
SuperGlue,hand,11k_Hands_impostor_403,0001028,0000054,235,194,0,0,,False,,False,True,
SGMNet_root_SGM,hand,11k_Hands_impostor_403,0001028,0000054,932,791,38,10,0.2632,False,0.2632,False,True,0.9553
ASpanFormer_indoor,hand,11k_Hands_impostor_403,0001028,0000054,48,48,48,22,0.4583,True,0.4583,False,False,2.0997
DeepDetect,hand,11k_Hands_impostor_403,0001028,0000054,11275,10602,7,0,,False,,False,True,
LoFTR_indoor,hand,11k_Hands_impostor_404,0000081,0001503,148,148,148,25,0.1689,False,0.1689,False,True,2.2401
ORB,hand,11k_Hands_impostor_404,0000081,0001503,207,290,9,0,,False,,False,True,
SIFT,hand,11k_Hands_impostor_404,0000081,0001503,63,84,5,0,,False,,False,True,
SuperGlue,hand,11k_Hands_impostor_404,0000081,0001503,192,159,0,0,,False,,False,True,
SGMNet_root_SGM,hand,11k_Hands_impostor_404,0000081,0001503,892,772,22,6,0.2727,False,0.2727,False,True,0.8263
ASpanFormer_indoor,hand,11k_Hands_impostor_404,0000081,0001503,24,24,24,14,0.5833,True,0.5833,False,False,1.8014
DeepDetect,hand,11k_Hands_impostor_404,0000081,0001503,10988,9932,5,0,,False,,False,True,
LoFTR_indoor,hand,11k_Hands_impostor_405,0001567,0001569,165,165,165,57,0.3455,False,0.3455,False,True,2.2381
ORB,hand,11k_Hands_impostor_405,0001567,0001569,280,151,5,0,,False,,False,True,
SIFT,hand,11k_Hands_impostor_405,0001567,0001569,86,42,3,0,,False,,False,True,
SuperGlue,hand,11k_Hands_impostor_405,0001567,0001569,171,143,13,9,0.6923,True,0.6923,False,False,1.4629
SGMNet_root_SGM,hand,11k_Hands_impostor_405,0001567,0001569,997,501,30,9,0.3000,False,0.3000,False,True,0.7181
ASpanFormer_indoor,hand,11k_Hands_impostor_405,0001567,0001569,109,109,109,65,0.5963,True,0.5963,False,False,2.3947
DeepDetect,hand,11k_Hands_impostor_405,0001567,0001569,10766,7001,10,7,0.7000,True,0.7000,False,False,0.7135
LoFTR_indoor,hand,11k_Hands_impostor_406,0000581,0000534,103,103,103,20,0.1942,False,0.1942,False,True,2.4172
ORB,hand,11k_Hands_impostor_406,0000581,0000534,217,383,2,0,,False,,False,True,
SIFT,hand,11k_Hands_impostor_406,0000581,0000534,75,98,3,0,,False,,False,True,
SuperGlue,hand,11k_Hands_impostor_406,0000581,0000534,308,199,0,0,,False,,False,True,
SGMNet_root_SGM,hand,11k_Hands_impostor_406,0000581,0000534,1041,814,12,6,0.5000,True,0.5000,False,False,0.4031
ASpanFormer_indoor,hand,11k_Hands_impostor_406,0000581,0000534,63,63,63,21,0.3333,False,0.3333,False,True,2.2628
DeepDetect,hand,11k_Hands_impostor_406,0000581,0000534,13843,10631,108,0,,False,,False,True,
LoFTR_indoor,hand,11k_Hands_impostor_407,0001525,0001518,381,381,381,102,0.2677,False,0.2677,False,True,2.6473
ORB,hand,11k_Hands_impostor_407,0001525,0001518,177,153,14,0,,False,,False,True,
SIFT,hand,11k_Hands_impostor_407,0001525,0001518,83,72,13,0,,False,,False,True,
SuperGlue,hand,11k_Hands_impostor_407,0001525,0001518,168,229,4,0,,False,,False,True,
SGMNet_root_SGM,hand,11k_Hands_impostor_407,0001525,0001518,960,1308,30,9,0.3000,False,0.3000,False,True,1.1113
ASpanFormer_indoor,hand,11k_Hands_impostor_407,0001525,0001518,259,259,259,79,0.3050,False,0.3050,False,True,2.5721
DeepDetect,hand,11k_Hands_impostor_407,0001525,0001518,10321,11595,78,65,0.8333,True,0.8333,False,False,0.9055
LoFTR_indoor,hand,11k_Hands_impostor_408,0001073,0000084,149,149,149,20,0.1342,False,0.1342,False,True,2.1888
ORB,hand,11k_Hands_impostor_408,0001073,0000084,200,79,18,0,,False,,False,True,
SIFT,hand,11k_Hands_impostor_408,0001073,0000084,102,61,3,0,,False,,False,True,
SuperGlue,hand,11k_Hands_impostor_408,0001073,0000084,170,229,0,0,,False,,False,True,
SGMNet_root_SGM,hand,11k_Hands_impostor_408,0001073,0000084,723,1543,9,0,,False,,False,True,
ASpanFormer_indoor,hand,11k_Hands_impostor_408,0001073,0000084,73,73,73,15,0.2055,False,0.2055,False,True,2.0189
DeepDetect,hand,11k_Hands_impostor_408,0001073,0000084,9226,10868,25,0,,False,,False,True,
LoFTR_indoor,hand,11k_Hands_impostor_409,0001535,0001059,469,469,469,172,0.3667,False,0.3667,False,True,2.7194
ORB,hand,11k_Hands_impostor_409,0001535,0001059,305,267,22,0,,False,,False,True,
SIFT,hand,11k_Hands_impostor_409,0001535,0001059,83,91,4,0,,False,,False,True,
SuperGlue,hand,11k_Hands_impostor_409,0001535,0001059,175,199,38,15,0.3947,False,0.3947,False,True,2.2384
SGMNet_root_SGM,hand,11k_Hands_impostor_409,0001535,0001059,906,967,69,14,0.2029,False,0.2029,False,True,1.4892
ASpanFormer_indoor,hand,11k_Hands_impostor_409,0001535,0001059,258,258,258,141,0.5465,True,0.5465,False,False,2.2781
DeepDetect,hand,11k_Hands_impostor_409,0001535,0001059,9156,10462,18,0,,False,,False,True,
LoFTR_indoor,hand,11k_Hands_impostor_410,0001560,0001067,129,129,129,35,0.2713,False,0.2713,False,True,2.2611
ORB,hand,11k_Hands_impostor_410,0001560,0001067,495,393,22,0,,False,,False,True,
SIFT,hand,11k_Hands_impostor_410,0001560,0001067,164,109,1,0,,False,,False,True,
SuperGlue,hand,11k_Hands_impostor_410,0001560,0001067,194,167,2,0,,False,,False,True,
SGMNet_root_SGM,hand,11k_Hands_impostor_410,0001560,0001067,914,766,18,8,0.4444,True,0.4444,False,False,0.8566
ASpanFormer_indoor,hand,11k_Hands_impostor_410,0001560,0001067,44,44,44,22,0.5000,True,0.5000,False,False,1.9400
DeepDetect,hand,11k_Hands_impostor_410,0001560,0001067,10523,9033,3,0,,False,,False,True,
LoFTR_indoor,hand,11k_Hands_impostor_411,0001516,0000524,200,200,200,48,0.2400,False,0.2400,False,True,1.7173
ORB,hand,11k_Hands_impostor_411,0001516,0000524,117,334,5,0,,False,,False,True,
SIFT,hand,11k_Hands_impostor_411,0001516,0000524,55,113,4,0,,False,,False,True,
SuperGlue,hand,11k_Hands_impostor_411,0001516,0000524,211,196,1,0,,False,,False,True,
SGMNet_root_SGM,hand,11k_Hands_impostor_411,0001516,0000524,1485,954,49,10,0.2041,False,0.2041,False,True,0.9537
ASpanFormer_indoor,hand,11k_Hands_impostor_411,0001516,0000524,116,116,116,39,0.3362,False,0.3362,False,True,2.5494
DeepDetect,hand,11k_Hands_impostor_411,0001516,0000524,11194,11098,102,73,0.7157,True,0.7157,False,False,0.7960
LoFTR_indoor,hand,11k_Hands_impostor_412,0000552,0001549,247,247,247,69,0.2794,False,0.2794,False,True,2.5603
ORB,hand,11k_Hands_impostor_412,0000552,0001549,497,413,16,0,,False,,False,True,
SIFT,hand,11k_Hands_impostor_412,0000552,0001549,135,120,7,0,,False,,False,True,
SuperGlue,hand,11k_Hands_impostor_412,0000552,0001549,218,193,4,0,,False,,False,True,
SGMNet_root_SGM,hand,11k_Hands_impostor_412,0000552,0001549,751,821,39,0,,False,,False,True,
ASpanFormer_indoor,hand,11k_Hands_impostor_412,0000552,0001549,166,166,166,67,0.4036,True,0.4036,False,False,1.9760
DeepDetect,hand,11k_Hands_impostor_412,0000552,0001549,11518,10415,16,9,0.5625,True,0.5625,False,False,1.3149
LoFTR_indoor,hand,11k_Hands_impostor_413,0000004,0001553,193,193,193,54,0.2798,False,0.2798,False,True,2.2682
ORB,hand,11k_Hands_impostor_413,0000004,0001553,236,276,11,0,,False,,False,True,
SIFT,hand,11k_Hands_impostor_413,0000004,0001553,85,152,4,4,1.0000,True,1.0000,False,False,0.0000
SuperGlue,hand,11k_Hands_impostor_413,0000004,0001553,170,178,1,0,,False,,False,True,
SGMNet_root_SGM,hand,11k_Hands_impostor_413,0000004,0001553,982,1049,52,13,0.2500,False,0.2500,False,True,1.1431
ASpanFormer_indoor,hand,11k_Hands_impostor_413,0000004,0001553,118,118,118,80,0.6780,True,0.6780,False,False,1.9806
DeepDetect,hand,11k_Hands_impostor_413,0000004,0001553,11585,10316,4,0,,False,,False,True,
LoFTR_indoor,hand,11k_Hands_impostor_414,0001566,0000057,420,420,420,129,0.3071,False,0.3071,False,True,2.7306
ORB,hand,11k_Hands_impostor_414,0001566,0000057,469,201,21,9,0.4286,False,0.4286,False,True,1.5584
SIFT,hand,11k_Hands_impostor_414,0001566,0000057,167,83,11,0,,False,,False,True,
SuperGlue,hand,11k_Hands_impostor_414,0001566,0000057,213,195,13,9,0.6923,True,0.6923,False,False,2.0245
SGMNet_root_SGM,hand,11k_Hands_impostor_414,0001566,0000057,944,1353,28,8,0.2857,False,0.2857,False,True,0.5957
ASpanFormer_indoor,hand,11k_Hands_impostor_414,0001566,0000057,307,307,307,143,0.4658,True,0.4658,False,False,2.1949
DeepDetect,hand,11k_Hands_impostor_414,0001566,0000057,10156,9305,46,22,0.4783,True,0.4783,False,False,1.5907
LoFTR_indoor,hand,11k_Hands_impostor_415,0000518,0001018,300,300,300,73,0.2433,False,0.2433,False,True,2.6750
ORB,hand,11k_Hands_impostor_415,0000518,0001018,201,218,6,0,,False,,False,True,
SIFT,hand,11k_Hands_impostor_415,0000518,0001018,103,89,4,0,,False,,False,True,
SuperGlue,hand,11k_Hands_impostor_415,0000518,0001018,237,189,0,0,,False,,False,True,
SGMNet_root_SGM,hand,11k_Hands_impostor_415,0000518,0001018,1557,1162,54,13,0.2407,False,0.2407,False,True,1.1661
ASpanFormer_indoor,hand,11k_Hands_impostor_415,0000518,0001018,236,236,236,69,0.2924,False,0.2924,False,True,2.1964
DeepDetect,hand,11k_Hands_impostor_415,0000518,0001018,13084,11418,32,0,,False,,False,True,
LoFTR_indoor,hand,11k_Hands_impostor_416,6000000,0001005,286,286,286,92,0.3217,False,0.3217,False,True,2.4973
ORB,hand,11k_Hands_impostor_416,6000000,0001005,259,364,16,0,,False,,False,True,
SIFT,hand,11k_Hands_impostor_416,6000000,0001005,69,97,3,0,,False,,False,True,
SuperGlue,hand,11k_Hands_impostor_416,6000000,0001005,167,275,54,18,0.3333,False,0.3333,False,True,2.6182
SGMNet_root_SGM,hand,11k_Hands_impostor_416,6000000,0001005,627,744,52,13,0.2500,False,0.2500,False,True,1.3691
ASpanFormer_indoor,hand,11k_Hands_impostor_416,6000000,0001005,212,212,212,106,0.5000,True,0.5000,False,False,2.6784
DeepDetect,hand,11k_Hands_impostor_416,6000000,0001005,10148,12791,35,24,0.6857,True,0.6857,False,False,1.8958
LoFTR_indoor,hand,11k_Hands_impostor_417,0001550,0001510,298,298,298,80,0.2685,False,0.2685,False,True,2.1895
ORB,hand,11k_Hands_impostor_417,0001550,0001510,209,622,3,0,,False,,False,True,
SIFT,hand,11k_Hands_impostor_417,0001550,0001510,116,152,16,0,,False,,False,True,
SuperGlue,hand,11k_Hands_impostor_417,0001550,0001510,263,188,0,0,,False,,False,True,
SGMNet_root_SGM,hand,11k_Hands_impostor_417,0001550,0001510,1711,1016,32,9,0.2812,False,0.2812,False,True,1.0888
ASpanFormer_indoor,hand,11k_Hands_impostor_417,0001550,0001510,131,131,131,66,0.5038,True,0.5038,False,False,1.9256
DeepDetect,hand,11k_Hands_impostor_417,0001550,0001510,13698,10631,33,24,0.7273,True,0.7273,False,False,2.2146
LoFTR_indoor,hand,11k_Hands_impostor_418,0001515,0001003,245,245,245,57,0.2327,False,0.2327,False,True,2.3693
ORB,hand,11k_Hands_impostor_418,0001515,0001003,70,184,1,0,,False,,False,True,
SIFT,hand,11k_Hands_impostor_418,0001515,0001003,61,80,2,0,,False,,False,True,
SuperGlue,hand,11k_Hands_impostor_418,0001515,0001003,242,248,0,0,,False,,False,True,
SGMNet_root_SGM,hand,11k_Hands_impostor_418,0001515,0001003,1144,1450,11,5,0.4545,True,0.4545,False,False,0.3950
ASpanFormer_indoor,hand,11k_Hands_impostor_418,0001515,0001003,254,254,254,89,0.3504,False,0.3504,False,True,2.7455
DeepDetect,hand,11k_Hands_impostor_418,0001515,0001003,13758,13956,106,0,,False,,False,True,
LoFTR_indoor,hand,11k_Hands_impostor_419,0001058,0001019,226,226,226,43,0.1903,False,0.1903,False,True,2.1009
ORB,hand,11k_Hands_impostor_419,0001058,0001019,384,314,11,4,0.3636,False,0.3636,False,True,0.0000
SIFT,hand,11k_Hands_impostor_419,0001058,0001019,108,119,7,0,,False,,False,True,
SuperGlue,hand,11k_Hands_impostor_419,0001058,0001019,178,215,0,0,,False,,False,True,
SGMNet_root_SGM,hand,11k_Hands_impostor_419,0001058,0001019,843,806,20,6,0.3000,False,0.3000,False,True,0.9778
ASpanFormer_indoor,hand,11k_Hands_impostor_419,0001058,0001019,127,127,127,65,0.5118,True,0.5118,False,False,2.4932
DeepDetect,hand,11k_Hands_impostor_419,0001058,0001019,10560,9929,58,18,0.3103,True,0.3103,False,False,1.7332
LoFTR_indoor,hand,11k_Hands_impostor_420,0000013,0001593,182,182,182,22,0.1209,False,0.1209,False,True,2.4387
ORB,hand,11k_Hands_impostor_420,0000013,0001593,244,305,5,0,,False,,False,True,
SIFT,hand,11k_Hands_impostor_420,0000013,0001593,166,123,3,0,,False,,False,True,
SuperGlue,hand,11k_Hands_impostor_420,0000013,0001593,230,361,1,0,,False,,False,True,
SGMNet_root_SGM,hand,11k_Hands_impostor_420,0000013,0001593,1274,1267,17,0,,False,,False,True,
ASpanFormer_indoor,hand,11k_Hands_impostor_420,0000013,0001593,131,131,131,40,0.3053,False,0.3053,False,True,2.0076
DeepDetect,hand,11k_Hands_impostor_420,0000013,0001593,12196,20282,53,42,0.7925,True,0.7925,False,False,1.5262
LoFTR_indoor,hand,11k_Hands_impostor_421,0000588,0001021,270,270,270,62,0.2296,False,0.2296,False,True,2.5505
ORB,hand,11k_Hands_impostor_421,0000588,0001021,398,312,21,8,0.3810,False,0.3810,False,True,1.4560
SIFT,hand,11k_Hands_impostor_421,0000588,0001021,120,97,2,0,,False,,False,True,
SuperGlue,hand,11k_Hands_impostor_421,0000588,0001021,163,182,0,0,,False,,False,True,
SGMNet_root_SGM,hand,11k_Hands_impostor_421,0000588,0001021,1086,1144,141,34,0.2411,False,0.2411,False,True,1.5717
ASpanFormer_indoor,hand,11k_Hands_impostor_421,0000588,0001021,151,151,151,56,0.3709,False,0.3709,False,True,2.4182
DeepDetect,hand,11k_Hands_impostor_421,0000588,0001021,9692,10739,34,17,0.5000,True,0.5000,False,False,1.7228
LoFTR_indoor,hand,11k_Hands_impostor_422,0000008,0000010,417,417,417,127,0.3046,False,0.3046,False,True,1.8584
ORB,hand,11k_Hands_impostor_422,0000008,0000010,100,169,1,0,,False,,False,True,
SIFT,hand,11k_Hands_impostor_422,0000008,0000010,55,105,2,0,,False,,False,True,
SuperGlue,hand,11k_Hands_impostor_422,0000008,0000010,231,223,40,17,0.4250,False,0.4250,False,True,2.2946
SGMNet_root_SGM,hand,11k_Hands_impostor_422,0000008,0000010,1218,868,37,10,0.2703,False,0.2703,False,True,0.6948
ASpanFormer_indoor,hand,11k_Hands_impostor_422,0000008,0000010,451,451,451,238,0.5277,True,0.5277,False,False,2.2159
DeepDetect,hand,11k_Hands_impostor_422,0000008,0000010,12867,10972,32,14,0.4375,True,0.4375,False,False,1.1135
LoFTR_indoor,hand,11k_Hands_impostor_423,0000025,0001074,347,347,347,149,0.4294,False,0.4294,False,True,2.7130
ORB,hand,11k_Hands_impostor_423,0000025,0001074,503,124,29,0,,False,,False,True,
SIFT,hand,11k_Hands_impostor_423,0000025,0001074,118,56,6,0,,False,,False,True,
SuperGlue,hand,11k_Hands_impostor_423,0000025,0001074,269,166,62,35,0.5645,True,0.5645,False,False,2.6084
SGMNet_root_SGM,hand,11k_Hands_impostor_423,0000025,0001074,1366,1221,120,21,0.1750,False,0.1750,False,True,1.2780
ASpanFormer_indoor,hand,11k_Hands_impostor_423,0000025,0001074,373,373,373,221,0.5925,True,0.5925,False,False,2.4171
DeepDetect,hand,11k_Hands_impostor_423,0000025,0001074,16726,10097,19,7,0.3684,True,0.3684,False,False,1.2685
LoFTR_indoor,hand,11k_Hands_impostor_424,0001525,0001021,220,220,220,41,0.1864,False,0.1864,False,True,2.0273
ORB,hand,11k_Hands_impostor_424,0001525,0001021,178,381,8,0,,False,,False,True,
SIFT,hand,11k_Hands_impostor_424,0001525,0001021,67,97,5,0,,False,,False,True,
SuperGlue,hand,11k_Hands_impostor_424,0001525,0001021,156,220,0,0,,False,,False,True,
SGMNet_root_SGM,hand,11k_Hands_impostor_424,0001525,0001021,959,1204,20,6,0.3000,False,0.3000,False,True,0.5939
ASpanFormer_indoor,hand,11k_Hands_impostor_424,0001525,0001021,172,172,172,63,0.3663,False,0.3663,False,True,2.0224
DeepDetect,hand,11k_Hands_impostor_424,0001525,0001021,9937,11431,18,10,0.5556,True,0.5556,False,False,0.9429
LoFTR_indoor,hand,11k_Hands_impostor_425,0000538,0000025,247,247,247,92,0.3725,False,0.3725,False,True,2.8417
ORB,hand,11k_Hands_impostor_425,0000538,0000025,359,121,29,0,,False,,False,True,
SIFT,hand,11k_Hands_impostor_425,0000538,0000025,103,58,5,4,0.8000,True,0.8000,False,False,0.0000
SuperGlue,hand,11k_Hands_impostor_425,0000538,0000025,145,155,69,20,0.2899,False,0.2899,False,True,2.4366
SGMNet_root_SGM,hand,11k_Hands_impostor_425,0000538,0000025,855,664,26,12,0.4615,True,0.4615,False,False,1.5061
ASpanFormer_indoor,hand,11k_Hands_impostor_425,0000538,0000025,191,191,191,98,0.5131,True,0.5131,False,False,2.0433
DeepDetect,hand,11k_Hands_impostor_425,0000538,0000025,9875,11867,23,15,0.6522,True,0.6522,False,False,1.3211
LoFTR_indoor,hand,11k_Hands_impostor_426,0001085,0001587,116,116,116,19,0.1638,False,0.1638,False,True,1.8678
ORB,hand,11k_Hands_impostor_426,0001085,0001587,254,236,13,0,,False,,False,True,
SIFT,hand,11k_Hands_impostor_426,0001085,0001587,95,93,3,0,,False,,False,True,
SuperGlue,hand,11k_Hands_impostor_426,0001085,0001587,241,165,3,0,,False,,False,True,
SGMNet_root_SGM,hand,11k_Hands_impostor_426,0001085,0001587,1637,1056,16,7,0.4375,True,0.4375,False,False,0.9577
ASpanFormer_indoor,hand,11k_Hands_impostor_426,0001085,0001587,64,64,64,24,0.3750,False,0.3750,False,True,2.2654
DeepDetect,hand,11k_Hands_impostor_426,0001085,0001587,12387,10291,170,97,0.5706,True,0.5706,False,False,1.5122
LoFTR_indoor,hand,11k_Hands_impostor_427,0001042,0001510,426,426,426,81,0.1901,False,0.1901,False,True,2.6465
ORB,hand,11k_Hands_impostor_427,0001042,0001510,838,545,26,7,0.2692,False,0.2692,False,True,1.8789
SIFT,hand,11k_Hands_impostor_427,0001042,0001510,179,135,6,0,,False,,False,True,
SuperGlue,hand,11k_Hands_impostor_427,0001042,0001510,233,231,19,13,0.6842,True,0.6842,False,False,2.2171
SGMNet_root_SGM,hand,11k_Hands_impostor_427,0001042,0001510,843,1140,46,0,,False,,False,True,
ASpanFormer_indoor,hand,11k_Hands_impostor_427,0001042,0001510,556,556,556,202,0.3633,False,0.3633,False,True,2.5058
DeepDetect,hand,11k_Hands_impostor_427,0001042,0001510,11342,11793,82,59,0.7195,True,0.7195,False,False,0.5470
LoFTR_indoor,hand,11k_Hands_impostor_428,0001008,0001014,259,259,259,68,0.2625,False,0.2625,False,True,2.6502
ORB,hand,11k_Hands_impostor_428,0001008,0001014,336,363,14,7,0.5000,True,0.5000,False,False,0.6497
SIFT,hand,11k_Hands_impostor_428,0001008,0001014,109,119,4,0,,False,,False,True,
SuperGlue,hand,11k_Hands_impostor_428,0001008,0001014,163,198,0,0,,False,,False,True,
SGMNet_root_SGM,hand,11k_Hands_impostor_428,0001008,0001014,1069,827,135,18,0.1333,False,0.1333,False,True,1.5752
ASpanFormer_indoor,hand,11k_Hands_impostor_428,0001008,0001014,115,115,115,41,0.3565,False,0.3565,False,True,2.0612
DeepDetect,hand,11k_Hands_impostor_428,0001008,0001014,8762,11420,8,6,0.7500,True,0.7500,False,False,0.2204
LoFTR_indoor,hand,11k_Hands_impostor_429,0001567,0000023,333,333,333,94,0.2823,False,0.2823,False,True,2.6372
ORB,hand,11k_Hands_impostor_429,0001567,0000023,196,315,2,0,,False,,False,True,
SIFT,hand,11k_Hands_impostor_429,0001567,0000023,75,102,12,0,,False,,False,True,
SuperGlue,hand,11k_Hands_impostor_429,0001567,0000023,171,177,81,21,0.2593,False,0.2593,False,True,2.4875
SGMNet_root_SGM,hand,11k_Hands_impostor_429,0001567,0000023,783,1133,62,14,0.2258,False,0.2258,False,True,1.5879
ASpanFormer_indoor,hand,11k_Hands_impostor_429,0001567,0000023,295,295,295,139,0.4712,True,0.4712,False,False,2.5388
DeepDetect,hand,11k_Hands_impostor_429,0001567,0000023,9501,10965,18,0,,False,,False,True,
LoFTR_indoor,hand,11k_Hands_impostor_430,0000028,0000055,149,149,149,40,0.2685,False,0.2685,False,True,2.7380
ORB,hand,11k_Hands_impostor_430,0000028,0000055,317,171,18,0,,False,,False,True,
SIFT,hand,11k_Hands_impostor_430,0000028,0000055,193,83,15,0,,False,,False,True,
SuperGlue,hand,11k_Hands_impostor_430,0000028,0000055,238,187,66,22,0.3333,False,0.3333,False,True,2.6718
SGMNet_root_SGM,hand,11k_Hands_impostor_430,0000028,0000055,1728,1011,25,10,0.4000,True,0.4000,False,False,1.2672
ASpanFormer_indoor,hand,11k_Hands_impostor_430,0000028,0000055,118,118,118,44,0.3729,False,0.3729,False,True,2.3914
DeepDetect,hand,11k_Hands_impostor_430,0000028,0000055,13401,9729,17,5,0.2941,False,0.2941,False,True,0.7169
LoFTR_indoor,hand,11k_Hands_impostor_431,0001516,0000552,286,286,286,70,0.2448,False,0.2448,False,True,2.0280
ORB,hand,11k_Hands_impostor_431,0001516,0000552,198,378,6,0,,False,,False,True,
SIFT,hand,11k_Hands_impostor_431,0001516,0000552,82,113,4,0,,False,,False,True,
SuperGlue,hand,11k_Hands_impostor_431,0001516,0000552,202,197,43,21,0.4884,True,0.4884,False,False,2.5353
SGMNet_root_SGM,hand,11k_Hands_impostor_431,0001516,0000552,1137,876,90,19,0.2111,False,0.2111,False,True,1.3960
ASpanFormer_indoor,hand,11k_Hands_impostor_431,0001516,0000552,214,214,214,104,0.4860,True,0.4860,False,False,2.6706
DeepDetect,hand,11k_Hands_impostor_431,0001516,0000552,11095,11466,34,23,0.6765,True,0.6765,False,False,1.4810
LoFTR_indoor,hand,11k_Hands_impostor_432,0001588,0001505,460,460,460,220,0.4783,True,0.4783,False,False,2.3769
ORB,hand,11k_Hands_impostor_432,0001588,0001505,226,352,19,6,0.3158,False,0.3158,False,True,1.4828
SIFT,hand,11k_Hands_impostor_432,0001588,0001505,87,105,6,0,,False,,False,True,
SuperGlue,hand,11k_Hands_impostor_432,0001588,0001505,222,154,104,26,0.2500,False,0.2500,False,True,2.8279
SGMNet_root_SGM,hand,11k_Hands_impostor_432,0001588,0001505,1314,722,38,17,0.4474,True,0.4474,False,False,1.1704
ASpanFormer_indoor,hand,11k_Hands_impostor_432,0001588,0001505,459,459,459,212,0.4619,True,0.4619,False,False,2.2074
DeepDetect,hand,11k_Hands_impostor_432,0001588,0001505,11923,10196,156,0,,False,,False,True,
LoFTR_indoor,hand,11k_Hands_impostor_433,0000086,8000000,255,255,255,60,0.2353,False,0.2353,False,True,2.6068
ORB,hand,11k_Hands_impostor_433,0000086,8000000,98,259,2,0,,False,,False,True,
SIFT,hand,11k_Hands_impostor_433,0000086,8000000,54,122,3,0,,False,,False,True,
SuperGlue,hand,11k_Hands_impostor_433,0000086,8000000,171,225,1,0,,False,,False,True,
SGMNet_root_SGM,hand,11k_Hands_impostor_433,0000086,8000000,676,1702,15,0,,False,,False,True,
ASpanFormer_indoor,hand,11k_Hands_impostor_433,0000086,8000000,218,218,218,127,0.5826,True,0.5826,False,False,2.0537
DeepDetect,hand,11k_Hands_impostor_433,0000086,8000000,9836,14456,9,8,0.8889,True,0.8889,False,False,1.1876
LoFTR_indoor,hand,11k_Hands_impostor_434,0001030,0001503,192,192,192,45,0.2344,False,0.2344,False,True,2.7331
ORB,hand,11k_Hands_impostor_434,0001030,0001503,463,442,21,8,0.3810,False,0.3810,False,True,0.5600
SIFT,hand,11k_Hands_impostor_434,0001030,0001503,120,71,16,0,,False,,False,True,
SuperGlue,hand,11k_Hands_impostor_434,0001030,0001503,166,159,0,0,,False,,False,True,
SGMNet_root_SGM,hand,11k_Hands_impostor_434,0001030,0001503,796,646,27,12,0.4444,True,0.4444,False,False,1.2886
ASpanFormer_indoor,hand,11k_Hands_impostor_434,0001030,0001503,55,55,55,24,0.4364,True,0.4364,False,False,2.1750
DeepDetect,hand,11k_Hands_impostor_434,0001030,0001503,9794,9507,12,0,,False,,False,True,
LoFTR_indoor,hand,11k_Hands_impostor_435,0000572,0001587,153,153,153,29,0.1895,False,0.1895,False,True,2.2608
ORB,hand,11k_Hands_impostor_435,0000572,0001587,130,517,3,0,,False,,False,True,
SIFT,hand,11k_Hands_impostor_435,0000572,0001587,84,184,3,0,,False,,False,True,
SuperGlue,hand,11k_Hands_impostor_435,0000572,0001587,196,228,0,0,,False,,False,True,
SGMNet_root_SGM,hand,11k_Hands_impostor_435,0000572,0001587,1050,1146,17,7,0.4118,True,0.4118,False,False,0.7919
ASpanFormer_indoor,hand,11k_Hands_impostor_435,0000572,0001587,55,55,55,18,0.3273,False,0.3273,False,True,2.6522
DeepDetect,hand,11k_Hands_impostor_435,0000572,0001587,10881,11816,52,0,,False,,False,True,
LoFTR_indoor,hand,11k_Hands_impostor_436,0000045,0001090,474,474,474,133,0.2806,False,0.2806,False,True,2.5209
ORB,hand,11k_Hands_impostor_436,0000045,0001090,351,291,19,0,,False,,False,True,
SIFT,hand,11k_Hands_impostor_436,0000045,0001090,118,133,3,0,,False,,False,True,
SuperGlue,hand,11k_Hands_impostor_436,0000045,0001090,186,255,24,10,0.4167,False,0.4167,False,True,1.9416
SGMNet_root_SGM,hand,11k_Hands_impostor_436,0000045,0001090,888,1190,95,20,0.2105,False,0.2105,False,True,1.6550
ASpanFormer_indoor,hand,11k_Hands_impostor_436,0000045,0001090,395,395,395,201,0.5089,True,0.5089,False,False,2.1621
DeepDetect,hand,11k_Hands_impostor_436,0000045,0001090,10376,13407,55,25,0.4545,True,0.4545,False,False,1.8917
LoFTR_indoor,hand,11k_Hands_impostor_437,0001066,0001088,175,175,175,20,0.1143,False,0.1143,False,True,2.2924
ORB,hand,11k_Hands_impostor_437,0001066,0001088,362,497,9,0,,False,,False,True,
SIFT,hand,11k_Hands_impostor_437,0001066,0001088,107,142,1,0,,False,,False,True,
SuperGlue,hand,11k_Hands_impostor_437,0001066,0001088,196,227,0,0,,False,,False,True,
SGMNet_root_SGM,hand,11k_Hands_impostor_437,0001066,0001088,972,1063,23,6,0.2609,False,0.2609,False,True,0.7241
ASpanFormer_indoor,hand,11k_Hands_impostor_437,0001066,0001088,74,74,74,40,0.5405,True,0.5405,False,False,1.7213
DeepDetect,hand,11k_Hands_impostor_437,0001066,0001088,11664,12252,16,12,0.7500,True,0.7500,False,False,1.0054
LoFTR_indoor,hand,11k_Hands_impostor_438,0001082,0001541,102,102,102,30,0.2941,False,0.2941,False,True,2.3790
ORB,hand,11k_Hands_impostor_438,0001082,0001541,261,294,12,0,,False,,False,True,
SIFT,hand,11k_Hands_impostor_438,0001082,0001541,117,84,9,0,,False,,False,True,
SuperGlue,hand,11k_Hands_impostor_438,0001082,0001541,191,147,5,0,,False,,False,True,
SGMNet_root_SGM,hand,11k_Hands_impostor_438,0001082,0001541,1101,632,6,4,0.6667,True,0.6667,False,False,0.0000
ASpanFormer_indoor,hand,11k_Hands_impostor_438,0001082,0001541,181,181,181,70,0.3867,False,0.3867,False,True,2.5174
DeepDetect,hand,11k_Hands_impostor_438,0001082,0001541,11054,8457,16,8,0.5000,True,0.5000,False,False,3.3913
LoFTR_indoor,hand,11k_Hands_impostor_439,0001022,0001536,186,186,186,34,0.1828,False,0.1828,False,True,2.3810
ORB,hand,11k_Hands_impostor_439,0001022,0001536,251,241,7,0,,False,,False,True,
SIFT,hand,11k_Hands_impostor_439,0001022,0001536,85,111,2,0,,False,,False,True,
SuperGlue,hand,11k_Hands_impostor_439,0001022,0001536,265,225,0,0,,False,,False,True,
SGMNet_root_SGM,hand,11k_Hands_impostor_439,0001022,0001536,1113,1495,22,7,0.3182,False,0.3182,False,True,0.2168
ASpanFormer_indoor,hand,11k_Hands_impostor_439,0001022,0001536,88,88,88,36,0.4091,True,0.4091,False,False,1.8630
DeepDetect,hand,11k_Hands_impostor_439,0001022,0001536,14293,13829,4,0,,False,,False,True,
LoFTR_indoor,hand,11k_Hands_impostor_440,0001558,0001597,80,80,80,27,0.3375,False,0.3375,False,True,2.4440
ORB,hand,11k_Hands_impostor_440,0001558,0001597,484,183,20,0,,False,,False,True,
SIFT,hand,11k_Hands_impostor_440,0001558,0001597,147,58,5,0,,False,,False,True,
SuperGlue,hand,11k_Hands_impostor_440,0001558,0001597,240,139,2,0,,False,,False,True,
SGMNet_root_SGM,hand,11k_Hands_impostor_440,0001558,0001597,1263,536,8,6,0.7500,True,0.7500,False,False,0.5399
ASpanFormer_indoor,hand,11k_Hands_impostor_440,0001558,0001597,65,65,65,29,0.4462,True,0.4462,False,False,1.9773
DeepDetect,hand,11k_Hands_impostor_440,0001558,0001597,13569,8616,27,18,0.6667,True,0.6667,False,False,1.0062
LoFTR_indoor,hand,11k_Hands_impostor_441,0001503,0001008,210,210,210,43,0.2048,False,0.2048,False,True,1.8707
ORB,hand,11k_Hands_impostor_441,0001503,0001008,139,277,8,0,,False,,False,True,
SIFT,hand,11k_Hands_impostor_441,0001503,0001008,70,161,1,0,,False,,False,True,
SuperGlue,hand,11k_Hands_impostor_441,0001503,0001008,199,198,15,8,0.5333,True,0.5333,False,False,1.9478
SGMNet_root_SGM,hand,11k_Hands_impostor_441,0001503,0001008,915,1132,19,0,,False,,False,True,
ASpanFormer_indoor,hand,11k_Hands_impostor_441,0001503,0001008,63,63,63,24,0.3810,False,0.3810,False,True,2.1132
DeepDetect,hand,11k_Hands_impostor_441,0001503,0001008,9523,10251,41,20,0.4878,True,0.4878,False,False,2.3587
LoFTR_indoor,hand,11k_Hands_impostor_442,0000055,0001558,355,355,355,122,0.3437,False,0.3437,False,True,2.2945
ORB,hand,11k_Hands_impostor_442,0000055,0001558,142,587,5,0,,False,,False,True,
SIFT,hand,11k_Hands_impostor_442,0000055,0001558,70,186,1,0,,False,,False,True,
SuperGlue,hand,11k_Hands_impostor_442,0000055,0001558,192,186,19,10,0.5263,True,0.5263,False,False,1.6159
SGMNet_root_SGM,hand,11k_Hands_impostor_442,0000055,0001558,984,989,26,7,0.2692,False,0.2692,False,True,0.4546
ASpanFormer_indoor,hand,11k_Hands_impostor_442,0000055,0001558,276,276,276,173,0.6268,True,0.6268,False,False,1.5873
DeepDetect,hand,11k_Hands_impostor_442,0000055,0001558,10436,11770,10,8,0.8000,True,0.8000,False,False,1.1057
LoFTR_indoor,hand,11k_Hands_impostor_443,0000509,0000532,647,647,647,317,0.4900,True,0.4900,False,False,2.3108
ORB,hand,11k_Hands_impostor_443,0000509,0000532,425,300,23,11,0.4783,True,0.4783,False,False,1.2069
SIFT,hand,11k_Hands_impostor_443,0000509,0000532,143,94,22,9,0.4091,False,0.4091,False,True,1.6401
SuperGlue,hand,11k_Hands_impostor_443,0000509,0000532,190,146,66,22,0.3333,False,0.3333,False,True,2.3144
SGMNet_root_SGM,hand,11k_Hands_impostor_443,0000509,0000532,974,1019,158,52,0.3291,False,0.3291,False,True,1.6355
ASpanFormer_indoor,hand,11k_Hands_impostor_443,0000509,0000532,500,500,500,240,0.4800,True,0.4800,False,False,1.9441
DeepDetect,hand,11k_Hands_impostor_443,0000509,0000532,10377,8672,123,88,0.7154,True,0.7154,False,False,2.1233
LoFTR_indoor,hand,11k_Hands_impostor_444,0000045,0000063,215,215,215,67,0.3116,False,0.3116,False,True,2.2425
ORB,hand,11k_Hands_impostor_444,0000045,0000063,307,223,9,0,,False,,False,True,
SIFT,hand,11k_Hands_impostor_444,0000045,0000063,102,79,5,0,,False,,False,True,
SuperGlue,hand,11k_Hands_impostor_444,0000045,0000063,149,174,15,9,0.6000,True,0.6000,False,False,0.9256
SGMNet_root_SGM,hand,11k_Hands_impostor_444,0000045,0000063,679,907,22,9,0.4091,True,0.4091,False,False,0.7565
ASpanFormer_indoor,hand,11k_Hands_impostor_444,0000045,0000063,191,191,191,120,0.6283,True,0.6283,False,False,2.2433
DeepDetect,hand,11k_Hands_impostor_444,0000045,0000063,7714,10254,11,10,0.9091,True,0.9091,False,False,0.7253
LoFTR_indoor,hand,11k_Hands_impostor_445,0001005,0001531,249,249,249,66,0.2651,False,0.2651,False,True,2.0909
ORB,hand,11k_Hands_impostor_445,0001005,0001531,123,347,5,0,,False,,False,True,
SIFT,hand,11k_Hands_impostor_445,0001005,0001531,78,165,3,0,,False,,False,True,
SuperGlue,hand,11k_Hands_impostor_445,0001005,0001531,190,211,0,0,,False,,False,True,
SGMNet_root_SGM,hand,11k_Hands_impostor_445,0001005,0001531,803,1402,18,6,0.3333,False,0.3333,False,True,0.5479
ASpanFormer_indoor,hand,11k_Hands_impostor_445,0001005,0001531,103,103,103,43,0.4175,True,0.4175,False,False,2.2576
DeepDetect,hand,11k_Hands_impostor_445,0001005,0001531,13522,12677,32,0,,False,,False,True,
LoFTR_indoor,hand,11k_Hands_impostor_446,0000586,0000587,511,511,511,108,0.2114,False,0.2114,False,True,2.8859
ORB,hand,11k_Hands_impostor_446,0000586,0000587,459,402,23,0,,False,,False,True,
SIFT,hand,11k_Hands_impostor_446,0000586,0000587,109,144,4,0,,False,,False,True,
SuperGlue,hand,11k_Hands_impostor_446,0000586,0000587,158,255,81,29,0.3580,False,0.3580,False,True,2.3901
SGMNet_root_SGM,hand,11k_Hands_impostor_446,0000586,0000587,803,1177,104,21,0.2019,False,0.2019,False,True,1.4993
ASpanFormer_indoor,hand,11k_Hands_impostor_446,0000586,0000587,379,379,379,142,0.3747,False,0.3747,False,True,2.5417
DeepDetect,hand,11k_Hands_impostor_446,0000586,0000587,9245,12800,52,36,0.6923,True,0.6923,False,False,2.5381
LoFTR_indoor,hand,11k_Hands_impostor_447,0001568,0000507,208,208,208,56,0.2692,False,0.2692,False,True,2.4529
ORB,hand,11k_Hands_impostor_447,0001568,0000507,743,289,32,0,,False,,False,True,
SIFT,hand,11k_Hands_impostor_447,0001568,0000507,190,140,5,0,,False,,False,True,
SuperGlue,hand,11k_Hands_impostor_447,0001568,0000507,235,221,0,0,,False,,False,True,
SGMNet_root_SGM,hand,11k_Hands_impostor_447,0001568,0000507,833,978,46,9,0.1957,False,0.1957,False,True,0.3204
ASpanFormer_indoor,hand,11k_Hands_impostor_447,0001568,0000507,216,216,216,81,0.3750,False,0.3750,False,True,2.4572
DeepDetect,hand,11k_Hands_impostor_447,0001568,0000507,11338,11864,14,0,,False,,False,True,
LoFTR_indoor,hand,11k_Hands_impostor_448,0000509,0001090,168,168,168,32,0.1905,False,0.1905,False,True,2.2021
ORB,hand,11k_Hands_impostor_448,0000509,0001090,365,354,13,6,0.4615,True,0.4615,False,False,0.4457
SIFT,hand,11k_Hands_impostor_448,0000509,0001090,153,124,8,0,,False,,False,True,
SuperGlue,hand,11k_Hands_impostor_448,0000509,0001090,186,279,2,0,,False,,False,True,
SGMNet_root_SGM,hand,11k_Hands_impostor_448,0000509,0001090,973,1053,98,13,0.1327,False,0.1327,False,True,1.2505
ASpanFormer_indoor,hand,11k_Hands_impostor_448,0000509,0001090,63,63,63,18,0.2857,False,0.2857,False,True,2.2319
DeepDetect,hand,11k_Hands_impostor_448,0000509,0001090,10236,14638,52,0,,False,,False,True,
LoFTR_indoor,hand,11k_Hands_impostor_449,0000532,0001552,231,231,231,53,0.2294,False,0.2294,False,True,1.6181
ORB,hand,11k_Hands_impostor_449,0000532,0001552,229,399,6,0,,False,,False,True,
SIFT,hand,11k_Hands_impostor_449,0000532,0001552,96,93,2,0,,False,,False,True,
SuperGlue,hand,11k_Hands_impostor_449,0000532,0001552,155,207,3,0,,False,,False,True,
SGMNet_root_SGM,hand,11k_Hands_impostor_449,0000532,0001552,1020,885,11,5,0.4545,True,0.4545,False,False,0.5053
ASpanFormer_indoor,hand,11k_Hands_impostor_449,0000532,0001552,129,129,129,67,0.5194,True,0.5194,False,False,1.5686
DeepDetect,hand,11k_Hands_impostor_449,0000532,0001552,8643,11725,21,13,0.6190,True,0.6190,False,False,1.9823
LoFTR_indoor,hand,11k_Hands_impostor_450,0000064,0001553,170,170,170,26,0.1529,False,0.1529,False,True,2.0983
ORB,hand,11k_Hands_impostor_450,0000064,0001553,330,810,7,0,,False,,False,True,
SIFT,hand,11k_Hands_impostor_450,0000064,0001553,152,236,6,0,,False,,False,True,
SuperGlue,hand,11k_Hands_impostor_450,0000064,0001553,202,235,1,0,,False,,False,True,
SGMNet_root_SGM,hand,11k_Hands_impostor_450,0000064,0001553,1788,797,6,0,,False,,False,True,
ASpanFormer_indoor,hand,11k_Hands_impostor_450,0000064,0001553,62,62,62,24,0.3871,False,0.3871,False,True,2.1801
DeepDetect,hand,11k_Hands_impostor_450,0000064,0001553,13657,11277,18,0,,False,,False,True,
LoFTR_indoor,hand,11k_Hands_impostor_451,0001535,0000552,295,295,295,89,0.3017,False,0.3017,False,True,2.2570
ORB,hand,11k_Hands_impostor_451,0001535,0000552,200,300,10,0,,False,,False,True,
SIFT,hand,11k_Hands_impostor_451,0001535,0000552,124,117,13,0,,False,,False,True,
SuperGlue,hand,11k_Hands_impostor_451,0001535,0000552,244,200,71,22,0.3099,False,0.3099,False,True,2.2566
SGMNet_root_SGM,hand,11k_Hands_impostor_451,0001535,0000552,1306,1061,234,69,0.2949,False,0.2949,False,True,1.7758
ASpanFormer_indoor,hand,11k_Hands_impostor_451,0001535,0000552,368,368,368,251,0.6821,True,0.6821,False,False,1.9494
DeepDetect,hand,11k_Hands_impostor_451,0001535,0000552,12962,10563,37,18,0.4865,True,0.4865,False,False,1.1580
LoFTR_indoor,hand,11k_Hands_impostor_452,0001506,0001081,263,263,263,44,0.1673,False,0.1673,False,True,2.1693
ORB,hand,11k_Hands_impostor_452,0001506,0001081,333,121,17,6,0.3529,False,0.3529,False,True,0.3613
SIFT,hand,11k_Hands_impostor_452,0001506,0001081,111,95,5,0,,False,,False,True,
SuperGlue,hand,11k_Hands_impostor_452,0001506,0001081,227,244,0,0,,False,,False,True,
SGMNet_root_SGM,hand,11k_Hands_impostor_452,0001506,0001081,1223,1156,35,6,0.1714,False,0.1714,False,True,0.7070
ASpanFormer_indoor,hand,11k_Hands_impostor_452,0001506,0001081,107,107,107,31,0.2897,False,0.2897,False,True,2.3514
DeepDetect,hand,11k_Hands_impostor_452,0001506,0001081,11403,14856,87,0,,False,,False,True,
LoFTR_indoor,hand,11k_Hands_impostor_453,0001066,0000552,248,248,248,61,0.2460,False,0.2460,False,True,2.9234
ORB,hand,11k_Hands_impostor_453,0001066,0000552,403,497,12,0,,False,,False,True,
SIFT,hand,11k_Hands_impostor_453,0001066,0000552,139,135,20,4,0.2000,False,0.2000,False,True,0.0000
SuperGlue,hand,11k_Hands_impostor_453,0001066,0000552,192,218,11,6,0.5455,True,0.5455,False,False,1.3262
SGMNet_root_SGM,hand,11k_Hands_impostor_453,0001066,0000552,932,751,13,5,0.3846,False,0.3846,False,True,0.0000
ASpanFormer_indoor,hand,11k_Hands_impostor_453,0001066,0000552,185,185,185,64,0.3459,False,0.3459,False,True,2.4948
DeepDetect,hand,11k_Hands_impostor_453,0001066,0000552,11122,11518,17,0,,False,,False,True,
LoFTR_indoor,hand,11k_Hands_impostor_454,0001543,0000067,267,267,267,48,0.1798,False,0.1798,False,True,2.6518
ORB,hand,11k_Hands_impostor_454,0001543,0000067,406,103,44,0,,False,,False,True,
SIFT,hand,11k_Hands_impostor_454,0001543,0000067,127,51,3,0,,False,,False,True,
SuperGlue,hand,11k_Hands_impostor_454,0001543,0000067,215,167,2,0,,False,,False,True,
SGMNet_root_SGM,hand,11k_Hands_impostor_454,0001543,0000067,880,982,41,11,0.2683,False,0.2683,False,True,0.7649
ASpanFormer_indoor,hand,11k_Hands_impostor_454,0001543,0000067,84,84,84,27,0.3214,False,0.3214,False,True,2.1630
DeepDetect,hand,11k_Hands_impostor_454,0001543,0000067,9601,9667,12,0,,False,,False,True,
LoFTR_indoor,hand,11k_Hands_impostor_455,1200000,0001571,150,150,150,43,0.2867,False,0.2867,False,True,2.4590
ORB,hand,11k_Hands_impostor_455,1200000,0001571,292,290,6,0,,False,,False,True,
SIFT,hand,11k_Hands_impostor_455,1200000,0001571,138,75,19,0,,False,,False,True,
SuperGlue,hand,11k_Hands_impostor_455,1200000,0001571,279,159,0,0,,False,,False,True,
SGMNet_root_SGM,hand,11k_Hands_impostor_455,1200000,0001571,1549,685,20,9,0.4500,True,0.4500,False,False,1.1781
ASpanFormer_indoor,hand,11k_Hands_impostor_455,1200000,0001571,138,138,138,74,0.5362,True,0.5362,False,False,2.2191
DeepDetect,hand,11k_Hands_impostor_455,1200000,0001571,14080,9503,72,0,,False,,False,True,
LoFTR_indoor,hand,11k_Hands_impostor_456,0001052,0000507,155,155,155,31,0.2000,False,0.2000,False,True,2.3309
ORB,hand,11k_Hands_impostor_456,0001052,0000507,462,354,20,0,,False,,False,True,
SIFT,hand,11k_Hands_impostor_456,0001052,0000507,144,147,2,0,,False,,False,True,
SuperGlue,hand,11k_Hands_impostor_456,0001052,0000507,185,241,0,0,,False,,False,True,
SGMNet_root_SGM,hand,11k_Hands_impostor_456,0001052,0000507,918,1021,119,13,0.1092,False,0.1092,False,True,1.6602
ASpanFormer_indoor,hand,11k_Hands_impostor_456,0001052,0000507,76,76,76,30,0.3947,False,0.3947,False,True,1.4230
DeepDetect,hand,11k_Hands_impostor_456,0001052,0000507,11339,12340,40,0,,False,,False,True,
LoFTR_indoor,hand,11k_Hands_impostor_457,0000541,0000041,221,221,221,32,0.1448,False,0.1448,False,True,2.3198
ORB,hand,11k_Hands_impostor_457,0000541,0000041,183,560,6,0,,False,,False,True,
SIFT,hand,11k_Hands_impostor_457,0000541,0000041,60,164,2,0,,False,,False,True,
SuperGlue,hand,11k_Hands_impostor_457,0000541,0000041,161,282,10,0,,False,,False,True,
SGMNet_root_SGM,hand,11k_Hands_impostor_457,0000541,0000041,1191,1286,56,8,0.1429,False,0.1429,False,True,0.9396
ASpanFormer_indoor,hand,11k_Hands_impostor_457,0000541,0000041,107,107,107,26,0.2430,False,0.2430,False,True,2.4449
DeepDetect,hand,11k_Hands_impostor_457,0000541,0000041,9733,12994,15,9,0.6000,True,0.6000,False,False,1.2613
LoFTR_indoor,hand,11k_Hands_impostor_458,0000596,0001515,252,252,252,64,0.2540,False,0.2540,False,True,2.7471
ORB,hand,11k_Hands_impostor_458,0000596,0001515,467,92,42,0,,False,,False,True,
SIFT,hand,11k_Hands_impostor_458,0000596,0001515,114,60,4,0,,False,,False,True,
SuperGlue,hand,11k_Hands_impostor_458,0000596,0001515,170,152,0,0,,False,,False,True,
SGMNet_root_SGM,hand,11k_Hands_impostor_458,0000596,0001515,835,767,22,6,0.2727,False,0.2727,False,True,0.8686
ASpanFormer_indoor,hand,11k_Hands_impostor_458,0000596,0001515,75,75,75,40,0.5333,True,0.5333,False,False,1.8238
DeepDetect,hand,11k_Hands_impostor_458,0000596,0001515,9779,9551,5,5,1.0000,True,1.0000,False,False,0.3412
LoFTR_indoor,hand,11k_Hands_impostor_459,0000004,0000081,341,341,341,115,0.3372,False,0.3372,False,True,2.6192
ORB,hand,11k_Hands_impostor_459,0000004,0000081,500,179,33,9,0.2727,False,0.2727,False,True,1.4903
SIFT,hand,11k_Hands_impostor_459,0000004,0000081,113,76,15,0,,False,,False,True,
SuperGlue,hand,11k_Hands_impostor_459,0000004,0000081,212,150,93,36,0.3871,False,0.3871,False,True,2.3028
SGMNet_root_SGM,hand,11k_Hands_impostor_459,0000004,0000081,1245,1039,94,29,0.3085,False,0.3085,False,True,1.7532
ASpanFormer_indoor,hand,11k_Hands_impostor_459,0000004,0000081,543,543,543,281,0.5175,True,0.5175,False,False,2.4759
DeepDetect,hand,11k_Hands_impostor_459,0000004,0000081,12425,10335,25,16,0.6400,True,0.6400,False,False,1.5975
LoFTR_indoor,hand,11k_Hands_impostor_460,0001070,0001043,294,294,294,115,0.3912,False,0.3912,False,True,2.3540
ORB,hand,11k_Hands_impostor_460,0001070,0001043,232,158,30,0,,False,,False,True,
SIFT,hand,11k_Hands_impostor_460,0001070,0001043,82,55,3,0,,False,,False,True,
SuperGlue,hand,11k_Hands_impostor_460,0001070,0001043,155,213,28,12,0.4286,False,0.4286,False,True,2.1330
SGMNet_root_SGM,hand,11k_Hands_impostor_460,0001070,0001043,601,1446,25,8,0.3200,False,0.3200,False,True,1.0099
ASpanFormer_indoor,hand,11k_Hands_impostor_460,0001070,0001043,224,224,224,127,0.5670,True,0.5670,False,False,2.0488
DeepDetect,hand,11k_Hands_impostor_460,0001070,0001043,7517,10757,12,8,0.6667,True,0.6667,False,False,1.3012
LoFTR_indoor,hand,11k_Hands_impostor_461,0001552,0000008,303,303,303,66,0.2178,False,0.2178,False,True,2.2022
ORB,hand,11k_Hands_impostor_461,0001552,0000008,297,93,10,0,,False,,False,True,
SIFT,hand,11k_Hands_impostor_461,0001552,0000008,110,54,9,5,0.5556,True,0.5556,False,False,0.3456
SuperGlue,hand,11k_Hands_impostor_461,0001552,0000008,181,186,120,26,0.2167,False,0.2167,False,True,2.6825
SGMNet_root_SGM,hand,11k_Hands_impostor_461,0001552,0000008,1047,796,38,10,0.2632,False,0.2632,False,True,1.4210
ASpanFormer_indoor,hand,11k_Hands_impostor_461,0001552,0000008,350,350,350,162,0.4629,True,0.4629,False,False,2.5495
DeepDetect,hand,11k_Hands_impostor_461,0001552,0000008,10960,10645,16,12,0.7500,True,0.7500,False,False,1.2147
LoFTR_indoor,hand,11k_Hands_impostor_462,0000581,0001541,155,155,155,26,0.1677,False,0.1677,False,True,1.9632
ORB,hand,11k_Hands_impostor_462,0000581,0001541,327,346,9,0,,False,,False,True,
SIFT,hand,11k_Hands_impostor_462,0000581,0001541,140,121,5,0,,False,,False,True,
SuperGlue,hand,11k_Hands_impostor_462,0000581,0001541,206,179,0,0,,False,,False,True,
SGMNet_root_SGM,hand,11k_Hands_impostor_462,0000581,0001541,1073,751,35,8,0.2286,False,0.2286,False,True,0.3697
ASpanFormer_indoor,hand,11k_Hands_impostor_462,0000581,0001541,145,145,145,86,0.5931,True,0.5931,False,False,1.9482
DeepDetect,hand,11k_Hands_impostor_462,0000581,0001541,9574,9581,1,0,,False,,False,True,
LoFTR_indoor,hand,11k_Hands_impostor_463,0001546,0001540,345,345,345,83,0.2406,False,0.2406,False,True,2.7715
ORB,hand,11k_Hands_impostor_463,0001546,0001540,384,264,18,0,,False,,False,True,
SIFT,hand,11k_Hands_impostor_463,0001546,0001540,110,87,7,0,,False,,False,True,
SuperGlue,hand,11k_Hands_impostor_463,0001546,0001540,221,245,59,19,0.3220,False,0.3220,False,True,2.3877
SGMNet_root_SGM,hand,11k_Hands_impostor_463,0001546,0001540,904,1535,50,10,0.2000,False,0.2000,False,True,1.3910
ASpanFormer_indoor,hand,11k_Hands_impostor_463,0001546,0001540,189,189,189,78,0.4127,True,0.4127,False,False,2.6506
DeepDetect,hand,11k_Hands_impostor_463,0001546,0001540,11130,13711,108,86,0.7963,True,0.7963,False,False,2.4293
LoFTR_indoor,hand,11k_Hands_impostor_464,0001029,0000572,167,167,167,34,0.2036,False,0.2036,False,True,2.1252
ORB,hand,11k_Hands_impostor_464,0001029,0000572,390,130,14,0,,False,,False,True,
SIFT,hand,11k_Hands_impostor_464,0001029,0000572,134,84,11,0,,False,,False,True,
SuperGlue,hand,11k_Hands_impostor_464,0001029,0000572,254,196,0,0,,False,,False,True,
SGMNet_root_SGM,hand,11k_Hands_impostor_464,0001029,0000572,1313,1050,52,13,0.2500,False,0.2500,False,True,1.2607
ASpanFormer_indoor,hand,11k_Hands_impostor_464,0001029,0000572,25,25,25,0,,False,,False,True,
DeepDetect,hand,11k_Hands_impostor_464,0001029,0000572,13211,10881,27,0,,False,,False,True,
LoFTR_indoor,hand,11k_Hands_impostor_465,0001560,0001547,277,277,277,56,0.2022,False,0.2022,False,True,2.7104
ORB,hand,11k_Hands_impostor_465,0001560,0001547,656,726,27,7,0.2593,False,0.2593,False,True,0.9932
SIFT,hand,11k_Hands_impostor_465,0001560,0001547,173,160,7,4,0.5714,True,0.5714,False,False,0.0000
SuperGlue,hand,11k_Hands_impostor_465,0001560,0001547,205,171,0,0,,False,,False,True,
SGMNet_root_SGM,hand,11k_Hands_impostor_465,0001560,0001547,1057,780,50,17,0.3400,False,0.3400,False,True,1.1286
ASpanFormer_indoor,hand,11k_Hands_impostor_465,0001560,0001547,149,149,149,70,0.4698,True,0.4698,False,False,2.0040
DeepDetect,hand,11k_Hands_impostor_465,0001560,0001547,11549,9911,22,12,0.5455,True,0.5455,False,False,1.3261
LoFTR_indoor,hand,11k_Hands_impostor_466,0000543,0001035,173,173,173,43,0.2486,False,0.2486,False,True,2.0331
ORB,hand,11k_Hands_impostor_466,0000543,0001035,315,563,7,0,,False,,False,True,
SIFT,hand,11k_Hands_impostor_466,0000543,0001035,109,154,5,0,,False,,False,True,
SuperGlue,hand,11k_Hands_impostor_466,0000543,0001035,192,211,0,0,,False,,False,True,
SGMNet_root_SGM,hand,11k_Hands_impostor_466,0000543,0001035,933,908,43,11,0.2558,False,0.2558,False,True,1.1933
ASpanFormer_indoor,hand,11k_Hands_impostor_466,0000543,0001035,90,90,90,49,0.5444,True,0.5444,False,False,2.5257
DeepDetect,hand,11k_Hands_impostor_466,0000543,0001035,11370,11124,23,20,0.8696,True,0.8696,False,False,1.7526
LoFTR_indoor,hand,11k_Hands_impostor_467,0001567,0001005,236,236,236,93,0.3941,False,0.3941,False,True,1.6986
ORB,hand,11k_Hands_impostor_467,0001567,0001005,203,369,7,0,,False,,False,True,
SIFT,hand,11k_Hands_impostor_467,0001567,0001005,84,128,2,0,,False,,False,True,
SuperGlue,hand,11k_Hands_impostor_467,0001567,0001005,185,266,0,0,,False,,False,True,
SGMNet_root_SGM,hand,11k_Hands_impostor_467,0001567,0001005,838,1418,19,7,0.3684,False,0.3684,False,True,1.0444
ASpanFormer_indoor,hand,11k_Hands_impostor_467,0001567,0001005,162,162,162,69,0.4259,True,0.4259,False,False,2.5076
DeepDetect,hand,11k_Hands_impostor_467,0001567,0001005,9754,13577,56,0,,False,,False,True,
LoFTR_indoor,hand,11k_Hands_impostor_468,0001066,0001079,265,265,265,81,0.3057,False,0.3057,False,True,2.6968
ORB,hand,11k_Hands_impostor_468,0001066,0001079,341,273,14,0,,False,,False,True,
SIFT,hand,11k_Hands_impostor_468,0001066,0001079,142,85,6,0,,False,,False,True,
SuperGlue,hand,11k_Hands_impostor_468,0001066,0001079,239,147,1,0,,False,,False,True,
SGMNet_root_SGM,hand,11k_Hands_impostor_468,0001066,0001079,981,651,26,8,0.3077,False,0.3077,False,True,1.2274
ASpanFormer_indoor,hand,11k_Hands_impostor_468,0001066,0001079,233,233,233,101,0.4335,True,0.4335,False,False,2.6361
DeepDetect,hand,11k_Hands_impostor_468,0001066,0001079,12733,9556,10,0,,False,,False,True,
LoFTR_indoor,hand,11k_Hands_impostor_469,0001059,0000573,253,253,253,90,0.3557,False,0.3557,False,True,1.5996
ORB,hand,11k_Hands_impostor_469,0001059,0000573,383,423,18,7,0.3889,False,0.3889,False,True,0.5147
SIFT,hand,11k_Hands_impostor_469,0001059,0000573,129,103,5,0,,False,,False,True,
SuperGlue,hand,11k_Hands_impostor_469,0001059,0000573,212,180,47,21,0.4468,False,0.4468,False,True,2.0875
SGMNet_root_SGM,hand,11k_Hands_impostor_469,0001059,0000573,1162,585,26,10,0.3846,False,0.3846,False,True,0.6762
ASpanFormer_indoor,hand,11k_Hands_impostor_469,0001059,0000573,269,269,269,200,0.7435,True,0.7435,False,False,1.9756
DeepDetect,hand,11k_Hands_impostor_469,0001059,0000573,12237,10900,24,0,,False,,False,True,
LoFTR_indoor,hand,11k_Hands_impostor_470,0001568,0001533,164,164,164,55,0.3354,False,0.3354,False,True,1.5165
ORB,hand,11k_Hands_impostor_470,0001568,0001533,192,165,6,0,,False,,False,True,
SIFT,hand,11k_Hands_impostor_470,0001568,0001533,83,58,2,0,,False,,False,True,
SuperGlue,hand,11k_Hands_impostor_470,0001568,0001533,212,235,8,6,0.7500,True,0.7500,False,False,1.2223
SGMNet_root_SGM,hand,11k_Hands_impostor_470,0001568,0001533,1173,662,16,0,,False,,False,True,
ASpanFormer_indoor,hand,11k_Hands_impostor_470,0001568,0001533,198,198,198,77,0.3889,False,0.3889,False,True,2.5653
DeepDetect,hand,11k_Hands_impostor_470,0001568,0001533,10493,11518,53,30,0.5660,True,0.5660,False,False,0.7286
LoFTR_indoor,hand,11k_Hands_impostor_471,0001549,0001587,610,610,610,244,0.4000,False,0.4000,False,True,2.6525
ORB,hand,11k_Hands_impostor_471,0001549,0001587,301,277,30,14,0.4667,True,0.4667,False,False,2.3083
SIFT,hand,11k_Hands_impostor_471,0001549,0001587,97,106,5,4,0.8000,True,0.8000,False,False,0.0000
SuperGlue,hand,11k_Hands_impostor_471,0001549,0001587,187,192,94,30,0.3191,False,0.3191,False,True,2.6755
SGMNet_root_SGM,hand,11k_Hands_impostor_471,0001549,0001587,1065,1375,195,29,0.1487,False,0.1487,False,True,1.4227
ASpanFormer_indoor,hand,11k_Hands_impostor_471,0001549,0001587,491,491,491,267,0.5438,True,0.5438,False,False,2.5331
DeepDetect,hand,11k_Hands_impostor_471,0001549,0001587,12058,11142,127,80,0.6299,True,0.6299,False,False,0.6356
LoFTR_indoor,hand,11k_Hands_impostor_472,0000061,0001073,156,156,156,37,0.2372,False,0.2372,False,True,2.4031
ORB,hand,11k_Hands_impostor_472,0000061,0001073,34,152,1,0,,False,,False,True,
SIFT,hand,11k_Hands_impostor_472,0000061,0001073,24,71,2,0,,False,,False,True,
SuperGlue,hand,11k_Hands_impostor_472,0000061,0001073,181,212,3,0,,False,,False,True,
SGMNet_root_SGM,hand,11k_Hands_impostor_472,0000061,0001073,793,891,17,7,0.4118,True,0.4118,False,False,1.2031
ASpanFormer_indoor,hand,11k_Hands_impostor_472,0000061,0001073,36,36,36,13,0.3611,False,0.3611,False,True,2.3730
DeepDetect,hand,11k_Hands_impostor_472,0000061,0001073,10131,12784,4,0,,False,,False,True,
LoFTR_indoor,hand,11k_Hands_impostor_473,9000000,0001037,183,183,183,31,0.1694,False,0.1694,False,True,2.2039
ORB,hand,11k_Hands_impostor_473,9000000,0001037,188,478,8,0,,False,,False,True,
SIFT,hand,11k_Hands_impostor_473,9000000,0001037,87,159,1,0,,False,,False,True,
SuperGlue,hand,11k_Hands_impostor_473,9000000,0001037,284,188,0,0,,False,,False,True,
SGMNet_root_SGM,hand,11k_Hands_impostor_473,9000000,0001037,1657,762,2,0,,False,,False,True,
ASpanFormer_indoor,hand,11k_Hands_impostor_473,9000000,0001037,122,122,122,48,0.3934,False,0.3934,False,True,2.3216
DeepDetect,hand,11k_Hands_impostor_473,9000000,0001037,14342,10543,35,21,0.6000,True,0.6000,False,False,0.9659
LoFTR_indoor,hand,11k_Hands_impostor_474,0001039,0001009,457,457,457,153,0.3348,False,0.3348,False,True,2.7545
ORB,hand,11k_Hands_impostor_474,0001039,0001009,102,316,6,0,,False,,False,True,
SIFT,hand,11k_Hands_impostor_474,0001039,0001009,65,135,3,0,,False,,False,True,
SuperGlue,hand,11k_Hands_impostor_474,0001039,0001009,230,208,43,16,0.3721,False,0.3721,False,True,2.6317
SGMNet_root_SGM,hand,11k_Hands_impostor_474,0001039,0001009,1108,1356,51,12,0.2353,False,0.2353,False,True,1.3002
ASpanFormer_indoor,hand,11k_Hands_impostor_474,0001039,0001009,238,238,238,84,0.3529,False,0.3529,False,True,2.2729
DeepDetect,hand,11k_Hands_impostor_474,0001039,0001009,11341,12597,119,80,0.6723,True,0.6723,False,False,1.8181
LoFTR_indoor,hand,11k_Hands_impostor_475,0001022,0001516,474,474,474,174,0.3671,False,0.3671,False,True,2.4697
ORB,hand,11k_Hands_impostor_475,0001022,0001516,193,117,9,0,,False,,False,True,
SIFT,hand,11k_Hands_impostor_475,0001022,0001516,90,55,5,0,,False,,False,True,
SuperGlue,hand,11k_Hands_impostor_475,0001022,0001516,245,211,37,22,0.5946,True,0.5946,False,False,2.0371
SGMNet_root_SGM,hand,11k_Hands_impostor_475,0001022,0001516,1216,1485,47,13,0.2766,False,0.2766,False,True,1.2158
ASpanFormer_indoor,hand,11k_Hands_impostor_475,0001022,0001516,525,525,525,301,0.5733,True,0.5733,False,False,2.2402
DeepDetect,hand,11k_Hands_impostor_475,0001022,0001516,12970,11194,92,54,0.5870,True,0.5870,False,False,1.1532
LoFTR_indoor,hand,11k_Hands_impostor_476,0001564,0001516,261,261,261,55,0.2107,False,0.2107,False,True,2.3483
ORB,hand,11k_Hands_impostor_476,0001564,0001516,393,266,10,6,0.6000,True,0.6000,False,False,0.9962
SIFT,hand,11k_Hands_impostor_476,0001564,0001516,129,69,8,0,,False,,False,True,
SuperGlue,hand,11k_Hands_impostor_476,0001564,0001516,186,196,9,0,,False,,False,True,
SGMNet_root_SGM,hand,11k_Hands_impostor_476,0001564,0001516,721,1223,23,9,0.3913,False,0.3913,False,True,1.0110
ASpanFormer_indoor,hand,11k_Hands_impostor_476,0001564,0001516,169,169,169,69,0.4083,True,0.4083,False,False,2.2081
DeepDetect,hand,11k_Hands_impostor_476,0001564,0001516,9290,11540,13,10,0.7692,True,0.7692,False,False,1.0368
LoFTR_indoor,hand,11k_Hands_impostor_477,0001529,0001539,262,262,262,46,0.1756,False,0.1756,False,True,2.1206
ORB,hand,11k_Hands_impostor_477,0001529,0001539,442,415,15,0,,False,,False,True,
SIFT,hand,11k_Hands_impostor_477,0001529,0001539,127,132,5,0,,False,,False,True,
SuperGlue,hand,11k_Hands_impostor_477,0001529,0001539,220,182,6,0,,False,,False,True,
SGMNet_root_SGM,hand,11k_Hands_impostor_477,0001529,0001539,1251,1025,78,14,0.1795,False,0.1795,False,True,1.2886
ASpanFormer_indoor,hand,11k_Hands_impostor_477,0001529,0001539,259,259,259,96,0.3707,False,0.3707,False,True,2.3665
DeepDetect,hand,11k_Hands_impostor_477,0001529,0001539,11780,10902,15,0,,False,,False,True,
LoFTR_indoor,hand,11k_Hands_impostor_478,0001555,1000000,85,85,85,15,0.1765,False,0.1765,False,True,2.1434
ORB,hand,11k_Hands_impostor_478,0001555,1000000,51,102,2,0,,False,,False,True,
SIFT,hand,11k_Hands_impostor_478,0001555,1000000,57,57,3,0,,False,,False,True,
SuperGlue,hand,11k_Hands_impostor_478,0001555,1000000,196,261,2,0,,False,,False,True,
SGMNet_root_SGM,hand,11k_Hands_impostor_478,0001555,1000000,789,751,21,7,0.3333,False,0.3333,False,True,0.8698
ASpanFormer_indoor,hand,11k_Hands_impostor_478,0001555,1000000,88,88,88,39,0.4432,True,0.4432,False,False,1.8327
DeepDetect,hand,11k_Hands_impostor_478,0001555,1000000,11216,13217,39,0,,False,,False,True,
LoFTR_indoor,hand,11k_Hands_impostor_479,0001073,0000546,403,403,403,126,0.3127,False,0.3127,False,True,2.0943
ORB,hand,11k_Hands_impostor_479,0001073,0000546,191,290,7,0,,False,,False,True,
SIFT,hand,11k_Hands_impostor_479,0001073,0000546,76,87,9,0,,False,,False,True,
SuperGlue,hand,11k_Hands_impostor_479,0001073,0000546,165,146,56,18,0.3214,False,0.3214,False,True,2.3693
SGMNet_root_SGM,hand,11k_Hands_impostor_479,0001073,0000546,871,689,72,21,0.2917,False,0.2917,False,True,1.7852
ASpanFormer_indoor,hand,11k_Hands_impostor_479,0001073,0000546,382,382,382,167,0.4372,True,0.4372,False,False,1.9937
DeepDetect,hand,11k_Hands_impostor_479,0001073,0000546,8113,9718,58,52,0.8966,True,0.8966,False,False,0.9006
LoFTR_indoor,hand,11k_Hands_impostor_480,0000084,0000088,367,367,367,89,0.2425,False,0.2425,False,True,2.6070
ORB,hand,11k_Hands_impostor_480,0000084,0000088,355,306,20,0,,False,,False,True,
SIFT,hand,11k_Hands_impostor_480,0000084,0000088,102,125,2,0,,False,,False,True,
SuperGlue,hand,11k_Hands_impostor_480,0000084,0000088,246,269,11,0,,False,,False,True,
SGMNet_root_SGM,hand,11k_Hands_impostor_480,0000084,0000088,1225,1311,46,11,0.2391,False,0.2391,False,True,0.8421
ASpanFormer_indoor,hand,11k_Hands_impostor_480,0000084,0000088,332,332,332,137,0.4127,True,0.4127,False,False,2.3989
DeepDetect,hand,11k_Hands_impostor_480,0000084,0000088,12714,12916,130,0,,False,,False,True,
LoFTR_indoor,hand,11k_Hands_impostor_481,0001573,0000065,226,226,226,45,0.1991,False,0.1991,False,True,2.4112
ORB,hand,11k_Hands_impostor_481,0001573,0000065,586,170,9,0,,False,,False,True,
SIFT,hand,11k_Hands_impostor_481,0001573,0000065,130,76,3,0,,False,,False,True,
SuperGlue,hand,11k_Hands_impostor_481,0001573,0000065,207,178,4,0,,False,,False,True,
SGMNet_root_SGM,hand,11k_Hands_impostor_481,0001573,0000065,813,836,12,5,0.4167,True,0.4167,False,False,0.2874
ASpanFormer_indoor,hand,11k_Hands_impostor_481,0001573,0000065,95,95,95,38,0.4000,True,0.4000,False,False,2.1411
DeepDetect,hand,11k_Hands_impostor_481,0001573,0000065,10710,9939,38,24,0.6316,True,0.6316,False,False,0.6548
LoFTR_indoor,hand,11k_Hands_impostor_482,0001069,0001588,211,211,211,59,0.2796,False,0.2796,False,True,2.4098
ORB,hand,11k_Hands_impostor_482,0001069,0001588,95,257,8,0,,False,,False,True,
SIFT,hand,11k_Hands_impostor_482,0001069,0001588,48,91,2,0,,False,,False,True,
SuperGlue,hand,11k_Hands_impostor_482,0001069,0001588,231,190,23,12,0.5217,True,0.5217,False,False,1.4469
SGMNet_root_SGM,hand,11k_Hands_impostor_482,0001069,0001588,1007,1175,48,15,0.3125,False,0.3125,False,True,1.0773
ASpanFormer_indoor,hand,11k_Hands_impostor_482,0001069,0001588,101,101,101,41,0.4059,True,0.4059,False,False,1.6834
DeepDetect,hand,11k_Hands_impostor_482,0001069,0001588,11900,10916,28,0,,False,,False,True,
LoFTR_indoor,hand,11k_Hands_impostor_483,0000588,0001021,205,205,205,34,0.1659,False,0.1659,False,True,2.4610
ORB,hand,11k_Hands_impostor_483,0000588,0001021,436,344,4,0,,False,,False,True,
SIFT,hand,11k_Hands_impostor_483,0000588,0001021,155,108,8,0,,False,,False,True,
SuperGlue,hand,11k_Hands_impostor_483,0000588,0001021,181,232,0,0,,False,,False,True,
SGMNet_root_SGM,hand,11k_Hands_impostor_483,0000588,0001021,728,1315,11,5,0.4545,True,0.4545,False,False,0.4498
ASpanFormer_indoor,hand,11k_Hands_impostor_483,0000588,0001021,115,115,115,27,0.2348,False,0.2348,False,True,2.3978
DeepDetect,hand,11k_Hands_impostor_483,0000588,0001021,9809,11782,18,0,,False,,False,True,
LoFTR_indoor,hand,11k_Hands_impostor_484,0000019,0000538,322,322,322,85,0.2640,False,0.2640,False,True,2.5293
ORB,hand,11k_Hands_impostor_484,0000019,0000538,196,435,5,0,,False,,False,True,
SIFT,hand,11k_Hands_impostor_484,0000019,0000538,126,92,4,4,1.0000,True,1.0000,False,False,0.0000
SuperGlue,hand,11k_Hands_impostor_484,0000019,0000538,247,176,69,28,0.4058,False,0.4058,False,True,2.5456
SGMNet_root_SGM,hand,11k_Hands_impostor_484,0000019,0000538,1278,860,15,7,0.4667,True,0.4667,False,False,0.5184
ASpanFormer_indoor,hand,11k_Hands_impostor_484,0000019,0000538,305,305,305,115,0.3770,False,0.3770,False,True,2.4520
DeepDetect,hand,11k_Hands_impostor_484,0000019,0000538,13638,11200,11,8,0.7273,True,0.7273,False,False,1.5207
LoFTR_indoor,hand,11k_Hands_impostor_485,0000532,0001026,252,252,252,74,0.2937,False,0.2937,False,True,1.9592
ORB,hand,11k_Hands_impostor_485,0000532,0001026,522,331,20,0,,False,,False,True,
SIFT,hand,11k_Hands_impostor_485,0000532,0001026,115,89,1,0,,False,,False,True,
SuperGlue,hand,11k_Hands_impostor_485,0000532,0001026,182,155,17,8,0.4706,True,0.4706,False,False,1.3882
SGMNet_root_SGM,hand,11k_Hands_impostor_485,0000532,0001026,704,796,22,7,0.3182,False,0.3182,False,True,0.8218
ASpanFormer_indoor,hand,11k_Hands_impostor_485,0000532,0001026,109,109,109,42,0.3853,False,0.3853,False,True,1.9276
DeepDetect,hand,11k_Hands_impostor_485,0000532,0001026,9059,10221,13,9,0.6923,True,0.6923,False,False,1.1015
LoFTR_indoor,hand,11k_Hands_impostor_486,0001539,0001587,466,466,466,127,0.2725,False,0.2725,False,True,2.7647
ORB,hand,11k_Hands_impostor_486,0001539,0001587,142,300,11,5,0.4545,True,0.4545,False,False,0.3837
SIFT,hand,11k_Hands_impostor_486,0001539,0001587,60,97,8,0,,False,,False,True,
SuperGlue,hand,11k_Hands_impostor_486,0001539,0001587,194,214,36,12,0.3333,False,0.3333,False,True,1.7226
SGMNet_root_SGM,hand,11k_Hands_impostor_486,0001539,0001587,1195,1434,218,28,0.1284,False,0.1284,False,True,1.4894
ASpanFormer_indoor,hand,11k_Hands_impostor_486,0001539,0001587,423,423,423,195,0.4610,True,0.4610,False,False,2.5832
DeepDetect,hand,11k_Hands_impostor_486,0001539,0001587,11354,11517,200,0,,False,,False,True,
LoFTR_indoor,hand,11k_Hands_impostor_487,0001544,1200000 ,148,148,148,36,0.2432,False,0.2432,False,True,2.6227
ORB,hand,11k_Hands_impostor_487,0001544,1200000 ,404,579,16,0,,False,,False,True,
SIFT,hand,11k_Hands_impostor_487,0001544,1200000 ,119,140,6,0,,False,,False,True,
SuperGlue,hand,11k_Hands_impostor_487,0001544,1200000 ,144,271,0,0,,False,,False,True,
SGMNet_root_SGM,hand,11k_Hands_impostor_487,0001544,1200000 ,688,1022,13,5,0.3846,False,0.3846,False,True,0.2364
ASpanFormer_indoor,hand,11k_Hands_impostor_487,0001544,1200000 ,83,83,83,42,0.5060,True,0.5060,False,False,2.3607
DeepDetect,hand,11k_Hands_impostor_487,0001544,1200000 ,8660,12438,6,0,,False,,False,True,
LoFTR_indoor,hand,11k_Hands_impostor_488,0001074,0000061,253,253,253,88,0.3478,False,0.3478,False,True,1.7158
ORB,hand,11k_Hands_impostor_488,0001074,0000061,292,380,10,0,,False,,False,True,
SIFT,hand,11k_Hands_impostor_488,0001074,0000061,126,127,5,0,,False,,False,True,
SuperGlue,hand,11k_Hands_impostor_488,0001074,0000061,172,209,1,0,,False,,False,True,
SGMNet_root_SGM,hand,11k_Hands_impostor_488,0001074,0000061,924,1154,42,0,,False,,False,True,
ASpanFormer_indoor,hand,11k_Hands_impostor_488,0001074,0000061,159,159,159,93,0.5849,True,0.5849,False,False,1.7986
DeepDetect,hand,11k_Hands_impostor_488,0001074,0000061,10209,10536,26,0,,False,,False,True,
LoFTR_indoor,hand,11k_Hands_impostor_489,0001034,0000502,238,238,238,63,0.2647,False,0.2647,False,True,2.6224
ORB,hand,11k_Hands_impostor_489,0001034,0000502,339,197,19,0,,False,,False,True,
SIFT,hand,11k_Hands_impostor_489,0001034,0000502,131,115,3,0,,False,,False,True,
SuperGlue,hand,11k_Hands_impostor_489,0001034,0000502,209,188,5,5,1.0000,True,1.0000,False,False,1.3983
SGMNet_root_SGM,hand,11k_Hands_impostor_489,0001034,0000502,984,1108,23,7,0.3043,False,0.3043,False,True,0.8497
ASpanFormer_indoor,hand,11k_Hands_impostor_489,0001034,0000502,182,182,182,70,0.3846,False,0.3846,False,True,2.1255
DeepDetect,hand,11k_Hands_impostor_489,0001034,0000502,11223,10114,24,15,0.6250,True,0.6250,False,False,1.8045
LoFTR_indoor,hand,11k_Hands_impostor_490,0000010,0000067,312,312,312,75,0.2404,False,0.2404,False,True,2.4653
ORB,hand,11k_Hands_impostor_490,0000010,0000067,292,101,10,0,,False,,False,True,
SIFT,hand,11k_Hands_impostor_490,0000010,0000067,82,57,5,0,,False,,False,True,
SuperGlue,hand,11k_Hands_impostor_490,0000010,0000067,210,204,14,8,0.5714,True,0.5714,False,False,1.2447
SGMNet_root_SGM,hand,11k_Hands_impostor_490,0000010,0000067,1369,978,6,5,0.8333,True,0.8333,False,False,0.0000
ASpanFormer_indoor,hand,11k_Hands_impostor_490,0000010,0000067,154,154,154,53,0.3442,False,0.3442,False,True,2.1261
DeepDetect,hand,11k_Hands_impostor_490,0000010,0000067,10179,11903,73,39,0.5342,True,0.5342,False,False,1.2944
LoFTR_indoor,hand,11k_Hands_impostor_491,0001079,0001052,260,260,260,59,0.2269,False,0.2269,False,True,1.9800
ORB,hand,11k_Hands_impostor_491,0001079,0001052,500,461,36,0,,False,,False,True,
SIFT,hand,11k_Hands_impostor_491,0001079,0001052,139,186,4,0,,False,,False,True,
SuperGlue,hand,11k_Hands_impostor_491,0001079,0001052,179,152,1,0,,False,,False,True,
SGMNet_root_SGM,hand,11k_Hands_impostor_491,0001079,0001052,792,911,39,13,0.3333,False,0.3333,False,True,1.2752
ASpanFormer_indoor,hand,11k_Hands_impostor_491,0001079,0001052,69,69,69,37,0.5362,True,0.5362,False,False,1.4494
DeepDetect,hand,11k_Hands_impostor_491,0001079,0001052,11019,9904,18,10,0.5556,True,0.5556,False,False,0.9569
LoFTR_indoor,hand,11k_Hands_impostor_492,0000054,0001008,104,104,104,29,0.2788,False,0.2788,False,True,2.3044
ORB,hand,11k_Hands_impostor_492,0000054,0001008,76,201,3,0,,False,,False,True,
SIFT,hand,11k_Hands_impostor_492,0000054,0001008,43,116,0,0,,False,,False,True,
SuperGlue,hand,11k_Hands_impostor_492,0000054,0001008,167,230,0,0,,False,,False,True,
SGMNet_root_SGM,hand,11k_Hands_impostor_492,0000054,0001008,632,1156,20,7,0.3500,False,0.3500,False,True,0.5157
ASpanFormer_indoor,hand,11k_Hands_impostor_492,0000054,0001008,19,19,19,8,0.4211,True,0.4211,False,False,1.8501
DeepDetect,hand,11k_Hands_impostor_492,0000054,0001008,8074,11118,122,0,,False,,False,True,
LoFTR_indoor,hand,11k_Hands_impostor_493,0000552,0001029,250,250,250,37,0.1480,False,0.1480,False,True,2.7632
ORB,hand,11k_Hands_impostor_493,0000552,0001029,255,268,14,6,0.4286,False,0.4286,False,True,1.1495
SIFT,hand,11k_Hands_impostor_493,0000552,0001029,125,117,8,4,0.5000,True,0.5000,False,False,0.0000
SuperGlue,hand,11k_Hands_impostor_493,0000552,0001029,198,261,0,0,,False,,False,True,
SGMNet_root_SGM,hand,11k_Hands_impostor_493,0000552,0001029,1104,1690,20,0,,False,,False,True,
ASpanFormer_indoor,hand,11k_Hands_impostor_493,0000552,0001029,241,241,241,91,0.3776,False,0.3776,False,True,2.6562
DeepDetect,hand,11k_Hands_impostor_493,0000552,0001029,10119,14049,45,22,0.4889,True,0.4889,False,False,2.7791
LoFTR_indoor,hand,11k_Hands_impostor_494,0001008,0001039,258,258,258,59,0.2287,False,0.2287,False,True,2.4411
ORB,hand,11k_Hands_impostor_494,0001008,0001039,176,277,13,6,0.4615,True,0.4615,False,False,0.7081
SIFT,hand,11k_Hands_impostor_494,0001008,0001039,68,117,0,0,,False,,False,True,
SuperGlue,hand,11k_Hands_impostor_494,0001008,0001039,218,187,0,0,,False,,False,True,
SGMNet_root_SGM,hand,11k_Hands_impostor_494,0001008,0001039,1013,1103,76,13,0.1711,False,0.1711,False,True,1.5716
ASpanFormer_indoor,hand,11k_Hands_impostor_494,0001008,0001039,73,73,73,35,0.4795,True,0.4795,False,False,1.6278
DeepDetect,hand,11k_Hands_impostor_494,0001008,0001039,10024,10410,27,0,,False,,False,True,
LoFTR_indoor,hand,11k_Hands_impostor_495,0001529,9000000,550,550,550,247,0.4491,False,0.4491,False,True,2.1679
ORB,hand,11k_Hands_impostor_495,0001529,9000000,437,221,40,16,0.4000,False,0.4000,False,True,1.9464
SIFT,hand,11k_Hands_impostor_495,0001529,9000000,114,73,15,0,,False,,False,True,
SuperGlue,hand,11k_Hands_impostor_495,0001529,9000000,158,170,61,27,0.4426,False,0.4426,False,True,2.3112
SGMNet_root_SGM,hand,11k_Hands_impostor_495,0001529,9000000,884,983,48,15,0.3125,False,0.3125,False,True,1.3735
ASpanFormer_indoor,hand,11k_Hands_impostor_495,0001529,9000000,476,476,476,314,0.6597,True,0.6597,False,False,2.4049
DeepDetect,hand,11k_Hands_impostor_495,0001529,9000000,9877,11264,20,0,,False,,False,True,
LoFTR_indoor,hand,11k_Hands_impostor_496,0001034,0001539,474,474,474,179,0.3776,False,0.3776,False,True,2.7143
ORB,hand,11k_Hands_impostor_496,0001034,0001539,511,315,15,0,,False,,False,True,
SIFT,hand,11k_Hands_impostor_496,0001034,0001539,196,118,5,4,0.8000,True,0.8000,False,False,0.0000
SuperGlue,hand,11k_Hands_impostor_496,0001034,0001539,204,201,107,40,0.3738,False,0.3738,False,True,2.7856
SGMNet_root_SGM,hand,11k_Hands_impostor_496,0001034,0001539,891,1013,86,13,0.1512,False,0.1512,False,True,1.2120
ASpanFormer_indoor,hand,11k_Hands_impostor_496,0001034,0001539,460,460,460,190,0.4130,True,0.4130,False,False,2.2515
DeepDetect,hand,11k_Hands_impostor_496,0001034,0001539,11220,11904,21,10,0.4762,True,0.4762,False,False,1.5316
LoFTR_indoor,hand,11k_Hands_impostor_497,0001030,0001088,604,604,604,188,0.3113,False,0.3113,False,True,1.9976
ORB,hand,11k_Hands_impostor_497,0001030,0001088,334,314,14,0,,False,,False,True,
SIFT,hand,11k_Hands_impostor_497,0001030,0001088,110,121,4,0,,False,,False,True,
SuperGlue,hand,11k_Hands_impostor_497,0001030,0001088,221,275,78,26,0.3333,False,0.3333,False,True,2.5971
SGMNet_root_SGM,hand,11k_Hands_impostor_497,0001030,0001088,1358,1425,94,17,0.1809,False,0.1809,False,True,1.3833
ASpanFormer_indoor,hand,11k_Hands_impostor_497,0001030,0001088,453,453,453,131,0.2892,False,0.2892,False,True,2.7133
DeepDetect,hand,11k_Hands_impostor_497,0001030,0001088,12141,12828,139,92,0.6619,True,0.6619,False,False,1.8148
LoFTR_indoor,hand,11k_Hands_impostor_498,0000534,0000594,234,234,234,57,0.2436,False,0.2436,False,True,1.7475
ORB,hand,11k_Hands_impostor_498,0000534,0000594,419,279,14,0,,False,,False,True,
SIFT,hand,11k_Hands_impostor_498,0000534,0000594,100,119,0,0,,False,,False,True,
SuperGlue,hand,11k_Hands_impostor_498,0000534,0000594,200,225,1,0,,False,,False,True,
SGMNet_root_SGM,hand,11k_Hands_impostor_498,0000534,0000594,880,918,25,6,0.2400,False,0.2400,False,True,0.5504
ASpanFormer_indoor,hand,11k_Hands_impostor_498,0000534,0000594,75,75,75,36,0.4800,True,0.4800,False,False,1.8625
DeepDetect,hand,11k_Hands_impostor_498,0000534,0000594,12107,11722,21,11,0.5238,True,0.5238,False,False,1.8609
LoFTR_indoor,hand,11k_Hands_impostor_499,0000088,0000027,276,276,276,43,0.1558,False,0.1558,False,True,1.9131
ORB,hand,11k_Hands_impostor_499,0000088,0000027,256,230,8,0,,False,,False,True,
SIFT,hand,11k_Hands_impostor_499,0000088,0000027,149,62,4,0,,False,,False,True,
SuperGlue,hand,11k_Hands_impostor_499,0000088,0000027,248,203,1,0,,False,,False,True,
SGMNet_root_SGM,hand,11k_Hands_impostor_499,0000088,0000027,1652,1473,103,20,0.1942,False,0.1942,False,True,1.5361
ASpanFormer_indoor,hand,11k_Hands_impostor_499,0000088,0000027,146,146,146,33,0.2260,False,0.2260,False,True,2.3563
DeepDetect,hand,11k_Hands_impostor_499,0000088,0000027,15337,11776,64,0,,False,,False,True,
