matcher,modality,pair_id,identity1,identity2,num_keypoints_image1,num_keypoints_image2,num_matches,num_inliers,inlier_ratio,is_same_person_pred,confidence,ground_truth,is_correct,reprojection_error
loftr,finger,MMCBNU_6000_genuine_0,078,078,2,2,2,0,,False,,True,False,
orb,finger,MMCBNU_6000_genuine_0,078,078,0,0,0,0,,False,,True,False,
sift,finger,MMCBNU_6000_genuine_0,078,078,1,1,0,0,,False,,True,False,
superglue,finger,MMCBNU_6000_genuine_0,078,078,167,140,4,4,1.0000,True,0.9165,True,True,0.0000
sgmnet,finger,MMCBNU_6000_genuine_0,078,078,382,381,111,15,0.1351,False,0.1346,True,False,1.4527
aspanformer,finger,MMCBNU_6000_genuine_0,078,078,4,4,4,0,,False,,True,False,
deepdetect,finger,MMCBNU_6000_genuine_0,078,078,181,284,2,0,,False,,True,False,
loftr,finger,MMCBNU_6000_genuine_1,014,014,16,16,16,12,0.7500,True,0.7429,True,True,1.4265
orb,finger,MMCBNU_6000_genuine_1,014,014,0,0,0,0,,False,,True,False,
sift,finger,MMCBNU_6000_genuine_1,014,014,0,0,0,0,,False,,True,False,
superglue,finger,MMCBNU_6000_genuine_1,014,014,210,100,0,0,,False,,True,False,
sgmnet,finger,MMCBNU_6000_genuine_1,014,014,522,346,107,16,0.1495,False,0.1491,True,False,1.3486
aspanformer,finger,MMCBNU_6000_genuine_1,014,014,2,2,0,0,,False,,True,False,
deepdetect,finger,MMCBNU_6000_genuine_1,014,014,2233,1161,0,0,,False,,True,False,
loftr,finger,MMCBNU_6000_genuine_2,004,004,46,46,46,40,0.8696,True,0.8696,True,True,0.7940
orb,finger,MMCBNU_6000_genuine_2,004,004,0,0,0,0,,False,,True,False,
sift,finger,MMCBNU_6000_genuine_2,004,004,1,1,0,0,,False,,True,False,
superglue,finger,MMCBNU_6000_genuine_2,004,004,139,121,5,4,0.8000,True,0.7332,True,True,0.0000
sgmnet,finger,MMCBNU_6000_genuine_2,004,004,359,356,146,20,0.1370,False,0.1369,True,False,1.3497
aspanformer,finger,MMCBNU_6000_genuine_2,004,004,26,26,26,25,0.9615,True,0.9614,True,True,0.2861
deepdetect,finger,MMCBNU_6000_genuine_2,004,004,125,272,12,0,,False,,True,False,
loftr,finger,MMCBNU_6000_genuine_3,090,090,40,40,40,27,0.6750,True,0.6750,True,True,1.0704
orb,finger,MMCBNU_6000_genuine_3,090,090,0,0,0,0,,False,,True,False,
sift,finger,MMCBNU_6000_genuine_3,090,090,1,0,0,0,,False,,True,False,
superglue,finger,MMCBNU_6000_genuine_3,090,090,313,227,3,0,,False,,True,False,
sgmnet,finger,MMCBNU_6000_genuine_3,090,090,539,501,149,15,0.1007,False,0.0998,True,False,1.6030
aspanformer,finger,MMCBNU_6000_genuine_3,090,090,154,154,154,154,1.0000,True,1.0000,True,True,0.2381
deepdetect,finger,MMCBNU_6000_genuine_3,090,090,1903,787,42,38,0.9048,True,0.9048,True,True,2.0776
loftr,finger,MMCBNU_6000_genuine_4,034,034,21,21,21,18,0.8571,True,0.8560,True,True,1.0138
orb,finger,MMCBNU_6000_genuine_4,034,034,0,0,0,0,,False,,True,False,
sift,finger,MMCBNU_6000_genuine_4,034,034,1,2,0,0,,False,,True,False,
superglue,finger,MMCBNU_6000_genuine_4,034,034,91,93,10,5,0.5000,True,0.4661,True,True,1.2913
sgmnet,finger,MMCBNU_6000_genuine_4,034,034,284,250,100,13,0.1300,False,0.1291,True,False,1.3444
aspanformer,finger,MMCBNU_6000_genuine_4,034,034,20,20,20,16,0.8000,True,0.7979,True,True,0.3285
deepdetect,finger,MMCBNU_6000_genuine_4,034,034,750,1277,0,0,,False,,True,False,
loftr,finger,MMCBNU_6000_genuine_5,030,030,77,77,77,52,0.6753,True,0.6753,True,True,1.1721
orb,finger,MMCBNU_6000_genuine_5,030,030,0,0,0,0,,False,,True,False,
sift,finger,MMCBNU_6000_genuine_5,030,030,1,1,0,0,,False,,True,False,
superglue,finger,MMCBNU_6000_genuine_5,030,030,305,131,0,0,,False,,True,False,
sgmnet,finger,MMCBNU_6000_genuine_5,030,030,674,331,52,14,0.2692,False,0.2679,True,False,1.4913
aspanformer,finger,MMCBNU_6000_genuine_5,030,030,181,181,181,178,0.9834,True,0.9834,True,True,0.5583
deepdetect,finger,MMCBNU_6000_genuine_5,030,030,785,1676,0,0,,False,,True,False,
loftr,finger,MMCBNU_6000_genuine_6,028,028,338,338,338,290,0.8580,True,0.8580,True,True,0.6331
orb,finger,MMCBNU_6000_genuine_6,028,028,0,0,0,0,,False,,True,False,
sift,finger,MMCBNU_6000_genuine_6,028,028,2,4,1,0,,False,,True,False,
superglue,finger,MMCBNU_6000_genuine_6,028,028,298,333,2,0,,False,,True,False,
sgmnet,finger,MMCBNU_6000_genuine_6,028,028,434,370,123,18,0.1463,False,0.1461,True,False,1.2183
aspanformer,finger,MMCBNU_6000_genuine_6,028,028,294,294,294,247,0.8401,True,0.8401,True,True,0.9892
deepdetect,finger,MMCBNU_6000_genuine_6,028,028,2225,2083,22,20,0.9091,True,0.9091,True,True,1.0186
loftr,finger,MMCBNU_6000_genuine_7,017,017,98,98,98,61,0.6224,True,0.6124,True,True,1.8266
orb,finger,MMCBNU_6000_genuine_7,017,017,0,0,0,0,,False,,True,False,
sift,finger,MMCBNU_6000_genuine_7,017,017,3,1,0,0,,False,,True,False,
superglue,finger,MMCBNU_6000_genuine_7,017,017,88,81,8,5,0.6250,True,0.5826,True,True,1.4131
sgmnet,finger,MMCBNU_6000_genuine_7,017,017,224,215,75,16,0.2133,False,0.2086,True,False,1.8935
aspanformer,finger,MMCBNU_6000_genuine_7,017,017,122,122,122,105,0.8607,True,0.8607,True,True,0.2075
deepdetect,finger,MMCBNU_6000_genuine_7,017,017,1871,1814,5,0,,False,,True,False,
loftr,finger,MMCBNU_6000_genuine_8,090,090,23,23,23,15,0.6522,True,0.6498,True,True,1.4381
orb,finger,MMCBNU_6000_genuine_8,090,090,0,0,0,0,,False,,True,False,
sift,finger,MMCBNU_6000_genuine_8,090,090,3,2,1,0,,False,,True,False,
superglue,finger,MMCBNU_6000_genuine_8,090,090,111,270,0,0,,False,,True,False,
sgmnet,finger,MMCBNU_6000_genuine_8,090,090,158,314,29,11,0.3793,False,0.3744,True,False,1.3921
aspanformer,finger,MMCBNU_6000_genuine_8,090,090,2,2,2,0,,False,,True,False,
deepdetect,finger,MMCBNU_6000_genuine_8,090,090,1999,2005,7,0,,False,,True,False,
loftr,finger,MMCBNU_6000_genuine_9,013,013,63,63,63,55,0.8730,True,0.8730,True,True,1.0054
orb,finger,MMCBNU_6000_genuine_9,013,013,0,0,0,0,,False,,True,False,
sift,finger,MMCBNU_6000_genuine_9,013,013,0,0,0,0,,False,,True,False,
superglue,finger,MMCBNU_6000_genuine_9,013,013,147,64,0,0,,False,,True,False,
sgmnet,finger,MMCBNU_6000_genuine_9,013,013,590,321,18,7,0.3889,False,0.3727,True,False,0.9108
aspanformer,finger,MMCBNU_6000_genuine_9,013,013,63,63,0,0,,False,,True,False,
deepdetect,finger,MMCBNU_6000_genuine_9,013,013,20,37,0,0,,False,,True,False,
loftr,finger,MMCBNU_6000_genuine_10,083,083,511,511,0,0,,False,,True,False,
orb,finger,MMCBNU_6000_genuine_10,083,083,0,0,0,0,,False,,True,False,
sift,finger,MMCBNU_6000_genuine_10,083,083,2,0,0,0,,False,,True,False,
superglue,finger,MMCBNU_6000_genuine_10,083,083,229,203,0,0,,False,,True,False,
sgmnet,finger,MMCBNU_6000_genuine_10,083,083,481,660,56,11,0.1964,False,0.1939,True,False,1.2578
aspanformer,finger,MMCBNU_6000_genuine_10,083,083,2,2,2,0,,False,,True,False,
deepdetect,finger,MMCBNU_6000_genuine_10,083,083,2259,695,55,35,0.6364,True,0.6364,True,True,2.7930
loftr,finger,MMCBNU_6000_genuine_11,090,090,53,53,53,39,0.7358,True,0.7358,True,True,0.8249
orb,finger,MMCBNU_6000_genuine_11,090,090,0,0,0,0,,False,,True,False,
sift,finger,MMCBNU_6000_genuine_11,090,090,2,1,0,0,,False,,True,False,
superglue,finger,MMCBNU_6000_genuine_11,090,090,282,313,0,0,,False,,True,False,
sgmnet,finger,MMCBNU_6000_genuine_11,090,090,475,539,152,16,0.1053,False,0.1050,True,False,1.3913
aspanformer,finger,MMCBNU_6000_genuine_11,090,090,2,2,2,0,,False,,True,False,
deepdetect,finger,MMCBNU_6000_genuine_11,090,090,3076,1903,25,0,,False,,True,False,
loftr,finger,MMCBNU_6000_genuine_12,067,067,13,13,13,10,0.7692,True,0.7556,True,True,0.9698
orb,finger,MMCBNU_6000_genuine_12,067,067,0,0,0,0,,False,,True,False,
sift,finger,MMCBNU_6000_genuine_12,067,067,0,0,0,0,,False,,True,False,
superglue,finger,MMCBNU_6000_genuine_12,067,067,401,194,0,0,,False,,True,False,
sgmnet,finger,MMCBNU_6000_genuine_12,067,067,1027,668,94,14,0.1489,False,0.1482,True,False,1.3192
aspanformer,finger,MMCBNU_6000_genuine_12,067,067,1,1,1,0,,False,,True,False,
deepdetect,finger,MMCBNU_6000_genuine_12,067,067,403,379,0,0,,False,,True,False,
loftr,finger,MMCBNU_6000_genuine_13,011,011,457,457,0,0,,False,,True,False,
orb,finger,MMCBNU_6000_genuine_13,011,011,0,0,0,0,,False,,True,False,
sift,finger,MMCBNU_6000_genuine_13,011,011,1,1,0,0,,False,,True,False,
superglue,finger,MMCBNU_6000_genuine_13,011,011,160,98,1,0,,False,,True,False,
sgmnet,finger,MMCBNU_6000_genuine_13,011,011,641,415,64,11,0.1719,False,0.1696,True,False,1.2205
aspanformer,finger,MMCBNU_6000_genuine_13,011,011,3,3,3,0,,False,,True,False,
deepdetect,finger,MMCBNU_6000_genuine_13,011,011,0,0,0,0,,False,,True,False,
loftr,finger,MMCBNU_6000_genuine_14,072,072,1,1,1,0,,False,,True,False,
orb,finger,MMCBNU_6000_genuine_14,072,072,0,0,0,0,,False,,True,False,
sift,finger,MMCBNU_6000_genuine_14,072,072,1,1,0,0,,False,,True,False,
superglue,finger,MMCBNU_6000_genuine_14,072,072,267,255,0,0,,False,,True,False,
sgmnet,finger,MMCBNU_6000_genuine_14,072,072,771,726,271,30,0.1107,False,0.1100,True,False,1.6347
aspanformer,finger,MMCBNU_6000_genuine_14,072,072,7,7,7,0,,False,,True,False,
deepdetect,finger,MMCBNU_6000_genuine_14,072,072,460,573,1,0,,False,,True,False,
loftr,finger,MMCBNU_6000_genuine_15,052,052,32,32,32,30,0.9375,True,0.9375,True,True,0.1391
orb,finger,MMCBNU_6000_genuine_15,052,052,0,0,0,0,,False,,True,False,
sift,finger,MMCBNU_6000_genuine_15,052,052,0,0,0,0,,False,,True,False,
superglue,finger,MMCBNU_6000_genuine_15,052,052,94,112,3,0,,False,,True,False,
sgmnet,finger,MMCBNU_6000_genuine_15,052,052,303,268,87,15,0.1724,False,0.1718,True,False,1.4006
aspanformer,finger,MMCBNU_6000_genuine_15,052,052,26,26,26,25,0.9615,True,0.9614,True,True,0.1477
deepdetect,finger,MMCBNU_6000_genuine_15,052,052,577,577,11,0,,False,,True,False,
loftr,finger,MMCBNU_6000_genuine_16,004,004,20,20,20,12,0.6000,True,0.5930,True,True,1.5456
orb,finger,MMCBNU_6000_genuine_16,004,004,0,0,0,0,,False,,True,False,
sift,finger,MMCBNU_6000_genuine_16,004,004,0,0,0,0,,False,,True,False,
superglue,finger,MMCBNU_6000_genuine_16,004,004,117,88,6,4,0.6667,True,0.6110,True,True,0.0000
sgmnet,finger,MMCBNU_6000_genuine_16,004,004,295,378,65,7,0.1077,False,0.1032,True,False,0.4737
aspanformer,finger,MMCBNU_6000_genuine_16,004,004,14,14,14,14,1.0000,True,0.9950,True,True,0.2006
deepdetect,finger,MMCBNU_6000_genuine_16,004,004,768,650,4,0,,False,,True,False,
loftr,finger,MMCBNU_6000_genuine_17,004,004,5,5,5,5,1.0000,True,0.9322,True,True,0.2536
orb,finger,MMCBNU_6000_genuine_17,004,004,0,0,0,0,,False,,True,False,
sift,finger,MMCBNU_6000_genuine_17,004,004,3,3,3,0,,False,,True,False,
superglue,finger,MMCBNU_6000_genuine_17,004,004,299,301,1,0,,False,,True,False,
sgmnet,finger,MMCBNU_6000_genuine_17,004,004,628,610,174,16,0.0920,False,0.0917,True,False,1.1316
aspanformer,finger,MMCBNU_6000_genuine_17,004,004,70,70,70,68,0.9714,True,0.9714,True,True,0.1871
deepdetect,finger,MMCBNU_6000_genuine_17,004,004,927,867,9,8,0.8889,True,0.8889,True,True,2.9176
loftr,finger,MMCBNU_6000_genuine_18,012,012,8,8,8,7,0.8750,True,0.8385,True,True,0.5188
orb,finger,MMCBNU_6000_genuine_18,012,012,0,0,0,0,,False,,True,False,
sift,finger,MMCBNU_6000_genuine_18,012,012,0,0,0,0,,False,,True,False,
superglue,finger,MMCBNU_6000_genuine_18,012,012,77,72,10,5,0.5000,True,0.4661,True,True,0.9487
sgmnet,finger,MMCBNU_6000_genuine_18,012,012,405,405,127,21,0.1654,False,0.1653,True,False,1.4130
aspanformer,finger,MMCBNU_6000_genuine_18,012,012,6,6,6,0,,False,,True,False,
deepdetect,finger,MMCBNU_6000_genuine_18,012,012,150,313,10,0,,False,,True,False,
loftr,finger,MMCBNU_6000_genuine_19,027,027,7,7,7,5,0.7143,True,0.6658,True,True,0.9571
orb,finger,MMCBNU_6000_genuine_19,027,027,0,0,0,0,,False,,True,False,
sift,finger,MMCBNU_6000_genuine_19,027,027,0,0,0,0,,False,,True,False,
superglue,finger,MMCBNU_6000_genuine_19,027,027,343,358,0,0,,False,,True,False,
sgmnet,finger,MMCBNU_6000_genuine_19,027,027,831,860,268,38,0.1418,False,0.1407,True,False,1.6521
aspanformer,finger,MMCBNU_6000_genuine_19,027,027,0,0,0,0,,False,,True,False,
deepdetect,finger,MMCBNU_6000_genuine_19,027,027,20,13,0,0,,False,,True,False,
loftr,finger,MMCBNU_6000_genuine_20,029,029,12,12,12,8,0.6667,True,0.6455,True,True,0.9418
orb,finger,MMCBNU_6000_genuine_20,029,029,0,0,0,0,,False,,True,False,
sift,finger,MMCBNU_6000_genuine_20,029,029,2,2,2,0,,False,,True,False,
superglue,finger,MMCBNU_6000_genuine_20,029,029,177,154,2,0,,False,,True,False,
sgmnet,finger,MMCBNU_6000_genuine_20,029,029,236,198,74,17,0.2297,False,0.2278,True,False,1.6314
aspanformer,finger,MMCBNU_6000_genuine_20,029,029,6,6,6,6,1.0000,True,0.9462,True,True,0.2785
deepdetect,finger,MMCBNU_6000_genuine_20,029,029,7826,7079,23,16,0.6957,True,0.6957,True,True,1.7364
loftr,finger,MMCBNU_6000_genuine_21,062,062,9,9,9,9,1.0000,True,0.9762,True,True,0.0888
orb,finger,MMCBNU_6000_genuine_21,062,062,0,0,0,0,,False,,True,False,
sift,finger,MMCBNU_6000_genuine_21,062,062,1,1,0,0,,False,,True,False,
superglue,finger,MMCBNU_6000_genuine_21,062,062,69,85,11,5,0.4545,False,0.4237,True,False,0.2868
sgmnet,finger,MMCBNU_6000_genuine_21,062,062,187,199,61,14,0.2295,False,0.2284,True,False,1.3180
aspanformer,finger,MMCBNU_6000_genuine_21,062,062,37,37,37,34,0.9189,True,0.9189,True,True,0.2673
deepdetect,finger,MMCBNU_6000_genuine_21,062,062,98,157,0,0,,False,,True,False,
loftr,finger,MMCBNU_6000_genuine_22,074,074,25,25,25,15,0.6000,True,0.5978,True,True,0.5185
orb,finger,MMCBNU_6000_genuine_22,074,074,0,0,0,0,,False,,True,False,
sift,finger,MMCBNU_6000_genuine_22,074,074,0,0,0,0,,False,,True,False,
superglue,finger,MMCBNU_6000_genuine_22,074,074,258,146,0,0,,False,,True,False,
sgmnet,finger,MMCBNU_6000_genuine_22,074,074,775,533,69,11,0.1594,False,0.1573,True,False,0.8815
aspanformer,finger,MMCBNU_6000_genuine_22,074,074,1,1,0,0,,False,,True,False,
deepdetect,finger,MMCBNU_6000_genuine_22,074,074,152,300,0,0,,False,,True,False,
loftr,finger,MMCBNU_6000_genuine_23,004,004,43,43,43,28,0.6512,True,0.6511,True,True,1.3799
orb,finger,MMCBNU_6000_genuine_23,004,004,0,0,0,0,,False,,True,False,
sift,finger,MMCBNU_6000_genuine_23,004,004,1,1,0,0,,False,,True,False,
superglue,finger,MMCBNU_6000_genuine_23,004,004,338,375,0,0,,False,,True,False,
sgmnet,finger,MMCBNU_6000_genuine_23,004,004,735,669,226,18,0.0796,False,0.0795,True,False,1.2470
aspanformer,finger,MMCBNU_6000_genuine_23,004,004,16,16,16,15,0.9375,True,0.9341,True,True,0.1178
deepdetect,finger,MMCBNU_6000_genuine_23,004,004,232,462,0,0,,False,,True,False,
loftr,finger,MMCBNU_6000_genuine_24,069,069,7,7,7,5,0.7143,True,0.6658,True,True,0.9070
orb,finger,MMCBNU_6000_genuine_24,069,069,0,0,0,0,,False,,True,False,
sift,finger,MMCBNU_6000_genuine_24,069,069,0,0,0,0,,False,,True,False,
superglue,finger,MMCBNU_6000_genuine_24,069,069,121,140,5,4,0.8000,True,0.7332,True,True,0.0000
sgmnet,finger,MMCBNU_6000_genuine_24,069,069,508,482,191,24,0.1257,False,0.1245,True,False,1.6803
aspanformer,finger,MMCBNU_6000_genuine_24,069,069,12,12,12,10,0.8333,True,0.8186,True,True,0.6507
deepdetect,finger,MMCBNU_6000_genuine_24,069,069,38,2,0,0,,False,,True,False,
loftr,finger,MMCBNU_6000_genuine_25,025,025,11,11,11,9,0.8182,True,0.7987,True,True,1.1453
orb,finger,MMCBNU_6000_genuine_25,025,025,0,0,0,0,,False,,True,False,
sift,finger,MMCBNU_6000_genuine_25,025,025,3,2,3,0,,False,,True,False,
superglue,finger,MMCBNU_6000_genuine_25,025,025,141,143,0,0,,False,,True,False,
sgmnet,finger,MMCBNU_6000_genuine_25,025,025,404,403,99,10,0.1010,False,0.0992,True,False,0.9247
aspanformer,finger,MMCBNU_6000_genuine_25,025,025,92,92,92,82,0.8913,True,0.8913,True,True,0.1820
deepdetect,finger,MMCBNU_6000_genuine_25,025,025,2002,1333,0,0,,False,,True,False,
loftr,finger,MMCBNU_6000_genuine_26,087,087,10,10,10,9,0.9000,True,0.8785,True,True,0.8861
orb,finger,MMCBNU_6000_genuine_26,087,087,0,0,0,0,,False,,True,False,
sift,finger,MMCBNU_6000_genuine_26,087,087,0,0,0,0,,False,,True,False,
superglue,finger,MMCBNU_6000_genuine_26,087,087,207,195,1,0,,False,,True,False,
sgmnet,finger,MMCBNU_6000_genuine_26,087,087,545,488,194,33,0.1701,False,0.1696,True,False,1.5580
aspanformer,finger,MMCBNU_6000_genuine_26,087,087,86,86,86,86,1.0000,True,1.0000,True,True,0.1718
deepdetect,finger,MMCBNU_6000_genuine_26,087,087,355,311,10,9,0.9000,True,0.9000,True,True,0.2193
loftr,finger,MMCBNU_6000_genuine_27,079,079,42,42,42,29,0.6905,True,0.6905,True,True,0.6385
orb,finger,MMCBNU_6000_genuine_27,079,079,0,0,0,0,,False,,True,False,
sift,finger,MMCBNU_6000_genuine_27,079,079,0,1,0,0,,False,,True,False,
superglue,finger,MMCBNU_6000_genuine_27,079,079,168,153,3,0,,False,,True,False,
sgmnet,finger,MMCBNU_6000_genuine_27,079,079,570,546,154,17,0.1104,False,0.1102,True,False,1.4808
aspanformer,finger,MMCBNU_6000_genuine_27,079,079,161,161,161,159,0.9876,True,0.9876,True,True,0.1988
deepdetect,finger,MMCBNU_6000_genuine_27,079,079,564,418,1,0,,False,,True,False,
loftr,finger,MMCBNU_6000_genuine_28,086,086,49,49,49,45,0.9184,True,0.9184,True,True,0.1524
orb,finger,MMCBNU_6000_genuine_28,086,086,0,0,0,0,,False,,True,False,
sift,finger,MMCBNU_6000_genuine_28,086,086,1,1,0,0,,False,,True,False,
superglue,finger,MMCBNU_6000_genuine_28,086,086,268,347,1,0,,False,,True,False,
sgmnet,finger,MMCBNU_6000_genuine_28,086,086,497,530,182,25,0.1374,False,0.1364,True,False,1.6312
aspanformer,finger,MMCBNU_6000_genuine_28,086,086,690,690,690,690,1.0000,True,1.0000,True,True,0.2653
deepdetect,finger,MMCBNU_6000_genuine_28,086,086,1839,2342,8,8,1.0000,True,1.0000,True,True,0.5444
loftr,finger,MMCBNU_6000_genuine_29,067,067,20,20,20,14,0.7000,True,0.6965,True,True,1.4232
orb,finger,MMCBNU_6000_genuine_29,067,067,0,0,0,0,,False,,True,False,
sift,finger,MMCBNU_6000_genuine_29,067,067,0,1,0,0,,False,,True,False,
superglue,finger,MMCBNU_6000_genuine_29,067,067,148,165,3,0,,False,,True,False,
sgmnet,finger,MMCBNU_6000_genuine_29,067,067,635,613,263,26,0.0989,False,0.0989,True,False,1.4495
aspanformer,finger,MMCBNU_6000_genuine_29,067,067,4,4,4,0,,False,,True,False,
deepdetect,finger,MMCBNU_6000_genuine_29,067,067,798,1199,3,0,,False,,True,False,
loftr,finger,MMCBNU_6000_genuine_30,051,051,81,81,81,65,0.8025,True,0.8025,True,True,1.2160
orb,finger,MMCBNU_6000_genuine_30,051,051,0,0,0,0,,False,,True,False,
sift,finger,MMCBNU_6000_genuine_30,051,051,0,0,0,0,,False,,True,False,
superglue,finger,MMCBNU_6000_genuine_30,051,051,170,85,2,0,,False,,True,False,
sgmnet,finger,MMCBNU_6000_genuine_30,051,051,530,268,70,19,0.2714,False,0.2712,True,False,1.4737
aspanformer,finger,MMCBNU_6000_genuine_30,051,051,221,221,221,203,0.9186,True,0.9186,True,True,0.2315
deepdetect,finger,MMCBNU_6000_genuine_30,051,051,107,202,0,0,,False,,True,False,
loftr,finger,MMCBNU_6000_genuine_31,027,027,22,22,22,13,0.5909,True,0.5819,True,True,1.6676
orb,finger,MMCBNU_6000_genuine_31,027,027,0,0,0,0,,False,,True,False,
sift,finger,MMCBNU_6000_genuine_31,027,027,0,0,0,0,,False,,True,False,
superglue,finger,MMCBNU_6000_genuine_31,027,027,147,142,5,4,0.8000,True,0.7332,True,True,0.0000
sgmnet,finger,MMCBNU_6000_genuine_31,027,027,281,304,92,18,0.1957,False,0.1954,True,False,1.4311
aspanformer,finger,MMCBNU_6000_genuine_31,027,027,26,26,26,26,1.0000,True,0.9999,True,True,0.1419
deepdetect,finger,MMCBNU_6000_genuine_31,027,027,2746,1963,17,0,,False,,True,False,
loftr,finger,MMCBNU_6000_genuine_32,055,055,39,39,39,33,0.8462,True,0.8461,True,True,0.8829
orb,finger,MMCBNU_6000_genuine_32,055,055,0,0,0,0,,False,,True,False,
sift,finger,MMCBNU_6000_genuine_32,055,055,0,1,0,0,,False,,True,False,
superglue,finger,MMCBNU_6000_genuine_32,055,055,87,88,7,4,0.5714,True,0.5237,True,True,0.0000
sgmnet,finger,MMCBNU_6000_genuine_32,055,055,326,363,138,25,0.1812,False,0.1791,True,False,1.7297
aspanformer,finger,MMCBNU_6000_genuine_32,055,055,14,14,14,0,,False,,True,False,
deepdetect,finger,MMCBNU_6000_genuine_32,055,055,1,0,0,0,,False,,True,False,
loftr,finger,MMCBNU_6000_genuine_33,072,072,7,7,7,4,0.5714,True,0.5237,True,True,0.0000
orb,finger,MMCBNU_6000_genuine_33,072,072,0,0,0,0,,False,,True,False,
sift,finger,MMCBNU_6000_genuine_33,072,072,0,1,0,0,,False,,True,False,
superglue,finger,MMCBNU_6000_genuine_33,072,072,476,476,0,0,,False,,True,False,
sgmnet,finger,MMCBNU_6000_genuine_33,072,072,1215,1171,239,23,0.0962,False,0.0961,True,False,1.5154
aspanformer,finger,MMCBNU_6000_genuine_33,072,072,2,2,2,0,,False,,True,False,
deepdetect,finger,MMCBNU_6000_genuine_33,072,072,441,638,1,0,,False,,True,False,
loftr,finger,MMCBNU_6000_genuine_34,034,034,23,23,23,22,0.9565,True,0.9562,True,True,0.1004
orb,finger,MMCBNU_6000_genuine_34,034,034,0,0,0,0,,False,,True,False,
sift,finger,MMCBNU_6000_genuine_34,034,034,2,4,1,0,,False,,True,False,
superglue,finger,MMCBNU_6000_genuine_34,034,034,96,100,14,6,0.4286,False,0.4055,True,False,1.0264
sgmnet,finger,MMCBNU_6000_genuine_34,034,034,273,304,92,18,0.1957,False,0.1954,True,False,1.3331
aspanformer,finger,MMCBNU_6000_genuine_34,034,034,709,709,709,708,0.9986,True,0.9986,True,True,0.2046
deepdetect,finger,MMCBNU_6000_genuine_34,034,034,888,710,22,22,1.0000,True,1.0000,True,True,0.8493
loftr,finger,MMCBNU_6000_genuine_35,099,099,34,34,34,29,0.8529,True,0.8529,True,True,1.1643
orb,finger,MMCBNU_6000_genuine_35,099,099,0,0,0,0,,False,,True,False,
sift,finger,MMCBNU_6000_genuine_35,099,099,2,1,0,0,,False,,True,False,
superglue,finger,MMCBNU_6000_genuine_35,099,099,136,256,0,0,,False,,True,False,
sgmnet,finger,MMCBNU_6000_genuine_35,099,099,378,613,88,16,0.1818,False,0.1813,True,False,1.3982
aspanformer,finger,MMCBNU_6000_genuine_35,099,099,38,38,38,36,0.9474,True,0.9474,True,True,0.1369
deepdetect,finger,MMCBNU_6000_genuine_35,099,099,0,10,0,0,,False,,True,False,
loftr,finger,MMCBNU_6000_genuine_36,001,001,14,14,14,12,0.8571,True,0.8490,True,True,0.6369
orb,finger,MMCBNU_6000_genuine_36,001,001,0,0,0,0,,False,,True,False,
sift,finger,MMCBNU_6000_genuine_36,001,001,0,0,0,0,,False,,True,False,
superglue,finger,MMCBNU_6000_genuine_36,001,001,125,128,9,5,0.5556,True,0.5179,True,True,0.5277
sgmnet,finger,MMCBNU_6000_genuine_36,001,001,541,495,169,22,0.1302,False,0.1295,True,False,1.5995
aspanformer,finger,MMCBNU_6000_genuine_36,001,001,3,3,3,0,,False,,True,False,
deepdetect,finger,MMCBNU_6000_genuine_36,001,001,1,0,0,0,,False,,True,False,
loftr,finger,MMCBNU_6000_genuine_37,093,093,17,17,17,16,0.9412,True,0.9387,True,True,0.7064
orb,finger,MMCBNU_6000_genuine_37,093,093,0,0,0,0,,False,,True,False,
sift,finger,MMCBNU_6000_genuine_37,093,093,0,1,0,0,,False,,True,False,
superglue,finger,MMCBNU_6000_genuine_37,093,093,337,272,0,0,,False,,True,False,
sgmnet,finger,MMCBNU_6000_genuine_37,093,093,497,486,191,20,0.1047,False,0.1046,True,False,1.5002
aspanformer,finger,MMCBNU_6000_genuine_37,093,093,1,1,1,0,,False,,True,False,
deepdetect,finger,MMCBNU_6000_genuine_37,093,093,1275,1348,3,0,,False,,True,False,
loftr,finger,MMCBNU_6000_genuine_38,098,098,44,44,44,32,0.7273,True,0.7273,True,True,1.1699
orb,finger,MMCBNU_6000_genuine_38,098,098,0,0,0,0,,False,,True,False,
sift,finger,MMCBNU_6000_genuine_38,098,098,2,0,0,0,,False,,True,False,
superglue,finger,MMCBNU_6000_genuine_38,098,098,99,142,3,0,,False,,True,False,
sgmnet,finger,MMCBNU_6000_genuine_38,098,098,283,292,85,16,0.1882,False,0.1877,True,False,1.4924
aspanformer,finger,MMCBNU_6000_genuine_38,098,098,2,2,2,0,,False,,True,False,
deepdetect,finger,MMCBNU_6000_genuine_38,098,098,843,1391,1,0,,False,,True,False,
loftr,finger,MMCBNU_6000_genuine_39,020,020,42,42,42,36,0.8571,True,0.8571,True,True,0.1415
orb,finger,MMCBNU_6000_genuine_39,020,020,0,0,0,0,,False,,True,False,
sift,finger,MMCBNU_6000_genuine_39,020,020,2,0,0,0,,False,,True,False,
superglue,finger,MMCBNU_6000_genuine_39,020,020,384,427,0,0,,False,,True,False,
sgmnet,finger,MMCBNU_6000_genuine_39,020,020,625,535,93,10,0.1075,False,0.1056,True,False,1.3948
aspanformer,finger,MMCBNU_6000_genuine_39,020,020,37,37,37,35,0.9459,True,0.9459,True,True,0.1758
deepdetect,finger,MMCBNU_6000_genuine_39,020,020,1157,2026,6,0,,False,,True,False,
loftr,finger,MMCBNU_6000_genuine_40,085,085,80,80,80,77,0.9625,True,0.9625,True,True,0.6337
orb,finger,MMCBNU_6000_genuine_40,085,085,0,0,0,0,,False,,True,False,
sift,finger,MMCBNU_6000_genuine_40,085,085,1,1,0,0,,False,,True,False,
superglue,finger,MMCBNU_6000_genuine_40,085,085,89,85,19,6,0.3158,False,0.2988,True,False,1.4844
sgmnet,finger,MMCBNU_6000_genuine_40,085,085,385,441,139,28,0.2014,False,0.1999,True,False,1.6559
aspanformer,finger,MMCBNU_6000_genuine_40,085,085,82,82,82,82,1.0000,True,1.0000,True,True,0.1939
deepdetect,finger,MMCBNU_6000_genuine_40,085,085,144,24,0,0,,False,,True,False,
loftr,finger,MMCBNU_6000_genuine_41,052,052,36,36,36,33,0.9167,True,0.9167,True,True,0.6706
orb,finger,MMCBNU_6000_genuine_41,052,052,0,0,0,0,,False,,True,False,
sift,finger,MMCBNU_6000_genuine_41,052,052,0,0,0,0,,False,,True,False,
superglue,finger,MMCBNU_6000_genuine_41,052,052,97,115,13,5,0.3846,False,0.3585,True,False,0.2445
sgmnet,finger,MMCBNU_6000_genuine_41,052,052,264,256,82,14,0.1707,False,0.1699,True,False,1.2485
aspanformer,finger,MMCBNU_6000_genuine_41,052,052,700,700,700,684,0.9771,True,0.9771,True,True,0.2349
deepdetect,finger,MMCBNU_6000_genuine_41,052,052,469,408,9,0,,False,,True,False,
loftr,finger,MMCBNU_6000_genuine_42,042,042,66,66,66,47,0.7121,True,0.7121,True,True,1.2529
orb,finger,MMCBNU_6000_genuine_42,042,042,0,0,0,0,,False,,True,False,
sift,finger,MMCBNU_6000_genuine_42,042,042,0,0,0,0,,False,,True,False,
superglue,finger,MMCBNU_6000_genuine_42,042,042,302,245,0,0,,False,,True,False,
sgmnet,finger,MMCBNU_6000_genuine_42,042,042,567,533,138,19,0.1377,False,0.1373,True,False,1.5413
aspanformer,finger,MMCBNU_6000_genuine_42,042,042,21,21,21,21,1.0000,True,0.9995,True,True,0.3916
deepdetect,finger,MMCBNU_6000_genuine_42,042,042,1741,1384,6,0,,False,,True,False,
loftr,finger,MMCBNU_6000_genuine_43,034,034,13,13,13,11,0.8462,True,0.8352,True,True,0.1323
orb,finger,MMCBNU_6000_genuine_43,034,034,0,0,0,0,,False,,True,False,
sift,finger,MMCBNU_6000_genuine_43,034,034,2,2,0,0,,False,,True,False,
superglue,finger,MMCBNU_6000_genuine_43,034,034,89,69,3,0,,False,,True,False,
sgmnet,finger,MMCBNU_6000_genuine_43,034,034,290,271,53,8,0.1509,False,0.1461,True,False,0.6822
aspanformer,finger,MMCBNU_6000_genuine_43,034,034,3,3,3,0,,False,,True,False,
deepdetect,finger,MMCBNU_6000_genuine_43,034,034,1791,868,20,15,0.7500,True,0.7500,True,True,0.8971
loftr,finger,MMCBNU_6000_genuine_44,019,019,111,111,111,75,0.6757,True,0.6592,True,True,1.9931
orb,finger,MMCBNU_6000_genuine_44,019,019,0,0,0,0,,False,,True,False,
sift,finger,MMCBNU_6000_genuine_44,019,019,1,2,0,0,,False,,True,False,
superglue,finger,MMCBNU_6000_genuine_44,019,019,484,497,1,0,,False,,True,False,
sgmnet,finger,MMCBNU_6000_genuine_44,019,019,521,550,166,18,0.1084,False,0.1074,True,False,1.6610
aspanformer,finger,MMCBNU_6000_genuine_44,019,019,743,743,743,701,0.9435,True,0.9435,True,True,1.3089
deepdetect,finger,MMCBNU_6000_genuine_44,019,019,8126,6828,22,13,0.5909,True,0.5909,True,True,1.2534
loftr,finger,MMCBNU_6000_genuine_45,027,027,41,41,41,30,0.7317,True,0.7317,True,True,0.8070
orb,finger,MMCBNU_6000_genuine_45,027,027,0,0,0,0,,False,,True,False,
sift,finger,MMCBNU_6000_genuine_45,027,027,0,0,0,0,,False,,True,False,
superglue,finger,MMCBNU_6000_genuine_45,027,027,194,175,0,0,,False,,True,False,
sgmnet,finger,MMCBNU_6000_genuine_45,027,027,428,457,143,31,0.2168,False,0.2168,True,False,1.3219
aspanformer,finger,MMCBNU_6000_genuine_45,027,027,3,3,3,0,,False,,True,False,
deepdetect,finger,MMCBNU_6000_genuine_45,027,027,3,3,0,0,,False,,True,False,
loftr,finger,MMCBNU_6000_genuine_46,093,093,4,4,4,4,1.0000,True,0.9165,True,True,0.0000
orb,finger,MMCBNU_6000_genuine_46,093,093,0,0,0,0,,False,,True,False,
sift,finger,MMCBNU_6000_genuine_46,093,093,1,0,0,0,,False,,True,False,
superglue,finger,MMCBNU_6000_genuine_46,093,093,139,145,6,0,,False,,True,False,
sgmnet,finger,MMCBNU_6000_genuine_46,093,093,458,380,100,12,0.1200,False,0.1189,True,False,1.1314
aspanformer,finger,MMCBNU_6000_genuine_46,093,093,4,4,4,0,,False,,True,False,
deepdetect,finger,MMCBNU_6000_genuine_46,093,093,93,386,1,0,,False,,True,False,
loftr,finger,MMCBNU_6000_genuine_47,041,041,39,39,39,36,0.9231,True,0.9231,True,True,0.9886
orb,finger,MMCBNU_6000_genuine_47,041,041,0,0,0,0,,False,,True,False,
sift,finger,MMCBNU_6000_genuine_47,041,041,0,0,0,0,,False,,True,False,
superglue,finger,MMCBNU_6000_genuine_47,041,041,217,180,0,0,,False,,True,False,
sgmnet,finger,MMCBNU_6000_genuine_47,041,041,781,617,134,19,0.1418,False,0.1417,True,False,1.4134
aspanformer,finger,MMCBNU_6000_genuine_47,041,041,388,388,388,335,0.8634,True,0.8634,True,True,1.4550
deepdetect,finger,MMCBNU_6000_genuine_47,041,041,922,357,130,0,,False,,True,False,
loftr,finger,MMCBNU_6000_genuine_48,013,013,9,9,9,9,1.0000,True,0.9762,True,True,0.9130
orb,finger,MMCBNU_6000_genuine_48,013,013,0,0,0,0,,False,,True,False,
sift,finger,MMCBNU_6000_genuine_48,013,013,0,0,0,0,,False,,True,False,
superglue,finger,MMCBNU_6000_genuine_48,013,013,53,43,6,4,0.6667,True,0.6110,True,True,0.0000
sgmnet,finger,MMCBNU_6000_genuine_48,013,013,302,297,88,20,0.2273,False,0.2258,True,False,1.6158
aspanformer,finger,MMCBNU_6000_genuine_48,013,013,25,25,25,23,0.9200,True,0.9198,True,True,0.5809
deepdetect,finger,MMCBNU_6000_genuine_48,013,013,0,0,0,0,,False,,True,False,
loftr,finger,MMCBNU_6000_genuine_49,012,012,18,18,18,16,0.8889,True,0.8866,True,True,0.5925
orb,finger,MMCBNU_6000_genuine_49,012,012,0,0,0,0,,False,,True,False,
sift,finger,MMCBNU_6000_genuine_49,012,012,0,0,0,0,,False,,True,False,
superglue,finger,MMCBNU_6000_genuine_49,012,012,174,68,0,0,,False,,True,False,
sgmnet,finger,MMCBNU_6000_genuine_49,012,012,658,397,34,11,0.3235,False,0.3180,True,False,1.5836
aspanformer,finger,MMCBNU_6000_genuine_49,012,012,107,107,107,100,0.9346,True,0.9346,True,True,0.5586
deepdetect,finger,MMCBNU_6000_genuine_49,012,012,0,0,0,0,,False,,True,False,
loftr,finger,MMCBNU_6000_genuine_50,047,047,522,522,0,0,,False,,True,False,
orb,finger,MMCBNU_6000_genuine_50,047,047,0,0,0,0,,False,,True,False,
sift,finger,MMCBNU_6000_genuine_50,047,047,2,1,0,0,,False,,True,False,
superglue,finger,MMCBNU_6000_genuine_50,047,047,315,256,1,0,,False,,True,False,
sgmnet,finger,MMCBNU_6000_genuine_50,047,047,642,858,34,6,0.1765,False,0.1670,True,False,1.2057
aspanformer,finger,MMCBNU_6000_genuine_50,047,047,1,1,1,0,,False,,True,False,
deepdetect,finger,MMCBNU_6000_genuine_50,047,047,1427,325,14,0,,False,,True,False,
loftr,finger,MMCBNU_6000_genuine_51,012,012,27,27,27,24,0.8889,True,0.8887,True,True,0.5081
orb,finger,MMCBNU_6000_genuine_51,012,012,0,0,0,0,,False,,True,False,
sift,finger,MMCBNU_6000_genuine_51,012,012,0,0,0,0,,False,,True,False,
superglue,finger,MMCBNU_6000_genuine_51,012,012,110,98,5,4,0.8000,True,0.7332,True,True,0.0000
sgmnet,finger,MMCBNU_6000_genuine_51,012,012,556,511,183,31,0.1694,False,0.1693,True,False,1.5083
aspanformer,finger,MMCBNU_6000_genuine_51,012,012,2,2,2,0,,False,,True,False,
deepdetect,finger,MMCBNU_6000_genuine_51,012,012,1,3,0,0,,False,,True,False,
loftr,finger,MMCBNU_6000_genuine_52,044,044,16,16,16,16,1.0000,True,0.9974,True,True,0.1152
orb,finger,MMCBNU_6000_genuine_52,044,044,0,0,0,0,,False,,True,False,
sift,finger,MMCBNU_6000_genuine_52,044,044,1,1,0,0,,False,,True,False,
superglue,finger,MMCBNU_6000_genuine_52,044,044,89,105,5,4,0.8000,True,0.7332,True,True,0.0000
sgmnet,finger,MMCBNU_6000_genuine_52,044,044,325,323,106,17,0.1604,False,0.1601,True,False,1.4175
aspanformer,finger,MMCBNU_6000_genuine_52,044,044,119,119,119,118,0.9916,True,0.9916,True,True,0.5529
deepdetect,finger,MMCBNU_6000_genuine_52,044,044,530,1015,0,0,,False,,True,False,
loftr,finger,MMCBNU_6000_genuine_53,042,042,11,11,11,8,0.7273,True,0.7042,True,True,1.4393
orb,finger,MMCBNU_6000_genuine_53,042,042,0,0,0,0,,False,,True,False,
sift,finger,MMCBNU_6000_genuine_53,042,042,4,3,3,0,,False,,True,False,
superglue,finger,MMCBNU_6000_genuine_53,042,042,83,103,11,5,0.4545,False,0.4237,True,False,1.1601
sgmnet,finger,MMCBNU_6000_genuine_53,042,042,330,305,115,20,0.1739,False,0.1731,True,False,1.5852
aspanformer,finger,MMCBNU_6000_genuine_53,042,042,44,44,0,0,,False,,True,False,
deepdetect,finger,MMCBNU_6000_genuine_53,042,042,1266,1317,117,0,,False,,True,False,
loftr,finger,MMCBNU_6000_genuine_54,074,074,66,66,66,35,0.5303,True,0.5250,True,True,1.7005
orb,finger,MMCBNU_6000_genuine_54,074,074,0,0,0,0,,False,,True,False,
sift,finger,MMCBNU_6000_genuine_54,074,074,0,0,0,0,,False,,True,False,
superglue,finger,MMCBNU_6000_genuine_54,074,074,265,269,3,0,,False,,True,False,
sgmnet,finger,MMCBNU_6000_genuine_54,074,074,659,659,261,25,0.0958,False,0.0952,True,False,1.6200
aspanformer,finger,MMCBNU_6000_genuine_54,074,074,66,66,66,58,0.8788,True,0.8788,True,True,0.4826
deepdetect,finger,MMCBNU_6000_genuine_54,074,074,86,137,0,0,,False,,True,False,
loftr,finger,MMCBNU_6000_genuine_55,033,033,251,251,251,227,0.9044,True,0.9044,True,True,0.1758
orb,finger,MMCBNU_6000_genuine_55,033,033,0,0,0,0,,False,,True,False,
sift,finger,MMCBNU_6000_genuine_55,033,033,1,0,0,0,,False,,True,False,
superglue,finger,MMCBNU_6000_genuine_55,033,033,102,88,31,8,0.2581,False,0.2463,True,False,1.7883
sgmnet,finger,MMCBNU_6000_genuine_55,033,033,388,397,130,20,0.1538,False,0.1537,True,False,1.5042
aspanformer,finger,MMCBNU_6000_genuine_55,033,033,86,86,86,77,0.8953,True,0.8953,True,True,0.1549
deepdetect,finger,MMCBNU_6000_genuine_55,033,033,470,564,0,0,,False,,True,False,
loftr,finger,MMCBNU_6000_genuine_56,098,098,15,15,15,9,0.6000,True,0.5857,True,True,0.8620
orb,finger,MMCBNU_6000_genuine_56,098,098,0,0,0,0,,False,,True,False,
sift,finger,MMCBNU_6000_genuine_56,098,098,0,0,0,0,,False,,True,False,
superglue,finger,MMCBNU_6000_genuine_56,098,098,152,177,2,0,,False,,True,False,
sgmnet,finger,MMCBNU_6000_genuine_56,098,098,593,521,169,17,0.1006,False,0.0994,True,False,1.6933
aspanformer,finger,MMCBNU_6000_genuine_56,098,098,2,2,2,0,,False,,True,False,
deepdetect,finger,MMCBNU_6000_genuine_56,098,098,0,0,0,0,,False,,True,False,
loftr,finger,MMCBNU_6000_genuine_57,006,006,71,71,71,57,0.8028,True,0.8028,True,True,1.3125
orb,finger,MMCBNU_6000_genuine_57,006,006,0,0,0,0,,False,,True,False,
sift,finger,MMCBNU_6000_genuine_57,006,006,2,1,0,0,,False,,True,False,
superglue,finger,MMCBNU_6000_genuine_57,006,006,183,62,1,0,,False,,True,False,
sgmnet,finger,MMCBNU_6000_genuine_57,006,006,663,311,44,11,0.2500,False,0.2468,True,False,1.4431
aspanformer,finger,MMCBNU_6000_genuine_57,006,006,19,19,19,17,0.8947,True,0.8931,True,True,0.2844
deepdetect,finger,MMCBNU_6000_genuine_57,006,006,198,3,0,0,,False,,True,False,
loftr,finger,MMCBNU_6000_genuine_58,089,089,121,121,121,67,0.5537,True,0.5537,True,True,0.2255
orb,finger,MMCBNU_6000_genuine_58,089,089,0,0,0,0,,False,,True,False,
sift,finger,MMCBNU_6000_genuine_58,089,089,2,2,2,0,,False,,True,False,
superglue,finger,MMCBNU_6000_genuine_58,089,089,149,157,4,4,1.0000,True,0.9165,True,True,0.0000
sgmnet,finger,MMCBNU_6000_genuine_58,089,089,362,450,114,23,0.2018,False,0.2017,True,False,1.3477
aspanformer,finger,MMCBNU_6000_genuine_58,089,089,52,52,52,50,0.9615,True,0.9615,True,True,0.1381
deepdetect,finger,MMCBNU_6000_genuine_58,089,089,613,1330,3,0,,False,,True,False,
loftr,finger,MMCBNU_6000_genuine_59,056,056,52,52,52,35,0.6731,True,0.6594,True,True,1.9098
orb,finger,MMCBNU_6000_genuine_59,056,056,0,0,0,0,,False,,True,False,
sift,finger,MMCBNU_6000_genuine_59,056,056,1,1,0,0,,False,,True,False,
superglue,finger,MMCBNU_6000_genuine_59,056,056,238,239,1,0,,False,,True,False,
sgmnet,finger,MMCBNU_6000_genuine_59,056,056,672,623,196,34,0.1735,False,0.1735,True,False,1.5013
aspanformer,finger,MMCBNU_6000_genuine_59,056,056,13,13,13,12,0.9231,True,0.9143,True,True,0.2261
deepdetect,finger,MMCBNU_6000_genuine_59,056,056,0,0,0,0,,False,,True,False,
loftr,finger,MMCBNU_6000_genuine_60,066,066,40,40,40,28,0.7000,True,0.6983,True,True,1.5464
orb,finger,MMCBNU_6000_genuine_60,066,066,0,0,0,0,,False,,True,False,
sift,finger,MMCBNU_6000_genuine_60,066,066,0,0,0,0,,False,,True,False,
superglue,finger,MMCBNU_6000_genuine_60,066,066,152,205,1,0,,False,,True,False,
sgmnet,finger,MMCBNU_6000_genuine_60,066,066,345,335,130,19,0.1462,False,0.1460,True,False,1.5016
aspanformer,finger,MMCBNU_6000_genuine_60,066,066,66,66,66,59,0.8939,True,0.8939,True,True,1.4201
deepdetect,finger,MMCBNU_6000_genuine_60,066,066,435,416,0,0,,False,,True,False,
loftr,finger,MMCBNU_6000_genuine_61,016,016,568,568,568,506,0.8908,True,0.8908,True,True,0.8164
orb,finger,MMCBNU_6000_genuine_61,016,016,0,0,0,0,,False,,True,False,
sift,finger,MMCBNU_6000_genuine_61,016,016,0,0,0,0,,False,,True,False,
superglue,finger,MMCBNU_6000_genuine_61,016,016,90,177,1,0,,False,,True,False,
sgmnet,finger,MMCBNU_6000_genuine_61,016,016,325,567,98,27,0.2755,False,0.2706,True,False,1.8597
aspanformer,finger,MMCBNU_6000_genuine_61,016,016,409,409,409,404,0.9878,True,0.9878,True,True,0.1506
deepdetect,finger,MMCBNU_6000_genuine_61,016,016,0,0,0,0,,False,,True,False,
loftr,finger,MMCBNU_6000_genuine_62,046,046,15,15,15,10,0.6667,True,0.6549,True,True,1.2324
orb,finger,MMCBNU_6000_genuine_62,046,046,0,0,0,0,,False,,True,False,
sift,finger,MMCBNU_6000_genuine_62,046,046,3,1,0,0,,False,,True,False,
superglue,finger,MMCBNU_6000_genuine_62,046,046,152,111,1,0,,False,,True,False,
sgmnet,finger,MMCBNU_6000_genuine_62,046,046,501,354,129,20,0.1550,False,0.1549,True,False,1.1588
aspanformer,finger,MMCBNU_6000_genuine_62,046,046,4,4,4,0,,False,,True,False,
deepdetect,finger,MMCBNU_6000_genuine_62,046,046,65,689,0,0,,False,,True,False,
loftr,finger,MMCBNU_6000_genuine_63,010,010,13,13,13,12,0.9231,True,0.9143,True,True,0.5065
orb,finger,MMCBNU_6000_genuine_63,010,010,0,0,0,0,,False,,True,False,
sift,finger,MMCBNU_6000_genuine_63,010,010,0,0,0,0,,False,,True,False,
superglue,finger,MMCBNU_6000_genuine_63,010,010,63,61,13,5,0.3846,False,0.3585,True,False,0.4804
sgmnet,finger,MMCBNU_6000_genuine_63,010,010,244,279,72,22,0.3056,False,0.3054,True,False,1.4317
aspanformer,finger,MMCBNU_6000_genuine_63,010,010,12,12,12,11,0.9167,True,0.9048,True,True,0.5166
deepdetect,finger,MMCBNU_6000_genuine_63,010,010,1585,2962,0,0,,False,,True,False,
loftr,finger,MMCBNU_6000_genuine_64,067,067,10,10,10,7,0.7000,True,0.6708,True,True,0.3339
orb,finger,MMCBNU_6000_genuine_64,067,067,0,0,0,0,,False,,True,False,
sift,finger,MMCBNU_6000_genuine_64,067,067,0,0,0,0,,False,,True,False,
superglue,finger,MMCBNU_6000_genuine_64,067,067,150,132,2,0,,False,,True,False,
sgmnet,finger,MMCBNU_6000_genuine_64,067,067,580,563,249,27,0.1084,False,0.1068,True,False,1.7992
aspanformer,finger,MMCBNU_6000_genuine_64,067,067,6,6,6,0,,False,,True,False,
deepdetect,finger,MMCBNU_6000_genuine_64,067,067,34,124,0,0,,False,,True,False,
loftr,finger,MMCBNU_6000_genuine_65,036,036,10,10,10,10,1.0000,True,0.9823,True,True,0.7923
orb,finger,MMCBNU_6000_genuine_65,036,036,0,0,0,0,,False,,True,False,
sift,finger,MMCBNU_6000_genuine_65,036,036,0,2,0,0,,False,,True,False,
superglue,finger,MMCBNU_6000_genuine_65,036,036,134,108,7,5,0.7143,True,0.6658,True,True,0.5624
sgmnet,finger,MMCBNU_6000_genuine_65,036,036,344,331,114,20,0.1754,False,0.1753,True,False,1.3149
aspanformer,finger,MMCBNU_6000_genuine_65,036,036,107,107,107,98,0.9159,True,0.9159,True,True,0.4775
deepdetect,finger,MMCBNU_6000_genuine_65,036,036,739,421,1,0,,False,,True,False,
loftr,finger,MMCBNU_6000_genuine_66,077,077,113,113,113,81,0.7168,True,0.7168,True,True,1.1767
orb,finger,MMCBNU_6000_genuine_66,077,077,0,0,0,0,,False,,True,False,
sift,finger,MMCBNU_6000_genuine_66,077,077,1,4,0,0,,False,,True,False,
superglue,finger,MMCBNU_6000_genuine_66,077,077,528,468,0,0,,False,,True,False,
sgmnet,finger,MMCBNU_6000_genuine_66,077,077,584,630,198,23,0.1162,False,0.1158,True,False,1.5637
aspanformer,finger,MMCBNU_6000_genuine_66,077,077,57,57,57,46,0.8070,True,0.8070,True,True,0.1995
deepdetect,finger,MMCBNU_6000_genuine_66,077,077,4992,3396,13,12,0.9231,True,0.9231,True,True,1.5591
loftr,finger,MMCBNU_6000_genuine_67,076,076,25,25,25,24,0.9600,True,0.9598,True,True,0.1250
orb,finger,MMCBNU_6000_genuine_67,076,076,0,0,0,0,,False,,True,False,
sift,finger,MMCBNU_6000_genuine_67,076,076,1,1,0,0,,False,,True,False,
superglue,finger,MMCBNU_6000_genuine_67,076,076,157,141,8,4,0.5000,True,0.4583,True,True,0.0000
sgmnet,finger,MMCBNU_6000_genuine_67,076,076,466,435,130,18,0.1385,False,0.1382,True,False,1.5162
aspanformer,finger,MMCBNU_6000_genuine_67,076,076,16,16,16,16,1.0000,True,0.9974,True,True,0.1977
deepdetect,finger,MMCBNU_6000_genuine_67,076,076,332,450,5,0,,False,,True,False,
loftr,finger,MMCBNU_6000_genuine_68,044,044,47,47,47,39,0.8298,True,0.8298,True,True,0.1554
orb,finger,MMCBNU_6000_genuine_68,044,044,0,0,0,0,,False,,True,False,
sift,finger,MMCBNU_6000_genuine_68,044,044,0,0,0,0,,False,,True,False,
superglue,finger,MMCBNU_6000_genuine_68,044,044,86,77,13,6,0.4615,False,0.4367,True,False,1.0152
sgmnet,finger,MMCBNU_6000_genuine_68,044,044,424,363,102,10,0.0980,False,0.0963,True,False,0.9956
aspanformer,finger,MMCBNU_6000_genuine_68,044,044,2,2,2,0,,False,,True,False,
deepdetect,finger,MMCBNU_6000_genuine_68,044,044,1580,1324,9,0,,False,,True,False,
loftr,finger,MMCBNU_6000_genuine_69,071,071,95,95,95,62,0.6526,True,0.6501,True,True,1.5780
orb,finger,MMCBNU_6000_genuine_69,071,071,0,0,0,0,,False,,True,False,
sift,finger,MMCBNU_6000_genuine_69,071,071,1,3,0,0,,False,,True,False,
superglue,finger,MMCBNU_6000_genuine_69,071,071,234,227,0,0,,False,,True,False,
sgmnet,finger,MMCBNU_6000_genuine_69,071,071,605,602,179,17,0.0950,False,0.0948,True,False,1.0673
aspanformer,finger,MMCBNU_6000_genuine_69,071,071,21,21,21,21,1.0000,True,0.9995,True,True,0.2554
deepdetect,finger,MMCBNU_6000_genuine_69,071,071,0,4,0,0,,False,,True,False,
loftr,finger,MMCBNU_6000_genuine_70,024,024,4,4,4,4,1.0000,True,0.9165,True,True,0.0000
orb,finger,MMCBNU_6000_genuine_70,024,024,0,0,0,0,,False,,True,False,
sift,finger,MMCBNU_6000_genuine_70,024,024,1,0,0,0,,False,,True,False,
superglue,finger,MMCBNU_6000_genuine_70,024,024,435,432,0,0,,False,,True,False,
sgmnet,finger,MMCBNU_6000_genuine_70,024,024,1043,974,158,19,0.1203,False,0.1200,True,False,1.5268
aspanformer,finger,MMCBNU_6000_genuine_70,024,024,11,11,11,0,,False,,True,False,
deepdetect,finger,MMCBNU_6000_genuine_70,024,024,90,621,0,0,,False,,True,False,
loftr,finger,MMCBNU_6000_genuine_71,086,086,3,3,3,0,,False,,True,False,
orb,finger,MMCBNU_6000_genuine_71,086,086,0,0,0,0,,False,,True,False,
sift,finger,MMCBNU_6000_genuine_71,086,086,1,1,0,0,,False,,True,False,
superglue,finger,MMCBNU_6000_genuine_71,086,086,140,125,5,4,0.8000,True,0.7332,True,True,0.0000
sgmnet,finger,MMCBNU_6000_genuine_71,086,086,385,343,112,15,0.1339,False,0.1334,True,False,1.1862
aspanformer,finger,MMCBNU_6000_genuine_71,086,086,851,851,851,851,1.0000,True,1.0000,True,True,0.2282
deepdetect,finger,MMCBNU_6000_genuine_71,086,086,46,42,15,0,,False,,True,False,
loftr,finger,MMCBNU_6000_genuine_72,009,009,9,9,9,6,0.6667,True,0.6308,True,True,0.8569
orb,finger,MMCBNU_6000_genuine_72,009,009,0,0,0,0,,False,,True,False,
sift,finger,MMCBNU_6000_genuine_72,009,009,0,0,0,0,,False,,True,False,
superglue,finger,MMCBNU_6000_genuine_72,009,009,103,59,1,0,,False,,True,False,
sgmnet,finger,MMCBNU_6000_genuine_72,009,009,617,341,58,14,0.2414,False,0.2402,True,False,0.8701
aspanformer,finger,MMCBNU_6000_genuine_72,009,009,9,9,9,9,1.0000,True,0.9762,True,True,0.2595
deepdetect,finger,MMCBNU_6000_genuine_72,009,009,1,13,0,0,,False,,True,False,
loftr,finger,MMCBNU_6000_genuine_73,006,006,2,2,2,0,,False,,True,False,
orb,finger,MMCBNU_6000_genuine_73,006,006,0,0,0,0,,False,,True,False,
sift,finger,MMCBNU_6000_genuine_73,006,006,0,0,0,0,,False,,True,False,
superglue,finger,MMCBNU_6000_genuine_73,006,006,92,146,2,0,,False,,True,False,
sgmnet,finger,MMCBNU_6000_genuine_73,006,006,335,576,66,17,0.2576,False,0.2550,True,False,1.6607
aspanformer,finger,MMCBNU_6000_genuine_73,006,006,1,1,1,0,,False,,True,False,
deepdetect,finger,MMCBNU_6000_genuine_73,006,006,357,2,0,0,,False,,True,False,
loftr,finger,MMCBNU_6000_genuine_74,081,081,16,16,16,16,1.0000,True,0.9974,True,True,0.7280
orb,finger,MMCBNU_6000_genuine_74,081,081,0,0,0,0,,False,,True,False,
sift,finger,MMCBNU_6000_genuine_74,081,081,1,2,0,0,,False,,True,False,
superglue,finger,MMCBNU_6000_genuine_74,081,081,118,120,1,0,,False,,True,False,
sgmnet,finger,MMCBNU_6000_genuine_74,081,081,200,234,68,17,0.2500,False,0.2495,True,False,1.4261
aspanformer,finger,MMCBNU_6000_genuine_74,081,081,28,28,28,23,0.8214,True,0.8212,True,True,0.3583
deepdetect,finger,MMCBNU_6000_genuine_74,081,081,1766,1762,12,0,,False,,True,False,
loftr,finger,MMCBNU_6000_genuine_75,028,028,39,39,39,39,1.0000,True,1.0000,True,True,0.1300
orb,finger,MMCBNU_6000_genuine_75,028,028,0,0,0,0,,False,,True,False,
sift,finger,MMCBNU_6000_genuine_75,028,028,5,3,3,0,,False,,True,False,
superglue,finger,MMCBNU_6000_genuine_75,028,028,157,134,3,0,,False,,True,False,
sgmnet,finger,MMCBNU_6000_genuine_75,028,028,248,225,59,21,0.3559,False,0.3558,True,False,1.3846
aspanformer,finger,MMCBNU_6000_genuine_75,028,028,590,590,590,571,0.9678,True,0.9678,True,True,0.2899
deepdetect,finger,MMCBNU_6000_genuine_75,028,028,4557,3506,70,55,0.7857,True,0.7857,True,True,2.3398
loftr,finger,MMCBNU_6000_genuine_76,094,094,15,15,15,14,0.9333,True,0.9287,True,True,0.1039
orb,finger,MMCBNU_6000_genuine_76,094,094,0,0,0,0,,False,,True,False,
sift,finger,MMCBNU_6000_genuine_76,094,094,1,1,0,0,,False,,True,False,
superglue,finger,MMCBNU_6000_genuine_76,094,094,88,89,3,0,,False,,True,False,
sgmnet,finger,MMCBNU_6000_genuine_76,094,094,334,356,140,27,0.1929,False,0.1918,True,False,1.6130
aspanformer,finger,MMCBNU_6000_genuine_76,094,094,299,299,299,297,0.9933,True,0.9933,True,True,0.2071
deepdetect,finger,MMCBNU_6000_genuine_76,094,094,4,3,1,0,,False,,True,False,
loftr,finger,MMCBNU_6000_genuine_77,036,036,546,546,546,450,0.8242,True,0.8186,True,True,1.6347
orb,finger,MMCBNU_6000_genuine_77,036,036,0,0,0,0,,False,,True,False,
sift,finger,MMCBNU_6000_genuine_77,036,036,1,1,0,0,,False,,True,False,
superglue,finger,MMCBNU_6000_genuine_77,036,036,87,84,9,5,0.5556,True,0.5179,True,True,1.2647
sgmnet,finger,MMCBNU_6000_genuine_77,036,036,240,250,101,17,0.1683,False,0.1680,True,False,1.1653
aspanformer,finger,MMCBNU_6000_genuine_77,036,036,957,957,957,895,0.9352,True,0.9352,True,True,1.0735
deepdetect,finger,MMCBNU_6000_genuine_77,036,036,1014,1767,6,6,1.0000,True,1.0000,True,True,0.6842
loftr,finger,MMCBNU_6000_genuine_78,010,010,31,31,31,29,0.9355,True,0.9355,True,True,0.5192
orb,finger,MMCBNU_6000_genuine_78,010,010,0,0,0,0,,False,,True,False,
sift,finger,MMCBNU_6000_genuine_78,010,010,1,3,0,0,,False,,True,False,
superglue,finger,MMCBNU_6000_genuine_78,010,010,250,77,0,0,,False,,True,False,
sgmnet,finger,MMCBNU_6000_genuine_78,010,010,474,235,64,13,0.2031,False,0.2017,True,False,1.4880
aspanformer,finger,MMCBNU_6000_genuine_78,010,010,64,64,64,62,0.9688,True,0.9687,True,True,0.1709
deepdetect,finger,MMCBNU_6000_genuine_78,010,010,1728,1718,61,44,0.7213,True,0.7213,True,True,1.8891
loftr,finger,MMCBNU_6000_genuine_79,029,029,36,36,36,30,0.8333,True,0.8333,True,True,0.5195
orb,finger,MMCBNU_6000_genuine_79,029,029,0,0,0,0,,False,,True,False,
sift,finger,MMCBNU_6000_genuine_79,029,029,2,2,2,0,,False,,True,False,
superglue,finger,MMCBNU_6000_genuine_79,029,029,177,435,0,0,,False,,True,False,
sgmnet,finger,MMCBNU_6000_genuine_79,029,029,236,444,75,22,0.2933,False,0.2932,True,False,1.3057
aspanformer,finger,MMCBNU_6000_genuine_79,029,029,1,1,1,0,,False,,True,False,
deepdetect,finger,MMCBNU_6000_genuine_79,029,029,7826,9901,3,0,,False,,True,False,
loftr,finger,MMCBNU_6000_genuine_80,013,013,59,59,59,55,0.9322,True,0.9322,True,True,1.1345
orb,finger,MMCBNU_6000_genuine_80,013,013,0,0,0,0,,False,,True,False,
sift,finger,MMCBNU_6000_genuine_80,013,013,3,0,0,0,,False,,True,False,
superglue,finger,MMCBNU_6000_genuine_80,013,013,166,65,1,0,,False,,True,False,
sgmnet,finger,MMCBNU_6000_genuine_80,013,013,567,315,79,18,0.2278,False,0.2275,True,False,1.2710
aspanformer,finger,MMCBNU_6000_genuine_80,013,013,119,119,119,114,0.9580,True,0.9580,True,True,0.6355
deepdetect,finger,MMCBNU_6000_genuine_80,013,013,881,1132,2,0,,False,,True,False,
loftr,finger,MMCBNU_6000_genuine_81,047,047,5,5,5,5,1.0000,True,0.9322,True,True,0.0112
orb,finger,MMCBNU_6000_genuine_81,047,047,0,0,0,0,,False,,True,False,
sift,finger,MMCBNU_6000_genuine_81,047,047,1,1,0,0,,False,,True,False,
superglue,finger,MMCBNU_6000_genuine_81,047,047,96,238,2,0,,False,,True,False,
sgmnet,finger,MMCBNU_6000_genuine_81,047,047,486,900,134,22,0.1642,False,0.1639,True,False,1.5226
aspanformer,finger,MMCBNU_6000_genuine_81,047,047,3,3,3,0,,False,,True,False,
deepdetect,finger,MMCBNU_6000_genuine_81,047,047,86,399,2,0,,False,,True,False,
loftr,finger,MMCBNU_6000_genuine_82,034,034,11,11,11,8,0.7273,True,0.7042,True,True,1.4456
orb,finger,MMCBNU_6000_genuine_82,034,034,0,0,0,0,,False,,True,False,
sift,finger,MMCBNU_6000_genuine_82,034,034,1,3,0,0,,False,,True,False,
superglue,finger,MMCBNU_6000_genuine_82,034,034,64,64,13,5,0.3846,False,0.3585,True,False,1.1825
sgmnet,finger,MMCBNU_6000_genuine_82,034,034,307,241,78,17,0.2179,False,0.2170,True,False,1.5521
aspanformer,finger,MMCBNU_6000_genuine_82,034,034,9,9,9,0,,False,,True,False,
deepdetect,finger,MMCBNU_6000_genuine_82,034,034,1562,1593,18,13,0.7222,True,0.7222,True,True,1.1116
loftr,finger,MMCBNU_6000_genuine_83,056,056,31,31,31,22,0.7097,True,0.7076,True,True,1.5517
orb,finger,MMCBNU_6000_genuine_83,056,056,0,0,0,0,,False,,True,False,
sift,finger,MMCBNU_6000_genuine_83,056,056,0,0,0,0,,False,,True,False,
superglue,finger,MMCBNU_6000_genuine_83,056,056,128,123,5,4,0.8000,True,0.7332,True,True,0.0000
sgmnet,finger,MMCBNU_6000_genuine_83,056,056,459,509,147,14,0.0952,False,0.0948,True,False,0.9751
aspanformer,finger,MMCBNU_6000_genuine_83,056,056,31,31,31,30,0.9677,True,0.9677,True,True,0.1221
deepdetect,finger,MMCBNU_6000_genuine_83,056,056,0,0,0,0,,False,,True,False,
loftr,finger,MMCBNU_6000_genuine_84,078,078,22,22,22,16,0.7273,True,0.7254,True,True,1.3003
orb,finger,MMCBNU_6000_genuine_84,078,078,0,0,0,0,,False,,True,False,
sift,finger,MMCBNU_6000_genuine_84,078,078,1,2,0,0,,False,,True,False,
superglue,finger,MMCBNU_6000_genuine_84,078,078,145,343,0,0,,False,,True,False,
sgmnet,finger,MMCBNU_6000_genuine_84,078,078,284,536,50,13,0.2600,False,0.2581,True,False,1.5114
aspanformer,finger,MMCBNU_6000_genuine_84,078,078,70,70,70,64,0.9143,True,0.9143,True,True,0.8235
deepdetect,finger,MMCBNU_6000_genuine_84,078,078,1231,1167,3,0,,False,,True,False,
loftr,finger,MMCBNU_6000_genuine_85,045,045,33,33,33,29,0.8788,True,0.8788,True,True,0.4515
orb,finger,MMCBNU_6000_genuine_85,045,045,0,0,0,0,,False,,True,False,
sift,finger,MMCBNU_6000_genuine_85,045,045,1,1,0,0,,False,,True,False,
superglue,finger,MMCBNU_6000_genuine_85,045,045,51,143,3,0,,False,,True,False,
sgmnet,finger,MMCBNU_6000_genuine_85,045,045,239,378,41,9,0.2195,False,0.2143,True,False,1.0315
aspanformer,finger,MMCBNU_6000_genuine_85,045,045,55,55,55,55,1.0000,True,1.0000,True,True,0.1390
deepdetect,finger,MMCBNU_6000_genuine_85,045,045,370,141,16,0,,False,,True,False,
loftr,finger,MMCBNU_6000_genuine_86,020,020,52,52,52,35,0.6731,True,0.6731,True,True,1.4699
orb,finger,MMCBNU_6000_genuine_86,020,020,0,0,0,0,,False,,True,False,
sift,finger,MMCBNU_6000_genuine_86,020,020,1,0,0,0,,False,,True,False,
superglue,finger,MMCBNU_6000_genuine_86,020,020,157,226,0,0,,False,,True,False,
sgmnet,finger,MMCBNU_6000_genuine_86,020,020,450,496,132,18,0.1364,False,0.1362,True,False,1.5024
aspanformer,finger,MMCBNU_6000_genuine_86,020,020,47,47,47,47,1.0000,True,1.0000,True,True,0.1991
deepdetect,finger,MMCBNU_6000_genuine_86,020,020,359,388,0,0,,False,,True,False,
loftr,finger,MMCBNU_6000_genuine_87,045,045,229,229,229,203,0.8865,True,0.8733,True,True,1.7996
orb,finger,MMCBNU_6000_genuine_87,045,045,0,0,0,0,,False,,True,False,
sift,finger,MMCBNU_6000_genuine_87,045,045,1,1,0,0,,False,,True,False,
superglue,finger,MMCBNU_6000_genuine_87,045,045,94,86,9,5,0.5556,True,0.5179,True,True,1.0090
sgmnet,finger,MMCBNU_6000_genuine_87,045,045,219,248,80,20,0.2500,False,0.2482,True,False,1.6309
aspanformer,finger,MMCBNU_6000_genuine_87,045,045,209,209,209,200,0.9569,True,0.9569,True,True,0.7542
deepdetect,finger,MMCBNU_6000_genuine_87,045,045,263,16,20,0,,False,,True,False,
loftr,finger,MMCBNU_6000_genuine_88,044,044,206,206,206,181,0.8786,True,0.8786,True,True,0.2752
orb,finger,MMCBNU_6000_genuine_88,044,044,0,0,0,0,,False,,True,False,
sift,finger,MMCBNU_6000_genuine_88,044,044,3,3,3,0,,False,,True,False,
superglue,finger,MMCBNU_6000_genuine_88,044,044,194,203,2,0,,False,,True,False,
sgmnet,finger,MMCBNU_6000_genuine_88,044,044,382,390,123,16,0.1301,False,0.1297,True,False,1.1436
aspanformer,finger,MMCBNU_6000_genuine_88,044,044,537,537,537,460,0.8566,True,0.8566,True,True,0.2843
deepdetect,finger,MMCBNU_6000_genuine_88,044,044,2805,2135,3,0,,False,,True,False,
loftr,finger,MMCBNU_6000_genuine_89,026,026,59,59,59,30,0.5085,True,0.4917,True,True,2.1712
orb,finger,MMCBNU_6000_genuine_89,026,026,0,0,0,0,,False,,True,False,
sift,finger,MMCBNU_6000_genuine_89,026,026,0,0,0,0,,False,,True,False,
superglue,finger,MMCBNU_6000_genuine_89,026,026,391,402,1,0,,False,,True,False,
sgmnet,finger,MMCBNU_6000_genuine_89,026,026,1012,1019,282,28,0.0993,False,0.0991,True,False,1.5343
aspanformer,finger,MMCBNU_6000_genuine_89,026,026,51,51,51,50,0.9804,True,0.9804,True,True,0.5986
deepdetect,finger,MMCBNU_6000_genuine_89,026,026,168,487,3,0,,False,,True,False,
loftr,finger,MMCBNU_6000_genuine_90,082,082,18,18,18,14,0.7778,True,0.7739,True,True,0.5215
orb,finger,MMCBNU_6000_genuine_90,082,082,0,0,0,0,,False,,True,False,
sift,finger,MMCBNU_6000_genuine_90,082,082,2,2,2,0,,False,,True,False,
superglue,finger,MMCBNU_6000_genuine_90,082,082,141,112,5,4,0.8000,True,0.7332,True,True,0.0000
sgmnet,finger,MMCBNU_6000_genuine_90,082,082,372,345,120,15,0.1250,False,0.1246,True,False,1.4062
aspanformer,finger,MMCBNU_6000_genuine_90,082,082,1,1,1,0,,False,,True,False,
deepdetect,finger,MMCBNU_6000_genuine_90,082,082,758,2339,0,0,,False,,True,False,
loftr,finger,MMCBNU_6000_genuine_91,033,033,692,692,0,0,,False,,True,False,
orb,finger,MMCBNU_6000_genuine_91,033,033,0,0,0,0,,False,,True,False,
sift,finger,MMCBNU_6000_genuine_91,033,033,0,0,0,0,,False,,True,False,
superglue,finger,MMCBNU_6000_genuine_91,033,033,221,166,3,0,,False,,True,False,
sgmnet,finger,MMCBNU_6000_genuine_91,033,033,608,597,190,29,0.1526,False,0.1505,True,False,1.7831
aspanformer,finger,MMCBNU_6000_genuine_91,033,033,3,3,3,0,,False,,True,False,
deepdetect,finger,MMCBNU_6000_genuine_91,033,033,458,747,5,0,,False,,True,False,
loftr,finger,MMCBNU_6000_genuine_92,086,086,5,5,5,4,0.8000,True,0.7332,True,True,0.0000
orb,finger,MMCBNU_6000_genuine_92,086,086,0,0,0,0,,False,,True,False,
sift,finger,MMCBNU_6000_genuine_92,086,086,0,0,0,0,,False,,True,False,
superglue,finger,MMCBNU_6000_genuine_92,086,086,212,410,1,0,,False,,True,False,
sgmnet,finger,MMCBNU_6000_genuine_92,086,086,408,623,109,15,0.1376,False,0.1370,True,False,1.5133
aspanformer,finger,MMCBNU_6000_genuine_92,086,086,48,48,0,0,,False,,True,False,
deepdetect,finger,MMCBNU_6000_genuine_92,086,086,382,1147,4,0,,False,,True,False,
loftr,finger,MMCBNU_6000_genuine_93,083,083,49,49,49,39,0.7959,True,0.7959,True,True,0.1614
orb,finger,MMCBNU_6000_genuine_93,083,083,0,0,0,0,,False,,True,False,
sift,finger,MMCBNU_6000_genuine_93,083,083,1,0,0,0,,False,,True,False,
superglue,finger,MMCBNU_6000_genuine_93,083,083,262,199,0,0,,False,,True,False,
sgmnet,finger,MMCBNU_6000_genuine_93,083,083,494,498,105,20,0.1905,False,0.1899,True,False,1.5470
aspanformer,finger,MMCBNU_6000_genuine_93,083,083,183,183,183,181,0.9891,True,0.9891,True,True,0.5397
deepdetect,finger,MMCBNU_6000_genuine_93,083,083,245,1725,2,0,,False,,True,False,
loftr,finger,MMCBNU_6000_genuine_94,079,079,6,6,6,5,0.8333,True,0.7768,True,True,0.6559
orb,finger,MMCBNU_6000_genuine_94,079,079,0,0,0,0,,False,,True,False,
sift,finger,MMCBNU_6000_genuine_94,079,079,0,0,0,0,,False,,True,False,
superglue,finger,MMCBNU_6000_genuine_94,079,079,189,208,2,0,,False,,True,False,
sgmnet,finger,MMCBNU_6000_genuine_94,079,079,512,515,190,21,0.1105,False,0.1105,True,False,1.4021
aspanformer,finger,MMCBNU_6000_genuine_94,079,079,3,3,3,0,,False,,True,False,
deepdetect,finger,MMCBNU_6000_genuine_94,079,079,0,9,0,0,,False,,True,False,
loftr,finger,MMCBNU_6000_genuine_95,009,009,45,45,45,39,0.8667,True,0.8667,True,True,0.6158
orb,finger,MMCBNU_6000_genuine_95,009,009,0,0,0,0,,False,,True,False,
sift,finger,MMCBNU_6000_genuine_95,009,009,0,0,0,0,,False,,True,False,
superglue,finger,MMCBNU_6000_genuine_95,009,009,188,192,8,5,0.6250,True,0.5826,True,True,0.8827
sgmnet,finger,MMCBNU_6000_genuine_95,009,009,510,479,172,23,0.1337,False,0.1327,True,False,1.6450
aspanformer,finger,MMCBNU_6000_genuine_95,009,009,4,4,4,4,1.0000,True,0.9165,True,True,0.0000
deepdetect,finger,MMCBNU_6000_genuine_95,009,009,152,323,0,0,,False,,True,False,
loftr,finger,MMCBNU_6000_genuine_96,074,074,10,10,10,7,0.7000,True,0.6664,True,True,1.6324
orb,finger,MMCBNU_6000_genuine_96,074,074,0,0,0,0,,False,,True,False,
sift,finger,MMCBNU_6000_genuine_96,074,074,1,0,0,0,,False,,True,False,
superglue,finger,MMCBNU_6000_genuine_96,074,074,175,300,1,0,,False,,True,False,
sgmnet,finger,MMCBNU_6000_genuine_96,074,074,567,716,57,9,0.1579,False,0.1541,True,False,1.0886
aspanformer,finger,MMCBNU_6000_genuine_96,074,074,2,2,0,0,,False,,True,False,
deepdetect,finger,MMCBNU_6000_genuine_96,074,074,19,383,1,0,,False,,True,False,
loftr,finger,MMCBNU_6000_genuine_97,078,078,14,14,14,11,0.7857,True,0.7584,True,True,1.9464
orb,finger,MMCBNU_6000_genuine_97,078,078,0,0,0,0,,False,,True,False,
sift,finger,MMCBNU_6000_genuine_97,078,078,0,1,0,0,,False,,True,False,
superglue,finger,MMCBNU_6000_genuine_97,078,078,320,166,0,0,,False,,True,False,
sgmnet,finger,MMCBNU_6000_genuine_97,078,078,608,310,27,7,0.2593,False,0.2484,True,False,0.5631
aspanformer,finger,MMCBNU_6000_genuine_97,078,078,1,1,0,0,,False,,True,False,
deepdetect,finger,MMCBNU_6000_genuine_97,078,078,624,570,0,0,,False,,True,False,
loftr,finger,MMCBNU_6000_genuine_98,021,021,16,16,16,15,0.9375,True,0.9341,True,True,0.1196
orb,finger,MMCBNU_6000_genuine_98,021,021,0,0,0,0,,False,,True,False,
sift,finger,MMCBNU_6000_genuine_98,021,021,1,3,0,0,,False,,True,False,
superglue,finger,MMCBNU_6000_genuine_98,021,021,202,241,1,0,,False,,True,False,
sgmnet,finger,MMCBNU_6000_genuine_98,021,021,414,317,112,20,0.1786,False,0.1784,True,False,1.3844
aspanformer,finger,MMCBNU_6000_genuine_98,021,021,1,1,0,0,,False,,True,False,
deepdetect,finger,MMCBNU_6000_genuine_98,021,021,3793,3240,17,0,,False,,True,False,
loftr,finger,MMCBNU_6000_genuine_99,065,065,32,32,32,26,0.8125,True,0.8124,True,True,1.2254
orb,finger,MMCBNU_6000_genuine_99,065,065,0,0,0,0,,False,,True,False,
sift,finger,MMCBNU_6000_genuine_99,065,065,3,3,3,0,,False,,True,False,
superglue,finger,MMCBNU_6000_genuine_99,065,065,175,198,4,4,1.0000,True,0.9165,True,True,0.0000
sgmnet,finger,MMCBNU_6000_genuine_99,065,065,438,495,157,20,0.1274,False,0.1273,True,False,1.4973
aspanformer,finger,MMCBNU_6000_genuine_99,065,065,12,12,12,0,,False,,True,False,
deepdetect,finger,MMCBNU_6000_genuine_99,065,065,152,166,1,0,,False,,True,False,
loftr,finger,MMCBNU_6000_genuine_100,089,089,5,5,5,5,1.0000,True,0.9322,True,True,0.2625
orb,finger,MMCBNU_6000_genuine_100,089,089,0,0,0,0,,False,,True,False,
sift,finger,MMCBNU_6000_genuine_100,089,089,1,0,0,0,,False,,True,False,
superglue,finger,MMCBNU_6000_genuine_100,089,089,150,106,0,0,,False,,True,False,
sgmnet,finger,MMCBNU_6000_genuine_100,089,089,452,426,85,16,0.1882,False,0.1877,True,False,1.2953
aspanformer,finger,MMCBNU_6000_genuine_100,089,089,1,1,0,0,,False,,True,False,
deepdetect,finger,MMCBNU_6000_genuine_100,089,089,1550,0,0,0,,False,,True,False,
loftr,finger,MMCBNU_6000_genuine_101,030,030,71,71,71,54,0.7606,True,0.7560,True,True,1.6201
orb,finger,MMCBNU_6000_genuine_101,030,030,0,0,0,0,,False,,True,False,
sift,finger,MMCBNU_6000_genuine_101,030,030,1,1,0,0,,False,,True,False,
superglue,finger,MMCBNU_6000_genuine_101,030,030,305,147,0,0,,False,,True,False,
sgmnet,finger,MMCBNU_6000_genuine_101,030,030,674,351,46,12,0.2609,False,0.2584,True,False,1.3001
aspanformer,finger,MMCBNU_6000_genuine_101,030,030,96,96,96,91,0.9479,True,0.9479,True,True,0.8248
deepdetect,finger,MMCBNU_6000_genuine_101,030,030,785,1525,4,0,,False,,True,False,
loftr,finger,MMCBNU_6000_genuine_102,020,020,32,32,32,22,0.6875,True,0.6873,True,True,1.1417
orb,finger,MMCBNU_6000_genuine_102,020,020,0,0,0,0,,False,,True,False,
sift,finger,MMCBNU_6000_genuine_102,020,020,1,1,0,0,,False,,True,False,
superglue,finger,MMCBNU_6000_genuine_102,020,020,244,201,0,0,,False,,True,False,
sgmnet,finger,MMCBNU_6000_genuine_102,020,020,573,546,130,15,0.1154,False,0.1144,True,False,1.6003
aspanformer,finger,MMCBNU_6000_genuine_102,020,020,9,9,9,9,1.0000,True,0.9762,True,True,1.4024
deepdetect,finger,MMCBNU_6000_genuine_102,020,020,182,242,1,0,,False,,True,False,
loftr,finger,MMCBNU_6000_genuine_103,057,057,2,2,2,0,,False,,True,False,
orb,finger,MMCBNU_6000_genuine_103,057,057,0,0,0,0,,False,,True,False,
sift,finger,MMCBNU_6000_genuine_103,057,057,0,0,0,0,,False,,True,False,
superglue,finger,MMCBNU_6000_genuine_103,057,057,135,131,11,5,0.4545,False,0.4237,True,False,0.2190
sgmnet,finger,MMCBNU_6000_genuine_103,057,057,597,443,128,20,0.1562,False,0.1544,True,False,1.7192
aspanformer,finger,MMCBNU_6000_genuine_103,057,057,7,7,7,6,0.8571,True,0.8110,True,True,0.0526
deepdetect,finger,MMCBNU_6000_genuine_103,057,057,42,55,1,0,,False,,True,False,
loftr,finger,MMCBNU_6000_genuine_104,047,047,2,2,2,0,,False,,True,False,
orb,finger,MMCBNU_6000_genuine_104,047,047,0,0,0,0,,False,,True,False,
sift,finger,MMCBNU_6000_genuine_104,047,047,1,1,0,0,,False,,True,False,
superglue,finger,MMCBNU_6000_genuine_104,047,047,248,238,2,0,,False,,True,False,
sgmnet,finger,MMCBNU_6000_genuine_104,047,047,796,900,178,16,0.0899,False,0.0893,True,False,1.5839
aspanformer,finger,MMCBNU_6000_genuine_104,047,047,0,0,0,0,,False,,True,False,
deepdetect,finger,MMCBNU_6000_genuine_104,047,047,677,399,0,0,,False,,True,False,
loftr,finger,MMCBNU_6000_genuine_105,033,033,4,4,4,4,1.0000,True,0.9165,True,True,0.0000
orb,finger,MMCBNU_6000_genuine_105,033,033,0,0,0,0,,False,,True,False,
sift,finger,MMCBNU_6000_genuine_105,033,033,0,0,0,0,,False,,True,False,
superglue,finger,MMCBNU_6000_genuine_105,033,033,105,88,16,7,0.4375,False,0.4192,True,False,0.8374
sgmnet,finger,MMCBNU_6000_genuine_105,033,033,510,486,167,23,0.1377,False,0.1377,True,False,1.5046
aspanformer,finger,MMCBNU_6000_genuine_105,033,033,34,34,34,34,1.0000,True,1.0000,True,True,0.1593
deepdetect,finger,MMCBNU_6000_genuine_105,033,033,0,27,0,0,,False,,True,False,
loftr,finger,MMCBNU_6000_genuine_106,078,078,5,5,5,4,0.8000,True,0.7332,True,True,0.0000
orb,finger,MMCBNU_6000_genuine_106,078,078,0,0,0,0,,False,,True,False,
sift,finger,MMCBNU_6000_genuine_106,078,078,2,2,2,0,,False,,True,False,
superglue,finger,MMCBNU_6000_genuine_106,078,078,205,180,0,0,,False,,True,False,
sgmnet,finger,MMCBNU_6000_genuine_106,078,078,516,469,143,22,0.1538,False,0.1536,True,False,1.5195
aspanformer,finger,MMCBNU_6000_genuine_106,078,078,50,50,50,48,0.9600,True,0.9600,True,True,0.1469
deepdetect,finger,MMCBNU_6000_genuine_106,078,078,8,80,0,0,,False,,True,False,
loftr,finger,MMCBNU_6000_genuine_107,084,084,12,12,12,7,0.5833,True,0.5590,True,True,1.2377
orb,finger,MMCBNU_6000_genuine_107,084,084,0,0,0,0,,False,,True,False,
sift,finger,MMCBNU_6000_genuine_107,084,084,1,1,0,0,,False,,True,False,
superglue,finger,MMCBNU_6000_genuine_107,084,084,231,229,0,0,,False,,True,False,
sgmnet,finger,MMCBNU_6000_genuine_107,084,084,546,653,168,20,0.1190,False,0.1182,True,False,1.6237
aspanformer,finger,MMCBNU_6000_genuine_107,084,084,4,4,4,0,,False,,True,False,
deepdetect,finger,MMCBNU_6000_genuine_107,084,084,22,4,22,0,,False,,True,False,
loftr,finger,MMCBNU_6000_genuine_108,068,068,12,12,12,12,1.0000,True,0.9905,True,True,0.4760
orb,finger,MMCBNU_6000_genuine_108,068,068,0,0,0,0,,False,,True,False,
sift,finger,MMCBNU_6000_genuine_108,068,068,1,0,0,0,,False,,True,False,
superglue,finger,MMCBNU_6000_genuine_108,068,068,121,103,1,0,,False,,True,False,
sgmnet,finger,MMCBNU_6000_genuine_108,068,068,253,307,31,11,0.3548,False,0.3502,True,False,1.4027
aspanformer,finger,MMCBNU_6000_genuine_108,068,068,0,0,0,0,,False,,True,False,
deepdetect,finger,MMCBNU_6000_genuine_108,068,068,700,116,0,0,,False,,True,False,
loftr,finger,MMCBNU_6000_genuine_109,027,027,20,20,20,14,0.7000,True,0.6965,True,True,0.0998
orb,finger,MMCBNU_6000_genuine_109,027,027,0,0,0,0,,False,,True,False,
sift,finger,MMCBNU_6000_genuine_109,027,027,0,0,0,0,,False,,True,False,
superglue,finger,MMCBNU_6000_genuine_109,027,027,319,308,0,0,,False,,True,False,
sgmnet,finger,MMCBNU_6000_genuine_109,027,027,746,783,306,39,0.1275,False,0.1253,True,False,1.8401
aspanformer,finger,MMCBNU_6000_genuine_109,027,027,1,1,0,0,,False,,True,False,
deepdetect,finger,MMCBNU_6000_genuine_109,027,027,0,66,0,0,,False,,True,False,
loftr,finger,MMCBNU_6000_genuine_110,084,084,16,16,16,11,0.6875,True,0.6786,True,True,1.3586
orb,finger,MMCBNU_6000_genuine_110,084,084,0,0,0,0,,False,,True,False,
sift,finger,MMCBNU_6000_genuine_110,084,084,0,2,0,0,,False,,True,False,
superglue,finger,MMCBNU_6000_genuine_110,084,084,409,188,0,0,,False,,True,False,
sgmnet,finger,MMCBNU_6000_genuine_110,084,084,806,409,25,7,0.2800,False,0.2683,True,False,1.0250
aspanformer,finger,MMCBNU_6000_genuine_110,084,084,3,3,0,0,,False,,True,False,
deepdetect,finger,MMCBNU_6000_genuine_110,084,084,661,961,5,0,,False,,True,False,
loftr,finger,MMCBNU_6000_genuine_111,040,040,13,13,13,11,0.8462,True,0.8352,True,True,0.8592
orb,finger,MMCBNU_6000_genuine_111,040,040,0,0,0,0,,False,,True,False,
sift,finger,MMCBNU_6000_genuine_111,040,040,1,1,0,0,,False,,True,False,
superglue,finger,MMCBNU_6000_genuine_111,040,040,141,151,2,0,,False,,True,False,
sgmnet,finger,MMCBNU_6000_genuine_111,040,040,342,264,93,14,0.1505,False,0.1498,True,False,1.3812
aspanformer,finger,MMCBNU_6000_genuine_111,040,040,1,1,1,0,,False,,True,False,
deepdetect,finger,MMCBNU_6000_genuine_111,040,040,3209,3744,57,46,0.8070,True,0.8070,True,True,1.6913
loftr,finger,MMCBNU_6000_genuine_112,094,094,44,44,44,35,0.7955,True,0.7955,True,True,0.1726
orb,finger,MMCBNU_6000_genuine_112,094,094,0,0,0,0,,False,,True,False,
sift,finger,MMCBNU_6000_genuine_112,094,094,1,1,0,0,,False,,True,False,
superglue,finger,MMCBNU_6000_genuine_112,094,094,86,99,14,6,0.4286,False,0.4055,True,False,0.7652
sgmnet,finger,MMCBNU_6000_genuine_112,094,094,479,425,94,16,0.1702,False,0.1698,True,False,1.4524
aspanformer,finger,MMCBNU_6000_genuine_112,094,094,26,26,26,24,0.9231,True,0.9229,True,True,0.5849
deepdetect,finger,MMCBNU_6000_genuine_112,094,094,3,146,0,0,,False,,True,False,
loftr,finger,MMCBNU_6000_genuine_113,095,095,21,21,21,16,0.7619,True,0.7599,True,True,1.0628
orb,finger,MMCBNU_6000_genuine_113,095,095,0,0,0,0,,False,,True,False,
sift,finger,MMCBNU_6000_genuine_113,095,095,2,2,2,0,,False,,True,False,
superglue,finger,MMCBNU_6000_genuine_113,095,095,347,287,0,0,,False,,True,False,
sgmnet,finger,MMCBNU_6000_genuine_113,095,095,362,376,79,11,0.1392,False,0.1374,True,False,0.9248
aspanformer,finger,MMCBNU_6000_genuine_113,095,095,0,0,0,0,,False,,True,False,
deepdetect,finger,MMCBNU_6000_genuine_113,095,095,8591,8932,9,0,,False,,True,False,
loftr,finger,MMCBNU_6000_genuine_114,007,007,34,34,34,30,0.8824,True,0.8823,True,True,0.9648
orb,finger,MMCBNU_6000_genuine_114,007,007,0,0,0,0,,False,,True,False,
sift,finger,MMCBNU_6000_genuine_114,007,007,0,0,0,0,,False,,True,False,
superglue,finger,MMCBNU_6000_genuine_114,007,007,110,115,9,5,0.5556,True,0.5179,True,True,0.9364
sgmnet,finger,MMCBNU_6000_genuine_114,007,007,292,285,87,14,0.1609,False,0.1601,True,False,1.1479
aspanformer,finger,MMCBNU_6000_genuine_114,007,007,4,4,4,4,1.0000,True,0.9165,True,True,0.0000
deepdetect,finger,MMCBNU_6000_genuine_114,007,007,313,750,8,0,,False,,True,False,
loftr,finger,MMCBNU_6000_genuine_115,028,028,231,231,231,211,0.9134,True,0.9134,True,True,0.7237
orb,finger,MMCBNU_6000_genuine_115,028,028,0,0,0,0,,False,,True,False,
sift,finger,MMCBNU_6000_genuine_115,028,028,3,4,3,0,,False,,True,False,
superglue,finger,MMCBNU_6000_genuine_115,028,028,478,493,1,0,,False,,True,False,
sgmnet,finger,MMCBNU_6000_genuine_115,028,028,553,551,189,30,0.1587,False,0.1582,True,False,1.5653
aspanformer,finger,MMCBNU_6000_genuine_115,028,028,737,737,737,658,0.8928,True,0.8928,True,True,0.3542
deepdetect,finger,MMCBNU_6000_genuine_115,028,028,4395,4998,63,62,0.9841,True,0.9841,True,True,1.4430
loftr,finger,MMCBNU_6000_genuine_116,100,100,17,17,17,14,0.8235,True,0.8194,True,True,1.2042
orb,finger,MMCBNU_6000_genuine_116,100,100,0,0,0,0,,False,,True,False,
sift,finger,MMCBNU_6000_genuine_116,100,100,0,2,0,0,,False,,True,False,
superglue,finger,MMCBNU_6000_genuine_116,100,100,143,185,3,0,,False,,True,False,
sgmnet,finger,MMCBNU_6000_genuine_116,100,100,430,447,114,27,0.2368,False,0.2352,True,False,1.6378
aspanformer,finger,MMCBNU_6000_genuine_116,100,100,3,3,3,0,,False,,True,False,
deepdetect,finger,MMCBNU_6000_genuine_116,100,100,8,49,0,0,,False,,True,False,
loftr,finger,MMCBNU_6000_genuine_117,004,004,35,35,35,27,0.7714,True,0.7714,True,True,0.9340
orb,finger,MMCBNU_6000_genuine_117,004,004,0,0,0,0,,False,,True,False,
sift,finger,MMCBNU_6000_genuine_117,004,004,0,0,0,0,,False,,True,False,
superglue,finger,MMCBNU_6000_genuine_117,004,004,91,95,8,5,0.6250,True,0.5826,True,True,0.8999
sgmnet,finger,MMCBNU_6000_genuine_117,004,004,331,366,102,14,0.1373,False,0.1366,True,False,1.2933
aspanformer,finger,MMCBNU_6000_genuine_117,004,004,175,175,175,168,0.9600,True,0.9600,True,True,0.2234
deepdetect,finger,MMCBNU_6000_genuine_117,004,004,199,332,0,0,,False,,True,False,
loftr,finger,MMCBNU_6000_genuine_118,098,098,15,15,15,9,0.6000,True,0.5857,True,True,1.1181
orb,finger,MMCBNU_6000_genuine_118,098,098,0,0,0,0,,False,,True,False,
sift,finger,MMCBNU_6000_genuine_118,098,098,1,0,0,0,,False,,True,False,
superglue,finger,MMCBNU_6000_genuine_118,098,098,105,110,2,0,,False,,True,False,
sgmnet,finger,MMCBNU_6000_genuine_118,098,098,238,352,50,9,0.1800,False,0.1757,True,False,0.6796
aspanformer,finger,MMCBNU_6000_genuine_118,098,098,0,0,0,0,,False,,True,False,
deepdetect,finger,MMCBNU_6000_genuine_118,098,098,626,649,2,0,,False,,True,False,
loftr,finger,MMCBNU_6000_genuine_119,039,039,149,149,149,105,0.7047,True,0.7047,True,True,0.1712
orb,finger,MMCBNU_6000_genuine_119,039,039,0,0,0,0,,False,,True,False,
sift,finger,MMCBNU_6000_genuine_119,039,039,2,2,2,0,,False,,True,False,
superglue,finger,MMCBNU_6000_genuine_119,039,039,370,171,0,0,,False,,True,False,
sgmnet,finger,MMCBNU_6000_genuine_119,039,039,590,388,97,18,0.1856,False,0.1853,True,False,1.2235
aspanformer,finger,MMCBNU_6000_genuine_119,039,039,1091,1091,1091,973,0.8918,True,0.8918,True,True,1.0928
deepdetect,finger,MMCBNU_6000_genuine_119,039,039,2035,1280,132,73,0.5530,True,0.5530,True,True,3.1072
loftr,finger,MMCBNU_6000_genuine_120,049,049,15,15,15,15,1.0000,True,0.9964,True,True,0.4743
orb,finger,MMCBNU_6000_genuine_120,049,049,0,0,0,0,,False,,True,False,
sift,finger,MMCBNU_6000_genuine_120,049,049,0,0,0,0,,False,,True,False,
superglue,finger,MMCBNU_6000_genuine_120,049,049,149,204,1,0,,False,,True,False,
sgmnet,finger,MMCBNU_6000_genuine_120,049,049,460,359,147,32,0.2177,False,0.2177,True,False,1.2501
aspanformer,finger,MMCBNU_6000_genuine_120,049,049,10,10,10,9,0.9000,True,0.8785,True,True,0.3582
deepdetect,finger,MMCBNU_6000_genuine_120,049,049,113,479,0,0,,False,,True,False,
loftr,finger,MMCBNU_6000_genuine_121,033,033,4,4,4,4,1.0000,True,0.9165,True,True,0.0000
orb,finger,MMCBNU_6000_genuine_121,033,033,0,0,0,0,,False,,True,False,
sift,finger,MMCBNU_6000_genuine_121,033,033,0,0,0,0,,False,,True,False,
superglue,finger,MMCBNU_6000_genuine_121,033,033,169,80,6,5,0.8333,True,0.7768,True,True,0.7395
sgmnet,finger,MMCBNU_6000_genuine_121,033,033,568,308,33,9,0.2727,False,0.2662,True,False,0.8048
aspanformer,finger,MMCBNU_6000_genuine_121,033,033,0,0,0,0,,False,,True,False,
deepdetect,finger,MMCBNU_6000_genuine_121,033,033,487,12,0,0,,False,,True,False,
loftr,finger,MMCBNU_6000_genuine_122,009,009,26,26,26,22,0.8462,True,0.8459,True,True,1.1725
orb,finger,MMCBNU_6000_genuine_122,009,009,0,0,0,0,,False,,True,False,
sift,finger,MMCBNU_6000_genuine_122,009,009,0,1,0,0,,False,,True,False,
superglue,finger,MMCBNU_6000_genuine_122,009,009,79,46,8,4,0.5000,True,0.4583,True,True,0.0000
sgmnet,finger,MMCBNU_6000_genuine_122,009,009,331,286,85,19,0.2235,False,0.2233,True,False,1.4791
aspanformer,finger,MMCBNU_6000_genuine_122,009,009,72,72,72,66,0.9167,True,0.9167,True,True,1.1577
deepdetect,finger,MMCBNU_6000_genuine_122,009,009,233,429,0,0,,False,,True,False,
loftr,finger,MMCBNU_6000_genuine_123,026,026,11,11,11,9,0.8182,True,0.7987,True,True,0.0848
orb,finger,MMCBNU_6000_genuine_123,026,026,0,0,0,0,,False,,True,False,
sift,finger,MMCBNU_6000_genuine_123,026,026,0,2,0,0,,False,,True,False,
superglue,finger,MMCBNU_6000_genuine_123,026,026,467,209,1,0,,False,,True,False,
sgmnet,finger,MMCBNU_6000_genuine_123,026,026,787,430,64,12,0.1875,False,0.1857,True,False,1.4604
aspanformer,finger,MMCBNU_6000_genuine_123,026,026,4,4,4,0,,False,,True,False,
deepdetect,finger,MMCBNU_6000_genuine_123,026,026,2415,2464,1,0,,False,,True,False,
loftr,finger,MMCBNU_6000_genuine_124,069,069,40,40,40,29,0.7250,True,0.7250,True,True,0.1158
orb,finger,MMCBNU_6000_genuine_124,069,069,0,0,0,0,,False,,True,False,
sift,finger,MMCBNU_6000_genuine_124,069,069,0,0,0,0,,False,,True,False,
superglue,finger,MMCBNU_6000_genuine_124,069,069,58,193,1,0,,False,,True,False,
sgmnet,finger,MMCBNU_6000_genuine_124,069,069,222,375,63,15,0.2381,False,0.2372,True,False,1.4106
aspanformer,finger,MMCBNU_6000_genuine_124,069,069,16,16,16,15,0.9375,True,0.9341,True,True,0.3247
deepdetect,finger,MMCBNU_6000_genuine_124,069,069,1006,560,0,0,,False,,True,False,
loftr,finger,MMCBNU_6000_genuine_125,088,088,21,21,21,17,0.8095,True,0.8080,True,True,1.1213
orb,finger,MMCBNU_6000_genuine_125,088,088,0,0,0,0,,False,,True,False,
sift,finger,MMCBNU_6000_genuine_125,088,088,0,0,0,0,,False,,True,False,
superglue,finger,MMCBNU_6000_genuine_125,088,088,343,159,0,0,,False,,True,False,
sgmnet,finger,MMCBNU_6000_genuine_125,088,088,698,459,85,13,0.1529,False,0.1519,True,False,1.0870
aspanformer,finger,MMCBNU_6000_genuine_125,088,088,4,4,4,0,,False,,True,False,
loftr,finger,MMCBNU_6000_genuine_126,039,039,85,85,85,63,0.7412,True,0.7412,True,True,0.4650
orb,finger,MMCBNU_6000_genuine_126,039,039,0,0,0,0,,False,,True,False,
sift,finger,MMCBNU_6000_genuine_126,039,039,1,2,0,0,,False,,True,False,
superglue,finger,MMCBNU_6000_genuine_126,039,039,397,151,1,0,,False,,True,False,
sgmnet,finger,MMCBNU_6000_genuine_126,039,039,628,355,45,13,0.2889,False,0.2869,True,False,1.0853
aspanformer,finger,MMCBNU_6000_genuine_126,039,039,792,792,792,729,0.9205,True,0.9205,True,True,0.7162
deepdetect,finger,MMCBNU_6000_genuine_126,039,039,2785,1577,7,0,,False,,True,False,
loftr,finger,MMCBNU_6000_genuine_127,026,026,291,291,291,266,0.9141,True,0.9141,True,True,0.1905
orb,finger,MMCBNU_6000_genuine_127,026,026,0,0,0,0,,False,,True,False,
sift,finger,MMCBNU_6000_genuine_127,026,026,0,0,0,0,,False,,True,False,
superglue,finger,MMCBNU_6000_genuine_127,026,026,504,488,0,0,,False,,True,False,
sgmnet,finger,MMCBNU_6000_genuine_127,026,026,750,743,219,22,0.1005,False,0.1004,True,False,1.4819
aspanformer,finger,MMCBNU_6000_genuine_127,026,026,618,618,618,610,0.9871,True,0.9871,True,True,0.2410
deepdetect,finger,MMCBNU_6000_genuine_127,026,026,1875,1866,14,0,,False,,True,False,
loftr,finger,MMCBNU_6000_genuine_128,080,080,3,3,3,0,,False,,True,False,
orb,finger,MMCBNU_6000_genuine_128,080,080,0,0,0,0,,False,,True,False,
sift,finger,MMCBNU_6000_genuine_128,080,080,2,2,1,0,,False,,True,False,
superglue,finger,MMCBNU_6000_genuine_128,080,080,178,328,1,0,,False,,True,False,
sgmnet,finger,MMCBNU_6000_genuine_128,080,080,332,491,74,10,0.1351,False,0.1327,True,False,0.9989
aspanformer,finger,MMCBNU_6000_genuine_128,080,080,3,3,3,0,,False,,True,False,
deepdetect,finger,MMCBNU_6000_genuine_128,080,080,1480,1052,5,0,,False,,True,False,
loftr,finger,MMCBNU_6000_genuine_129,061,061,9,9,9,9,1.0000,True,0.9762,True,True,0.1896
orb,finger,MMCBNU_6000_genuine_129,061,061,0,0,0,0,,False,,True,False,
sift,finger,MMCBNU_6000_genuine_129,061,061,1,1,0,0,,False,,True,False,
superglue,finger,MMCBNU_6000_genuine_129,061,061,162,169,3,0,,False,,True,False,
sgmnet,finger,MMCBNU_6000_genuine_129,061,061,663,648,210,20,0.0952,False,0.0947,True,False,1.5991
aspanformer,finger,MMCBNU_6000_genuine_129,061,061,3,3,3,0,,False,,True,False,
deepdetect,finger,MMCBNU_6000_genuine_129,061,061,6,0,0,0,,False,,True,False,
loftr,finger,MMCBNU_6000_genuine_130,049,049,107,107,107,77,0.7196,True,0.7196,True,True,0.1849
orb,finger,MMCBNU_6000_genuine_130,049,049,0,0,0,0,,False,,True,False,
sift,finger,MMCBNU_6000_genuine_130,049,049,1,0,0,0,,False,,True,False,
superglue,finger,MMCBNU_6000_genuine_130,049,049,130,303,2,0,,False,,True,False,
sgmnet,finger,MMCBNU_6000_genuine_130,049,049,478,801,83,9,0.1084,False,0.1058,True,False,0.9883
aspanformer,finger,MMCBNU_6000_genuine_130,049,049,19,19,19,18,0.9474,True,0.9461,True,True,0.4801
deepdetect,finger,MMCBNU_6000_genuine_130,049,049,859,1270,1,0,,False,,True,False,
loftr,finger,MMCBNU_6000_genuine_131,079,079,31,31,31,24,0.7742,True,0.7519,True,True,2.0810
orb,finger,MMCBNU_6000_genuine_131,079,079,0,0,0,0,,False,,True,False,
sift,finger,MMCBNU_6000_genuine_131,079,079,1,1,0,0,,False,,True,False,
superglue,finger,MMCBNU_6000_genuine_131,079,079,211,184,0,0,,False,,True,False,
sgmnet,finger,MMCBNU_6000_genuine_131,079,079,735,585,134,17,0.1269,False,0.1266,True,False,1.3218
aspanformer,finger,MMCBNU_6000_genuine_131,079,079,1,1,1,0,,False,,True,False,
deepdetect,finger,MMCBNU_6000_genuine_131,079,079,0,0,0,0,,False,,True,False,
loftr,finger,MMCBNU_6000_genuine_132,056,056,20,20,20,15,0.7500,True,0.7473,True,True,1.4325
orb,finger,MMCBNU_6000_genuine_132,056,056,0,0,0,0,,False,,True,False,
sift,finger,MMCBNU_6000_genuine_132,056,056,1,0,0,0,,False,,True,False,
superglue,finger,MMCBNU_6000_genuine_132,056,056,278,216,1,0,,False,,True,False,
sgmnet,finger,MMCBNU_6000_genuine_132,056,056,666,572,158,25,0.1582,False,0.1582,True,False,1.3204
aspanformer,finger,MMCBNU_6000_genuine_132,056,056,530,530,530,497,0.9377,True,0.9377,True,True,1.0890
deepdetect,finger,MMCBNU_6000_genuine_132,056,056,4,0,0,0,,False,,True,False,
loftr,finger,MMCBNU_6000_genuine_133,018,018,24,24,24,19,0.7917,True,0.7909,True,True,0.4735
orb,finger,MMCBNU_6000_genuine_133,018,018,0,0,0,0,,False,,True,False,
sift,finger,MMCBNU_6000_genuine_133,018,018,5,3,3,0,,False,,True,False,
superglue,finger,MMCBNU_6000_genuine_133,018,018,170,85,2,0,,False,,True,False,
sgmnet,finger,MMCBNU_6000_genuine_133,018,018,339,200,48,11,0.2292,False,0.2262,True,False,1.3590
aspanformer,finger,MMCBNU_6000_genuine_133,018,018,21,21,21,20,0.9524,True,0.9517,True,True,0.8219
deepdetect,finger,MMCBNU_6000_genuine_133,018,018,5695,3781,38,34,0.8947,True,0.8947,True,True,1.4157
loftr,finger,MMCBNU_6000_genuine_134,033,033,283,283,283,230,0.8127,True,0.8127,True,True,0.5897
orb,finger,MMCBNU_6000_genuine_134,033,033,0,0,0,0,,False,,True,False,
sift,finger,MMCBNU_6000_genuine_134,033,033,1,0,0,0,,False,,True,False,
superglue,finger,MMCBNU_6000_genuine_134,033,033,91,88,25,8,0.3200,False,0.3098,True,False,1.2517
sgmnet,finger,MMCBNU_6000_genuine_134,033,033,406,397,132,40,0.3030,False,0.3021,True,False,1.5596
aspanformer,finger,MMCBNU_6000_genuine_134,033,033,458,458,458,458,1.0000,True,1.0000,True,True,0.1321
deepdetect,finger,MMCBNU_6000_genuine_134,033,033,462,564,3,0,,False,,True,False,
loftr,finger,MMCBNU_6000_genuine_135,017,017,48,48,48,35,0.7292,True,0.7292,True,True,1.1401
orb,finger,MMCBNU_6000_genuine_135,017,017,0,0,0,0,,False,,True,False,
sift,finger,MMCBNU_6000_genuine_135,017,017,2,2,2,0,,False,,True,False,
superglue,finger,MMCBNU_6000_genuine_135,017,017,91,96,7,4,0.5714,True,0.5237,True,True,0.0000
sgmnet,finger,MMCBNU_6000_genuine_135,017,017,246,232,78,21,0.2692,False,0.2691,True,False,1.4448
aspanformer,finger,MMCBNU_6000_genuine_135,017,017,110,110,110,101,0.9182,True,0.9182,True,True,0.2570
deepdetect,finger,MMCBNU_6000_genuine_135,017,017,1743,3114,21,0,,False,,True,False,
loftr,finger,MMCBNU_6000_genuine_136,030,030,204,204,204,171,0.8382,True,0.8382,True,True,0.6194
orb,finger,MMCBNU_6000_genuine_136,030,030,0,0,0,0,,False,,True,False,
sift,finger,MMCBNU_6000_genuine_136,030,030,0,0,0,0,,False,,True,False,
superglue,finger,MMCBNU_6000_genuine_136,030,030,165,122,2,0,,False,,True,False,
sgmnet,finger,MMCBNU_6000_genuine_136,030,030,373,380,144,20,0.1389,False,0.1388,True,False,1.3179
aspanformer,finger,MMCBNU_6000_genuine_136,030,030,1409,1409,1409,1321,0.9375,True,0.9375,True,True,0.3800
deepdetect,finger,MMCBNU_6000_genuine_136,030,030,465,237,3,0,,False,,True,False,
loftr,finger,MMCBNU_6000_genuine_137,091,091,12,12,12,9,0.7500,True,0.7280,True,True,1.6119
orb,finger,MMCBNU_6000_genuine_137,091,091,0,0,0,0,,False,,True,False,
sift,finger,MMCBNU_6000_genuine_137,091,091,2,2,2,0,,False,,True,False,
superglue,finger,MMCBNU_6000_genuine_137,091,091,396,361,1,0,,False,,True,False,
sgmnet,finger,MMCBNU_6000_genuine_137,091,091,622,549,158,19,0.1203,False,0.1201,True,False,1.2820
aspanformer,finger,MMCBNU_6000_genuine_137,091,091,1,1,1,0,,False,,True,False,
deepdetect,finger,MMCBNU_6000_genuine_137,091,091,672,463,0,0,,False,,True,False,
loftr,finger,MMCBNU_6000_genuine_138,069,069,19,19,19,18,0.9474,True,0.9461,True,True,0.7514
orb,finger,MMCBNU_6000_genuine_138,069,069,0,0,0,0,,False,,True,False,
sift,finger,MMCBNU_6000_genuine_138,069,069,0,0,0,0,,False,,True,False,
superglue,finger,MMCBNU_6000_genuine_138,069,069,121,138,6,4,0.6667,True,0.6110,True,True,0.0000
sgmnet,finger,MMCBNU_6000_genuine_138,069,069,508,505,188,24,0.1277,False,0.1271,True,False,1.5824
aspanformer,finger,MMCBNU_6000_genuine_138,069,069,12,12,12,12,1.0000,True,0.9905,True,True,0.2325
deepdetect,finger,MMCBNU_6000_genuine_138,069,069,38,99,0,0,,False,,True,False,
loftr,finger,MMCBNU_6000_genuine_139,066,066,40,40,40,33,0.8250,True,0.8250,True,True,1.0962
orb,finger,MMCBNU_6000_genuine_139,066,066,0,0,0,0,,False,,True,False,
sift,finger,MMCBNU_6000_genuine_139,066,066,3,1,0,0,,False,,True,False,
superglue,finger,MMCBNU_6000_genuine_139,066,066,447,181,0,0,,False,,True,False,
sgmnet,finger,MMCBNU_6000_genuine_139,066,066,567,312,67,15,0.2239,False,0.2222,True,False,1.5773
aspanformer,finger,MMCBNU_6000_genuine_139,066,066,15,15,15,15,1.0000,True,0.9964,True,True,0.1141
deepdetect,finger,MMCBNU_6000_genuine_139,066,066,2474,1248,12,10,0.8333,True,0.8333,True,True,1.7057
loftr,finger,MMCBNU_6000_genuine_140,032,032,53,53,53,36,0.6792,True,0.6792,True,True,1.3437
orb,finger,MMCBNU_6000_genuine_140,032,032,0,0,0,0,,False,,True,False,
sift,finger,MMCBNU_6000_genuine_140,032,032,1,1,0,0,,False,,True,False,
superglue,finger,MMCBNU_6000_genuine_140,032,032,361,80,0,0,,False,,True,False,
sgmnet,finger,MMCBNU_6000_genuine_140,032,032,785,380,28,9,0.3214,False,0.3138,True,False,1.3374
aspanformer,finger,MMCBNU_6000_genuine_140,032,032,170,170,170,167,0.9824,True,0.9824,True,True,0.1705
deepdetect,finger,MMCBNU_6000_genuine_140,032,032,760,366,0,0,,False,,True,False,
loftr,finger,MMCBNU_6000_genuine_141,091,091,67,67,67,51,0.7612,True,0.7612,True,True,0.4754
orb,finger,MMCBNU_6000_genuine_141,091,091,0,0,0,0,,False,,True,False,
sift,finger,MMCBNU_6000_genuine_141,091,091,0,0,0,0,,False,,True,False,
superglue,finger,MMCBNU_6000_genuine_141,091,091,189,205,3,0,,False,,True,False,
sgmnet,finger,MMCBNU_6000_genuine_141,091,091,343,395,126,18,0.1429,False,0.1421,True,False,1.5845
aspanformer,finger,MMCBNU_6000_genuine_141,091,091,41,41,41,39,0.9512,True,0.9512,True,True,0.5583
deepdetect,finger,MMCBNU_6000_genuine_141,091,091,514,405,7,0,,False,,True,False,
loftr,finger,MMCBNU_6000_genuine_142,071,071,36,36,36,21,0.5833,True,0.5821,True,True,1.5327
orb,finger,MMCBNU_6000_genuine_142,071,071,0,0,0,0,,False,,True,False,
sift,finger,MMCBNU_6000_genuine_142,071,071,0,0,0,0,,False,,True,False,
superglue,finger,MMCBNU_6000_genuine_142,071,071,374,354,2,0,,False,,True,False,
sgmnet,finger,MMCBNU_6000_genuine_142,071,071,975,968,117,10,0.0855,False,0.0835,True,False,1.6166
aspanformer,finger,MMCBNU_6000_genuine_142,071,071,52,52,52,52,1.0000,True,1.0000,True,True,0.2966
deepdetect,finger,MMCBNU_6000_genuine_142,071,071,724,2000,10,0,,False,,True,False,
loftr,finger,MMCBNU_6000_genuine_143,052,052,13,13,13,10,0.7692,True,0.7556,True,True,0.1209
orb,finger,MMCBNU_6000_genuine_143,052,052,0,0,0,0,,False,,True,False,
sift,finger,MMCBNU_6000_genuine_143,052,052,0,2,0,0,,False,,True,False,
superglue,finger,MMCBNU_6000_genuine_143,052,052,130,191,6,4,0.6667,True,0.6110,True,True,0.0000
sgmnet,finger,MMCBNU_6000_genuine_143,052,052,258,282,66,10,0.1515,False,0.1488,True,False,1.2433
aspanformer,finger,MMCBNU_6000_genuine_143,052,052,42,42,42,40,0.9524,True,0.9524,True,True,0.7823
deepdetect,finger,MMCBNU_6000_genuine_143,052,052,3864,3065,6,0,,False,,True,False,
loftr,finger,MMCBNU_6000_genuine_144,071,071,5,5,5,4,0.8000,True,0.7332,True,True,0.0000
orb,finger,MMCBNU_6000_genuine_144,071,071,0,0,0,0,,False,,True,False,
sift,finger,MMCBNU_6000_genuine_144,071,071,0,3,0,0,,False,,True,False,
superglue,finger,MMCBNU_6000_genuine_144,071,071,205,323,0,0,,False,,True,False,
sgmnet,finger,MMCBNU_6000_genuine_144,071,071,713,1061,156,18,0.1154,False,0.1152,True,False,1.2120
aspanformer,finger,MMCBNU_6000_genuine_144,071,071,13,13,13,0,,False,,True,False,
deepdetect,finger,MMCBNU_6000_genuine_144,071,071,37,88,1,0,,False,,True,False,
loftr,finger,MMCBNU_6000_genuine_145,049,049,18,18,18,11,0.6111,True,0.6032,True,True,1.0954
orb,finger,MMCBNU_6000_genuine_145,049,049,0,0,0,0,,False,,True,False,
sift,finger,MMCBNU_6000_genuine_145,049,049,0,0,0,0,,False,,True,False,
superglue,finger,MMCBNU_6000_genuine_145,049,049,315,320,2,0,,False,,True,False,
sgmnet,finger,MMCBNU_6000_genuine_145,049,049,757,622,145,15,0.1034,False,0.1031,True,False,1.1977
aspanformer,finger,MMCBNU_6000_genuine_145,049,049,42,42,42,42,1.0000,True,1.0000,True,True,0.1695
deepdetect,finger,MMCBNU_6000_genuine_145,049,049,6,48,0,0,,False,,True,False,
loftr,finger,MMCBNU_6000_genuine_146,044,044,27,27,27,22,0.8148,True,0.8145,True,True,1.4252
orb,finger,MMCBNU_6000_genuine_146,044,044,0,0,0,0,,False,,True,False,
sift,finger,MMCBNU_6000_genuine_146,044,044,0,0,0,0,,False,,True,False,
superglue,finger,MMCBNU_6000_genuine_146,044,044,90,186,1,0,,False,,True,False,
sgmnet,finger,MMCBNU_6000_genuine_146,044,044,416,674,97,13,0.1340,False,0.1331,True,False,1.3140
aspanformer,finger,MMCBNU_6000_genuine_146,044,044,2,2,2,0,,False,,True,False,
deepdetect,finger,MMCBNU_6000_genuine_146,044,044,549,1155,11,11,1.0000,True,1.0000,True,True,0.5918
loftr,finger,MMCBNU_6000_genuine_147,027,027,26,26,26,25,0.9615,True,0.9614,True,True,0.1351
orb,finger,MMCBNU_6000_genuine_147,027,027,0,0,0,0,,False,,True,False,
sift,finger,MMCBNU_6000_genuine_147,027,027,0,0,0,0,,False,,True,False,
superglue,finger,MMCBNU_6000_genuine_147,027,027,336,319,1,0,,False,,True,False,
sgmnet,finger,MMCBNU_6000_genuine_147,027,027,822,746,296,56,0.1892,False,0.1886,True,False,1.5585
aspanformer,finger,MMCBNU_6000_genuine_147,027,027,1,1,1,0,,False,,True,False,
deepdetect,finger,MMCBNU_6000_genuine_147,027,027,9,0,0,0,,False,,True,False,
loftr,finger,MMCBNU_6000_genuine_148,017,017,9,9,9,7,0.7778,True,0.7453,True,True,1.1643
orb,finger,MMCBNU_6000_genuine_148,017,017,0,0,0,0,,False,,True,False,
sift,finger,MMCBNU_6000_genuine_148,017,017,4,3,3,0,,False,,True,False,
superglue,finger,MMCBNU_6000_genuine_148,017,017,85,84,1,0,,False,,True,False,
sgmnet,finger,MMCBNU_6000_genuine_148,017,017,231,256,83,18,0.2169,False,0.2160,True,False,1.5540
aspanformer,finger,MMCBNU_6000_genuine_148,017,017,68,68,68,65,0.9559,True,0.9559,True,True,0.8209
deepdetect,finger,MMCBNU_6000_genuine_148,017,017,1349,1893,50,50,1.0000,True,1.0000,True,True,1.4011
loftr,finger,MMCBNU_6000_genuine_149,062,062,25,25,25,22,0.8800,True,0.8797,True,True,0.5768
orb,finger,MMCBNU_6000_genuine_149,062,062,0,0,0,0,,False,,True,False,
sift,finger,MMCBNU_6000_genuine_149,062,062,0,1,0,0,,False,,True,False,
superglue,finger,MMCBNU_6000_genuine_149,062,062,118,107,5,4,0.8000,True,0.7332,True,True,0.0000
sgmnet,finger,MMCBNU_6000_genuine_149,062,062,342,337,73,9,0.1233,False,0.1203,True,False,0.9576
aspanformer,finger,MMCBNU_6000_genuine_149,062,062,14,14,14,12,0.8571,True,0.8490,True,True,0.1044
deepdetect,finger,MMCBNU_6000_genuine_149,062,062,0,23,0,0,,False,,True,False,
loftr,finger,MMCBNU_6000_genuine_150,060,060,44,44,44,34,0.7727,True,0.7727,True,True,1.3684
orb,finger,MMCBNU_6000_genuine_150,060,060,0,0,0,0,,False,,True,False,
sift,finger,MMCBNU_6000_genuine_150,060,060,0,0,0,0,,False,,True,False,
superglue,finger,MMCBNU_6000_genuine_150,060,060,89,106,2,0,,False,,True,False,
sgmnet,finger,MMCBNU_6000_genuine_150,060,060,469,536,102,10,0.0980,False,0.0963,True,False,1.0355
aspanformer,finger,MMCBNU_6000_genuine_150,060,060,26,26,26,26,1.0000,True,0.9999,True,True,0.1132
deepdetect,finger,MMCBNU_6000_genuine_150,060,060,105,10,10,0,,False,,True,False,
loftr,finger,MMCBNU_6000_genuine_151,012,012,51,51,51,47,0.9216,True,0.9216,True,True,0.7139
orb,finger,MMCBNU_6000_genuine_151,012,012,0,0,0,0,,False,,True,False,
sift,finger,MMCBNU_6000_genuine_151,012,012,0,0,0,0,,False,,True,False,
superglue,finger,MMCBNU_6000_genuine_151,012,012,101,195,3,0,,False,,True,False,
sgmnet,finger,MMCBNU_6000_genuine_151,012,012,406,607,116,27,0.2328,False,0.2318,True,False,1.5819
aspanformer,finger,MMCBNU_6000_genuine_151,012,012,7,7,7,7,1.0000,True,0.9583,True,True,0.1993
deepdetect,finger,MMCBNU_6000_genuine_151,012,012,274,592,1,0,,False,,True,False,
loftr,finger,MMCBNU_6000_genuine_152,092,092,15,15,15,10,0.6667,True,0.6549,True,True,1.3613
orb,finger,MMCBNU_6000_genuine_152,092,092,0,0,0,0,,False,,True,False,
sift,finger,MMCBNU_6000_genuine_152,092,092,2,2,2,0,,False,,True,False,
superglue,finger,MMCBNU_6000_genuine_152,092,092,210,219,0,0,,False,,True,False,
sgmnet,finger,MMCBNU_6000_genuine_152,092,092,446,453,96,13,0.1354,False,0.1345,True,False,1.1646
aspanformer,finger,MMCBNU_6000_genuine_152,092,092,15,15,15,13,0.8667,True,0.8607,True,True,0.9889
deepdetect,finger,MMCBNU_6000_genuine_152,092,092,2402,1802,7,0,,False,,True,False,
loftr,finger,MMCBNU_6000_genuine_153,006,006,20,20,20,20,1.0000,True,0.9993,True,True,0.1346
orb,finger,MMCBNU_6000_genuine_153,006,006,0,0,0,0,,False,,True,False,
sift,finger,MMCBNU_6000_genuine_153,006,006,0,1,0,0,,False,,True,False,
superglue,finger,MMCBNU_6000_genuine_153,006,006,162,166,6,4,0.6667,True,0.6110,True,True,0.0000
sgmnet,finger,MMCBNU_6000_genuine_153,006,006,532,548,195,29,0.1487,False,0.1482,True,False,1.5690
aspanformer,finger,MMCBNU_6000_genuine_153,006,006,4,4,0,0,,False,,True,False,
deepdetect,finger,MMCBNU_6000_genuine_153,006,006,27,33,0,0,,False,,True,False,
loftr,finger,MMCBNU_6000_genuine_154,014,014,284,284,284,222,0.7817,True,0.7812,True,True,1.5122
orb,finger,MMCBNU_6000_genuine_154,014,014,0,0,0,0,,False,,True,False,
sift,finger,MMCBNU_6000_genuine_154,014,014,1,2,0,0,,False,,True,False,
superglue,finger,MMCBNU_6000_genuine_154,014,014,53,68,4,4,1.0000,True,0.9165,True,True,0.0000
sgmnet,finger,MMCBNU_6000_genuine_154,014,014,247,246,87,24,0.2759,False,0.2733,True,False,1.6846
aspanformer,finger,MMCBNU_6000_genuine_154,014,014,1266,1266,1266,1266,1.0000,True,1.0000,True,True,0.2510
deepdetect,finger,MMCBNU_6000_genuine_154,014,014,158,280,1,0,,False,,True,False,
loftr,finger,MMCBNU_6000_genuine_155,019,019,52,52,52,43,0.8269,True,0.8269,True,True,0.1884
orb,finger,MMCBNU_6000_genuine_155,019,019,0,0,0,0,,False,,True,False,
sift,finger,MMCBNU_6000_genuine_155,019,019,2,4,2,0,,False,,True,False,
superglue,finger,MMCBNU_6000_genuine_155,019,019,207,207,1,0,,False,,True,False,
sgmnet,finger,MMCBNU_6000_genuine_155,019,019,294,254,80,19,0.2375,False,0.2369,True,False,1.5296
aspanformer,finger,MMCBNU_6000_genuine_155,019,019,10,10,10,10,1.0000,True,0.9823,True,True,0.0435
deepdetect,finger,MMCBNU_6000_genuine_155,019,019,4953,4415,30,23,0.7667,True,0.7667,True,True,1.1493
loftr,finger,MMCBNU_6000_genuine_156,077,077,30,30,30,22,0.7333,True,0.7331,True,True,1.4113
orb,finger,MMCBNU_6000_genuine_156,077,077,0,0,0,0,,False,,True,False,
sift,finger,MMCBNU_6000_genuine_156,077,077,4,3,2,0,,False,,True,False,
superglue,finger,MMCBNU_6000_genuine_156,077,077,211,170,0,0,,False,,True,False,
sgmnet,finger,MMCBNU_6000_genuine_156,077,077,414,334,91,13,0.1429,False,0.1419,True,False,1.3993
aspanformer,finger,MMCBNU_6000_genuine_156,077,077,9,9,0,0,,False,,True,False,
deepdetect,finger,MMCBNU_6000_genuine_156,077,077,3592,2992,31,31,1.0000,True,1.0000,True,True,0.3284
loftr,finger,MMCBNU_6000_genuine_157,020,020,104,104,104,67,0.6442,True,0.6291,True,True,1.9769
orb,finger,MMCBNU_6000_genuine_157,020,020,0,0,0,0,,False,,True,False,
sift,finger,MMCBNU_6000_genuine_157,020,020,0,0,0,0,,False,,True,False,
superglue,finger,MMCBNU_6000_genuine_157,020,020,194,477,0,0,,False,,True,False,
sgmnet,finger,MMCBNU_6000_genuine_157,020,020,326,766,41,8,0.1951,False,0.1889,True,False,0.5603
aspanformer,finger,MMCBNU_6000_genuine_157,020,020,5,5,5,5,1.0000,True,0.9322,True,True,0.1631
deepdetect,finger,MMCBNU_6000_genuine_157,020,020,1008,474,54,0,,False,,True,False,
loftr,finger,MMCBNU_6000_genuine_158,097,097,114,114,114,81,0.7105,True,0.7085,True,True,1.5562
orb,finger,MMCBNU_6000_genuine_158,097,097,0,0,0,0,,False,,True,False,
sift,finger,MMCBNU_6000_genuine_158,097,097,3,2,2,0,,False,,True,False,
superglue,finger,MMCBNU_6000_genuine_158,097,097,323,144,1,0,,False,,True,False,
sgmnet,finger,MMCBNU_6000_genuine_158,097,097,419,267,104,21,0.2019,False,0.2006,True,False,1.6223
aspanformer,finger,MMCBNU_6000_genuine_158,097,097,310,310,310,284,0.9161,True,0.9161,True,True,1.2564
deepdetect,finger,MMCBNU_6000_genuine_158,097,097,3287,1981,14,14,1.0000,True,1.0000,True,True,0.7912
loftr,finger,MMCBNU_6000_genuine_159,083,083,299,299,0,0,,False,,True,False,
orb,finger,MMCBNU_6000_genuine_159,083,083,0,0,0,0,,False,,True,False,
sift,finger,MMCBNU_6000_genuine_159,083,083,0,1,0,0,,False,,True,False,
superglue,finger,MMCBNU_6000_genuine_159,083,083,275,349,0,0,,False,,True,False,
sgmnet,finger,MMCBNU_6000_genuine_159,083,083,673,837,111,13,0.1171,False,0.1163,True,False,1.3017
aspanformer,finger,MMCBNU_6000_genuine_159,083,083,0,0,0,0,,False,,True,False,
deepdetect,finger,MMCBNU_6000_genuine_159,083,083,166,3710,0,0,,False,,True,False,
loftr,finger,MMCBNU_6000_genuine_160,052,052,41,41,41,33,0.8049,True,0.8049,True,True,0.1126
orb,finger,MMCBNU_6000_genuine_160,052,052,0,0,0,0,,False,,True,False,
sift,finger,MMCBNU_6000_genuine_160,052,052,0,0,0,0,,False,,True,False,
superglue,finger,MMCBNU_6000_genuine_160,052,052,131,97,6,0,,False,,True,False,
sgmnet,finger,MMCBNU_6000_genuine_160,052,052,262,264,72,20,0.2778,False,0.2719,True,False,1.9133
aspanformer,finger,MMCBNU_6000_genuine_160,052,052,407,407,407,407,1.0000,True,1.0000,True,True,0.2256
deepdetect,finger,MMCBNU_6000_genuine_160,052,052,804,469,2,0,,False,,True,False,
loftr,finger,MMCBNU_6000_genuine_161,073,073,8,8,8,6,0.7500,True,0.7097,True,True,0.8459
orb,finger,MMCBNU_6000_genuine_161,073,073,0,0,0,0,,False,,True,False,
sift,finger,MMCBNU_6000_genuine_161,073,073,0,1,0,0,,False,,True,False,
superglue,finger,MMCBNU_6000_genuine_161,073,073,170,157,0,0,,False,,True,False,
sgmnet,finger,MMCBNU_6000_genuine_161,073,073,489,337,77,11,0.1429,False,0.1410,True,False,1.1025
aspanformer,finger,MMCBNU_6000_genuine_161,073,073,1,1,0,0,,False,,True,False,
deepdetect,finger,MMCBNU_6000_genuine_161,073,073,16,207,0,0,,False,,True,False,
loftr,finger,MMCBNU_6000_genuine_162,008,008,4,4,4,4,1.0000,True,0.9165,True,True,0.0000
orb,finger,MMCBNU_6000_genuine_162,008,008,0,0,0,0,,False,,True,False,
sift,finger,MMCBNU_6000_genuine_162,008,008,1,0,0,0,,False,,True,False,
superglue,finger,MMCBNU_6000_genuine_162,008,008,181,183,4,0,,False,,True,False,
sgmnet,finger,MMCBNU_6000_genuine_162,008,008,365,386,86,13,0.1512,False,0.1501,True,False,1.3252
aspanformer,finger,MMCBNU_6000_genuine_162,008,008,53,53,53,53,1.0000,True,1.0000,True,True,0.1690
deepdetect,finger,MMCBNU_6000_genuine_162,008,008,1351,2522,2,0,,False,,True,False,
loftr,finger,MMCBNU_6000_genuine_163,047,047,47,47,47,35,0.7447,True,0.7204,True,True,2.1631
orb,finger,MMCBNU_6000_genuine_163,047,047,0,0,0,0,,False,,True,False,
sift,finger,MMCBNU_6000_genuine_163,047,047,0,0,0,0,,False,,True,False,
superglue,finger,MMCBNU_6000_genuine_163,047,047,81,210,0,0,,False,,True,False,
sgmnet,finger,MMCBNU_6000_genuine_163,047,047,298,514,71,14,0.1972,False,0.1962,True,False,0.9801
aspanformer,finger,MMCBNU_6000_genuine_163,047,047,145,145,145,132,0.9103,True,0.9103,True,True,0.3402
deepdetect,finger,MMCBNU_6000_genuine_163,047,047,56,89,0,0,,False,,True,False,
loftr,finger,MMCBNU_6000_genuine_164,047,047,140,140,140,104,0.7429,True,0.7429,True,True,0.5181
orb,finger,MMCBNU_6000_genuine_164,047,047,0,0,0,0,,False,,True,False,
sift,finger,MMCBNU_6000_genuine_164,047,047,0,0,0,0,,False,,True,False,
superglue,finger,MMCBNU_6000_genuine_164,047,047,116,112,7,4,0.5714,True,0.5237,True,True,0.0000
sgmnet,finger,MMCBNU_6000_genuine_164,047,047,351,347,87,17,0.1954,False,0.1950,True,False,1.3299
aspanformer,finger,MMCBNU_6000_genuine_164,047,047,369,369,369,309,0.8374,True,0.8192,True,True,1.9394
deepdetect,finger,MMCBNU_6000_genuine_164,047,047,71,65,0,0,,False,,True,False,
loftr,finger,MMCBNU_6000_genuine_165,073,073,5,5,5,5,1.0000,True,0.9322,True,True,0.1670
orb,finger,MMCBNU_6000_genuine_165,073,073,0,0,0,0,,False,,True,False,
sift,finger,MMCBNU_6000_genuine_165,073,073,1,1,0,0,,False,,True,False,
superglue,finger,MMCBNU_6000_genuine_165,073,073,171,357,1,0,,False,,True,False,
sgmnet,finger,MMCBNU_6000_genuine_165,073,073,465,734,111,12,0.1081,False,0.1071,True,False,1.2354
aspanformer,finger,MMCBNU_6000_genuine_165,073,073,10,10,10,10,1.0000,True,0.9823,True,True,0.3435
deepdetect,finger,MMCBNU_6000_genuine_165,073,073,55,169,0,0,,False,,True,False,
loftr,finger,MMCBNU_6000_genuine_166,057,057,2,2,2,0,,False,,True,False,
orb,finger,MMCBNU_6000_genuine_166,057,057,0,0,0,0,,False,,True,False,
sift,finger,MMCBNU_6000_genuine_166,057,057,1,1,0,0,,False,,True,False,
superglue,finger,MMCBNU_6000_genuine_166,057,057,141,141,7,4,0.5714,True,0.5237,True,True,0.0000
sgmnet,finger,MMCBNU_6000_genuine_166,057,057,701,660,232,28,0.1207,False,0.1189,True,False,1.7938
aspanformer,finger,MMCBNU_6000_genuine_166,057,057,3,3,3,0,,False,,True,False,
deepdetect,finger,MMCBNU_6000_genuine_166,057,057,0,0,0,0,,False,,True,False,
loftr,finger,MMCBNU_6000_genuine_167,065,065,4,4,4,4,1.0000,True,0.9165,True,True,0.0000
orb,finger,MMCBNU_6000_genuine_167,065,065,0,0,0,0,,False,,True,False,
sift,finger,MMCBNU_6000_genuine_167,065,065,1,1,0,0,,False,,True,False,
superglue,finger,MMCBNU_6000_genuine_167,065,065,130,313,0,0,,False,,True,False,
sgmnet,finger,MMCBNU_6000_genuine_167,065,065,295,482,92,17,0.1848,False,0.1831,True,False,1.6486
aspanformer,finger,MMCBNU_6000_genuine_167,065,065,2,2,2,0,,False,,True,False,
deepdetect,finger,MMCBNU_6000_genuine_167,065,065,739,2283,0,0,,False,,True,False,
loftr,finger,MMCBNU_6000_genuine_168,031,031,72,72,72,46,0.6389,True,0.6389,True,True,1.2414
orb,finger,MMCBNU_6000_genuine_168,031,031,0,0,0,0,,False,,True,False,
sift,finger,MMCBNU_6000_genuine_168,031,031,0,0,0,0,,False,,True,False,
superglue,finger,MMCBNU_6000_genuine_168,031,031,94,169,0,0,,False,,True,False,
sgmnet,finger,MMCBNU_6000_genuine_168,031,031,399,716,100,19,0.1900,False,0.1898,True,False,1.2781
aspanformer,finger,MMCBNU_6000_genuine_168,031,031,4,4,4,0,,False,,True,False,
deepdetect,finger,MMCBNU_6000_genuine_168,031,031,177,97,0,0,,False,,True,False,
loftr,finger,MMCBNU_6000_genuine_169,068,068,79,79,79,68,0.8608,True,0.8608,True,True,1.4399
orb,finger,MMCBNU_6000_genuine_169,068,068,0,0,0,0,,False,,True,False,
sift,finger,MMCBNU_6000_genuine_169,068,068,0,0,0,0,,False,,True,False,
superglue,finger,MMCBNU_6000_genuine_169,068,068,166,184,4,4,1.0000,True,0.9165,True,True,0.0000
sgmnet,finger,MMCBNU_6000_genuine_169,068,068,638,547,130,20,0.1538,False,0.1537,True,False,1.4214
aspanformer,finger,MMCBNU_6000_genuine_169,068,068,9,9,9,9,1.0000,True,0.9762,True,True,0.1809
deepdetect,finger,MMCBNU_6000_genuine_169,068,068,0,0,0,0,,False,,True,False,
loftr,finger,MMCBNU_6000_genuine_170,002,002,42,42,42,35,0.8333,True,0.8333,True,True,0.6614
orb,finger,MMCBNU_6000_genuine_170,002,002,0,0,0,0,,False,,True,False,
sift,finger,MMCBNU_6000_genuine_170,002,002,1,1,0,0,,False,,True,False,
superglue,finger,MMCBNU_6000_genuine_170,002,002,132,123,4,0,,False,,True,False,
sgmnet,finger,MMCBNU_6000_genuine_170,002,002,211,187,59,16,0.2712,False,0.2705,True,False,1.2870
aspanformer,finger,MMCBNU_6000_genuine_170,002,002,1,1,1,0,,False,,True,False,
deepdetect,finger,MMCBNU_6000_genuine_170,002,002,4206,6829,6,0,,False,,True,False,
loftr,finger,MMCBNU_6000_genuine_171,083,083,322,322,0,0,,False,,True,False,
orb,finger,MMCBNU_6000_genuine_171,083,083,0,0,0,0,,False,,True,False,
sift,finger,MMCBNU_6000_genuine_171,083,083,0,1,0,0,,False,,True,False,
superglue,finger,MMCBNU_6000_genuine_171,083,083,209,349,0,0,,False,,True,False,
sgmnet,finger,MMCBNU_6000_genuine_171,083,083,565,837,97,10,0.1031,False,0.1013,True,False,1.1996
aspanformer,finger,MMCBNU_6000_genuine_171,083,083,0,0,0,0,,False,,True,False,
deepdetect,finger,MMCBNU_6000_genuine_171,083,083,275,3710,0,0,,False,,True,False,
loftr,finger,MMCBNU_6000_genuine_172,088,088,5,5,5,5,1.0000,True,0.9322,True,True,0.1101
orb,finger,MMCBNU_6000_genuine_172,088,088,0,0,0,0,,False,,True,False,
sift,finger,MMCBNU_6000_genuine_172,088,088,0,0,0,0,,False,,True,False,
superglue,finger,MMCBNU_6000_genuine_172,088,088,371,293,1,0,,False,,True,False,
sgmnet,finger,MMCBNU_6000_genuine_172,088,088,739,718,188,27,0.1436,False,0.1436,True,False,1.4459
aspanformer,finger,MMCBNU_6000_genuine_172,088,088,2,2,2,0,,False,,True,False,
deepdetect,finger,MMCBNU_6000_genuine_172,088,088,397,33,0,0,,False,,True,False,
loftr,finger,MMCBNU_6000_genuine_173,014,014,3,3,3,0,,False,,True,False,
orb,finger,MMCBNU_6000_genuine_173,014,014,0,0,0,0,,False,,True,False,
sift,finger,MMCBNU_6000_genuine_173,014,014,1,1,0,0,,False,,True,False,
superglue,finger,MMCBNU_6000_genuine_173,014,014,53,58,11,5,0.4545,False,0.4237,True,False,0.5907
sgmnet,finger,MMCBNU_6000_genuine_173,014,014,245,264,68,15,0.2206,False,0.2198,True,False,1.4166
aspanformer,finger,MMCBNU_6000_genuine_173,014,014,16,16,16,15,0.9375,True,0.9341,True,True,1.0153
deepdetect,finger,MMCBNU_6000_genuine_173,014,014,671,433,0,0,,False,,True,False,
loftr,finger,MMCBNU_6000_genuine_174,083,083,7,7,7,6,0.8571,True,0.8110,True,True,0.6558
orb,finger,MMCBNU_6000_genuine_174,083,083,0,0,0,0,,False,,True,False,
sift,finger,MMCBNU_6000_genuine_174,083,083,5,3,5,0,,False,,True,False,
superglue,finger,MMCBNU_6000_genuine_174,083,083,170,211,1,0,,False,,True,False,
sgmnet,finger,MMCBNU_6000_genuine_174,083,083,321,374,79,16,0.2025,False,0.2020,True,False,1.2374
aspanformer,finger,MMCBNU_6000_genuine_174,083,083,22,22,22,22,1.0000,True,0.9996,True,True,0.1715
deepdetect,finger,MMCBNU_6000_genuine_174,083,083,5141,4357,74,61,0.8243,True,0.8243,True,True,1.7649
loftr,finger,MMCBNU_6000_genuine_175,066,066,55,55,55,52,0.9455,True,0.9455,True,True,0.1913
orb,finger,MMCBNU_6000_genuine_175,066,066,0,0,0,0,,False,,True,False,
sift,finger,MMCBNU_6000_genuine_175,066,066,1,0,0,0,,False,,True,False,
superglue,finger,MMCBNU_6000_genuine_175,066,066,81,127,3,0,,False,,True,False,
sgmnet,finger,MMCBNU_6000_genuine_175,066,066,246,184,68,14,0.2059,False,0.2049,True,False,1.3158
aspanformer,finger,MMCBNU_6000_genuine_175,066,066,27,27,27,27,1.0000,True,0.9999,True,True,0.2038
deepdetect,finger,MMCBNU_6000_genuine_175,066,066,3813,2177,19,18,0.9474,True,0.9474,True,True,0.6595
loftr,finger,MMCBNU_6000_genuine_176,092,092,104,104,104,97,0.9327,True,0.9327,True,True,0.1237
orb,finger,MMCBNU_6000_genuine_176,092,092,0,0,0,0,,False,,True,False,
sift,finger,MMCBNU_6000_genuine_176,092,092,1,1,0,0,,False,,True,False,
superglue,finger,MMCBNU_6000_genuine_176,092,092,339,383,0,0,,False,,True,False,
sgmnet,finger,MMCBNU_6000_genuine_176,092,092,635,652,239,40,0.1674,False,0.1674,True,False,1.4863
aspanformer,finger,MMCBNU_6000_genuine_176,092,092,112,112,112,112,1.0000,True,1.0000,True,True,0.2191
deepdetect,finger,MMCBNU_6000_genuine_176,092,092,541,938,0,0,,False,,True,False,
loftr,finger,MMCBNU_6000_genuine_177,033,033,544,544,0,0,,False,,True,False,
orb,finger,MMCBNU_6000_genuine_177,033,033,0,0,0,0,,False,,True,False,
sift,finger,MMCBNU_6000_genuine_177,033,033,0,0,0,0,,False,,True,False,
superglue,finger,MMCBNU_6000_genuine_177,033,033,212,67,4,0,,False,,True,False,
sgmnet,finger,MMCBNU_6000_genuine_177,033,033,596,418,108,19,0.1759,False,0.1758,True,False,1.3209
aspanformer,finger,MMCBNU_6000_genuine_177,033,033,0,0,0,0,,False,,True,False,
deepdetect,finger,MMCBNU_6000_genuine_177,033,033,121,475,0,0,,False,,True,False,
loftr,finger,MMCBNU_6000_genuine_178,094,094,55,55,55,38,0.6909,True,0.6881,True,True,1.5818
orb,finger,MMCBNU_6000_genuine_178,094,094,0,0,0,0,,False,,True,False,
sift,finger,MMCBNU_6000_genuine_178,094,094,1,1,0,0,,False,,True,False,
superglue,finger,MMCBNU_6000_genuine_178,094,094,80,66,2,0,,False,,True,False,
sgmnet,finger,MMCBNU_6000_genuine_178,094,094,408,403,88,14,0.1591,False,0.1583,True,False,0.9897
aspanformer,finger,MMCBNU_6000_genuine_178,094,094,89,89,89,87,0.9775,True,0.9775,True,True,0.4212
deepdetect,finger,MMCBNU_6000_genuine_178,094,094,3,5,0,0,,False,,True,False,
loftr,finger,MMCBNU_6000_genuine_179,078,078,1,1,1,0,,False,,True,False,
orb,finger,MMCBNU_6000_genuine_179,078,078,0,0,0,0,,False,,True,False,
sift,finger,MMCBNU_6000_genuine_179,078,078,2,1,0,0,,False,,True,False,
superglue,finger,MMCBNU_6000_genuine_179,078,078,156,176,4,4,1.0000,True,0.9165,True,True,0.0000
sgmnet,finger,MMCBNU_6000_genuine_179,078,078,385,382,138,16,0.1159,False,0.1156,True,False,1.4826
aspanformer,finger,MMCBNU_6000_genuine_179,078,078,11,11,11,10,0.9091,True,0.8930,True,True,0.1517
deepdetect,finger,MMCBNU_6000_genuine_179,078,078,13,38,0,0,,False,,True,False,
loftr,finger,MMCBNU_6000_genuine_180,042,042,35,35,35,32,0.9143,True,0.9094,True,True,1.6078
orb,finger,MMCBNU_6000_genuine_180,042,042,0,0,0,0,,False,,True,False,
sift,finger,MMCBNU_6000_genuine_180,042,042,0,0,0,0,,False,,True,False,
superglue,finger,MMCBNU_6000_genuine_180,042,042,302,253,0,0,,False,,True,False,
sgmnet,finger,MMCBNU_6000_genuine_180,042,042,567,487,101,14,0.1386,False,0.1379,True,False,1.4039
aspanformer,finger,MMCBNU_6000_genuine_180,042,042,18,18,18,17,0.9444,True,0.9427,True,True,0.1439
deepdetect,finger,MMCBNU_6000_genuine_180,042,042,1741,875,6,0,,False,,True,False,
loftr,finger,MMCBNU_6000_genuine_181,014,014,31,31,31,29,0.9355,True,0.9355,True,True,0.1664
orb,finger,MMCBNU_6000_genuine_181,014,014,0,0,0,0,,False,,True,False,
sift,finger,MMCBNU_6000_genuine_181,014,014,0,0,0,0,,False,,True,False,
superglue,finger,MMCBNU_6000_genuine_181,014,014,83,86,11,5,0.4545,False,0.4237,True,False,1.1669
sgmnet,finger,MMCBNU_6000_genuine_181,014,014,340,387,126,29,0.2302,False,0.2281,True,False,1.6771
aspanformer,finger,MMCBNU_6000_genuine_181,014,014,1,1,1,0,,False,,True,False,
deepdetect,finger,MMCBNU_6000_genuine_181,014,014,1833,1442,34,32,0.9412,True,0.9412,True,True,0.1027
loftr,finger,MMCBNU_6000_genuine_182,036,036,4,4,4,4,1.0000,True,0.9165,True,True,0.0000
orb,finger,MMCBNU_6000_genuine_182,036,036,0,0,0,0,,False,,True,False,
sift,finger,MMCBNU_6000_genuine_182,036,036,2,2,2,0,,False,,True,False,
superglue,finger,MMCBNU_6000_genuine_182,036,036,110,108,6,4,0.6667,True,0.6110,True,True,0.0000
sgmnet,finger,MMCBNU_6000_genuine_182,036,036,308,331,95,18,0.1895,False,0.1892,True,False,1.3592
aspanformer,finger,MMCBNU_6000_genuine_182,036,036,463,463,463,451,0.9741,True,0.9741,True,True,0.1982
deepdetect,finger,MMCBNU_6000_genuine_182,036,036,588,421,3,0,,False,,True,False,
loftr,finger,MMCBNU_6000_genuine_183,053,053,20,20,20,12,0.6000,True,0.5943,True,True,1.0834
orb,finger,MMCBNU_6000_genuine_183,053,053,0,0,0,0,,False,,True,False,
sift,finger,MMCBNU_6000_genuine_183,053,053,0,0,0,0,,False,,True,False,
superglue,finger,MMCBNU_6000_genuine_183,053,053,359,346,0,0,,False,,True,False,
sgmnet,finger,MMCBNU_6000_genuine_183,053,053,790,804,158,18,0.1139,False,0.1138,True,False,1.3695
aspanformer,finger,MMCBNU_6000_genuine_183,053,053,41,41,41,35,0.8537,True,0.8537,True,True,0.3849
deepdetect,finger,MMCBNU_6000_genuine_183,053,053,1590,1579,8,7,0.8750,True,0.8750,True,True,0.8538
loftr,finger,MMCBNU_6000_genuine_184,020,020,48,48,48,39,0.8125,True,0.8125,True,True,1.2857
orb,finger,MMCBNU_6000_genuine_184,020,020,0,0,0,0,,False,,True,False,
sift,finger,MMCBNU_6000_genuine_184,020,020,1,1,0,0,,False,,True,False,
superglue,finger,MMCBNU_6000_genuine_184,020,020,519,397,0,0,,False,,True,False,
sgmnet,finger,MMCBNU_6000_genuine_184,020,020,663,634,169,20,0.1183,False,0.1183,True,False,1.1423
aspanformer,finger,MMCBNU_6000_genuine_184,020,020,14,14,14,14,1.0000,True,0.9950,True,True,0.3138
deepdetect,finger,MMCBNU_6000_genuine_184,020,020,1617,1352,12,0,,False,,True,False,
loftr,finger,MMCBNU_6000_genuine_185,056,056,37,37,37,25,0.6757,True,0.6756,True,True,1.2017
orb,finger,MMCBNU_6000_genuine_185,056,056,0,0,0,0,,False,,True,False,
sift,finger,MMCBNU_6000_genuine_185,056,056,0,0,0,0,,False,,True,False,
superglue,finger,MMCBNU_6000_genuine_185,056,056,174,170,2,0,,False,,True,False,
sgmnet,finger,MMCBNU_6000_genuine_185,056,056,732,796,279,29,0.1039,False,0.1025,True,False,1.7764
aspanformer,finger,MMCBNU_6000_genuine_185,056,056,15,15,15,0,,False,,True,False,
deepdetect,finger,MMCBNU_6000_genuine_185,056,056,0,0,0,0,,False,,True,False,
loftr,finger,MMCBNU_6000_genuine_186,001,001,13,13,13,12,0.9231,True,0.9143,True,True,0.1758
orb,finger,MMCBNU_6000_genuine_186,001,001,0,0,0,0,,False,,True,False,
sift,finger,MMCBNU_6000_genuine_186,001,001,0,0,0,0,,False,,True,False,
superglue,finger,MMCBNU_6000_genuine_186,001,001,114,113,3,0,,False,,True,False,
sgmnet,finger,MMCBNU_6000_genuine_186,001,001,512,537,121,13,0.1074,False,0.1063,True,False,1.5709
aspanformer,finger,MMCBNU_6000_genuine_186,001,001,3,3,3,0,,False,,True,False,
deepdetect,finger,MMCBNU_6000_genuine_186,001,001,0,3,0,0,,False,,True,False,
loftr,finger,MMCBNU_6000_genuine_187,088,088,324,324,0,0,,False,,True,False,
orb,finger,MMCBNU_6000_genuine_187,088,088,0,0,0,0,,False,,True,False,
sift,finger,MMCBNU_6000_genuine_187,088,088,1,1,0,0,,False,,True,False,
superglue,finger,MMCBNU_6000_genuine_187,088,088,211,195,1,0,,False,,True,False,
sgmnet,finger,MMCBNU_6000_genuine_187,088,088,440,416,118,15,0.1271,False,0.1267,True,False,0.8478
aspanformer,finger,MMCBNU_6000_genuine_187,088,088,3,3,3,0,,False,,True,False,
deepdetect,finger,MMCBNU_6000_genuine_187,088,088,379,556,0,0,,False,,True,False,
loftr,finger,MMCBNU_6000_genuine_188,088,088,2,2,2,0,,False,,True,False,
orb,finger,MMCBNU_6000_genuine_188,088,088,0,0,0,0,,False,,True,False,
sift,finger,MMCBNU_6000_genuine_188,088,088,1,0,0,0,,False,,True,False,
superglue,finger,MMCBNU_6000_genuine_188,088,088,192,168,2,0,,False,,True,False,
sgmnet,finger,MMCBNU_6000_genuine_188,088,088,497,492,148,20,0.1351,False,0.1350,True,False,1.4675
aspanformer,finger,MMCBNU_6000_genuine_188,088,088,1,1,1,0,,False,,True,False,
deepdetect,finger,MMCBNU_6000_genuine_188,088,088,1038,319,6,0,,False,,True,False,
loftr,finger,MMCBNU_6000_genuine_189,032,032,168,168,168,142,0.8452,True,0.8440,True,True,1.5286
orb,finger,MMCBNU_6000_genuine_189,032,032,0,0,0,0,,False,,True,False,
sift,finger,MMCBNU_6000_genuine_189,032,032,1,1,0,0,,False,,True,False,
superglue,finger,MMCBNU_6000_genuine_189,032,032,269,282,2,0,,False,,True,False,
sgmnet,finger,MMCBNU_6000_genuine_189,032,032,593,677,207,21,0.1014,False,0.1014,True,False,1.3853
aspanformer,finger,MMCBNU_6000_genuine_189,032,032,79,79,79,74,0.9367,True,0.9367,True,True,1.4181
deepdetect,finger,MMCBNU_6000_genuine_189,032,032,669,774,3,0,,False,,True,False,
loftr,finger,MMCBNU_6000_genuine_190,061,061,1,1,1,0,,False,,True,False,
orb,finger,MMCBNU_6000_genuine_190,061,061,0,0,0,0,,False,,True,False,
sift,finger,MMCBNU_6000_genuine_190,061,061,1,0,0,0,,False,,True,False,
superglue,finger,MMCBNU_6000_genuine_190,061,061,68,91,9,4,0.4444,False,0.4073,True,False,0.0000
sgmnet,finger,MMCBNU_6000_genuine_190,061,061,301,332,66,11,0.1667,False,0.1641,True,False,1.5463
aspanformer,finger,MMCBNU_6000_genuine_190,061,061,4,4,0,0,,False,,True,False,
deepdetect,finger,MMCBNU_6000_genuine_190,061,061,0,0,0,0,,False,,True,False,
loftr,finger,MMCBNU_6000_genuine_191,093,093,5,5,5,5,1.0000,True,0.9322,True,True,0.1052
orb,finger,MMCBNU_6000_genuine_191,093,093,0,0,0,0,,False,,True,False,
sift,finger,MMCBNU_6000_genuine_191,093,093,1,1,0,0,,False,,True,False,
superglue,finger,MMCBNU_6000_genuine_191,093,093,397,149,0,0,,False,,True,False,
sgmnet,finger,MMCBNU_6000_genuine_191,093,093,923,520,32,7,0.2188,False,0.2096,True,False,0.2676
aspanformer,finger,MMCBNU_6000_genuine_191,093,093,4,4,4,0,,False,,True,False,
deepdetect,finger,MMCBNU_6000_genuine_191,093,093,522,424,25,17,0.6800,True,0.6800,True,True,1.9894
loftr,finger,MMCBNU_6000_genuine_192,022,022,6,6,6,5,0.8333,True,0.7768,True,True,0.6989
orb,finger,MMCBNU_6000_genuine_192,022,022,0,0,0,0,,False,,True,False,
sift,finger,MMCBNU_6000_genuine_192,022,022,0,0,0,0,,False,,True,False,
superglue,finger,MMCBNU_6000_genuine_192,022,022,164,142,0,0,,False,,True,False,
sgmnet,finger,MMCBNU_6000_genuine_192,022,022,466,492,132,14,0.1061,False,0.1055,True,False,1.0545
aspanformer,finger,MMCBNU_6000_genuine_192,022,022,2,2,2,0,,False,,True,False,
deepdetect,finger,MMCBNU_6000_genuine_192,022,022,98,0,0,0,,False,,True,False,
loftr,finger,MMCBNU_6000_genuine_193,062,062,58,58,58,49,0.8448,True,0.8448,True,True,0.1803
orb,finger,MMCBNU_6000_genuine_193,062,062,0,0,0,0,,False,,True,False,
sift,finger,MMCBNU_6000_genuine_193,062,062,1,1,0,0,,False,,True,False,
superglue,finger,MMCBNU_6000_genuine_193,062,062,201,205,4,4,1.0000,True,0.9165,True,True,0.0000
sgmnet,finger,MMCBNU_6000_genuine_193,062,062,683,661,186,18,0.0968,False,0.0958,True,False,1.6833
aspanformer,finger,MMCBNU_6000_genuine_193,062,062,2,2,2,0,,False,,True,False,
deepdetect,finger,MMCBNU_6000_genuine_193,062,062,0,0,0,0,,False,,True,False,
loftr,finger,MMCBNU_6000_genuine_194,013,013,73,73,73,58,0.7945,True,0.7945,True,True,1.2448
orb,finger,MMCBNU_6000_genuine_194,013,013,0,0,0,0,,False,,True,False,
sift,finger,MMCBNU_6000_genuine_194,013,013,0,0,0,0,,False,,True,False,
superglue,finger,MMCBNU_6000_genuine_194,013,013,131,45,0,0,,False,,True,False,
sgmnet,finger,MMCBNU_6000_genuine_194,013,013,492,298,53,12,0.2264,False,0.2243,True,False,1.1590
aspanformer,finger,MMCBNU_6000_genuine_194,013,013,14,14,14,12,0.8571,True,0.8490,True,True,0.6023
deepdetect,finger,MMCBNU_6000_genuine_194,013,013,4,78,0,0,,False,,True,False,
loftr,finger,MMCBNU_6000_genuine_195,076,076,49,49,49,39,0.7959,True,0.7959,True,True,0.8699
orb,finger,MMCBNU_6000_genuine_195,076,076,0,0,0,0,,False,,True,False,
sift,finger,MMCBNU_6000_genuine_195,076,076,0,0,0,0,,False,,True,False,
superglue,finger,MMCBNU_6000_genuine_195,076,076,175,136,5,4,0.8000,True,0.7332,True,True,0.0000
sgmnet,finger,MMCBNU_6000_genuine_195,076,076,400,404,141,16,0.1135,False,0.1132,True,False,1.4265
aspanformer,finger,MMCBNU_6000_genuine_195,076,076,4,4,4,0,,False,,True,False,
deepdetect,finger,MMCBNU_6000_genuine_195,076,076,88,12,0,0,,False,,True,False,
loftr,finger,MMCBNU_6000_genuine_196,037,037,58,58,58,48,0.8276,True,0.8276,True,True,1.2414
orb,finger,MMCBNU_6000_genuine_196,037,037,0,0,0,0,,False,,True,False,
sift,finger,MMCBNU_6000_genuine_196,037,037,2,1,0,0,,False,,True,False,
superglue,finger,MMCBNU_6000_genuine_196,037,037,278,253,1,0,,False,,True,False,
sgmnet,finger,MMCBNU_6000_genuine_196,037,037,872,894,317,45,0.1420,False,0.1416,True,False,1.5540
aspanformer,finger,MMCBNU_6000_genuine_196,037,037,301,301,301,298,0.9900,True,0.9900,True,True,0.1742
deepdetect,finger,MMCBNU_6000_genuine_196,037,037,5,5,3,0,,False,,True,False,
loftr,finger,MMCBNU_6000_genuine_197,078,078,2,2,2,0,,False,,True,False,
orb,finger,MMCBNU_6000_genuine_197,078,078,0,0,0,0,,False,,True,False,
sift,finger,MMCBNU_6000_genuine_197,078,078,1,1,0,0,,False,,True,False,
superglue,finger,MMCBNU_6000_genuine_197,078,078,167,166,4,4,1.0000,True,0.9165,True,True,0.0000
sgmnet,finger,MMCBNU_6000_genuine_197,078,078,388,382,125,16,0.1280,False,0.1277,True,False,1.3986
aspanformer,finger,MMCBNU_6000_genuine_197,078,078,7,7,7,7,1.0000,True,0.9583,True,True,0.0256
deepdetect,finger,MMCBNU_6000_genuine_197,078,078,257,249,3,0,,False,,True,False,
loftr,finger,MMCBNU_6000_genuine_198,074,074,3,3,3,0,,False,,True,False,
orb,finger,MMCBNU_6000_genuine_198,074,074,0,0,0,0,,False,,True,False,
sift,finger,MMCBNU_6000_genuine_198,074,074,2,0,0,0,,False,,True,False,
superglue,finger,MMCBNU_6000_genuine_198,074,074,129,300,0,0,,False,,True,False,
sgmnet,finger,MMCBNU_6000_genuine_198,074,074,549,716,39,11,0.2821,False,0.2784,True,False,1.2192
aspanformer,finger,MMCBNU_6000_genuine_198,074,074,1,1,0,0,,False,,True,False,
deepdetect,finger,MMCBNU_6000_genuine_198,074,074,128,383,2,0,,False,,True,False,
loftr,finger,MMCBNU_6000_genuine_199,025,025,16,16,16,15,0.9375,True,0.9341,True,True,0.1436
orb,finger,MMCBNU_6000_genuine_199,025,025,0,0,0,0,,False,,True,False,
sift,finger,MMCBNU_6000_genuine_199,025,025,3,2,2,0,,False,,True,False,
superglue,finger,MMCBNU_6000_genuine_199,025,025,141,146,3,0,,False,,True,False,
sgmnet,finger,MMCBNU_6000_genuine_199,025,025,404,388,105,22,0.2095,False,0.2071,True,False,1.7302
aspanformer,finger,MMCBNU_6000_genuine_199,025,025,295,295,295,265,0.8983,True,0.8983,True,True,0.3184
deepdetect,finger,MMCBNU_6000_genuine_199,025,025,2002,1679,5,0,,False,,True,False,
loftr,finger,MMCBNU_6000_genuine_200,046,046,15,15,15,10,0.6667,True,0.6549,True,True,0.7645
orb,finger,MMCBNU_6000_genuine_200,046,046,0,0,0,0,,False,,True,False,
sift,finger,MMCBNU_6000_genuine_200,046,046,1,0,0,0,,False,,True,False,
superglue,finger,MMCBNU_6000_genuine_200,046,046,353,377,0,0,,False,,True,False,
sgmnet,finger,MMCBNU_6000_genuine_200,046,046,558,847,167,21,0.1257,False,0.1255,True,False,1.5248
aspanformer,finger,MMCBNU_6000_genuine_200,046,046,5,5,5,0,,False,,True,False,
deepdetect,finger,MMCBNU_6000_genuine_200,046,046,277,223,12,0,,False,,True,False,
loftr,finger,MMCBNU_6000_genuine_201,093,093,2,2,2,0,,False,,True,False,
orb,finger,MMCBNU_6000_genuine_201,093,093,0,0,0,0,,False,,True,False,
sift,finger,MMCBNU_6000_genuine_201,093,093,0,0,0,0,,False,,True,False,
superglue,finger,MMCBNU_6000_genuine_201,093,093,111,103,6,4,0.6667,True,0.6110,True,True,0.0000
sgmnet,finger,MMCBNU_6000_genuine_201,093,093,479,371,133,16,0.1203,False,0.1200,True,False,1.3188
aspanformer,finger,MMCBNU_6000_genuine_201,093,093,3,3,3,0,,False,,True,False,
deepdetect,finger,MMCBNU_6000_genuine_201,093,093,398,494,16,0,,False,,True,False,
loftr,finger,MMCBNU_6000_genuine_202,020,020,58,58,58,41,0.7069,True,0.6904,True,True,1.9710
orb,finger,MMCBNU_6000_genuine_202,020,020,0,0,0,0,,False,,True,False,
sift,finger,MMCBNU_6000_genuine_202,020,020,0,2,0,0,,False,,True,False,
superglue,finger,MMCBNU_6000_genuine_202,020,020,224,247,2,0,,False,,True,False,
sgmnet,finger,MMCBNU_6000_genuine_202,020,020,494,520,159,29,0.1824,False,0.1802,True,False,1.7379
aspanformer,finger,MMCBNU_6000_genuine_202,020,020,2,2,2,0,,False,,True,False,
deepdetect,finger,MMCBNU_6000_genuine_202,020,020,998,1152,0,0,,False,,True,False,
loftr,finger,MMCBNU_6000_genuine_203,066,066,77,77,77,41,0.5325,True,0.5259,True,True,1.7493
orb,finger,MMCBNU_6000_genuine_203,066,066,0,0,0,0,,False,,True,False,
sift,finger,MMCBNU_6000_genuine_203,066,066,3,4,3,0,,False,,True,False,
superglue,finger,MMCBNU_6000_genuine_203,066,066,394,399,1,0,,False,,True,False,
sgmnet,finger,MMCBNU_6000_genuine_203,066,066,569,587,171,21,0.1228,False,0.1222,True,False,1.5910
aspanformer,finger,MMCBNU_6000_genuine_203,066,066,15,15,15,15,1.0000,True,0.9964,True,True,0.1534
deepdetect,finger,MMCBNU_6000_genuine_203,066,066,2968,1999,5,0,,False,,True,False,
loftr,finger,MMCBNU_6000_genuine_204,095,095,10,10,10,7,0.7000,True,0.6708,True,True,0.7275
orb,finger,MMCBNU_6000_genuine_204,095,095,0,0,0,0,,False,,True,False,
sift,finger,MMCBNU_6000_genuine_204,095,095,0,0,0,0,,False,,True,False,
superglue,finger,MMCBNU_6000_genuine_204,095,095,278,144,1,0,,False,,True,False,
sgmnet,finger,MMCBNU_6000_genuine_204,095,095,319,274,75,16,0.2133,False,0.2128,True,False,1.3734
aspanformer,finger,MMCBNU_6000_genuine_204,095,095,0,0,0,0,,False,,True,False,
deepdetect,finger,MMCBNU_6000_genuine_204,095,095,807,303,2,0,,False,,True,False,
loftr,finger,MMCBNU_6000_genuine_205,065,065,579,579,0,0,,False,,True,False,
orb,finger,MMCBNU_6000_genuine_205,065,065,0,0,0,0,,False,,True,False,
sift,finger,MMCBNU_6000_genuine_205,065,065,1,0,0,0,,False,,True,False,
superglue,finger,MMCBNU_6000_genuine_205,065,065,371,184,0,0,,False,,True,False,
sgmnet,finger,MMCBNU_6000_genuine_205,065,065,687,396,77,15,0.1948,False,0.1941,True,False,1.4941
aspanformer,finger,MMCBNU_6000_genuine_205,065,065,6,6,6,0,,False,,True,False,
deepdetect,finger,MMCBNU_6000_genuine_205,065,065,570,529,15,15,1.0000,True,1.0000,True,True,1.1810
loftr,finger,MMCBNU_6000_genuine_206,001,001,13,13,13,12,0.9231,True,0.9143,True,True,0.7960
orb,finger,MMCBNU_6000_genuine_206,001,001,0,0,0,0,,False,,True,False,
sift,finger,MMCBNU_6000_genuine_206,001,001,0,0,0,0,,False,,True,False,
superglue,finger,MMCBNU_6000_genuine_206,001,001,193,105,0,0,,False,,True,False,
sgmnet,finger,MMCBNU_6000_genuine_206,001,001,865,542,116,18,0.1552,False,0.1550,True,False,1.2026
aspanformer,finger,MMCBNU_6000_genuine_206,001,001,7,7,0,0,,False,,True,False,
deepdetect,finger,MMCBNU_6000_genuine_206,001,001,0,0,0,0,,False,,True,False,
loftr,finger,MMCBNU_6000_genuine_207,073,073,694,694,0,0,,False,,True,False,
orb,finger,MMCBNU_6000_genuine_207,073,073,0,0,0,0,,False,,True,False,
sift,finger,MMCBNU_6000_genuine_207,073,073,0,0,0,0,,False,,True,False,
superglue,finger,MMCBNU_6000_genuine_207,073,073,262,234,0,0,,False,,True,False,
sgmnet,finger,MMCBNU_6000_genuine_207,073,073,716,742,171,17,0.0994,False,0.0992,True,False,1.3103
aspanformer,finger,MMCBNU_6000_genuine_207,073,073,1,1,1,0,,False,,True,False,
deepdetect,finger,MMCBNU_6000_genuine_207,073,073,10,2,1,0,,False,,True,False,
loftr,finger,MMCBNU_6000_genuine_208,040,040,119,119,119,109,0.9160,True,0.9160,True,True,0.1687
orb,finger,MMCBNU_6000_genuine_208,040,040,0,0,0,0,,False,,True,False,
sift,finger,MMCBNU_6000_genuine_208,040,040,1,1,0,0,,False,,True,False,
superglue,finger,MMCBNU_6000_genuine_208,040,040,141,449,0,0,,False,,True,False,
sgmnet,finger,MMCBNU_6000_genuine_208,040,040,342,580,68,16,0.2353,False,0.2347,True,False,1.4066
aspanformer,finger,MMCBNU_6000_genuine_208,040,040,298,298,298,298,1.0000,True,1.0000,True,True,0.1776
deepdetect,finger,MMCBNU_6000_genuine_208,040,040,3209,4730,2,0,,False,,True,False,
loftr,finger,MMCBNU_6000_genuine_209,060,060,68,68,68,56,0.8235,True,0.8175,True,True,1.6469
orb,finger,MMCBNU_6000_genuine_209,060,060,0,0,0,0,,False,,True,False,
sift,finger,MMCBNU_6000_genuine_209,060,060,0,0,0,0,,False,,True,False,
superglue,finger,MMCBNU_6000_genuine_209,060,060,130,147,3,0,,False,,True,False,
sgmnet,finger,MMCBNU_6000_genuine_209,060,060,647,642,244,27,0.1107,False,0.1101,True,False,1.6064
aspanformer,finger,MMCBNU_6000_genuine_209,060,060,144,144,144,138,0.9583,True,0.9583,True,True,0.1866
deepdetect,finger,MMCBNU_6000_genuine_209,060,060,22,10,5,0,,False,,True,False,
loftr,finger,MMCBNU_6000_genuine_210,003,003,6,6,6,6,1.0000,True,0.9462,True,True,0.7089
orb,finger,MMCBNU_6000_genuine_210,003,003,0,0,0,0,,False,,True,False,
sift,finger,MMCBNU_6000_genuine_210,003,003,1,0,0,0,,False,,True,False,
superglue,finger,MMCBNU_6000_genuine_210,003,003,325,347,0,0,,False,,True,False,
sgmnet,finger,MMCBNU_6000_genuine_210,003,003,631,840,238,24,0.1008,False,0.0999,True,False,1.6866
aspanformer,finger,MMCBNU_6000_genuine_210,003,003,8,8,0,0,,False,,True,False,
deepdetect,finger,MMCBNU_6000_genuine_210,003,003,92,0,0,0,,False,,True,False,
loftr,finger,MMCBNU_6000_genuine_211,014,014,19,19,19,13,0.6842,True,0.6795,True,True,1.3094
orb,finger,MMCBNU_6000_genuine_211,014,014,0,0,0,0,,False,,True,False,
sift,finger,MMCBNU_6000_genuine_211,014,014,0,0,0,0,,False,,True,False,
superglue,finger,MMCBNU_6000_genuine_211,014,014,184,108,3,0,,False,,True,False,
sgmnet,finger,MMCBNU_6000_genuine_211,014,014,534,347,81,14,0.1728,False,0.1720,True,False,1.2521
aspanformer,finger,MMCBNU_6000_genuine_211,014,014,1,1,0,0,,False,,True,False,
deepdetect,finger,MMCBNU_6000_genuine_211,014,014,2207,1159,0,0,,False,,True,False,
loftr,finger,MMCBNU_6000_genuine_212,045,045,15,15,15,14,0.9333,True,0.9287,True,True,0.1811
orb,finger,MMCBNU_6000_genuine_212,045,045,0,0,0,0,,False,,True,False,
sift,finger,MMCBNU_6000_genuine_212,045,045,0,1,0,0,,False,,True,False,
superglue,finger,MMCBNU_6000_genuine_212,045,045,226,78,1,0,,False,,True,False,
sgmnet,finger,MMCBNU_6000_genuine_212,045,045,472,180,15,6,0.4000,False,0.3785,True,False,0.2539
aspanformer,finger,MMCBNU_6000_genuine_212,045,045,1,1,1,0,,False,,True,False,
deepdetect,finger,MMCBNU_6000_genuine_212,045,045,99,316,0,0,,False,,True,False,
loftr,finger,MMCBNU_6000_genuine_213,098,098,7,7,7,6,0.8571,True,0.8110,True,True,0.4825
orb,finger,MMCBNU_6000_genuine_213,098,098,0,0,0,0,,False,,True,False,
sift,finger,MMCBNU_6000_genuine_213,098,098,0,0,0,0,,False,,True,False,
superglue,finger,MMCBNU_6000_genuine_213,098,098,182,177,2,0,,False,,True,False,
sgmnet,finger,MMCBNU_6000_genuine_213,098,098,654,521,70,10,0.1429,False,0.1403,True,False,1.3104
aspanformer,finger,MMCBNU_6000_genuine_213,098,098,1,1,0,0,,False,,True,False,
deepdetect,finger,MMCBNU_6000_genuine_213,098,098,11,0,0,0,,False,,True,False,
loftr,finger,MMCBNU_6000_genuine_214,038,038,155,155,155,128,0.8258,True,0.8258,True,True,1.4872
orb,finger,MMCBNU_6000_genuine_214,038,038,0,0,0,0,,False,,True,False,
sift,finger,MMCBNU_6000_genuine_214,038,038,2,1,0,0,,False,,True,False,
superglue,finger,MMCBNU_6000_genuine_214,038,038,89,57,6,4,0.6667,True,0.6110,True,True,0.0000
sgmnet,finger,MMCBNU_6000_genuine_214,038,038,361,328,146,17,0.1164,False,0.1154,True,False,1.6489
aspanformer,finger,MMCBNU_6000_genuine_214,038,038,35,35,35,35,1.0000,True,1.0000,True,True,0.1459
deepdetect,finger,MMCBNU_6000_genuine_214,038,038,192,638,8,7,0.8750,True,0.8750,True,True,1.0938
loftr,finger,MMCBNU_6000_genuine_215,030,030,434,434,434,268,0.6175,True,0.5982,True,True,2.1339
orb,finger,MMCBNU_6000_genuine_215,030,030,0,0,0,0,,False,,True,False,
sift,finger,MMCBNU_6000_genuine_215,030,030,0,0,0,0,,False,,True,False,
superglue,finger,MMCBNU_6000_genuine_215,030,030,237,275,3,0,,False,,True,False,
sgmnet,finger,MMCBNU_6000_genuine_215,030,030,528,550,183,28,0.1530,False,0.1530,True,False,1.4084
aspanformer,finger,MMCBNU_6000_genuine_215,030,030,778,778,778,778,1.0000,True,1.0000,True,True,0.2239
deepdetect,finger,MMCBNU_6000_genuine_215,030,030,63,109,2,0,,False,,True,False,
loftr,finger,MMCBNU_6000_genuine_216,008,008,23,23,23,13,0.5652,True,0.5613,True,True,1.4095
orb,finger,MMCBNU_6000_genuine_216,008,008,0,0,0,0,,False,,True,False,
sift,finger,MMCBNU_6000_genuine_216,008,008,2,1,0,0,,False,,True,False,
superglue,finger,MMCBNU_6000_genuine_216,008,008,330,326,0,0,,False,,True,False,
sgmnet,finger,MMCBNU_6000_genuine_216,008,008,669,586,110,12,0.1091,False,0.1081,True,False,1.0930
aspanformer,finger,MMCBNU_6000_genuine_216,008,008,4,4,4,4,1.0000,True,0.9165,True,True,0.0000
deepdetect,finger,MMCBNU_6000_genuine_216,008,008,1378,1108,0,0,,False,,True,False,
loftr,finger,MMCBNU_6000_genuine_217,030,030,295,295,295,211,0.7153,True,0.7043,True,True,1.8081
orb,finger,MMCBNU_6000_genuine_217,030,030,0,0,0,0,,False,,True,False,
sift,finger,MMCBNU_6000_genuine_217,030,030,2,2,2,0,,False,,True,False,
superglue,finger,MMCBNU_6000_genuine_217,030,030,287,305,1,0,,False,,True,False,
sgmnet,finger,MMCBNU_6000_genuine_217,030,030,609,547,243,42,0.1728,False,0.1706,True,False,1.7581
aspanformer,finger,MMCBNU_6000_genuine_217,030,030,1091,1091,1091,1045,0.9578,True,0.9578,True,True,0.3131
deepdetect,finger,MMCBNU_6000_genuine_217,030,030,2010,1956,6,0,,False,,True,False,
loftr,finger,MMCBNU_6000_genuine_218,069,069,81,81,81,75,0.9259,True,0.9259,True,True,0.1757
orb,finger,MMCBNU_6000_genuine_218,069,069,0,0,0,0,,False,,True,False,
sift,finger,MMCBNU_6000_genuine_218,069,069,0,1,0,0,,False,,True,False,
superglue,finger,MMCBNU_6000_genuine_218,069,069,58,55,9,4,0.4444,False,0.4073,True,False,0.0000
sgmnet,finger,MMCBNU_6000_genuine_218,069,069,222,194,47,14,0.2979,False,0.2964,True,False,1.1008
aspanformer,finger,MMCBNU_6000_genuine_218,069,069,57,57,57,54,0.9474,True,0.9474,True,True,0.2050
deepdetect,finger,MMCBNU_6000_genuine_218,069,069,1006,1597,0,0,,False,,True,False,
loftr,finger,MMCBNU_6000_genuine_219,010,010,4,4,4,4,1.0000,True,0.9165,True,True,0.0000
orb,finger,MMCBNU_6000_genuine_219,010,010,0,0,0,0,,False,,True,False,
sift,finger,MMCBNU_6000_genuine_219,010,010,0,0,0,0,,False,,True,False,
superglue,finger,MMCBNU_6000_genuine_219,010,010,120,170,7,5,0.7143,True,0.6658,True,True,0.2207
sgmnet,finger,MMCBNU_6000_genuine_219,010,010,346,500,97,13,0.1340,False,0.1331,True,False,1.2389
aspanformer,finger,MMCBNU_6000_genuine_219,010,010,23,23,23,23,1.0000,True,0.9997,True,True,0.1687
deepdetect,finger,MMCBNU_6000_genuine_219,010,010,1249,295,0,0,,False,,True,False,
loftr,finger,MMCBNU_6000_genuine_220,011,011,8,8,8,7,0.8750,True,0.8385,True,True,1.0231
orb,finger,MMCBNU_6000_genuine_220,011,011,0,0,0,0,,False,,True,False,
sift,finger,MMCBNU_6000_genuine_220,011,011,1,1,0,0,,False,,True,False,
superglue,finger,MMCBNU_6000_genuine_220,011,011,124,74,5,4,0.8000,True,0.7332,True,True,0.0000
sgmnet,finger,MMCBNU_6000_genuine_220,011,011,599,371,95,20,0.2105,False,0.2104,True,False,1.4767
aspanformer,finger,MMCBNU_6000_genuine_220,011,011,42,42,42,41,0.9762,True,0.9762,True,True,0.2332
deepdetect,finger,MMCBNU_6000_genuine_220,011,011,0,0,0,0,,False,,True,False,
loftr,finger,MMCBNU_6000_genuine_221,089,089,13,13,13,12,0.9231,True,0.9143,True,True,0.1309
orb,finger,MMCBNU_6000_genuine_221,089,089,0,0,0,0,,False,,True,False,
sift,finger,MMCBNU_6000_genuine_221,089,089,0,0,0,0,,False,,True,False,
superglue,finger,MMCBNU_6000_genuine_221,089,089,134,100,10,5,0.5000,True,0.4661,True,True,1.0384
sgmnet,finger,MMCBNU_6000_genuine_221,089,089,410,386,159,23,0.1447,False,0.1446,True,False,1.3557
aspanformer,finger,MMCBNU_6000_genuine_221,089,089,316,316,316,315,0.9968,True,0.9968,True,True,0.2238
deepdetect,finger,MMCBNU_6000_genuine_221,089,089,177,259,17,0,,False,,True,False,
loftr,finger,MMCBNU_6000_genuine_222,059,059,40,40,40,34,0.8500,True,0.8500,True,True,1.4398
orb,finger,MMCBNU_6000_genuine_222,059,059,0,0,0,0,,False,,True,False,
sift,finger,MMCBNU_6000_genuine_222,059,059,0,0,0,0,,False,,True,False,
superglue,finger,MMCBNU_6000_genuine_222,059,059,58,68,9,5,0.5556,True,0.5179,True,True,1.0468
sgmnet,finger,MMCBNU_6000_genuine_222,059,059,287,322,111,14,0.1261,False,0.1240,True,False,1.7343
aspanformer,finger,MMCBNU_6000_genuine_222,059,059,149,149,149,144,0.9664,True,0.9664,True,True,0.1438
deepdetect,finger,MMCBNU_6000_genuine_222,059,059,911,648,5,0,,False,,True,False,
loftr,finger,MMCBNU_6000_genuine_223,100,100,25,25,25,11,0.4400,False,0.4343,True,False,0.7289
orb,finger,MMCBNU_6000_genuine_223,100,100,0,0,0,0,,False,,True,False,
sift,finger,MMCBNU_6000_genuine_223,100,100,0,0,0,0,,False,,True,False,
superglue,finger,MMCBNU_6000_genuine_223,100,100,291,278,2,0,,False,,True,False,
sgmnet,finger,MMCBNU_6000_genuine_223,100,100,751,889,225,22,0.0978,False,0.0977,True,False,1.5069
aspanformer,finger,MMCBNU_6000_genuine_223,100,100,1,1,1,0,,False,,True,False,
deepdetect,finger,MMCBNU_6000_genuine_223,100,100,1,0,0,0,,False,,True,False,
loftr,finger,MMCBNU_6000_genuine_224,009,009,16,16,16,14,0.8750,True,0.8706,True,True,0.1410
orb,finger,MMCBNU_6000_genuine_224,009,009,0,0,0,0,,False,,True,False,
sift,finger,MMCBNU_6000_genuine_224,009,009,0,0,0,0,,False,,True,False,
superglue,finger,MMCBNU_6000_genuine_224,009,009,141,103,12,5,0.4167,False,0.3884,True,False,0.7812
sgmnet,finger,MMCBNU_6000_genuine_224,009,009,578,617,216,30,0.1389,False,0.1389,True,False,1.3692
aspanformer,finger,MMCBNU_6000_genuine_224,009,009,7,7,7,7,1.0000,True,0.9583,True,True,0.1023
deepdetect,finger,MMCBNU_6000_genuine_224,009,009,0,1,0,0,,False,,True,False,
loftr,finger,MMCBNU_6000_genuine_225,093,093,7,7,7,6,0.8571,True,0.8110,True,True,0.4079
orb,finger,MMCBNU_6000_genuine_225,093,093,0,0,0,0,,False,,True,False,
sift,finger,MMCBNU_6000_genuine_225,093,093,1,1,0,0,,False,,True,False,
superglue,finger,MMCBNU_6000_genuine_225,093,093,290,294,0,0,,False,,True,False,
sgmnet,finger,MMCBNU_6000_genuine_225,093,093,681,927,130,16,0.1231,False,0.1228,True,False,1.1915
aspanformer,finger,MMCBNU_6000_genuine_225,093,093,18,18,0,0,,False,,True,False,
deepdetect,finger,MMCBNU_6000_genuine_225,093,093,159,171,4,0,,False,,True,False,
loftr,finger,MMCBNU_6000_genuine_226,065,065,2,2,2,0,,False,,True,False,
orb,finger,MMCBNU_6000_genuine_226,065,065,0,0,0,0,,False,,True,False,
sift,finger,MMCBNU_6000_genuine_226,065,065,1,1,0,0,,False,,True,False,
superglue,finger,MMCBNU_6000_genuine_226,065,065,123,126,6,4,0.6667,True,0.6110,True,True,0.0000
sgmnet,finger,MMCBNU_6000_genuine_226,065,065,249,254,84,10,0.1190,False,0.1169,True,False,0.9149
aspanformer,finger,MMCBNU_6000_genuine_226,065,065,4,4,4,0,,False,,True,False,
deepdetect,finger,MMCBNU_6000_genuine_226,065,065,4058,3611,42,28,0.6667,True,0.6667,True,True,1.0805
loftr,finger,MMCBNU_6000_genuine_227,093,093,9,9,9,8,0.8889,True,0.8606,True,True,0.7775
orb,finger,MMCBNU_6000_genuine_227,093,093,0,0,0,0,,False,,True,False,
sift,finger,MMCBNU_6000_genuine_227,093,093,0,0,0,0,,False,,True,False,
superglue,finger,MMCBNU_6000_genuine_227,093,093,282,143,0,0,,False,,True,False,
sgmnet,finger,MMCBNU_6000_genuine_227,093,093,1114,585,25,8,0.3200,False,0.3098,True,False,1.1909
aspanformer,finger,MMCBNU_6000_genuine_227,093,093,6,6,0,0,,False,,True,False,
deepdetect,finger,MMCBNU_6000_genuine_227,093,093,1,2,0,0,,False,,True,False,
loftr,finger,MMCBNU_6000_genuine_228,016,016,181,181,181,164,0.9061,True,0.9061,True,True,0.1648
orb,finger,MMCBNU_6000_genuine_228,016,016,0,0,0,0,,False,,True,False,
sift,finger,MMCBNU_6000_genuine_228,016,016,0,0,0,0,,False,,True,False,
superglue,finger,MMCBNU_6000_genuine_228,016,016,198,192,2,0,,False,,True,False,
sgmnet,finger,MMCBNU_6000_genuine_228,016,016,626,641,223,31,0.1390,False,0.1390,True,False,1.3710
aspanformer,finger,MMCBNU_6000_genuine_228,016,016,11,11,11,0,,False,,True,False,
deepdetect,finger,MMCBNU_6000_genuine_228,016,016,0,1,0,0,,False,,True,False,
loftr,finger,MMCBNU_6000_genuine_229,016,016,86,86,86,69,0.8023,True,0.8023,True,True,1.0907
orb,finger,MMCBNU_6000_genuine_229,016,016,0,0,0,0,,False,,True,False,
sift,finger,MMCBNU_6000_genuine_229,016,016,0,1,0,0,,False,,True,False,
superglue,finger,MMCBNU_6000_genuine_229,016,016,190,57,1,0,,False,,True,False,
sgmnet,finger,MMCBNU_6000_genuine_229,016,016,526,258,61,14,0.2295,False,0.2275,True,False,1.5788
aspanformer,finger,MMCBNU_6000_genuine_229,016,016,100,100,100,98,0.9800,True,0.9800,True,True,0.1852
deepdetect,finger,MMCBNU_6000_genuine_229,016,016,26,13,0,0,,False,,True,False,
loftr,finger,MMCBNU_6000_genuine_230,081,081,62,62,62,44,0.7097,True,0.7097,True,True,0.9521
orb,finger,MMCBNU_6000_genuine_230,081,081,0,0,0,0,,False,,True,False,
sift,finger,MMCBNU_6000_genuine_230,081,081,1,1,0,0,,False,,True,False,
superglue,finger,MMCBNU_6000_genuine_230,081,081,125,125,2,0,,False,,True,False,
sgmnet,finger,MMCBNU_6000_genuine_230,081,081,225,226,57,10,0.1754,False,0.1723,True,False,1.0029
aspanformer,finger,MMCBNU_6000_genuine_230,081,081,67,67,67,67,1.0000,True,1.0000,True,True,0.1704
deepdetect,finger,MMCBNU_6000_genuine_230,081,081,449,792,5,5,1.0000,True,1.0000,True,True,0.1186
loftr,finger,MMCBNU_6000_genuine_231,058,058,1,1,1,0,,False,,True,False,
orb,finger,MMCBNU_6000_genuine_231,058,058,0,0,0,0,,False,,True,False,
sift,finger,MMCBNU_6000_genuine_231,058,058,2,2,2,0,,False,,True,False,
superglue,finger,MMCBNU_6000_genuine_231,058,058,147,152,1,0,,False,,True,False,
sgmnet,finger,MMCBNU_6000_genuine_231,058,058,587,506,175,19,0.1086,False,0.1085,True,False,1.3110
aspanformer,finger,MMCBNU_6000_genuine_231,058,058,1,1,1,0,,False,,True,False,
deepdetect,finger,MMCBNU_6000_genuine_231,058,058,1,0,0,0,,False,,True,False,
loftr,finger,MMCBNU_6000_genuine_232,067,067,7,7,7,7,1.0000,True,0.9583,True,True,1.1175
orb,finger,MMCBNU_6000_genuine_232,067,067,0,0,0,0,,False,,True,False,
sift,finger,MMCBNU_6000_genuine_232,067,067,2,0,0,0,,False,,True,False,
superglue,finger,MMCBNU_6000_genuine_232,067,067,217,193,2,0,,False,,True,False,
sgmnet,finger,MMCBNU_6000_genuine_232,067,067,623,591,184,14,0.0761,False,0.0755,True,False,1.5647
aspanformer,finger,MMCBNU_6000_genuine_232,067,067,2,2,2,0,,False,,True,False,
deepdetect,finger,MMCBNU_6000_genuine_232,067,067,441,311,413,0,,False,,True,False,
loftr,finger,MMCBNU_6000_genuine_233,021,021,66,66,66,45,0.6818,True,0.6818,True,True,1.2917
orb,finger,MMCBNU_6000_genuine_233,021,021,0,0,0,0,,False,,True,False,
sift,finger,MMCBNU_6000_genuine_233,021,021,0,2,0,0,,False,,True,False,
superglue,finger,MMCBNU_6000_genuine_233,021,021,184,166,3,0,,False,,True,False,
sgmnet,finger,MMCBNU_6000_genuine_233,021,021,559,339,102,21,0.2059,False,0.2043,True,False,1.6445
aspanformer,finger,MMCBNU_6000_genuine_233,021,021,2,2,2,0,,False,,True,False,
deepdetect,finger,MMCBNU_6000_genuine_233,021,021,378,2020,0,0,,False,,True,False,
loftr,finger,MMCBNU_6000_genuine_234,033,033,13,13,13,9,0.6923,True,0.6758,True,True,0.8119
orb,finger,MMCBNU_6000_genuine_234,033,033,0,0,0,0,,False,,True,False,
sift,finger,MMCBNU_6000_genuine_234,033,033,0,0,0,0,,False,,True,False,
superglue,finger,MMCBNU_6000_genuine_234,033,033,134,108,1,0,,False,,True,False,
sgmnet,finger,MMCBNU_6000_genuine_234,033,033,525,453,141,25,0.1773,False,0.1773,True,False,1.5017
aspanformer,finger,MMCBNU_6000_genuine_234,033,033,4,4,4,0,,False,,True,False,
loftr,finger,MMCBNU_6000_genuine_235,065,065,13,13,13,12,0.9231,True,0.9143,True,True,0.5542
orb,finger,MMCBNU_6000_genuine_235,065,065,0,0,0,0,,False,,True,False,
sift,finger,MMCBNU_6000_genuine_235,065,065,0,1,0,0,,False,,True,False,
superglue,finger,MMCBNU_6000_genuine_235,065,065,192,171,2,0,,False,,True,False,
sgmnet,finger,MMCBNU_6000_genuine_235,065,065,388,328,47,8,0.1702,False,0.1648,True,False,1.0246
aspanformer,finger,MMCBNU_6000_genuine_235,065,065,17,17,17,17,1.0000,True,0.9981,True,True,0.4171
deepdetect,finger,MMCBNU_6000_genuine_235,065,065,169,1159,2,0,,False,,True,False,
loftr,finger,MMCBNU_6000_genuine_236,074,074,234,234,234,190,0.8120,True,0.8120,True,True,1.1827
orb,finger,MMCBNU_6000_genuine_236,074,074,0,0,0,0,,False,,True,False,
sift,finger,MMCBNU_6000_genuine_236,074,074,0,2,0,0,,False,,True,False,
superglue,finger,MMCBNU_6000_genuine_236,074,074,188,184,3,0,,False,,True,False,
sgmnet,finger,MMCBNU_6000_genuine_236,074,074,516,472,188,29,0.1543,False,0.1541,True,False,1.5153
aspanformer,finger,MMCBNU_6000_genuine_236,074,074,144,144,144,133,0.9236,True,0.9236,True,True,0.8903
deepdetect,finger,MMCBNU_6000_genuine_236,074,074,863,998,43,43,1.0000,True,1.0000,True,True,0.4143
loftr,finger,MMCBNU_6000_genuine_237,052,052,2,2,2,0,,False,,True,False,
orb,finger,MMCBNU_6000_genuine_237,052,052,0,0,0,0,,False,,True,False,
sift,finger,MMCBNU_6000_genuine_237,052,052,0,0,0,0,,False,,True,False,
superglue,finger,MMCBNU_6000_genuine_237,052,052,96,64,6,4,0.6667,True,0.6110,True,True,0.0000
sgmnet,finger,MMCBNU_6000_genuine_237,052,052,325,265,57,9,0.1579,False,0.1541,True,False,0.9376
aspanformer,finger,MMCBNU_6000_genuine_237,052,052,1,1,1,0,,False,,True,False,
deepdetect,finger,MMCBNU_6000_genuine_237,052,052,1683,3889,4,0,,False,,True,False,
loftr,finger,MMCBNU_6000_genuine_238,026,026,137,137,137,79,0.5766,True,0.5686,True,True,1.7809
orb,finger,MMCBNU_6000_genuine_238,026,026,0,0,0,0,,False,,True,False,
sift,finger,MMCBNU_6000_genuine_238,026,026,0,0,0,0,,False,,True,False,
superglue,finger,MMCBNU_6000_genuine_238,026,026,528,448,0,0,,False,,True,False,
sgmnet,finger,MMCBNU_6000_genuine_238,026,026,828,763,201,20,0.0995,False,0.0991,True,False,1.5572
aspanformer,finger,MMCBNU_6000_genuine_238,026,026,208,208,208,205,0.9856,True,0.9856,True,True,0.2056
deepdetect,finger,MMCBNU_6000_genuine_238,026,026,1930,1305,2,0,,False,,True,False,
loftr,finger,MMCBNU_6000_genuine_239,066,066,121,121,121,81,0.6694,True,0.6636,True,True,1.6739
orb,finger,MMCBNU_6000_genuine_239,066,066,0,0,0,0,,False,,True,False,
sift,finger,MMCBNU_6000_genuine_239,066,066,3,3,3,0,,False,,True,False,
superglue,finger,MMCBNU_6000_genuine_239,066,066,394,418,0,0,,False,,True,False,
sgmnet,finger,MMCBNU_6000_genuine_239,066,066,569,602,148,19,0.1284,False,0.1283,True,False,1.3893
aspanformer,finger,MMCBNU_6000_genuine_239,066,066,14,14,14,13,0.9286,True,0.9222,True,True,0.0621
deepdetect,finger,MMCBNU_6000_genuine_239,066,066,2968,2483,2,0,,False,,True,False,
loftr,finger,MMCBNU_6000_genuine_240,092,092,3,3,3,0,,False,,True,False,
orb,finger,MMCBNU_6000_genuine_240,092,092,0,0,0,0,,False,,True,False,
sift,finger,MMCBNU_6000_genuine_240,092,092,1,0,0,0,,False,,True,False,
superglue,finger,MMCBNU_6000_genuine_240,092,092,178,206,6,4,0.6667,True,0.6110,True,True,0.0000
sgmnet,finger,MMCBNU_6000_genuine_240,092,092,383,453,135,19,0.1407,False,0.1406,True,False,1.3807
aspanformer,finger,MMCBNU_6000_genuine_240,092,092,1,1,1,0,,False,,True,False,
deepdetect,finger,MMCBNU_6000_genuine_240,092,092,675,405,5,0,,False,,True,False,
loftr,finger,MMCBNU_6000_genuine_241,089,089,22,22,22,15,0.6818,True,0.6794,True,True,0.6718
orb,finger,MMCBNU_6000_genuine_241,089,089,0,0,0,0,,False,,True,False,
sift,finger,MMCBNU_6000_genuine_241,089,089,2,2,1,0,,False,,True,False,
superglue,finger,MMCBNU_6000_genuine_241,089,089,174,157,2,0,,False,,True,False,
sgmnet,finger,MMCBNU_6000_genuine_241,089,089,441,450,105,18,0.1714,False,0.1696,True,False,1.6927
aspanformer,finger,MMCBNU_6000_genuine_241,089,089,14,14,14,14,1.0000,True,0.9950,True,True,0.0613
deepdetect,finger,MMCBNU_6000_genuine_241,089,089,575,1330,0,0,,False,,True,False,
loftr,finger,MMCBNU_6000_genuine_242,084,084,69,69,69,66,0.9565,True,0.9534,True,True,1.5652
orb,finger,MMCBNU_6000_genuine_242,084,084,0,0,0,0,,False,,True,False,
sift,finger,MMCBNU_6000_genuine_242,084,084,4,4,2,0,,False,,True,False,
superglue,finger,MMCBNU_6000_genuine_242,084,084,233,171,0,0,,False,,True,False,
sgmnet,finger,MMCBNU_6000_genuine_242,084,084,523,564,170,17,0.1000,False,0.0988,True,False,1.6976
aspanformer,finger,MMCBNU_6000_genuine_242,084,084,2,2,2,0,,False,,True,False,
deepdetect,finger,MMCBNU_6000_genuine_242,084,084,1109,486,19,0,,False,,True,False,
loftr,finger,MMCBNU_6000_genuine_243,025,025,24,24,24,19,0.7917,True,0.7909,True,True,0.7536
orb,finger,MMCBNU_6000_genuine_243,025,025,0,0,0,0,,False,,True,False,
sift,finger,MMCBNU_6000_genuine_243,025,025,1,0,0,0,,False,,True,False,
superglue,finger,MMCBNU_6000_genuine_243,025,025,188,352,2,0,,False,,True,False,
sgmnet,finger,MMCBNU_6000_genuine_243,025,025,471,624,194,25,0.1289,False,0.1275,True,False,1.7114
aspanformer,finger,MMCBNU_6000_genuine_243,025,025,4,4,4,4,1.0000,True,0.9165,True,True,0.0000
deepdetect,finger,MMCBNU_6000_genuine_243,025,025,1750,1195,8,0,,False,,True,False,
loftr,finger,MMCBNU_6000_genuine_244,087,087,24,24,24,18,0.7500,True,0.7490,True,True,0.9240
orb,finger,MMCBNU_6000_genuine_244,087,087,0,0,0,0,,False,,True,False,
sift,finger,MMCBNU_6000_genuine_244,087,087,1,0,0,0,,False,,True,False,
superglue,finger,MMCBNU_6000_genuine_244,087,087,452,279,0,0,,False,,True,False,
sgmnet,finger,MMCBNU_6000_genuine_244,087,087,967,575,74,15,0.2027,False,0.2010,True,False,1.5917
aspanformer,finger,MMCBNU_6000_genuine_244,087,087,0,0,0,0,,False,,True,False,
deepdetect,finger,MMCBNU_6000_genuine_244,087,087,1859,503,12,0,,False,,True,False,
loftr,finger,MMCBNU_6000_genuine_245,038,038,25,25,25,23,0.9200,True,0.9147,True,True,1.6095
orb,finger,MMCBNU_6000_genuine_245,038,038,0,0,0,0,,False,,True,False,
sift,finger,MMCBNU_6000_genuine_245,038,038,1,0,0,0,,False,,True,False,
superglue,finger,MMCBNU_6000_genuine_245,038,038,79,97,2,0,,False,,True,False,
sgmnet,finger,MMCBNU_6000_genuine_245,038,038,435,383,94,13,0.1383,False,0.1373,True,False,1.1358
aspanformer,finger,MMCBNU_6000_genuine_245,038,038,6,6,6,0,,False,,True,False,
deepdetect,finger,MMCBNU_6000_genuine_245,038,038,2,5,0,0,,False,,True,False,
loftr,finger,MMCBNU_6000_genuine_246,049,049,66,66,66,56,0.8485,True,0.8485,True,True,1.2856
orb,finger,MMCBNU_6000_genuine_246,049,049,0,0,0,0,,False,,True,False,
sift,finger,MMCBNU_6000_genuine_246,049,049,1,0,0,0,,False,,True,False,
superglue,finger,MMCBNU_6000_genuine_246,049,049,280,292,1,0,,False,,True,False,
sgmnet,finger,MMCBNU_6000_genuine_246,049,049,781,823,231,27,0.1169,False,0.1167,True,False,1.5366
aspanformer,finger,MMCBNU_6000_genuine_246,049,049,4,4,4,0,,False,,True,False,
deepdetect,finger,MMCBNU_6000_genuine_246,049,049,20,41,0,0,,False,,True,False,
loftr,finger,MMCBNU_6000_genuine_247,082,082,21,21,21,13,0.6190,True,0.6091,True,True,1.6852
orb,finger,MMCBNU_6000_genuine_247,082,082,0,0,0,0,,False,,True,False,
sift,finger,MMCBNU_6000_genuine_247,082,082,0,0,0,0,,False,,True,False,
superglue,finger,MMCBNU_6000_genuine_247,082,082,348,186,0,0,,False,,True,False,
sgmnet,finger,MMCBNU_6000_genuine_247,082,082,804,453,70,12,0.1714,False,0.1698,True,False,0.8344
aspanformer,finger,MMCBNU_6000_genuine_247,082,082,1,1,1,0,,False,,True,False,
deepdetect,finger,MMCBNU_6000_genuine_247,082,082,453,1136,1,0,,False,,True,False,
loftr,finger,MMCBNU_6000_genuine_248,046,046,79,79,79,51,0.6456,True,0.6456,True,True,0.1802
orb,finger,MMCBNU_6000_genuine_248,046,046,0,0,0,0,,False,,True,False,
sift,finger,MMCBNU_6000_genuine_248,046,046,0,0,0,0,,False,,True,False,
superglue,finger,MMCBNU_6000_genuine_248,046,046,281,284,2,0,,False,,True,False,
sgmnet,finger,MMCBNU_6000_genuine_248,046,046,599,644,217,20,0.0922,False,0.0916,True,False,1.6061
aspanformer,finger,MMCBNU_6000_genuine_248,046,046,7,7,7,7,1.0000,True,0.9583,True,True,0.3850
deepdetect,finger,MMCBNU_6000_genuine_248,046,046,56,52,0,0,,False,,True,False,
loftr,finger,MMCBNU_6000_genuine_249,054,054,18,18,18,15,0.8333,True,0.8303,True,True,1.3773
orb,finger,MMCBNU_6000_genuine_249,054,054,0,0,0,0,,False,,True,False,
sift,finger,MMCBNU_6000_genuine_249,054,054,2,1,0,0,,False,,True,False,
superglue,finger,MMCBNU_6000_genuine_249,054,054,219,215,2,0,,False,,True,False,
sgmnet,finger,MMCBNU_6000_genuine_249,054,054,584,557,164,22,0.1341,False,0.1341,True,False,1.4010
aspanformer,finger,MMCBNU_6000_genuine_249,054,054,19,19,19,17,0.8947,True,0.8931,True,True,0.4668
deepdetect,finger,MMCBNU_6000_genuine_249,054,054,351,356,2,0,,False,,True,False,
loftr,finger,MMCBNU_6000_impostor_0,081,059,136,136,0,0,,False,,False,True,
orb,finger,MMCBNU_6000_impostor_0,081,059,0,0,0,0,,False,,False,True,
sift,finger,MMCBNU_6000_impostor_0,081,059,4,0,0,0,,False,,False,True,
superglue,finger,MMCBNU_6000_impostor_0,081,059,103,144,1,0,,False,,False,True,
sgmnet,finger,MMCBNU_6000_impostor_0,081,059,266,505,21,8,0.3810,False,0.3688,False,True,1.1348
aspanformer,finger,MMCBNU_6000_impostor_0,081,059,1,1,1,0,,False,,False,True,
deepdetect,finger,MMCBNU_6000_impostor_0,081,059,2430,48,0,0,,False,,False,True,
loftr,finger,MMCBNU_6000_impostor_1,079,024,1,1,1,0,,False,,False,True,
orb,finger,MMCBNU_6000_impostor_1,079,024,0,0,0,0,,False,,False,True,
sift,finger,MMCBNU_6000_impostor_1,079,024,0,1,0,0,,False,,False,True,
superglue,finger,MMCBNU_6000_impostor_1,079,024,153,192,0,0,,False,,False,True,
sgmnet,finger,MMCBNU_6000_impostor_1,079,024,425,679,19,7,0.3684,False,0.3530,False,True,0.5819
aspanformer,finger,MMCBNU_6000_impostor_1,079,024,0,0,0,0,,False,,False,True,
deepdetect,finger,MMCBNU_6000_impostor_1,079,024,7,337,0,0,,False,,False,True,
loftr,finger,MMCBNU_6000_impostor_2,086,051,1,1,1,0,,False,,False,True,
orb,finger,MMCBNU_6000_impostor_2,086,051,0,0,0,0,,False,,False,True,
sift,finger,MMCBNU_6000_impostor_2,086,051,0,0,0,0,,False,,False,True,
superglue,finger,MMCBNU_6000_impostor_2,086,051,403,132,0,0,,False,,False,True,
sgmnet,finger,MMCBNU_6000_impostor_2,086,051,606,261,3,0,,False,,False,True,
aspanformer,finger,MMCBNU_6000_impostor_2,086,051,0,0,0,0,,False,,False,True,
deepdetect,finger,MMCBNU_6000_impostor_2,086,051,941,1323,2,0,,False,,False,True,
loftr,finger,MMCBNU_6000_impostor_3,083,049,56,56,0,0,,False,,False,True,
orb,finger,MMCBNU_6000_impostor_3,083,049,0,0,0,0,,False,,False,True,
sift,finger,MMCBNU_6000_impostor_3,083,049,0,1,0,0,,False,,False,True,
superglue,finger,MMCBNU_6000_impostor_3,083,049,107,355,0,0,,False,,False,True,
sgmnet,finger,MMCBNU_6000_impostor_3,083,049,239,749,11,0,,False,,False,True,
aspanformer,finger,MMCBNU_6000_impostor_3,083,049,0,0,0,0,,False,,False,True,
deepdetect,finger,MMCBNU_6000_impostor_3,083,049,4123,53,0,0,,False,,False,True,
loftr,finger,MMCBNU_6000_impostor_4,002,034,1,1,1,0,,False,,False,True,
orb,finger,MMCBNU_6000_impostor_4,002,034,0,0,0,0,,False,,False,True,
sift,finger,MMCBNU_6000_impostor_4,002,034,1,0,0,0,,False,,False,True,
superglue,finger,MMCBNU_6000_impostor_4,002,034,409,79,0,0,,False,,False,True,
sgmnet,finger,MMCBNU_6000_impostor_4,002,034,545,447,19,6,0.3158,False,0.2988,False,True,0.7662
aspanformer,finger,MMCBNU_6000_impostor_4,002,034,0,0,0,0,,False,,False,True,
loftr,finger,MMCBNU_6000_impostor_5,020,039,2,2,2,0,,False,,False,True,
orb,finger,MMCBNU_6000_impostor_5,020,039,0,0,0,0,,False,,False,True,
sift,finger,MMCBNU_6000_impostor_5,020,039,1,2,0,0,,False,,False,True,
superglue,finger,MMCBNU_6000_impostor_5,020,039,513,333,0,0,,False,,False,True,
sgmnet,finger,MMCBNU_6000_impostor_5,020,039,539,581,31,6,0.1935,False,0.1831,False,True,0.8319
aspanformer,finger,MMCBNU_6000_impostor_5,020,039,0,0,0,0,,False,,False,True,
deepdetect,finger,MMCBNU_6000_impostor_5,020,039,3887,2304,1,0,,False,,False,True,
loftr,finger,MMCBNU_6000_impostor_6,046,041,31,31,0,0,,False,,False,True,
orb,finger,MMCBNU_6000_impostor_6,046,041,0,0,0,0,,False,,False,True,
sift,finger,MMCBNU_6000_impostor_6,046,041,1,1,0,0,,False,,False,True,
superglue,finger,MMCBNU_6000_impostor_6,046,041,87,95,1,0,,False,,False,True,
sgmnet,finger,MMCBNU_6000_impostor_6,046,041,240,425,18,5,0.2778,False,0.2589,False,True,0.4115
aspanformer,finger,MMCBNU_6000_impostor_6,046,041,0,0,0,0,,False,,False,True,
deepdetect,finger,MMCBNU_6000_impostor_6,046,041,987,566,3,0,,False,,False,True,
loftr,finger,MMCBNU_6000_impostor_7,073,061,6,6,6,4,0.6667,True,0.6110,False,False,0.0000
orb,finger,MMCBNU_6000_impostor_7,073,061,0,0,0,0,,False,,False,True,
sift,finger,MMCBNU_6000_impostor_7,073,061,2,0,0,0,,False,,False,True,
superglue,finger,MMCBNU_6000_impostor_7,073,061,197,46,0,0,,False,,False,True,
sgmnet,finger,MMCBNU_6000_impostor_7,073,061,444,328,43,10,0.2326,False,0.2284,False,True,1.1480
aspanformer,finger,MMCBNU_6000_impostor_7,073,061,0,0,0,0,,False,,False,True,
deepdetect,finger,MMCBNU_6000_impostor_7,073,061,222,767,0,0,,False,,False,True,
loftr,finger,MMCBNU_6000_impostor_8,053,023,68,68,0,0,,False,,False,True,
orb,finger,MMCBNU_6000_impostor_8,053,023,0,0,0,0,,False,,False,True,
sift,finger,MMCBNU_6000_impostor_8,053,023,0,1,0,0,,False,,False,True,
superglue,finger,MMCBNU_6000_impostor_8,053,023,179,134,2,0,,False,,False,True,
sgmnet,finger,MMCBNU_6000_impostor_8,053,023,442,399,12,5,0.4167,False,0.3884,False,True,0.2480
aspanformer,finger,MMCBNU_6000_impostor_8,053,023,1,1,0,0,,False,,False,True,
deepdetect,finger,MMCBNU_6000_impostor_8,053,023,1816,20,0,0,,False,,False,True,
loftr,finger,MMCBNU_6000_impostor_9,029,045,130,130,0,0,,False,,False,True,
orb,finger,MMCBNU_6000_impostor_9,029,045,0,0,0,0,,False,,False,True,
sift,finger,MMCBNU_6000_impostor_9,029,045,0,2,0,0,,False,,False,True,
superglue,finger,MMCBNU_6000_impostor_9,029,045,489,103,0,0,,False,,False,True,
sgmnet,finger,MMCBNU_6000_impostor_9,029,045,643,284,1,0,,False,,False,True,
aspanformer,finger,MMCBNU_6000_impostor_9,029,045,2,2,0,0,,False,,False,True,
deepdetect,finger,MMCBNU_6000_impostor_9,029,045,4660,2,0,0,,False,,False,True,
loftr,finger,MMCBNU_6000_impostor_10,085,086,1,1,1,0,,False,,False,True,
orb,finger,MMCBNU_6000_impostor_10,085,086,0,0,0,0,,False,,False,True,
sift,finger,MMCBNU_6000_impostor_10,085,086,1,1,0,0,,False,,False,True,
superglue,finger,MMCBNU_6000_impostor_10,085,086,75,291,1,0,,False,,False,True,
sgmnet,finger,MMCBNU_6000_impostor_10,085,086,397,485,35,6,0.1714,False,0.1622,False,True,1.0413
aspanformer,finger,MMCBNU_6000_impostor_10,085,086,0,0,0,0,,False,,False,True,
deepdetect,finger,MMCBNU_6000_impostor_10,085,086,0,1909,0,0,,False,,False,True,
loftr,finger,MMCBNU_6000_impostor_11,006,039,137,137,0,0,,False,,False,True,
orb,finger,MMCBNU_6000_impostor_11,006,039,0,0,0,0,,False,,False,True,
sift,finger,MMCBNU_6000_impostor_11,006,039,0,0,0,0,,False,,False,True,
superglue,finger,MMCBNU_6000_impostor_11,006,039,193,184,0,0,,False,,False,True,
sgmnet,finger,MMCBNU_6000_impostor_11,006,039,666,328,15,7,0.4667,True,0.4472,False,False,0.5550
aspanformer,finger,MMCBNU_6000_impostor_11,006,039,0,0,0,0,,False,,False,True,
deepdetect,finger,MMCBNU_6000_impostor_11,006,039,28,2523,0,0,,False,,False,True,
loftr,finger,MMCBNU_6000_impostor_12,075,032,144,144,0,0,,False,,False,True,
orb,finger,MMCBNU_6000_impostor_12,075,032,0,0,0,0,,False,,False,True,
sift,finger,MMCBNU_6000_impostor_12,075,032,0,4,0,0,,False,,False,True,
superglue,finger,MMCBNU_6000_impostor_12,075,032,347,135,1,0,,False,,False,True,
sgmnet,finger,MMCBNU_6000_impostor_12,075,032,595,239,12,6,0.5000,True,0.4731,False,False,0.5525
aspanformer,finger,MMCBNU_6000_impostor_12,075,032,1,1,1,0,,False,,False,True,
deepdetect,finger,MMCBNU_6000_impostor_12,075,032,1635,1888,0,0,,False,,False,True,
loftr,finger,MMCBNU_6000_impostor_13,026,001,1,1,1,0,,False,,False,True,
orb,finger,MMCBNU_6000_impostor_13,026,001,0,0,0,0,,False,,False,True,
sift,finger,MMCBNU_6000_impostor_13,026,001,0,0,0,0,,False,,False,True,
superglue,finger,MMCBNU_6000_impostor_13,026,001,376,99,0,0,,False,,False,True,
sgmnet,finger,MMCBNU_6000_impostor_13,026,001,800,494,5,0,,False,,False,True,
aspanformer,finger,MMCBNU_6000_impostor_13,026,001,1,1,0,0,,False,,False,True,
deepdetect,finger,MMCBNU_6000_impostor_13,026,001,912,0,0,0,,False,,False,True,
loftr,finger,MMCBNU_6000_impostor_14,014,023,1,1,1,0,,False,,False,True,
orb,finger,MMCBNU_6000_impostor_14,014,023,0,0,0,0,,False,,False,True,
sift,finger,MMCBNU_6000_impostor_14,014,023,5,2,0,0,,False,,False,True,
superglue,finger,MMCBNU_6000_impostor_14,014,023,48,148,0,0,,False,,False,True,
sgmnet,finger,MMCBNU_6000_impostor_14,014,023,256,492,11,5,0.4545,True,0.4237,False,False,0.1942
aspanformer,finger,MMCBNU_6000_impostor_14,014,023,1,1,1,0,,False,,False,True,
deepdetect,finger,MMCBNU_6000_impostor_14,014,023,276,694,0,0,,False,,False,True,
loftr,finger,MMCBNU_6000_impostor_15,005,100,114,114,0,0,,False,,False,True,
orb,finger,MMCBNU_6000_impostor_15,005,100,0,0,0,0,,False,,False,True,
sift,finger,MMCBNU_6000_impostor_15,005,100,3,0,0,0,,False,,False,True,
superglue,finger,MMCBNU_6000_impostor_15,005,100,75,372,0,0,,False,,False,True,
sgmnet,finger,MMCBNU_6000_impostor_15,005,100,171,782,14,6,0.4286,True,0.4055,False,False,0.8455
aspanformer,finger,MMCBNU_6000_impostor_15,005,100,1,1,1,0,,False,,False,True,
deepdetect,finger,MMCBNU_6000_impostor_15,005,100,1614,109,0,0,,False,,False,True,
loftr,finger,MMCBNU_6000_impostor_16,033,003,104,104,0,0,,False,,False,True,
orb,finger,MMCBNU_6000_impostor_16,033,003,0,0,0,0,,False,,False,True,
sift,finger,MMCBNU_6000_impostor_16,033,003,0,0,0,0,,False,,False,True,
superglue,finger,MMCBNU_6000_impostor_16,033,003,149,347,0,0,,False,,False,True,
sgmnet,finger,MMCBNU_6000_impostor_16,033,003,560,840,22,6,0.2727,False,0.2581,False,True,0.9110
aspanformer,finger,MMCBNU_6000_impostor_16,033,003,0,0,0,0,,False,,False,True,
deepdetect,finger,MMCBNU_6000_impostor_16,033,003,418,0,0,0,,False,,False,True,
loftr,finger,MMCBNU_6000_impostor_17,071,025,4,4,4,4,1.0000,True,0.9165,False,False,0.0000
orb,finger,MMCBNU_6000_impostor_17,071,025,0,0,0,0,,False,,False,True,
sift,finger,MMCBNU_6000_impostor_17,071,025,0,2,0,0,,False,,False,True,
superglue,finger,MMCBNU_6000_impostor_17,071,025,416,484,0,0,,False,,False,True,
sgmnet,finger,MMCBNU_6000_impostor_17,071,025,1028,824,50,9,0.1800,False,0.1757,False,True,1.3681
aspanformer,finger,MMCBNU_6000_impostor_17,071,025,0,0,0,0,,False,,False,True,
deepdetect,finger,MMCBNU_6000_impostor_17,071,025,418,2133,0,0,,False,,False,True,
loftr,finger,MMCBNU_6000_impostor_18,015,002,2,2,2,0,,False,,False,True,
orb,finger,MMCBNU_6000_impostor_18,015,002,0,0,0,0,,False,,False,True,
sift,finger,MMCBNU_6000_impostor_18,015,002,1,1,0,0,,False,,False,True,
superglue,finger,MMCBNU_6000_impostor_18,015,002,95,143,1,0,,False,,False,True,
sgmnet,finger,MMCBNU_6000_impostor_18,015,002,316,219,29,10,0.3448,False,0.3387,False,True,1.0651
aspanformer,finger,MMCBNU_6000_impostor_18,015,002,1,1,0,0,,False,,False,True,
deepdetect,finger,MMCBNU_6000_impostor_18,015,002,979,6314,0,0,,False,,False,True,
loftr,finger,MMCBNU_6000_impostor_19,080,020,1,1,1,0,,False,,False,True,
orb,finger,MMCBNU_6000_impostor_19,080,020,0,0,0,0,,False,,False,True,
sift,finger,MMCBNU_6000_impostor_19,080,020,4,1,0,0,,False,,False,True,
superglue,finger,MMCBNU_6000_impostor_19,080,020,315,406,0,0,,False,,False,True,
sgmnet,finger,MMCBNU_6000_impostor_19,080,020,443,747,43,11,0.2558,False,0.2525,False,True,1.0914
aspanformer,finger,MMCBNU_6000_impostor_19,080,020,0,0,0,0,,False,,False,True,
deepdetect,finger,MMCBNU_6000_impostor_19,080,020,515,1008,1,0,,False,,False,True,
loftr,finger,MMCBNU_6000_impostor_20,030,086,121,121,0,0,,False,,False,True,
orb,finger,MMCBNU_6000_impostor_20,030,086,0,0,0,0,,False,,False,True,
sift,finger,MMCBNU_6000_impostor_20,030,086,0,1,0,0,,False,,False,True,
superglue,finger,MMCBNU_6000_impostor_20,030,086,167,148,0,0,,False,,False,True,
sgmnet,finger,MMCBNU_6000_impostor_20,030,086,370,385,34,8,0.2353,False,0.2278,False,True,0.9603
aspanformer,finger,MMCBNU_6000_impostor_20,030,086,1,1,1,0,,False,,False,True,
deepdetect,finger,MMCBNU_6000_impostor_20,030,086,1028,12,403,0,,False,,False,True,
loftr,finger,MMCBNU_6000_impostor_21,006,032,130,130,0,0,,False,,False,True,
orb,finger,MMCBNU_6000_impostor_21,006,032,0,0,0,0,,False,,False,True,
sift,finger,MMCBNU_6000_impostor_21,006,032,1,2,0,0,,False,,False,True,
superglue,finger,MMCBNU_6000_impostor_21,006,032,71,545,0,0,,False,,False,True,
sgmnet,finger,MMCBNU_6000_impostor_21,006,032,348,833,16,5,0.3125,False,0.2913,False,True,0.6241
aspanformer,finger,MMCBNU_6000_impostor_21,006,032,0,0,0,0,,False,,False,True,
deepdetect,finger,MMCBNU_6000_impostor_21,006,032,40,1759,0,0,,False,,False,True,
loftr,finger,MMCBNU_6000_impostor_22,087,062,86,86,0,0,,False,,False,True,
orb,finger,MMCBNU_6000_impostor_22,087,062,0,0,0,0,,False,,False,True,
sift,finger,MMCBNU_6000_impostor_22,087,062,1,1,0,0,,False,,False,True,
superglue,finger,MMCBNU_6000_impostor_22,087,062,452,201,0,0,,False,,False,True,
sgmnet,finger,MMCBNU_6000_impostor_22,087,062,967,683,29,8,0.2759,False,0.2671,False,True,0.6649
aspanformer,finger,MMCBNU_6000_impostor_22,087,062,0,0,0,0,,False,,False,True,
deepdetect,finger,MMCBNU_6000_impostor_22,087,062,1859,0,0,0,,False,,False,True,
loftr,finger,MMCBNU_6000_impostor_23,076,003,118,118,0,0,,False,,False,True,
orb,finger,MMCBNU_6000_impostor_23,076,003,0,0,0,0,,False,,False,True,
sift,finger,MMCBNU_6000_impostor_23,076,003,0,0,0,0,,False,,False,True,
superglue,finger,MMCBNU_6000_impostor_23,076,003,413,167,0,0,,False,,False,True,
sgmnet,finger,MMCBNU_6000_impostor_23,076,003,774,450,14,0,,False,,False,True,
aspanformer,finger,MMCBNU_6000_impostor_23,076,003,1,1,1,0,,False,,False,True,
deepdetect,finger,MMCBNU_6000_impostor_23,076,003,525,2,0,0,,False,,False,True,
loftr,finger,MMCBNU_6000_impostor_24,013,021,126,126,0,0,,False,,False,True,
orb,finger,MMCBNU_6000_impostor_24,013,021,0,0,0,0,,False,,False,True,
sift,finger,MMCBNU_6000_impostor_24,013,021,0,3,0,0,,False,,False,True,
superglue,finger,MMCBNU_6000_impostor_24,013,021,132,457,0,0,,False,,False,True,
sgmnet,finger,MMCBNU_6000_impostor_24,013,021,572,749,20,0,,False,,False,True,
aspanformer,finger,MMCBNU_6000_impostor_24,013,021,0,0,0,0,,False,,False,True,
deepdetect,finger,MMCBNU_6000_impostor_24,013,021,91,3203,0,0,,False,,False,True,
loftr,finger,MMCBNU_6000_impostor_25,066,013,4,4,4,0,,False,,False,True,
orb,finger,MMCBNU_6000_impostor_25,066,013,0,0,0,0,,False,,False,True,
sift,finger,MMCBNU_6000_impostor_25,066,013,0,0,0,0,,False,,False,True,
superglue,finger,MMCBNU_6000_impostor_25,066,013,327,43,0,0,,False,,False,True,
sgmnet,finger,MMCBNU_6000_impostor_25,066,013,455,253,11,5,0.4545,True,0.4237,False,False,0.1707
aspanformer,finger,MMCBNU_6000_impostor_25,066,013,1,1,1,0,,False,,False,True,
deepdetect,finger,MMCBNU_6000_impostor_25,066,013,1051,3,0,0,,False,,False,True,
loftr,finger,MMCBNU_6000_impostor_26,006,020,2,2,2,0,,False,,False,True,
orb,finger,MMCBNU_6000_impostor_26,006,020,0,0,0,0,,False,,False,True,
sift,finger,MMCBNU_6000_impostor_26,006,020,0,0,0,0,,False,,False,True,
superglue,finger,MMCBNU_6000_impostor_26,006,020,156,363,0,0,,False,,False,True,
sgmnet,finger,MMCBNU_6000_impostor_26,006,020,635,818,8,0,,False,,False,True,
aspanformer,finger,MMCBNU_6000_impostor_26,006,020,0,0,0,0,,False,,False,True,
deepdetect,finger,MMCBNU_6000_impostor_26,006,020,346,1024,0,0,,False,,False,True,
loftr,finger,MMCBNU_6000_impostor_27,090,065,3,3,3,0,,False,,False,True,
orb,finger,MMCBNU_6000_impostor_27,090,065,0,0,0,0,,False,,False,True,
sift,finger,MMCBNU_6000_impostor_27,090,065,2,0,0,0,,False,,False,True,
superglue,finger,MMCBNU_6000_impostor_27,090,065,304,297,0,0,,False,,False,True,
sgmnet,finger,MMCBNU_6000_impostor_27,090,065,482,614,31,7,0.2258,False,0.2164,False,True,0.7602
aspanformer,finger,MMCBNU_6000_impostor_27,090,065,1,1,1,0,,False,,False,True,
deepdetect,finger,MMCBNU_6000_impostor_27,090,065,1340,85,0,0,,False,,False,True,
loftr,finger,MMCBNU_6000_impostor_28,018,019,2,2,2,0,,False,,False,True,
orb,finger,MMCBNU_6000_impostor_28,018,019,0,0,0,0,,False,,False,True,
sift,finger,MMCBNU_6000_impostor_28,018,019,2,3,0,0,,False,,False,True,
superglue,finger,MMCBNU_6000_impostor_28,018,019,94,470,0,0,,False,,False,True,
sgmnet,finger,MMCBNU_6000_impostor_28,018,019,215,569,21,7,0.3333,False,0.3194,False,True,0.6409
aspanformer,finger,MMCBNU_6000_impostor_28,018,019,1,1,1,0,,False,,False,True,
deepdetect,finger,MMCBNU_6000_impostor_28,018,019,1558,3219,338,0,,False,,False,True,
loftr,finger,MMCBNU_6000_impostor_29,043,011,94,94,0,0,,False,,False,True,
orb,finger,MMCBNU_6000_impostor_29,043,011,0,0,0,0,,False,,False,True,
sift,finger,MMCBNU_6000_impostor_29,043,011,2,0,0,0,,False,,False,True,
superglue,finger,MMCBNU_6000_impostor_29,043,011,87,162,0,0,,False,,False,True,
sgmnet,finger,MMCBNU_6000_impostor_29,043,011,217,418,26,6,0.2308,False,0.2184,False,True,0.9936
aspanformer,finger,MMCBNU_6000_impostor_29,043,011,0,0,0,0,,False,,False,True,
deepdetect,finger,MMCBNU_6000_impostor_29,043,011,2167,125,0,0,,False,,False,True,
loftr,finger,MMCBNU_6000_impostor_30,026,018,107,107,0,0,,False,,False,True,
orb,finger,MMCBNU_6000_impostor_30,026,018,0,0,0,0,,False,,False,True,
sift,finger,MMCBNU_6000_impostor_30,026,018,1,0,0,0,,False,,False,True,
superglue,finger,MMCBNU_6000_impostor_30,026,018,215,175,1,0,,False,,False,True,
sgmnet,finger,MMCBNU_6000_impostor_30,026,018,427,703,29,7,0.2414,False,0.2313,False,True,0.4061
aspanformer,finger,MMCBNU_6000_impostor_30,026,018,0,0,0,0,,False,,False,True,
deepdetect,finger,MMCBNU_6000_impostor_30,026,018,4242,0,0,0,,False,,False,True,
loftr,finger,MMCBNU_6000_impostor_31,070,079,175,175,0,0,,False,,False,True,
orb,finger,MMCBNU_6000_impostor_31,070,079,0,0,0,0,,False,,False,True,
sift,finger,MMCBNU_6000_impostor_31,070,079,0,1,0,0,,False,,False,True,
superglue,finger,MMCBNU_6000_impostor_31,070,079,172,175,2,0,,False,,False,True,
sgmnet,finger,MMCBNU_6000_impostor_31,070,079,392,535,22,6,0.2727,False,0.2581,False,True,0.9425
aspanformer,finger,MMCBNU_6000_impostor_31,070,079,4,4,0,0,,False,,False,True,
deepdetect,finger,MMCBNU_6000_impostor_31,070,079,1791,6,0,0,,False,,False,True,
loftr,finger,MMCBNU_6000_impostor_32,070,067,3,3,3,0,,False,,False,True,
orb,finger,MMCBNU_6000_impostor_32,070,067,0,0,0,0,,False,,False,True,
sift,finger,MMCBNU_6000_impostor_32,070,067,1,0,0,0,,False,,False,True,
superglue,finger,MMCBNU_6000_impostor_32,070,067,205,385,0,0,,False,,False,True,
sgmnet,finger,MMCBNU_6000_impostor_32,070,067,387,1066,22,6,0.2727,False,0.2581,False,True,0.9614
aspanformer,finger,MMCBNU_6000_impostor_32,070,067,0,0,0,0,,False,,False,True,
deepdetect,finger,MMCBNU_6000_impostor_32,070,067,275,54,0,0,,False,,False,True,
loftr,finger,MMCBNU_6000_impostor_33,017,041,154,154,0,0,,False,,False,True,
orb,finger,MMCBNU_6000_impostor_33,017,041,0,0,0,0,,False,,False,True,
sift,finger,MMCBNU_6000_impostor_33,017,041,2,0,0,0,,False,,False,True,
superglue,finger,MMCBNU_6000_impostor_33,017,041,94,158,0,0,,False,,False,True,
sgmnet,finger,MMCBNU_6000_impostor_33,017,041,220,598,20,6,0.3000,False,0.2839,False,True,0.9268
aspanformer,finger,MMCBNU_6000_impostor_33,017,041,4,4,4,0,,False,,False,True,
deepdetect,finger,MMCBNU_6000_impostor_33,017,041,2526,545,0,0,,False,,False,True,
loftr,finger,MMCBNU_6000_impostor_34,025,001,145,145,0,0,,False,,False,True,
orb,finger,MMCBNU_6000_impostor_34,025,001,0,0,0,0,,False,,False,True,
sift,finger,MMCBNU_6000_impostor_34,025,001,2,0,0,0,,False,,False,True,
superglue,finger,MMCBNU_6000_impostor_34,025,001,134,103,0,0,,False,,False,True,
sgmnet,finger,MMCBNU_6000_impostor_34,025,001,339,400,31,8,0.2581,False,0.2499,False,True,0.5776
aspanformer,finger,MMCBNU_6000_impostor_34,025,001,0,0,0,0,,False,,False,True,
deepdetect,finger,MMCBNU_6000_impostor_34,025,001,1214,10,366,0,,False,,False,True,
loftr,finger,MMCBNU_6000_impostor_35,099,012,120,120,0,0,,False,,False,True,
orb,finger,MMCBNU_6000_impostor_35,099,012,0,0,0,0,,False,,False,True,
sift,finger,MMCBNU_6000_impostor_35,099,012,2,0,0,0,,False,,False,True,
superglue,finger,MMCBNU_6000_impostor_35,099,012,175,168,0,0,,False,,False,True,
sgmnet,finger,MMCBNU_6000_impostor_35,099,012,538,800,36,7,0.1944,False,0.1863,False,True,0.1515
aspanformer,finger,MMCBNU_6000_impostor_35,099,012,0,0,0,0,,False,,False,True,
deepdetect,finger,MMCBNU_6000_impostor_35,099,012,55,250,0,0,,False,,False,True,
loftr,finger,MMCBNU_6000_impostor_36,071,083,14,14,14,6,0.4286,False,0.4055,False,True,0.9066
orb,finger,MMCBNU_6000_impostor_36,071,083,0,0,0,0,,False,,False,True,
sift,finger,MMCBNU_6000_impostor_36,071,083,0,0,0,0,,False,,False,True,
superglue,finger,MMCBNU_6000_impostor_36,071,083,352,383,0,0,,False,,False,True,
sgmnet,finger,MMCBNU_6000_impostor_36,071,083,1035,828,17,7,0.4118,False,0.3946,False,True,0.6745
aspanformer,finger,MMCBNU_6000_impostor_36,071,083,0,0,0,0,,False,,False,True,
deepdetect,finger,MMCBNU_6000_impostor_36,071,083,733,536,0,0,,False,,False,True,
loftr,finger,MMCBNU_6000_impostor_37,043,042,247,247,0,0,,False,,False,True,
orb,finger,MMCBNU_6000_impostor_37,043,042,0,0,0,0,,False,,False,True,
sift,finger,MMCBNU_6000_impostor_37,043,042,3,1,0,0,,False,,False,True,
superglue,finger,MMCBNU_6000_impostor_37,043,042,130,79,1,0,,False,,False,True,
sgmnet,finger,MMCBNU_6000_impostor_37,043,042,222,299,35,7,0.2000,False,0.1917,False,True,0.2853
aspanformer,finger,MMCBNU_6000_impostor_37,043,042,2,2,0,0,,False,,False,True,
deepdetect,finger,MMCBNU_6000_impostor_37,043,042,4301,51,446,0,,False,,False,True,
loftr,finger,MMCBNU_6000_impostor_38,033,043,40,40,0,0,,False,,False,True,
orb,finger,MMCBNU_6000_impostor_38,033,043,0,0,0,0,,False,,False,True,
sift,finger,MMCBNU_6000_impostor_38,033,043,0,0,0,0,,False,,False,True,
superglue,finger,MMCBNU_6000_impostor_38,033,043,112,77,0,0,,False,,False,True,
sgmnet,finger,MMCBNU_6000_impostor_38,033,043,0,0,0,0,,False,,False,True,
aspanformer,finger,MMCBNU_6000_impostor_38,033,043,0,0,0,0,,False,,False,True,
deepdetect,finger,MMCBNU_6000_impostor_38,033,043,3,1013,1,0,,False,,False,True,
loftr,finger,MMCBNU_6000_impostor_39,043,071,93,93,0,0,,False,,False,True,
orb,finger,MMCBNU_6000_impostor_39,043,071,0,0,0,0,,False,,False,True,
sift,finger,MMCBNU_6000_impostor_39,043,071,3,1,0,0,,False,,False,True,
superglue,finger,MMCBNU_6000_impostor_39,043,071,133,228,1,0,,False,,False,True,
sgmnet,finger,MMCBNU_6000_impostor_39,043,071,359,752,26,6,0.2308,False,0.2184,False,True,0.6363
aspanformer,finger,MMCBNU_6000_impostor_39,043,071,0,0,0,0,,False,,False,True,
deepdetect,finger,MMCBNU_6000_impostor_39,043,071,805,47,0,0,,False,,False,True,
loftr,finger,MMCBNU_6000_impostor_40,005,083,1,1,1,0,,False,,False,True,
orb,finger,MMCBNU_6000_impostor_40,005,083,0,0,0,0,,False,,False,True,
sift,finger,MMCBNU_6000_impostor_40,005,083,4,0,0,0,,False,,False,True,
superglue,finger,MMCBNU_6000_impostor_40,005,083,124,281,0,0,,False,,False,True,
sgmnet,finger,MMCBNU_6000_impostor_40,005,083,243,711,13,5,0.3846,False,0.3585,False,True,0.4671
aspanformer,finger,MMCBNU_6000_impostor_40,005,083,1,1,1,0,,False,,False,True,
deepdetect,finger,MMCBNU_6000_impostor_40,005,083,3614,510,0,0,,False,,False,True,
loftr,finger,MMCBNU_6000_impostor_41,095,084,5,5,5,4,0.8000,True,0.7332,False,False,0.0000
orb,finger,MMCBNU_6000_impostor_41,095,084,0,0,0,0,,False,,False,True,
sift,finger,MMCBNU_6000_impostor_41,095,084,0,1,0,0,,False,,False,True,
superglue,finger,MMCBNU_6000_impostor_41,095,084,376,314,0,0,,False,,False,True,
sgmnet,finger,MMCBNU_6000_impostor_41,095,084,456,509,82,10,0.1220,False,0.1198,False,True,1.3924
aspanformer,finger,MMCBNU_6000_impostor_41,095,084,1,1,1,0,,False,,False,True,
deepdetect,finger,MMCBNU_6000_impostor_41,095,084,2393,528,0,0,,False,,False,True,
loftr,finger,MMCBNU_6000_impostor_42,031,066,40,40,0,0,,False,,False,True,
orb,finger,MMCBNU_6000_impostor_42,031,066,0,0,0,0,,False,,False,True,
sift,finger,MMCBNU_6000_impostor_42,031,066,1,1,0,0,,False,,False,True,
superglue,finger,MMCBNU_6000_impostor_42,031,066,190,81,0,0,,False,,False,True,
sgmnet,finger,MMCBNU_6000_impostor_42,031,066,469,246,17,6,0.3529,False,0.3340,False,True,0.5878
aspanformer,finger,MMCBNU_6000_impostor_42,031,066,2,2,0,0,,False,,False,True,
deepdetect,finger,MMCBNU_6000_impostor_42,031,066,212,3813,0,0,,False,,False,True,
loftr,finger,MMCBNU_6000_impostor_43,002,037,137,137,0,0,,False,,False,True,
orb,finger,MMCBNU_6000_impostor_43,002,037,0,0,0,0,,False,,False,True,
sift,finger,MMCBNU_6000_impostor_43,002,037,0,2,0,0,,False,,False,True,
superglue,finger,MMCBNU_6000_impostor_43,002,037,404,123,0,0,,False,,False,True,
sgmnet,finger,MMCBNU_6000_impostor_43,002,037,508,509,89,7,0.0787,False,0.0754,False,True,0.8198
aspanformer,finger,MMCBNU_6000_impostor_43,002,037,1,1,0,0,,False,,False,True,
deepdetect,finger,MMCBNU_6000_impostor_43,002,037,2250,47,0,0,,False,,False,True,
loftr,finger,MMCBNU_6000_impostor_44,052,002,5,5,5,4,0.8000,True,0.7332,False,False,0.0000
orb,finger,MMCBNU_6000_impostor_44,052,002,0,0,0,0,,False,,False,True,
sift,finger,MMCBNU_6000_impostor_44,052,002,2,0,0,0,,False,,False,True,
superglue,finger,MMCBNU_6000_impostor_44,052,002,266,323,0,0,,False,,False,True,
sgmnet,finger,MMCBNU_6000_impostor_44,052,002,536,490,36,8,0.2222,False,0.2152,False,True,1.1907
aspanformer,finger,MMCBNU_6000_impostor_44,052,002,0,0,0,0,,False,,False,True,
deepdetect,finger,MMCBNU_6000_impostor_44,052,002,1226,1469,0,0,,False,,False,True,
loftr,finger,MMCBNU_6000_impostor_45,033,055,154,154,0,0,,False,,False,True,
orb,finger,MMCBNU_6000_impostor_45,033,055,0,0,0,0,,False,,False,True,
sift,finger,MMCBNU_6000_impostor_45,033,055,1,0,0,0,,False,,False,True,
superglue,finger,MMCBNU_6000_impostor_45,033,055,114,78,0,0,,False,,False,True,
sgmnet,finger,MMCBNU_6000_impostor_45,033,055,584,373,33,7,0.2121,False,0.2033,False,True,0.8005
aspanformer,finger,MMCBNU_6000_impostor_45,033,055,1,1,1,0,,False,,False,True,
deepdetect,finger,MMCBNU_6000_impostor_45,033,055,128,0,0,0,,False,,False,True,
loftr,finger,MMCBNU_6000_impostor_46,044,060,69,69,0,0,,False,,False,True,
orb,finger,MMCBNU_6000_impostor_46,044,060,0,0,0,0,,False,,False,True,
sift,finger,MMCBNU_6000_impostor_46,044,060,1,1,0,0,,False,,False,True,
superglue,finger,MMCBNU_6000_impostor_46,044,060,109,178,0,0,,False,,False,True,
sgmnet,finger,MMCBNU_6000_impostor_46,044,060,306,779,12,5,0.4167,False,0.3884,False,True,0.0000
aspanformer,finger,MMCBNU_6000_impostor_46,044,060,0,0,0,0,,False,,False,True,
deepdetect,finger,MMCBNU_6000_impostor_46,044,060,813,10,2,0,,False,,False,True,
loftr,finger,MMCBNU_6000_impostor_47,082,061,77,77,0,0,,False,,False,True,
orb,finger,MMCBNU_6000_impostor_47,082,061,0,0,0,0,,False,,False,True,
sift,finger,MMCBNU_6000_impostor_47,082,061,2,3,0,0,,False,,False,True,
superglue,finger,MMCBNU_6000_impostor_47,082,061,225,64,0,0,,False,,False,True,
sgmnet,finger,MMCBNU_6000_impostor_47,082,061,559,395,19,6,0.3158,False,0.2988,False,True,0.8001
aspanformer,finger,MMCBNU_6000_impostor_47,082,061,2,2,0,0,,False,,False,True,
deepdetect,finger,MMCBNU_6000_impostor_47,082,061,1205,2,146,0,,False,,False,True,
loftr,finger,MMCBNU_6000_impostor_48,081,067,55,55,0,0,,False,,False,True,
orb,finger,MMCBNU_6000_impostor_48,081,067,0,0,0,0,,False,,False,True,
sift,finger,MMCBNU_6000_impostor_48,081,067,4,2,0,0,,False,,False,True,
superglue,finger,MMCBNU_6000_impostor_48,081,067,103,214,0,0,,False,,False,True,
sgmnet,finger,MMCBNU_6000_impostor_48,081,067,266,627,12,0,,False,,False,True,
aspanformer,finger,MMCBNU_6000_impostor_48,081,067,0,0,0,0,,False,,False,True,
deepdetect,finger,MMCBNU_6000_impostor_48,081,067,2430,759,2,0,,False,,False,True,
loftr,finger,MMCBNU_6000_impostor_49,056,004,84,84,0,0,,False,,False,True,
orb,finger,MMCBNU_6000_impostor_49,056,004,0,0,0,0,,False,,False,True,
sift,finger,MMCBNU_6000_impostor_49,056,004,0,4,0,0,,False,,False,True,
superglue,finger,MMCBNU_6000_impostor_49,056,004,230,315,0,0,,False,,False,True,
sgmnet,finger,MMCBNU_6000_impostor_49,056,004,735,640,36,0,,False,,False,True,
aspanformer,finger,MMCBNU_6000_impostor_49,056,004,1,1,1,0,,False,,False,True,
deepdetect,finger,MMCBNU_6000_impostor_49,056,004,0,463,0,0,,False,,False,True,
loftr,finger,MMCBNU_6000_impostor_50,024,043,77,77,0,0,,False,,False,True,
orb,finger,MMCBNU_6000_impostor_50,024,043,0,0,0,0,,False,,False,True,
sift,finger,MMCBNU_6000_impostor_50,024,043,1,3,0,0,,False,,False,True,
superglue,finger,MMCBNU_6000_impostor_50,024,043,425,129,0,0,,False,,False,True,
sgmnet,finger,MMCBNU_6000_impostor_50,024,043,0,0,0,0,,False,,False,True,
aspanformer,finger,MMCBNU_6000_impostor_50,024,043,1,1,0,0,,False,,False,True,
deepdetect,finger,MMCBNU_6000_impostor_50,024,043,1080,378,10,0,,False,,False,True,
loftr,finger,MMCBNU_6000_impostor_51,067,014,222,222,0,0,,False,,False,True,
orb,finger,MMCBNU_6000_impostor_51,067,014,0,0,0,0,,False,,False,True,
sift,finger,MMCBNU_6000_impostor_51,067,014,0,0,0,0,,False,,False,True,
superglue,finger,MMCBNU_6000_impostor_51,067,014,163,50,0,0,,False,,False,True,
sgmnet,finger,MMCBNU_6000_impostor_51,067,014,585,253,1,0,,False,,False,True,
aspanformer,finger,MMCBNU_6000_impostor_51,067,014,1,1,1,0,,False,,False,True,
deepdetect,finger,MMCBNU_6000_impostor_51,067,014,17,256,0,0,,False,,False,True,
loftr,finger,MMCBNU_6000_impostor_52,009,085,94,94,0,0,,False,,False,True,
orb,finger,MMCBNU_6000_impostor_52,009,085,0,0,0,0,,False,,False,True,
sift,finger,MMCBNU_6000_impostor_52,009,085,0,1,0,0,,False,,False,True,
superglue,finger,MMCBNU_6000_impostor_52,009,085,132,241,0,0,,False,,False,True,
sgmnet,finger,MMCBNU_6000_impostor_52,009,085,629,598,27,0,,False,,False,True,
aspanformer,finger,MMCBNU_6000_impostor_52,009,085,1,1,1,0,,False,,False,True,
deepdetect,finger,MMCBNU_6000_impostor_52,009,085,1,3127,0,0,,False,,False,True,
loftr,finger,MMCBNU_6000_impostor_53,046,055,58,58,0,0,,False,,False,True,
orb,finger,MMCBNU_6000_impostor_53,046,055,0,0,0,0,,False,,False,True,
sift,finger,MMCBNU_6000_impostor_53,046,055,1,0,0,0,,False,,False,True,
superglue,finger,MMCBNU_6000_impostor_53,046,055,87,60,2,0,,False,,False,True,
sgmnet,finger,MMCBNU_6000_impostor_53,046,055,240,328,73,9,0.1233,False,0.1203,False,True,0.8929
aspanformer,finger,MMCBNU_6000_impostor_53,046,055,0,0,0,0,,False,,False,True,
deepdetect,finger,MMCBNU_6000_impostor_53,046,055,987,0,0,0,,False,,False,True,
loftr,finger,MMCBNU_6000_impostor_54,028,049,102,102,0,0,,False,,False,True,
orb,finger,MMCBNU_6000_impostor_54,028,049,0,0,0,0,,False,,False,True,
sift,finger,MMCBNU_6000_impostor_54,028,049,10,0,0,0,,False,,False,True,
superglue,finger,MMCBNU_6000_impostor_54,028,049,460,367,0,0,,False,,False,True,
sgmnet,finger,MMCBNU_6000_impostor_54,028,049,439,833,18,5,0.2778,False,0.2589,False,True,0.4653
aspanformer,finger,MMCBNU_6000_impostor_54,028,049,0,0,0,0,,False,,False,True,
deepdetect,finger,MMCBNU_6000_impostor_54,028,049,5582,51,0,0,,False,,False,True,
loftr,finger,MMCBNU_6000_impostor_55,030,049,7,7,7,0,,False,,False,True,
orb,finger,MMCBNU_6000_impostor_55,030,049,0,0,0,0,,False,,False,True,
sift,finger,MMCBNU_6000_impostor_55,030,049,1,0,0,0,,False,,False,True,
superglue,finger,MMCBNU_6000_impostor_55,030,049,291,359,0,0,,False,,False,True,
sgmnet,finger,MMCBNU_6000_impostor_55,030,049,566,928,16,6,0.3750,False,0.3548,False,True,0.8587
aspanformer,finger,MMCBNU_6000_impostor_55,030,049,1,1,0,0,,False,,False,True,
deepdetect,finger,MMCBNU_6000_impostor_55,030,049,1654,8,0,0,,False,,False,True,
loftr,finger,MMCBNU_6000_impostor_56,046,073,153,153,0,0,,False,,False,True,
orb,finger,MMCBNU_6000_impostor_56,046,073,0,0,0,0,,False,,False,True,
sift,finger,MMCBNU_6000_impostor_56,046,073,1,1,0,0,,False,,False,True,
superglue,finger,MMCBNU_6000_impostor_56,046,073,97,183,1,0,,False,,False,True,
sgmnet,finger,MMCBNU_6000_impostor_56,046,073,252,459,21,6,0.2857,False,0.2703,False,True,0.5454
aspanformer,finger,MMCBNU_6000_impostor_56,046,073,1,1,1,0,,False,,False,True,
deepdetect,finger,MMCBNU_6000_impostor_56,046,073,185,40,0,0,,False,,False,True,
loftr,finger,MMCBNU_6000_impostor_57,021,008,1,1,1,0,,False,,False,True,
orb,finger,MMCBNU_6000_impostor_57,021,008,0,0,0,0,,False,,False,True,
sift,finger,MMCBNU_6000_impostor_57,021,008,1,1,0,0,,False,,False,True,
superglue,finger,MMCBNU_6000_impostor_57,021,008,376,316,0,0,,False,,False,True,
sgmnet,finger,MMCBNU_6000_impostor_57,021,008,612,573,38,7,0.1842,False,0.1765,False,True,0.7272
aspanformer,finger,MMCBNU_6000_impostor_57,021,008,1,1,0,0,,False,,False,True,
deepdetect,finger,MMCBNU_6000_impostor_57,021,008,2302,1333,1,0,,False,,False,True,
loftr,finger,MMCBNU_6000_impostor_58,030,067,10,10,10,5,0.5000,True,0.4661,False,False,1.1713
orb,finger,MMCBNU_6000_impostor_58,030,067,0,0,0,0,,False,,False,True,
sift,finger,MMCBNU_6000_impostor_58,030,067,0,0,0,0,,False,,False,True,
superglue,finger,MMCBNU_6000_impostor_58,030,067,260,148,0,0,,False,,False,True,
sgmnet,finger,MMCBNU_6000_impostor_58,030,067,551,635,41,7,0.1707,False,0.1636,False,True,0.8091
aspanformer,finger,MMCBNU_6000_impostor_58,030,067,1,1,0,0,,False,,False,True,
deepdetect,finger,MMCBNU_6000_impostor_58,030,067,462,798,0,0,,False,,False,True,
loftr,finger,MMCBNU_6000_impostor_59,054,091,120,120,0,0,,False,,False,True,
orb,finger,MMCBNU_6000_impostor_59,054,091,0,0,0,0,,False,,False,True,
sift,finger,MMCBNU_6000_impostor_59,054,091,0,2,0,0,,False,,False,True,
superglue,finger,MMCBNU_6000_impostor_59,054,091,143,376,0,0,,False,,False,True,
sgmnet,finger,MMCBNU_6000_impostor_59,054,091,581,557,24,0,,False,,False,True,
aspanformer,finger,MMCBNU_6000_impostor_59,054,091,0,0,0,0,,False,,False,True,
deepdetect,finger,MMCBNU_6000_impostor_59,054,091,0,609,0,0,,False,,False,True,
loftr,finger,MMCBNU_6000_impostor_60,085,080,3,3,3,0,,False,,False,True,
orb,finger,MMCBNU_6000_impostor_60,085,080,0,0,0,0,,False,,False,True,
sift,finger,MMCBNU_6000_impostor_60,085,080,1,0,0,0,,False,,False,True,
superglue,finger,MMCBNU_6000_impostor_60,085,080,77,254,0,0,,False,,False,True,
sgmnet,finger,MMCBNU_6000_impostor_60,085,080,369,529,48,9,0.1875,False,0.1830,False,True,0.9258
aspanformer,finger,MMCBNU_6000_impostor_60,085,080,0,0,0,0,,False,,False,True,
deepdetect,finger,MMCBNU_6000_impostor_60,085,080,0,84,0,0,,False,,False,True,
loftr,finger,MMCBNU_6000_impostor_61,091,051,165,165,0,0,,False,,False,True,
orb,finger,MMCBNU_6000_impostor_61,091,051,0,0,0,0,,False,,False,True,
sift,finger,MMCBNU_6000_impostor_61,091,051,2,0,0,0,,False,,False,True,
superglue,finger,MMCBNU_6000_impostor_61,091,051,199,173,1,0,,False,,False,True,
sgmnet,finger,MMCBNU_6000_impostor_61,091,051,462,559,17,5,0.2941,False,0.2742,False,True,0.5450
aspanformer,finger,MMCBNU_6000_impostor_61,091,051,0,0,0,0,,False,,False,True,
deepdetect,finger,MMCBNU_6000_impostor_61,091,051,1960,61,0,0,,False,,False,True,
loftr,finger,MMCBNU_6000_impostor_62,065,010,1,1,1,0,,False,,False,True,
orb,finger,MMCBNU_6000_impostor_62,065,010,0,0,0,0,,False,,False,True,
sift,finger,MMCBNU_6000_impostor_62,065,010,1,0,0,0,,False,,False,True,
superglue,finger,MMCBNU_6000_impostor_62,065,010,181,48,0,0,,False,,False,True,
sgmnet,finger,MMCBNU_6000_impostor_62,065,010,312,332,30,0,,False,,False,True,
aspanformer,finger,MMCBNU_6000_impostor_62,065,010,1,1,1,0,,False,,False,True,
deepdetect,finger,MMCBNU_6000_impostor_62,065,010,1412,293,0,0,,False,,False,True,
loftr,finger,MMCBNU_6000_impostor_63,083,057,1,1,1,0,,False,,False,True,
orb,finger,MMCBNU_6000_impostor_63,083,057,0,0,0,0,,False,,False,True,
sift,finger,MMCBNU_6000_impostor_63,083,057,0,0,0,0,,False,,False,True,
superglue,finger,MMCBNU_6000_impostor_63,083,057,383,71,0,0,,False,,False,True,
sgmnet,finger,MMCBNU_6000_impostor_63,083,057,828,301,2,0,,False,,False,True,
aspanformer,finger,MMCBNU_6000_impostor_63,083,057,0,0,0,0,,False,,False,True,
deepdetect,finger,MMCBNU_6000_impostor_63,083,057,536,397,0,0,,False,,False,True,
loftr,finger,MMCBNU_6000_impostor_64,010,047,4,4,4,4,1.0000,True,0.9165,False,False,0.0000
orb,finger,MMCBNU_6000_impostor_64,010,047,0,0,0,0,,False,,False,True,
sift,finger,MMCBNU_6000_impostor_64,010,047,1,0,0,0,,False,,False,True,
superglue,finger,MMCBNU_6000_impostor_64,010,047,57,61,3,0,,False,,False,True,
sgmnet,finger,MMCBNU_6000_impostor_64,010,047,195,313,21,6,0.2857,False,0.2703,False,True,0.9151
aspanformer,finger,MMCBNU_6000_impostor_64,010,047,6,6,0,0,,False,,False,True,
deepdetect,finger,MMCBNU_6000_impostor_64,010,047,1898,9,0,0,,False,,False,True,
loftr,finger,MMCBNU_6000_impostor_65,044,055,80,80,0,0,,False,,False,True,
orb,finger,MMCBNU_6000_impostor_65,044,055,0,0,0,0,,False,,False,True,
sift,finger,MMCBNU_6000_impostor_65,044,055,0,0,0,0,,False,,False,True,
superglue,finger,MMCBNU_6000_impostor_65,044,055,181,59,1,0,,False,,False,True,
sgmnet,finger,MMCBNU_6000_impostor_65,044,055,560,244,5,4,0.8000,True,0.7332,False,False,0.0000
aspanformer,finger,MMCBNU_6000_impostor_65,044,055,1,1,0,0,,False,,False,True,
deepdetect,finger,MMCBNU_6000_impostor_65,044,055,371,556,11,0,,False,,False,True,
loftr,finger,MMCBNU_6000_impostor_66,058,081,78,78,0,0,,False,,False,True,
orb,finger,MMCBNU_6000_impostor_66,058,081,0,0,0,0,,False,,False,True,
sift,finger,MMCBNU_6000_impostor_66,058,081,1,3,0,0,,False,,False,True,
superglue,finger,MMCBNU_6000_impostor_66,058,081,170,119,0,0,,False,,False,True,
sgmnet,finger,MMCBNU_6000_impostor_66,058,081,679,196,9,6,0.6667,True,0.6308,False,False,0.6047
aspanformer,finger,MMCBNU_6000_impostor_66,058,081,0,0,0,0,,False,,False,True,
deepdetect,finger,MMCBNU_6000_impostor_66,058,081,0,1794,0,0,,False,,False,True,
loftr,finger,MMCBNU_6000_impostor_67,092,030,97,97,0,0,,False,,False,True,
orb,finger,MMCBNU_6000_impostor_67,092,030,0,0,0,0,,False,,False,True,
sift,finger,MMCBNU_6000_impostor_67,092,030,1,0,0,0,,False,,False,True,
superglue,finger,MMCBNU_6000_impostor_67,092,030,219,174,0,0,,False,,False,True,
sgmnet,finger,MMCBNU_6000_impostor_67,092,030,425,348,36,7,0.1944,False,0.1863,False,True,0.9188
aspanformer,finger,MMCBNU_6000_impostor_67,092,030,1,1,0,0,,False,,False,True,
deepdetect,finger,MMCBNU_6000_impostor_67,092,030,595,1182,31,0,,False,,False,True,
loftr,finger,MMCBNU_6000_impostor_68,079,016,181,181,0,0,,False,,False,True,
orb,finger,MMCBNU_6000_impostor_68,079,016,0,0,0,0,,False,,False,True,
sift,finger,MMCBNU_6000_impostor_68,079,016,1,1,0,0,,False,,False,True,
superglue,finger,MMCBNU_6000_impostor_68,079,016,147,75,0,0,,False,,False,True,
sgmnet,finger,MMCBNU_6000_impostor_68,079,016,522,296,9,5,0.5556,True,0.5179,False,False,0.0964
aspanformer,finger,MMCBNU_6000_impostor_68,079,016,1,1,1,0,,False,,False,True,
deepdetect,finger,MMCBNU_6000_impostor_68,079,016,8,376,4,0,,False,,False,True,
loftr,finger,MMCBNU_6000_impostor_69,057,054,151,151,0,0,,False,,False,True,
orb,finger,MMCBNU_6000_impostor_69,057,054,0,0,0,0,,False,,False,True,
sift,finger,MMCBNU_6000_impostor_69,057,054,0,0,0,0,,False,,False,True,
superglue,finger,MMCBNU_6000_impostor_69,057,054,131,144,1,0,,False,,False,True,
sgmnet,finger,MMCBNU_6000_impostor_69,057,054,443,425,22,5,0.2273,False,0.2119,False,True,0.4826
aspanformer,finger,MMCBNU_6000_impostor_69,057,054,0,0,0,0,,False,,False,True,
deepdetect,finger,MMCBNU_6000_impostor_69,057,054,55,30,0,0,,False,,False,True,
loftr,finger,MMCBNU_6000_impostor_70,030,087,12,12,12,7,0.5833,True,0.5502,False,False,1.8183
orb,finger,MMCBNU_6000_impostor_70,030,087,0,0,0,0,,False,,False,True,
sift,finger,MMCBNU_6000_impostor_70,030,087,0,1,0,0,,False,,False,True,
superglue,finger,MMCBNU_6000_impostor_70,030,087,275,280,1,0,,False,,False,True,
sgmnet,finger,MMCBNU_6000_impostor_70,030,087,550,564,10,0,,False,,False,True,
aspanformer,finger,MMCBNU_6000_impostor_70,030,087,1,1,0,0,,False,,False,True,
deepdetect,finger,MMCBNU_6000_impostor_70,030,087,109,3533,1,0,,False,,False,True,
loftr,finger,MMCBNU_6000_impostor_71,064,085,161,161,0,0,,False,,False,True,
orb,finger,MMCBNU_6000_impostor_71,064,085,0,0,0,0,,False,,False,True,
sift,finger,MMCBNU_6000_impostor_71,064,085,1,0,0,0,,False,,False,True,
superglue,finger,MMCBNU_6000_impostor_71,064,085,442,99,0,0,,False,,False,True,
sgmnet,finger,MMCBNU_6000_impostor_71,064,085,987,408,4,4,1.0000,True,0.9165,False,False,0.0000
aspanformer,finger,MMCBNU_6000_impostor_71,064,085,0,0,0,0,,False,,False,True,
deepdetect,finger,MMCBNU_6000_impostor_71,064,085,594,0,0,0,,False,,False,True,
loftr,finger,MMCBNU_6000_impostor_72,080,011,37,37,0,0,,False,,False,True,
orb,finger,MMCBNU_6000_impostor_72,080,011,0,0,0,0,,False,,False,True,
sift,finger,MMCBNU_6000_impostor_72,080,011,0,1,0,0,,False,,False,True,
superglue,finger,MMCBNU_6000_impostor_72,080,011,288,141,0,0,,False,,False,True,
sgmnet,finger,MMCBNU_6000_impostor_72,080,011,569,577,34,0,,False,,False,True,
aspanformer,finger,MMCBNU_6000_impostor_72,080,011,1,1,1,0,,False,,False,True,
deepdetect,finger,MMCBNU_6000_impostor_72,080,011,513,3,0,0,,False,,False,True,
loftr,finger,MMCBNU_6000_impostor_73,072,100,6,6,6,0,,False,,False,True,
orb,finger,MMCBNU_6000_impostor_73,072,100,0,0,0,0,,False,,False,True,
sift,finger,MMCBNU_6000_impostor_73,072,100,0,0,0,0,,False,,False,True,
superglue,finger,MMCBNU_6000_impostor_73,072,100,200,181,0,0,,False,,False,True,
sgmnet,finger,MMCBNU_6000_impostor_73,072,100,571,628,35,8,0.2286,False,0.2213,False,True,0.7180
aspanformer,finger,MMCBNU_6000_impostor_73,072,100,0,0,0,0,,False,,False,True,
deepdetect,finger,MMCBNU_6000_impostor_73,072,100,30,36,0,0,,False,,False,True,
loftr,finger,MMCBNU_6000_impostor_74,095,019,2,2,2,0,,False,,False,True,
orb,finger,MMCBNU_6000_impostor_74,095,019,0,0,0,0,,False,,False,True,
sift,finger,MMCBNU_6000_impostor_74,095,019,3,2,2,0,,False,,False,True,
superglue,finger,MMCBNU_6000_impostor_74,095,019,154,235,0,0,,False,,False,True,
sgmnet,finger,MMCBNU_6000_impostor_74,095,019,247,335,25,10,0.4000,False,0.3929,False,True,1.3572
aspanformer,finger,MMCBNU_6000_impostor_74,095,019,1,1,0,0,,False,,False,True,
deepdetect,finger,MMCBNU_6000_impostor_74,095,019,3781,2072,335,0,,False,,False,True,
loftr,finger,MMCBNU_6000_impostor_75,065,073,4,4,4,4,1.0000,True,0.9165,False,False,0.0000
orb,finger,MMCBNU_6000_impostor_75,065,073,0,0,0,0,,False,,False,True,
sift,finger,MMCBNU_6000_impostor_75,065,073,0,2,0,0,,False,,False,True,
superglue,finger,MMCBNU_6000_impostor_75,065,073,291,178,0,0,,False,,False,True,
sgmnet,finger,MMCBNU_6000_impostor_75,065,073,698,433,22,9,0.4091,False,0.3993,False,True,0.7974
aspanformer,finger,MMCBNU_6000_impostor_75,065,073,0,0,0,0,,False,,False,True,
deepdetect,finger,MMCBNU_6000_impostor_75,065,073,106,154,0,0,,False,,False,True,
loftr,finger,MMCBNU_6000_impostor_76,094,083,78,78,0,0,,False,,False,True,
orb,finger,MMCBNU_6000_impostor_76,094,083,0,0,0,0,,False,,False,True,
sift,finger,MMCBNU_6000_impostor_76,094,083,1,1,0,0,,False,,False,True,
superglue,finger,MMCBNU_6000_impostor_76,094,083,78,252,0,0,,False,,False,True,
sgmnet,finger,MMCBNU_6000_impostor_76,094,083,425,609,53,8,0.1509,False,0.1461,False,True,0.8560
aspanformer,finger,MMCBNU_6000_impostor_76,094,083,0,0,0,0,,False,,False,True,
deepdetect,finger,MMCBNU_6000_impostor_76,094,083,9,1617,2,0,,False,,False,True,
loftr,finger,MMCBNU_6000_impostor_77,012,085,3,3,3,0,,False,,False,True,
orb,finger,MMCBNU_6000_impostor_77,012,085,0,0,0,0,,False,,False,True,
sift,finger,MMCBNU_6000_impostor_77,012,085,0,1,0,0,,False,,False,True,
superglue,finger,MMCBNU_6000_impostor_77,012,085,199,77,0,0,,False,,False,True,
sgmnet,finger,MMCBNU_6000_impostor_77,012,085,645,369,4,4,1.0000,True,0.9165,False,False,0.0000
aspanformer,finger,MMCBNU_6000_impostor_77,012,085,1,1,0,0,,False,,False,True,
deepdetect,finger,MMCBNU_6000_impostor_77,012,085,530,0,0,0,,False,,False,True,
loftr,finger,MMCBNU_6000_impostor_78,059,092,1,1,1,0,,False,,False,True,
orb,finger,MMCBNU_6000_impostor_78,059,092,0,0,0,0,,False,,False,True,
sift,finger,MMCBNU_6000_impostor_78,059,092,1,2,0,0,,False,,False,True,
superglue,finger,MMCBNU_6000_impostor_78,059,092,103,157,0,0,,False,,False,True,
sgmnet,finger,MMCBNU_6000_impostor_78,059,092,310,402,9,5,0.5556,True,0.5179,False,False,0.6439
aspanformer,finger,MMCBNU_6000_impostor_78,059,092,1,1,1,0,,False,,False,True,
deepdetect,finger,MMCBNU_6000_impostor_78,059,092,0,3305,0,0,,False,,False,True,
loftr,finger,MMCBNU_6000_impostor_79,100,094,71,71,0,0,,False,,False,True,
orb,finger,MMCBNU_6000_impostor_79,100,094,0,0,0,0,,False,,False,True,
sift,finger,MMCBNU_6000_impostor_79,100,094,0,0,0,0,,False,,False,True,
superglue,finger,MMCBNU_6000_impostor_79,100,094,182,122,0,0,,False,,False,True,
sgmnet,finger,MMCBNU_6000_impostor_79,100,094,480,458,29,8,0.2759,False,0.2671,False,True,1.2453
aspanformer,finger,MMCBNU_6000_impostor_79,100,094,1,1,1,0,,False,,False,True,
deepdetect,finger,MMCBNU_6000_impostor_79,100,094,0,557,0,0,,False,,False,True,
loftr,finger,MMCBNU_6000_impostor_80,090,075,11,11,11,5,0.4545,False,0.4237,False,True,0.7749
orb,finger,MMCBNU_6000_impostor_80,090,075,0,0,0,0,,False,,False,True,
sift,finger,MMCBNU_6000_impostor_80,090,075,1,1,0,0,,False,,False,True,
superglue,finger,MMCBNU_6000_impostor_80,090,075,331,351,0,0,,False,,False,True,
sgmnet,finger,MMCBNU_6000_impostor_80,090,075,498,723,12,5,0.4167,False,0.3884,False,True,0.6152
aspanformer,finger,MMCBNU_6000_impostor_80,090,075,1,1,0,0,,False,,False,True,
deepdetect,finger,MMCBNU_6000_impostor_80,090,075,1442,1032,23,0,,False,,False,True,
loftr,finger,MMCBNU_6000_impostor_81,077,030,14,14,14,5,0.3571,False,0.3329,False,True,0.2505
orb,finger,MMCBNU_6000_impostor_81,077,030,0,0,0,0,,False,,False,True,
sift,finger,MMCBNU_6000_impostor_81,077,030,3,1,0,0,,False,,False,True,
superglue,finger,MMCBNU_6000_impostor_81,077,030,543,291,0,0,,False,,False,True,
sgmnet,finger,MMCBNU_6000_impostor_81,077,030,598,566,29,7,0.2414,False,0.2313,False,True,1.2503
aspanformer,finger,MMCBNU_6000_impostor_81,077,030,0,0,0,0,,False,,False,True,
deepdetect,finger,MMCBNU_6000_impostor_81,077,030,3521,1654,60,0,,False,,False,True,
loftr,finger,MMCBNU_6000_impostor_82,087,035,10,10,10,0,,False,,False,True,
orb,finger,MMCBNU_6000_impostor_82,087,035,0,0,0,0,,False,,False,True,
sift,finger,MMCBNU_6000_impostor_82,087,035,0,2,0,0,,False,,False,True,
superglue,finger,MMCBNU_6000_impostor_82,087,035,215,129,0,0,,False,,False,True,
sgmnet,finger,MMCBNU_6000_impostor_82,087,035,460,345,26,8,0.3077,False,0.2979,False,True,0.9635
aspanformer,finger,MMCBNU_6000_impostor_82,087,035,3,3,0,0,,False,,False,True,
deepdetect,finger,MMCBNU_6000_impostor_82,087,035,799,2718,1,0,,False,,False,True,
loftr,finger,MMCBNU_6000_impostor_83,048,008,1,1,1,0,,False,,False,True,
orb,finger,MMCBNU_6000_impostor_83,048,008,0,0,0,0,,False,,False,True,
sift,finger,MMCBNU_6000_impostor_83,048,008,2,1,0,0,,False,,False,True,
superglue,finger,MMCBNU_6000_impostor_83,048,008,320,370,0,0,,False,,False,True,
sgmnet,finger,MMCBNU_6000_impostor_83,048,008,809,499,12,5,0.4167,False,0.3884,False,True,0.7622
aspanformer,finger,MMCBNU_6000_impostor_83,048,008,1,1,1,0,,False,,False,True,
deepdetect,finger,MMCBNU_6000_impostor_83,048,008,69,2516,0,0,,False,,False,True,
loftr,finger,MMCBNU_6000_impostor_84,017,013,1,1,1,0,,False,,False,True,
orb,finger,MMCBNU_6000_impostor_84,017,013,0,0,0,0,,False,,False,True,
sift,finger,MMCBNU_6000_impostor_84,017,013,0,1,0,0,,False,,False,True,
superglue,finger,MMCBNU_6000_impostor_84,017,013,94,38,2,0,,False,,False,True,
sgmnet,finger,MMCBNU_6000_impostor_84,017,013,329,301,37,8,0.2162,False,0.2093,False,True,0.9822
aspanformer,finger,MMCBNU_6000_impostor_84,017,013,0,0,0,0,,False,,False,True,
deepdetect,finger,MMCBNU_6000_impostor_84,017,013,658,861,0,0,,False,,False,True,
loftr,finger,MMCBNU_6000_impostor_85,034,093,3,3,3,0,,False,,False,True,
orb,finger,MMCBNU_6000_impostor_85,034,093,0,0,0,0,,False,,False,True,
sift,finger,MMCBNU_6000_impostor_85,034,093,2,1,0,0,,False,,False,True,
superglue,finger,MMCBNU_6000_impostor_85,034,093,97,397,0,0,,False,,False,True,
sgmnet,finger,MMCBNU_6000_impostor_85,034,093,298,923,25,8,0.3200,False,0.3098,False,True,1.2515
aspanformer,finger,MMCBNU_6000_impostor_85,034,093,1,1,1,0,,False,,False,True,
deepdetect,finger,MMCBNU_6000_impostor_85,034,093,2281,522,46,0,,False,,False,True,
loftr,finger,MMCBNU_6000_impostor_86,072,096,1,1,1,0,,False,,False,True,
orb,finger,MMCBNU_6000_impostor_86,072,096,0,0,0,0,,False,,False,True,
sift,finger,MMCBNU_6000_impostor_86,072,096,0,1,0,0,,False,,False,True,
superglue,finger,MMCBNU_6000_impostor_86,072,096,506,213,0,0,,False,,False,True,
sgmnet,finger,MMCBNU_6000_impostor_86,072,096,938,338,1,0,,False,,False,True,
aspanformer,finger,MMCBNU_6000_impostor_86,072,096,0,0,0,0,,False,,False,True,
deepdetect,finger,MMCBNU_6000_impostor_86,072,096,1006,3261,1,0,,False,,False,True,
loftr,finger,MMCBNU_6000_impostor_87,053,098,1,1,1,0,,False,,False,True,
orb,finger,MMCBNU_6000_impostor_87,053,098,0,0,0,0,,False,,False,True,
sift,finger,MMCBNU_6000_impostor_87,053,098,1,0,0,0,,False,,False,True,
superglue,finger,MMCBNU_6000_impostor_87,053,098,381,250,0,0,,False,,False,True,
sgmnet,finger,MMCBNU_6000_impostor_87,053,098,0,0,0,0,,False,,False,True,
aspanformer,finger,MMCBNU_6000_impostor_87,053,098,0,0,0,0,,False,,False,True,
deepdetect,finger,MMCBNU_6000_impostor_87,053,098,154,120,0,0,,False,,False,True,
loftr,finger,MMCBNU_6000_impostor_88,023,038,134,134,0,0,,False,,False,True,
orb,finger,MMCBNU_6000_impostor_88,023,038,0,0,0,0,,False,,False,True,
sift,finger,MMCBNU_6000_impostor_88,023,038,0,0,0,0,,False,,False,True,
superglue,finger,MMCBNU_6000_impostor_88,023,038,102,78,2,0,,False,,False,True,
sgmnet,finger,MMCBNU_6000_impostor_88,023,038,421,358,24,0,,False,,False,True,
aspanformer,finger,MMCBNU_6000_impostor_88,023,038,0,0,0,0,,False,,False,True,
deepdetect,finger,MMCBNU_6000_impostor_88,023,038,396,61,0,0,,False,,False,True,
loftr,finger,MMCBNU_6000_impostor_89,086,042,184,184,0,0,,False,,False,True,
orb,finger,MMCBNU_6000_impostor_89,086,042,0,0,0,0,,False,,False,True,
sift,finger,MMCBNU_6000_impostor_89,086,042,1,3,0,0,,False,,False,True,
superglue,finger,MMCBNU_6000_impostor_89,086,042,161,70,1,0,,False,,False,True,
sgmnet,finger,MMCBNU_6000_impostor_89,086,042,327,240,29,8,0.2759,False,0.2671,False,True,0.9315
aspanformer,finger,MMCBNU_6000_impostor_89,086,042,0,0,0,0,,False,,False,True,
deepdetect,finger,MMCBNU_6000_impostor_89,086,042,317,1021,0,0,,False,,False,True,
loftr,finger,MMCBNU_6000_impostor_90,014,003,1,1,1,0,,False,,False,True,
orb,finger,MMCBNU_6000_impostor_90,014,003,0,0,0,0,,False,,False,True,
sift,finger,MMCBNU_6000_impostor_90,014,003,1,0,0,0,,False,,False,True,
superglue,finger,MMCBNU_6000_impostor_90,014,003,45,140,0,0,,False,,False,True,
sgmnet,finger,MMCBNU_6000_impostor_90,014,003,268,478,15,5,0.3333,False,0.3107,False,True,0.3545
aspanformer,finger,MMCBNU_6000_impostor_90,014,003,1,1,1,0,,False,,False,True,
deepdetect,finger,MMCBNU_6000_impostor_90,014,003,26,0,0,0,,False,,False,True,
loftr,finger,MMCBNU_6000_impostor_91,064,019,5,5,5,0,,False,,False,True,
orb,finger,MMCBNU_6000_impostor_91,064,019,0,0,0,0,,False,,False,True,
sift,finger,MMCBNU_6000_impostor_91,064,019,0,3,0,0,,False,,False,True,
superglue,finger,MMCBNU_6000_impostor_91,064,019,276,192,0,0,,False,,False,True,
sgmnet,finger,MMCBNU_6000_impostor_91,064,019,458,245,22,6,0.2727,False,0.2581,False,True,0.7446
aspanformer,finger,MMCBNU_6000_impostor_91,064,019,1,1,1,0,,False,,False,True,
deepdetect,finger,MMCBNU_6000_impostor_91,064,019,1348,7452,0,0,,False,,False,True,
loftr,finger,MMCBNU_6000_impostor_92,003,087,208,208,0,0,,False,,False,True,
orb,finger,MMCBNU_6000_impostor_92,003,087,0,0,0,0,,False,,False,True,
sift,finger,MMCBNU_6000_impostor_92,003,087,0,1,0,0,,False,,False,True,
superglue,finger,MMCBNU_6000_impostor_92,003,087,132,185,3,0,,False,,False,True,
sgmnet,finger,MMCBNU_6000_impostor_92,003,087,462,522,50,8,0.1600,False,0.1549,False,True,0.8655
aspanformer,finger,MMCBNU_6000_impostor_92,003,087,0,0,0,0,,False,,False,True,
deepdetect,finger,MMCBNU_6000_impostor_92,003,087,595,503,0,0,,False,,False,True,
loftr,finger,MMCBNU_6000_impostor_93,071,017,146,146,0,0,,False,,False,True,
orb,finger,MMCBNU_6000_impostor_93,071,017,0,0,0,0,,False,,False,True,
sift,finger,MMCBNU_6000_impostor_93,071,017,3,0,0,0,,False,,False,True,
superglue,finger,MMCBNU_6000_impostor_93,071,017,227,116,0,0,,False,,False,True,
sgmnet,finger,MMCBNU_6000_impostor_93,071,017,602,330,15,7,0.4667,True,0.4472,False,False,0.6275
aspanformer,finger,MMCBNU_6000_impostor_93,071,017,1,1,0,0,,False,,False,True,
deepdetect,finger,MMCBNU_6000_impostor_93,071,017,4,1434,0,0,,False,,False,True,
loftr,finger,MMCBNU_6000_impostor_94,090,035,1,1,1,0,,False,,False,True,
orb,finger,MMCBNU_6000_impostor_94,090,035,0,0,0,0,,False,,False,True,
sift,finger,MMCBNU_6000_impostor_94,090,035,1,2,0,0,,False,,False,True,
superglue,finger,MMCBNU_6000_impostor_94,090,035,134,253,0,0,,False,,False,True,
sgmnet,finger,MMCBNU_6000_impostor_94,090,035,250,772,18,6,0.3333,False,0.3154,False,True,1.0036
aspanformer,finger,MMCBNU_6000_impostor_94,090,035,0,0,0,0,,False,,False,True,
deepdetect,finger,MMCBNU_6000_impostor_94,090,035,2319,1041,0,0,,False,,False,True,
loftr,finger,MMCBNU_6000_impostor_95,036,064,120,120,0,0,,False,,False,True,
orb,finger,MMCBNU_6000_impostor_95,036,064,0,0,0,0,,False,,False,True,
sift,finger,MMCBNU_6000_impostor_95,036,064,2,1,0,0,,False,,False,True,
superglue,finger,MMCBNU_6000_impostor_95,036,064,99,240,0,0,,False,,False,True,
sgmnet,finger,MMCBNU_6000_impostor_95,036,064,282,601,24,0,,False,,False,True,
aspanformer,finger,MMCBNU_6000_impostor_95,036,064,1,1,0,0,,False,,False,True,
deepdetect,finger,MMCBNU_6000_impostor_95,036,064,2769,265,0,0,,False,,False,True,
loftr,finger,MMCBNU_6000_impostor_96,070,029,1,1,1,0,,False,,False,True,
orb,finger,MMCBNU_6000_impostor_96,070,029,0,0,0,0,,False,,False,True,
sift,finger,MMCBNU_6000_impostor_96,070,029,3,2,0,0,,False,,False,True,
superglue,finger,MMCBNU_6000_impostor_96,070,029,178,381,0,0,,False,,False,True,
sgmnet,finger,MMCBNU_6000_impostor_96,070,029,347,378,33,7,0.2121,False,0.2033,False,True,0.6871
aspanformer,finger,MMCBNU_6000_impostor_96,070,029,0,0,0,0,,False,,False,True,
deepdetect,finger,MMCBNU_6000_impostor_96,070,029,626,8714,5,0,,False,,False,True,
loftr,finger,MMCBNU_6000_impostor_97,078,048,77,77,0,0,,False,,False,True,
orb,finger,MMCBNU_6000_impostor_97,078,048,0,0,0,0,,False,,False,True,
sift,finger,MMCBNU_6000_impostor_97,078,048,2,0,0,0,,False,,False,True,
superglue,finger,MMCBNU_6000_impostor_97,078,048,173,136,1,0,,False,,False,True,
sgmnet,finger,MMCBNU_6000_impostor_97,078,048,428,389,47,9,0.1915,False,0.1869,False,True,0.8748
aspanformer,finger,MMCBNU_6000_impostor_97,078,048,0,0,0,0,,False,,False,True,
deepdetect,finger,MMCBNU_6000_impostor_97,078,048,131,218,0,0,,False,,False,True,
loftr,finger,MMCBNU_6000_impostor_98,061,065,1,1,1,0,,False,,False,True,
orb,finger,MMCBNU_6000_impostor_98,061,065,0,0,0,0,,False,,False,True,
sift,finger,MMCBNU_6000_impostor_98,061,065,0,0,0,0,,False,,False,True,
superglue,finger,MMCBNU_6000_impostor_98,061,065,51,299,0,0,,False,,False,True,
sgmnet,finger,MMCBNU_6000_impostor_98,061,065,351,735,16,7,0.4375,True,0.4192,False,False,0.9098
aspanformer,finger,MMCBNU_6000_impostor_98,061,065,1,1,0,0,,False,,False,True,
deepdetect,finger,MMCBNU_6000_impostor_98,061,065,511,53,0,0,,False,,False,True,
loftr,finger,MMCBNU_6000_impostor_99,083,070,2,2,2,0,,False,,False,True,
orb,finger,MMCBNU_6000_impostor_99,083,070,0,0,0,0,,False,,False,True,
sift,finger,MMCBNU_6000_impostor_99,083,070,0,1,0,0,,False,,False,True,
superglue,finger,MMCBNU_6000_impostor_99,083,070,107,391,0,0,,False,,False,True,
sgmnet,finger,MMCBNU_6000_impostor_99,083,070,239,581,11,0,,False,,False,True,
aspanformer,finger,MMCBNU_6000_impostor_99,083,070,0,0,0,0,,False,,False,True,
deepdetect,finger,MMCBNU_6000_impostor_99,083,070,4123,992,82,0,,False,,False,True,
loftr,finger,MMCBNU_6000_impostor_100,018,002,164,164,0,0,,False,,False,True,
orb,finger,MMCBNU_6000_impostor_100,018,002,0,0,0,0,,False,,False,True,
sift,finger,MMCBNU_6000_impostor_100,018,002,1,5,0,0,,False,,False,True,
superglue,finger,MMCBNU_6000_impostor_100,018,002,96,409,0,0,,False,,False,True,
sgmnet,finger,MMCBNU_6000_impostor_100,018,002,295,461,26,0,,False,,False,True,
aspanformer,finger,MMCBNU_6000_impostor_100,018,002,1,1,1,0,,False,,False,True,
deepdetect,finger,MMCBNU_6000_impostor_100,018,002,1113,4753,9,0,,False,,False,True,
loftr,finger,MMCBNU_6000_impostor_101,028,020,46,46,0,0,,False,,False,True,
orb,finger,MMCBNU_6000_impostor_101,028,020,0,0,0,0,,False,,False,True,
sift,finger,MMCBNU_6000_impostor_101,028,020,2,2,0,0,,False,,False,True,
superglue,finger,MMCBNU_6000_impostor_101,028,020,155,247,0,0,,False,,False,True,
sgmnet,finger,MMCBNU_6000_impostor_101,028,020,251,520,12,5,0.4167,False,0.3884,False,True,0.7497
aspanformer,finger,MMCBNU_6000_impostor_101,028,020,1,1,1,0,,False,,False,True,
deepdetect,finger,MMCBNU_6000_impostor_101,028,020,3641,1152,2,0,,False,,False,True,
loftr,finger,MMCBNU_6000_impostor_102,080,002,135,135,0,0,,False,,False,True,
orb,finger,MMCBNU_6000_impostor_102,080,002,0,0,0,0,,False,,False,True,
sift,finger,MMCBNU_6000_impostor_102,080,002,3,1,0,0,,False,,False,True,
superglue,finger,MMCBNU_6000_impostor_102,080,002,179,137,0,0,,False,,False,True,
sgmnet,finger,MMCBNU_6000_impostor_102,080,002,375,233,12,6,0.5000,True,0.4731,False,False,0.0000
aspanformer,finger,MMCBNU_6000_impostor_102,080,002,1,1,1,0,,False,,False,True,
deepdetect,finger,MMCBNU_6000_impostor_102,080,002,2814,2556,10,0,,False,,False,True,
loftr,finger,MMCBNU_6000_impostor_103,081,054,8,8,8,5,0.6250,True,0.5826,False,False,0.5040
orb,finger,MMCBNU_6000_impostor_103,081,054,0,0,0,0,,False,,False,True,
sift,finger,MMCBNU_6000_impostor_103,081,054,2,0,0,0,,False,,False,True,
superglue,finger,MMCBNU_6000_impostor_103,081,054,288,157,0,0,,False,,False,True,
sgmnet,finger,MMCBNU_6000_impostor_103,081,054,432,430,39,6,0.1538,False,0.1456,False,True,0.6563
aspanformer,finger,MMCBNU_6000_impostor_103,081,054,1,1,0,0,,False,,False,True,
deepdetect,finger,MMCBNU_6000_impostor_103,081,054,3082,144,24,0,,False,,False,True,
loftr,finger,MMCBNU_6000_impostor_104,090,018,4,4,4,0,,False,,False,True,
orb,finger,MMCBNU_6000_impostor_104,090,018,0,0,0,0,,False,,False,True,
sift,finger,MMCBNU_6000_impostor_104,090,018,0,3,0,0,,False,,False,True,
superglue,finger,MMCBNU_6000_impostor_104,090,018,331,164,0,0,,False,,False,True,
sgmnet,finger,MMCBNU_6000_impostor_104,090,018,478,321,6,4,0.6667,True,0.6110,False,False,0.0000
aspanformer,finger,MMCBNU_6000_impostor_104,090,018,0,0,0,0,,False,,False,True,
deepdetect,finger,MMCBNU_6000_impostor_104,090,018,1459,3153,0,0,,False,,False,True,
loftr,finger,MMCBNU_6000_impostor_105,044,078,2,2,2,0,,False,,False,True,
orb,finger,MMCBNU_6000_impostor_105,044,078,0,0,0,0,,False,,False,True,
sift,finger,MMCBNU_6000_impostor_105,044,078,4,1,0,0,,False,,False,True,
superglue,finger,MMCBNU_6000_impostor_105,044,078,212,166,0,0,,False,,False,True,
sgmnet,finger,MMCBNU_6000_impostor_105,044,078,363,310,31,7,0.2258,False,0.2164,False,True,1.0382
aspanformer,finger,MMCBNU_6000_impostor_105,044,078,2,2,2,0,,False,,False,True,
deepdetect,finger,MMCBNU_6000_impostor_105,044,078,2394,570,7,0,,False,,False,True,
loftr,finger,MMCBNU_6000_impostor_106,002,019,3,3,3,0,,False,,False,True,
orb,finger,MMCBNU_6000_impostor_106,002,019,0,0,0,0,,False,,False,True,
sift,finger,MMCBNU_6000_impostor_106,002,019,1,3,0,0,,False,,False,True,
superglue,finger,MMCBNU_6000_impostor_106,002,019,137,226,0,0,,False,,False,True,
sgmnet,finger,MMCBNU_6000_impostor_106,002,019,233,336,17,6,0.3529,False,0.3340,False,True,0.7271
aspanformer,finger,MMCBNU_6000_impostor_106,002,019,1,1,0,0,,False,,False,True,
deepdetect,finger,MMCBNU_6000_impostor_106,002,019,2556,3216,0,0,,False,,False,True,
loftr,finger,MMCBNU_6000_impostor_107,097,027,1,1,1,0,,False,,False,True,
orb,finger,MMCBNU_6000_impostor_107,097,027,0,0,0,0,,False,,False,True,
sift,finger,MMCBNU_6000_impostor_107,097,027,1,0,0,0,,False,,False,True,
superglue,finger,MMCBNU_6000_impostor_107,097,027,260,368,0,0,,False,,False,True,
sgmnet,finger,MMCBNU_6000_impostor_107,097,027,397,832,21,6,0.2857,False,0.2703,False,True,0.6201
aspanformer,finger,MMCBNU_6000_impostor_107,097,027,0,0,0,0,,False,,False,True,
deepdetect,finger,MMCBNU_6000_impostor_107,097,027,1262,66,84,0,,False,,False,True,
loftr,finger,MMCBNU_6000_impostor_108,064,015,194,194,0,0,,False,,False,True,
orb,finger,MMCBNU_6000_impostor_108,064,015,0,0,0,0,,False,,False,True,
sift,finger,MMCBNU_6000_impostor_108,064,015,2,2,1,0,,False,,False,True,
superglue,finger,MMCBNU_6000_impostor_108,064,015,247,117,0,0,,False,,False,True,
sgmnet,finger,MMCBNU_6000_impostor_108,064,015,475,211,13,5,0.3846,False,0.3585,False,True,0.5014
aspanformer,finger,MMCBNU_6000_impostor_108,064,015,0,0,0,0,,False,,False,True,
deepdetect,finger,MMCBNU_6000_impostor_108,064,015,1821,4540,1,0,,False,,False,True,
loftr,finger,MMCBNU_6000_impostor_109,011,089,162,162,0,0,,False,,False,True,
orb,finger,MMCBNU_6000_impostor_109,011,089,0,0,0,0,,False,,False,True,
sift,finger,MMCBNU_6000_impostor_109,011,089,1,3,0,0,,False,,False,True,
superglue,finger,MMCBNU_6000_impostor_109,011,089,196,348,0,0,,False,,False,True,
sgmnet,finger,MMCBNU_6000_impostor_109,011,089,744,667,40,11,0.2750,False,0.2714,False,True,1.0557
aspanformer,finger,MMCBNU_6000_impostor_109,011,089,0,0,0,0,,False,,False,True,
deepdetect,finger,MMCBNU_6000_impostor_109,011,089,1,404,0,0,,False,,False,True,
loftr,finger,MMCBNU_6000_impostor_110,012,044,70,70,0,0,,False,,False,True,
orb,finger,MMCBNU_6000_impostor_110,012,044,0,0,0,0,,False,,False,True,
sift,finger,MMCBNU_6000_impostor_110,012,044,0,4,0,0,,False,,False,True,
superglue,finger,MMCBNU_6000_impostor_110,012,044,195,212,2,0,,False,,False,True,
sgmnet,finger,MMCBNU_6000_impostor_110,012,044,607,363,11,6,0.5455,True,0.5161,False,False,0.1342
aspanformer,finger,MMCBNU_6000_impostor_110,012,044,1,1,0,0,,False,,False,True,
deepdetect,finger,MMCBNU_6000_impostor_110,012,044,592,2394,1,0,,False,,False,True,
loftr,finger,MMCBNU_6000_impostor_111,079,035,1,1,1,0,,False,,False,True,
orb,finger,MMCBNU_6000_impostor_111,079,035,0,0,0,0,,False,,False,True,
sift,finger,MMCBNU_6000_impostor_111,079,035,1,1,0,0,,False,,False,True,
superglue,finger,MMCBNU_6000_impostor_111,079,035,174,110,0,0,,False,,False,True,
sgmnet,finger,MMCBNU_6000_impostor_111,079,035,350,317,15,5,0.3333,False,0.3107,False,True,0.2407
aspanformer,finger,MMCBNU_6000_impostor_111,079,035,2,2,2,0,,False,,False,True,
deepdetect,finger,MMCBNU_6000_impostor_111,079,035,367,2476,6,0,,False,,False,True,
loftr,finger,MMCBNU_6000_impostor_112,060,083,88,88,0,0,,False,,False,True,
orb,finger,MMCBNU_6000_impostor_112,060,083,0,0,0,0,,False,,False,True,
sift,finger,MMCBNU_6000_impostor_112,060,083,2,0,0,0,,False,,False,True,
superglue,finger,MMCBNU_6000_impostor_112,060,083,166,281,0,0,,False,,False,True,
sgmnet,finger,MMCBNU_6000_impostor_112,060,083,722,711,28,7,0.2500,False,0.2396,False,True,0.7640
aspanformer,finger,MMCBNU_6000_impostor_112,060,083,1,1,1,0,,False,,False,True,
deepdetect,finger,MMCBNU_6000_impostor_112,060,083,0,510,0,0,,False,,False,True,
loftr,finger,MMCBNU_6000_impostor_113,010,040,277,277,0,0,,False,,False,True,
orb,finger,MMCBNU_6000_impostor_113,010,040,0,0,0,0,,False,,False,True,
sift,finger,MMCBNU_6000_impostor_113,010,040,0,0,0,0,,False,,False,True,
superglue,finger,MMCBNU_6000_impostor_113,010,040,56,154,0,0,,False,,False,True,
sgmnet,finger,MMCBNU_6000_impostor_113,010,040,238,493,25,0,,False,,False,True,
aspanformer,finger,MMCBNU_6000_impostor_113,010,040,0,0,0,0,,False,,False,True,
deepdetect,finger,MMCBNU_6000_impostor_113,010,040,1084,463,0,0,,False,,False,True,
loftr,finger,MMCBNU_6000_impostor_114,028,018,1,1,1,0,,False,,False,True,
orb,finger,MMCBNU_6000_impostor_114,028,018,0,0,0,0,,False,,False,True,
sift,finger,MMCBNU_6000_impostor_114,028,018,1,0,0,0,,False,,False,True,
superglue,finger,MMCBNU_6000_impostor_114,028,018,343,90,0,0,,False,,False,True,
sgmnet,finger,MMCBNU_6000_impostor_114,028,018,0,0,0,0,,False,,False,True,
aspanformer,finger,MMCBNU_6000_impostor_114,028,018,0,0,0,0,,False,,False,True,
deepdetect,finger,MMCBNU_6000_impostor_114,028,018,806,6130,0,0,,False,,False,True,
loftr,finger,MMCBNU_6000_impostor_115,095,085,85,85,0,0,,False,,False,True,
orb,finger,MMCBNU_6000_impostor_115,095,085,0,0,0,0,,False,,False,True,
sift,finger,MMCBNU_6000_impostor_115,095,085,0,1,0,0,,False,,False,True,
superglue,finger,MMCBNU_6000_impostor_115,095,085,278,241,0,0,,False,,False,True,
sgmnet,finger,MMCBNU_6000_impostor_115,095,085,319,598,22,7,0.3182,False,0.3049,False,True,0.7834
aspanformer,finger,MMCBNU_6000_impostor_115,095,085,0,0,0,0,,False,,False,True,
deepdetect,finger,MMCBNU_6000_impostor_115,095,085,807,3127,7,0,,False,,False,True,
loftr,finger,MMCBNU_6000_impostor_116,070,007,1,1,1,0,,False,,False,True,
orb,finger,MMCBNU_6000_impostor_116,070,007,0,0,0,0,,False,,False,True,
sift,finger,MMCBNU_6000_impostor_116,070,007,2,1,0,0,,False,,False,True,
superglue,finger,MMCBNU_6000_impostor_116,070,007,124,104,1,0,,False,,False,True,
sgmnet,finger,MMCBNU_6000_impostor_116,070,007,401,323,32,7,0.2188,False,0.2096,False,True,0.4896
aspanformer,finger,MMCBNU_6000_impostor_116,070,007,0,0,0,0,,False,,False,True,
deepdetect,finger,MMCBNU_6000_impostor_116,070,007,8,470,0,0,,False,,False,True,
loftr,finger,MMCBNU_6000_impostor_117,077,051,1,1,1,0,,False,,False,True,
orb,finger,MMCBNU_6000_impostor_117,077,051,0,0,0,0,,False,,False,True,
sift,finger,MMCBNU_6000_impostor_117,077,051,5,1,0,0,,False,,False,True,
superglue,finger,MMCBNU_6000_impostor_117,077,051,622,84,0,0,,False,,False,True,
sgmnet,finger,MMCBNU_6000_impostor_117,077,051,739,261,1,0,,False,,False,True,
aspanformer,finger,MMCBNU_6000_impostor_117,077,051,0,0,0,0,,False,,False,True,
deepdetect,finger,MMCBNU_6000_impostor_117,077,051,3611,917,0,0,,False,,False,True,
loftr,finger,MMCBNU_6000_impostor_118,037,069,10,10,0,0,,False,,False,True,
orb,finger,MMCBNU_6000_impostor_118,037,069,0,0,0,0,,False,,False,True,
sift,finger,MMCBNU_6000_impostor_118,037,069,0,1,0,0,,False,,False,True,
superglue,finger,MMCBNU_6000_impostor_118,037,069,221,94,0,0,,False,,False,True,
sgmnet,finger,MMCBNU_6000_impostor_118,037,069,0,0,0,0,,False,,False,True,
aspanformer,finger,MMCBNU_6000_impostor_118,037,069,1,1,1,0,,False,,False,True,
deepdetect,finger,MMCBNU_6000_impostor_118,037,069,1,1444,0,0,,False,,False,True,
loftr,finger,MMCBNU_6000_impostor_119,076,053,26,26,0,0,,False,,False,True,
orb,finger,MMCBNU_6000_impostor_119,076,053,0,0,0,0,,False,,False,True,
sift,finger,MMCBNU_6000_impostor_119,076,053,1,0,0,0,,False,,False,True,
superglue,finger,MMCBNU_6000_impostor_119,076,053,158,167,0,0,,False,,False,True,
sgmnet,finger,MMCBNU_6000_impostor_119,076,053,476,460,35,8,0.2286,False,0.2213,False,True,1.4084
aspanformer,finger,MMCBNU_6000_impostor_119,076,053,0,0,0,0,,False,,False,True,
deepdetect,finger,MMCBNU_6000_impostor_119,076,053,86,69,0,0,,False,,False,True,
loftr,finger,MMCBNU_6000_impostor_120,004,099,1,1,1,0,,False,,False,True,
orb,finger,MMCBNU_6000_impostor_120,004,099,0,0,0,0,,False,,False,True,
sift,finger,MMCBNU_6000_impostor_120,004,099,1,0,0,0,,False,,False,True,
superglue,finger,MMCBNU_6000_impostor_120,004,099,343,285,0,0,,False,,False,True,
sgmnet,finger,MMCBNU_6000_impostor_120,004,099,711,507,20,6,0.3000,False,0.2839,False,True,0.3475
aspanformer,finger,MMCBNU_6000_impostor_120,004,099,2,2,0,0,,False,,False,True,
deepdetect,finger,MMCBNU_6000_impostor_120,004,099,445,110,14,0,,False,,False,True,
loftr,finger,MMCBNU_6000_impostor_121,009,071,112,112,0,0,,False,,False,True,
orb,finger,MMCBNU_6000_impostor_121,009,071,0,0,0,0,,False,,False,True,
sift,finger,MMCBNU_6000_impostor_121,009,071,0,0,0,0,,False,,False,True,
superglue,finger,MMCBNU_6000_impostor_121,009,071,87,137,1,0,,False,,False,True,
sgmnet,finger,MMCBNU_6000_impostor_121,009,071,445,517,32,6,0.1875,False,0.1774,False,True,0.5901
aspanformer,finger,MMCBNU_6000_impostor_121,009,071,1,1,0,0,,False,,False,True,
deepdetect,finger,MMCBNU_6000_impostor_121,009,071,0,1874,0,0,,False,,False,True,
loftr,finger,MMCBNU_6000_impostor_122,040,071,11,11,11,6,0.5455,True,0.5161,False,False,0.7572
orb,finger,MMCBNU_6000_impostor_122,040,071,0,0,0,0,,False,,False,True,
sift,finger,MMCBNU_6000_impostor_122,040,071,1,2,0,0,,False,,False,True,
superglue,finger,MMCBNU_6000_impostor_122,040,071,232,210,0,0,,False,,False,True,
sgmnet,finger,MMCBNU_6000_impostor_122,040,071,228,516,24,6,0.2500,False,0.2366,False,True,0.7303
aspanformer,finger,MMCBNU_6000_impostor_122,040,071,0,0,0,0,,False,,False,True,
deepdetect,finger,MMCBNU_6000_impostor_122,040,071,10174,12,77,0,,False,,False,True,
loftr,finger,MMCBNU_6000_impostor_123,050,046,118,118,0,0,,False,,False,True,
orb,finger,MMCBNU_6000_impostor_123,050,046,0,0,0,0,,False,,False,True,
sift,finger,MMCBNU_6000_impostor_123,050,046,0,0,0,0,,False,,False,True,
superglue,finger,MMCBNU_6000_impostor_123,050,046,61,118,1,0,,False,,False,True,
sgmnet,finger,MMCBNU_6000_impostor_123,050,046,339,369,27,6,0.2222,False,0.2103,False,True,0.3393
aspanformer,finger,MMCBNU_6000_impostor_123,050,046,2,2,0,0,,False,,False,True,
deepdetect,finger,MMCBNU_6000_impostor_123,050,046,342,139,0,0,,False,,False,True,
loftr,finger,MMCBNU_6000_impostor_124,022,034,3,3,3,0,,False,,False,True,
orb,finger,MMCBNU_6000_impostor_124,022,034,0,0,0,0,,False,,False,True,
sift,finger,MMCBNU_6000_impostor_124,022,034,0,0,0,0,,False,,False,True,
superglue,finger,MMCBNU_6000_impostor_124,022,034,137,114,0,0,,False,,False,True,
sgmnet,finger,MMCBNU_6000_impostor_124,022,034,563,550,10,5,0.5000,True,0.4661,False,False,0.4051
aspanformer,finger,MMCBNU_6000_impostor_124,022,034,0,0,0,0,,False,,False,True,
deepdetect,finger,MMCBNU_6000_impostor_124,022,034,3,176,0,0,,False,,False,True,
loftr,finger,MMCBNU_6000_impostor_125,091,008,162,162,0,0,,False,,False,True,
orb,finger,MMCBNU_6000_impostor_125,091,008,0,0,0,0,,False,,False,True,
sift,finger,MMCBNU_6000_impostor_125,091,008,1,0,0,0,,False,,False,True,
superglue,finger,MMCBNU_6000_impostor_125,091,008,320,380,1,0,,False,,False,True,
sgmnet,finger,MMCBNU_6000_impostor_125,091,008,451,500,41,6,0.1463,False,0.1385,False,True,0.8847
aspanformer,finger,MMCBNU_6000_impostor_125,091,008,1,1,1,0,,False,,False,True,
deepdetect,finger,MMCBNU_6000_impostor_125,091,008,2379,1331,55,27,0.4909,True,0.4909,False,False,1.7290
loftr,finger,MMCBNU_6000_impostor_126,076,098,44,44,0,0,,False,,False,True,
orb,finger,MMCBNU_6000_impostor_126,076,098,0,0,0,0,,False,,False,True,
sift,finger,MMCBNU_6000_impostor_126,076,098,0,1,0,0,,False,,False,True,
superglue,finger,MMCBNU_6000_impostor_126,076,098,173,114,0,0,,False,,False,True,
sgmnet,finger,MMCBNU_6000_impostor_126,076,098,457,313,13,0,,False,,False,True,
aspanformer,finger,MMCBNU_6000_impostor_126,076,098,0,0,0,0,,False,,False,True,
deepdetect,finger,MMCBNU_6000_impostor_126,076,098,28,768,0,0,,False,,False,True,
loftr,finger,MMCBNU_6000_impostor_127,084,005,1,1,1,0,,False,,False,True,
orb,finger,MMCBNU_6000_impostor_127,084,005,0,0,0,0,,False,,False,True,
sift,finger,MMCBNU_6000_impostor_127,084,005,0,5,0,0,,False,,False,True,
superglue,finger,MMCBNU_6000_impostor_127,084,005,231,253,0,0,,False,,False,True,
sgmnet,finger,MMCBNU_6000_impostor_127,084,005,555,477,32,7,0.2188,False,0.2096,False,True,0.6658
aspanformer,finger,MMCBNU_6000_impostor_127,084,005,0,0,0,0,,False,,False,True,
deepdetect,finger,MMCBNU_6000_impostor_127,084,005,305,1980,0,0,,False,,False,True,
loftr,finger,MMCBNU_6000_impostor_128,068,041,1,1,1,0,,False,,False,True,
orb,finger,MMCBNU_6000_impostor_128,068,041,0,0,0,0,,False,,False,True,
sift,finger,MMCBNU_6000_impostor_128,068,041,1,0,0,0,,False,,False,True,
superglue,finger,MMCBNU_6000_impostor_128,068,041,82,180,0,0,,False,,False,True,
sgmnet,finger,MMCBNU_6000_impostor_128,068,041,228,617,11,6,0.5455,True,0.5161,False,False,0.1268
aspanformer,finger,MMCBNU_6000_impostor_128,068,041,1,1,1,0,,False,,False,True,
deepdetect,finger,MMCBNU_6000_impostor_128,068,041,2173,357,2124,0,,False,,False,True,
loftr,finger,MMCBNU_6000_impostor_129,099,058,76,76,0,0,,False,,False,True,
orb,finger,MMCBNU_6000_impostor_129,099,058,0,0,0,0,,False,,False,True,
sift,finger,MMCBNU_6000_impostor_129,099,058,0,2,0,0,,False,,False,True,
superglue,finger,MMCBNU_6000_impostor_129,099,058,108,202,0,0,,False,,False,True,
sgmnet,finger,MMCBNU_6000_impostor_129,099,058,377,691,28,7,0.2500,False,0.2396,False,True,0.5731
aspanformer,finger,MMCBNU_6000_impostor_129,099,058,2,2,2,0,,False,,False,True,
deepdetect,finger,MMCBNU_6000_impostor_129,099,058,252,109,0,0,,False,,False,True,
loftr,finger,MMCBNU_6000_impostor_130,023,072,1,1,1,0,,False,,False,True,
orb,finger,MMCBNU_6000_impostor_130,023,072,0,0,0,0,,False,,False,True,
sift,finger,MMCBNU_6000_impostor_130,023,072,3,0,0,0,,False,,False,True,
superglue,finger,MMCBNU_6000_impostor_130,023,072,138,477,0,0,,False,,False,True,
sgmnet,finger,MMCBNU_6000_impostor_130,023,072,395,1063,8,5,0.6250,True,0.5826,False,False,0.4591
aspanformer,finger,MMCBNU_6000_impostor_130,023,072,1,1,0,0,,False,,False,True,
deepdetect,finger,MMCBNU_6000_impostor_130,023,072,87,356,0,0,,False,,False,True,
loftr,finger,MMCBNU_6000_impostor_131,009,067,1,1,1,0,,False,,False,True,
orb,finger,MMCBNU_6000_impostor_131,009,067,0,0,0,0,,False,,False,True,
sift,finger,MMCBNU_6000_impostor_131,009,067,0,1,0,0,,False,,False,True,
superglue,finger,MMCBNU_6000_impostor_131,009,067,59,400,0,0,,False,,False,True,
sgmnet,finger,MMCBNU_6000_impostor_131,009,067,341,617,14,5,0.3571,False,0.3329,False,True,0.3609
aspanformer,finger,MMCBNU_6000_impostor_131,009,067,0,0,0,0,,False,,False,True,
deepdetect,finger,MMCBNU_6000_impostor_131,009,067,13,373,0,0,,False,,False,True,
loftr,finger,MMCBNU_6000_impostor_132,028,053,1,1,1,0,,False,,False,True,
orb,finger,MMCBNU_6000_impostor_132,028,053,0,0,0,0,,False,,False,True,
sift,finger,MMCBNU_6000_impostor_132,028,053,10,1,0,0,,False,,False,True,
superglue,finger,MMCBNU_6000_impostor_132,028,053,487,162,0,0,,False,,False,True,
sgmnet,finger,MMCBNU_6000_impostor_132,028,053,472,377,17,5,0.2941,False,0.2742,False,True,0.5619
aspanformer,finger,MMCBNU_6000_impostor_132,028,053,1,1,1,0,,False,,False,True,
deepdetect,finger,MMCBNU_6000_impostor_132,028,053,5646,115,1,0,,False,,False,True,
loftr,finger,MMCBNU_6000_impostor_133,024,025,2,2,2,0,,False,,False,True,
orb,finger,MMCBNU_6000_impostor_133,024,025,0,0,0,0,,False,,False,True,
sift,finger,MMCBNU_6000_impostor_133,024,025,0,1,0,0,,False,,False,True,
superglue,finger,MMCBNU_6000_impostor_133,024,025,386,415,0,0,,False,,False,True,
sgmnet,finger,MMCBNU_6000_impostor_133,024,025,773,783,39,8,0.2051,False,0.1986,False,True,0.9971
aspanformer,finger,MMCBNU_6000_impostor_133,024,025,0,0,0,0,,False,,False,True,
deepdetect,finger,MMCBNU_6000_impostor_133,024,025,1563,1061,54,0,,False,,False,True,
loftr,finger,MMCBNU_6000_impostor_134,071,026,1,1,1,0,,False,,False,True,
orb,finger,MMCBNU_6000_impostor_134,071,026,0,0,0,0,,False,,False,True,
sift,finger,MMCBNU_6000_impostor_134,071,026,0,0,0,0,,False,,False,True,
superglue,finger,MMCBNU_6000_impostor_134,071,026,244,467,0,0,,False,,False,True,
sgmnet,finger,MMCBNU_6000_impostor_134,071,026,652,787,40,7,0.1750,False,0.1677,False,True,0.4620
aspanformer,finger,MMCBNU_6000_impostor_134,071,026,1,1,0,0,,False,,False,True,
deepdetect,finger,MMCBNU_6000_impostor_134,071,026,101,2415,0,0,,False,,False,True,
loftr,finger,MMCBNU_6000_impostor_135,027,031,1,1,1,0,,False,,False,True,
orb,finger,MMCBNU_6000_impostor_135,027,031,0,0,0,0,,False,,False,True,
sift,finger,MMCBNU_6000_impostor_135,027,031,0,1,0,0,,False,,False,True,
superglue,finger,MMCBNU_6000_impostor_135,027,031,168,66,0,0,,False,,False,True,
sgmnet,finger,MMCBNU_6000_impostor_135,027,031,435,266,5,4,0.8000,True,0.7332,False,False,0.0000
aspanformer,finger,MMCBNU_6000_impostor_135,027,031,1,1,1,0,,False,,False,True,
deepdetect,finger,MMCBNU_6000_impostor_135,027,031,194,74,37,0,,False,,False,True,
loftr,finger,MMCBNU_6000_impostor_136,028,040,262,262,0,0,,False,,False,True,
orb,finger,MMCBNU_6000_impostor_136,028,040,0,0,0,0,,False,,False,True,
sift,finger,MMCBNU_6000_impostor_136,028,040,2,1,0,0,,False,,False,True,
superglue,finger,MMCBNU_6000_impostor_136,028,040,152,141,1,0,,False,,False,True,
sgmnet,finger,MMCBNU_6000_impostor_136,028,040,311,342,30,0,,False,,False,True,
aspanformer,finger,MMCBNU_6000_impostor_136,028,040,1,1,1,0,,False,,False,True,
deepdetect,finger,MMCBNU_6000_impostor_136,028,040,759,3209,0,0,,False,,False,True,
loftr,finger,MMCBNU_6000_impostor_137,094,074,3,3,3,0,,False,,False,True,
orb,finger,MMCBNU_6000_impostor_137,094,074,0,0,0,0,,False,,False,True,
sift,finger,MMCBNU_6000_impostor_137,094,074,0,0,0,0,,False,,False,True,
superglue,finger,MMCBNU_6000_impostor_137,094,074,113,156,0,0,,False,,False,True,
sgmnet,finger,MMCBNU_6000_impostor_137,094,074,564,622,20,6,0.3000,False,0.2839,False,True,0.2550
aspanformer,finger,MMCBNU_6000_impostor_137,094,074,0,0,0,0,,False,,False,True,
deepdetect,finger,MMCBNU_6000_impostor_137,094,074,10,29,0,0,,False,,False,True,
loftr,finger,MMCBNU_6000_impostor_138,041,085,3,3,3,0,,False,,False,True,
orb,finger,MMCBNU_6000_impostor_138,041,085,0,0,0,0,,False,,False,True,
sift,finger,MMCBNU_6000_impostor_138,041,085,0,1,0,0,,False,,False,True,
superglue,finger,MMCBNU_6000_impostor_138,041,085,217,84,0,0,,False,,False,True,
sgmnet,finger,MMCBNU_6000_impostor_138,041,085,781,333,7,5,0.7143,True,0.6658,False,False,0.2314
aspanformer,finger,MMCBNU_6000_impostor_138,041,085,1,1,1,0,,False,,False,True,
deepdetect,finger,MMCBNU_6000_impostor_138,041,085,922,4,4,0,,False,,False,True,
loftr,finger,MMCBNU_6000_impostor_139,090,086,3,3,3,0,,False,,False,True,
orb,finger,MMCBNU_6000_impostor_139,090,086,0,0,0,0,,False,,False,True,
sift,finger,MMCBNU_6000_impostor_139,090,086,1,0,0,0,,False,,False,True,
superglue,finger,MMCBNU_6000_impostor_139,090,086,342,367,0,0,,False,,False,True,
sgmnet,finger,MMCBNU_6000_impostor_139,090,086,445,601,33,6,0.1818,False,0.1720,False,True,0.5833
aspanformer,finger,MMCBNU_6000_impostor_139,090,086,0,0,0,0,,False,,False,True,
deepdetect,finger,MMCBNU_6000_impostor_139,090,086,5787,1169,27,0,,False,,False,True,
loftr,finger,MMCBNU_6000_impostor_140,059,093,84,84,0,0,,False,,False,True,
orb,finger,MMCBNU_6000_impostor_140,059,093,0,0,0,0,,False,,False,True,
sift,finger,MMCBNU_6000_impostor_140,059,093,0,1,0,0,,False,,False,True,
superglue,finger,MMCBNU_6000_impostor_140,059,093,109,290,0,0,,False,,False,True,
sgmnet,finger,MMCBNU_6000_impostor_140,059,093,324,681,19,6,0.3158,False,0.2988,False,True,0.9190
aspanformer,finger,MMCBNU_6000_impostor_140,059,093,1,1,0,0,,False,,False,True,
deepdetect,finger,MMCBNU_6000_impostor_140,059,093,0,159,0,0,,False,,False,True,
loftr,finger,MMCBNU_6000_impostor_141,100,093,156,156,0,0,,False,,False,True,
orb,finger,MMCBNU_6000_impostor_141,100,093,0,0,0,0,,False,,False,True,
sift,finger,MMCBNU_6000_impostor_141,100,093,1,1,0,0,,False,,False,True,
superglue,finger,MMCBNU_6000_impostor_141,100,093,220,97,0,0,,False,,False,True,
sgmnet,finger,MMCBNU_6000_impostor_141,100,093,547,381,20,7,0.3500,False,0.3354,False,True,0.7261
aspanformer,finger,MMCBNU_6000_impostor_141,100,093,0,0,0,0,,False,,False,True,
deepdetect,finger,MMCBNU_6000_impostor_141,100,093,170,46,0,0,,False,,False,True,
loftr,finger,MMCBNU_6000_impostor_142,002,090,4,4,4,0,,False,,False,True,
orb,finger,MMCBNU_6000_impostor_142,002,090,0,0,0,0,,False,,False,True,
sift,finger,MMCBNU_6000_impostor_142,002,090,0,1,0,0,,False,,False,True,
superglue,finger,MMCBNU_6000_impostor_142,002,090,412,309,0,0,,False,,False,True,
sgmnet,finger,MMCBNU_6000_impostor_142,002,090,464,381,39,8,0.2051,False,0.1986,False,True,0.8661
aspanformer,finger,MMCBNU_6000_impostor_142,002,090,0,0,0,0,,False,,False,True,
deepdetect,finger,MMCBNU_6000_impostor_142,002,090,3397,6793,3,0,,False,,False,True,
loftr,finger,MMCBNU_6000_impostor_143,015,050,148,148,0,0,,False,,False,True,
orb,finger,MMCBNU_6000_impostor_143,015,050,0,0,0,0,,False,,False,True,
sift,finger,MMCBNU_6000_impostor_143,015,050,2,1,0,0,,False,,False,True,
superglue,finger,MMCBNU_6000_impostor_143,015,050,154,74,0,0,,False,,False,True,
sgmnet,finger,MMCBNU_6000_impostor_143,015,050,283,399,38,7,0.1842,False,0.1765,False,True,0.8717
aspanformer,finger,MMCBNU_6000_impostor_143,015,050,1,1,0,0,,False,,False,True,
deepdetect,finger,MMCBNU_6000_impostor_143,015,050,3260,10,26,0,,False,,False,True,
loftr,finger,MMCBNU_6000_impostor_144,084,099,144,144,0,0,,False,,False,True,
orb,finger,MMCBNU_6000_impostor_144,084,099,0,0,0,0,,False,,False,True,
sift,finger,MMCBNU_6000_impostor_144,084,099,0,1,0,0,,False,,False,True,
superglue,finger,MMCBNU_6000_impostor_144,084,099,152,190,0,0,,False,,False,True,
sgmnet,finger,MMCBNU_6000_impostor_144,084,099,510,535,51,8,0.1569,False,0.1519,False,True,0.6375
aspanformer,finger,MMCBNU_6000_impostor_144,084,099,1,1,0,0,,False,,False,True,
deepdetect,finger,MMCBNU_6000_impostor_144,084,099,757,156,0,0,,False,,False,True,
loftr,finger,MMCBNU_6000_impostor_145,002,083,4,4,4,4,1.0000,True,0.9165,False,False,0.0000
orb,finger,MMCBNU_6000_impostor_145,002,083,0,0,0,0,,False,,False,True,
sift,finger,MMCBNU_6000_impostor_145,002,083,2,1,0,0,,False,,False,True,
superglue,finger,MMCBNU_6000_impostor_145,002,083,155,422,0,0,,False,,False,True,
sgmnet,finger,MMCBNU_6000_impostor_145,002,083,196,836,19,6,0.3158,False,0.2988,False,True,0.5519
aspanformer,finger,MMCBNU_6000_impostor_145,002,083,0,0,0,0,,False,,False,True,
deepdetect,finger,MMCBNU_6000_impostor_145,002,083,1671,595,1,0,,False,,False,True,
loftr,finger,MMCBNU_6000_impostor_146,076,032,138,138,0,0,,False,,False,True,
orb,finger,MMCBNU_6000_impostor_146,076,032,0,0,0,0,,False,,False,True,
sift,finger,MMCBNU_6000_impostor_146,076,032,1,2,0,0,,False,,False,True,
superglue,finger,MMCBNU_6000_impostor_146,076,032,164,338,0,0,,False,,False,True,
sgmnet,finger,MMCBNU_6000_impostor_146,076,032,499,585,32,0,,False,,False,True,
aspanformer,finger,MMCBNU_6000_impostor_146,076,032,1,1,1,0,,False,,False,True,
deepdetect,finger,MMCBNU_6000_impostor_146,076,032,27,3518,0,0,,False,,False,True,
loftr,finger,MMCBNU_6000_impostor_147,089,100,3,3,3,0,,False,,False,True,
orb,finger,MMCBNU_6000_impostor_147,089,100,0,0,0,0,,False,,False,True,
sift,finger,MMCBNU_6000_impostor_147,089,100,0,0,0,0,,False,,False,True,
superglue,finger,MMCBNU_6000_impostor_147,089,100,326,372,0,0,,False,,False,True,
sgmnet,finger,MMCBNU_6000_impostor_147,089,100,701,782,44,8,0.1818,False,0.1760,False,True,0.9581
aspanformer,finger,MMCBNU_6000_impostor_147,089,100,0,0,0,0,,False,,False,True,
deepdetect,finger,MMCBNU_6000_impostor_147,089,100,180,109,0,0,,False,,False,True,
loftr,finger,MMCBNU_6000_impostor_148,056,054,9,9,9,6,0.6667,True,0.6308,False,False,0.7005
orb,finger,MMCBNU_6000_impostor_148,056,054,0,0,0,0,,False,,False,True,
sift,finger,MMCBNU_6000_impostor_148,056,054,0,0,0,0,,False,,False,True,
superglue,finger,MMCBNU_6000_impostor_148,056,054,215,146,0,0,,False,,False,True,
sgmnet,finger,MMCBNU_6000_impostor_148,056,054,558,461,24,8,0.3333,False,0.3227,False,True,0.5823
aspanformer,finger,MMCBNU_6000_impostor_148,056,054,0,0,0,0,,False,,False,True,
deepdetect,finger,MMCBNU_6000_impostor_148,056,054,42,181,0,0,,False,,False,True,
loftr,finger,MMCBNU_6000_impostor_149,035,007,1,1,1,0,,False,,False,True,
orb,finger,MMCBNU_6000_impostor_149,035,007,0,0,0,0,,False,,False,True,
sift,finger,MMCBNU_6000_impostor_149,035,007,0,0,0,0,,False,,False,True,
superglue,finger,MMCBNU_6000_impostor_149,035,007,264,112,0,0,,False,,False,True,
sgmnet,finger,MMCBNU_6000_impostor_149,035,007,621,368,22,7,0.3182,False,0.3049,False,True,0.6702
aspanformer,finger,MMCBNU_6000_impostor_149,035,007,0,0,0,0,,False,,False,True,
deepdetect,finger,MMCBNU_6000_impostor_149,035,007,3437,353,8,0,,False,,False,True,
loftr,finger,MMCBNU_6000_impostor_150,094,074,1,1,1,0,,False,,False,True,
orb,finger,MMCBNU_6000_impostor_150,094,074,0,0,0,0,,False,,False,True,
sift,finger,MMCBNU_6000_impostor_150,094,074,1,2,0,0,,False,,False,True,
superglue,finger,MMCBNU_6000_impostor_150,094,074,67,262,0,0,,False,,False,True,
sgmnet,finger,MMCBNU_6000_impostor_150,094,074,442,636,15,6,0.4000,False,0.3785,False,True,0.8042
aspanformer,finger,MMCBNU_6000_impostor_150,094,074,0,0,0,0,,False,,False,True,
deepdetect,finger,MMCBNU_6000_impostor_150,094,074,4,85,0,0,,False,,False,True,
loftr,finger,MMCBNU_6000_impostor_151,029,019,10,10,10,6,0.6000,True,0.5677,False,False,1.1572
orb,finger,MMCBNU_6000_impostor_151,029,019,0,0,0,0,,False,,False,True,
sift,finger,MMCBNU_6000_impostor_151,029,019,1,3,0,0,,False,,False,True,
superglue,finger,MMCBNU_6000_impostor_151,029,019,178,470,0,0,,False,,False,True,
sgmnet,finger,MMCBNU_6000_impostor_151,029,019,160,569,14,5,0.3571,False,0.3329,False,True,0.5971
aspanformer,finger,MMCBNU_6000_impostor_151,029,019,0,0,0,0,,False,,False,True,
deepdetect,finger,MMCBNU_6000_impostor_151,029,019,8503,3219,909,0,,False,,False,True,
loftr,finger,MMCBNU_6000_impostor_152,097,086,1,1,1,0,,False,,False,True,
orb,finger,MMCBNU_6000_impostor_152,097,086,0,0,0,0,,False,,False,True,
sift,finger,MMCBNU_6000_impostor_152,097,086,1,0,0,0,,False,,False,True,
superglue,finger,MMCBNU_6000_impostor_152,097,086,151,118,2,0,,False,,False,True,
sgmnet,finger,MMCBNU_6000_impostor_152,097,086,430,288,37,10,0.2703,False,0.2655,False,True,1.4705
aspanformer,finger,MMCBNU_6000_impostor_152,097,086,1,1,1,0,,False,,False,True,
deepdetect,finger,MMCBNU_6000_impostor_152,097,086,58,386,20,0,,False,,False,True,
loftr,finger,MMCBNU_6000_impostor_153,029,080,72,72,0,0,,False,,False,True,
orb,finger,MMCBNU_6000_impostor_153,029,080,0,0,0,0,,False,,False,True,
sift,finger,MMCBNU_6000_impostor_153,029,080,3,1,0,0,,False,,False,True,
superglue,finger,MMCBNU_6000_impostor_153,029,080,197,150,0,0,,False,,False,True,
sgmnet,finger,MMCBNU_6000_impostor_153,029,080,198,372,14,5,0.3571,False,0.3329,False,True,0.6264
aspanformer,finger,MMCBNU_6000_impostor_153,029,080,1,1,0,0,,False,,False,True,
deepdetect,finger,MMCBNU_6000_impostor_153,029,080,7275,1773,466,0,,False,,False,True,
loftr,finger,MMCBNU_6000_impostor_154,087,066,10,10,10,8,0.8000,True,0.7746,False,False,1.4787
orb,finger,MMCBNU_6000_impostor_154,087,066,0,0,0,0,,False,,False,True,
sift,finger,MMCBNU_6000_impostor_154,087,066,2,1,0,0,,False,,False,True,
superglue,finger,MMCBNU_6000_impostor_154,087,066,510,285,0,0,,False,,False,True,
sgmnet,finger,MMCBNU_6000_impostor_154,087,066,869,391,11,0,,False,,False,True,
aspanformer,finger,MMCBNU_6000_impostor_154,087,066,0,0,0,0,,False,,False,True,
deepdetect,finger,MMCBNU_6000_impostor_154,087,066,5706,3174,83,0,,False,,False,True,
loftr,finger,MMCBNU_6000_impostor_155,094,007,137,137,0,0,,False,,False,True,
orb,finger,MMCBNU_6000_impostor_155,094,007,0,0,0,0,,False,,False,True,
sift,finger,MMCBNU_6000_impostor_155,094,007,1,0,0,0,,False,,False,True,
superglue,finger,MMCBNU_6000_impostor_155,094,007,102,206,0,0,,False,,False,True,
sgmnet,finger,MMCBNU_6000_impostor_155,094,007,414,567,17,5,0.2941,False,0.2742,False,True,0.2152
aspanformer,finger,MMCBNU_6000_impostor_155,094,007,1,1,1,0,,False,,False,True,
deepdetect,finger,MMCBNU_6000_impostor_155,094,007,2,263,0,0,,False,,False,True,
loftr,finger,MMCBNU_6000_impostor_156,093,096,5,5,0,0,,False,,False,True,
orb,finger,MMCBNU_6000_impostor_156,093,096,0,0,0,0,,False,,False,True,
sift,finger,MMCBNU_6000_impostor_156,093,096,1,4,0,0,,False,,False,True,
superglue,finger,MMCBNU_6000_impostor_156,093,096,397,209,0,0,,False,,False,True,
sgmnet,finger,MMCBNU_6000_impostor_156,093,096,0,0,0,0,,False,,False,True,
aspanformer,finger,MMCBNU_6000_impostor_156,093,096,0,0,0,0,,False,,False,True,
deepdetect,finger,MMCBNU_6000_impostor_156,093,096,522,435,0,0,,False,,False,True,
loftr,finger,MMCBNU_6000_impostor_157,064,024,59,59,0,0,,False,,False,True,
orb,finger,MMCBNU_6000_impostor_157,064,024,0,0,0,0,,False,,False,True,
sift,finger,MMCBNU_6000_impostor_157,064,024,3,1,0,0,,False,,False,True,
superglue,finger,MMCBNU_6000_impostor_157,064,024,226,217,0,0,,False,,False,True,
sgmnet,finger,MMCBNU_6000_impostor_157,064,024,448,682,29,7,0.2414,False,0.2313,False,True,0.4387
aspanformer,finger,MMCBNU_6000_impostor_157,064,024,1,1,1,0,,False,,False,True,
deepdetect,finger,MMCBNU_6000_impostor_157,064,024,1245,82,0,0,,False,,False,True,
loftr,finger,MMCBNU_6000_impostor_158,091,063,1,1,1,0,,False,,False,True,
orb,finger,MMCBNU_6000_impostor_158,091,063,0,0,0,0,,False,,False,True,
sift,finger,MMCBNU_6000_impostor_158,091,063,0,0,0,0,,False,,False,True,
superglue,finger,MMCBNU_6000_impostor_158,091,063,204,56,0,0,,False,,False,True,
sgmnet,finger,MMCBNU_6000_impostor_158,091,063,361,230,17,7,0.4118,False,0.3946,False,True,0.5574
aspanformer,finger,MMCBNU_6000_impostor_158,091,063,2,2,0,0,,False,,False,True,
deepdetect,finger,MMCBNU_6000_impostor_158,091,063,209,79,0,0,,False,,False,True,
loftr,finger,MMCBNU_6000_impostor_159,084,070,53,53,0,0,,False,,False,True,
orb,finger,MMCBNU_6000_impostor_159,084,070,0,0,0,0,,False,,False,True,
sift,finger,MMCBNU_6000_impostor_159,084,070,0,1,0,0,,False,,False,True,
superglue,finger,MMCBNU_6000_impostor_159,084,070,205,145,0,0,,False,,False,True,
sgmnet,finger,MMCBNU_6000_impostor_159,084,070,537,373,27,7,0.2593,False,0.2484,False,True,0.7294
aspanformer,finger,MMCBNU_6000_impostor_159,084,070,0,0,0,0,,False,,False,True,
deepdetect,finger,MMCBNU_6000_impostor_159,084,070,519,27,138,0,,False,,False,True,
loftr,finger,MMCBNU_6000_impostor_160,085,033,129,129,0,0,,False,,False,True,
orb,finger,MMCBNU_6000_impostor_160,085,033,0,0,0,0,,False,,False,True,
sift,finger,MMCBNU_6000_impostor_160,085,033,1,0,0,0,,False,,False,True,
superglue,finger,MMCBNU_6000_impostor_160,085,033,116,141,0,0,,False,,False,True,
sgmnet,finger,MMCBNU_6000_impostor_160,085,033,449,677,5,4,0.8000,True,0.7332,False,False,0.0000
aspanformer,finger,MMCBNU_6000_impostor_160,085,033,0,0,0,0,,False,,False,True,
deepdetect,finger,MMCBNU_6000_impostor_160,085,033,723,0,0,0,,False,,False,True,
loftr,finger,MMCBNU_6000_impostor_161,022,060,2,2,2,0,,False,,False,True,
orb,finger,MMCBNU_6000_impostor_161,022,060,0,0,0,0,,False,,False,True,
sift,finger,MMCBNU_6000_impostor_161,022,060,0,0,0,0,,False,,False,True,
superglue,finger,MMCBNU_6000_impostor_161,022,060,340,95,0,0,,False,,False,True,
sgmnet,finger,MMCBNU_6000_impostor_161,022,060,906,384,3,0,,False,,False,True,
aspanformer,finger,MMCBNU_6000_impostor_161,022,060,0,0,0,0,,False,,False,True,
deepdetect,finger,MMCBNU_6000_impostor_161,022,060,486,7,32,0,,False,,False,True,
loftr,finger,MMCBNU_6000_impostor_162,025,037,110,110,0,0,,False,,False,True,
orb,finger,MMCBNU_6000_impostor_162,025,037,0,0,0,0,,False,,False,True,
sift,finger,MMCBNU_6000_impostor_162,025,037,0,0,0,0,,False,,False,True,
superglue,finger,MMCBNU_6000_impostor_162,025,037,138,196,0,0,,False,,False,True,
sgmnet,finger,MMCBNU_6000_impostor_162,025,037,460,606,28,7,0.2500,False,0.2396,False,True,0.7211
aspanformer,finger,MMCBNU_6000_impostor_162,025,037,1,1,0,0,,False,,False,True,
deepdetect,finger,MMCBNU_6000_impostor_162,025,037,1072,313,0,0,,False,,False,True,
loftr,finger,MMCBNU_6000_impostor_163,083,063,110,110,0,0,,False,,False,True,
orb,finger,MMCBNU_6000_impostor_163,083,063,0,0,0,0,,False,,False,True,
sift,finger,MMCBNU_6000_impostor_163,083,063,3,1,0,0,,False,,False,True,
superglue,finger,MMCBNU_6000_impostor_163,083,063,251,101,0,0,,False,,False,True,
sgmnet,finger,MMCBNU_6000_impostor_163,083,063,323,444,40,7,0.1750,False,0.1677,False,True,1.0244
aspanformer,finger,MMCBNU_6000_impostor_163,083,063,1,1,1,0,,False,,False,True,
deepdetect,finger,MMCBNU_6000_impostor_163,083,063,4409,0,0,0,,False,,False,True,
loftr,finger,MMCBNU_6000_impostor_164,045,021,1,1,1,0,,False,,False,True,
orb,finger,MMCBNU_6000_impostor_164,045,021,0,0,0,0,,False,,False,True,
sift,finger,MMCBNU_6000_impostor_164,045,021,0,3,0,0,,False,,False,True,
superglue,finger,MMCBNU_6000_impostor_164,045,021,75,345,0,0,,False,,False,True,
sgmnet,finger,MMCBNU_6000_impostor_164,045,021,291,532,28,8,0.2857,False,0.2766,False,True,0.8378
aspanformer,finger,MMCBNU_6000_impostor_164,045,021,1,1,1,0,,False,,False,True,
deepdetect,finger,MMCBNU_6000_impostor_164,045,021,325,5123,1,0,,False,,False,True,
loftr,finger,MMCBNU_6000_impostor_165,062,056,115,115,0,0,,False,,False,True,
orb,finger,MMCBNU_6000_impostor_165,062,056,0,0,0,0,,False,,False,True,
sift,finger,MMCBNU_6000_impostor_165,062,056,1,0,0,0,,False,,False,True,
superglue,finger,MMCBNU_6000_impostor_165,062,056,85,237,0,0,,False,,False,True,
sgmnet,finger,MMCBNU_6000_impostor_165,062,056,194,714,15,0,,False,,False,True,
aspanformer,finger,MMCBNU_6000_impostor_165,062,056,0,0,0,0,,False,,False,True,
deepdetect,finger,MMCBNU_6000_impostor_165,062,056,21,0,0,0,,False,,False,True,
loftr,finger,MMCBNU_6000_impostor_166,032,099,60,60,0,0,,False,,False,True,
orb,finger,MMCBNU_6000_impostor_166,032,099,0,0,0,0,,False,,False,True,
sift,finger,MMCBNU_6000_impostor_166,032,099,3,0,0,0,,False,,False,True,
superglue,finger,MMCBNU_6000_impostor_166,032,099,352,101,0,0,,False,,False,True,
sgmnet,finger,MMCBNU_6000_impostor_166,032,099,537,333,18,0,,False,,False,True,
aspanformer,finger,MMCBNU_6000_impostor_166,032,099,1,1,1,0,,False,,False,True,
deepdetect,finger,MMCBNU_6000_impostor_166,032,099,3848,261,0,0,,False,,False,True,
loftr,finger,MMCBNU_6000_impostor_167,076,004,97,97,0,0,,False,,False,True,
orb,finger,MMCBNU_6000_impostor_167,076,004,0,0,0,0,,False,,False,True,
sift,finger,MMCBNU_6000_impostor_167,076,004,1,3,0,0,,False,,False,True,
superglue,finger,MMCBNU_6000_impostor_167,076,004,164,332,0,0,,False,,False,True,
sgmnet,finger,MMCBNU_6000_impostor_167,076,004,499,676,27,7,0.2593,False,0.2484,False,True,0.5854
aspanformer,finger,MMCBNU_6000_impostor_167,076,004,1,1,1,0,,False,,False,True,
deepdetect,finger,MMCBNU_6000_impostor_167,076,004,27,805,0,0,,False,,False,True,
loftr,finger,MMCBNU_6000_impostor_168,082,035,2,2,2,0,,False,,False,True,
orb,finger,MMCBNU_6000_impostor_168,082,035,0,0,0,0,,False,,False,True,
sift,finger,MMCBNU_6000_impostor_168,082,035,1,1,0,0,,False,,False,True,
superglue,finger,MMCBNU_6000_impostor_168,082,035,143,227,0,0,,False,,False,True,
sgmnet,finger,MMCBNU_6000_impostor_168,082,035,294,557,23,7,0.3043,False,0.2916,False,True,1.0318
aspanformer,finger,MMCBNU_6000_impostor_168,082,035,0,0,0,0,,False,,False,True,
deepdetect,finger,MMCBNU_6000_impostor_168,082,035,137,912,0,0,,False,,False,True,
loftr,finger,MMCBNU_6000_impostor_169,041,014,1,1,1,0,,False,,False,True,
orb,finger,MMCBNU_6000_impostor_169,041,014,0,0,0,0,,False,,False,True,
sift,finger,MMCBNU_6000_impostor_169,041,014,0,1,0,0,,False,,False,True,
superglue,finger,MMCBNU_6000_impostor_169,041,014,194,71,0,0,,False,,False,True,
sgmnet,finger,MMCBNU_6000_impostor_169,041,014,597,285,11,8,0.7273,True,0.7042,False,False,0.9047
aspanformer,finger,MMCBNU_6000_impostor_169,041,014,1,1,0,0,,False,,False,True,
deepdetect,finger,MMCBNU_6000_impostor_169,041,014,288,1731,0,0,,False,,False,True,
loftr,finger,MMCBNU_6000_impostor_170,010,094,1,1,1,0,,False,,False,True,
orb,finger,MMCBNU_6000_impostor_170,010,094,0,0,0,0,,False,,False,True,
sift,finger,MMCBNU_6000_impostor_170,010,094,2,2,0,0,,False,,False,True,
superglue,finger,MMCBNU_6000_impostor_170,010,094,164,206,0,0,,False,,False,True,
sgmnet,finger,MMCBNU_6000_impostor_170,010,094,343,730,24,6,0.2500,False,0.2366,False,True,0.7262
aspanformer,finger,MMCBNU_6000_impostor_170,010,094,1,1,0,0,,False,,False,True,
deepdetect,finger,MMCBNU_6000_impostor_170,010,094,140,6,0,0,,False,,False,True,
loftr,finger,MMCBNU_6000_impostor_171,029,083,2,2,2,0,,False,,False,True,
orb,finger,MMCBNU_6000_impostor_171,029,083,0,0,0,0,,False,,False,True,
sift,finger,MMCBNU_6000_impostor_171,029,083,0,1,0,0,,False,,False,True,
superglue,finger,MMCBNU_6000_impostor_171,029,083,479,265,0,0,,False,,False,True,
sgmnet,finger,MMCBNU_6000_impostor_171,029,083,481,557,38,7,0.1842,False,0.1765,False,True,0.8697
aspanformer,finger,MMCBNU_6000_impostor_171,029,083,0,0,0,0,,False,,False,True,
deepdetect,finger,MMCBNU_6000_impostor_171,029,083,7047,1888,14,0,,False,,False,True,
loftr,finger,MMCBNU_6000_impostor_172,058,021,109,109,0,0,,False,,False,True,
orb,finger,MMCBNU_6000_impostor_172,058,021,0,0,0,0,,False,,False,True,
sift,finger,MMCBNU_6000_impostor_172,058,021,2,2,1,0,,False,,False,True,
superglue,finger,MMCBNU_6000_impostor_172,058,021,202,165,0,0,,False,,False,True,
sgmnet,finger,MMCBNU_6000_impostor_172,058,021,691,274,6,5,0.8333,True,0.7768,False,False,0.0569
aspanformer,finger,MMCBNU_6000_impostor_172,058,021,1,1,0,0,,False,,False,True,
deepdetect,finger,MMCBNU_6000_impostor_172,058,021,109,1125,0,0,,False,,False,True,
loftr,finger,MMCBNU_6000_impostor_173,009,036,226,226,0,0,,False,,False,True,
orb,finger,MMCBNU_6000_impostor_173,009,036,0,0,0,0,,False,,False,True,
sift,finger,MMCBNU_6000_impostor_173,009,036,0,0,0,0,,False,,False,True,
superglue,finger,MMCBNU_6000_impostor_173,009,036,194,134,0,0,,False,,False,True,
sgmnet,finger,MMCBNU_6000_impostor_173,009,036,439,344,16,0,,False,,False,True,
aspanformer,finger,MMCBNU_6000_impostor_173,009,036,0,0,0,0,,False,,False,True,
deepdetect,finger,MMCBNU_6000_impostor_173,009,036,943,739,180,0,,False,,False,True,
loftr,finger,MMCBNU_6000_impostor_174,031,033,5,5,5,5,1.0000,True,0.9322,False,False,0.0744
orb,finger,MMCBNU_6000_impostor_174,031,033,0,0,0,0,,False,,False,True,
sift,finger,MMCBNU_6000_impostor_174,031,033,1,1,0,0,,False,,False,True,
superglue,finger,MMCBNU_6000_impostor_174,031,033,237,91,0,0,,False,,False,True,
sgmnet,finger,MMCBNU_6000_impostor_174,031,033,458,406,22,7,0.3182,False,0.3049,False,True,0.8174
aspanformer,finger,MMCBNU_6000_impostor_174,031,033,1,1,1,0,,False,,False,True,
deepdetect,finger,MMCBNU_6000_impostor_174,031,033,612,462,0,0,,False,,False,True,
loftr,finger,MMCBNU_6000_impostor_175,072,049,2,2,2,0,,False,,False,True,
orb,finger,MMCBNU_6000_impostor_175,072,049,0,0,0,0,,False,,False,True,
sift,finger,MMCBNU_6000_impostor_175,072,049,1,1,0,0,,False,,False,True,
superglue,finger,MMCBNU_6000_impostor_175,072,049,209,332,0,0,,False,,False,True,
sgmnet,finger,MMCBNU_6000_impostor_175,072,049,680,818,30,7,0.2333,False,0.2236,False,True,0.8631
aspanformer,finger,MMCBNU_6000_impostor_175,072,049,0,0,0,0,,False,,False,True,
deepdetect,finger,MMCBNU_6000_impostor_175,072,049,107,1041,0,0,,False,,False,True,
loftr,finger,MMCBNU_6000_impostor_176,097,070,1,1,1,0,,False,,False,True,
orb,finger,MMCBNU_6000_impostor_176,097,070,0,0,0,0,,False,,False,True,
sift,finger,MMCBNU_6000_impostor_176,097,070,2,0,0,0,,False,,False,True,
superglue,finger,MMCBNU_6000_impostor_176,097,070,213,323,0,0,,False,,False,True,
sgmnet,finger,MMCBNU_6000_impostor_176,097,070,459,599,16,5,0.3125,False,0.2913,False,True,0.8063
aspanformer,finger,MMCBNU_6000_impostor_176,097,070,0,0,0,0,,False,,False,True,
deepdetect,finger,MMCBNU_6000_impostor_176,097,070,273,469,0,0,,False,,False,True,
loftr,finger,MMCBNU_6000_impostor_177,017,041,57,57,0,0,,False,,False,True,
orb,finger,MMCBNU_6000_impostor_177,017,041,0,0,0,0,,False,,False,True,
sift,finger,MMCBNU_6000_impostor_177,017,041,0,1,0,0,,False,,False,True,
superglue,finger,MMCBNU_6000_impostor_177,017,041,91,95,1,0,,False,,False,True,
sgmnet,finger,MMCBNU_6000_impostor_177,017,041,246,425,29,8,0.2759,False,0.2671,False,True,1.0390
aspanformer,finger,MMCBNU_6000_impostor_177,017,041,1,1,1,0,,False,,False,True,
deepdetect,finger,MMCBNU_6000_impostor_177,017,041,885,566,0,0,,False,,False,True,
loftr,finger,MMCBNU_6000_impostor_178,001,042,102,102,0,0,,False,,False,True,
orb,finger,MMCBNU_6000_impostor_178,001,042,0,0,0,0,,False,,False,True,
sift,finger,MMCBNU_6000_impostor_178,001,042,0,2,0,0,,False,,False,True,
superglue,finger,MMCBNU_6000_impostor_178,001,042,134,141,0,0,,False,,False,True,
sgmnet,finger,MMCBNU_6000_impostor_178,001,042,565,337,20,6,0.3000,False,0.2839,False,True,0.0979
aspanformer,finger,MMCBNU_6000_impostor_178,001,042,0,0,0,0,,False,,False,True,
deepdetect,finger,MMCBNU_6000_impostor_178,001,042,0,1199,0,0,,False,,False,True,
loftr,finger,MMCBNU_6000_impostor_179,087,059,65,65,0,0,,False,,False,True,
orb,finger,MMCBNU_6000_impostor_179,087,059,0,0,0,0,,False,,False,True,
sift,finger,MMCBNU_6000_impostor_179,087,059,2,1,0,0,,False,,False,True,
superglue,finger,MMCBNU_6000_impostor_179,087,059,555,86,0,0,,False,,False,True,
sgmnet,finger,MMCBNU_6000_impostor_179,087,059,875,288,2,0,,False,,False,True,
aspanformer,finger,MMCBNU_6000_impostor_179,087,059,0,0,0,0,,False,,False,True,
deepdetect,finger,MMCBNU_6000_impostor_179,087,059,5269,30,0,0,,False,,False,True,
loftr,finger,MMCBNU_6000_impostor_180,004,042,121,121,0,0,,False,,False,True,
orb,finger,MMCBNU_6000_impostor_180,004,042,0,0,0,0,,False,,False,True,
sift,finger,MMCBNU_6000_impostor_180,004,042,4,0,0,0,,False,,False,True,
superglue,finger,MMCBNU_6000_impostor_180,004,042,298,101,0,0,,False,,False,True,
sgmnet,finger,MMCBNU_6000_impostor_180,004,042,635,253,2,0,,False,,False,True,
aspanformer,finger,MMCBNU_6000_impostor_180,004,042,0,0,0,0,,False,,False,True,
deepdetect,finger,MMCBNU_6000_impostor_180,004,042,762,532,0,0,,False,,False,True,
loftr,finger,MMCBNU_6000_impostor_181,090,045,1,1,1,0,,False,,False,True,
orb,finger,MMCBNU_6000_impostor_181,090,045,0,0,0,0,,False,,False,True,
sift,finger,MMCBNU_6000_impostor_181,090,045,2,2,1,0,,False,,False,True,
superglue,finger,MMCBNU_6000_impostor_181,090,045,141,98,3,0,,False,,False,True,
sgmnet,finger,MMCBNU_6000_impostor_181,090,045,206,298,30,0,,False,,False,True,
aspanformer,finger,MMCBNU_6000_impostor_181,090,045,0,0,0,0,,False,,False,True,
deepdetect,finger,MMCBNU_6000_impostor_181,090,045,5236,568,220,0,,False,,False,True,
loftr,finger,MMCBNU_6000_impostor_182,086,040,146,146,0,0,,False,,False,True,
orb,finger,MMCBNU_6000_impostor_182,086,040,0,0,0,0,,False,,False,True,
sift,finger,MMCBNU_6000_impostor_182,086,040,0,0,0,0,,False,,False,True,
superglue,finger,MMCBNU_6000_impostor_182,086,040,142,244,0,0,,False,,False,True,
sgmnet,finger,MMCBNU_6000_impostor_182,086,040,333,501,33,10,0.3030,False,0.2977,False,True,1.0060
aspanformer,finger,MMCBNU_6000_impostor_182,086,040,0,0,0,0,,False,,False,True,
deepdetect,finger,MMCBNU_6000_impostor_182,086,040,330,1091,120,0,,False,,False,True,
loftr,finger,MMCBNU_6000_impostor_183,053,064,95,95,0,0,,False,,False,True,
orb,finger,MMCBNU_6000_impostor_183,053,064,0,0,0,0,,False,,False,True,
sift,finger,MMCBNU_6000_impostor_183,053,064,1,0,0,0,,False,,False,True,
superglue,finger,MMCBNU_6000_impostor_183,053,064,312,276,0,0,,False,,False,True,
sgmnet,finger,MMCBNU_6000_impostor_183,053,064,692,458,7,5,0.7143,True,0.6658,False,False,0.6792
aspanformer,finger,MMCBNU_6000_impostor_183,053,064,0,0,0,0,,False,,False,True,
deepdetect,finger,MMCBNU_6000_impostor_183,053,064,629,1348,0,0,,False,,False,True,
loftr,finger,MMCBNU_6000_impostor_184,029,089,1,1,1,0,,False,,False,True,
orb,finger,MMCBNU_6000_impostor_184,029,089,0,0,0,0,,False,,False,True,
sift,finger,MMCBNU_6000_impostor_184,029,089,3,0,0,0,,False,,False,True,
superglue,finger,MMCBNU_6000_impostor_184,029,089,208,137,0,0,,False,,False,True,
sgmnet,finger,MMCBNU_6000_impostor_184,029,089,201,444,14,6,0.4286,True,0.4055,False,False,0.6598
aspanformer,finger,MMCBNU_6000_impostor_184,029,089,0,0,0,0,,False,,False,True,
deepdetect,finger,MMCBNU_6000_impostor_184,029,089,8013,314,0,0,,False,,False,True,
loftr,finger,MMCBNU_6000_impostor_185,030,006,3,3,3,0,,False,,False,True,
orb,finger,MMCBNU_6000_impostor_185,030,006,0,0,0,0,,False,,False,True,
sift,finger,MMCBNU_6000_impostor_185,030,006,2,1,0,0,,False,,False,True,
superglue,finger,MMCBNU_6000_impostor_185,030,006,305,62,0,0,,False,,False,True,
sgmnet,finger,MMCBNU_6000_impostor_185,030,006,547,311,12,5,0.4167,False,0.3884,False,True,0.0000
aspanformer,finger,MMCBNU_6000_impostor_185,030,006,1,1,1,0,,False,,False,True,
deepdetect,finger,MMCBNU_6000_impostor_185,030,006,1956,3,12,0,,False,,False,True,
loftr,finger,MMCBNU_6000_impostor_186,014,058,1,1,1,0,,False,,False,True,
orb,finger,MMCBNU_6000_impostor_186,014,058,0,0,0,0,,False,,False,True,
sift,finger,MMCBNU_6000_impostor_186,014,058,2,0,0,0,,False,,False,True,
superglue,finger,MMCBNU_6000_impostor_186,014,058,81,292,0,0,,False,,False,True,
sgmnet,finger,MMCBNU_6000_impostor_186,014,058,262,1005,10,5,0.5000,True,0.4661,False,False,0.6291
aspanformer,finger,MMCBNU_6000_impostor_186,014,058,0,0,0,0,,False,,False,True,
deepdetect,finger,MMCBNU_6000_impostor_186,014,058,810,8,0,0,,False,,False,True,
loftr,finger,MMCBNU_6000_impostor_187,041,015,2,2,2,0,,False,,False,True,
orb,finger,MMCBNU_6000_impostor_187,041,015,0,0,0,0,,False,,False,True,
sift,finger,MMCBNU_6000_impostor_187,041,015,1,1,0,0,,False,,False,True,
superglue,finger,MMCBNU_6000_impostor_187,041,015,95,119,0,0,,False,,False,True,
sgmnet,finger,MMCBNU_6000_impostor_187,041,015,425,225,14,5,0.3571,False,0.3329,False,True,0.3724
aspanformer,finger,MMCBNU_6000_impostor_187,041,015,1,1,1,0,,False,,False,True,
deepdetect,finger,MMCBNU_6000_impostor_187,041,015,566,3868,0,0,,False,,False,True,
loftr,finger,MMCBNU_6000_impostor_188,009,017,109,109,0,0,,False,,False,True,
orb,finger,MMCBNU_6000_impostor_188,009,017,0,0,0,0,,False,,False,True,
sift,finger,MMCBNU_6000_impostor_188,009,017,1,0,0,0,,False,,False,True,
superglue,finger,MMCBNU_6000_impostor_188,009,017,59,88,0,0,,False,,False,True,
sgmnet,finger,MMCBNU_6000_impostor_188,009,017,328,321,20,5,0.2500,False,0.2330,False,True,0.6062
aspanformer,finger,MMCBNU_6000_impostor_188,009,017,1,1,1,0,,False,,False,True,
deepdetect,finger,MMCBNU_6000_impostor_188,009,017,163,690,0,0,,False,,False,True,
loftr,finger,MMCBNU_6000_impostor_189,095,084,3,3,3,0,,False,,False,True,
orb,finger,MMCBNU_6000_impostor_189,095,084,0,0,0,0,,False,,False,True,
sift,finger,MMCBNU_6000_impostor_189,095,084,2,0,0,0,,False,,False,True,
superglue,finger,MMCBNU_6000_impostor_189,095,084,150,393,0,0,,False,,False,True,
sgmnet,finger,MMCBNU_6000_impostor_189,095,084,346,633,18,6,0.3333,False,0.3154,False,True,0.5210
aspanformer,finger,MMCBNU_6000_impostor_189,095,084,2,2,0,0,,False,,False,True,
deepdetect,finger,MMCBNU_6000_impostor_189,095,084,915,1397,0,0,,False,,False,True,
loftr,finger,MMCBNU_6000_impostor_190,097,050,2,2,2,0,,False,,False,True,
orb,finger,MMCBNU_6000_impostor_190,097,050,0,0,0,0,,False,,False,True,
sift,finger,MMCBNU_6000_impostor_190,097,050,4,1,0,0,,False,,False,True,
superglue,finger,MMCBNU_6000_impostor_190,097,050,138,71,3,0,,False,,False,True,
sgmnet,finger,MMCBNU_6000_impostor_190,097,050,277,345,35,6,0.1714,False,0.1622,False,True,0.7754
aspanformer,finger,MMCBNU_6000_impostor_190,097,050,0,0,0,0,,False,,False,True,
deepdetect,finger,MMCBNU_6000_impostor_190,097,050,1468,127,30,0,,False,,False,True,
loftr,finger,MMCBNU_6000_impostor_191,027,040,185,185,0,0,,False,,False,True,
orb,finger,MMCBNU_6000_impostor_191,027,040,0,0,0,0,,False,,False,True,
sift,finger,MMCBNU_6000_impostor_191,027,040,2,0,0,0,,False,,False,True,
superglue,finger,MMCBNU_6000_impostor_191,027,040,170,274,0,0,,False,,False,True,
sgmnet,finger,MMCBNU_6000_impostor_191,027,040,324,473,17,5,0.2941,False,0.2742,False,True,0.7989
aspanformer,finger,MMCBNU_6000_impostor_191,027,040,0,0,0,0,,False,,False,True,
deepdetect,finger,MMCBNU_6000_impostor_191,027,040,2087,1400,11,0,,False,,False,True,
loftr,finger,MMCBNU_6000_impostor_192,051,092,103,103,0,0,,False,,False,True,
orb,finger,MMCBNU_6000_impostor_192,051,092,0,0,0,0,,False,,False,True,
sift,finger,MMCBNU_6000_impostor_192,051,092,1,2,0,0,,False,,False,True,
superglue,finger,MMCBNU_6000_impostor_192,051,092,212,364,0,0,,False,,False,True,
sgmnet,finger,MMCBNU_6000_impostor_192,051,092,406,612,23,6,0.2609,False,0.2468,False,True,0.4043
aspanformer,finger,MMCBNU_6000_impostor_192,051,092,1,1,0,0,,False,,False,True,
deepdetect,finger,MMCBNU_6000_impostor_192,051,092,585,4102,0,0,,False,,False,True,
loftr,finger,MMCBNU_6000_impostor_193,041,032,137,137,0,0,,False,,False,True,
orb,finger,MMCBNU_6000_impostor_193,041,032,0,0,0,0,,False,,False,True,
sift,finger,MMCBNU_6000_impostor_193,041,032,1,0,0,0,,False,,False,True,
superglue,finger,MMCBNU_6000_impostor_193,041,032,299,141,0,0,,False,,False,True,
sgmnet,finger,MMCBNU_6000_impostor_193,041,032,902,319,3,0,,False,,False,True,
aspanformer,finger,MMCBNU_6000_impostor_193,041,032,0,0,0,0,,False,,False,True,
deepdetect,finger,MMCBNU_6000_impostor_193,041,032,1602,1075,0,0,,False,,False,True,
loftr,finger,MMCBNU_6000_impostor_194,014,044,49,49,0,0,,False,,False,True,
orb,finger,MMCBNU_6000_impostor_194,014,044,0,0,0,0,,False,,False,True,
sift,finger,MMCBNU_6000_impostor_194,014,044,0,1,0,0,,False,,False,True,
superglue,finger,MMCBNU_6000_impostor_194,014,044,86,109,0,0,,False,,False,True,
sgmnet,finger,MMCBNU_6000_impostor_194,014,044,387,306,37,13,0.3514,False,0.3489,False,True,1.4905
aspanformer,finger,MMCBNU_6000_impostor_194,014,044,0,0,0,0,,False,,False,True,
deepdetect,finger,MMCBNU_6000_impostor_194,014,044,1442,813,0,0,,False,,False,True,
loftr,finger,MMCBNU_6000_impostor_195,074,035,142,142,0,0,,False,,False,True,
orb,finger,MMCBNU_6000_impostor_195,074,035,0,0,0,0,,False,,False,True,
sift,finger,MMCBNU_6000_impostor_195,074,035,0,0,0,0,,False,,False,True,
superglue,finger,MMCBNU_6000_impostor_195,074,035,142,277,0,0,,False,,False,True,
sgmnet,finger,MMCBNU_6000_impostor_195,074,035,407,574,8,0,,False,,False,True,
aspanformer,finger,MMCBNU_6000_impostor_195,074,035,1,1,1,0,,False,,False,True,
deepdetect,finger,MMCBNU_6000_impostor_195,074,035,133,1266,0,0,,False,,False,True,
loftr,finger,MMCBNU_6000_impostor_196,051,054,1,1,1,0,,False,,False,True,
orb,finger,MMCBNU_6000_impostor_196,051,054,0,0,0,0,,False,,False,True,
sift,finger,MMCBNU_6000_impostor_196,051,054,1,0,0,0,,False,,False,True,
superglue,finger,MMCBNU_6000_impostor_196,051,054,83,136,1,0,,False,,False,True,
sgmnet,finger,MMCBNU_6000_impostor_196,051,054,281,489,19,7,0.3684,False,0.3530,False,True,0.9838
aspanformer,finger,MMCBNU_6000_impostor_196,051,054,2,2,2,0,,False,,False,True,
deepdetect,finger,MMCBNU_6000_impostor_196,051,054,0,47,0,0,,False,,False,True,
loftr,finger,MMCBNU_6000_impostor_197,055,046,113,113,0,0,,False,,False,True,
orb,finger,MMCBNU_6000_impostor_197,055,046,0,0,0,0,,False,,False,True,
sift,finger,MMCBNU_6000_impostor_197,055,046,0,2,0,0,,False,,False,True,
superglue,finger,MMCBNU_6000_impostor_197,055,046,58,140,0,0,,False,,False,True,
sgmnet,finger,MMCBNU_6000_impostor_197,055,046,329,415,26,7,0.2692,False,0.2580,False,True,1.0262
aspanformer,finger,MMCBNU_6000_impostor_197,055,046,1,1,1,0,,False,,False,True,
deepdetect,finger,MMCBNU_6000_impostor_197,055,046,55,670,0,0,,False,,False,True,
loftr,finger,MMCBNU_6000_impostor_198,039,061,180,180,0,0,,False,,False,True,
orb,finger,MMCBNU_6000_impostor_198,039,061,0,0,0,0,,False,,False,True,
sift,finger,MMCBNU_6000_impostor_198,039,061,1,1,0,0,,False,,False,True,
superglue,finger,MMCBNU_6000_impostor_198,039,061,165,69,1,0,,False,,False,True,
sgmnet,finger,MMCBNU_6000_impostor_198,039,061,377,359,58,9,0.1552,False,0.1515,False,True,0.7090
aspanformer,finger,MMCBNU_6000_impostor_198,039,061,0,0,0,0,,False,,False,True,
loftr,finger,MMCBNU_6000_impostor_199,061,052,122,122,0,0,,False,,False,True,
orb,finger,MMCBNU_6000_impostor_199,061,052,0,0,0,0,,False,,False,True,
sift,finger,MMCBNU_6000_impostor_199,061,052,1,1,0,0,,False,,False,True,
superglue,finger,MMCBNU_6000_impostor_199,061,052,83,95,1,0,,False,,False,True,
sgmnet,finger,MMCBNU_6000_impostor_199,061,052,383,265,33,9,0.2727,False,0.2662,False,True,0.8212
aspanformer,finger,MMCBNU_6000_impostor_199,061,052,1,1,0,0,,False,,False,True,
deepdetect,finger,MMCBNU_6000_impostor_199,061,052,1,23,0,0,,False,,False,True,
loftr,finger,MMCBNU_6000_impostor_200,004,035,1,1,1,0,,False,,False,True,
orb,finger,MMCBNU_6000_impostor_200,004,035,0,0,0,0,,False,,False,True,
sift,finger,MMCBNU_6000_impostor_200,004,035,0,0,0,0,,False,,False,True,
superglue,finger,MMCBNU_6000_impostor_200,004,035,88,113,0,0,,False,,False,True,
sgmnet,finger,MMCBNU_6000_impostor_200,004,035,378,317,19,5,0.2632,False,0.2453,False,True,0.6618
aspanformer,finger,MMCBNU_6000_impostor_200,004,035,3,3,0,0,,False,,False,True,
deepdetect,finger,MMCBNU_6000_impostor_200,004,035,650,2886,0,0,,False,,False,True,
loftr,finger,MMCBNU_6000_impostor_201,019,086,5,5,5,4,0.8000,True,0.7332,False,False,0.0000
orb,finger,MMCBNU_6000_impostor_201,019,086,0,0,0,0,,False,,False,True,
sift,finger,MMCBNU_6000_impostor_201,019,086,3,0,0,0,,False,,False,True,
superglue,finger,MMCBNU_6000_impostor_201,019,086,470,348,0,0,,False,,False,True,
sgmnet,finger,MMCBNU_6000_impostor_201,019,086,569,557,39,6,0.1538,False,0.1456,False,True,0.6017
aspanformer,finger,MMCBNU_6000_impostor_201,019,086,1,1,1,0,,False,,False,True,
deepdetect,finger,MMCBNU_6000_impostor_201,019,086,3219,348,7,0,,False,,False,True,
loftr,finger,MMCBNU_6000_impostor_202,008,015,5,5,5,4,0.8000,True,0.7332,False,False,0.0000
orb,finger,MMCBNU_6000_impostor_202,008,015,0,0,0,0,,False,,False,True,
sift,finger,MMCBNU_6000_impostor_202,008,015,0,0,0,0,,False,,False,True,
superglue,finger,MMCBNU_6000_impostor_202,008,015,133,96,0,0,,False,,False,True,
sgmnet,finger,MMCBNU_6000_impostor_202,008,015,357,399,30,6,0.2000,False,0.1892,False,True,0.5145
aspanformer,finger,MMCBNU_6000_impostor_202,008,015,1,1,1,0,,False,,False,True,
deepdetect,finger,MMCBNU_6000_impostor_202,008,015,101,124,0,0,,False,,False,True,
loftr,finger,MMCBNU_6000_impostor_203,046,083,2,2,2,0,,False,,False,True,
orb,finger,MMCBNU_6000_impostor_203,046,083,0,0,0,0,,False,,False,True,
sift,finger,MMCBNU_6000_impostor_203,046,083,0,0,0,0,,False,,False,True,
superglue,finger,MMCBNU_6000_impostor_203,046,083,266,122,0,0,,False,,False,True,
sgmnet,finger,MMCBNU_6000_impostor_203,046,083,621,300,10,5,0.5000,True,0.4661,False,False,0.0546
aspanformer,finger,MMCBNU_6000_impostor_203,046,083,1,1,1,0,,False,,False,True,
deepdetect,finger,MMCBNU_6000_impostor_203,046,083,7,3448,0,0,,False,,False,True,
loftr,finger,MMCBNU_6000_impostor_204,041,088,2,2,2,0,,False,,False,True,
orb,finger,MMCBNU_6000_impostor_204,041,088,0,0,0,0,,False,,False,True,
sift,finger,MMCBNU_6000_impostor_204,041,088,0,0,0,0,,False,,False,True,
superglue,finger,MMCBNU_6000_impostor_204,041,088,217,154,0,0,,False,,False,True,
sgmnet,finger,MMCBNU_6000_impostor_204,041,088,781,456,25,9,0.3600,False,0.3514,False,True,1.1052
aspanformer,finger,MMCBNU_6000_impostor_204,041,088,1,1,1,0,,False,,False,True,
deepdetect,finger,MMCBNU_6000_impostor_204,041,088,922,1659,0,0,,False,,False,True,
loftr,finger,MMCBNU_6000_impostor_205,032,093,133,133,0,0,,False,,False,True,
orb,finger,MMCBNU_6000_impostor_205,032,093,0,0,0,0,,False,,False,True,
sift,finger,MMCBNU_6000_impostor_205,032,093,1,1,0,0,,False,,False,True,
superglue,finger,MMCBNU_6000_impostor_205,032,093,299,126,0,0,,False,,False,True,
sgmnet,finger,MMCBNU_6000_impostor_205,032,093,579,291,11,5,0.4545,True,0.4237,False,False,0.2142
aspanformer,finger,MMCBNU_6000_impostor_205,032,093,0,0,0,0,,False,,False,True,
deepdetect,finger,MMCBNU_6000_impostor_205,032,093,1317,1730,4,0,,False,,False,True,
loftr,finger,MMCBNU_6000_impostor_206,064,096,68,68,0,0,,False,,False,True,
orb,finger,MMCBNU_6000_impostor_206,064,096,0,0,0,0,,False,,False,True,
sift,finger,MMCBNU_6000_impostor_206,064,096,0,2,0,0,,False,,False,True,
superglue,finger,MMCBNU_6000_impostor_206,064,096,503,123,0,0,,False,,False,True,
sgmnet,finger,MMCBNU_6000_impostor_206,064,096,0,0,0,0,,False,,False,True,
aspanformer,finger,MMCBNU_6000_impostor_206,064,096,0,0,0,0,,False,,False,True,
deepdetect,finger,MMCBNU_6000_impostor_206,064,096,1454,303,0,0,,False,,False,True,
loftr,finger,MMCBNU_6000_impostor_207,018,033,36,36,0,0,,False,,False,True,
orb,finger,MMCBNU_6000_impostor_207,018,033,0,0,0,0,,False,,False,True,
sift,finger,MMCBNU_6000_impostor_207,018,033,2,0,0,0,,False,,False,True,
superglue,finger,MMCBNU_6000_impostor_207,018,033,111,141,1,0,,False,,False,True,
sgmnet,finger,MMCBNU_6000_impostor_207,018,033,223,677,26,7,0.2692,False,0.2580,False,True,0.5389
aspanformer,finger,MMCBNU_6000_impostor_207,018,033,1,1,1,0,,False,,False,True,
deepdetect,finger,MMCBNU_6000_impostor_207,018,033,2335,0,0,0,,False,,False,True,
loftr,finger,MMCBNU_6000_impostor_208,071,019,3,3,3,0,,False,,False,True,
orb,finger,MMCBNU_6000_impostor_208,071,019,0,0,0,0,,False,,False,True,
sift,finger,MMCBNU_6000_impostor_208,071,019,0,3,0,0,,False,,False,True,
superglue,finger,MMCBNU_6000_impostor_208,071,019,420,210,0,0,,False,,False,True,
sgmnet,finger,MMCBNU_6000_impostor_208,071,019,0,0,0,0,,False,,False,True,
aspanformer,finger,MMCBNU_6000_impostor_208,071,019,0,0,0,0,,False,,False,True,
deepdetect,finger,MMCBNU_6000_impostor_208,071,019,1281,6450,3,0,,False,,False,True,
loftr,finger,MMCBNU_6000_impostor_209,025,072,1,1,1,0,,False,,False,True,
orb,finger,MMCBNU_6000_impostor_209,025,072,0,0,0,0,,False,,False,True,
sift,finger,MMCBNU_6000_impostor_209,025,072,1,0,0,0,,False,,False,True,
superglue,finger,MMCBNU_6000_impostor_209,025,072,175,476,0,0,,False,,False,True,
sgmnet,finger,MMCBNU_6000_impostor_209,025,072,341,1215,6,0,,False,,False,True,
aspanformer,finger,MMCBNU_6000_impostor_209,025,072,1,1,0,0,,False,,False,True,
deepdetect,finger,MMCBNU_6000_impostor_209,025,072,928,441,0,0,,False,,False,True,
loftr,finger,MMCBNU_6000_impostor_210,028,099,9,9,9,6,0.6667,True,0.6308,False,False,1.0583
orb,finger,MMCBNU_6000_impostor_210,028,099,0,0,0,0,,False,,False,True,
sift,finger,MMCBNU_6000_impostor_210,028,099,0,2,0,0,,False,,False,True,
superglue,finger,MMCBNU_6000_impostor_210,028,099,356,175,0,0,,False,,False,True,
sgmnet,finger,MMCBNU_6000_impostor_210,028,099,714,538,34,10,0.2941,False,0.2889,False,True,1.0617
aspanformer,finger,MMCBNU_6000_impostor_210,028,099,0,0,0,0,,False,,False,True,
deepdetect,finger,MMCBNU_6000_impostor_210,028,099,535,55,0,0,,False,,False,True,
loftr,finger,MMCBNU_6000_impostor_211,067,026,146,146,0,0,,False,,False,True,
orb,finger,MMCBNU_6000_impostor_211,067,026,0,0,0,0,,False,,False,True,
sift,finger,MMCBNU_6000_impostor_211,067,026,0,0,0,0,,False,,False,True,
superglue,finger,MMCBNU_6000_impostor_211,067,026,111,186,0,0,,False,,False,True,
sgmnet,finger,MMCBNU_6000_impostor_211,067,026,401,525,27,0,,False,,False,True,
aspanformer,finger,MMCBNU_6000_impostor_211,067,026,0,0,0,0,,False,,False,True,
deepdetect,finger,MMCBNU_6000_impostor_211,067,026,63,508,0,0,,False,,False,True,
loftr,finger,MMCBNU_6000_impostor_212,094,041,78,78,0,0,,False,,False,True,
orb,finger,MMCBNU_6000_impostor_212,094,041,0,0,0,0,,False,,False,True,
sift,finger,MMCBNU_6000_impostor_212,094,041,1,0,0,0,,False,,False,True,
superglue,finger,MMCBNU_6000_impostor_212,094,041,90,184,0,0,,False,,False,True,
sgmnet,finger,MMCBNU_6000_impostor_212,094,041,335,579,25,6,0.2400,False,0.2271,False,True,0.8237
aspanformer,finger,MMCBNU_6000_impostor_212,094,041,1,1,1,0,,False,,False,True,
deepdetect,finger,MMCBNU_6000_impostor_212,094,041,3,47,0,0,,False,,False,True,
loftr,finger,MMCBNU_6000_impostor_213,099,037,1,1,1,0,,False,,False,True,
orb,finger,MMCBNU_6000_impostor_213,099,037,0,0,0,0,,False,,False,True,
sift,finger,MMCBNU_6000_impostor_213,099,037,0,0,0,0,,False,,False,True,
superglue,finger,MMCBNU_6000_impostor_213,099,037,86,244,1,0,,False,,False,True,
sgmnet,finger,MMCBNU_6000_impostor_213,099,037,373,663,23,6,0.2609,False,0.2468,False,True,0.3634
aspanformer,finger,MMCBNU_6000_impostor_213,099,037,1,1,1,0,,False,,False,True,
deepdetect,finger,MMCBNU_6000_impostor_213,099,037,457,26,157,0,,False,,False,True,
loftr,finger,MMCBNU_6000_impostor_214,074,095,35,35,0,0,,False,,False,True,
orb,finger,MMCBNU_6000_impostor_214,074,095,0,0,0,0,,False,,False,True,
sift,finger,MMCBNU_6000_impostor_214,074,095,2,1,0,0,,False,,False,True,
superglue,finger,MMCBNU_6000_impostor_214,074,095,184,155,0,0,,False,,False,True,
sgmnet,finger,MMCBNU_6000_impostor_214,074,095,472,329,18,0,,False,,False,True,
aspanformer,finger,MMCBNU_6000_impostor_214,074,095,1,1,1,0,,False,,False,True,
deepdetect,finger,MMCBNU_6000_impostor_214,074,095,998,2841,0,0,,False,,False,True,
loftr,finger,MMCBNU_6000_impostor_215,026,013,212,212,0,0,,False,,False,True,
orb,finger,MMCBNU_6000_impostor_215,026,013,0,0,0,0,,False,,False,True,
sift,finger,MMCBNU_6000_impostor_215,026,013,2,1,0,0,,False,,False,True,
superglue,finger,MMCBNU_6000_impostor_215,026,013,209,59,4,0,,False,,False,True,
sgmnet,finger,MMCBNU_6000_impostor_215,026,013,430,303,17,6,0.3529,False,0.3340,False,True,0.6461
aspanformer,finger,MMCBNU_6000_impostor_215,026,013,0,0,0,0,,False,,False,True,
deepdetect,finger,MMCBNU_6000_impostor_215,026,013,2464,86,226,0,,False,,False,True,
loftr,finger,MMCBNU_6000_impostor_216,067,098,20,20,0,0,,False,,False,True,
orb,finger,MMCBNU_6000_impostor_216,067,098,0,0,0,0,,False,,False,True,
sift,finger,MMCBNU_6000_impostor_216,067,098,0,0,0,0,,False,,False,True,
superglue,finger,MMCBNU_6000_impostor_216,067,098,401,259,0,0,,False,,False,True,
sgmnet,finger,MMCBNU_6000_impostor_216,067,098,1027,404,12,5,0.4167,False,0.3884,False,True,0.0185
aspanformer,finger,MMCBNU_6000_impostor_216,067,098,0,0,0,0,,False,,False,True,
deepdetect,finger,MMCBNU_6000_impostor_216,067,098,403,2654,0,0,,False,,False,True,
loftr,finger,MMCBNU_6000_impostor_217,014,092,1,1,1,0,,False,,False,True,
orb,finger,MMCBNU_6000_impostor_217,014,092,0,0,0,0,,False,,False,True,
sift,finger,MMCBNU_6000_impostor_217,014,092,0,0,0,0,,False,,False,True,
superglue,finger,MMCBNU_6000_impostor_217,014,092,127,299,0,0,,False,,False,True,
sgmnet,finger,MMCBNU_6000_impostor_217,014,092,548,546,32,0,,False,,False,True,
aspanformer,finger,MMCBNU_6000_impostor_217,014,092,0,0,0,0,,False,,False,True,
deepdetect,finger,MMCBNU_6000_impostor_217,014,092,103,3012,5,0,,False,,False,True,
loftr,finger,MMCBNU_6000_impostor_218,072,022,177,177,0,0,,False,,False,True,
orb,finger,MMCBNU_6000_impostor_218,072,022,0,0,0,0,,False,,False,True,
sift,finger,MMCBNU_6000_impostor_218,072,022,1,3,0,0,,False,,False,True,
superglue,finger,MMCBNU_6000_impostor_218,072,022,292,346,0,0,,False,,False,True,
sgmnet,finger,MMCBNU_6000_impostor_218,072,022,728,743,30,7,0.2333,False,0.2236,False,True,0.9948
aspanformer,finger,MMCBNU_6000_impostor_218,072,022,0,0,0,0,,False,,False,True,
deepdetect,finger,MMCBNU_6000_impostor_218,072,022,403,780,0,0,,False,,False,True,
loftr,finger,MMCBNU_6000_impostor_219,037,083,95,95,0,0,,False,,False,True,
orb,finger,MMCBNU_6000_impostor_219,037,083,0,0,0,0,,False,,False,True,
sift,finger,MMCBNU_6000_impostor_219,037,083,0,5,0,0,,False,,False,True,
superglue,finger,MMCBNU_6000_impostor_219,037,083,196,325,0,0,,False,,False,True,
sgmnet,finger,MMCBNU_6000_impostor_219,037,083,606,454,21,7,0.3333,False,0.3194,False,True,0.9489
aspanformer,finger,MMCBNU_6000_impostor_219,037,083,1,1,1,0,,False,,False,True,
deepdetect,finger,MMCBNU_6000_impostor_219,037,083,313,6108,0,0,,False,,False,True,
loftr,finger,MMCBNU_6000_impostor_220,009,044,83,83,0,0,,False,,False,True,
orb,finger,MMCBNU_6000_impostor_220,009,044,0,0,0,0,,False,,False,True,
sift,finger,MMCBNU_6000_impostor_220,009,044,2,0,0,0,,False,,False,True,
superglue,finger,MMCBNU_6000_impostor_220,009,044,53,94,5,4,0.8000,True,0.7332,False,False,0.0000
sgmnet,finger,MMCBNU_6000_impostor_220,009,044,342,333,22,7,0.3182,False,0.3049,False,True,0.8535
aspanformer,finger,MMCBNU_6000_impostor_220,009,044,1,1,1,0,,False,,False,True,
deepdetect,finger,MMCBNU_6000_impostor_220,009,044,1,2255,0,0,,False,,False,True,
loftr,finger,MMCBNU_6000_impostor_221,042,065,207,207,0,0,,False,,False,True,
orb,finger,MMCBNU_6000_impostor_221,042,065,0,0,0,0,,False,,False,True,
sift,finger,MMCBNU_6000_impostor_221,042,065,0,1,0,0,,False,,False,True,
superglue,finger,MMCBNU_6000_impostor_221,042,065,253,313,0,0,,False,,False,True,
sgmnet,finger,MMCBNU_6000_impostor_221,042,065,487,482,47,8,0.1702,False,0.1648,False,True,1.2979
aspanformer,finger,MMCBNU_6000_impostor_221,042,065,0,0,0,0,,False,,False,True,
deepdetect,finger,MMCBNU_6000_impostor_221,042,065,875,2283,145,0,,False,,False,True,
loftr,finger,MMCBNU_6000_impostor_222,067,087,41,41,0,0,,False,,False,True,
orb,finger,MMCBNU_6000_impostor_222,067,087,0,0,0,0,,False,,False,True,
sift,finger,MMCBNU_6000_impostor_222,067,087,0,2,0,0,,False,,False,True,
superglue,finger,MMCBNU_6000_impostor_222,067,087,191,468,0,0,,False,,False,True,
sgmnet,finger,MMCBNU_6000_impostor_222,067,087,618,809,20,5,0.2500,False,0.2330,False,True,0.4992
aspanformer,finger,MMCBNU_6000_impostor_222,067,087,0,0,0,0,,False,,False,True,
deepdetect,finger,MMCBNU_6000_impostor_222,067,087,172,3641,0,0,,False,,False,True,
loftr,finger,MMCBNU_6000_impostor_223,015,037,1,1,1,0,,False,,False,True,
orb,finger,MMCBNU_6000_impostor_223,015,037,0,0,0,0,,False,,False,True,
sift,finger,MMCBNU_6000_impostor_223,015,037,1,0,0,0,,False,,False,True,
superglue,finger,MMCBNU_6000_impostor_223,015,037,340,240,0,0,,False,,False,True,
sgmnet,finger,MMCBNU_6000_impostor_223,015,037,461,887,16,6,0.3750,False,0.3548,False,True,0.6661
aspanformer,finger,MMCBNU_6000_impostor_223,015,037,1,1,0,0,,False,,False,True,
deepdetect,finger,MMCBNU_6000_impostor_223,015,037,3170,39,0,0,,False,,False,True,
loftr,finger,MMCBNU_6000_impostor_224,063,022,113,113,0,0,,False,,False,True,
orb,finger,MMCBNU_6000_impostor_224,063,022,0,0,0,0,,False,,False,True,
sift,finger,MMCBNU_6000_impostor_224,063,022,0,0,0,0,,False,,False,True,
superglue,finger,MMCBNU_6000_impostor_224,063,022,103,94,2,0,,False,,False,True,
sgmnet,finger,MMCBNU_6000_impostor_224,063,022,460,509,32,8,0.2500,False,0.2421,False,True,0.7941
aspanformer,finger,MMCBNU_6000_impostor_224,063,022,1,1,1,0,,False,,False,True,
deepdetect,finger,MMCBNU_6000_impostor_224,063,022,4,92,0,0,,False,,False,True,
loftr,finger,MMCBNU_6000_impostor_225,069,001,132,132,0,0,,False,,False,True,
orb,finger,MMCBNU_6000_impostor_225,069,001,0,0,0,0,,False,,False,True,
sift,finger,MMCBNU_6000_impostor_225,069,001,1,1,0,0,,False,,False,True,
superglue,finger,MMCBNU_6000_impostor_225,069,001,84,102,0,0,,False,,False,True,
sgmnet,finger,MMCBNU_6000_impostor_225,069,001,235,481,14,6,0.4286,True,0.4055,False,False,0.3716
aspanformer,finger,MMCBNU_6000_impostor_225,069,001,1,1,1,0,,False,,False,True,
deepdetect,finger,MMCBNU_6000_impostor_225,069,001,1382,112,0,0,,False,,False,True,
loftr,finger,MMCBNU_6000_impostor_226,064,022,115,115,0,0,,False,,False,True,
orb,finger,MMCBNU_6000_impostor_226,064,022,0,0,0,0,,False,,False,True,
sift,finger,MMCBNU_6000_impostor_226,064,022,4,1,0,0,,False,,False,True,
superglue,finger,MMCBNU_6000_impostor_226,064,022,268,371,0,0,,False,,False,True,
sgmnet,finger,MMCBNU_6000_impostor_226,064,022,526,892,36,7,0.1944,False,0.1863,False,True,0.9407
aspanformer,finger,MMCBNU_6000_impostor_226,064,022,0,0,0,0,,False,,False,True,
deepdetect,finger,MMCBNU_6000_impostor_226,064,022,801,891,0,0,,False,,False,True,
loftr,finger,MMCBNU_6000_impostor_227,077,019,43,43,0,0,,False,,False,True,
orb,finger,MMCBNU_6000_impostor_227,077,019,0,0,0,0,,False,,False,True,
sift,finger,MMCBNU_6000_impostor_227,077,019,4,3,0,0,,False,,False,True,
superglue,finger,MMCBNU_6000_impostor_227,077,019,468,226,0,0,,False,,False,True,
sgmnet,finger,MMCBNU_6000_impostor_227,077,019,630,283,4,4,1.0000,True,0.9165,False,False,0.0000
aspanformer,finger,MMCBNU_6000_impostor_227,077,019,0,0,0,0,,False,,False,True,
deepdetect,finger,MMCBNU_6000_impostor_227,077,019,3396,4917,4,0,,False,,False,True,
loftr,finger,MMCBNU_6000_impostor_228,034,057,1,1,1,0,,False,,False,True,
orb,finger,MMCBNU_6000_impostor_228,034,057,0,0,0,0,,False,,False,True,
sift,finger,MMCBNU_6000_impostor_228,034,057,0,0,0,0,,False,,False,True,
superglue,finger,MMCBNU_6000_impostor_228,034,057,153,38,1,0,,False,,False,True,
sgmnet,finger,MMCBNU_6000_impostor_228,034,057,642,297,4,4,1.0000,True,0.9165,False,False,0.0000
aspanformer,finger,MMCBNU_6000_impostor_228,034,057,1,1,1,0,,False,,False,True,
deepdetect,finger,MMCBNU_6000_impostor_228,034,057,40,283,0,0,,False,,False,True,
loftr,finger,MMCBNU_6000_impostor_229,033,094,50,50,0,0,,False,,False,True,
orb,finger,MMCBNU_6000_impostor_229,033,094,0,0,0,0,,False,,False,True,
sift,finger,MMCBNU_6000_impostor_229,033,094,0,1,0,0,,False,,False,True,
superglue,finger,MMCBNU_6000_impostor_229,033,094,122,89,0,0,,False,,False,True,
sgmnet,finger,MMCBNU_6000_impostor_229,033,094,552,356,18,7,0.3889,False,0.3727,False,True,1.0224
aspanformer,finger,MMCBNU_6000_impostor_229,033,094,1,1,0,0,,False,,False,True,
deepdetect,finger,MMCBNU_6000_impostor_229,033,094,0,3,0,0,,False,,False,True,
loftr,finger,MMCBNU_6000_impostor_230,010,076,1,1,1,0,,False,,False,True,
orb,finger,MMCBNU_6000_impostor_230,010,076,0,0,0,0,,False,,False,True,
sift,finger,MMCBNU_6000_impostor_230,010,076,0,0,0,0,,False,,False,True,
superglue,finger,MMCBNU_6000_impostor_230,010,076,66,126,2,0,,False,,False,True,
sgmnet,finger,MMCBNU_6000_impostor_230,010,076,300,486,20,7,0.3500,False,0.3354,False,True,0.4660
aspanformer,finger,MMCBNU_6000_impostor_230,010,076,1,1,1,0,,False,,False,True,
deepdetect,finger,MMCBNU_6000_impostor_230,010,076,1647,111,457,0,,False,,False,True,
loftr,finger,MMCBNU_6000_impostor_231,026,059,11,11,11,6,0.5455,True,0.5161,False,False,0.6926
orb,finger,MMCBNU_6000_impostor_231,026,059,0,0,0,0,,False,,False,True,
sift,finger,MMCBNU_6000_impostor_231,026,059,0,0,0,0,,False,,False,True,
superglue,finger,MMCBNU_6000_impostor_231,026,059,466,132,0,0,,False,,False,True,
sgmnet,finger,MMCBNU_6000_impostor_231,026,059,701,507,7,0,,False,,False,True,
aspanformer,finger,MMCBNU_6000_impostor_231,026,059,0,0,0,0,,False,,False,True,
deepdetect,finger,MMCBNU_6000_impostor_231,026,059,741,770,4,0,,False,,False,True,
loftr,finger,MMCBNU_6000_impostor_232,006,008,192,192,0,0,,False,,False,True,
orb,finger,MMCBNU_6000_impostor_232,006,008,0,0,0,0,,False,,False,True,
sift,finger,MMCBNU_6000_impostor_232,006,008,2,0,0,0,,False,,False,True,
superglue,finger,MMCBNU_6000_impostor_232,006,008,87,294,0,0,,False,,False,True,
sgmnet,finger,MMCBNU_6000_impostor_232,006,008,340,573,38,7,0.1842,False,0.1765,False,True,0.4900
aspanformer,finger,MMCBNU_6000_impostor_232,006,008,0,0,0,0,,False,,False,True,
deepdetect,finger,MMCBNU_6000_impostor_232,006,008,1058,1235,0,0,,False,,False,True,
loftr,finger,MMCBNU_6000_impostor_233,086,036,129,129,0,0,,False,,False,True,
orb,finger,MMCBNU_6000_impostor_233,086,036,0,0,0,0,,False,,False,True,
sift,finger,MMCBNU_6000_impostor_233,086,036,0,2,0,0,,False,,False,True,
superglue,finger,MMCBNU_6000_impostor_233,086,036,142,129,2,0,,False,,False,True,
sgmnet,finger,MMCBNU_6000_impostor_233,086,036,333,301,18,7,0.3889,False,0.3727,False,True,1.0172
aspanformer,finger,MMCBNU_6000_impostor_233,086,036,1,1,1,0,,False,,False,True,
deepdetect,finger,MMCBNU_6000_impostor_233,086,036,330,173,0,0,,False,,False,True,
loftr,finger,MMCBNU_6000_impostor_234,016,048,2,2,2,0,,False,,False,True,
orb,finger,MMCBNU_6000_impostor_234,016,048,0,0,0,0,,False,,False,True,
sift,finger,MMCBNU_6000_impostor_234,016,048,0,0,0,0,,False,,False,True,
superglue,finger,MMCBNU_6000_impostor_234,016,048,155,113,1,0,,False,,False,True,
sgmnet,finger,MMCBNU_6000_impostor_234,016,048,477,427,20,6,0.3000,False,0.2839,False,True,0.2270
aspanformer,finger,MMCBNU_6000_impostor_234,016,048,1,1,1,0,,False,,False,True,
deepdetect,finger,MMCBNU_6000_impostor_234,016,048,103,87,0,0,,False,,False,True,
loftr,finger,MMCBNU_6000_impostor_235,059,077,142,142,0,0,,False,,False,True,
orb,finger,MMCBNU_6000_impostor_235,059,077,0,0,0,0,,False,,False,True,
sift,finger,MMCBNU_6000_impostor_235,059,077,0,4,0,0,,False,,False,True,
superglue,finger,MMCBNU_6000_impostor_235,059,077,131,456,0,0,,False,,False,True,
sgmnet,finger,MMCBNU_6000_impostor_235,059,077,456,556,25,6,0.2400,False,0.2271,False,True,0.8351
aspanformer,finger,MMCBNU_6000_impostor_235,059,077,1,1,1,0,,False,,False,True,
deepdetect,finger,MMCBNU_6000_impostor_235,059,077,132,4568,0,0,,False,,False,True,
loftr,finger,MMCBNU_6000_impostor_236,016,006,6,6,6,5,0.8333,True,0.7768,False,False,0.6762
orb,finger,MMCBNU_6000_impostor_236,016,006,0,0,0,0,,False,,False,True,
sift,finger,MMCBNU_6000_impostor_236,016,006,0,3,0,0,,False,,False,True,
superglue,finger,MMCBNU_6000_impostor_236,016,006,231,79,0,0,,False,,False,True,
sgmnet,finger,MMCBNU_6000_impostor_236,016,006,647,296,12,6,0.5000,True,0.4731,False,False,0.5307
aspanformer,finger,MMCBNU_6000_impostor_236,016,006,1,1,1,0,,False,,False,True,
deepdetect,finger,MMCBNU_6000_impostor_236,016,006,8,3,0,0,,False,,False,True,
loftr,finger,MMCBNU_6000_impostor_237,017,094,244,244,0,0,,False,,False,True,
orb,finger,MMCBNU_6000_impostor_237,017,094,0,0,0,0,,False,,False,True,
sift,finger,MMCBNU_6000_impostor_237,017,094,1,0,0,0,,False,,False,True,
superglue,finger,MMCBNU_6000_impostor_237,017,094,201,225,0,0,,False,,False,True,
sgmnet,finger,MMCBNU_6000_impostor_237,017,094,420,770,23,8,0.3478,False,0.3368,False,True,1.2111
aspanformer,finger,MMCBNU_6000_impostor_237,017,094,0,0,0,0,,False,,False,True,
deepdetect,finger,MMCBNU_6000_impostor_237,017,094,3356,19,0,0,,False,,False,True,
loftr,finger,MMCBNU_6000_impostor_238,016,033,9,9,9,5,0.5556,True,0.5179,False,False,0.1313
orb,finger,MMCBNU_6000_impostor_238,016,033,0,0,0,0,,False,,False,True,
sift,finger,MMCBNU_6000_impostor_238,016,033,0,0,0,0,,False,,False,True,
superglue,finger,MMCBNU_6000_impostor_238,016,033,92,111,5,4,0.8000,True,0.7332,False,False,0.0000
sgmnet,finger,MMCBNU_6000_impostor_238,016,033,320,512,28,7,0.2500,False,0.2396,False,True,1.1443
aspanformer,finger,MMCBNU_6000_impostor_238,016,033,1,1,1,0,,False,,False,True,
deepdetect,finger,MMCBNU_6000_impostor_238,016,033,452,2,0,0,,False,,False,True,
loftr,finger,MMCBNU_6000_impostor_239,047,098,114,114,0,0,,False,,False,True,
orb,finger,MMCBNU_6000_impostor_239,047,098,0,0,0,0,,False,,False,True,
sift,finger,MMCBNU_6000_impostor_239,047,098,0,2,0,0,,False,,False,True,
superglue,finger,MMCBNU_6000_impostor_239,047,098,81,144,1,0,,False,,False,True,
sgmnet,finger,MMCBNU_6000_impostor_239,047,098,298,259,26,6,0.2308,False,0.2184,False,True,0.5783
aspanformer,finger,MMCBNU_6000_impostor_239,047,098,0,0,0,0,,False,,False,True,
deepdetect,finger,MMCBNU_6000_impostor_239,047,098,56,795,0,0,,False,,False,True,
loftr,finger,MMCBNU_6000_impostor_240,011,040,79,79,0,0,,False,,False,True,
orb,finger,MMCBNU_6000_impostor_240,011,040,0,0,0,0,,False,,False,True,
sift,finger,MMCBNU_6000_impostor_240,011,040,1,1,0,0,,False,,False,True,
superglue,finger,MMCBNU_6000_impostor_240,011,040,180,381,0,0,,False,,False,True,
sgmnet,finger,MMCBNU_6000_impostor_240,011,040,712,468,9,4,0.4444,True,0.4073,False,False,0.0000
aspanformer,finger,MMCBNU_6000_impostor_240,011,040,0,0,0,0,,False,,False,True,
deepdetect,finger,MMCBNU_6000_impostor_240,011,040,2,5144,0,0,,False,,False,True,
loftr,finger,MMCBNU_6000_impostor_241,012,050,1,1,1,0,,False,,False,True,
orb,finger,MMCBNU_6000_impostor_241,012,050,0,0,0,0,,False,,False,True,
sift,finger,MMCBNU_6000_impostor_241,012,050,0,0,0,0,,False,,False,True,
superglue,finger,MMCBNU_6000_impostor_241,012,050,169,112,0,0,,False,,False,True,
sgmnet,finger,MMCBNU_6000_impostor_241,012,050,770,394,20,7,0.3500,False,0.3354,False,True,0.5771
aspanformer,finger,MMCBNU_6000_impostor_241,012,050,1,1,0,0,,False,,False,True,
deepdetect,finger,MMCBNU_6000_impostor_241,012,050,110,40,0,0,,False,,False,True,
loftr,finger,MMCBNU_6000_impostor_242,044,041,1,1,1,0,,False,,False,True,
orb,finger,MMCBNU_6000_impostor_242,044,041,0,0,0,0,,False,,False,True,
sift,finger,MMCBNU_6000_impostor_242,044,041,0,0,0,0,,False,,False,True,
superglue,finger,MMCBNU_6000_impostor_242,044,041,89,138,0,0,,False,,False,True,
sgmnet,finger,MMCBNU_6000_impostor_242,044,041,398,536,29,9,0.3103,False,0.3029,False,True,1.1300
aspanformer,finger,MMCBNU_6000_impostor_242,044,041,0,0,0,0,,False,,False,True,
deepdetect,finger,MMCBNU_6000_impostor_242,044,041,1280,895,24,0,,False,,False,True,
loftr,finger,MMCBNU_6000_impostor_243,097,057,1,1,1,0,,False,,False,True,
orb,finger,MMCBNU_6000_impostor_243,097,057,0,0,0,0,,False,,False,True,
sift,finger,MMCBNU_6000_impostor_243,097,057,0,0,0,0,,False,,False,True,
superglue,finger,MMCBNU_6000_impostor_243,097,057,223,51,0,0,,False,,False,True,
sgmnet,finger,MMCBNU_6000_impostor_243,097,057,522,314,8,4,0.5000,True,0.4583,False,False,0.0000
aspanformer,finger,MMCBNU_6000_impostor_243,097,057,0,0,0,0,,False,,False,True,
deepdetect,finger,MMCBNU_6000_impostor_243,097,057,143,537,0,0,,False,,False,True,
loftr,finger,MMCBNU_6000_impostor_244,097,016,5,5,5,4,0.8000,True,0.7332,False,False,0.0000
orb,finger,MMCBNU_6000_impostor_244,097,016,0,0,0,0,,False,,False,True,
sift,finger,MMCBNU_6000_impostor_244,097,016,1,0,0,0,,False,,False,True,
superglue,finger,MMCBNU_6000_impostor_244,097,016,110,72,4,4,1.0000,True,0.9165,False,False,0.0000
sgmnet,finger,MMCBNU_6000_impostor_244,097,016,350,314,41,5,0.1220,False,0.1137,False,True,0.1878
aspanformer,finger,MMCBNU_6000_impostor_244,097,016,2,2,2,0,,False,,False,True,
deepdetect,finger,MMCBNU_6000_impostor_244,097,016,54,582,0,0,,False,,False,True,
loftr,finger,MMCBNU_6000_impostor_245,068,020,2,2,2,0,,False,,False,True,
orb,finger,MMCBNU_6000_impostor_245,068,020,0,0,0,0,,False,,False,True,
sift,finger,MMCBNU_6000_impostor_245,068,020,0,1,0,0,,False,,False,True,
superglue,finger,MMCBNU_6000_impostor_245,068,020,161,390,0,0,,False,,False,True,
sgmnet,finger,MMCBNU_6000_impostor_245,068,020,530,716,18,6,0.3333,False,0.3154,False,True,0.5150
aspanformer,finger,MMCBNU_6000_impostor_245,068,020,1,1,0,0,,False,,False,True,
deepdetect,finger,MMCBNU_6000_impostor_245,068,020,28,897,1,0,,False,,False,True,
loftr,finger,MMCBNU_6000_impostor_246,029,034,78,78,0,0,,False,,False,True,
orb,finger,MMCBNU_6000_impostor_246,029,034,0,0,0,0,,False,,False,True,
sift,finger,MMCBNU_6000_impostor_246,029,034,2,1,0,0,,False,,False,True,
superglue,finger,MMCBNU_6000_impostor_246,029,034,129,80,1,0,,False,,False,True,
sgmnet,finger,MMCBNU_6000_impostor_246,029,034,213,356,15,5,0.3333,False,0.3107,False,True,0.3264
aspanformer,finger,MMCBNU_6000_impostor_246,029,034,1,1,0,0,,False,,False,True,
deepdetect,finger,MMCBNU_6000_impostor_246,029,034,7231,166,40,0,,False,,False,True,
loftr,finger,MMCBNU_6000_impostor_247,085,057,76,76,0,0,,False,,False,True,
orb,finger,MMCBNU_6000_impostor_247,085,057,0,0,0,0,,False,,False,True,
sift,finger,MMCBNU_6000_impostor_247,085,057,1,0,0,0,,False,,False,True,
superglue,finger,MMCBNU_6000_impostor_247,085,057,79,143,2,0,,False,,False,True,
sgmnet,finger,MMCBNU_6000_impostor_247,085,057,325,814,25,7,0.2800,False,0.2683,False,True,0.9639
aspanformer,finger,MMCBNU_6000_impostor_247,085,057,0,0,0,0,,False,,False,True,
deepdetect,finger,MMCBNU_6000_impostor_247,085,057,651,121,0,0,,False,,False,True,
loftr,finger,MMCBNU_6000_impostor_248,012,092,119,119,0,0,,False,,False,True,
orb,finger,MMCBNU_6000_impostor_248,012,092,0,0,0,0,,False,,False,True,
sift,finger,MMCBNU_6000_impostor_248,012,092,0,0,0,0,,False,,False,True,
superglue,finger,MMCBNU_6000_impostor_248,012,092,112,200,0,0,,False,,False,True,
sgmnet,finger,MMCBNU_6000_impostor_248,012,092,453,433,55,8,0.1455,False,0.1408,False,True,1.0364
aspanformer,finger,MMCBNU_6000_impostor_248,012,092,1,1,1,0,,False,,False,True,
deepdetect,finger,MMCBNU_6000_impostor_248,012,092,358,426,159,0,,False,,False,True,
loftr,finger,MMCBNU_6000_impostor_249,006,094,105,105,0,0,,False,,False,True,
orb,finger,MMCBNU_6000_impostor_249,006,094,0,0,0,0,,False,,False,True,
sift,finger,MMCBNU_6000_impostor_249,006,094,1,1,0,0,,False,,False,True,
superglue,finger,MMCBNU_6000_impostor_249,006,094,139,90,2,0,,False,,False,True,
sgmnet,finger,MMCBNU_6000_impostor_249,006,094,566,428,16,6,0.3750,False,0.3548,False,True,0.3531
aspanformer,finger,MMCBNU_6000_impostor_249,006,094,1,1,0,0,,False,,False,True,
deepdetect,finger,MMCBNU_6000_impostor_249,006,094,731,14,0,0,,False,,False,True,
