matcher,modality,pair_id,identity1,identity2,num_keypoints_image1,num_keypoints_image2,num_matches,num_inliers,inlier_ratio,is_same_person_pred,confidence,ground_truth,is_correct,reprojection_error
loftr,face,Multi-PIE_genuine_0,216,216,27,27,27,10,0.3704,False,0.3583,True,False,1.8056
orb-fingervein,face,Multi-PIE_genuine_0,216,216,2438,2539,25,0,,False,,True,False,
sift-fingervein,face,Multi-PIE_genuine_0,216,216,320,392,5,0,,False,,True,False,
superglue-fingervein,face,Multi-PIE_genuine_0,216,216,424,534,65,11,0.1692,True,0.1600,True,True,2.3624
sgmnet-fingervein,face,Multi-PIE_genuine_0,216,216,2000,2000,43,6,0.1395,False,0.1320,True,False,0.3630
aspanformer,face,Multi-PIE_genuine_0,216,216,9,9,9,5,0.5556,True,0.5179,True,True,0.3208
deepdetect,face,Multi-PIE_genuine_0,216,216,8319,9924,8,7,0.8750,True,0.8750,True,True,0.4131
loftr,face,Multi-PIE_genuine_1,038,038,70,70,70,9,0.1286,False,0.1221,True,False,2.0532
orb-fingervein,face,Multi-PIE_genuine_1,038,038,4318,3581,32,7,0.2188,False,0.2096,True,False,0.8371
sift-fingervein,face,Multi-PIE_genuine_1,038,038,796,635,22,5,0.2273,False,0.2119,True,False,0.6786
superglue-fingervein,face,Multi-PIE_genuine_1,038,038,897,804,4,0,,False,,True,False,
sgmnet-fingervein,face,Multi-PIE_genuine_1,038,038,1972,2000,54,6,0.1111,False,0.1051,True,False,0.8584
aspanformer,face,Multi-PIE_genuine_1,038,038,4,4,4,0,,False,,True,False,
deepdetect,face,Multi-PIE_genuine_1,038,038,12856,9906,12,8,0.6667,True,0.6667,True,True,0.9404
loftr,face,Multi-PIE_genuine_2,009,009,651,651,651,201,0.3088,False,0.2908,True,False,2.7005
orb-fingervein,face,Multi-PIE_genuine_2,009,009,3847,3031,55,17,0.3091,False,0.3021,True,False,1.9225
sift-fingervein,face,Multi-PIE_genuine_2,009,009,828,510,34,0,,False,,True,False,
superglue-fingervein,face,Multi-PIE_genuine_2,009,009,664,705,276,72,0.2609,True,0.2464,True,True,2.6430
sgmnet-fingervein,face,Multi-PIE_genuine_2,009,009,2000,2000,465,32,0.0688,False,0.0688,True,False,1.4964
aspanformer,face,Multi-PIE_genuine_2,009,009,892,892,892,299,0.3352,False,0.3195,True,False,2.4581
deepdetect,face,Multi-PIE_genuine_2,009,009,11985,14459,15,9,0.6000,True,0.6000,True,True,1.1450
loftr,face,Multi-PIE_genuine_3,093,093,44,44,44,8,0.1818,False,0.1740,True,False,1.7338
orb-fingervein,face,Multi-PIE_genuine_3,093,093,3322,1955,60,16,0.2667,False,0.2618,True,False,1.8201
sift-fingervein,face,Multi-PIE_genuine_3,093,093,492,369,12,0,,False,,True,False,
superglue-fingervein,face,Multi-PIE_genuine_3,093,093,484,455,22,0,,False,,True,False,
sgmnet-fingervein,face,Multi-PIE_genuine_3,093,093,2000,2000,155,8,0.0516,False,0.0500,True,False,1.2073
aspanformer,face,Multi-PIE_genuine_3,093,093,12,12,12,0,,False,,True,False,
deepdetect,face,Multi-PIE_genuine_3,093,093,9046,7556,4,0,,False,,True,False,
loftr,face,Multi-PIE_genuine_4,083,083,1201,1201,1201,698,0.5812,True,0.5577,True,True,2.3246
orb-fingervein,face,Multi-PIE_genuine_4,083,083,2327,3471,67,39,0.5821,True,0.5610,True,True,2.2375
sift-fingervein,face,Multi-PIE_genuine_4,083,083,336,427,47,20,0.4255,False,0.4163,True,False,1.9230
superglue-fingervein,face,Multi-PIE_genuine_4,083,083,452,501,212,96,0.4528,True,0.4334,True,True,2.3755
sgmnet-fingervein,face,Multi-PIE_genuine_4,083,083,2000,2000,951,219,0.2303,True,0.2265,True,True,1.8288
aspanformer,face,Multi-PIE_genuine_4,083,083,1313,1313,1313,864,0.6580,True,0.6330,True,True,2.2773
deepdetect,face,Multi-PIE_genuine_4,083,083,6491,10454,44,37,0.8409,True,0.8409,True,True,0.8322
loftr,face,Multi-PIE_genuine_5,076,076,0,0,0,0,,False,,True,False,
orb-fingervein,face,Multi-PIE_genuine_5,076,076,3336,2866,23,0,,False,,True,False,
sift-fingervein,face,Multi-PIE_genuine_5,076,076,509,597,16,0,,False,,True,False,
superglue-fingervein,face,Multi-PIE_genuine_5,076,076,538,487,5,0,,False,,True,False,
sgmnet-fingervein,face,Multi-PIE_genuine_5,076,076,2000,2000,18,6,0.3333,True,0.3154,True,True,0.4005
aspanformer,face,Multi-PIE_genuine_5,076,076,3,3,3,0,,False,,True,False,
deepdetect,face,Multi-PIE_genuine_5,076,076,9910,9621,24,18,0.7500,True,0.7500,True,True,1.1704
loftr,face,Multi-PIE_genuine_6,047,047,1296,1296,1296,558,0.4306,False,0.4135,True,False,2.3069
orb-fingervein,face,Multi-PIE_genuine_6,047,047,2623,3589,174,114,0.6552,True,0.6525,True,True,1.5819
sift-fingervein,face,Multi-PIE_genuine_6,047,047,384,519,59,32,0.5424,True,0.5183,True,True,2.4077
superglue-fingervein,face,Multi-PIE_genuine_6,047,047,513,576,290,95,0.3276,True,0.3062,True,True,2.8499
sgmnet-fingervein,face,Multi-PIE_genuine_6,047,047,2000,2000,807,149,0.1846,False,0.1818,True,False,1.8089
aspanformer,face,Multi-PIE_genuine_6,047,047,1742,1742,1742,795,0.4564,True,0.4321,True,True,2.5941
deepdetect,face,Multi-PIE_genuine_6,047,047,9487,10239,186,165,0.8871,True,0.8871,True,True,1.3735
loftr,face,Multi-PIE_genuine_7,249,249,1381,1381,1381,790,0.5720,True,0.5512,True,True,2.2420
orb-fingervein,face,Multi-PIE_genuine_7,249,249,2301,2524,114,65,0.5702,True,0.5448,True,True,2.4103
sift-fingervein,face,Multi-PIE_genuine_7,249,249,364,393,66,34,0.5152,True,0.5035,True,True,1.9558
superglue-fingervein,face,Multi-PIE_genuine_7,249,249,460,521,263,113,0.4297,True,0.4062,True,True,2.6240
sgmnet-fingervein,face,Multi-PIE_genuine_7,249,249,2000,2000,958,222,0.2317,True,0.2287,True,True,1.7615
aspanformer,face,Multi-PIE_genuine_7,249,249,2124,2124,2124,1109,0.5221,True,0.5007,True,True,2.3372
deepdetect,face,Multi-PIE_genuine_7,249,249,5748,6565,108,91,0.8426,True,0.8426,True,True,0.4466
loftr,face,Multi-PIE_genuine_8,035,035,140,140,140,38,0.2714,False,0.2598,True,False,2.3734
orb-fingervein,face,Multi-PIE_genuine_8,035,035,4122,4128,33,0,,False,,True,False,
sift-fingervein,face,Multi-PIE_genuine_8,035,035,830,934,19,0,,False,,True,False,
superglue-fingervein,face,Multi-PIE_genuine_8,035,035,771,816,4,0,,False,,True,False,
sgmnet-fingervein,face,Multi-PIE_genuine_8,035,035,2000,2000,72,7,0.0972,False,0.0932,True,False,0.5006
aspanformer,face,Multi-PIE_genuine_8,035,035,16,16,16,8,0.5000,True,0.4841,True,True,1.2775
deepdetect,face,Multi-PIE_genuine_8,035,035,12397,11033,38,0,,False,,True,False,
loftr,face,Multi-PIE_genuine_9,229,229,960,960,960,336,0.3500,False,0.3338,True,False,2.4508
orb-fingervein,face,Multi-PIE_genuine_9,229,229,3973,3689,123,40,0.3252,False,0.3092,True,False,2.5091
sift-fingervein,face,Multi-PIE_genuine_9,229,229,775,747,50,17,0.3400,False,0.3330,True,False,1.8795
superglue-fingervein,face,Multi-PIE_genuine_9,229,229,857,822,380,92,0.2421,True,0.2267,True,True,2.8125
sgmnet-fingervein,face,Multi-PIE_genuine_9,229,229,2000,1898,683,126,0.1845,False,0.1819,True,False,1.7834
aspanformer,face,Multi-PIE_genuine_9,229,229,1255,1255,1255,452,0.3602,False,0.3421,True,False,2.5297
deepdetect,face,Multi-PIE_genuine_9,229,229,15140,21529,37,17,0.4595,True,0.4595,True,True,1.8718
loftr,face,Multi-PIE_genuine_10,250,250,193,193,193,54,0.2798,False,0.2701,True,False,2.2079
orb-fingervein,face,Multi-PIE_genuine_10,250,250,1773,4415,11,0,,False,,True,False,
sift-fingervein,face,Multi-PIE_genuine_10,250,250,454,1191,9,0,,False,,True,False,
superglue-fingervein,face,Multi-PIE_genuine_10,250,250,453,928,177,39,0.2203,True,0.2074,True,True,2.7100
sgmnet-fingervein,face,Multi-PIE_genuine_10,250,250,2000,2000,475,45,0.0947,False,0.0942,True,False,1.6035
aspanformer,face,Multi-PIE_genuine_10,250,250,515,515,515,161,0.3126,False,0.2993,True,False,2.3685
deepdetect,face,Multi-PIE_genuine_10,250,250,4545,17840,3,0,,False,,True,False,
loftr,face,Multi-PIE_genuine_11,184,184,931,931,931,384,0.4125,False,0.3940,True,False,2.4139
orb-fingervein,face,Multi-PIE_genuine_11,184,184,4339,4238,113,40,0.3540,False,0.3435,True,False,2.0997
sift-fingervein,face,Multi-PIE_genuine_11,184,184,976,890,65,15,0.2308,False,0.2253,True,False,1.9117
superglue-fingervein,face,Multi-PIE_genuine_11,184,184,933,937,394,112,0.2843,True,0.2643,True,True,2.9587
sgmnet-fingervein,face,Multi-PIE_genuine_11,184,184,2000,2000,571,83,0.1454,False,0.1443,True,False,1.6425
aspanformer,face,Multi-PIE_genuine_11,184,184,1087,1087,1087,437,0.4020,False,0.3875,True,False,2.2357
deepdetect,face,Multi-PIE_genuine_11,184,184,17455,9991,65,40,0.6154,True,0.6154,True,True,1.3966
loftr,face,Multi-PIE_genuine_12,030,030,218,218,218,37,0.1697,False,0.1691,True,False,1.5793
orb-fingervein,face,Multi-PIE_genuine_12,030,030,3993,4386,60,0,,False,,True,False,
sift-fingervein,face,Multi-PIE_genuine_12,030,030,709,1086,26,0,,False,,True,False,
superglue-fingervein,face,Multi-PIE_genuine_12,030,030,808,807,114,26,0.2281,True,0.2234,True,True,1.9121
sgmnet-fingervein,face,Multi-PIE_genuine_12,030,030,1818,2000,120,9,0.0750,False,0.0732,True,False,0.6801
aspanformer,face,Multi-PIE_genuine_12,030,030,89,89,89,33,0.3708,False,0.3585,True,False,2.1764
deepdetect,face,Multi-PIE_genuine_12,030,030,16833,13786,3,0,,False,,True,False,
loftr,face,Multi-PIE_genuine_13,199,199,1643,1643,1643,778,0.4735,True,0.4540,True,True,2.3427
orb-fingervein,face,Multi-PIE_genuine_13,199,199,3046,3102,350,231,0.6600,True,0.6434,True,True,2.0094
sift-fingervein,face,Multi-PIE_genuine_13,199,199,601,674,124,72,0.5806,True,0.5540,True,True,2.4402
superglue-fingervein,face,Multi-PIE_genuine_13,199,199,714,817,419,145,0.3461,True,0.3292,True,True,2.4990
sgmnet-fingervein,face,Multi-PIE_genuine_13,199,199,2000,2000,993,218,0.2195,True,0.2175,True,True,1.6881
aspanformer,face,Multi-PIE_genuine_13,199,199,2312,2312,2312,860,0.3720,False,0.3580,True,False,2.2635
deepdetect,face,Multi-PIE_genuine_13,199,199,17745,21598,1092,829,0.7592,True,0.7592,True,True,2.4306
loftr,face,Multi-PIE_genuine_14,142,142,498,498,498,235,0.4719,True,0.4719,True,True,1.4619
orb-fingervein,face,Multi-PIE_genuine_14,142,142,3470,1811,41,0,,False,,True,False,
sift-fingervein,face,Multi-PIE_genuine_14,142,142,502,273,15,0,,False,,True,False,
superglue-fingervein,face,Multi-PIE_genuine_14,142,142,519,361,107,26,0.2430,True,0.2277,True,True,2.7981
sgmnet-fingervein,face,Multi-PIE_genuine_14,142,142,2000,2000,446,65,0.1457,False,0.1437,True,False,1.7762
aspanformer,face,Multi-PIE_genuine_14,142,142,586,586,586,229,0.3908,False,0.3889,True,False,1.5946
deepdetect,face,Multi-PIE_genuine_14,142,142,9171,5525,18,0,,False,,True,False,
loftr,face,Multi-PIE_genuine_15,011,011,840,840,840,279,0.3321,False,0.3183,True,False,2.3539
orb-fingervein,face,Multi-PIE_genuine_15,011,011,3539,3517,144,51,0.3542,False,0.3463,True,False,1.9514
sift-fingervein,face,Multi-PIE_genuine_15,011,011,732,628,51,15,0.2941,False,0.2839,True,False,2.1355
superglue-fingervein,face,Multi-PIE_genuine_15,011,011,814,680,353,91,0.2578,True,0.2406,True,True,2.8831
sgmnet-fingervein,face,Multi-PIE_genuine_15,011,011,2000,2000,658,77,0.1170,False,0.1161,True,False,1.6621
aspanformer,face,Multi-PIE_genuine_15,011,011,1291,1291,1291,355,0.2750,False,0.2612,True,False,2.5253
deepdetect,face,Multi-PIE_genuine_15,011,011,21758,15403,128,84,0.6562,True,0.6562,True,True,2.4183
loftr,face,Multi-PIE_genuine_16,011,011,31,31,31,11,0.3548,False,0.3428,True,False,1.9300
orb-fingervein,face,Multi-PIE_genuine_16,011,011,2182,2987,14,0,,False,,True,False,
sift-fingervein,face,Multi-PIE_genuine_16,011,011,262,571,7,0,,False,,True,False,
superglue-fingervein,face,Multi-PIE_genuine_16,011,011,395,807,57,12,0.2105,True,0.2035,True,True,1.9896
sgmnet-fingervein,face,Multi-PIE_genuine_16,011,011,2000,2000,63,8,0.1270,False,0.1229,True,False,0.3909
aspanformer,face,Multi-PIE_genuine_16,011,011,15,15,15,13,0.8667,True,0.8494,True,True,1.7646
deepdetect,face,Multi-PIE_genuine_16,011,011,5940,16437,4,0,,False,,True,False,
loftr,face,Multi-PIE_genuine_17,032,032,1328,1328,1328,639,0.4812,True,0.4591,True,True,2.4393
orb-fingervein,face,Multi-PIE_genuine_17,032,032,3681,3655,407,295,0.7248,True,0.7053,True,True,2.0446
sift-fingervein,face,Multi-PIE_genuine_17,032,032,705,708,104,55,0.5288,True,0.5123,True,True,2.1352
superglue-fingervein,face,Multi-PIE_genuine_17,032,032,794,727,386,198,0.5130,True,0.4820,True,True,2.7461
sgmnet-fingervein,face,Multi-PIE_genuine_17,032,032,2000,2000,833,256,0.3073,True,0.3061,True,True,1.5808
aspanformer,face,Multi-PIE_genuine_17,032,032,1718,1718,1718,911,0.5303,True,0.5074,True,True,2.3818
deepdetect,face,Multi-PIE_genuine_17,032,032,10599,13978,504,491,0.9742,True,0.9742,True,True,0.9772
loftr,face,Multi-PIE_genuine_18,074,074,19,19,19,8,0.4211,False,0.4077,True,False,0.0683
orb-fingervein,face,Multi-PIE_genuine_18,074,074,2297,1243,29,0,,False,,True,False,
sift-fingervein,face,Multi-PIE_genuine_18,074,074,534,310,15,5,0.3333,False,0.3107,True,False,0.4610
superglue-fingervein,face,Multi-PIE_genuine_18,074,074,781,504,85,17,0.2000,True,0.1960,True,True,1.8678
sgmnet-fingervein,face,Multi-PIE_genuine_18,074,074,2000,2000,115,7,0.0609,False,0.0583,True,False,1.1000
aspanformer,face,Multi-PIE_genuine_18,074,074,12,12,12,0,,False,,True,False,
deepdetect,face,Multi-PIE_genuine_18,074,074,16404,8314,10,0,,False,,True,False,
loftr,face,Multi-PIE_genuine_19,079,079,213,213,213,50,0.2347,False,0.2312,True,False,1.8034
orb-fingervein,face,Multi-PIE_genuine_19,079,079,4307,3828,62,13,0.2097,False,0.2082,True,False,1.1799
sift-fingervein,face,Multi-PIE_genuine_19,079,079,1057,923,21,0,,False,,True,False,
superglue-fingervein,face,Multi-PIE_genuine_19,079,079,944,799,205,24,0.1171,False,0.1113,True,False,2.5150
sgmnet-fingervein,face,Multi-PIE_genuine_19,079,079,2000,2000,101,9,0.0891,False,0.0870,True,False,1.2003
aspanformer,face,Multi-PIE_genuine_19,079,079,51,51,51,21,0.4118,True,0.4013,True,True,2.0037
deepdetect,face,Multi-PIE_genuine_19,079,079,20904,14269,45,19,0.4222,True,0.4222,True,True,1.6132
loftr,face,Multi-PIE_genuine_20,170,170,930,930,930,336,0.3613,False,0.3438,True,False,2.4949
orb-fingervein,face,Multi-PIE_genuine_20,170,170,4205,3566,84,19,0.2262,False,0.2183,True,False,2.1902
sift-fingervein,face,Multi-PIE_genuine_20,170,170,854,765,49,12,0.2449,False,0.2426,True,False,1.3990
superglue-fingervein,face,Multi-PIE_genuine_20,170,170,677,609,217,64,0.2949,True,0.2748,True,True,2.9155
sgmnet-fingervein,face,Multi-PIE_genuine_20,170,170,2000,2000,756,90,0.1190,False,0.1176,True,False,1.7452
aspanformer,face,Multi-PIE_genuine_20,170,170,758,758,758,335,0.4420,True,0.4297,True,True,2.0601
deepdetect,face,Multi-PIE_genuine_20,170,170,15197,11349,23,17,0.7391,True,0.7391,True,True,1.2855
loftr,face,Multi-PIE_genuine_21,203,203,1592,1592,1592,795,0.4994,True,0.4764,True,True,2.4429
orb-fingervein,face,Multi-PIE_genuine_21,203,203,4659,4536,476,330,0.6933,True,0.6765,True,True,1.9896
sift-fingervein,face,Multi-PIE_genuine_21,203,203,1077,936,145,85,0.5862,True,0.5690,True,True,2.0962
superglue-fingervein,face,Multi-PIE_genuine_21,203,203,978,949,567,277,0.4885,True,0.4591,True,True,2.7426
sgmnet-fingervein,face,Multi-PIE_genuine_21,203,203,2000,2000,993,309,0.3112,True,0.3088,True,True,1.6562
aspanformer,face,Multi-PIE_genuine_21,203,203,2336,2336,2336,1154,0.4940,True,0.4799,True,True,2.0810
deepdetect,face,Multi-PIE_genuine_21,203,203,18558,16424,916,872,0.9520,True,0.9520,True,True,1.2809
loftr,face,Multi-PIE_genuine_22,009,009,0,0,0,0,,False,,True,False,
orb-fingervein,face,Multi-PIE_genuine_22,009,009,3688,2972,34,0,,False,,True,False,
sift-fingervein,face,Multi-PIE_genuine_22,009,009,602,477,14,0,,False,,True,False,
superglue-fingervein,face,Multi-PIE_genuine_22,009,009,591,636,28,10,0.3571,True,0.3401,True,True,2.1195
sgmnet-fingervein,face,Multi-PIE_genuine_22,009,009,2000,2000,80,7,0.0875,False,0.0838,True,False,0.6941
aspanformer,face,Multi-PIE_genuine_22,009,009,6,6,6,0,,False,,True,False,
deepdetect,face,Multi-PIE_genuine_22,009,009,10984,11509,4,0,,False,,True,False,
loftr,face,Multi-PIE_genuine_23,189,189,5,5,0,0,,False,,True,False,
orb-fingervein,face,Multi-PIE_genuine_23,189,189,4500,2772,46,0,,False,,True,False,
sift-fingervein,face,Multi-PIE_genuine_23,189,189,1094,562,32,0,,False,,True,False,
superglue-fingervein,face,Multi-PIE_genuine_23,189,189,1113,564,7,0,,False,,True,False,
sgmnet-fingervein,face,Multi-PIE_genuine_23,189,189,2000,2000,74,6,0.0811,False,0.0767,True,False,0.4651
aspanformer,face,Multi-PIE_genuine_23,189,189,20,20,20,6,0.3000,False,0.2839,True,False,1.0628
deepdetect,face,Multi-PIE_genuine_23,189,189,24749,6219,6,0,,False,,True,False,
loftr,face,Multi-PIE_genuine_24,067,067,914,914,914,339,0.3709,False,0.3567,True,False,2.2810
orb-fingervein,face,Multi-PIE_genuine_24,067,067,4553,4047,118,73,0.6186,True,0.6137,True,True,1.6604
sift-fingervein,face,Multi-PIE_genuine_24,067,067,981,862,38,13,0.3421,False,0.3315,True,False,1.9886
superglue-fingervein,face,Multi-PIE_genuine_24,067,067,945,886,432,101,0.2338,True,0.2168,True,True,3.0084
sgmnet-fingervein,face,Multi-PIE_genuine_24,067,067,2000,2000,738,105,0.1423,False,0.1419,True,False,1.5460
aspanformer,face,Multi-PIE_genuine_24,067,067,1377,1377,1377,469,0.3406,False,0.3313,True,False,2.0531
deepdetect,face,Multi-PIE_genuine_24,067,067,18431,22631,131,98,0.7481,True,0.7481,True,True,0.5879
loftr,face,Multi-PIE_genuine_25,242,242,150,150,150,36,0.2400,False,0.2345,True,False,1.9633
orb-fingervein,face,Multi-PIE_genuine_25,242,242,3069,3344,42,11,0.2619,False,0.2585,True,False,1.3923
sift-fingervein,face,Multi-PIE_genuine_25,242,242,682,638,21,0,,False,,True,False,
superglue-fingervein,face,Multi-PIE_genuine_25,242,242,858,689,252,28,0.1111,False,0.1029,True,False,3.0313
sgmnet-fingervein,face,Multi-PIE_genuine_25,242,242,2000,2000,75,7,0.0933,False,0.0894,True,False,1.3483
aspanformer,face,Multi-PIE_genuine_25,242,242,267,267,267,93,0.3483,False,0.3365,True,False,2.1885
deepdetect,face,Multi-PIE_genuine_25,242,242,19564,15315,22,14,0.6364,True,0.6364,True,True,1.2505
loftr,face,Multi-PIE_genuine_26,220,220,15,15,15,7,0.4667,False,0.4422,True,False,1.7264
orb-fingervein,face,Multi-PIE_genuine_26,220,220,3423,2738,63,10,0.1587,False,0.1559,True,False,0.9136
sift-fingervein,face,Multi-PIE_genuine_26,220,220,470,415,25,6,0.2400,False,0.2271,True,False,0.4043
superglue-fingervein,face,Multi-PIE_genuine_26,220,220,617,582,0,0,,False,,True,False,
sgmnet-fingervein,face,Multi-PIE_genuine_26,220,220,2000,2000,44,6,0.1364,False,0.1290,True,False,0.3036
aspanformer,face,Multi-PIE_genuine_26,220,220,6,6,6,0,,False,,True,False,
deepdetect,face,Multi-PIE_genuine_26,220,220,11814,9056,20,11,0.5500,True,0.5500,True,True,2.0733
loftr,face,Multi-PIE_genuine_27,237,237,112,112,112,23,0.2054,False,0.1972,True,False,2.3013
orb-fingervein,face,Multi-PIE_genuine_27,237,237,3879,3379,79,12,0.1519,False,0.1505,True,False,1.1877
sift-fingervein,face,Multi-PIE_genuine_27,237,237,1019,667,30,0,,False,,True,False,
superglue-fingervein,face,Multi-PIE_genuine_27,237,237,724,549,118,37,0.3136,True,0.2937,True,True,2.8076
sgmnet-fingervein,face,Multi-PIE_genuine_27,237,237,1924,1986,45,6,0.1333,False,0.1262,True,False,0.9970
aspanformer,face,Multi-PIE_genuine_27,237,237,12,12,12,6,0.5000,True,0.4731,True,True,1.2288
deepdetect,face,Multi-PIE_genuine_27,237,237,30556,13226,13,0,,False,,True,False,
loftr,face,Multi-PIE_genuine_28,184,184,23,23,23,6,0.2609,False,0.2468,True,False,1.1867
orb-fingervein,face,Multi-PIE_genuine_28,184,184,1569,1036,19,0,,False,,True,False,
sift-fingervein,face,Multi-PIE_genuine_28,184,184,342,187,7,0,,False,,True,False,
superglue-fingervein,face,Multi-PIE_genuine_28,184,184,622,349,21,7,0.3333,True,0.3194,True,True,1.1414
sgmnet-fingervein,face,Multi-PIE_genuine_28,184,184,2000,2000,141,10,0.0709,False,0.0697,True,False,0.8720
aspanformer,face,Multi-PIE_genuine_28,184,184,3,3,3,0,,False,,True,False,
deepdetect,face,Multi-PIE_genuine_28,184,184,9909,5536,10,0,,False,,True,False,
loftr,face,Multi-PIE_genuine_29,141,141,1095,1095,1095,594,0.5425,True,0.5305,True,True,1.9467
orb-fingervein,face,Multi-PIE_genuine_29,141,141,744,420,26,17,0.6538,True,0.6311,True,True,2.1724
sift-fingervein,face,Multi-PIE_genuine_29,141,141,160,125,24,11,0.4583,True,0.4524,True,True,1.3772
superglue-fingervein,face,Multi-PIE_genuine_29,141,141,322,322,145,54,0.3724,True,0.3595,True,True,2.2065
sgmnet-fingervein,face,Multi-PIE_genuine_29,141,141,2000,2000,857,179,0.2089,True,0.2063,True,True,1.7431
aspanformer,face,Multi-PIE_genuine_29,141,141,1341,1341,1341,903,0.6734,True,0.6559,True,True,2.0262
deepdetect,face,Multi-PIE_genuine_29,141,141,4658,4336,20,20,1.0000,True,1.0000,True,True,1.0812
loftr,face,Multi-PIE_genuine_30,075,075,164,164,164,38,0.2317,False,0.2245,True,False,2.1301
orb-fingervein,face,Multi-PIE_genuine_30,075,075,3738,3223,66,16,0.2424,False,0.2313,True,False,2.3911
sift-fingervein,face,Multi-PIE_genuine_30,075,075,530,629,17,0,,False,,True,False,
superglue-fingervein,face,Multi-PIE_genuine_30,075,075,649,865,197,30,0.1523,False,0.1416,True,False,2.9532
sgmnet-fingervein,face,Multi-PIE_genuine_30,075,075,2000,2000,66,7,0.1061,False,0.1016,True,False,0.7152
aspanformer,face,Multi-PIE_genuine_30,075,075,75,75,75,37,0.4933,True,0.4933,True,True,1.3268
deepdetect,face,Multi-PIE_genuine_30,075,075,11834,19112,46,28,0.6087,True,0.6087,True,True,1.8187
loftr,face,Multi-PIE_genuine_31,151,151,25,25,25,0,,False,,True,False,
orb-fingervein,face,Multi-PIE_genuine_31,151,151,3318,2000,35,7,0.2000,False,0.1917,True,False,0.6980
sift-fingervein,face,Multi-PIE_genuine_31,151,151,620,303,14,0,,False,,True,False,
superglue-fingervein,face,Multi-PIE_genuine_31,151,151,733,539,3,0,,False,,True,False,
sgmnet-fingervein,face,Multi-PIE_genuine_31,151,151,2000,2000,78,7,0.0897,False,0.0860,True,False,0.7957
aspanformer,face,Multi-PIE_genuine_31,151,151,9,9,9,5,0.5556,True,0.5179,True,True,1.0230
deepdetect,face,Multi-PIE_genuine_31,151,151,18276,9023,12,0,,False,,True,False,
loftr,face,Multi-PIE_genuine_32,199,199,827,827,827,284,0.3434,False,0.3333,True,False,2.0996
orb-fingervein,face,Multi-PIE_genuine_32,199,199,3558,3432,99,48,0.4848,True,0.4730,True,True,1.9936
sift-fingervein,face,Multi-PIE_genuine_32,199,199,829,801,63,25,0.3968,False,0.3865,True,False,2.0245
superglue-fingervein,face,Multi-PIE_genuine_32,199,199,821,778,416,112,0.2692,True,0.2520,True,True,2.8211
sgmnet-fingervein,face,Multi-PIE_genuine_32,199,199,2000,2000,867,134,0.1546,False,0.1535,True,False,1.6377
aspanformer,face,Multi-PIE_genuine_32,199,199,1412,1412,1412,471,0.3336,False,0.3171,True,False,2.5134
deepdetect,face,Multi-PIE_genuine_32,199,199,11121,10075,102,64,0.6275,True,0.6275,True,True,1.6672
loftr,face,Multi-PIE_genuine_33,094,094,797,797,797,297,0.3726,False,0.3593,True,False,2.2322
orb-fingervein,face,Multi-PIE_genuine_33,094,094,3910,2920,44,14,0.3182,False,0.3166,True,False,1.0060
sift-fingervein,face,Multi-PIE_genuine_33,094,094,640,432,36,12,0.3333,False,0.3197,True,False,2.1454
superglue-fingervein,face,Multi-PIE_genuine_33,094,094,679,557,255,64,0.2510,True,0.2351,True,True,2.8046
sgmnet-fingervein,face,Multi-PIE_genuine_33,094,094,2000,2000,680,79,0.1162,False,0.1151,True,False,1.6880
aspanformer,face,Multi-PIE_genuine_33,094,094,841,841,841,307,0.3650,False,0.3458,True,False,2.5850
deepdetect,face,Multi-PIE_genuine_33,094,094,9898,8331,9,6,0.6667,True,0.6667,True,True,0.5211
loftr,face,Multi-PIE_genuine_34,003,003,17,17,17,6,0.3529,False,0.3263,True,False,1.9638
orb-fingervein,face,Multi-PIE_genuine_34,003,003,4168,3196,35,8,0.2286,False,0.2213,True,False,1.1688
sift-fingervein,face,Multi-PIE_genuine_34,003,003,941,462,23,0,,False,,True,False,
superglue-fingervein,face,Multi-PIE_genuine_34,003,003,944,576,0,0,,False,,True,False,
sgmnet-fingervein,face,Multi-PIE_genuine_34,003,003,2000,2000,100,7,0.0700,False,0.0671,True,False,0.7482
aspanformer,face,Multi-PIE_genuine_34,003,003,4,4,4,0,,False,,True,False,
deepdetect,face,Multi-PIE_genuine_34,003,003,19671,7674,318,0,,False,,True,False,
loftr,face,Multi-PIE_genuine_35,054,054,56,56,56,10,0.1786,False,0.1754,True,False,1.2026
orb-fingervein,face,Multi-PIE_genuine_35,054,054,2863,3378,36,0,,False,,True,False,
sift-fingervein,face,Multi-PIE_genuine_35,054,054,443,604,9,0,,False,,True,False,
superglue-fingervein,face,Multi-PIE_genuine_35,054,054,671,668,18,0,,False,,True,False,
sgmnet-fingervein,face,Multi-PIE_genuine_35,054,054,2000,2000,59,7,0.1186,False,0.1137,True,False,0.9106
aspanformer,face,Multi-PIE_genuine_35,054,054,15,15,15,9,0.6000,True,0.5857,True,True,1.0312
deepdetect,face,Multi-PIE_genuine_35,054,054,11673,13614,34,26,0.7647,True,0.7647,True,True,2.4552
loftr,face,Multi-PIE_genuine_36,236,236,352,352,352,99,0.2812,False,0.2776,True,False,1.7642
orb-fingervein,face,Multi-PIE_genuine_36,236,236,4117,4564,86,33,0.3837,False,0.3771,True,False,1.8495
sift-fingervein,face,Multi-PIE_genuine_36,236,236,801,1026,26,8,0.3077,False,0.2979,True,False,0.8776
superglue-fingervein,face,Multi-PIE_genuine_36,236,236,798,971,334,69,0.2066,True,0.1942,True,True,2.7365
sgmnet-fingervein,face,Multi-PIE_genuine_36,236,236,2000,2000,414,37,0.0894,False,0.0881,True,False,1.7856
aspanformer,face,Multi-PIE_genuine_36,236,236,397,397,397,120,0.3023,False,0.2937,True,False,2.0752
deepdetect,face,Multi-PIE_genuine_36,236,236,20101,26621,51,32,0.6275,True,0.6275,True,True,1.8832
loftr,face,Multi-PIE_genuine_37,143,143,72,72,72,9,0.1250,False,0.1220,True,False,1.4065
orb-fingervein,face,Multi-PIE_genuine_37,143,143,3969,3801,39,8,0.2051,False,0.1986,True,False,0.4329
sift-fingervein,face,Multi-PIE_genuine_37,143,143,758,712,25,0,,False,,True,False,
superglue-fingervein,face,Multi-PIE_genuine_37,143,143,783,722,1,0,,False,,True,False,
sgmnet-fingervein,face,Multi-PIE_genuine_37,143,143,2000,2000,147,8,0.0544,False,0.0527,True,False,0.8941
aspanformer,face,Multi-PIE_genuine_37,143,143,10,10,10,0,,False,,True,False,
deepdetect,face,Multi-PIE_genuine_37,143,143,12561,14226,5,0,,False,,True,False,
loftr,face,Multi-PIE_genuine_38,115,115,369,369,369,97,0.2629,False,0.2512,True,False,2.4064
orb-fingervein,face,Multi-PIE_genuine_38,115,115,3605,1734,81,14,0.1728,False,0.1691,True,False,1.8405
sift-fingervein,face,Multi-PIE_genuine_38,115,115,1007,827,36,0,,False,,True,False,
superglue-fingervein,face,Multi-PIE_genuine_38,115,115,922,881,336,51,0.1518,False,0.1434,True,False,2.6362
sgmnet-fingervein,face,Multi-PIE_genuine_38,115,115,2000,2000,489,30,0.0613,False,0.0612,True,False,1.5562
aspanformer,face,Multi-PIE_genuine_38,115,115,233,233,233,102,0.4378,True,0.4172,True,True,2.4626
deepdetect,face,Multi-PIE_genuine_38,115,115,13360,8215,8,6,0.7500,True,0.7500,True,True,0.3580
loftr,face,Multi-PIE_genuine_39,094,094,0,0,0,0,,False,,True,False,
orb-fingervein,face,Multi-PIE_genuine_39,094,094,2210,4018,18,0,,False,,True,False,
sift-fingervein,face,Multi-PIE_genuine_39,094,094,393,916,8,0,,False,,True,False,
superglue-fingervein,face,Multi-PIE_genuine_39,094,094,492,827,1,0,,False,,True,False,
sgmnet-fingervein,face,Multi-PIE_genuine_39,094,094,2000,2000,64,6,0.0938,False,0.0887,True,False,0.7751
aspanformer,face,Multi-PIE_genuine_39,094,094,16,16,0,0,,False,,True,False,
deepdetect,face,Multi-PIE_genuine_39,094,094,5920,13221,2,0,,False,,True,False,
loftr,face,Multi-PIE_genuine_40,053,053,354,354,354,109,0.3079,False,0.2873,True,False,2.8850
orb-fingervein,face,Multi-PIE_genuine_40,053,053,2603,2318,38,10,0.2632,False,0.2585,True,False,0.6296
sift-fingervein,face,Multi-PIE_genuine_40,053,053,468,292,27,0,,False,,True,False,
superglue-fingervein,face,Multi-PIE_genuine_40,053,053,695,440,205,46,0.2244,True,0.2145,True,True,2.4018
sgmnet-fingervein,face,Multi-PIE_genuine_40,053,053,2000,2000,433,33,0.0762,False,0.0751,True,False,1.7886
aspanformer,face,Multi-PIE_genuine_40,053,053,414,414,414,152,0.3671,False,0.3549,True,False,2.1762
deepdetect,face,Multi-PIE_genuine_40,053,053,15082,9250,8,0,,False,,True,False,
loftr,face,Multi-PIE_genuine_41,073,073,58,58,58,11,0.1897,False,0.1872,True,False,1.4869
orb-fingervein,face,Multi-PIE_genuine_41,073,073,2753,1902,38,0,,False,,True,False,
sift-fingervein,face,Multi-PIE_genuine_41,073,073,438,311,12,0,,False,,True,False,
superglue-fingervein,face,Multi-PIE_genuine_41,073,073,467,496,62,14,0.2258,True,0.2195,True,True,1.9680
sgmnet-fingervein,face,Multi-PIE_genuine_41,073,073,2000,2000,37,6,0.1622,False,0.1534,True,False,0.4539
aspanformer,face,Multi-PIE_genuine_41,073,073,36,36,36,12,0.3333,False,0.3286,True,False,1.5925
deepdetect,face,Multi-PIE_genuine_41,073,073,9332,9721,11,0,,False,,True,False,
loftr,face,Multi-PIE_genuine_42,114,114,746,746,746,284,0.3807,False,0.3636,True,False,2.4176
orb-fingervein,face,Multi-PIE_genuine_42,114,114,4080,4380,128,73,0.5703,True,0.5590,True,True,1.8999
sift-fingervein,face,Multi-PIE_genuine_42,114,114,790,869,34,10,0.2941,False,0.2845,True,False,1.8104
superglue-fingervein,face,Multi-PIE_genuine_42,114,114,829,869,390,104,0.2667,True,0.2518,True,True,2.6467
sgmnet-fingervein,face,Multi-PIE_genuine_42,114,114,2000,2000,683,100,0.1464,False,0.1449,True,False,1.7074
aspanformer,face,Multi-PIE_genuine_42,114,114,984,984,984,454,0.4614,True,0.4442,True,True,2.2601
deepdetect,face,Multi-PIE_genuine_42,114,114,19644,17308,112,83,0.7411,True,0.7411,True,True,0.8214
loftr,face,Multi-PIE_genuine_43,035,035,22,22,22,7,0.3182,False,0.3049,True,False,1.0470
orb-fingervein,face,Multi-PIE_genuine_43,035,035,1719,4055,5,0,,False,,True,False,
sift-fingervein,face,Multi-PIE_genuine_43,035,035,361,960,12,5,0.4167,False,0.3884,True,False,0.9557
superglue-fingervein,face,Multi-PIE_genuine_43,035,035,508,763,13,0,,False,,True,False,
sgmnet-fingervein,face,Multi-PIE_genuine_43,035,035,2000,2000,89,6,0.0674,False,0.0638,True,False,0.7094
aspanformer,face,Multi-PIE_genuine_43,035,035,2,2,2,0,,False,,True,False,
deepdetect,face,Multi-PIE_genuine_43,035,035,3966,21523,4,0,,False,,True,False,
loftr,face,Multi-PIE_genuine_44,032,032,262,262,262,64,0.2443,False,0.2329,True,False,2.4499
orb-fingervein,face,Multi-PIE_genuine_44,032,032,4663,4654,31,10,0.3226,False,0.3137,True,False,1.7014
sift-fingervein,face,Multi-PIE_genuine_44,032,032,1284,1119,33,0,,False,,True,False,
superglue-fingervein,face,Multi-PIE_genuine_44,032,032,1024,925,227,40,0.1762,True,0.1660,True,True,2.6984
sgmnet-fingervein,face,Multi-PIE_genuine_44,032,032,2000,2000,107,8,0.0748,False,0.0724,True,False,0.7832
aspanformer,face,Multi-PIE_genuine_44,032,032,249,249,249,94,0.3775,False,0.3592,True,False,2.4951
deepdetect,face,Multi-PIE_genuine_44,032,032,21846,16614,26,12,0.4615,True,0.4615,True,True,1.9253
loftr,face,Multi-PIE_genuine_45,128,128,27,27,27,9,0.3333,False,0.3254,True,False,1.1870
orb-fingervein,face,Multi-PIE_genuine_45,128,128,4118,3433,41,10,0.2439,False,0.2396,True,False,1.2910
sift-fingervein,face,Multi-PIE_genuine_45,128,128,927,598,31,0,,False,,True,False,
superglue-fingervein,face,Multi-PIE_genuine_45,128,128,902,650,5,0,,False,,True,False,
sgmnet-fingervein,face,Multi-PIE_genuine_45,128,128,2000,2000,69,7,0.1014,False,0.0972,True,False,0.8637
aspanformer,face,Multi-PIE_genuine_45,128,128,8,8,8,6,0.7500,True,0.7097,True,True,0.9073
deepdetect,face,Multi-PIE_genuine_45,128,128,22910,7000,21,0,,False,,True,False,
loftr,face,Multi-PIE_genuine_46,033,033,5,5,5,0,,False,,True,False,
orb-fingervein,face,Multi-PIE_genuine_46,033,033,664,4029,6,0,,False,,True,False,
sift-fingervein,face,Multi-PIE_genuine_46,033,033,172,908,3,0,,False,,True,False,
superglue-fingervein,face,Multi-PIE_genuine_46,033,033,350,862,1,0,,False,,True,False,
sgmnet-fingervein,face,Multi-PIE_genuine_46,033,033,2000,2000,59,7,0.1186,False,0.1137,True,False,0.3676
aspanformer,face,Multi-PIE_genuine_46,033,033,3,3,3,0,,False,,True,False,
deepdetect,face,Multi-PIE_genuine_46,033,033,4717,17812,3,0,,False,,True,False,
loftr,face,Multi-PIE_genuine_47,121,121,1084,1084,1084,521,0.4806,True,0.4719,True,True,1.8681
orb-fingervein,face,Multi-PIE_genuine_47,121,121,758,866,49,25,0.5102,True,0.4891,True,True,2.3429
sift-fingervein,face,Multi-PIE_genuine_47,121,121,198,217,41,16,0.3902,False,0.3840,True,False,1.7698
superglue-fingervein,face,Multi-PIE_genuine_47,121,121,402,432,199,73,0.3668,True,0.3518,True,True,2.3350
sgmnet-fingervein,face,Multi-PIE_genuine_47,121,121,2000,2000,806,134,0.1663,False,0.1641,True,False,1.7606
aspanformer,face,Multi-PIE_genuine_47,121,121,1346,1346,1346,728,0.5409,True,0.5322,True,True,1.8220
deepdetect,face,Multi-PIE_genuine_47,121,121,5719,4992,72,58,0.8056,True,0.8056,True,True,1.2929
loftr,face,Multi-PIE_genuine_48,116,116,1362,1362,1362,617,0.4530,False,0.4353,True,False,2.2974
orb-fingervein,face,Multi-PIE_genuine_48,116,116,4213,3903,204,126,0.6176,True,0.6051,True,True,1.9103
sift-fingervein,face,Multi-PIE_genuine_48,116,116,776,645,74,35,0.4730,True,0.4609,True,True,2.0154
superglue-fingervein,face,Multi-PIE_genuine_48,116,116,742,730,371,147,0.3962,True,0.3749,True,True,2.6070
sgmnet-fingervein,face,Multi-PIE_genuine_48,116,116,2000,2000,925,206,0.2227,True,0.2199,True,True,1.7494
aspanformer,face,Multi-PIE_genuine_48,116,116,1660,1660,1660,708,0.4265,True,0.4042,True,True,2.5729
deepdetect,face,Multi-PIE_genuine_48,116,116,12662,12682,228,169,0.7412,True,0.7412,True,True,0.6060
loftr,face,Multi-PIE_genuine_49,203,203,0,0,0,0,,False,,True,False,
orb-fingervein,face,Multi-PIE_genuine_49,203,203,2146,3803,26,0,,False,,True,False,
sift-fingervein,face,Multi-PIE_genuine_49,203,203,326,695,8,0,,False,,True,False,
superglue-fingervein,face,Multi-PIE_genuine_49,203,203,558,793,10,0,,False,,True,False,
sgmnet-fingervein,face,Multi-PIE_genuine_49,203,203,2000,2000,107,8,0.0748,False,0.0724,True,False,0.1370
aspanformer,face,Multi-PIE_genuine_49,203,203,3,3,3,0,,False,,True,False,
deepdetect,face,Multi-PIE_genuine_49,203,203,6836,12744,24,14,0.5833,True,0.5833,True,True,0.6369
loftr,face,Multi-PIE_genuine_50,089,089,313,313,313,55,0.1757,False,0.1687,True,False,2.3123
orb-fingervein,face,Multi-PIE_genuine_50,089,089,2357,2438,38,0,,False,,True,False,
sift-fingervein,face,Multi-PIE_genuine_50,089,089,290,475,14,4,0.2857,False,0.2619,True,False,0.0000
superglue-fingervein,face,Multi-PIE_genuine_50,089,089,436,638,145,26,0.1793,True,0.1729,True,True,2.2247
sgmnet-fingervein,face,Multi-PIE_genuine_50,089,089,2000,2000,250,19,0.0760,False,0.0759,True,False,1.4907
aspanformer,face,Multi-PIE_genuine_50,089,089,355,355,355,132,0.3718,False,0.3607,True,False,2.1081
deepdetect,face,Multi-PIE_genuine_50,089,089,7740,12522,11,6,0.5455,True,0.5455,True,True,2.3055
loftr,face,Multi-PIE_genuine_51,015,015,9,9,9,0,,False,,True,False,
orb-fingervein,face,Multi-PIE_genuine_51,015,015,4778,4345,65,11,0.1692,False,0.1670,True,False,0.6084
sift-fingervein,face,Multi-PIE_genuine_51,015,015,1216,995,40,0,,False,,True,False,
superglue-fingervein,face,Multi-PIE_genuine_51,015,015,940,749,2,0,,False,,True,False,
sgmnet-fingervein,face,Multi-PIE_genuine_51,015,015,1986,1871,74,7,0.0946,False,0.0906,True,False,0.9652
aspanformer,face,Multi-PIE_genuine_51,015,015,3,3,3,0,,False,,True,False,
deepdetect,face,Multi-PIE_genuine_51,015,015,21043,17632,15,0,,False,,True,False,
loftr,face,Multi-PIE_genuine_52,247,247,56,56,56,19,0.3393,False,0.3380,True,False,1.5543
orb-fingervein,face,Multi-PIE_genuine_52,247,247,4518,1896,40,8,0.2000,False,0.1936,True,False,0.8802
sift-fingervein,face,Multi-PIE_genuine_52,247,247,945,347,34,7,0.2059,False,0.1973,True,False,0.6138
superglue-fingervein,face,Multi-PIE_genuine_52,247,247,851,577,44,9,0.2045,True,0.1971,True,True,1.7585
sgmnet-fingervein,face,Multi-PIE_genuine_52,247,247,1926,2000,98,0,,False,,True,False,
aspanformer,face,Multi-PIE_genuine_52,247,247,6,6,6,0,,False,,True,False,
deepdetect,face,Multi-PIE_genuine_52,247,247,17803,8469,16,10,0.6250,True,0.6250,True,True,4.3541
loftr,face,Multi-PIE_genuine_53,155,155,259,259,259,82,0.3166,False,0.3057,True,False,2.1979
orb-fingervein,face,Multi-PIE_genuine_53,155,155,1024,656,28,0,,False,,True,False,
sift-fingervein,face,Multi-PIE_genuine_53,155,155,180,194,9,5,0.5556,True,0.5179,True,True,0.2285
superglue-fingervein,face,Multi-PIE_genuine_53,155,155,363,530,149,37,0.2483,True,0.2345,True,True,2.6432
sgmnet-fingervein,face,Multi-PIE_genuine_53,155,155,2000,2000,173,10,0.0578,False,0.0568,True,False,0.9236
aspanformer,face,Multi-PIE_genuine_53,155,155,242,242,242,94,0.3884,False,0.3759,True,False,2.1535
deepdetect,face,Multi-PIE_genuine_53,155,155,5244,6280,25,21,0.8400,True,0.8400,True,True,1.1498
loftr,face,Multi-PIE_genuine_54,181,181,376,376,376,115,0.3059,False,0.2953,True,False,2.2017
orb-fingervein,face,Multi-PIE_genuine_54,181,181,4120,4124,38,0,,False,,True,False,
sift-fingervein,face,Multi-PIE_genuine_54,181,181,987,650,38,8,0.2105,False,0.2038,True,False,1.1968
superglue-fingervein,face,Multi-PIE_genuine_54,181,181,974,652,253,46,0.1818,True,0.1707,True,True,2.7644
sgmnet-fingervein,face,Multi-PIE_genuine_54,181,181,2000,2000,301,22,0.0731,False,0.0725,True,False,1.6419
aspanformer,face,Multi-PIE_genuine_54,181,181,498,498,498,231,0.4639,True,0.4481,True,True,2.1900
deepdetect,face,Multi-PIE_genuine_54,181,181,20891,11454,33,28,0.8485,True,0.8485,True,True,2.0981
loftr,face,Multi-PIE_genuine_55,042,042,0,0,0,0,,False,,True,False,
orb-fingervein,face,Multi-PIE_genuine_55,042,042,2153,1287,62,0,,False,,True,False,
sift-fingervein,face,Multi-PIE_genuine_55,042,042,330,323,9,4,0.4444,False,0.4073,True,False,0.0000
superglue-fingervein,face,Multi-PIE_genuine_55,042,042,481,560,17,6,0.3529,True,0.3340,True,True,1.4276
sgmnet-fingervein,face,Multi-PIE_genuine_55,042,042,2000,2000,99,8,0.0808,False,0.0782,True,False,0.5778
aspanformer,face,Multi-PIE_genuine_55,042,042,5,5,0,0,,False,,True,False,
deepdetect,face,Multi-PIE_genuine_55,042,042,8824,5436,1,0,,False,,True,False,
loftr,face,Multi-PIE_genuine_56,128,128,749,749,749,246,0.3284,False,0.3162,True,False,2.2618
orb-fingervein,face,Multi-PIE_genuine_56,128,128,4484,3858,182,78,0.4286,False,0.4071,True,False,2.5259
sift-fingervein,face,Multi-PIE_genuine_56,128,128,898,852,55,18,0.3273,False,0.3103,True,False,2.5351
superglue-fingervein,face,Multi-PIE_genuine_56,128,128,949,841,385,101,0.2623,True,0.2506,True,True,2.4159
sgmnet-fingervein,face,Multi-PIE_genuine_56,128,128,2000,2000,612,87,0.1422,False,0.1406,True,False,1.7185
aspanformer,face,Multi-PIE_genuine_56,128,128,904,904,904,311,0.3440,False,0.3295,True,False,2.3648
deepdetect,face,Multi-PIE_genuine_56,128,128,17056,23770,116,85,0.7328,True,0.7328,True,True,1.6925
loftr,face,Multi-PIE_genuine_57,027,027,508,508,508,218,0.4291,False,0.4085,True,False,2.4834
orb-fingervein,face,Multi-PIE_genuine_57,027,027,3044,1689,38,0,,False,,True,False,
sift-fingervein,face,Multi-PIE_genuine_57,027,027,523,320,28,8,0.2857,False,0.2748,True,False,1.6342
superglue-fingervein,face,Multi-PIE_genuine_57,027,027,594,494,224,65,0.2902,True,0.2776,True,True,2.3831
sgmnet-fingervein,face,Multi-PIE_genuine_57,027,027,2000,2000,771,121,0.1569,False,0.1546,True,False,1.8002
aspanformer,face,Multi-PIE_genuine_57,027,027,944,944,944,372,0.3941,False,0.3781,True,False,2.3261
deepdetect,face,Multi-PIE_genuine_57,027,027,10675,4890,10,8,0.8000,True,0.8000,True,True,0.5847
loftr,face,Multi-PIE_genuine_58,186,186,583,583,583,195,0.3345,False,0.3207,True,False,2.3400
orb-fingervein,face,Multi-PIE_genuine_58,186,186,3881,3980,79,22,0.2785,False,0.2688,True,False,2.1969
sift-fingervein,face,Multi-PIE_genuine_58,186,186,739,839,34,9,0.2647,False,0.2584,True,False,1.3632
superglue-fingervein,face,Multi-PIE_genuine_58,186,186,847,828,376,66,0.1755,True,0.1652,True,True,2.7189
sgmnet-fingervein,face,Multi-PIE_genuine_58,186,186,2000,1963,804,152,0.1891,False,0.1872,True,False,1.6941
aspanformer,face,Multi-PIE_genuine_58,186,186,1205,1205,1205,405,0.3361,False,0.3241,True,False,2.2289
deepdetect,face,Multi-PIE_genuine_58,186,186,13309,17163,56,44,0.7857,True,0.7857,True,True,1.0844
loftr,face,Multi-PIE_genuine_59,099,099,11,11,11,0,,False,,True,False,
orb-fingervein,face,Multi-PIE_genuine_59,099,099,4298,4299,53,0,,False,,True,False,
sift-fingervein,face,Multi-PIE_genuine_59,099,099,915,799,19,5,0.2632,False,0.2453,True,False,0.4715
superglue-fingervein,face,Multi-PIE_genuine_59,099,099,932,778,21,7,0.3333,True,0.3194,True,True,1.2258
sgmnet-fingervein,face,Multi-PIE_genuine_59,099,099,2000,2000,168,9,0.0536,False,0.0523,True,False,0.9386
aspanformer,face,Multi-PIE_genuine_59,099,099,14,14,14,0,,False,,True,False,
deepdetect,face,Multi-PIE_genuine_59,099,099,13586,13383,9,0,,False,,True,False,
loftr,face,Multi-PIE_genuine_60,212,212,1391,1391,1391,633,0.4551,False,0.4430,True,False,2.0375
orb-fingervein,face,Multi-PIE_genuine_60,212,212,3121,3655,280,155,0.5536,True,0.5343,True,True,2.2074
sift-fingervein,face,Multi-PIE_genuine_60,212,212,519,709,73,45,0.6164,True,0.5975,True,True,2.1252
superglue-fingervein,face,Multi-PIE_genuine_60,212,212,622,799,368,143,0.3886,True,0.3639,True,True,2.8139
sgmnet-fingervein,face,Multi-PIE_genuine_60,212,212,2000,2000,910,210,0.2308,True,0.2278,True,True,1.7613
aspanformer,face,Multi-PIE_genuine_60,212,212,1842,1842,1842,796,0.4321,True,0.4179,True,True,2.1713
deepdetect,face,Multi-PIE_genuine_60,212,212,16782,16903,477,423,0.8868,True,0.8868,True,True,1.9927
loftr,face,Multi-PIE_genuine_61,208,208,1482,1482,1482,711,0.4798,True,0.4592,True,True,2.3771
orb-fingervein,face,Multi-PIE_genuine_61,208,208,2500,3342,63,22,0.3492,False,0.3428,True,False,1.8635
sift-fingervein,face,Multi-PIE_genuine_61,208,208,458,600,52,22,0.4231,False,0.4209,True,False,1.5983
superglue-fingervein,face,Multi-PIE_genuine_61,208,208,580,646,288,99,0.3438,True,0.3221,True,True,2.8008
sgmnet-fingervein,face,Multi-PIE_genuine_61,208,208,2000,2000,875,211,0.2411,True,0.2384,True,True,1.7324
aspanformer,face,Multi-PIE_genuine_61,208,208,2032,2032,2032,956,0.4705,True,0.4493,True,True,2.4199
deepdetect,face,Multi-PIE_genuine_61,208,208,10245,12924,102,76,0.7451,True,0.7451,True,True,1.9653
loftr,face,Multi-PIE_genuine_62,122,122,309,309,309,86,0.2783,False,0.2679,True,False,2.2665
orb-fingervein,face,Multi-PIE_genuine_62,122,122,2060,2595,24,6,0.2500,False,0.2366,True,False,0.6406
sift-fingervein,face,Multi-PIE_genuine_62,122,122,403,525,10,5,0.5000,True,0.4661,True,True,0.2472
superglue-fingervein,face,Multi-PIE_genuine_62,122,122,564,740,249,51,0.2048,True,0.1915,True,True,2.8408
sgmnet-fingervein,face,Multi-PIE_genuine_62,122,122,2000,2000,204,9,0.0441,False,0.0431,True,False,0.8311
aspanformer,face,Multi-PIE_genuine_62,122,122,418,418,418,124,0.2967,False,0.2821,True,False,2.5049
deepdetect,face,Multi-PIE_genuine_62,122,122,8471,9274,14,10,0.7143,True,0.7143,True,True,1.0265
loftr,face,Multi-PIE_genuine_63,195,195,573,573,573,201,0.3508,False,0.3384,True,False,2.2196
orb-fingervein,face,Multi-PIE_genuine_63,195,195,3317,4051,41,8,0.1951,False,0.1889,True,False,0.7864
sift-fingervein,face,Multi-PIE_genuine_63,195,195,680,894,32,7,0.2188,False,0.2096,True,False,1.1622
superglue-fingervein,face,Multi-PIE_genuine_63,195,195,717,871,297,57,0.1919,True,0.1818,True,True,2.5793
sgmnet-fingervein,face,Multi-PIE_genuine_63,195,195,2000,2000,509,46,0.0904,False,0.0897,True,False,1.6529
aspanformer,face,Multi-PIE_genuine_63,195,195,766,766,766,247,0.3225,False,0.3107,True,False,2.2401
deepdetect,face,Multi-PIE_genuine_63,195,195,11644,15421,30,23,0.7667,True,0.7667,True,True,1.5539
loftr,face,Multi-PIE_genuine_64,065,065,341,341,341,109,0.3196,False,0.3086,True,False,2.2025
orb-fingervein,face,Multi-PIE_genuine_64,065,065,4119,3458,50,18,0.3600,False,0.3552,True,False,1.7442
sift-fingervein,face,Multi-PIE_genuine_64,065,065,903,440,29,0,,False,,True,False,
superglue-fingervein,face,Multi-PIE_genuine_64,065,065,916,666,258,60,0.2326,True,0.2228,True,True,2.3610
sgmnet-fingervein,face,Multi-PIE_genuine_64,065,065,2000,2000,323,35,0.1084,False,0.1078,True,False,1.6097
aspanformer,face,Multi-PIE_genuine_64,065,065,256,256,256,104,0.4062,False,0.3918,True,False,2.2266
deepdetect,face,Multi-PIE_genuine_64,065,065,10114,10070,14,0,,False,,True,False,
loftr,face,Multi-PIE_genuine_65,238,238,76,76,76,13,0.1711,False,0.1699,True,False,1.2329
orb-fingervein,face,Multi-PIE_genuine_65,238,238,3492,3004,60,0,,False,,True,False,
sift-fingervein,face,Multi-PIE_genuine_65,238,238,569,522,19,0,,False,,True,False,
superglue-fingervein,face,Multi-PIE_genuine_65,238,238,691,600,5,0,,False,,True,False,
sgmnet-fingervein,face,Multi-PIE_genuine_65,238,238,2000,2000,57,6,0.1053,False,0.0996,True,False,0.0000
aspanformer,face,Multi-PIE_genuine_65,238,238,15,15,15,7,0.4667,True,0.4472,True,True,0.8379
deepdetect,face,Multi-PIE_genuine_65,238,238,16544,12676,12,0,,False,,True,False,
loftr,face,Multi-PIE_genuine_66,024,024,1,1,0,0,,False,,True,False,
orb-fingervein,face,Multi-PIE_genuine_66,024,024,3825,4401,25,0,,False,,True,False,
sift-fingervein,face,Multi-PIE_genuine_66,024,024,866,806,27,0,,False,,True,False,
superglue-fingervein,face,Multi-PIE_genuine_66,024,024,595,796,74,13,0.1757,True,0.1716,True,True,1.8361
sgmnet-fingervein,face,Multi-PIE_genuine_66,024,024,2000,2000,127,8,0.0630,False,0.0610,True,False,1.3224
aspanformer,face,Multi-PIE_genuine_66,024,024,8,8,8,0,,False,,True,False,
deepdetect,face,Multi-PIE_genuine_66,024,024,12966,14375,10,0,,False,,True,False,
loftr,face,Multi-PIE_genuine_67,016,016,83,83,83,37,0.4458,False,0.4347,True,False,2.0018
orb-fingervein,face,Multi-PIE_genuine_67,016,016,1757,3286,13,0,,False,,True,False,
sift-fingervein,face,Multi-PIE_genuine_67,016,016,277,501,3,0,,False,,True,False,
superglue-fingervein,face,Multi-PIE_genuine_67,016,016,359,735,41,11,0.2683,True,0.2541,True,True,2.3246
sgmnet-fingervein,face,Multi-PIE_genuine_67,016,016,2000,2000,41,7,0.1707,False,0.1636,True,False,0.4919
aspanformer,face,Multi-PIE_genuine_67,016,016,19,19,19,13,0.6842,True,0.6795,True,True,1.0701
deepdetect,face,Multi-PIE_genuine_67,016,016,7797,19786,11,0,,False,,True,False,
loftr,face,Multi-PIE_genuine_68,224,224,90,90,90,17,0.1889,False,0.1807,True,False,2.3480
orb-fingervein,face,Multi-PIE_genuine_68,224,224,3942,4074,33,8,0.2424,False,0.2347,True,False,1.1349
sift-fingervein,face,Multi-PIE_genuine_68,224,224,850,761,30,0,,False,,True,False,
superglue-fingervein,face,Multi-PIE_genuine_68,224,224,870,886,126,18,0.1429,False,0.1347,True,False,2.6476
sgmnet-fingervein,face,Multi-PIE_genuine_68,224,224,2000,2000,77,7,0.0909,False,0.0871,True,False,0.5982
aspanformer,face,Multi-PIE_genuine_68,224,224,91,91,91,55,0.6044,True,0.5851,True,True,2.1493
deepdetect,face,Multi-PIE_genuine_68,224,224,19546,11364,8,6,0.7500,True,0.7500,True,True,0.5965
loftr,face,Multi-PIE_genuine_69,077,077,54,54,54,10,0.1852,False,0.1756,True,False,2.2068
orb-fingervein,face,Multi-PIE_genuine_69,077,077,3278,2748,45,11,0.2444,False,0.2413,True,False,0.8679
sift-fingervein,face,Multi-PIE_genuine_69,077,077,503,509,5,0,,False,,True,False,
superglue-fingervein,face,Multi-PIE_genuine_69,077,077,650,602,67,16,0.2388,True,0.2232,True,True,2.8023
sgmnet-fingervein,face,Multi-PIE_genuine_69,077,077,2000,2000,118,7,0.0593,False,0.0568,True,False,0.5850
aspanformer,face,Multi-PIE_genuine_69,077,077,2,2,2,0,,False,,True,False,
deepdetect,face,Multi-PIE_genuine_69,077,077,12564,11533,15,7,0.4667,True,0.4667,True,True,0.3366
loftr,face,Multi-PIE_genuine_70,098,098,479,479,479,142,0.2965,False,0.2829,True,False,2.4390
orb-fingervein,face,Multi-PIE_genuine_70,098,098,4378,3845,77,26,0.3377,False,0.3322,True,False,1.8254
sift-fingervein,face,Multi-PIE_genuine_70,098,098,998,707,44,13,0.2955,False,0.2879,True,False,1.8776
superglue-fingervein,face,Multi-PIE_genuine_70,098,098,907,671,232,56,0.2414,True,0.2267,True,True,2.7587
sgmnet-fingervein,face,Multi-PIE_genuine_70,098,098,2000,2000,456,75,0.1645,False,0.1626,True,False,1.7303
aspanformer,face,Multi-PIE_genuine_70,098,098,489,489,489,165,0.3374,False,0.3356,True,False,1.6057
deepdetect,face,Multi-PIE_genuine_70,098,098,21504,10422,11,6,0.5455,True,0.5455,True,True,1.5522
loftr,face,Multi-PIE_genuine_71,027,027,1430,1430,1430,613,0.4287,False,0.4287,True,False,1.3408
orb-fingervein,face,Multi-PIE_genuine_71,027,027,3151,3381,249,144,0.5783,True,0.5559,True,True,2.2892
sift-fingervein,face,Multi-PIE_genuine_71,027,027,488,554,65,33,0.5077,True,0.4807,True,True,2.5918
superglue-fingervein,face,Multi-PIE_genuine_71,027,027,634,704,356,144,0.4045,True,0.3830,True,True,2.5911
sgmnet-fingervein,face,Multi-PIE_genuine_71,027,027,2000,2000,1003,207,0.2064,True,0.2048,True,True,1.6563
aspanformer,face,Multi-PIE_genuine_71,027,027,1897,1897,1897,955,0.5034,True,0.4826,True,True,2.3470
deepdetect,face,Multi-PIE_genuine_71,027,027,12620,14051,439,393,0.8952,True,0.8952,True,True,1.2667
loftr,face,Multi-PIE_genuine_72,079,079,536,536,536,127,0.2369,False,0.2199,True,False,2.9944
orb-fingervein,face,Multi-PIE_genuine_72,079,079,4992,4803,72,20,0.2778,False,0.2727,True,False,1.8565
sift-fingervein,face,Multi-PIE_genuine_72,079,079,1688,1299,41,9,0.2195,False,0.2130,True,False,1.6243
superglue-fingervein,face,Multi-PIE_genuine_72,079,079,1247,1025,481,93,0.1933,True,0.1820,True,True,2.7135
sgmnet-fingervein,face,Multi-PIE_genuine_72,079,079,2000,2000,565,44,0.0779,False,0.0773,True,False,1.6477
aspanformer,face,Multi-PIE_genuine_72,079,079,688,688,688,189,0.2747,False,0.2688,True,False,1.9320
deepdetect,face,Multi-PIE_genuine_72,079,079,19504,12364,30,20,0.6667,True,0.6667,True,True,2.1178
loftr,face,Multi-PIE_genuine_73,034,034,3,3,3,0,,False,,True,False,
orb-fingervein,face,Multi-PIE_genuine_73,034,034,4094,2723,62,10,0.1613,False,0.1577,True,False,1.5931
sift-fingervein,face,Multi-PIE_genuine_73,034,034,904,565,29,0,,False,,True,False,
superglue-fingervein,face,Multi-PIE_genuine_73,034,034,716,582,2,0,,False,,True,False,
sgmnet-fingervein,face,Multi-PIE_genuine_73,034,034,2000,2000,43,6,0.1395,False,0.1320,True,False,0.6878
aspanformer,face,Multi-PIE_genuine_73,034,034,9,9,9,4,0.4444,True,0.4073,True,True,0.0000
deepdetect,face,Multi-PIE_genuine_73,034,034,18212,7638,198,0,,False,,True,False,
loftr,face,Multi-PIE_genuine_74,128,128,1186,1186,1186,478,0.4030,False,0.3875,True,False,2.2887
orb-fingervein,face,Multi-PIE_genuine_74,128,128,4131,4136,362,206,0.5691,True,0.5435,True,True,2.4185
sift-fingervein,face,Multi-PIE_genuine_74,128,128,939,1013,96,44,0.4583,False,0.4492,True,False,1.9042
superglue-fingervein,face,Multi-PIE_genuine_74,128,128,907,974,475,138,0.2905,True,0.2742,True,True,2.6552
sgmnet-fingervein,face,Multi-PIE_genuine_74,128,128,2000,2000,832,129,0.1550,False,0.1535,True,False,1.6975
aspanformer,face,Multi-PIE_genuine_74,128,128,1841,1841,1841,810,0.4400,True,0.4201,True,True,2.4229
deepdetect,face,Multi-PIE_genuine_74,128,128,19144,21227,461,394,0.8547,True,0.8547,True,True,2.4954
loftr,face,Multi-PIE_genuine_75,094,094,218,218,218,73,0.3349,False,0.3172,True,False,2.5834
orb-fingervein,face,Multi-PIE_genuine_75,094,094,3592,4204,27,0,,False,,True,False,
sift-fingervein,face,Multi-PIE_genuine_75,094,094,539,803,21,0,,False,,True,False,
superglue-fingervein,face,Multi-PIE_genuine_75,094,094,598,765,150,28,0.1867,True,0.1765,True,True,2.6174
sgmnet-fingervein,face,Multi-PIE_genuine_75,094,094,2000,2000,402,36,0.0896,False,0.0896,True,False,1.4777
aspanformer,face,Multi-PIE_genuine_75,094,094,316,316,316,106,0.3354,False,0.3263,True,False,2.0513
deepdetect,face,Multi-PIE_genuine_75,094,094,8142,16019,6,0,,False,,True,False,
loftr,face,Multi-PIE_genuine_76,153,153,2,2,2,0,,False,,True,False,
orb-fingervein,face,Multi-PIE_genuine_76,153,153,482,3097,7,0,,False,,True,False,
sift-fingervein,face,Multi-PIE_genuine_76,153,153,153,533,11,0,,False,,True,False,
superglue-fingervein,face,Multi-PIE_genuine_76,153,153,393,684,0,0,,False,,True,False,
sgmnet-fingervein,face,Multi-PIE_genuine_76,153,153,2000,2000,86,7,0.0814,False,0.0780,True,False,0.5935
aspanformer,face,Multi-PIE_genuine_76,153,153,2,2,0,0,,False,,True,False,
deepdetect,face,Multi-PIE_genuine_76,153,153,4446,11415,242,0,,False,,True,False,
loftr,face,Multi-PIE_genuine_77,215,215,45,45,45,10,0.2222,False,0.2136,True,False,1.9318
orb-fingervein,face,Multi-PIE_genuine_77,215,215,2168,2027,26,0,,False,,True,False,
sift-fingervein,face,Multi-PIE_genuine_77,215,215,440,311,10,0,,False,,True,False,
superglue-fingervein,face,Multi-PIE_genuine_77,215,215,659,534,1,0,,False,,True,False,
sgmnet-fingervein,face,Multi-PIE_genuine_77,215,215,2000,2000,131,8,0.0611,False,0.0591,True,False,1.0943
aspanformer,face,Multi-PIE_genuine_77,215,215,2,2,2,0,,False,,True,False,
deepdetect,face,Multi-PIE_genuine_77,215,215,12662,6824,23,0,,False,,True,False,
loftr,face,Multi-PIE_genuine_78,123,123,0,0,0,0,,False,,True,False,
orb-fingervein,face,Multi-PIE_genuine_78,123,123,3023,2089,30,0,,False,,True,False,
sift-fingervein,face,Multi-PIE_genuine_78,123,123,594,409,12,0,,False,,True,False,
superglue-fingervein,face,Multi-PIE_genuine_78,123,123,707,762,0,0,,False,,True,False,
sgmnet-fingervein,face,Multi-PIE_genuine_78,123,123,2000,2000,78,7,0.0897,False,0.0860,True,False,0.7500
aspanformer,face,Multi-PIE_genuine_78,123,123,6,6,6,4,0.6667,True,0.6110,True,True,0.0000
deepdetect,face,Multi-PIE_genuine_78,123,123,10015,9189,15,10,0.6667,True,0.6667,True,True,1.6938
loftr,face,Multi-PIE_genuine_79,055,055,547,547,547,135,0.2468,False,0.2327,True,False,2.6752
orb-fingervein,face,Multi-PIE_genuine_79,055,055,4846,4995,109,25,0.2294,False,0.2205,True,False,2.2832
sift-fingervein,face,Multi-PIE_genuine_79,055,055,1244,1474,41,0,,False,,True,False,
superglue-fingervein,face,Multi-PIE_genuine_79,055,055,1346,1386,465,111,0.2387,True,0.2233,True,True,2.8385
sgmnet-fingervein,face,Multi-PIE_genuine_79,055,055,2000,2000,420,19,0.0452,False,0.0452,True,False,1.3550
aspanformer,face,Multi-PIE_genuine_79,055,055,537,537,537,190,0.3538,False,0.3339,True,False,2.6600
deepdetect,face,Multi-PIE_genuine_79,055,055,31071,35412,36,13,0.3611,True,0.3611,True,True,2.0244
loftr,face,Multi-PIE_genuine_80,125,125,29,29,29,9,0.3103,False,0.2961,True,False,1.9563
orb-fingervein,face,Multi-PIE_genuine_80,125,125,3964,3910,26,6,0.2308,False,0.2184,True,False,0.3546
sift-fingervein,face,Multi-PIE_genuine_80,125,125,800,665,21,0,,False,,True,False,
superglue-fingervein,face,Multi-PIE_genuine_80,125,125,825,716,1,0,,False,,True,False,
sgmnet-fingervein,face,Multi-PIE_genuine_80,125,125,2000,2000,128,7,0.0547,False,0.0524,True,False,0.7149
aspanformer,face,Multi-PIE_genuine_80,125,125,7,7,7,0,,False,,True,False,
deepdetect,face,Multi-PIE_genuine_80,125,125,13130,13574,10,10,1.0000,True,1.0000,True,True,0.6848
loftr,face,Multi-PIE_genuine_81,120,120,505,505,505,241,0.4772,True,0.4611,True,True,2.1872
orb-fingervein,face,Multi-PIE_genuine_81,120,120,1961,2964,72,26,0.3611,False,0.3460,True,False,2.3519
sift-fingervein,face,Multi-PIE_genuine_81,120,120,300,345,18,7,0.3889,False,0.3714,True,False,1.5669
superglue-fingervein,face,Multi-PIE_genuine_81,120,120,270,382,143,54,0.3776,True,0.3535,True,True,2.8194
sgmnet-fingervein,face,Multi-PIE_genuine_81,120,120,2000,2000,488,55,0.1127,False,0.1113,True,False,1.7454
aspanformer,face,Multi-PIE_genuine_81,120,120,648,648,648,311,0.4799,True,0.4722,True,True,1.8258
deepdetect,face,Multi-PIE_genuine_81,120,120,6295,10257,56,46,0.8214,True,0.8214,True,True,0.4994
loftr,face,Multi-PIE_genuine_82,071,071,16,16,16,0,,False,,True,False,
orb-fingervein,face,Multi-PIE_genuine_82,071,071,3245,2365,34,0,,False,,True,False,
sift-fingervein,face,Multi-PIE_genuine_82,071,071,793,411,11,4,0.3636,False,0.3333,True,False,0.0000
superglue-fingervein,face,Multi-PIE_genuine_82,071,071,603,478,3,0,,False,,True,False,
sgmnet-fingervein,face,Multi-PIE_genuine_82,071,071,2000,2000,128,8,0.0625,False,0.0605,True,False,1.1119
aspanformer,face,Multi-PIE_genuine_82,071,071,8,8,8,0,,False,,True,False,
deepdetect,face,Multi-PIE_genuine_82,071,071,9587,6142,4,0,,False,,True,False,
loftr,face,Multi-PIE_genuine_83,227,227,681,681,681,226,0.3319,False,0.3164,True,False,2.4514
orb-fingervein,face,Multi-PIE_genuine_83,227,227,4643,4063,82,22,0.2683,False,0.2603,True,False,2.0968
sift-fingervein,face,Multi-PIE_genuine_83,227,227,1155,789,49,7,0.1429,False,0.1313,True,False,2.3415
superglue-fingervein,face,Multi-PIE_genuine_83,227,227,971,791,320,73,0.2281,True,0.2139,True,True,2.7903
sgmnet-fingervein,face,Multi-PIE_genuine_83,227,227,1812,1714,504,74,0.1468,False,0.1447,True,False,1.7887
aspanformer,face,Multi-PIE_genuine_83,227,227,914,914,914,282,0.3085,False,0.2986,True,False,2.1525
deepdetect,face,Multi-PIE_genuine_83,227,227,19557,12159,32,24,0.7500,True,0.7500,True,True,0.7800
loftr,face,Multi-PIE_genuine_84,090,090,381,381,381,94,0.2467,False,0.2339,True,False,2.5687
orb-fingervein,face,Multi-PIE_genuine_84,090,090,4922,3877,48,0,,False,,True,False,
sift-fingervein,face,Multi-PIE_genuine_84,090,090,1255,861,30,6,0.2000,False,0.1892,True,False,1.2500
superglue-fingervein,face,Multi-PIE_genuine_84,090,090,1091,892,292,45,0.1541,False,0.1482,True,False,2.2842
sgmnet-fingervein,face,Multi-PIE_genuine_84,090,090,2000,2000,497,57,0.1147,False,0.1147,True,False,1.4707
aspanformer,face,Multi-PIE_genuine_84,090,090,636,636,636,173,0.2720,False,0.2602,True,False,2.3866
deepdetect,face,Multi-PIE_genuine_84,090,090,19745,10652,4,4,1.0000,True,1.0000,True,True,0.0000
loftr,face,Multi-PIE_genuine_85,237,237,2,2,2,0,,False,,True,False,
orb-fingervein,face,Multi-PIE_genuine_85,237,237,2595,1563,47,0,,False,,True,False,
sift-fingervein,face,Multi-PIE_genuine_85,237,237,912,546,18,0,,False,,True,False,
superglue-fingervein,face,Multi-PIE_genuine_85,237,237,684,373,8,4,0.5000,True,0.4583,True,True,0.0000
sgmnet-fingervein,face,Multi-PIE_genuine_85,237,237,2000,1991,154,9,0.0584,False,0.0570,True,False,1.2551
aspanformer,face,Multi-PIE_genuine_85,237,237,3,3,3,0,,False,,True,False,
deepdetect,face,Multi-PIE_genuine_85,237,237,19153,6316,59,0,,False,,True,False,
loftr,face,Multi-PIE_genuine_86,231,231,450,450,450,136,0.3022,False,0.2896,True,False,2.3519
orb-fingervein,face,Multi-PIE_genuine_86,231,231,4276,3947,44,18,0.4091,False,0.4001,True,False,1.9176
sift-fingervein,face,Multi-PIE_genuine_86,231,231,953,655,23,9,0.3913,False,0.3747,True,False,1.8871
superglue-fingervein,face,Multi-PIE_genuine_86,231,231,817,670,271,59,0.2177,True,0.2048,True,True,2.7196
sgmnet-fingervein,face,Multi-PIE_genuine_86,231,231,2000,2000,330,31,0.0939,False,0.0938,True,False,1.5318
aspanformer,face,Multi-PIE_genuine_86,231,231,645,645,645,198,0.3070,False,0.2953,True,False,2.2768
deepdetect,face,Multi-PIE_genuine_86,231,231,17688,13900,58,38,0.6552,True,0.6552,True,True,0.8815
loftr,face,Multi-PIE_genuine_87,219,219,747,747,747,253,0.3387,False,0.3235,True,False,2.4166
orb-fingervein,face,Multi-PIE_genuine_87,219,219,3562,3159,74,28,0.3784,False,0.3760,True,False,1.6249
sift-fingervein,face,Multi-PIE_genuine_87,219,219,556,451,44,13,0.2955,False,0.2796,True,False,2.4624
superglue-fingervein,face,Multi-PIE_genuine_87,219,219,604,469,211,83,0.3934,True,0.3697,True,True,2.7407
sgmnet-fingervein,face,Multi-PIE_genuine_87,219,219,2000,2000,555,53,0.0955,False,0.0941,True,False,1.7926
aspanformer,face,Multi-PIE_genuine_87,219,219,679,679,679,235,0.3461,False,0.3338,True,False,2.2247
deepdetect,face,Multi-PIE_genuine_87,219,219,16140,11472,56,39,0.6964,True,0.6964,True,True,1.8809
loftr,face,Multi-PIE_genuine_88,024,024,868,868,868,307,0.3537,False,0.3389,True,False,2.3541
orb-fingervein,face,Multi-PIE_genuine_88,024,024,3903,2573,83,26,0.3133,False,0.3077,True,False,1.8569
sift-fingervein,face,Multi-PIE_genuine_88,024,024,818,543,48,14,0.2917,False,0.2813,True,False,2.1212
superglue-fingervein,face,Multi-PIE_genuine_88,024,024,785,524,306,74,0.2418,True,0.2261,True,True,2.8450
sgmnet-fingervein,face,Multi-PIE_genuine_88,024,024,2000,2000,835,139,0.1665,False,0.1643,True,False,1.7674
aspanformer,face,Multi-PIE_genuine_88,024,024,1195,1195,1195,429,0.3590,False,0.3449,True,False,2.2999
deepdetect,face,Multi-PIE_genuine_88,024,024,14116,9872,59,45,0.7627,True,0.7627,True,True,1.4923
loftr,face,Multi-PIE_genuine_89,205,205,157,157,157,12,0.0764,False,0.0736,True,False,2.0661
orb-fingervein,face,Multi-PIE_genuine_89,205,205,3979,3117,39,0,,False,,True,False,
sift-fingervein,face,Multi-PIE_genuine_89,205,205,801,546,21,0,,False,,True,False,
superglue-fingervein,face,Multi-PIE_genuine_89,205,205,894,659,116,15,0.1293,False,0.1222,True,False,2.5533
sgmnet-fingervein,face,Multi-PIE_genuine_89,205,205,2000,2000,121,8,0.0661,False,0.0640,True,False,1.1088
aspanformer,face,Multi-PIE_genuine_89,205,205,9,9,9,6,0.6667,True,0.6296,True,True,1.5369
deepdetect,face,Multi-PIE_genuine_89,205,205,18889,13026,8,0,,False,,True,False,
loftr,face,Multi-PIE_genuine_90,215,215,103,103,103,16,0.1553,False,0.1525,True,False,1.8138
orb-fingervein,face,Multi-PIE_genuine_90,215,215,470,525,5,0,,False,,True,False,
sift-fingervein,face,Multi-PIE_genuine_90,215,215,135,150,1,0,,False,,True,False,
superglue-fingervein,face,Multi-PIE_genuine_90,215,215,463,352,0,0,,False,,True,False,
sgmnet-fingervein,face,Multi-PIE_genuine_90,215,215,2000,2000,63,7,0.1111,False,0.1065,True,False,0.3903
aspanformer,face,Multi-PIE_genuine_90,215,215,9,9,9,5,0.5556,True,0.5179,True,True,0.2654
deepdetect,face,Multi-PIE_genuine_90,215,215,3949,3834,4,0,,False,,True,False,
loftr,face,Multi-PIE_genuine_91,058,058,5,5,5,0,,False,,True,False,
orb-fingervein,face,Multi-PIE_genuine_91,058,058,2573,3181,37,10,0.2703,False,0.2596,True,False,1.9499
sift-fingervein,face,Multi-PIE_genuine_91,058,058,337,537,13,0,,False,,True,False,
superglue-fingervein,face,Multi-PIE_genuine_91,058,058,494,661,0,0,,False,,True,False,
sgmnet-fingervein,face,Multi-PIE_genuine_91,058,058,2000,2000,241,11,0.0456,False,0.0451,True,False,0.6449
aspanformer,face,Multi-PIE_genuine_91,058,058,1,1,0,0,,False,,True,False,
deepdetect,face,Multi-PIE_genuine_91,058,058,9474,13413,8,0,,False,,True,False,
loftr,face,Multi-PIE_genuine_92,180,180,1003,1003,1003,458,0.4566,False,0.4404,True,False,2.2243
orb-fingervein,face,Multi-PIE_genuine_92,180,180,2754,3572,115,59,0.5130,True,0.5130,True,True,1.3179
sift-fingervein,face,Multi-PIE_genuine_92,180,180,388,441,48,21,0.4375,False,0.4319,True,False,1.7476
superglue-fingervein,face,Multi-PIE_genuine_92,180,180,468,573,237,85,0.3586,True,0.3338,True,True,2.9338
sgmnet-fingervein,face,Multi-PIE_genuine_92,180,180,2000,2000,839,97,0.1156,False,0.1150,True,False,1.6027
aspanformer,face,Multi-PIE_genuine_92,180,180,821,821,821,459,0.5591,True,0.5445,True,True,2.0271
deepdetect,face,Multi-PIE_genuine_92,180,180,7924,9677,63,58,0.9206,True,0.9206,True,True,1.5655
loftr,face,Multi-PIE_genuine_93,247,247,581,581,581,200,0.3442,False,0.3343,True,False,2.0855
orb-fingervein,face,Multi-PIE_genuine_93,247,247,3897,4116,59,23,0.3898,False,0.3719,True,False,2.4362
sift-fingervein,face,Multi-PIE_genuine_93,247,247,903,941,36,15,0.4167,False,0.4076,True,False,1.8670
superglue-fingervein,face,Multi-PIE_genuine_93,247,247,841,828,356,87,0.2444,True,0.2303,True,True,2.6912
sgmnet-fingervein,face,Multi-PIE_genuine_93,247,247,2000,1911,617,88,0.1426,False,0.1410,True,False,1.7299
aspanformer,face,Multi-PIE_genuine_93,247,247,988,988,988,293,0.2966,False,0.2822,True,False,2.4931
deepdetect,face,Multi-PIE_genuine_93,247,247,12739,18151,36,22,0.6111,True,0.6111,True,True,2.2258
loftr,face,Multi-PIE_genuine_94,083,083,6,6,6,0,,False,,True,False,
orb-fingervein,face,Multi-PIE_genuine_94,083,083,3166,2421,38,0,,False,,True,False,
sift-fingervein,face,Multi-PIE_genuine_94,083,083,659,305,18,0,,False,,True,False,
superglue-fingervein,face,Multi-PIE_genuine_94,083,083,615,553,2,0,,False,,True,False,
sgmnet-fingervein,face,Multi-PIE_genuine_94,083,083,2000,2000,45,6,0.1333,False,0.1262,True,False,0.0000
aspanformer,face,Multi-PIE_genuine_94,083,083,7,7,7,5,0.7143,True,0.6658,True,True,0.3397
deepdetect,face,Multi-PIE_genuine_94,083,083,13611,7076,6,0,,False,,True,False,
loftr,face,Multi-PIE_genuine_95,055,055,20,20,20,8,0.4000,False,0.3854,True,False,1.6004
orb-fingervein,face,Multi-PIE_genuine_95,055,055,4909,4490,36,0,,False,,True,False,
sift-fingervein,face,Multi-PIE_genuine_95,055,055,1098,1183,25,0,,False,,True,False,
superglue-fingervein,face,Multi-PIE_genuine_95,055,055,1036,1057,11,7,0.6364,True,0.6098,True,True,1.0733
sgmnet-fingervein,face,Multi-PIE_genuine_95,055,055,2000,2000,51,0,,False,,True,False,
aspanformer,face,Multi-PIE_genuine_95,055,055,12,12,12,5,0.4167,False,0.3884,True,False,1.1090
deepdetect,face,Multi-PIE_genuine_95,055,055,12495,11091,7,4,0.5714,True,0.5714,True,True,0.0000
loftr,face,Multi-PIE_genuine_96,156,156,1097,1097,1097,490,0.4467,False,0.4298,True,False,2.2688
orb-fingervein,face,Multi-PIE_genuine_96,156,156,3459,3324,226,125,0.5531,True,0.5347,True,True,2.1780
sift-fingervein,face,Multi-PIE_genuine_96,156,156,621,561,64,31,0.4844,True,0.4741,True,True,1.9301
superglue-fingervein,face,Multi-PIE_genuine_96,156,156,766,643,341,117,0.3431,True,0.3214,True,True,2.8082
sgmnet-fingervein,face,Multi-PIE_genuine_96,156,156,2000,2000,927,176,0.1899,False,0.1877,True,False,1.7340
aspanformer,face,Multi-PIE_genuine_96,156,156,1660,1660,1660,567,0.3416,False,0.3282,True,False,2.3009
deepdetect,face,Multi-PIE_genuine_96,156,156,11061,14135,92,79,0.8587,True,0.8587,True,True,1.1534
loftr,face,Multi-PIE_genuine_97,128,128,1,1,1,0,,False,,True,False,
orb-fingervein,face,Multi-PIE_genuine_97,128,128,4934,4795,59,0,,False,,True,False,
sift-fingervein,face,Multi-PIE_genuine_97,128,128,1299,1063,25,0,,False,,True,False,
superglue-fingervein,face,Multi-PIE_genuine_97,128,128,987,906,35,10,0.2857,True,0.2745,True,True,1.9472
sgmnet-fingervein,face,Multi-PIE_genuine_97,128,128,2000,1895,135,9,0.0667,False,0.0651,True,False,1.1825
aspanformer,face,Multi-PIE_genuine_97,128,128,8,8,8,5,0.6250,True,0.5826,True,True,0.7506
deepdetect,face,Multi-PIE_genuine_97,128,128,15811,15967,15,0,,False,,True,False,
loftr,face,Multi-PIE_genuine_98,091,091,981,981,981,363,0.3700,False,0.3452,True,False,2.8907
orb-fingervein,face,Multi-PIE_genuine_98,091,091,4791,4424,187,102,0.5455,True,0.5095,True,True,2.8623
sift-fingervein,face,Multi-PIE_genuine_98,091,091,1240,1038,77,27,0.3506,False,0.3447,True,False,1.8398
superglue-fingervein,face,Multi-PIE_genuine_98,091,091,1110,933,518,160,0.3089,True,0.2861,True,True,3.0344
sgmnet-fingervein,face,Multi-PIE_genuine_98,091,091,2000,2000,828,132,0.1594,False,0.1585,True,False,1.6183
aspanformer,face,Multi-PIE_genuine_98,091,091,1534,1534,1534,594,0.3872,False,0.3728,True,False,2.2614
deepdetect,face,Multi-PIE_genuine_98,091,091,25011,22017,149,113,0.7584,True,0.7584,True,True,2.5711
loftr,face,Multi-PIE_genuine_99,217,217,38,38,38,10,0.2632,False,0.2511,True,False,2.0845
orb-fingervein,face,Multi-PIE_genuine_99,217,217,2830,2485,36,0,,False,,True,False,
sift-fingervein,face,Multi-PIE_genuine_99,217,217,462,383,14,5,0.3571,False,0.3329,True,False,0.5682
superglue-fingervein,face,Multi-PIE_genuine_99,217,217,595,467,34,11,0.3235,True,0.3161,True,True,1.7052
sgmnet-fingervein,face,Multi-PIE_genuine_99,217,217,2000,2000,122,7,0.0574,False,0.0550,True,False,0.3667
aspanformer,face,Multi-PIE_genuine_99,217,217,7,7,7,0,,False,,True,False,
deepdetect,face,Multi-PIE_genuine_99,217,217,10225,10621,3,0,,False,,True,False,
loftr,face,Multi-PIE_genuine_100,233,233,56,56,56,10,0.1786,False,0.1754,True,False,1.2790
orb-fingervein,face,Multi-PIE_genuine_100,233,233,4311,2789,34,0,,False,,True,False,
sift-fingervein,face,Multi-PIE_genuine_100,233,233,967,379,17,0,,False,,True,False,
superglue-fingervein,face,Multi-PIE_genuine_100,233,233,878,665,5,4,0.8000,True,0.7332,True,True,0.0000
sgmnet-fingervein,face,Multi-PIE_genuine_100,233,233,2000,2000,75,6,0.0800,False,0.0757,True,False,0.7052
aspanformer,face,Multi-PIE_genuine_100,233,233,9,9,9,0,,False,,True,False,
deepdetect,face,Multi-PIE_genuine_100,233,233,22915,6841,48,0,,False,,True,False,
loftr,face,Multi-PIE_genuine_101,188,188,14,14,14,5,0.3571,False,0.3329,True,False,0.9068
orb-fingervein,face,Multi-PIE_genuine_101,188,188,4705,4016,47,9,0.1915,False,0.1869,True,False,1.0840
sift-fingervein,face,Multi-PIE_genuine_101,188,188,1305,678,34,6,0.1765,False,0.1670,True,False,0.5971
superglue-fingervein,face,Multi-PIE_genuine_101,188,188,1142,724,13,0,,False,,True,False,
sgmnet-fingervein,face,Multi-PIE_genuine_101,188,188,2000,2000,111,9,0.0811,False,0.0791,True,False,1.1790
aspanformer,face,Multi-PIE_genuine_101,188,188,10,10,10,5,0.5000,True,0.4661,True,True,0.8589
deepdetect,face,Multi-PIE_genuine_101,188,188,19065,11671,22,13,0.5909,True,0.5909,True,True,1.1432
loftr,face,Multi-PIE_genuine_102,074,074,1452,1452,1452,747,0.5145,True,0.4946,True,True,2.2858
orb-fingervein,face,Multi-PIE_genuine_102,074,074,4350,4648,454,242,0.5330,True,0.5128,True,True,2.2738
sift-fingervein,face,Multi-PIE_genuine_102,074,074,849,1002,119,41,0.3445,False,0.3402,True,False,1.7508
superglue-fingervein,face,Multi-PIE_genuine_102,074,074,803,957,491,194,0.3951,True,0.3724,True,True,2.6862
sgmnet-fingervein,face,Multi-PIE_genuine_102,074,074,1531,1635,708,180,0.2542,True,0.2491,True,True,1.9075
aspanformer,face,Multi-PIE_genuine_102,074,074,2077,2077,2077,1061,0.5108,True,0.4887,True,True,2.3865
deepdetect,face,Multi-PIE_genuine_102,074,074,21122,28109,623,440,0.7063,True,0.7063,True,True,2.3977
loftr,face,Multi-PIE_genuine_103,232,232,1210,1210,1210,611,0.5050,True,0.4758,True,True,2.6907
orb-fingervein,face,Multi-PIE_genuine_103,232,232,3750,3840,125,74,0.5920,True,0.5835,True,True,1.7893
sift-fingervein,face,Multi-PIE_genuine_103,232,232,619,562,54,26,0.4815,True,0.4737,True,True,1.8224
superglue-fingervein,face,Multi-PIE_genuine_103,232,232,652,637,334,117,0.3503,True,0.3284,True,True,2.7906
sgmnet-fingervein,face,Multi-PIE_genuine_103,232,232,2000,2000,861,139,0.1614,False,0.1590,True,False,1.8057
aspanformer,face,Multi-PIE_genuine_103,232,232,1331,1331,1331,685,0.5147,True,0.5065,True,True,1.8178
deepdetect,face,Multi-PIE_genuine_103,232,232,9712,8517,20,18,0.9000,True,0.9000,True,True,1.1994
loftr,face,Multi-PIE_genuine_104,109,109,710,710,710,206,0.2901,False,0.2780,True,False,2.3557
orb-fingervein,face,Multi-PIE_genuine_104,109,109,4456,3521,58,12,0.2069,False,0.2023,True,False,1.7632
sift-fingervein,face,Multi-PIE_genuine_104,109,109,840,666,52,8,0.1538,False,0.1490,True,False,1.0764
superglue-fingervein,face,Multi-PIE_genuine_104,109,109,862,618,261,50,0.1916,True,0.1791,True,True,2.8415
sgmnet-fingervein,face,Multi-PIE_genuine_104,109,109,1909,2000,667,104,0.1559,False,0.1546,True,False,1.6646
aspanformer,face,Multi-PIE_genuine_104,109,109,805,805,805,280,0.3478,False,0.3314,True,False,2.4647
deepdetect,face,Multi-PIE_genuine_104,109,109,17328,11420,50,29,0.5800,True,0.5800,True,True,1.9711
loftr,face,Multi-PIE_genuine_105,019,019,60,60,60,10,0.1667,False,0.1622,True,False,1.6882
orb-fingervein,face,Multi-PIE_genuine_105,019,019,3557,2415,55,0,,False,,True,False,
sift-fingervein,face,Multi-PIE_genuine_105,019,019,522,416,16,0,,False,,True,False,
superglue-fingervein,face,Multi-PIE_genuine_105,019,019,684,596,17,0,,False,,True,False,
sgmnet-fingervein,face,Multi-PIE_genuine_105,019,019,2000,2000,101,8,0.0792,False,0.0767,True,False,0.6143
aspanformer,face,Multi-PIE_genuine_105,019,019,13,13,13,7,0.5385,True,0.5160,True,True,0.7260
deepdetect,face,Multi-PIE_genuine_105,019,019,12213,9985,13,0,,False,,True,False,
loftr,face,Multi-PIE_genuine_106,077,077,275,275,275,80,0.2909,False,0.2843,True,False,1.9562
orb-fingervein,face,Multi-PIE_genuine_106,077,077,3021,3033,79,20,0.2532,False,0.2438,True,False,2.2414
sift-fingervein,face,Multi-PIE_genuine_106,077,077,510,565,20,0,,False,,True,False,
superglue-fingervein,face,Multi-PIE_genuine_106,077,077,736,671,257,66,0.2568,True,0.2404,True,True,2.8207
sgmnet-fingervein,face,Multi-PIE_genuine_106,077,077,2000,2000,79,7,0.0886,False,0.0849,True,False,0.5229
aspanformer,face,Multi-PIE_genuine_106,077,077,133,133,133,81,0.6090,True,0.5975,True,True,1.8832
deepdetect,face,Multi-PIE_genuine_106,077,077,14512,9840,28,21,0.7500,True,0.7500,True,True,1.6849
loftr,face,Multi-PIE_genuine_107,011,011,1788,1788,1788,940,0.5257,True,0.5240,True,True,1.5656
orb-fingervein,face,Multi-PIE_genuine_107,011,011,3954,4018,469,276,0.5885,True,0.5688,True,True,2.1796
sift-fingervein,face,Multi-PIE_genuine_107,011,011,706,689,120,48,0.4000,False,0.3807,True,False,2.4904
superglue-fingervein,face,Multi-PIE_genuine_107,011,011,739,780,421,161,0.3824,True,0.3558,True,True,2.9451
sgmnet-fingervein,face,Multi-PIE_genuine_107,011,011,1867,1853,957,246,0.2571,True,0.2549,True,True,1.6654
aspanformer,face,Multi-PIE_genuine_107,011,011,2211,2211,2211,1059,0.4790,True,0.4629,True,True,2.1822
deepdetect,face,Multi-PIE_genuine_107,011,011,13827,16221,618,540,0.8738,True,0.8738,True,True,1.2126
loftr,face,Multi-PIE_genuine_108,107,107,2,2,2,0,,False,,True,False,
orb-fingervein,face,Multi-PIE_genuine_108,107,107,3390,4335,33,0,,False,,True,False,
sift-fingervein,face,Multi-PIE_genuine_108,107,107,479,883,14,4,0.2857,False,0.2619,True,False,0.0000
superglue-fingervein,face,Multi-PIE_genuine_108,107,107,535,954,0,0,,False,,True,False,
sgmnet-fingervein,face,Multi-PIE_genuine_108,107,107,2000,2000,59,9,0.1525,False,0.1489,True,False,0.7933
aspanformer,face,Multi-PIE_genuine_108,107,107,6,6,6,0,,False,,True,False,
deepdetect,face,Multi-PIE_genuine_108,107,107,8714,19044,9,0,,False,,True,False,
loftr,face,Multi-PIE_genuine_109,135,135,7,7,7,0,,False,,True,False,
orb-fingervein,face,Multi-PIE_genuine_109,135,135,4075,2438,54,0,,False,,True,False,
sift-fingervein,face,Multi-PIE_genuine_109,135,135,988,366,23,0,,False,,True,False,
superglue-fingervein,face,Multi-PIE_genuine_109,135,135,744,544,20,7,0.3500,True,0.3324,True,True,1.6797
sgmnet-fingervein,face,Multi-PIE_genuine_109,135,135,2000,2000,88,6,0.0682,False,0.0645,True,False,1.0844
aspanformer,face,Multi-PIE_genuine_109,135,135,3,3,3,0,,False,,True,False,
deepdetect,face,Multi-PIE_genuine_109,135,135,15439,5919,1,0,,False,,True,False,
loftr,face,Multi-PIE_genuine_110,090,090,1061,1061,1061,619,0.5834,True,0.5673,True,True,2.0615
orb-fingervein,face,Multi-PIE_genuine_110,090,090,3162,3218,84,33,0.3929,False,0.3815,True,False,2.0841
sift-fingervein,face,Multi-PIE_genuine_110,090,090,524,545,47,23,0.4894,True,0.4732,True,True,2.1657
superglue-fingervein,face,Multi-PIE_genuine_110,090,090,574,612,301,122,0.4053,True,0.3855,True,True,2.5009
sgmnet-fingervein,face,Multi-PIE_genuine_110,090,090,2000,2000,884,176,0.1991,False,0.1968,True,False,1.7316
aspanformer,face,Multi-PIE_genuine_110,090,090,1564,1564,1564,765,0.4891,True,0.4707,True,True,2.2676
deepdetect,face,Multi-PIE_genuine_110,090,090,8402,8302,109,90,0.8257,True,0.8257,True,True,1.3066
loftr,face,Multi-PIE_genuine_111,023,023,722,722,722,230,0.3186,False,0.3025,True,False,2.5350
orb-fingervein,face,Multi-PIE_genuine_111,023,023,4595,3762,54,12,0.2222,False,0.2195,True,False,1.5543
sift-fingervein,face,Multi-PIE_genuine_111,023,023,1076,662,41,16,0.3902,False,0.3861,True,False,1.6625
superglue-fingervein,face,Multi-PIE_genuine_111,023,023,981,770,368,80,0.2174,True,0.2043,True,True,2.7433
sgmnet-fingervein,face,Multi-PIE_genuine_111,023,023,2000,2000,561,65,0.1159,False,0.1139,True,False,1.8358
aspanformer,face,Multi-PIE_genuine_111,023,023,977,977,977,332,0.3398,False,0.3208,True,False,2.6544
deepdetect,face,Multi-PIE_genuine_111,023,023,22817,9283,73,39,0.5342,True,0.5342,True,True,2.2625
loftr,face,Multi-PIE_genuine_112,071,071,528,528,528,130,0.2462,False,0.2340,True,False,2.5185
orb-fingervein,face,Multi-PIE_genuine_112,071,071,3675,3717,28,9,0.3214,False,0.3138,True,False,1.3067
sift-fingervein,face,Multi-PIE_genuine_112,071,071,916,815,15,5,0.3333,False,0.3107,True,False,0.7284
superglue-fingervein,face,Multi-PIE_genuine_112,071,071,657,862,291,57,0.1959,True,0.1835,True,True,2.8077
sgmnet-fingervein,face,Multi-PIE_genuine_112,071,071,2000,2000,647,73,0.1128,False,0.1109,True,False,1.8490
aspanformer,face,Multi-PIE_genuine_112,071,071,845,845,845,198,0.2343,False,0.2235,True,False,2.4451
deepdetect,face,Multi-PIE_genuine_112,071,071,10808,22902,11,0,,False,,True,False,
loftr,face,Multi-PIE_genuine_113,191,191,580,580,580,167,0.2879,False,0.2860,True,False,1.6365
orb-fingervein,face,Multi-PIE_genuine_113,191,191,2324,1216,48,10,0.2083,False,0.2003,True,False,1.9334
sift-fingervein,face,Multi-PIE_genuine_113,191,191,458,283,16,5,0.3125,False,0.2913,True,False,0.2356
superglue-fingervein,face,Multi-PIE_genuine_113,191,191,605,464,201,40,0.1990,True,0.1897,True,True,2.4581
sgmnet-fingervein,face,Multi-PIE_genuine_113,191,191,2000,2000,708,58,0.0819,False,0.0815,True,False,1.5943
aspanformer,face,Multi-PIE_genuine_113,191,191,402,402,402,118,0.2935,False,0.2854,True,False,2.0636
deepdetect,face,Multi-PIE_genuine_113,191,191,9621,7656,5,0,,False,,True,False,
loftr,face,Multi-PIE_genuine_114,243,243,1460,1460,1460,931,0.6377,True,0.6146,True,True,2.2362
orb-fingervein,face,Multi-PIE_genuine_114,243,243,3529,3178,412,297,0.7209,True,0.7002,True,True,2.0809
sift-fingervein,face,Multi-PIE_genuine_114,243,243,740,602,96,54,0.5625,True,0.5472,True,True,2.0514
superglue-fingervein,face,Multi-PIE_genuine_114,243,243,718,683,398,164,0.4121,True,0.3879,True,True,2.7106
sgmnet-fingervein,face,Multi-PIE_genuine_114,243,243,2000,2000,1030,292,0.2835,True,0.2795,True,True,1.7861
aspanformer,face,Multi-PIE_genuine_114,243,243,1950,1950,1950,1162,0.5959,True,0.5763,True,True,2.1703
deepdetect,face,Multi-PIE_genuine_114,243,243,14797,15184,759,698,0.9196,True,0.9196,True,True,1.2728
loftr,face,Multi-PIE_genuine_115,106,106,63,63,63,18,0.2857,False,0.2837,True,False,1.6133
orb-fingervein,face,Multi-PIE_genuine_115,106,106,4965,3272,54,0,,False,,True,False,
sift-fingervein,face,Multi-PIE_genuine_115,106,106,1162,463,35,0,,False,,True,False,
superglue-fingervein,face,Multi-PIE_genuine_115,106,106,1056,553,55,12,0.2182,True,0.2100,True,True,2.0782
sgmnet-fingervein,face,Multi-PIE_genuine_115,106,106,2000,2000,104,8,0.0769,False,0.0745,True,False,0.4118
aspanformer,face,Multi-PIE_genuine_115,106,106,15,15,15,8,0.5333,True,0.5158,True,True,1.5221
deepdetect,face,Multi-PIE_genuine_115,106,106,24762,10603,6,0,,False,,True,False,
loftr,face,Multi-PIE_genuine_116,072,072,31,31,31,11,0.3548,False,0.3406,True,False,2.0546
orb-fingervein,face,Multi-PIE_genuine_116,072,072,2241,1510,26,0,,False,,True,False,
sift-fingervein,face,Multi-PIE_genuine_116,072,072,312,345,17,5,0.2941,False,0.2742,True,False,0.8917
superglue-fingervein,face,Multi-PIE_genuine_116,072,072,536,473,22,6,0.2727,True,0.2581,True,True,1.4346
sgmnet-fingervein,face,Multi-PIE_genuine_116,072,072,2000,2000,102,8,0.0784,False,0.0759,True,False,0.8541
aspanformer,face,Multi-PIE_genuine_116,072,072,8,8,8,7,0.8750,True,0.4854,True,True,12.4336
deepdetect,face,Multi-PIE_genuine_116,072,072,11564,7641,12,9,0.7500,True,0.7500,True,True,1.0626
loftr,face,Multi-PIE_genuine_117,222,222,24,24,24,11,0.4583,False,0.4365,True,False,2.2141
orb-fingervein,face,Multi-PIE_genuine_117,222,222,4128,3460,39,10,0.2564,False,0.2519,True,False,1.3843
sift-fingervein,face,Multi-PIE_genuine_117,222,222,1034,647,29,0,,False,,True,False,
superglue-fingervein,face,Multi-PIE_genuine_117,222,222,888,667,16,7,0.4375,True,0.4151,True,True,1.7007
sgmnet-fingervein,face,Multi-PIE_genuine_117,222,222,2000,2000,57,7,0.1228,False,0.1177,True,False,0.5015
aspanformer,face,Multi-PIE_genuine_117,222,222,13,13,13,8,0.6154,True,0.5958,True,True,0.6569
deepdetect,face,Multi-PIE_genuine_117,222,222,19184,12874,15,6,0.4000,True,0.4000,True,True,0.6270
loftr,face,Multi-PIE_genuine_118,168,168,631,631,631,202,0.3201,False,0.3172,True,False,1.6861
orb-fingervein,face,Multi-PIE_genuine_118,168,168,4250,3632,48,11,0.2292,False,0.2261,True,False,1.5054
sift-fingervein,face,Multi-PIE_genuine_118,168,168,897,636,26,6,0.2308,False,0.2184,True,False,0.8404
superglue-fingervein,face,Multi-PIE_genuine_118,168,168,836,642,217,66,0.3041,True,0.2824,True,True,2.9825
sgmnet-fingervein,face,Multi-PIE_genuine_118,168,168,2000,2000,460,84,0.1826,False,0.1805,True,False,1.7291
aspanformer,face,Multi-PIE_genuine_118,168,168,661,661,661,250,0.3782,False,0.3726,True,False,1.8012
deepdetect,face,Multi-PIE_genuine_118,168,168,18444,12569,44,33,0.7500,True,0.7500,True,True,1.5071
loftr,face,Multi-PIE_genuine_119,133,133,3,3,3,0,,False,,True,False,
orb-fingervein,face,Multi-PIE_genuine_119,133,133,3756,2782,31,0,,False,,True,False,
sift-fingervein,face,Multi-PIE_genuine_119,133,133,726,380,26,0,,False,,True,False,
superglue-fingervein,face,Multi-PIE_genuine_119,133,133,720,530,43,9,0.2093,True,0.2043,True,True,1.1785
sgmnet-fingervein,face,Multi-PIE_genuine_119,133,133,2000,2000,98,10,0.1020,False,0.1002,True,False,0.9484
aspanformer,face,Multi-PIE_genuine_119,133,133,19,19,19,9,0.4737,True,0.4435,True,True,2.3346
deepdetect,face,Multi-PIE_genuine_119,133,133,13189,7284,0,0,,False,,True,False,
loftr,face,Multi-PIE_genuine_120,218,218,19,19,19,6,0.3158,False,0.2988,True,False,1.3616
orb-fingervein,face,Multi-PIE_genuine_120,218,218,3781,2883,41,0,,False,,True,False,
sift-fingervein,face,Multi-PIE_genuine_120,218,218,781,355,20,0,,False,,True,False,
superglue-fingervein,face,Multi-PIE_genuine_120,218,218,675,426,3,0,,False,,True,False,
sgmnet-fingervein,face,Multi-PIE_genuine_120,218,218,2000,2000,125,8,0.0640,False,0.0620,True,False,0.5111
aspanformer,face,Multi-PIE_genuine_120,218,218,14,14,14,8,0.5714,True,0.5485,True,True,1.6742
deepdetect,face,Multi-PIE_genuine_120,218,218,13225,7137,21,0,,False,,True,False,
loftr,face,Multi-PIE_genuine_121,155,155,296,296,296,69,0.2331,False,0.2234,True,False,2.3485
orb-fingervein,face,Multi-PIE_genuine_121,155,155,962,1269,39,10,0.2564,False,0.2414,True,False,2.3460
sift-fingervein,face,Multi-PIE_genuine_121,155,155,256,269,12,0,,False,,True,False,
superglue-fingervein,face,Multi-PIE_genuine_121,155,155,534,411,145,37,0.2552,True,0.2402,True,True,2.7107
sgmnet-fingervein,face,Multi-PIE_genuine_121,155,155,2000,2000,259,23,0.0888,False,0.0879,True,False,1.6893
aspanformer,face,Multi-PIE_genuine_121,155,155,331,331,331,120,0.3625,False,0.3479,True,False,2.3236
deepdetect,face,Multi-PIE_genuine_121,155,155,7611,6533,10,8,0.8000,True,0.8000,True,True,0.2885
loftr,face,Multi-PIE_genuine_122,049,049,0,0,0,0,,False,,True,False,
orb-fingervein,face,Multi-PIE_genuine_122,049,049,2799,2855,42,0,,False,,True,False,
sift-fingervein,face,Multi-PIE_genuine_122,049,049,370,546,9,0,,False,,True,False,
superglue-fingervein,face,Multi-PIE_genuine_122,049,049,462,640,8,5,0.6250,True,0.5826,True,True,1.0765
sgmnet-fingervein,face,Multi-PIE_genuine_122,049,049,2000,2000,46,6,0.1304,False,0.1234,True,False,0.3528
aspanformer,face,Multi-PIE_genuine_122,049,049,5,5,5,4,0.8000,True,0.7332,True,True,0.0000
deepdetect,face,Multi-PIE_genuine_122,049,049,9022,9185,13,0,,False,,True,False,
loftr,face,Multi-PIE_genuine_123,090,090,0,0,0,0,,False,,True,False,
orb-fingervein,face,Multi-PIE_genuine_123,090,090,4330,4269,48,8,0.1667,False,0.1614,True,False,1.3388
sift-fingervein,face,Multi-PIE_genuine_123,090,090,975,1079,17,0,,False,,True,False,
superglue-fingervein,face,Multi-PIE_genuine_123,090,090,775,875,9,0,,False,,True,False,
sgmnet-fingervein,face,Multi-PIE_genuine_123,090,090,2000,2000,150,9,0.0600,False,0.0586,True,False,1.1664
aspanformer,face,Multi-PIE_genuine_123,090,090,3,3,3,0,,False,,True,False,
deepdetect,face,Multi-PIE_genuine_123,090,090,14309,12455,2,0,,False,,True,False,
loftr,face,Multi-PIE_genuine_124,047,047,17,17,17,0,,False,,True,False,
orb-fingervein,face,Multi-PIE_genuine_124,047,047,2967,2966,32,9,0.2812,False,0.2745,True,False,0.3823
sift-fingervein,face,Multi-PIE_genuine_124,047,047,455,418,8,4,0.5000,True,0.4583,True,True,0.0000
superglue-fingervein,face,Multi-PIE_genuine_124,047,047,563,579,36,10,0.2778,True,0.2671,True,True,1.9273
sgmnet-fingervein,face,Multi-PIE_genuine_124,047,047,2000,2000,60,0,,False,,True,False,
aspanformer,face,Multi-PIE_genuine_124,047,047,7,7,7,0,,False,,True,False,
deepdetect,face,Multi-PIE_genuine_124,047,047,9505,10355,7,0,,False,,True,False,
loftr,face,Multi-PIE_genuine_125,083,083,195,195,195,60,0.3077,False,0.2983,True,False,2.1185
orb-fingervein,face,Multi-PIE_genuine_125,083,083,1966,2824,16,0,,False,,True,False,
sift-fingervein,face,Multi-PIE_genuine_125,083,083,290,407,6,4,0.6667,True,0.6110,True,True,0.0000
superglue-fingervein,face,Multi-PIE_genuine_125,083,083,425,553,85,16,0.1882,True,0.1813,True,True,2.2042
sgmnet-fingervein,face,Multi-PIE_genuine_125,083,083,2000,2000,452,69,0.1527,False,0.1512,True,False,1.6974
aspanformer,face,Multi-PIE_genuine_125,083,083,175,175,175,68,0.3886,False,0.3731,True,False,2.3140
deepdetect,face,Multi-PIE_genuine_125,083,083,4778,8238,7,0,,False,,True,False,
loftr,face,Multi-PIE_genuine_126,189,189,670,670,670,250,0.3731,False,0.3655,True,False,1.9150
orb-fingervein,face,Multi-PIE_genuine_126,189,189,4897,4440,210,116,0.5524,True,0.5307,True,True,2.3018
sift-fingervein,face,Multi-PIE_genuine_126,189,189,1428,1052,83,28,0.3373,False,0.3229,True,False,2.3758
superglue-fingervein,face,Multi-PIE_genuine_126,189,189,1164,878,378,127,0.3360,True,0.3175,True,True,2.6333
sgmnet-fingervein,face,Multi-PIE_genuine_126,189,189,2000,2000,542,67,0.1236,False,0.1234,True,False,1.5362
aspanformer,face,Multi-PIE_genuine_126,189,189,964,964,964,436,0.4523,True,0.4293,True,True,2.5442
deepdetect,face,Multi-PIE_genuine_126,189,189,29199,15409,331,258,0.7795,True,0.7795,True,True,1.8242
loftr,face,Multi-PIE_genuine_127,182,182,1609,1609,1609,867,0.5388,True,0.5211,True,True,2.1691
orb-fingervein,face,Multi-PIE_genuine_127,182,182,2760,2810,297,161,0.5421,True,0.5245,True,True,2.1589
sift-fingervein,face,Multi-PIE_genuine_127,182,182,456,521,85,39,0.4588,False,0.4374,True,False,2.4577
superglue-fingervein,face,Multi-PIE_genuine_127,182,182,690,773,357,116,0.3249,True,0.3051,True,True,2.7599
sgmnet-fingervein,face,Multi-PIE_genuine_127,182,182,2000,2000,886,165,0.1862,False,0.1841,True,False,1.7319
aspanformer,face,Multi-PIE_genuine_127,182,182,2362,2362,2362,1005,0.4255,True,0.4131,True,True,2.0891
deepdetect,face,Multi-PIE_genuine_127,182,182,14556,21636,353,315,0.8924,True,0.8924,True,True,0.9511
loftr,face,Multi-PIE_genuine_128,089,089,1180,1180,1180,639,0.5415,True,0.5290,True,True,1.9694
orb-fingervein,face,Multi-PIE_genuine_128,089,089,2344,1779,104,55,0.5288,True,0.5173,True,True,1.9404
sift-fingervein,face,Multi-PIE_genuine_128,089,089,315,286,43,22,0.5116,True,0.5063,True,True,1.7026
superglue-fingervein,face,Multi-PIE_genuine_128,089,089,434,449,209,89,0.4258,True,0.4015,True,True,2.6751
sgmnet-fingervein,face,Multi-PIE_genuine_128,089,089,2000,2000,887,217,0.2446,True,0.2415,True,True,1.7607
aspanformer,face,Multi-PIE_genuine_128,089,089,1549,1549,1549,838,0.5410,True,0.5218,True,True,2.2240
deepdetect,face,Multi-PIE_genuine_128,089,089,6433,4585,26,18,0.6923,True,0.6923,True,True,0.7347
loftr,face,Multi-PIE_genuine_129,197,197,156,156,156,30,0.1923,False,0.1898,True,False,1.7632
orb-fingervein,face,Multi-PIE_genuine_129,197,197,4725,4567,52,0,,False,,True,False,
sift-fingervein,face,Multi-PIE_genuine_129,197,197,1147,983,48,0,,False,,True,False,
superglue-fingervein,face,Multi-PIE_genuine_129,197,197,1047,1028,5,5,1.0000,True,0.9322,True,True,0.5073
sgmnet-fingervein,face,Multi-PIE_genuine_129,197,197,1817,2000,93,8,0.0860,False,0.0833,True,False,0.0859
aspanformer,face,Multi-PIE_genuine_129,197,197,76,76,76,26,0.3421,False,0.3377,True,False,1.7570
deepdetect,face,Multi-PIE_genuine_129,197,197,19669,14281,13,9,0.6923,True,0.6923,True,True,0.4885
loftr,face,Multi-PIE_genuine_130,144,144,540,540,540,189,0.3500,False,0.3427,True,False,1.9194
orb-fingervein,face,Multi-PIE_genuine_130,144,144,3038,1511,47,10,0.2128,False,0.2090,True,False,1.4296
sift-fingervein,face,Multi-PIE_genuine_130,144,144,665,363,29,8,0.2759,False,0.2627,True,False,1.8309
superglue-fingervein,face,Multi-PIE_genuine_130,144,144,798,490,251,56,0.2231,True,0.2118,True,True,2.5393
sgmnet-fingervein,face,Multi-PIE_genuine_130,144,144,2000,2000,702,132,0.1880,False,0.1861,True,False,1.7055
aspanformer,face,Multi-PIE_genuine_130,144,144,937,937,937,331,0.3533,False,0.3378,True,False,2.3973
deepdetect,face,Multi-PIE_genuine_130,144,144,12154,6101,49,37,0.7551,True,0.7551,True,True,1.7816
loftr,face,Multi-PIE_genuine_131,197,197,1509,1509,1509,938,0.6216,True,0.6009,True,True,2.1781
orb-fingervein,face,Multi-PIE_genuine_131,197,197,3907,3762,345,222,0.6435,True,0.6201,True,True,2.2410
sift-fingervein,face,Multi-PIE_genuine_131,197,197,896,840,132,81,0.6136,True,0.5986,True,True,1.9975
superglue-fingervein,face,Multi-PIE_genuine_131,197,197,817,844,461,179,0.3883,True,0.3697,True,True,2.4802
sgmnet-fingervein,face,Multi-PIE_genuine_131,197,197,2000,2000,992,270,0.2722,True,0.2698,True,True,1.6783
aspanformer,face,Multi-PIE_genuine_131,197,197,2165,2165,2165,1252,0.5783,True,0.5563,True,True,2.2765
deepdetect,face,Multi-PIE_genuine_131,197,197,19684,13385,751,639,0.8509,True,0.8509,True,True,1.1809
loftr,face,Multi-PIE_genuine_132,135,135,338,338,338,87,0.2574,False,0.2487,True,False,2.1870
orb-fingervein,face,Multi-PIE_genuine_132,135,135,3969,2954,58,17,0.2931,False,0.2874,True,False,1.8554
sift-fingervein,face,Multi-PIE_genuine_132,135,135,859,441,34,0,,False,,True,False,
superglue-fingervein,face,Multi-PIE_genuine_132,135,135,918,625,221,46,0.2081,True,0.1949,True,True,2.8152
sgmnet-fingervein,face,Multi-PIE_genuine_132,135,135,1896,2000,268,22,0.0821,False,0.0821,True,False,1.4682
aspanformer,face,Multi-PIE_genuine_132,135,135,291,291,291,96,0.3299,False,0.3198,True,False,2.1187
deepdetect,face,Multi-PIE_genuine_132,135,135,15230,8786,9,6,0.6667,True,0.6667,True,True,0.5535
loftr,face,Multi-PIE_genuine_133,122,122,1395,1395,1395,655,0.4695,True,0.4521,True,True,2.2558
orb-fingervein,face,Multi-PIE_genuine_133,122,122,2675,3049,312,164,0.5256,True,0.5153,True,True,1.8962
sift-fingervein,face,Multi-PIE_genuine_133,122,122,439,576,74,29,0.3919,False,0.3746,True,False,2.4035
superglue-fingervein,face,Multi-PIE_genuine_133,122,122,670,722,343,120,0.3499,True,0.3281,True,True,2.7824
sgmnet-fingervein,face,Multi-PIE_genuine_133,122,122,2000,2000,876,179,0.2043,True,0.2023,True,True,1.6961
aspanformer,face,Multi-PIE_genuine_133,122,122,1745,1745,1745,733,0.4201,True,0.4033,True,True,2.3163
deepdetect,face,Multi-PIE_genuine_133,122,122,11659,14676,399,313,0.7845,True,0.7845,True,True,1.5413
loftr,face,Multi-PIE_genuine_134,074,074,83,83,83,11,0.1325,False,0.1282,True,False,1.9085
orb-fingervein,face,Multi-PIE_genuine_134,074,074,2301,1537,36,0,,False,,True,False,
sift-fingervein,face,Multi-PIE_genuine_134,074,074,476,327,17,0,,False,,True,False,
superglue-fingervein,face,Multi-PIE_genuine_134,074,074,700,467,26,10,0.3846,True,0.3626,True,True,2.3209
sgmnet-fingervein,face,Multi-PIE_genuine_134,074,074,2000,2000,108,0,,False,,True,False,
aspanformer,face,Multi-PIE_genuine_134,074,074,18,18,18,0,,False,,True,False,
deepdetect,face,Multi-PIE_genuine_134,074,074,10882,7506,21,10,0.4762,True,0.4762,True,True,1.1307
loftr,face,Multi-PIE_genuine_135,047,047,553,553,553,191,0.3454,False,0.3264,True,False,2.6280
orb-fingervein,face,Multi-PIE_genuine_135,047,047,3470,3075,45,0,,False,,True,False,
sift-fingervein,face,Multi-PIE_genuine_135,047,047,511,410,31,7,0.2258,False,0.2112,True,False,1.9835
superglue-fingervein,face,Multi-PIE_genuine_135,047,047,692,546,233,65,0.2790,True,0.2631,True,True,2.6702
sgmnet-fingervein,face,Multi-PIE_genuine_135,047,047,2000,2000,537,49,0.0912,False,0.0905,True,False,1.6707
aspanformer,face,Multi-PIE_genuine_135,047,047,444,444,444,193,0.4347,True,0.4182,True,True,2.2716
deepdetect,face,Multi-PIE_genuine_135,047,047,13377,9225,4,0,,False,,True,False,
loftr,face,Multi-PIE_genuine_136,172,172,223,223,223,43,0.1928,False,0.1928,True,False,1.1033
orb-fingervein,face,Multi-PIE_genuine_136,172,172,4344,3434,76,26,0.3421,False,0.3355,True,False,1.8868
sift-fingervein,face,Multi-PIE_genuine_136,172,172,930,627,42,10,0.2381,False,0.2339,True,False,1.3972
superglue-fingervein,face,Multi-PIE_genuine_136,172,172,940,705,244,44,0.1803,True,0.1708,True,True,2.5816
sgmnet-fingervein,face,Multi-PIE_genuine_136,172,172,2000,2000,109,7,0.0642,False,0.0615,True,False,0.7522
aspanformer,face,Multi-PIE_genuine_136,172,172,292,292,292,155,0.5308,True,0.5179,True,True,1.9917
deepdetect,face,Multi-PIE_genuine_136,172,172,21752,14295,61,0,,False,,True,False,
loftr,face,Multi-PIE_genuine_137,166,166,899,899,899,321,0.3571,False,0.3427,True,False,2.3225
orb-fingervein,face,Multi-PIE_genuine_137,166,166,2279,1922,89,38,0.4270,False,0.4113,True,False,2.2452
sift-fingervein,face,Multi-PIE_genuine_137,166,166,327,312,28,11,0.3929,False,0.3764,True,False,2.0950
superglue-fingervein,face,Multi-PIE_genuine_137,166,166,434,512,206,56,0.2718,True,0.2545,True,True,2.8210
sgmnet-fingervein,face,Multi-PIE_genuine_137,166,166,2000,2000,837,95,0.1135,False,0.1124,True,False,1.6933
aspanformer,face,Multi-PIE_genuine_137,166,166,1194,1194,1194,422,0.3534,False,0.3383,True,False,2.3740
deepdetect,face,Multi-PIE_genuine_137,166,166,8142,7575,90,76,0.8444,True,0.8444,True,True,2.3725
loftr,face,Multi-PIE_genuine_138,031,031,716,716,716,230,0.3212,False,0.3107,True,False,2.1642
orb-fingervein,face,Multi-PIE_genuine_138,031,031,3476,3354,81,26,0.3210,False,0.3150,True,False,1.8772
sift-fingervein,face,Multi-PIE_genuine_138,031,031,661,688,28,8,0.2857,False,0.2713,True,False,1.8931
superglue-fingervein,face,Multi-PIE_genuine_138,031,031,639,621,275,54,0.1964,True,0.1876,True,True,2.4078
sgmnet-fingervein,face,Multi-PIE_genuine_138,031,031,2000,2000,700,86,0.1229,False,0.1217,True,False,1.6856
aspanformer,face,Multi-PIE_genuine_138,031,031,1190,1190,1190,352,0.2958,False,0.2838,True,False,2.3264
deepdetect,face,Multi-PIE_genuine_138,031,031,16616,20418,14,8,0.5714,True,0.5714,True,True,1.3516
loftr,face,Multi-PIE_genuine_139,016,016,502,502,502,135,0.2689,False,0.2583,True,False,2.3029
orb-fingervein,face,Multi-PIE_genuine_139,016,016,4573,4314,58,9,0.1552,False,0.1515,True,False,1.2679
sift-fingervein,face,Multi-PIE_genuine_139,016,016,1298,1092,24,5,0.2083,False,0.1942,True,False,0.7433
superglue-fingervein,face,Multi-PIE_genuine_139,016,016,1347,1026,385,63,0.1636,True,0.1530,True,True,2.8450
sgmnet-fingervein,face,Multi-PIE_genuine_139,016,016,2000,2000,357,15,0.0420,False,0.0419,True,False,1.2401
aspanformer,face,Multi-PIE_genuine_139,016,016,641,641,641,204,0.3183,False,0.3070,True,False,2.2177
deepdetect,face,Multi-PIE_genuine_139,016,016,16060,28903,13,7,0.5385,True,0.5385,True,True,1.9420
loftr,face,Multi-PIE_genuine_140,037,037,39,39,39,11,0.2821,False,0.2695,True,False,2.1456
orb-fingervein,face,Multi-PIE_genuine_140,037,037,4464,4968,40,7,0.1750,False,0.1677,True,False,0.8334
sift-fingervein,face,Multi-PIE_genuine_140,037,037,1106,1499,21,0,,False,,True,False,
superglue-fingervein,face,Multi-PIE_genuine_140,037,037,970,999,10,5,0.5000,True,0.4661,True,True,0.8445
sgmnet-fingervein,face,Multi-PIE_genuine_140,037,037,2000,1994,70,7,0.1000,False,0.0958,True,False,0.7159
aspanformer,face,Multi-PIE_genuine_140,037,037,8,8,8,5,0.6250,True,0.5826,True,True,1.2266
deepdetect,face,Multi-PIE_genuine_140,037,037,10697,30401,6,0,,False,,True,False,
loftr,face,Multi-PIE_genuine_141,052,052,1,1,1,0,,False,,True,False,
orb-fingervein,face,Multi-PIE_genuine_141,052,052,413,374,10,0,,False,,True,False,
sift-fingervein,face,Multi-PIE_genuine_141,052,052,123,98,11,0,,False,,True,False,
superglue-fingervein,face,Multi-PIE_genuine_141,052,052,302,271,23,6,0.2609,True,0.2468,True,True,0.8099
sgmnet-fingervein,face,Multi-PIE_genuine_141,052,052,2000,2000,65,7,0.1077,False,0.1032,True,False,0.0196
aspanformer,face,Multi-PIE_genuine_141,052,052,1,1,0,0,,False,,True,False,
deepdetect,face,Multi-PIE_genuine_141,052,052,3097,3601,4,0,,False,,True,False,
loftr,face,Multi-PIE_genuine_142,211,211,1473,1473,1473,843,0.5723,True,0.5521,True,True,2.2204
orb-fingervein,face,Multi-PIE_genuine_142,211,211,2864,3658,198,159,0.8030,True,0.7832,True,True,2.0013
sift-fingervein,face,Multi-PIE_genuine_142,211,211,478,604,71,30,0.4225,False,0.4094,True,False,2.1327
superglue-fingervein,face,Multi-PIE_genuine_142,211,211,568,662,334,146,0.4371,True,0.4146,True,True,2.5582
sgmnet-fingervein,face,Multi-PIE_genuine_142,211,211,2000,2000,902,295,0.3271,True,0.3232,True,True,1.7379
aspanformer,face,Multi-PIE_genuine_142,211,211,2136,2136,2136,1171,0.5482,True,0.5292,True,True,2.2072
deepdetect,face,Multi-PIE_genuine_142,211,211,10789,11885,229,206,0.8996,True,0.8996,True,True,1.3126
loftr,face,Multi-PIE_genuine_143,054,054,16,16,16,9,0.5625,True,0.5491,True,True,0.9899
orb-fingervein,face,Multi-PIE_genuine_143,054,054,399,658,14,0,,False,,True,False,
sift-fingervein,face,Multi-PIE_genuine_143,054,054,109,182,1,0,,False,,True,False,
superglue-fingervein,face,Multi-PIE_genuine_143,054,054,459,333,16,0,,False,,True,False,
sgmnet-fingervein,face,Multi-PIE_genuine_143,054,054,2000,2000,84,7,0.0833,False,0.0799,True,False,0.6586
aspanformer,face,Multi-PIE_genuine_143,054,054,17,17,17,13,0.7647,True,0.7568,True,True,1.5688
deepdetect,face,Multi-PIE_genuine_143,054,054,6032,3877,0,0,,False,,True,False,
loftr,face,Multi-PIE_genuine_144,230,230,770,770,770,262,0.3403,False,0.3240,True,False,2.4765
orb-fingervein,face,Multi-PIE_genuine_144,230,230,3766,4083,130,46,0.3538,False,0.3463,True,False,1.9330
sift-fingervein,face,Multi-PIE_genuine_144,230,230,700,924,46,16,0.3478,False,0.3409,True,False,1.8478
superglue-fingervein,face,Multi-PIE_genuine_144,230,230,891,979,372,125,0.3360,True,0.3174,True,True,2.6420
sgmnet-fingervein,face,Multi-PIE_genuine_144,230,230,2000,1895,581,87,0.1497,False,0.1483,True,False,1.6937
aspanformer,face,Multi-PIE_genuine_144,230,230,1149,1149,1149,431,0.3751,False,0.3562,True,False,2.5369
deepdetect,face,Multi-PIE_genuine_144,230,230,19079,25622,49,29,0.5918,True,0.5918,True,True,1.7838
loftr,face,Multi-PIE_genuine_145,142,142,23,23,23,0,,False,,True,False,
orb-fingervein,face,Multi-PIE_genuine_145,142,142,3461,3997,32,0,,False,,True,False,
sift-fingervein,face,Multi-PIE_genuine_145,142,142,523,709,20,0,,False,,True,False,
superglue-fingervein,face,Multi-PIE_genuine_145,142,142,579,794,51,10,0.1961,True,0.1909,True,True,1.6817
sgmnet-fingervein,face,Multi-PIE_genuine_145,142,142,2000,2000,64,6,0.0938,False,0.0887,True,False,0.5899
aspanformer,face,Multi-PIE_genuine_145,142,142,8,8,8,0,,False,,True,False,
deepdetect,face,Multi-PIE_genuine_145,142,142,10117,12655,17,0,,False,,True,False,
loftr,face,Multi-PIE_genuine_146,201,201,1389,1389,1389,918,0.6609,True,0.6379,True,True,2.2083
orb-fingervein,face,Multi-PIE_genuine_146,201,201,3427,3841,413,236,0.5714,True,0.5497,True,True,2.2748
sift-fingervein,face,Multi-PIE_genuine_146,201,201,649,756,101,44,0.4356,False,0.4199,True,False,2.2338
superglue-fingervein,face,Multi-PIE_genuine_146,201,201,663,778,392,135,0.3444,True,0.3221,True,True,2.8393
sgmnet-fingervein,face,Multi-PIE_genuine_146,201,201,2000,2000,981,330,0.3364,True,0.3341,True,True,1.6390
aspanformer,face,Multi-PIE_genuine_146,201,201,2069,2069,2069,986,0.4766,True,0.4707,True,True,1.7463
deepdetect,face,Multi-PIE_genuine_146,201,201,13848,19085,523,472,0.9025,True,0.9025,True,True,1.4381
loftr,face,Multi-PIE_genuine_147,022,022,764,764,764,222,0.2906,False,0.2810,True,False,2.1701
orb-fingervein,face,Multi-PIE_genuine_147,022,022,3610,4184,54,17,0.3148,False,0.3140,True,False,1.5132
sift-fingervein,face,Multi-PIE_genuine_147,022,022,637,718,34,10,0.2941,False,0.2861,True,False,1.6975
superglue-fingervein,face,Multi-PIE_genuine_147,022,022,638,760,234,56,0.2393,True,0.2247,True,True,2.7599
sgmnet-fingervein,face,Multi-PIE_genuine_147,022,022,2000,2000,635,59,0.0929,False,0.0916,True,False,1.7917
aspanformer,face,Multi-PIE_genuine_147,022,022,1066,1066,1066,352,0.3302,False,0.3214,True,False,2.0384
deepdetect,face,Multi-PIE_genuine_147,022,022,8179,11805,57,49,0.8596,True,0.8596,True,True,1.9010
loftr,face,Multi-PIE_genuine_148,130,130,522,522,522,176,0.3372,False,0.3262,True,False,2.1602
orb-fingervein,face,Multi-PIE_genuine_148,130,130,3638,2773,39,9,0.2308,False,0.2253,True,False,0.9987
sift-fingervein,face,Multi-PIE_genuine_148,130,130,552,400,20,0,,False,,True,False,
superglue-fingervein,face,Multi-PIE_genuine_148,130,130,663,548,160,38,0.2375,True,0.2218,True,True,2.8701
sgmnet-fingervein,face,Multi-PIE_genuine_148,130,130,2000,2000,457,57,0.1247,False,0.1244,True,False,1.5456
aspanformer,face,Multi-PIE_genuine_148,130,130,273,273,273,151,0.5531,True,0.5403,True,True,1.9669
deepdetect,face,Multi-PIE_genuine_148,130,130,9659,8665,10,6,0.6000,True,0.6000,True,True,1.0154
loftr,face,Multi-PIE_genuine_149,129,129,234,234,234,56,0.2393,False,0.2282,True,False,2.4556
orb-fingervein,face,Multi-PIE_genuine_149,129,129,4325,4249,83,0,,False,,True,False,
sift-fingervein,face,Multi-PIE_genuine_149,129,129,961,999,27,0,,False,,True,False,
superglue-fingervein,face,Multi-PIE_genuine_149,129,129,908,654,235,42,0.1787,True,0.1662,True,True,2.9522
sgmnet-fingervein,face,Multi-PIE_genuine_149,129,129,2000,2000,317,16,0.0505,False,0.0503,True,False,1.4867
aspanformer,face,Multi-PIE_genuine_149,129,129,438,438,438,174,0.3973,False,0.3820,True,False,2.2816
deepdetect,face,Multi-PIE_genuine_149,129,129,32064,11428,40,17,0.4250,True,0.4250,True,True,2.2624
loftr,face,Multi-PIE_genuine_150,201,201,262,262,262,73,0.2786,False,0.2633,True,False,2.6302
orb-fingervein,face,Multi-PIE_genuine_150,201,201,1097,1009,24,9,0.3750,False,0.3661,True,False,0.6645
sift-fingervein,face,Multi-PIE_genuine_150,201,201,293,220,14,6,0.4286,False,0.4055,True,False,0.3433
superglue-fingervein,face,Multi-PIE_genuine_150,201,201,582,364,169,30,0.1775,True,0.1707,True,True,2.2870
sgmnet-fingervein,face,Multi-PIE_genuine_150,201,201,2000,2000,115,8,0.0696,False,0.0674,True,False,1.3834
aspanformer,face,Multi-PIE_genuine_150,201,201,314,314,314,112,0.3567,False,0.3396,True,False,2.4812
deepdetect,face,Multi-PIE_genuine_150,201,201,7767,6070,15,0,,False,,True,False,
loftr,face,Multi-PIE_genuine_151,158,158,422,422,422,109,0.2583,False,0.2521,True,False,1.9863
orb-fingervein,face,Multi-PIE_genuine_151,158,158,3153,1801,43,11,0.2558,False,0.2525,True,False,1.2610
sift-fingervein,face,Multi-PIE_genuine_151,158,158,386,300,16,0,,False,,True,False,
superglue-fingervein,face,Multi-PIE_genuine_151,158,158,505,426,120,31,0.2583,True,0.2410,True,True,2.8864
sgmnet-fingervein,face,Multi-PIE_genuine_151,158,158,2000,2000,103,8,0.0777,False,0.0752,True,False,0.9929
aspanformer,face,Multi-PIE_genuine_151,158,158,184,184,184,83,0.4511,True,0.4317,True,True,2.3765
deepdetect,face,Multi-PIE_genuine_151,158,158,7841,7586,6,6,1.0000,True,1.0000,True,True,1.3874
loftr,face,Multi-PIE_genuine_152,178,178,1087,1087,1087,499,0.4591,False,0.4476,True,False,2.0060
orb-fingervein,face,Multi-PIE_genuine_152,178,178,4165,3403,144,60,0.4167,False,0.4058,True,False,2.0280
sift-fingervein,face,Multi-PIE_genuine_152,178,178,928,685,92,32,0.3478,False,0.3442,True,False,1.7117
superglue-fingervein,face,Multi-PIE_genuine_152,178,178,925,787,406,114,0.2808,True,0.2645,True,True,2.6958
sgmnet-fingervein,face,Multi-PIE_genuine_152,178,178,2000,2000,881,171,0.1941,False,0.1922,True,False,1.6958
aspanformer,face,Multi-PIE_genuine_152,178,178,1521,1521,1521,597,0.3925,False,0.3888,True,False,1.6890
deepdetect,face,Multi-PIE_genuine_152,178,178,17031,20978,88,66,0.7500,True,0.7500,True,True,1.5621
loftr,face,Multi-PIE_genuine_153,085,085,981,981,981,373,0.3802,False,0.3696,True,False,2.0657
orb-fingervein,face,Multi-PIE_genuine_153,085,085,4009,2977,72,25,0.3472,False,0.3379,True,False,2.0391
sift-fingervein,face,Multi-PIE_genuine_153,085,085,649,469,53,20,0.3774,False,0.3636,True,False,2.2270
superglue-fingervein,face,Multi-PIE_genuine_153,085,085,744,593,305,72,0.2361,True,0.2245,True,True,2.5038
sgmnet-fingervein,face,Multi-PIE_genuine_153,085,085,2000,2000,753,107,0.1421,False,0.1400,True,False,1.7948
aspanformer,face,Multi-PIE_genuine_153,085,085,1006,1006,1006,445,0.4423,True,0.4279,True,True,2.1655
deepdetect,face,Multi-PIE_genuine_153,085,085,12490,8210,60,50,0.8333,True,0.8333,True,True,0.5870
loftr,face,Multi-PIE_genuine_154,186,186,21,21,21,0,,False,,True,False,
orb-fingervein,face,Multi-PIE_genuine_154,186,186,2976,2102,45,7,0.1556,False,0.1491,True,False,0.9213
sift-fingervein,face,Multi-PIE_genuine_154,186,186,540,312,15,0,,False,,True,False,
superglue-fingervein,face,Multi-PIE_genuine_154,186,186,617,459,4,0,,False,,True,False,
sgmnet-fingervein,face,Multi-PIE_genuine_154,186,186,2000,2000,53,7,0.1321,False,0.1266,True,False,0.2018
aspanformer,face,Multi-PIE_genuine_154,186,186,5,5,5,0,,False,,True,False,
deepdetect,face,Multi-PIE_genuine_154,186,186,11566,6390,4,0,,False,,True,False,
loftr,face,Multi-PIE_genuine_155,004,004,38,38,38,11,0.2895,False,0.2808,True,False,1.8500
orb-fingervein,face,Multi-PIE_genuine_155,004,004,4303,3121,39,0,,False,,True,False,
sift-fingervein,face,Multi-PIE_genuine_155,004,004,718,479,19,0,,False,,True,False,
superglue-fingervein,face,Multi-PIE_genuine_155,004,004,741,559,46,9,0.1957,True,0.1910,True,True,1.4536
sgmnet-fingervein,face,Multi-PIE_genuine_155,004,004,2000,2000,54,6,0.1111,False,0.1051,True,False,1.0216
aspanformer,face,Multi-PIE_genuine_155,004,004,13,13,13,7,0.5385,True,0.5160,True,True,1.4955
deepdetect,face,Multi-PIE_genuine_155,004,004,15036,9135,3,0,,False,,True,False,
loftr,face,Multi-PIE_genuine_156,230,230,33,33,33,7,0.2121,False,0.2026,True,False,1.5678
orb-fingervein,face,Multi-PIE_genuine_156,230,230,3539,3767,41,0,,False,,True,False,
sift-fingervein,face,Multi-PIE_genuine_156,230,230,583,660,20,5,0.2500,False,0.2330,True,False,0.0897
superglue-fingervein,face,Multi-PIE_genuine_156,230,230,749,879,7,4,0.5714,True,0.5237,True,True,0.0000
sgmnet-fingervein,face,Multi-PIE_genuine_156,230,230,2000,2000,76,6,0.0789,False,0.0747,True,False,1.0465
aspanformer,face,Multi-PIE_genuine_156,230,230,16,16,16,0,,False,,True,False,
deepdetect,face,Multi-PIE_genuine_156,230,230,16195,12657,17,9,0.5294,True,0.5294,True,True,1.2399
loftr,face,Multi-PIE_genuine_157,244,244,691,691,691,276,0.3994,False,0.3854,True,False,2.2158
orb-fingervein,face,Multi-PIE_genuine_157,244,244,4394,4045,105,36,0.3429,False,0.3338,True,False,2.0338
sift-fingervein,face,Multi-PIE_genuine_157,244,244,901,953,40,10,0.2500,False,0.2456,True,False,1.1023
superglue-fingervein,face,Multi-PIE_genuine_157,244,244,936,853,364,97,0.2665,True,0.2507,True,True,2.7199
sgmnet-fingervein,face,Multi-PIE_genuine_157,244,244,2000,2000,718,59,0.0822,False,0.0814,True,False,1.7010
aspanformer,face,Multi-PIE_genuine_157,244,244,1192,1192,1192,437,0.3666,False,0.3536,True,False,2.2216
deepdetect,face,Multi-PIE_genuine_157,244,244,33104,23810,272,136,0.5000,True,0.5000,True,True,2.0963
loftr,face,Multi-PIE_genuine_158,039,039,702,702,702,276,0.3932,False,0.3818,True,False,2.0869
orb-fingervein,face,Multi-PIE_genuine_158,039,039,2865,1753,83,33,0.3976,False,0.3894,True,False,1.9183
sift-fingervein,face,Multi-PIE_genuine_158,039,039,337,236,21,0,,False,,True,False,
superglue-fingervein,face,Multi-PIE_genuine_158,039,039,479,350,137,33,0.2409,True,0.2307,True,True,2.3607
sgmnet-fingervein,face,Multi-PIE_genuine_158,039,039,2000,2000,551,27,0.0490,False,0.0489,True,False,1.5580
aspanformer,face,Multi-PIE_genuine_158,039,039,371,371,371,149,0.4016,False,0.3902,True,False,2.0787
deepdetect,face,Multi-PIE_genuine_158,039,039,10823,7969,30,21,0.7000,True,0.7000,True,True,1.9085
loftr,face,Multi-PIE_genuine_159,231,231,96,96,96,25,0.2604,False,0.2542,True,False,1.9768
orb-fingervein,face,Multi-PIE_genuine_159,231,231,3686,3337,38,0,,False,,True,False,
sift-fingervein,face,Multi-PIE_genuine_159,231,231,775,569,19,0,,False,,True,False,
superglue-fingervein,face,Multi-PIE_genuine_159,231,231,834,613,217,41,0.1889,True,0.1781,True,True,2.6812
sgmnet-fingervein,face,Multi-PIE_genuine_159,231,231,2000,2000,61,6,0.0984,False,0.0931,True,False,0.2090
aspanformer,face,Multi-PIE_genuine_159,231,231,232,232,232,75,0.3233,False,0.3141,True,False,2.0776
deepdetect,face,Multi-PIE_genuine_159,231,231,16030,13573,8,4,0.5000,True,0.5000,True,True,0.0000
loftr,face,Multi-PIE_genuine_160,181,181,41,41,41,9,0.2195,False,0.2091,True,False,1.9848
orb-fingervein,face,Multi-PIE_genuine_160,181,181,3665,1369,61,0,,False,,True,False,
sift-fingervein,face,Multi-PIE_genuine_160,181,181,860,306,19,0,,False,,True,False,
superglue-fingervein,face,Multi-PIE_genuine_160,181,181,670,512,12,0,,False,,True,False,
sgmnet-fingervein,face,Multi-PIE_genuine_160,181,181,2000,2000,63,7,0.1111,False,0.1065,True,False,0.4346
aspanformer,face,Multi-PIE_genuine_160,181,181,8,8,8,6,0.7500,True,0.7095,True,True,1.5057
deepdetect,face,Multi-PIE_genuine_160,181,181,18365,10541,25,0,,False,,True,False,
loftr,face,Multi-PIE_genuine_161,090,090,866,866,866,239,0.2760,False,0.2661,True,False,2.2328
orb-fingervein,face,Multi-PIE_genuine_161,090,090,4559,4496,92,28,0.3043,False,0.2925,True,False,2.2930
sift-fingervein,face,Multi-PIE_genuine_161,090,090,1342,1019,64,14,0.2188,False,0.2109,True,False,2.1325
superglue-fingervein,face,Multi-PIE_genuine_161,090,090,1146,984,441,105,0.2381,True,0.2251,True,True,2.6193
sgmnet-fingervein,face,Multi-PIE_genuine_161,090,090,2000,2000,743,101,0.1359,False,0.1354,True,False,1.5773
aspanformer,face,Multi-PIE_genuine_161,090,090,1294,1294,1294,378,0.2921,False,0.2762,True,False,2.6235
deepdetect,face,Multi-PIE_genuine_161,090,090,19368,15089,70,0,,False,,True,False,
loftr,face,Multi-PIE_genuine_162,217,217,55,55,55,9,0.1636,False,0.1575,True,False,1.7870
orb-fingervein,face,Multi-PIE_genuine_162,217,217,4453,3770,38,0,,False,,True,False,
sift-fingervein,face,Multi-PIE_genuine_162,217,217,915,650,33,0,,False,,True,False,
superglue-fingervein,face,Multi-PIE_genuine_162,217,217,886,780,55,16,0.2909,True,0.2740,True,True,2.6452
sgmnet-fingervein,face,Multi-PIE_genuine_162,217,217,2000,2000,90,6,0.0667,False,0.0631,True,False,0.5521
aspanformer,face,Multi-PIE_genuine_162,217,217,7,7,7,5,0.7143,True,0.6658,True,True,1.0968
deepdetect,face,Multi-PIE_genuine_162,217,217,13771,12032,15,0,,False,,True,False,
loftr,face,Multi-PIE_genuine_163,115,115,1,1,1,0,,False,,True,False,
orb-fingervein,face,Multi-PIE_genuine_163,115,115,4172,4249,40,0,,False,,True,False,
sift-fingervein,face,Multi-PIE_genuine_163,115,115,1297,698,29,0,,False,,True,False,
superglue-fingervein,face,Multi-PIE_genuine_163,115,115,989,737,39,0,,False,,True,False,
sgmnet-fingervein,face,Multi-PIE_genuine_163,115,115,2000,2000,29,0,,False,,True,False,
aspanformer,face,Multi-PIE_genuine_163,115,115,0,0,0,0,,False,,True,False,
deepdetect,face,Multi-PIE_genuine_163,115,115,17270,13355,31,0,,False,,True,False,
loftr,face,Multi-PIE_genuine_164,038,038,1384,1384,1384,685,0.4949,True,0.4799,True,True,2.1154
orb-fingervein,face,Multi-PIE_genuine_164,038,038,3746,3266,225,131,0.5822,True,0.5606,True,True,2.2575
sift-fingervein,face,Multi-PIE_genuine_164,038,038,614,450,69,28,0.4058,False,0.3847,True,False,2.5694
superglue-fingervein,face,Multi-PIE_genuine_164,038,038,751,613,361,132,0.3657,True,0.3450,True,True,2.6630
sgmnet-fingervein,face,Multi-PIE_genuine_164,038,038,2000,2000,954,209,0.2191,True,0.2147,True,True,1.9047
aspanformer,face,Multi-PIE_genuine_164,038,038,1792,1792,1792,939,0.5240,True,0.5082,True,True,2.1109
deepdetect,face,Multi-PIE_genuine_164,038,038,14848,10812,192,155,0.8073,True,0.8073,True,True,1.2487
loftr,face,Multi-PIE_genuine_165,099,099,542,542,542,174,0.3210,False,0.3109,True,False,2.1391
orb-fingervein,face,Multi-PIE_genuine_165,099,099,3811,2913,57,22,0.3860,False,0.3828,True,False,1.6586
sift-fingervein,face,Multi-PIE_genuine_165,099,099,750,524,32,6,0.1875,False,0.1774,True,False,0.4153
superglue-fingervein,face,Multi-PIE_genuine_165,099,099,690,651,278,43,0.1547,False,0.1452,True,False,2.7604
sgmnet-fingervein,face,Multi-PIE_genuine_165,099,099,2000,2000,717,72,0.1004,False,0.0995,True,False,1.6909
aspanformer,face,Multi-PIE_genuine_165,099,099,762,762,762,287,0.3766,False,0.3667,True,False,2.0358
deepdetect,face,Multi-PIE_genuine_165,099,099,19616,11324,29,11,0.3793,True,0.3793,True,True,1.1542
loftr,face,Multi-PIE_genuine_166,147,147,22,22,22,10,0.4545,False,0.4465,True,False,0.9904
orb-fingervein,face,Multi-PIE_genuine_166,147,147,3183,3429,57,0,,False,,True,False,
sift-fingervein,face,Multi-PIE_genuine_166,147,147,584,450,14,0,,False,,True,False,
superglue-fingervein,face,Multi-PIE_genuine_166,147,147,756,483,50,13,0.2600,True,0.2490,True,True,2.2251
sgmnet-fingervein,face,Multi-PIE_genuine_166,147,147,2000,2000,71,0,,False,,True,False,
aspanformer,face,Multi-PIE_genuine_166,147,147,4,4,4,4,1.0000,True,0.9165,True,True,0.0000
deepdetect,face,Multi-PIE_genuine_166,147,147,17341,10412,15,0,,False,,True,False,
loftr,face,Multi-PIE_genuine_167,054,054,1247,1247,1247,611,0.4900,True,0.4754,True,True,2.1056
orb-fingervein,face,Multi-PIE_genuine_167,054,054,3444,3488,234,116,0.4957,True,0.4745,True,True,2.3735
sift-fingervein,face,Multi-PIE_genuine_167,054,054,556,616,52,22,0.4231,False,0.4063,True,False,2.3034
superglue-fingervein,face,Multi-PIE_genuine_167,054,054,713,759,362,111,0.3066,True,0.2892,True,True,2.6724
sgmnet-fingervein,face,Multi-PIE_genuine_167,054,054,2000,2000,835,155,0.1856,False,0.1831,True,False,1.7745
aspanformer,face,Multi-PIE_genuine_167,054,054,1385,1385,1385,708,0.5112,True,0.4861,True,True,2.5083
deepdetect,face,Multi-PIE_genuine_167,054,054,11480,14789,117,93,0.7949,True,0.7949,True,True,2.3339
loftr,face,Multi-PIE_genuine_168,153,153,52,52,52,23,0.4423,False,0.4283,True,False,2.1377
orb-fingervein,face,Multi-PIE_genuine_168,153,153,2095,772,50,0,,False,,True,False,
sift-fingervein,face,Multi-PIE_genuine_168,153,153,546,399,19,0,,False,,True,False,
superglue-fingervein,face,Multi-PIE_genuine_168,153,153,729,515,109,20,0.1835,True,0.1735,True,True,2.6104
sgmnet-fingervein,face,Multi-PIE_genuine_168,153,153,2000,2000,67,6,0.0896,False,0.0847,True,False,0.2493
aspanformer,face,Multi-PIE_genuine_168,153,153,9,9,9,6,0.6667,True,0.6308,True,True,0.6366
deepdetect,face,Multi-PIE_genuine_168,153,153,9193,6298,9,7,0.7778,True,0.7778,True,True,0.4404
loftr,face,Multi-PIE_genuine_169,002,002,912,912,912,354,0.3882,False,0.3749,True,False,2.1954
orb-fingervein,face,Multi-PIE_genuine_169,002,002,3151,3180,63,23,0.3651,False,0.3569,True,False,1.9468
sift-fingervein,face,Multi-PIE_genuine_169,002,002,452,401,34,13,0.3824,False,0.3797,True,False,1.4986
superglue-fingervein,face,Multi-PIE_genuine_169,002,002,631,546,244,80,0.3279,True,0.3062,True,True,2.8677
sgmnet-fingervein,face,Multi-PIE_genuine_169,002,002,2000,2000,652,65,0.0997,False,0.0985,True,False,1.7495
aspanformer,face,Multi-PIE_genuine_169,002,002,1125,1125,1125,387,0.3440,False,0.3287,True,False,2.4096
deepdetect,face,Multi-PIE_genuine_169,002,002,9418,9328,9,8,0.8889,True,0.8889,True,True,1.0670
loftr,face,Multi-PIE_genuine_170,244,244,507,507,507,171,0.3373,False,0.3242,True,False,2.2891
orb-fingervein,face,Multi-PIE_genuine_170,244,244,4059,3010,85,19,0.2235,False,0.2136,True,False,2.3865
sift-fingervein,face,Multi-PIE_genuine_170,244,244,1092,695,43,0,,False,,True,False,
superglue-fingervein,face,Multi-PIE_genuine_170,244,244,775,570,260,64,0.2462,True,0.2316,True,True,2.7176
sgmnet-fingervein,face,Multi-PIE_genuine_170,244,244,2000,2000,488,40,0.0820,False,0.0809,True,False,1.7624
aspanformer,face,Multi-PIE_genuine_170,244,244,710,710,710,298,0.4197,True,0.4004,True,True,2.4421
deepdetect,face,Multi-PIE_genuine_170,244,244,21522,12511,48,0,,False,,True,False,
loftr,face,Multi-PIE_genuine_171,243,243,416,416,416,139,0.3341,False,0.3209,True,False,2.3061
orb-fingervein,face,Multi-PIE_genuine_171,243,243,2279,3015,42,10,0.2381,False,0.2339,True,False,1.4002
sift-fingervein,face,Multi-PIE_genuine_171,243,243,413,548,20,8,0.4000,False,0.3873,True,False,1.0428
superglue-fingervein,face,Multi-PIE_genuine_171,243,243,485,690,194,58,0.2990,True,0.2891,True,True,2.1736
sgmnet-fingervein,face,Multi-PIE_genuine_171,243,243,2000,2000,620,64,0.1032,False,0.1021,True,False,1.7157
aspanformer,face,Multi-PIE_genuine_171,243,243,661,661,661,247,0.3737,False,0.3633,True,False,2.0632
deepdetect,face,Multi-PIE_genuine_171,243,243,9502,15838,12,7,0.5833,True,0.5833,True,True,0.3146
loftr,face,Multi-PIE_genuine_172,089,089,2,2,2,0,,False,,True,False,
orb-fingervein,face,Multi-PIE_genuine_172,089,089,3486,3776,57,16,0.2807,False,0.2732,True,False,1.9923
sift-fingervein,face,Multi-PIE_genuine_172,089,089,478,762,7,0,,False,,True,False,
superglue-fingervein,face,Multi-PIE_genuine_172,089,089,558,776,1,0,,False,,True,False,
sgmnet-fingervein,face,Multi-PIE_genuine_172,089,089,2000,2000,174,10,0.0575,False,0.0565,True,False,1.4039
aspanformer,face,Multi-PIE_genuine_172,089,089,6,6,6,0,,False,,True,False,
deepdetect,face,Multi-PIE_genuine_172,089,089,9573,10918,5,0,,False,,True,False,
loftr,face,Multi-PIE_genuine_173,169,169,201,201,201,65,0.3234,False,0.3154,True,False,1.9984
orb-fingervein,face,Multi-PIE_genuine_173,169,169,3945,2984,38,11,0.2895,False,0.2857,True,False,1.1910
sift-fingervein,face,Multi-PIE_genuine_173,169,169,874,490,38,12,0.3158,False,0.0398,True,False,42.7580
superglue-fingervein,face,Multi-PIE_genuine_173,169,169,890,588,250,48,0.1920,True,0.1805,True,True,2.7393
sgmnet-fingervein,face,Multi-PIE_genuine_173,169,169,2000,2000,311,21,0.0675,False,0.0670,True,False,1.6416
aspanformer,face,Multi-PIE_genuine_173,169,169,261,261,261,102,0.3908,False,0.3824,True,False,1.9358
deepdetect,face,Multi-PIE_genuine_173,169,169,22022,8533,30,0,,False,,True,False,
loftr,face,Multi-PIE_genuine_174,061,061,1173,1173,1173,440,0.3751,False,0.3550,True,False,2.6000
orb-fingervein,face,Multi-PIE_genuine_174,061,061,3019,3319,125,64,0.5120,True,0.5026,True,True,1.8718
sift-fingervein,face,Multi-PIE_genuine_174,061,061,627,644,63,19,0.3016,False,0.2916,True,False,2.1575
superglue-fingervein,face,Multi-PIE_genuine_174,061,061,566,664,286,83,0.2902,True,0.2694,True,True,2.9909
sgmnet-fingervein,face,Multi-PIE_genuine_174,061,061,2000,2000,822,108,0.1314,False,0.1287,True,False,1.9192
aspanformer,face,Multi-PIE_genuine_174,061,061,1509,1509,1509,669,0.4433,True,0.4206,True,True,2.5529
deepdetect,face,Multi-PIE_genuine_174,061,061,13100,16101,107,90,0.8411,True,0.8411,True,True,0.4244
loftr,face,Multi-PIE_genuine_175,171,171,389,389,389,96,0.2468,False,0.2468,True,False,1.2943
orb-fingervein,face,Multi-PIE_genuine_175,171,171,2919,2256,45,15,0.3333,False,0.3321,True,False,1.4502
sift-fingervein,face,Multi-PIE_genuine_175,171,171,490,452,24,6,0.2500,False,0.2366,True,False,0.7491
superglue-fingervein,face,Multi-PIE_genuine_175,171,171,694,517,206,34,0.1650,True,0.1570,True,True,2.4988
sgmnet-fingervein,face,Multi-PIE_genuine_175,171,171,2000,2000,463,18,0.0389,False,0.0387,True,False,1.5436
aspanformer,face,Multi-PIE_genuine_175,171,171,547,547,547,178,0.3254,False,0.3103,True,False,2.4493
deepdetect,face,Multi-PIE_genuine_175,171,171,16207,8995,31,0,,False,,True,False,
loftr,face,Multi-PIE_genuine_176,036,036,489,489,489,183,0.3742,False,0.3643,True,False,2.0392
orb-fingervein,face,Multi-PIE_genuine_176,036,036,3653,3388,83,20,0.2410,False,0.2383,True,False,1.7082
sift-fingervein,face,Multi-PIE_genuine_176,036,036,669,646,23,0,,False,,True,False,
superglue-fingervein,face,Multi-PIE_genuine_176,036,036,758,734,270,66,0.2444,True,0.2326,True,True,2.4936
sgmnet-fingervein,face,Multi-PIE_genuine_176,036,036,1814,1968,549,51,0.0929,False,0.0929,True,False,1.5014
aspanformer,face,Multi-PIE_genuine_176,036,036,474,474,474,173,0.3650,False,0.3533,True,False,2.1512
deepdetect,face,Multi-PIE_genuine_176,036,036,18988,15420,41,23,0.5610,True,0.5610,True,True,1.9075
loftr,face,Multi-PIE_genuine_177,211,211,35,35,35,0,,False,,True,False,
orb-fingervein,face,Multi-PIE_genuine_177,211,211,4110,4136,45,9,0.2000,False,0.1952,True,False,0.4857
sift-fingervein,face,Multi-PIE_genuine_177,211,211,704,824,14,0,,False,,True,False,
superglue-fingervein,face,Multi-PIE_genuine_177,211,211,831,828,0,0,,False,,True,False,
sgmnet-fingervein,face,Multi-PIE_genuine_177,211,211,2000,2000,135,8,0.0593,False,0.0574,True,False,1.1141
aspanformer,face,Multi-PIE_genuine_177,211,211,10,10,10,0,,False,,True,False,
deepdetect,face,Multi-PIE_genuine_177,211,211,13350,16547,11,0,,False,,True,False,
loftr,face,Multi-PIE_genuine_178,101,101,3,3,0,0,,False,,True,False,
orb-fingervein,face,Multi-PIE_genuine_178,101,101,3253,3971,21,0,,False,,True,False,
sift-fingervein,face,Multi-PIE_genuine_178,101,101,513,863,10,0,,False,,True,False,
superglue-fingervein,face,Multi-PIE_genuine_178,101,101,552,797,20,6,0.3000,True,0.2839,True,True,1.3457
sgmnet-fingervein,face,Multi-PIE_genuine_178,101,101,2000,2000,78,8,0.1026,False,0.0993,True,False,0.9198
aspanformer,face,Multi-PIE_genuine_178,101,101,2,2,2,0,,False,,True,False,
deepdetect,face,Multi-PIE_genuine_178,101,101,8064,12286,4,0,,False,,True,False,
loftr,face,Multi-PIE_genuine_179,216,216,315,315,315,113,0.3587,False,0.3497,True,False,2.0102
orb-fingervein,face,Multi-PIE_genuine_179,216,216,3938,2976,110,34,0.3091,False,0.3008,True,False,2.0426
sift-fingervein,face,Multi-PIE_genuine_179,216,216,747,509,46,12,0.2609,False,0.2469,True,False,2.4108
superglue-fingervein,face,Multi-PIE_genuine_179,216,216,965,619,274,59,0.2153,True,0.2029,True,True,2.6935
sgmnet-fingervein,face,Multi-PIE_genuine_179,216,216,1962,2000,630,71,0.1127,False,0.1118,True,False,1.6564
aspanformer,face,Multi-PIE_genuine_179,216,216,596,596,596,197,0.3305,False,0.3187,True,False,2.2313
deepdetect,face,Multi-PIE_genuine_179,216,216,22518,13318,38,15,0.3947,True,0.3947,True,True,2.1232
loftr,face,Multi-PIE_genuine_180,171,171,44,44,44,10,0.2273,False,0.2233,True,False,1.0472
orb-fingervein,face,Multi-PIE_genuine_180,171,171,3259,3513,49,9,0.1837,False,0.1793,True,False,1.1857
sift-fingervein,face,Multi-PIE_genuine_180,171,171,573,538,22,5,0.2273,False,0.0954,True,False,17.4519
superglue-fingervein,face,Multi-PIE_genuine_180,171,171,762,552,216,47,0.2176,True,0.2063,True,True,2.5669
sgmnet-fingervein,face,Multi-PIE_genuine_180,171,171,1953,2000,94,7,0.0745,False,0.0714,True,False,0.8854
aspanformer,face,Multi-PIE_genuine_180,171,171,23,23,23,11,0.4783,True,0.4621,True,True,1.9277
deepdetect,face,Multi-PIE_genuine_180,171,171,20430,11441,11,7,0.6364,True,0.6364,True,True,1.8182
loftr,face,Multi-PIE_genuine_181,205,205,363,363,363,74,0.2039,False,0.1927,True,False,2.6218
orb-fingervein,face,Multi-PIE_genuine_181,205,205,4597,3951,52,10,0.1923,False,0.1889,True,False,1.4870
sift-fingervein,face,Multi-PIE_genuine_181,205,205,938,739,35,0,,False,,True,False,
superglue-fingervein,face,Multi-PIE_genuine_181,205,205,918,745,271,69,0.2546,True,0.2380,True,True,2.8482
sgmnet-fingervein,face,Multi-PIE_genuine_181,205,205,2000,2000,333,32,0.0961,False,0.0959,True,False,1.5481
aspanformer,face,Multi-PIE_genuine_181,205,205,508,508,508,134,0.2638,False,0.2540,True,False,2.2568
deepdetect,face,Multi-PIE_genuine_181,205,205,18282,15460,5,0,,False,,True,False,
loftr,face,Multi-PIE_genuine_182,067,067,862,862,862,295,0.3422,False,0.3309,True,False,2.1715
orb-fingervein,face,Multi-PIE_genuine_182,067,067,3701,4422,64,22,0.3438,False,0.3271,True,False,2.4833
sift-fingervein,face,Multi-PIE_genuine_182,067,067,576,792,33,13,0.3939,False,0.3894,True,False,1.5937
superglue-fingervein,face,Multi-PIE_genuine_182,067,067,641,787,257,88,0.3424,True,0.3211,True,True,2.7835
sgmnet-fingervein,face,Multi-PIE_genuine_182,067,067,2000,2000,685,73,0.1066,False,0.1058,True,False,1.6432
aspanformer,face,Multi-PIE_genuine_182,067,067,1161,1161,1161,414,0.3566,False,0.3496,True,False,1.8941
deepdetect,face,Multi-PIE_genuine_182,067,067,8205,12449,15,12,0.8000,True,0.8000,True,True,0.9786
loftr,face,Multi-PIE_genuine_183,052,052,0,0,0,0,,False,,True,False,
orb-fingervein,face,Multi-PIE_genuine_183,052,052,413,508,10,0,,False,,True,False,
sift-fingervein,face,Multi-PIE_genuine_183,052,052,123,116,9,0,,False,,True,False,
superglue-fingervein,face,Multi-PIE_genuine_183,052,052,302,284,1,0,,False,,True,False,
sgmnet-fingervein,face,Multi-PIE_genuine_183,052,052,2000,2000,82,6,0.0732,False,0.0692,True,False,0.8365
aspanformer,face,Multi-PIE_genuine_183,052,052,0,0,0,0,,False,,True,False,
deepdetect,face,Multi-PIE_genuine_183,052,052,3097,4580,6,0,,False,,True,False,
loftr,face,Multi-PIE_genuine_184,126,126,913,913,913,412,0.4513,False,0.4311,True,False,2.4155
orb-fingervein,face,Multi-PIE_genuine_184,126,126,4177,4514,228,130,0.5702,True,0.5563,True,True,1.9943
sift-fingervein,face,Multi-PIE_genuine_184,126,126,874,918,73,18,0.2466,False,0.2350,True,False,2.4365
superglue-fingervein,face,Multi-PIE_genuine_184,126,126,1008,935,376,111,0.2952,True,0.2795,True,True,2.5961
sgmnet-fingervein,face,Multi-PIE_genuine_184,126,126,2000,2000,468,61,0.1303,False,0.1290,True,False,1.7060
aspanformer,face,Multi-PIE_genuine_184,126,126,924,924,924,464,0.5022,True,0.4824,True,True,2.3037
deepdetect,face,Multi-PIE_genuine_184,126,126,22697,20638,208,172,0.8269,True,0.8269,True,True,1.4892
loftr,face,Multi-PIE_genuine_185,055,055,772,772,772,291,0.3769,False,0.3582,True,False,2.5178
orb-fingervein,face,Multi-PIE_genuine_185,055,055,4417,4421,119,48,0.4034,False,0.3898,True,False,2.1826
sift-fingervein,face,Multi-PIE_genuine_185,055,055,918,1157,43,15,0.3488,False,0.3398,True,False,1.9527
superglue-fingervein,face,Multi-PIE_genuine_185,055,055,965,1276,421,132,0.3135,True,0.2967,True,True,2.6009
sgmnet-fingervein,face,Multi-PIE_genuine_185,055,055,2000,2000,562,73,0.1299,False,0.1289,True,False,1.6544
aspanformer,face,Multi-PIE_genuine_185,055,055,1122,1122,1122,552,0.4920,True,0.4751,True,True,2.1974
deepdetect,face,Multi-PIE_genuine_185,055,055,17569,27843,32,17,0.5312,True,0.5312,True,True,2.2513
loftr,face,Multi-PIE_genuine_186,182,182,1420,1420,1420,683,0.4810,True,0.4629,True,True,2.2649
orb-fingervein,face,Multi-PIE_genuine_186,182,182,3125,2914,457,302,0.6608,True,0.6487,True,True,1.8692
sift-fingervein,face,Multi-PIE_genuine_186,182,182,461,477,73,36,0.4932,True,0.4897,True,True,1.6414
superglue-fingervein,face,Multi-PIE_genuine_186,182,182,601,675,321,132,0.4112,True,0.3925,True,True,2.4298
sgmnet-fingervein,face,Multi-PIE_genuine_186,182,182,2000,2000,920,224,0.2435,True,0.2394,True,True,1.8397
aspanformer,face,Multi-PIE_genuine_186,182,182,1714,1714,1714,967,0.5642,True,0.5397,True,True,2.3863
deepdetect,face,Multi-PIE_genuine_186,182,182,19399,21697,711,530,0.7454,True,0.7454,True,True,1.0681
loftr,face,Multi-PIE_genuine_187,179,179,486,486,486,169,0.3477,False,0.3358,True,False,2.1964
orb-fingervein,face,Multi-PIE_genuine_187,179,179,3695,2547,63,18,0.2857,False,0.2772,True,False,2.0800
sift-fingervein,face,Multi-PIE_genuine_187,179,179,774,532,28,7,0.2500,False,0.2342,True,False,1.9565
superglue-fingervein,face,Multi-PIE_genuine_187,179,179,796,662,258,52,0.2016,True,0.1916,True,True,2.5127
sgmnet-fingervein,face,Multi-PIE_genuine_187,179,179,2000,2000,527,38,0.0721,False,0.0715,True,False,1.6619
aspanformer,face,Multi-PIE_genuine_187,179,179,487,487,487,176,0.3614,False,0.3476,True,False,2.2795
deepdetect,face,Multi-PIE_genuine_187,179,179,14954,7822,23,17,0.7391,True,0.7391,True,True,2.0470
loftr,face,Multi-PIE_genuine_188,001,001,145,145,145,46,0.3172,False,0.3113,True,False,1.8779
orb-fingervein,face,Multi-PIE_genuine_188,001,001,4742,3401,59,0,,False,,True,False,
sift-fingervein,face,Multi-PIE_genuine_188,001,001,1458,939,25,0,,False,,True,False,
superglue-fingervein,face,Multi-PIE_genuine_188,001,001,1128,826,281,40,0.1423,False,0.1338,True,False,2.7419
sgmnet-fingervein,face,Multi-PIE_genuine_188,001,001,2000,2000,92,8,0.0870,False,0.0842,True,False,0.4346
aspanformer,face,Multi-PIE_genuine_188,001,001,223,223,223,81,0.3632,False,0.3452,True,False,2.5153
deepdetect,face,Multi-PIE_genuine_188,001,001,26801,11233,84,0,,False,,True,False,
loftr,face,Multi-PIE_genuine_189,202,202,13,13,13,6,0.4615,False,0.4367,True,False,0.5746
orb-fingervein,face,Multi-PIE_genuine_189,202,202,2990,3220,19,7,0.3684,False,0.3530,True,False,0.6980
sift-fingervein,face,Multi-PIE_genuine_189,202,202,392,452,13,6,0.4615,False,0.4367,True,False,0.5282
superglue-fingervein,face,Multi-PIE_genuine_189,202,202,500,537,39,9,0.2308,True,0.2226,True,True,1.7343
sgmnet-fingervein,face,Multi-PIE_genuine_189,202,202,2000,2000,58,7,0.1207,False,0.1157,True,False,0.4853
aspanformer,face,Multi-PIE_genuine_189,202,202,8,8,0,0,,False,,True,False,
deepdetect,face,Multi-PIE_genuine_189,202,202,11677,12470,6,0,,False,,True,False,
loftr,face,Multi-PIE_genuine_190,109,109,11,11,11,0,,False,,True,False,
orb-fingervein,face,Multi-PIE_genuine_190,109,109,4410,3837,59,0,,False,,True,False,
sift-fingervein,face,Multi-PIE_genuine_190,109,109,890,615,24,0,,False,,True,False,
superglue-fingervein,face,Multi-PIE_genuine_190,109,109,774,710,1,0,,False,,True,False,
sgmnet-fingervein,face,Multi-PIE_genuine_190,109,109,2000,2000,80,8,0.1000,False,0.0968,True,False,0.9529
aspanformer,face,Multi-PIE_genuine_190,109,109,13,13,13,7,0.5385,True,0.5160,True,True,1.2142
deepdetect,face,Multi-PIE_genuine_190,109,109,24079,12206,9,5,0.5556,True,0.5556,True,True,0.4254
loftr,face,Multi-PIE_genuine_191,165,165,453,453,453,167,0.3687,False,0.3677,True,False,1.5513
orb-fingervein,face,Multi-PIE_genuine_191,165,165,1863,1699,34,11,0.3235,False,0.3193,True,False,1.3230
sift-fingervein,face,Multi-PIE_genuine_191,165,165,488,362,23,8,0.3478,False,0.3368,True,False,1.4893
superglue-fingervein,face,Multi-PIE_genuine_191,165,165,590,486,211,51,0.2417,True,0.2288,True,True,2.6009
sgmnet-fingervein,face,Multi-PIE_genuine_191,165,165,2000,2000,445,47,0.1056,False,0.1046,True,False,1.7003
aspanformer,face,Multi-PIE_genuine_191,165,165,584,584,584,297,0.5086,True,0.4939,True,True,2.0844
deepdetect,face,Multi-PIE_genuine_191,165,165,9744,8507,72,57,0.7917,True,0.7917,True,True,1.6151
loftr,face,Multi-PIE_genuine_192,007,007,1433,1433,1433,697,0.4864,True,0.4694,True,True,2.2117
orb-fingervein,face,Multi-PIE_genuine_192,007,007,1935,2639,156,99,0.6346,True,0.6168,True,True,2.0684
sift-fingervein,face,Multi-PIE_genuine_192,007,007,445,633,85,45,0.5294,True,0.5240,True,True,1.7051
superglue-fingervein,face,Multi-PIE_genuine_192,007,007,542,663,311,115,0.3698,True,0.3501,True,True,2.5923
sgmnet-fingervein,face,Multi-PIE_genuine_192,007,007,2000,2000,951,246,0.2587,True,0.2569,True,True,1.6381
aspanformer,face,Multi-PIE_genuine_192,007,007,2152,2152,2152,1033,0.4800,True,0.4578,True,True,2.4485
deepdetect,face,Multi-PIE_genuine_192,007,007,6923,8397,192,169,0.8802,True,0.8802,True,True,0.8209
loftr,face,Multi-PIE_genuine_193,038,038,339,339,339,71,0.2094,False,0.2023,True,False,2.1956
orb-fingervein,face,Multi-PIE_genuine_193,038,038,4222,3910,62,12,0.1935,False,0.1917,True,False,1.5046
sift-fingervein,face,Multi-PIE_genuine_193,038,038,837,891,39,0,,False,,True,False,
superglue-fingervein,face,Multi-PIE_genuine_193,038,038,864,931,323,67,0.2074,True,0.1930,True,True,2.9388
sgmnet-fingervein,face,Multi-PIE_genuine_193,038,038,2000,2000,65,7,0.1077,False,0.1032,True,False,0.3444
aspanformer,face,Multi-PIE_genuine_193,038,038,180,180,180,49,0.2722,False,0.2722,True,False,1.4474
deepdetect,face,Multi-PIE_genuine_193,038,038,15553,22787,16,0,,False,,True,False,
loftr,face,Multi-PIE_genuine_194,122,122,1295,1295,1295,551,0.4255,False,0.4087,True,False,2.3067
orb-fingervein,face,Multi-PIE_genuine_194,122,122,2902,2725,227,133,0.5859,True,0.5630,True,True,2.2984
sift-fingervein,face,Multi-PIE_genuine_194,122,122,444,361,58,32,0.5517,True,0.5297,True,True,2.3146
superglue-fingervein,face,Multi-PIE_genuine_194,122,122,670,567,307,115,0.3746,True,0.3499,True,True,2.8614
sgmnet-fingervein,face,Multi-PIE_genuine_194,122,122,2000,2000,878,179,0.2039,True,0.2012,True,True,1.7676
aspanformer,face,Multi-PIE_genuine_194,122,122,1760,1760,1760,718,0.4080,False,0.3858,True,False,2.6154
deepdetect,face,Multi-PIE_genuine_194,122,122,10522,9386,195,170,0.8718,True,0.8718,True,True,1.2040
loftr,face,Multi-PIE_genuine_195,104,104,1045,1045,1045,345,0.3301,False,0.3168,True,False,2.3281
orb-fingervein,face,Multi-PIE_genuine_195,104,104,1835,1286,38,12,0.3158,False,0.3123,True,False,1.5297
sift-fingervein,face,Multi-PIE_genuine_195,104,104,301,259,23,10,0.4348,False,0.4271,True,False,1.3735
superglue-fingervein,face,Multi-PIE_genuine_195,104,104,535,419,215,52,0.2419,True,0.2284,True,True,2.6436
sgmnet-fingervein,face,Multi-PIE_genuine_195,104,104,2000,2000,773,108,0.1397,False,0.1379,True,False,1.7617
aspanformer,face,Multi-PIE_genuine_195,104,104,1398,1398,1398,436,0.3119,False,0.3002,True,False,2.2650
deepdetect,face,Multi-PIE_genuine_195,104,104,4663,5372,28,21,0.7500,True,0.7500,True,True,0.9911
loftr,face,Multi-PIE_genuine_196,081,081,12,12,12,5,0.4167,False,0.3884,True,False,1.2311
orb-fingervein,face,Multi-PIE_genuine_196,081,081,2421,1763,31,0,,False,,True,False,
sift-fingervein,face,Multi-PIE_genuine_196,081,081,378,214,16,0,,False,,True,False,
superglue-fingervein,face,Multi-PIE_genuine_196,081,081,657,451,4,0,,False,,True,False,
sgmnet-fingervein,face,Multi-PIE_genuine_196,081,081,2000,2000,57,6,0.1053,False,0.0996,True,False,0.7555
aspanformer,face,Multi-PIE_genuine_196,081,081,8,8,8,5,0.6250,True,0.5826,True,True,0.9646
deepdetect,face,Multi-PIE_genuine_196,081,081,14564,6859,25,20,0.8000,True,0.8000,True,True,2.7953
loftr,face,Multi-PIE_genuine_197,020,020,300,300,300,84,0.2800,False,0.2715,True,False,2.1198
orb-fingervein,face,Multi-PIE_genuine_197,020,020,4459,4483,48,0,,False,,True,False,
sift-fingervein,face,Multi-PIE_genuine_197,020,020,1186,960,32,5,0.1562,False,0.1456,True,False,0.8927
superglue-fingervein,face,Multi-PIE_genuine_197,020,020,1020,912,263,50,0.1901,True,0.1771,True,True,2.9161
sgmnet-fingervein,face,Multi-PIE_genuine_197,020,020,2000,2000,322,35,0.1087,False,0.1082,True,False,1.5856
aspanformer,face,Multi-PIE_genuine_197,020,020,227,227,227,66,0.2907,False,0.2752,True,False,2.5965
deepdetect,face,Multi-PIE_genuine_197,020,020,22954,12198,8,5,0.6250,True,0.6250,True,True,0.1831
loftr,face,Multi-PIE_genuine_198,081,081,1187,1187,1187,580,0.4886,True,0.4652,True,True,2.4834
orb-fingervein,face,Multi-PIE_genuine_198,081,081,3940,3754,158,72,0.4557,False,0.4401,True,False,2.1956
sift-fingervein,face,Multi-PIE_genuine_198,081,081,512,544,41,17,0.4146,False,0.4086,True,False,1.7569
superglue-fingervein,face,Multi-PIE_genuine_198,081,081,717,763,357,115,0.3221,True,0.3020,True,True,2.7873
sgmnet-fingervein,face,Multi-PIE_genuine_198,081,081,2000,2000,828,162,0.1957,False,0.1938,True,False,1.6894
aspanformer,face,Multi-PIE_genuine_198,081,081,1453,1453,1453,883,0.6077,True,0.5831,True,True,2.3282
deepdetect,face,Multi-PIE_genuine_198,081,081,12116,13572,79,66,0.8354,True,0.8354,True,True,1.6116
loftr,face,Multi-PIE_genuine_199,191,191,857,857,857,265,0.3092,False,0.2944,True,False,2.4831
orb-fingervein,face,Multi-PIE_genuine_199,191,191,2714,2729,100,50,0.5000,True,0.4870,True,True,2.0267
sift-fingervein,face,Multi-PIE_genuine_199,191,191,654,652,37,12,0.3243,False,0.3212,True,False,1.3815
superglue-fingervein,face,Multi-PIE_genuine_199,191,191,739,676,301,69,0.2292,True,0.2157,True,True,2.7156
sgmnet-fingervein,face,Multi-PIE_genuine_199,191,191,2000,2000,649,88,0.1356,False,0.1338,True,False,1.7659
aspanformer,face,Multi-PIE_genuine_199,191,191,1250,1250,1250,428,0.3424,False,0.3294,True,False,2.2753
deepdetect,face,Multi-PIE_genuine_199,191,191,18985,12709,107,77,0.7196,True,0.7196,True,True,1.7096
loftr,face,Multi-PIE_genuine_200,027,027,196,196,196,55,0.2806,False,0.2749,True,False,1.9116
orb-fingervein,face,Multi-PIE_genuine_200,027,027,4591,4406,69,24,0.3478,False,0.3463,True,False,1.5845
sift-fingervein,face,Multi-PIE_genuine_200,027,027,1212,922,29,0,,False,,True,False,
superglue-fingervein,face,Multi-PIE_genuine_200,027,027,992,944,58,18,0.3103,True,0.2964,True,True,2.3905
sgmnet-fingervein,face,Multi-PIE_genuine_200,027,027,1948,2000,50,6,0.1200,False,0.1135,True,False,1.0014
aspanformer,face,Multi-PIE_genuine_200,027,027,76,76,76,38,0.5000,True,0.4894,True,True,1.9286
deepdetect,face,Multi-PIE_genuine_200,027,027,21132,11934,18,13,0.7222,True,0.7222,True,True,1.7113
loftr,face,Multi-PIE_genuine_201,029,029,32,32,32,9,0.2812,False,0.2745,True,False,1.3277
orb-fingervein,face,Multi-PIE_genuine_201,029,029,3718,3557,30,0,,False,,True,False,
sift-fingervein,face,Multi-PIE_genuine_201,029,029,745,563,22,0,,False,,True,False,
superglue-fingervein,face,Multi-PIE_genuine_201,029,029,792,655,2,0,,False,,True,False,
sgmnet-fingervein,face,Multi-PIE_genuine_201,029,029,2000,2000,51,7,0.1373,False,0.1315,True,False,0.5759
aspanformer,face,Multi-PIE_genuine_201,029,029,5,5,5,0,,False,,True,False,
deepdetect,face,Multi-PIE_genuine_201,029,029,13780,11383,6,0,,False,,True,False,
loftr,face,Multi-PIE_genuine_202,247,247,1011,1011,1011,457,0.4520,False,0.4390,True,False,2.0854
orb-fingervein,face,Multi-PIE_genuine_202,247,247,811,857,67,35,0.5224,True,0.5217,True,True,1.5275
sift-fingervein,face,Multi-PIE_genuine_202,247,247,185,198,34,18,0.5294,True,0.5169,True,True,1.9510
superglue-fingervein,face,Multi-PIE_genuine_202,247,247,417,411,202,76,0.3762,True,0.3566,True,True,2.5720
sgmnet-fingervein,face,Multi-PIE_genuine_202,247,247,2000,2000,848,174,0.2052,True,0.2022,True,True,1.7967
aspanformer,face,Multi-PIE_genuine_202,247,247,1532,1532,1532,899,0.5868,True,0.5582,True,True,2.4989
deepdetect,face,Multi-PIE_genuine_202,247,247,6524,5266,195,159,0.8154,True,0.8154,True,True,1.3993
loftr,face,Multi-PIE_genuine_203,164,164,914,914,914,279,0.3053,False,0.2933,True,False,2.3008
orb-fingervein,face,Multi-PIE_genuine_203,164,164,3399,2534,93,39,0.4194,False,0.4103,True,False,1.9370
sift-fingervein,face,Multi-PIE_genuine_203,164,164,681,469,39,19,0.4872,True,0.4761,True,True,1.9406
superglue-fingervein,face,Multi-PIE_genuine_203,164,164,749,684,339,106,0.3127,True,0.2901,True,True,2.9975
sgmnet-fingervein,face,Multi-PIE_genuine_203,164,164,2000,2000,943,180,0.1909,False,0.1893,True,False,1.6626
aspanformer,face,Multi-PIE_genuine_203,164,164,1376,1376,1376,420,0.3052,False,0.2921,True,False,2.3787
deepdetect,face,Multi-PIE_genuine_203,164,164,10800,6696,92,58,0.6304,True,0.6304,True,True,1.8242
loftr,face,Multi-PIE_genuine_204,024,024,230,230,230,47,0.2043,False,0.1957,True,False,2.3605
orb-fingervein,face,Multi-PIE_genuine_204,024,024,4494,3670,75,0,,False,,True,False,
sift-fingervein,face,Multi-PIE_genuine_204,024,024,1011,562,35,0,,False,,True,False,
superglue-fingervein,face,Multi-PIE_genuine_204,024,024,847,642,144,26,0.1806,True,0.1743,True,True,2.2003
sgmnet-fingervein,face,Multi-PIE_genuine_204,024,024,1996,2000,212,11,0.0519,False,0.0512,True,False,1.3873
aspanformer,face,Multi-PIE_genuine_204,024,024,296,296,296,110,0.3716,False,0.3615,True,False,2.0517
deepdetect,face,Multi-PIE_genuine_204,024,024,21267,10895,16,10,0.6250,True,0.6250,True,True,2.4692
loftr,face,Multi-PIE_genuine_205,180,180,45,45,45,9,0.2000,False,0.1949,True,False,1.5334
orb-fingervein,face,Multi-PIE_genuine_205,180,180,4177,3973,31,6,0.1935,False,0.1831,True,False,0.4061
sift-fingervein,face,Multi-PIE_genuine_205,180,180,789,640,30,0,,False,,True,False,
superglue-fingervein,face,Multi-PIE_genuine_205,180,180,750,709,2,0,,False,,True,False,
sgmnet-fingervein,face,Multi-PIE_genuine_205,180,180,2000,2000,33,0,,False,,True,False,
aspanformer,face,Multi-PIE_genuine_205,180,180,12,12,0,0,,False,,True,False,
deepdetect,face,Multi-PIE_genuine_205,180,180,14021,12298,27,10,0.3704,True,0.3704,True,True,2.2010
loftr,face,Multi-PIE_genuine_206,043,043,2,2,2,0,,False,,True,False,
orb-fingervein,face,Multi-PIE_genuine_206,043,043,3516,3066,41,9,0.2195,False,0.2143,True,False,1.1671
sift-fingervein,face,Multi-PIE_genuine_206,043,043,723,894,29,0,,False,,True,False,
superglue-fingervein,face,Multi-PIE_genuine_206,043,043,830,704,198,40,0.2020,True,0.1885,True,True,2.8868
sgmnet-fingervein,face,Multi-PIE_genuine_206,043,043,2000,2000,123,7,0.0569,False,0.0545,True,False,0.5727
aspanformer,face,Multi-PIE_genuine_206,043,043,270,270,270,135,0.5000,True,0.4903,True,True,1.8919
deepdetect,face,Multi-PIE_genuine_206,043,043,12660,13340,15,10,0.6667,True,0.6667,True,True,1.5329
loftr,face,Multi-PIE_genuine_207,044,044,488,488,488,179,0.3668,False,0.3508,True,False,2.3940
orb-fingervein,face,Multi-PIE_genuine_207,044,044,1179,995,18,6,0.3333,False,0.3154,True,False,0.8026
sift-fingervein,face,Multi-PIE_genuine_207,044,044,293,226,8,0,,False,,True,False,
superglue-fingervein,face,Multi-PIE_genuine_207,044,044,572,390,208,35,0.1683,True,0.1628,True,True,2.1648
sgmnet-fingervein,face,Multi-PIE_genuine_207,044,044,2000,2000,352,25,0.0710,False,0.0710,True,False,1.4965
aspanformer,face,Multi-PIE_genuine_207,044,044,708,708,708,266,0.3757,False,0.3591,True,False,2.4030
deepdetect,face,Multi-PIE_genuine_207,044,044,7256,4977,6,0,,False,,True,False,
loftr,face,Multi-PIE_genuine_208,223,223,805,805,805,257,0.3193,False,0.3097,True,False,2.1079
orb-fingervein,face,Multi-PIE_genuine_208,223,223,4910,4441,131,48,0.3664,False,0.3536,True,False,2.2134
sift-fingervein,face,Multi-PIE_genuine_208,223,223,1275,1139,46,8,0.1739,False,0.1684,True,False,1.3104
superglue-fingervein,face,Multi-PIE_genuine_208,223,223,970,947,407,92,0.2260,True,0.2126,True,True,2.7220
sgmnet-fingervein,face,Multi-PIE_genuine_208,223,223,1877,2000,762,96,0.1260,False,0.1258,True,False,1.5364
aspanformer,face,Multi-PIE_genuine_208,223,223,1216,1216,1216,336,0.2763,False,0.2647,True,False,2.3582
deepdetect,face,Multi-PIE_genuine_208,223,223,24010,22563,41,26,0.6341,True,0.6341,True,True,2.3666
loftr,face,Multi-PIE_genuine_209,160,160,515,515,515,208,0.4039,False,0.3874,True,False,2.3341
orb-fingervein,face,Multi-PIE_genuine_209,160,160,4399,3929,95,26,0.2737,False,0.2667,True,False,2.0143
sift-fingervein,face,Multi-PIE_genuine_209,160,160,1041,770,46,13,0.2826,False,0.2807,True,False,1.3796
superglue-fingervein,face,Multi-PIE_genuine_209,160,160,843,892,334,79,0.2365,True,0.2225,True,True,2.7191
sgmnet-fingervein,face,Multi-PIE_genuine_209,160,160,1938,1887,520,68,0.1308,False,0.1288,True,False,1.8073
aspanformer,face,Multi-PIE_genuine_209,160,160,802,802,802,342,0.4264,True,0.4114,True,True,2.2163
deepdetect,face,Multi-PIE_genuine_209,160,160,18499,10654,13,7,0.5385,True,0.5385,True,True,0.1198
loftr,face,Multi-PIE_genuine_210,185,185,2,2,2,0,,False,,True,False,
orb-fingervein,face,Multi-PIE_genuine_210,185,185,3158,2407,48,0,,False,,True,False,
sift-fingervein,face,Multi-PIE_genuine_210,185,185,622,348,21,0,,False,,True,False,
superglue-fingervein,face,Multi-PIE_genuine_210,185,185,727,522,6,0,,False,,True,False,
sgmnet-fingervein,face,Multi-PIE_genuine_210,185,185,2000,2000,88,6,0.0682,False,0.0645,True,False,0.4331
aspanformer,face,Multi-PIE_genuine_210,185,185,13,13,13,8,0.6154,True,0.5958,True,True,0.9335
deepdetect,face,Multi-PIE_genuine_210,185,185,18071,6461,82,0,,False,,True,False,
loftr,face,Multi-PIE_genuine_211,056,056,980,980,980,353,0.3602,False,0.3406,True,False,2.6186
orb-fingervein,face,Multi-PIE_genuine_211,056,056,4701,4611,188,89,0.4734,True,0.4565,True,True,2.2282
sift-fingervein,face,Multi-PIE_genuine_211,056,056,1109,1134,65,25,0.3846,False,0.3817,True,False,1.6493
superglue-fingervein,face,Multi-PIE_genuine_211,056,056,925,939,437,119,0.2723,True,0.2529,True,True,2.9751
sgmnet-fingervein,face,Multi-PIE_genuine_211,056,056,2000,2000,861,170,0.1974,False,0.1937,True,False,1.8850
aspanformer,face,Multi-PIE_genuine_211,056,056,1639,1639,1639,604,0.3685,False,0.3515,True,False,2.4463
deepdetect,face,Multi-PIE_genuine_211,056,056,14897,15219,64,47,0.7344,True,0.7344,True,True,2.0180
loftr,face,Multi-PIE_genuine_212,090,090,708,708,708,260,0.3672,False,0.3469,True,False,2.6397
orb-fingervein,face,Multi-PIE_genuine_212,090,090,3934,4693,68,15,0.2206,False,0.2172,True,False,1.7361
sift-fingervein,face,Multi-PIE_genuine_212,090,090,819,1189,33,9,0.2727,False,0.2656,True,False,1.5456
superglue-fingervein,face,Multi-PIE_genuine_212,090,090,614,999,275,65,0.2364,True,0.2255,True,True,2.4412
sgmnet-fingervein,face,Multi-PIE_genuine_212,090,090,2000,2000,720,96,0.1333,False,0.1312,True,False,1.8179
aspanformer,face,Multi-PIE_genuine_212,090,090,1082,1082,1082,381,0.3521,False,0.3409,True,False,2.1476
deepdetect,face,Multi-PIE_genuine_212,090,090,9518,19028,15,13,0.8667,True,0.8667,True,True,1.3731
loftr,face,Multi-PIE_genuine_213,178,178,835,835,835,262,0.3138,False,0.3040,True,False,2.1297
orb-fingervein,face,Multi-PIE_genuine_213,178,178,3906,4035,108,43,0.3981,False,0.3908,True,False,1.8744
sift-fingervein,face,Multi-PIE_genuine_213,178,178,719,826,43,16,0.3721,False,0.3705,True,False,1.5320
superglue-fingervein,face,Multi-PIE_genuine_213,178,178,792,871,339,99,0.2920,True,0.2712,True,True,2.9778
sgmnet-fingervein,face,Multi-PIE_genuine_213,178,178,2000,2000,685,118,0.1723,False,0.1704,True,False,1.7128
aspanformer,face,Multi-PIE_genuine_213,178,178,1094,1094,1094,368,0.3364,False,0.3181,True,False,2.6159
deepdetect,face,Multi-PIE_genuine_213,178,178,11696,16609,51,39,0.7647,True,0.7647,True,True,1.2739
loftr,face,Multi-PIE_genuine_214,204,204,102,102,102,19,0.1863,False,0.1791,True,False,2.2652
orb-fingervein,face,Multi-PIE_genuine_214,204,204,1646,1162,30,0,,False,,True,False,
sift-fingervein,face,Multi-PIE_genuine_214,204,204,337,251,8,0,,False,,True,False,
superglue-fingervein,face,Multi-PIE_genuine_214,204,204,498,464,126,17,0.1349,False,0.1296,True,False,2.2727
sgmnet-fingervein,face,Multi-PIE_genuine_214,204,204,2000,2000,98,0,,False,,True,False,
aspanformer,face,Multi-PIE_genuine_214,204,204,18,18,18,14,0.7778,True,0.7739,True,True,1.4173
deepdetect,face,Multi-PIE_genuine_214,204,204,6904,6492,1,0,,False,,True,False,
loftr,face,Multi-PIE_genuine_215,143,143,135,135,135,31,0.2296,False,0.2241,True,False,1.9915
orb-fingervein,face,Multi-PIE_genuine_215,143,143,544,805,10,0,,False,,True,False,
sift-fingervein,face,Multi-PIE_genuine_215,143,143,208,167,13,0,,False,,True,False,
superglue-fingervein,face,Multi-PIE_genuine_215,143,143,514,437,66,11,0.1667,True,0.1623,True,True,1.7703
sgmnet-fingervein,face,Multi-PIE_genuine_215,143,143,2000,2000,78,6,0.0769,False,0.0728,True,False,0.3904
aspanformer,face,Multi-PIE_genuine_215,143,143,21,21,21,19,0.9048,True,0.9039,True,True,1.2572
deepdetect,face,Multi-PIE_genuine_215,143,143,5138,4853,4,0,,False,,True,False,
loftr,face,Multi-PIE_genuine_216,072,072,767,767,767,269,0.3507,False,0.3352,True,False,2.4074
orb-fingervein,face,Multi-PIE_genuine_216,072,072,3180,2907,146,71,0.4863,True,0.4733,True,True,2.0440
sift-fingervein,face,Multi-PIE_genuine_216,072,072,642,467,40,12,0.3000,False,0.2860,True,False,2.2618
superglue-fingervein,face,Multi-PIE_genuine_216,072,072,794,667,284,69,0.2430,True,0.2272,True,True,2.8432
sgmnet-fingervein,face,Multi-PIE_genuine_216,072,072,2000,2000,536,65,0.1213,False,0.1204,True,False,1.6483
aspanformer,face,Multi-PIE_genuine_216,072,072,943,943,943,399,0.4231,True,0.4059,True,True,2.3299
deepdetect,face,Multi-PIE_genuine_216,072,072,16698,14032,88,72,0.8182,True,0.8182,True,True,1.1798
loftr,face,Multi-PIE_genuine_217,182,182,791,791,791,296,0.3742,False,0.3610,True,False,2.2164
orb-fingervein,face,Multi-PIE_genuine_217,182,182,3221,2980,73,34,0.4658,False,0.4463,True,False,2.3553
sift-fingervein,face,Multi-PIE_genuine_217,182,182,529,394,38,10,0.2632,False,0.2566,True,False,1.6503
superglue-fingervein,face,Multi-PIE_genuine_217,182,182,740,514,257,57,0.2218,True,0.2075,True,True,2.8299
sgmnet-fingervein,face,Multi-PIE_genuine_217,182,182,2000,2000,552,63,0.1141,False,0.1126,True,False,1.7694
aspanformer,face,Multi-PIE_genuine_217,182,182,709,709,709,371,0.5233,True,0.5063,True,True,2.1582
deepdetect,face,Multi-PIE_genuine_217,182,182,14287,10456,46,29,0.6304,True,0.6304,True,True,1.3895
loftr,face,Multi-PIE_genuine_218,247,247,805,805,805,287,0.3565,False,0.3505,True,False,1.8422
orb-fingervein,face,Multi-PIE_genuine_218,247,247,2912,3356,135,79,0.5852,True,0.5567,True,True,2.4988
sift-fingervein,face,Multi-PIE_genuine_218,247,247,418,639,50,24,0.4800,True,0.4661,True,True,2.0827
superglue-fingervein,face,Multi-PIE_genuine_218,247,247,625,753,281,84,0.2989,True,0.2816,True,True,2.6929
sgmnet-fingervein,face,Multi-PIE_genuine_218,247,247,2000,2000,780,147,0.1885,False,0.1866,True,False,1.6961
aspanformer,face,Multi-PIE_genuine_218,247,247,1111,1111,1111,443,0.3987,False,0.3810,True,False,2.4101
deepdetect,face,Multi-PIE_genuine_218,247,247,13240,18247,81,61,0.7531,True,0.7531,True,True,2.5718
loftr,face,Multi-PIE_genuine_219,233,233,1161,1161,1161,375,0.3230,False,0.3068,True,False,2.5281
orb-fingervein,face,Multi-PIE_genuine_219,233,233,3013,2207,82,28,0.3415,False,0.3326,True,False,2.0238
sift-fingervein,face,Multi-PIE_genuine_219,233,233,672,382,54,21,0.3889,False,0.3839,True,False,1.7458
superglue-fingervein,face,Multi-PIE_genuine_219,233,233,771,610,332,73,0.2199,True,0.2072,True,True,2.6908
sgmnet-fingervein,face,Multi-PIE_genuine_219,233,233,2000,2000,764,99,0.1296,False,0.1283,True,False,1.6957
aspanformer,face,Multi-PIE_genuine_219,233,233,1437,1437,1437,520,0.3619,False,0.3466,True,False,2.3628
deepdetect,face,Multi-PIE_genuine_219,233,233,13118,10215,73,47,0.6438,True,0.6438,True,True,1.8392
loftr,face,Multi-PIE_genuine_220,068,068,20,20,20,8,0.4000,False,0.3873,True,False,1.1181
orb-fingervein,face,Multi-PIE_genuine_220,068,068,4561,4034,34,0,,False,,True,False,
sift-fingervein,face,Multi-PIE_genuine_220,068,068,1011,762,23,6,0.2609,False,0.2460,True,False,1.5654
superglue-fingervein,face,Multi-PIE_genuine_220,068,068,1043,822,9,5,0.5556,True,0.5179,True,True,0.4833
sgmnet-fingervein,face,Multi-PIE_genuine_220,068,068,2000,2000,90,7,0.0778,False,0.0745,True,False,0.0000
aspanformer,face,Multi-PIE_genuine_220,068,068,6,6,6,0,,False,,True,False,
deepdetect,face,Multi-PIE_genuine_220,068,068,30599,10263,53,0,,False,,True,False,
loftr,face,Multi-PIE_genuine_221,241,241,111,111,111,17,0.1532,False,0.1468,True,False,2.3059
orb-fingervein,face,Multi-PIE_genuine_221,241,241,3496,3350,30,0,,False,,True,False,
sift-fingervein,face,Multi-PIE_genuine_221,241,241,800,552,15,4,0.2667,False,0.2444,True,False,0.0000
superglue-fingervein,face,Multi-PIE_genuine_221,241,241,779,576,8,6,0.7500,True,0.7097,True,True,1.3051
sgmnet-fingervein,face,Multi-PIE_genuine_221,241,241,2000,2000,113,11,0.0973,False,0.0961,True,False,0.8058
aspanformer,face,Multi-PIE_genuine_221,241,241,13,13,13,9,0.6923,True,0.6758,True,True,1.0483
deepdetect,face,Multi-PIE_genuine_221,241,241,13236,13694,19,12,0.6316,True,0.6316,True,True,2.7189
loftr,face,Multi-PIE_genuine_222,105,105,1287,1287,1287,588,0.4569,False,0.4439,True,False,2.0783
orb-fingervein,face,Multi-PIE_genuine_222,105,105,3659,3307,362,195,0.5387,True,0.5238,True,True,2.0615
sift-fingervein,face,Multi-PIE_genuine_222,105,105,729,647,107,44,0.4112,False,0.3984,True,False,2.1334
superglue-fingervein,face,Multi-PIE_genuine_222,105,105,822,765,449,155,0.3452,True,0.3289,True,True,2.4672
sgmnet-fingervein,face,Multi-PIE_genuine_222,105,105,2000,2000,919,165,0.1795,False,0.1789,True,False,1.5683
aspanformer,face,Multi-PIE_genuine_222,105,105,1832,1832,1832,682,0.3723,False,0.3590,True,False,2.2260
deepdetect,face,Multi-PIE_genuine_222,105,105,17788,16567,762,615,0.8071,True,0.8071,True,True,2.4003
loftr,face,Multi-PIE_genuine_223,135,135,979,979,979,431,0.4402,False,0.4280,True,False,2.0623
orb-fingervein,face,Multi-PIE_genuine_223,135,135,2822,2530,83,52,0.6265,True,0.6127,True,True,1.9469
sift-fingervein,face,Multi-PIE_genuine_223,135,135,399,333,40,13,0.3250,False,0.3219,True,False,1.5510
superglue-fingervein,face,Multi-PIE_genuine_223,135,135,677,573,264,87,0.3295,True,0.3149,True,True,2.4094
sgmnet-fingervein,face,Multi-PIE_genuine_223,135,135,2000,2000,806,82,0.1017,False,0.1005,True,False,1.7398
aspanformer,face,Multi-PIE_genuine_223,135,135,1332,1332,1332,453,0.3401,False,0.3219,True,False,2.5979
deepdetect,face,Multi-PIE_genuine_223,135,135,9841,6882,57,45,0.7895,True,0.7895,True,True,0.6061
loftr,face,Multi-PIE_genuine_224,227,227,822,822,822,271,0.3297,False,0.3197,True,False,2.1161
orb-fingervein,face,Multi-PIE_genuine_224,227,227,3862,2965,196,94,0.4796,True,0.4608,True,True,2.2989
sift-fingervein,face,Multi-PIE_genuine_224,227,227,896,576,60,23,0.3833,False,0.3829,True,False,1.5182
superglue-fingervein,face,Multi-PIE_genuine_224,227,227,820,718,345,93,0.2696,True,0.2545,True,True,2.6510
sgmnet-fingervein,face,Multi-PIE_genuine_224,227,227,2000,2000,666,104,0.1562,False,0.1555,True,False,1.5884
aspanformer,face,Multi-PIE_genuine_224,227,227,942,942,942,340,0.3609,False,0.3404,True,False,2.6739
deepdetect,face,Multi-PIE_genuine_224,227,227,17718,13924,114,98,0.8596,True,0.8596,True,True,1.1420
loftr,face,Multi-PIE_genuine_225,220,220,252,252,252,37,0.1468,False,0.1398,True,False,2.4774
orb-fingervein,face,Multi-PIE_genuine_225,220,220,3643,2856,40,9,0.2250,False,0.2196,True,False,0.6603
sift-fingervein,face,Multi-PIE_genuine_225,220,220,573,565,18,5,0.2778,False,0.2589,True,False,0.7533
superglue-fingervein,face,Multi-PIE_genuine_225,220,220,648,695,178,25,0.1404,False,0.1323,True,False,2.6883
sgmnet-fingervein,face,Multi-PIE_genuine_225,220,220,2000,2000,86,8,0.0930,False,0.0901,True,False,0.8128
aspanformer,face,Multi-PIE_genuine_225,220,220,437,437,437,125,0.2860,False,0.2720,True,False,2.5073
deepdetect,face,Multi-PIE_genuine_225,220,220,11709,17030,15,9,0.6000,True,0.6000,True,True,0.8295
loftr,face,Multi-PIE_genuine_226,126,126,225,225,225,88,0.3911,False,0.3814,True,False,2.0012
orb-fingervein,face,Multi-PIE_genuine_226,126,126,1181,826,31,13,0.4194,False,0.4165,True,False,0.6531
sift-fingervein,face,Multi-PIE_genuine_226,126,126,195,136,14,0,,False,,True,False,
superglue-fingervein,face,Multi-PIE_genuine_226,126,126,374,324,115,32,0.2783,True,0.2628,True,True,2.6443
sgmnet-fingervein,face,Multi-PIE_genuine_226,126,126,2000,2000,105,10,0.0952,False,0.0936,True,False,1.0515
aspanformer,face,Multi-PIE_genuine_226,126,126,154,154,154,78,0.5065,True,0.4950,True,True,1.9582
deepdetect,face,Multi-PIE_genuine_226,126,126,7516,5489,8,0,,False,,True,False,
loftr,face,Multi-PIE_genuine_227,148,148,633,633,633,221,0.3491,False,0.3342,True,False,2.3738
orb-fingervein,face,Multi-PIE_genuine_227,148,148,3997,3743,82,19,0.2317,False,0.2255,True,False,2.0229
sift-fingervein,face,Multi-PIE_genuine_227,148,148,793,703,32,7,0.2188,False,0.2082,True,False,1.6358
superglue-fingervein,face,Multi-PIE_genuine_227,148,148,841,817,270,60,0.2222,True,0.2080,True,True,2.8247
sgmnet-fingervein,face,Multi-PIE_genuine_227,148,148,2000,2000,466,40,0.0858,False,0.0852,True,False,1.6539
aspanformer,face,Multi-PIE_genuine_227,148,148,829,829,829,340,0.4101,False,0.3967,True,False,2.1639
deepdetect,face,Multi-PIE_genuine_227,148,148,23118,19637,33,27,0.8182,True,0.8182,True,True,1.9073
loftr,face,Multi-PIE_genuine_228,174,174,156,156,156,37,0.2372,False,0.2307,True,False,2.0498
orb-fingervein,face,Multi-PIE_genuine_228,174,174,4169,3794,64,0,,False,,True,False,
sift-fingervein,face,Multi-PIE_genuine_228,174,174,826,781,29,0,,False,,True,False,
superglue-fingervein,face,Multi-PIE_genuine_228,174,174,849,759,10,5,0.5000,True,0.4661,True,True,1.0286
sgmnet-fingervein,face,Multi-PIE_genuine_228,174,174,2000,1870,73,8,0.1096,False,0.1061,True,False,0.4874
aspanformer,face,Multi-PIE_genuine_228,174,174,43,43,43,23,0.5349,True,0.5148,True,True,2.2606
deepdetect,face,Multi-PIE_genuine_228,174,174,22969,19265,60,0,,False,,True,False,
loftr,face,Multi-PIE_genuine_229,152,152,1101,1101,1101,608,0.5522,True,0.5397,True,True,1.9580
orb-fingervein,face,Multi-PIE_genuine_229,152,152,4336,4014,332,213,0.6416,True,0.6075,True,True,2.5905
sift-fingervein,face,Multi-PIE_genuine_229,152,152,985,893,114,49,0.4298,False,0.4220,True,False,1.8656
superglue-fingervein,face,Multi-PIE_genuine_229,152,152,873,804,450,204,0.4533,True,0.4251,True,True,2.7840
sgmnet-fingervein,face,Multi-PIE_genuine_229,152,152,2000,2000,841,183,0.2176,True,0.2153,True,True,1.7098
aspanformer,face,Multi-PIE_genuine_229,152,152,1610,1610,1610,729,0.4528,True,0.4441,True,True,1.8889
deepdetect,face,Multi-PIE_genuine_229,152,152,12524,12474,235,218,0.9277,True,0.9277,True,True,1.1599
loftr,face,Multi-PIE_genuine_230,041,041,100,100,100,13,0.1300,False,0.1276,True,False,1.7276
orb-fingervein,face,Multi-PIE_genuine_230,041,041,4440,4524,42,9,0.2143,False,0.2092,True,False,0.8484
sift-fingervein,face,Multi-PIE_genuine_230,041,041,976,1053,31,6,0.1935,False,0.1831,True,False,1.0600
superglue-fingervein,face,Multi-PIE_genuine_230,041,041,976,891,41,0,,False,,True,False,
sgmnet-fingervein,face,Multi-PIE_genuine_230,041,041,2000,2000,112,7,0.0625,False,0.0599,True,False,0.0698
aspanformer,face,Multi-PIE_genuine_230,041,041,30,30,30,13,0.4333,True,0.4203,True,True,1.9741
deepdetect,face,Multi-PIE_genuine_230,041,041,22729,14826,13,6,0.4615,True,0.4615,True,True,1.7835
loftr,face,Multi-PIE_genuine_231,084,084,1319,1319,1319,565,0.4284,False,0.4278,True,False,1.5267
orb-fingervein,face,Multi-PIE_genuine_231,084,084,4214,3899,188,99,0.5266,True,0.5088,True,True,2.1894
sift-fingervein,face,Multi-PIE_genuine_231,084,084,781,711,84,36,0.4286,False,0.4084,True,False,2.4643
superglue-fingervein,face,Multi-PIE_genuine_231,084,084,781,835,395,132,0.3342,True,0.3142,True,True,2.7314
sgmnet-fingervein,face,Multi-PIE_genuine_231,084,084,2000,2000,919,184,0.2002,False,0.1994,True,False,1.5866
aspanformer,face,Multi-PIE_genuine_231,084,084,1672,1672,1672,805,0.4815,True,0.4616,True,True,2.3441
deepdetect,face,Multi-PIE_genuine_231,084,084,14461,10784,218,136,0.6239,True,0.6239,True,True,2.5505
loftr,face,Multi-PIE_genuine_232,076,076,2,2,2,0,,False,,True,False,
orb-fingervein,face,Multi-PIE_genuine_232,076,076,3477,4381,33,0,,False,,True,False,
sift-fingervein,face,Multi-PIE_genuine_232,076,076,530,864,12,0,,False,,True,False,
superglue-fingervein,face,Multi-PIE_genuine_232,076,076,564,748,1,0,,False,,True,False,
sgmnet-fingervein,face,Multi-PIE_genuine_232,076,076,2000,2000,123,10,0.0813,False,0.0799,True,False,1.0315
aspanformer,face,Multi-PIE_genuine_232,076,076,14,14,14,0,,False,,True,False,
deepdetect,face,Multi-PIE_genuine_232,076,076,11035,16262,25,0,,False,,True,False,
loftr,face,Multi-PIE_genuine_233,022,022,32,32,32,8,0.2500,False,0.2421,True,False,1.3143
orb-fingervein,face,Multi-PIE_genuine_233,022,022,3701,4453,48,0,,False,,True,False,
sift-fingervein,face,Multi-PIE_genuine_233,022,022,598,1005,14,0,,False,,True,False,
superglue-fingervein,face,Multi-PIE_genuine_233,022,022,623,956,3,0,,False,,True,False,
sgmnet-fingervein,face,Multi-PIE_genuine_233,022,022,2000,2000,111,7,0.0631,False,0.0604,True,False,0.7342
aspanformer,face,Multi-PIE_genuine_233,022,022,2,2,2,0,,False,,True,False,
deepdetect,face,Multi-PIE_genuine_233,022,022,10745,20678,12,0,,False,,True,False,
loftr,face,Multi-PIE_genuine_234,114,114,48,48,48,10,0.2083,False,0.2008,True,False,1.8793
orb-fingervein,face,Multi-PIE_genuine_234,114,114,4230,2599,49,12,0.2449,False,0.2426,True,False,1.3047
sift-fingervein,face,Multi-PIE_genuine_234,114,114,921,413,25,0,,False,,True,False,
superglue-fingervein,face,Multi-PIE_genuine_234,114,114,812,500,21,0,,False,,True,False,
sgmnet-fingervein,face,Multi-PIE_genuine_234,114,114,2000,2000,75,7,0.0933,False,0.0894,True,False,0.5572
aspanformer,face,Multi-PIE_genuine_234,114,114,14,14,14,7,0.5000,True,0.4791,True,True,1.1731
deepdetect,face,Multi-PIE_genuine_234,114,114,21679,5643,38,23,0.6053,True,0.6053,True,True,0.6053
loftr,face,Multi-PIE_genuine_235,008,008,699,699,699,211,0.3019,False,0.2906,True,False,2.2625
orb-fingervein,face,Multi-PIE_genuine_235,008,008,3205,3087,44,14,0.3182,False,0.3078,True,False,2.0637
sift-fingervein,face,Multi-PIE_genuine_235,008,008,718,712,26,6,0.2308,False,0.2184,True,False,0.9047
superglue-fingervein,face,Multi-PIE_genuine_235,008,008,684,805,347,69,0.1988,True,0.1852,True,True,2.9253
sgmnet-fingervein,face,Multi-PIE_genuine_235,008,008,2000,2000,783,145,0.1852,False,0.1830,True,False,1.7346
aspanformer,face,Multi-PIE_genuine_235,008,008,890,890,890,313,0.3517,False,0.3406,True,False,2.1399
deepdetect,face,Multi-PIE_genuine_235,008,008,10230,16531,2,0,,False,,True,False,
loftr,face,Multi-PIE_genuine_236,198,198,44,44,44,0,,False,,True,False,
orb-fingervein,face,Multi-PIE_genuine_236,198,198,3579,2068,50,0,,False,,True,False,
sift-fingervein,face,Multi-PIE_genuine_236,198,198,694,400,25,0,,False,,True,False,
superglue-fingervein,face,Multi-PIE_genuine_236,198,198,822,544,6,4,0.6667,True,0.6110,True,True,0.0000
sgmnet-fingervein,face,Multi-PIE_genuine_236,198,198,2000,2000,52,6,0.1154,False,0.1092,True,False,0.6455
aspanformer,face,Multi-PIE_genuine_236,198,198,2,2,2,0,,False,,True,False,
deepdetect,face,Multi-PIE_genuine_236,198,198,22318,4819,59,0,,False,,True,False,
loftr,face,Multi-PIE_genuine_237,187,187,167,167,167,88,0.5269,True,0.5250,True,True,1.5747
orb-fingervein,face,Multi-PIE_genuine_237,187,187,3980,3689,54,15,0.2778,False,0.2749,True,False,1.6386
sift-fingervein,face,Multi-PIE_genuine_237,187,187,892,565,25,0,,False,,True,False,
superglue-fingervein,face,Multi-PIE_genuine_237,187,187,835,589,247,55,0.2227,True,0.2092,True,True,2.7457
sgmnet-fingervein,face,Multi-PIE_genuine_237,187,187,2000,2000,189,11,0.0582,False,0.0574,True,False,0.8293
aspanformer,face,Multi-PIE_genuine_237,187,187,295,295,295,184,0.6237,True,0.5940,True,True,2.4759
deepdetect,face,Multi-PIE_genuine_237,187,187,23480,10189,71,0,,False,,True,False,
loftr,face,Multi-PIE_genuine_238,078,078,606,606,606,174,0.2871,False,0.2819,True,False,1.8688
orb-fingervein,face,Multi-PIE_genuine_238,078,078,4473,4846,79,22,0.2785,False,0.2686,True,False,2.2175
sift-fingervein,face,Multi-PIE_genuine_238,078,078,815,1059,34,7,0.2059,False,0.1973,True,False,1.1313
superglue-fingervein,face,Multi-PIE_genuine_238,078,078,803,1044,349,89,0.2550,True,0.2394,True,True,2.7629
sgmnet-fingervein,face,Multi-PIE_genuine_238,078,078,2000,1878,451,45,0.0998,False,0.0993,True,False,1.5970
aspanformer,face,Multi-PIE_genuine_238,078,078,862,862,862,289,0.3353,False,0.3220,True,False,2.3105
deepdetect,face,Multi-PIE_genuine_238,078,078,17162,21929,62,39,0.6290,True,0.6290,True,True,1.6692
loftr,face,Multi-PIE_genuine_239,198,198,2,2,2,0,,False,,True,False,
orb-fingervein,face,Multi-PIE_genuine_239,198,198,3196,831,55,14,0.2545,False,0.2510,True,False,1.6823
sift-fingervein,face,Multi-PIE_genuine_239,198,198,645,211,44,11,0.2500,False,0.2421,True,False,1.8814
superglue-fingervein,face,Multi-PIE_genuine_239,198,198,708,411,3,0,,False,,True,False,
sgmnet-fingervein,face,Multi-PIE_genuine_239,198,198,2000,2000,69,0,,False,,True,False,
aspanformer,face,Multi-PIE_genuine_239,198,198,2,2,2,0,,False,,True,False,
deepdetect,face,Multi-PIE_genuine_239,198,198,25248,4958,12,9,0.7500,True,0.7500,True,True,1.5309
loftr,face,Multi-PIE_genuine_240,075,075,1292,1292,1292,674,0.5217,True,0.4967,True,True,2.4808
orb-fingervein,face,Multi-PIE_genuine_240,075,075,1209,2443,40,19,0.4750,True,0.4745,True,True,1.4706
sift-fingervein,face,Multi-PIE_genuine_240,075,075,167,310,33,15,0.4545,False,0.4411,True,False,2.0272
superglue-fingervein,face,Multi-PIE_genuine_240,075,075,368,600,243,67,0.2757,True,0.2581,True,True,2.8177
sgmnet-fingervein,face,Multi-PIE_genuine_240,075,075,2000,2000,839,116,0.1383,False,0.1359,True,False,1.8472
aspanformer,face,Multi-PIE_genuine_240,075,075,1862,1862,1862,978,0.5252,True,0.5073,True,True,2.1954
deepdetect,face,Multi-PIE_genuine_240,075,075,3362,6677,8,8,1.0000,True,1.0000,True,True,0.9294
loftr,face,Multi-PIE_genuine_241,003,003,847,847,847,258,0.3046,False,0.2933,True,False,2.2595
orb-fingervein,face,Multi-PIE_genuine_241,003,003,4207,4283,73,23,0.3151,False,0.3012,True,False,2.3927
sift-fingervein,face,Multi-PIE_genuine_241,003,003,777,864,41,11,0.2683,False,0.2648,True,False,1.2499
superglue-fingervein,face,Multi-PIE_genuine_241,003,003,825,915,361,95,0.2632,True,0.2481,True,True,2.6789
sgmnet-fingervein,face,Multi-PIE_genuine_241,003,003,2000,1986,731,115,0.1573,False,0.1556,True,False,1.7208
aspanformer,face,Multi-PIE_genuine_241,003,003,1010,1010,1010,308,0.3050,False,0.2907,True,False,2.4550
deepdetect,face,Multi-PIE_genuine_241,003,003,10063,15721,24,15,0.6250,True,0.6250,True,True,1.6393
loftr,face,Multi-PIE_genuine_242,024,024,841,841,841,286,0.3401,False,0.3213,True,False,2.6356
orb-fingervein,face,Multi-PIE_genuine_242,024,024,3810,4101,137,50,0.3650,False,0.3477,True,False,2.4686
sift-fingervein,face,Multi-PIE_genuine_242,024,024,609,811,36,11,0.3056,False,0.2924,True,False,2.1177
superglue-fingervein,face,Multi-PIE_genuine_242,024,024,717,780,344,83,0.2413,True,0.2247,True,True,2.9212
sgmnet-fingervein,face,Multi-PIE_genuine_242,024,024,2000,2000,805,153,0.1901,False,0.1880,True,False,1.7138
aspanformer,face,Multi-PIE_genuine_242,024,024,1231,1231,1231,423,0.3436,False,0.3267,True,False,2.5083
deepdetect,face,Multi-PIE_genuine_242,024,024,11366,17831,63,46,0.7302,True,0.7302,True,True,1.4283
loftr,face,Multi-PIE_genuine_243,239,239,112,112,112,36,0.3214,False,0.3197,True,False,1.6096
orb-fingervein,face,Multi-PIE_genuine_243,239,239,1822,3536,9,0,,False,,True,False,
sift-fingervein,face,Multi-PIE_genuine_243,239,239,501,731,12,0,,False,,True,False,
superglue-fingervein,face,Multi-PIE_genuine_243,239,239,556,788,20,0,,False,,True,False,
sgmnet-fingervein,face,Multi-PIE_genuine_243,239,239,2000,2000,76,6,0.0789,False,0.0747,True,False,0.3355
aspanformer,face,Multi-PIE_genuine_243,239,239,54,54,54,22,0.4074,False,0.3923,True,False,2.2474
deepdetect,face,Multi-PIE_genuine_243,239,239,11124,15001,11,0,,False,,True,False,
loftr,face,Multi-PIE_genuine_244,214,214,200,200,200,21,0.1050,False,0.0998,True,False,2.5132
orb-fingervein,face,Multi-PIE_genuine_244,214,214,4338,4504,42,10,0.2381,False,0.2339,True,False,1.0182
sift-fingervein,face,Multi-PIE_genuine_244,214,214,828,863,25,0,,False,,True,False,
superglue-fingervein,face,Multi-PIE_genuine_244,214,214,932,910,49,0,,False,,True,False,
sgmnet-fingervein,face,Multi-PIE_genuine_244,214,214,2000,2000,143,8,0.0559,False,0.0542,True,False,0.6709
aspanformer,face,Multi-PIE_genuine_244,214,214,86,86,86,40,0.4651,True,0.4489,True,True,2.2089
deepdetect,face,Multi-PIE_genuine_244,214,214,15602,16646,17,0,,False,,True,False,
loftr,face,Multi-PIE_genuine_245,020,020,86,86,86,22,0.2558,False,0.2511,True,False,1.8662
orb-fingervein,face,Multi-PIE_genuine_245,020,020,4129,4435,34,0,,False,,True,False,
sift-fingervein,face,Multi-PIE_genuine_245,020,020,1062,981,22,5,0.2273,False,0.2119,True,False,0.4664
superglue-fingervein,face,Multi-PIE_genuine_245,020,020,815,934,1,0,,False,,True,False,
sgmnet-fingervein,face,Multi-PIE_genuine_245,020,020,2000,2000,105,7,0.0667,False,0.0639,True,False,0.7676
aspanformer,face,Multi-PIE_genuine_245,020,020,7,7,7,4,0.5714,True,0.5237,True,True,0.0000
deepdetect,face,Multi-PIE_genuine_245,020,020,14049,13389,21,9,0.4286,True,0.4286,True,True,0.9238
loftr,face,Multi-PIE_genuine_246,077,077,15,15,15,6,0.4000,False,0.3785,True,False,1.3177
orb-fingervein,face,Multi-PIE_genuine_246,077,077,4126,3524,26,7,0.2692,False,0.2580,True,False,1.2667
sift-fingervein,face,Multi-PIE_genuine_246,077,077,896,551,18,0,,False,,True,False,
superglue-fingervein,face,Multi-PIE_genuine_246,077,077,800,616,11,0,,False,,True,False,
sgmnet-fingervein,face,Multi-PIE_genuine_246,077,077,2000,2000,49,6,0.1224,False,0.1159,True,False,0.8649
aspanformer,face,Multi-PIE_genuine_246,077,077,8,8,8,7,0.8750,True,0.8290,True,True,1.7285
deepdetect,face,Multi-PIE_genuine_246,077,077,19070,9610,7,0,,False,,True,False,
loftr,face,Multi-PIE_genuine_247,023,023,86,86,86,12,0.1395,False,0.1361,True,False,1.8089
orb-fingervein,face,Multi-PIE_genuine_247,023,023,4559,4998,52,0,,False,,True,False,
sift-fingervein,face,Multi-PIE_genuine_247,023,023,1119,1404,23,0,,False,,True,False,
superglue-fingervein,face,Multi-PIE_genuine_247,023,023,1048,931,8,0,,False,,True,False,
sgmnet-fingervein,face,Multi-PIE_genuine_247,023,023,2000,2000,77,7,0.0909,False,0.0871,True,False,0.6536
aspanformer,face,Multi-PIE_genuine_247,023,023,13,13,13,9,0.6923,True,0.6758,True,True,1.4376
deepdetect,face,Multi-PIE_genuine_247,023,023,17702,17723,18,11,0.6111,True,0.6111,True,True,1.9955
loftr,face,Multi-PIE_genuine_248,011,011,1256,1256,1256,516,0.4108,False,0.3885,True,False,2.6171
orb-fingervein,face,Multi-PIE_genuine_248,011,011,2843,2672,138,57,0.4130,False,0.3949,True,False,2.3959
sift-fingervein,face,Multi-PIE_genuine_248,011,011,343,361,51,16,0.3137,False,0.2993,True,False,2.3925
superglue-fingervein,face,Multi-PIE_genuine_248,011,011,477,531,240,97,0.4042,True,0.3782,True,True,2.8257
sgmnet-fingervein,face,Multi-PIE_genuine_248,011,011,2000,2000,946,151,0.1596,False,0.1573,True,False,1.7961
aspanformer,face,Multi-PIE_genuine_248,011,011,1650,1650,1650,790,0.4788,True,0.4520,True,True,2.6532
deepdetect,face,Multi-PIE_genuine_248,011,011,9770,9110,84,69,0.8214,True,0.8214,True,True,1.8143
loftr,face,Multi-PIE_genuine_249,112,112,15,15,15,5,0.3333,False,0.3107,True,False,0.6169
orb-fingervein,face,Multi-PIE_genuine_249,112,112,4431,3455,35,0,,False,,True,False,
sift-fingervein,face,Multi-PIE_genuine_249,112,112,1016,590,21,0,,False,,True,False,
superglue-fingervein,face,Multi-PIE_genuine_249,112,112,925,629,0,0,,False,,True,False,
sgmnet-fingervein,face,Multi-PIE_genuine_249,112,112,2000,2000,91,7,0.0769,False,0.0737,True,False,1.0077
aspanformer,face,Multi-PIE_genuine_249,112,112,22,22,22,11,0.5000,True,0.4852,True,True,1.8378
deepdetect,face,Multi-PIE_genuine_249,112,112,11902,7908,14,0,,False,,True,False,
loftr,face,Multi-PIE_impostor_0,160,186,457,457,457,137,0.2998,False,0.2840,False,True,2.5824
orb-fingervein,face,Multi-PIE_impostor_0,160,186,726,1066,13,0,,False,,False,True,
sift-fingervein,face,Multi-PIE_impostor_0,160,186,173,253,10,0,,False,,False,True,
superglue-fingervein,face,Multi-PIE_impostor_0,160,186,423,453,183,47,0.2568,True,0.2408,False,False,2.7923
sgmnet-fingervein,face,Multi-PIE_impostor_0,160,186,2000,2000,326,28,0.0859,False,0.0855,False,True,1.5860
aspanformer,face,Multi-PIE_impostor_0,160,186,322,322,322,169,0.5248,True,0.4984,False,False,2.5324
deepdetect,face,Multi-PIE_impostor_0,160,186,5833,5967,12,11,0.9167,True,0.9167,False,False,0.5397
loftr,face,Multi-PIE_impostor_1,124,183,434,434,434,82,0.1889,False,0.1795,False,True,2.5240
orb-fingervein,face,Multi-PIE_impostor_1,124,183,3970,4497,37,0,,False,,False,True,
sift-fingervein,face,Multi-PIE_impostor_1,124,183,717,1088,14,0,,False,,False,True,
superglue-fingervein,face,Multi-PIE_impostor_1,124,183,835,862,298,45,0.1510,False,0.1409,False,True,2.8846
sgmnet-fingervein,face,Multi-PIE_impostor_1,124,183,2000,2000,130,8,0.0615,False,0.0596,False,True,0.6525
aspanformer,face,Multi-PIE_impostor_1,124,183,109,109,109,37,0.3394,False,0.3339,False,True,1.8320
deepdetect,face,Multi-PIE_impostor_1,124,183,15082,13185,14,6,0.4286,True,0.4286,False,False,0.4866
loftr,face,Multi-PIE_impostor_2,034,163,0,0,0,0,,False,,False,True,
orb-fingervein,face,Multi-PIE_impostor_2,034,163,3860,2608,44,0,,False,,False,True,
sift-fingervein,face,Multi-PIE_impostor_2,034,163,836,330,16,0,,False,,False,True,
superglue-fingervein,face,Multi-PIE_impostor_2,034,163,706,518,40,10,0.2500,True,0.2410,False,False,1.8774
sgmnet-fingervein,face,Multi-PIE_impostor_2,034,163,2000,2000,58,0,,False,,False,True,
aspanformer,face,Multi-PIE_impostor_2,034,163,2,2,2,0,,False,,False,True,
deepdetect,face,Multi-PIE_impostor_2,034,163,14748,5580,20,0,,False,,False,True,
loftr,face,Multi-PIE_impostor_3,163,172,33,33,33,9,0.2727,False,0.2662,False,True,1.2358
orb-fingervein,face,Multi-PIE_impostor_3,163,172,3297,3676,23,0,,False,,False,True,
sift-fingervein,face,Multi-PIE_impostor_3,163,172,623,529,13,0,,False,,False,True,
superglue-fingervein,face,Multi-PIE_impostor_3,163,172,716,592,6,0,,False,,False,True,
sgmnet-fingervein,face,Multi-PIE_impostor_3,163,172,2000,2000,68,8,0.1176,False,0.1139,False,True,0.6225
aspanformer,face,Multi-PIE_impostor_3,163,172,16,16,16,9,0.5625,True,0.5410,False,False,1.7970
deepdetect,face,Multi-PIE_impostor_3,163,172,12616,10831,5,0,,False,,False,True,
loftr,face,Multi-PIE_impostor_4,083,028,151,151,151,25,0.1656,False,0.1582,False,True,2.4044
orb-fingervein,face,Multi-PIE_impostor_4,083,028,3368,4736,37,0,,False,,False,True,
sift-fingervein,face,Multi-PIE_impostor_4,083,028,597,1250,18,0,,False,,False,True,
superglue-fingervein,face,Multi-PIE_impostor_4,083,028,659,835,107,17,0.1589,True,0.1543,False,False,2.0502
sgmnet-fingervein,face,Multi-PIE_impostor_4,083,028,2000,2000,194,12,0.0619,False,0.0613,False,True,1.2117
aspanformer,face,Multi-PIE_impostor_4,083,028,59,59,59,25,0.4237,True,0.4104,False,False,2.1381
deepdetect,face,Multi-PIE_impostor_4,083,028,10443,18757,8,0,,False,,False,True,
loftr,face,Multi-PIE_impostor_5,214,201,367,367,367,62,0.1689,False,0.1584,False,True,2.7849
orb-fingervein,face,Multi-PIE_impostor_5,214,201,4299,3774,43,0,,False,,False,True,
sift-fingervein,face,Multi-PIE_impostor_5,214,201,689,691,14,0,,False,,False,True,
superglue-fingervein,face,Multi-PIE_impostor_5,214,201,868,705,203,30,0.1478,False,0.1387,False,True,2.7629
sgmnet-fingervein,face,Multi-PIE_impostor_5,214,201,2000,2000,95,7,0.0737,False,0.0706,False,True,0.6494
aspanformer,face,Multi-PIE_impostor_5,214,201,79,79,79,29,0.3671,False,0.3478,False,True,2.5809
deepdetect,face,Multi-PIE_impostor_5,214,201,15799,10257,26,0,,False,,False,True,
loftr,face,Multi-PIE_impostor_6,119,194,10,10,10,0,,False,,False,True,
orb-fingervein,face,Multi-PIE_impostor_6,119,194,708,1307,11,5,0.4545,False,0.4237,False,True,0.8648
sift-fingervein,face,Multi-PIE_impostor_6,119,194,184,282,6,0,,False,,False,True,
superglue-fingervein,face,Multi-PIE_impostor_6,119,194,505,417,1,0,,False,,False,True,
sgmnet-fingervein,face,Multi-PIE_impostor_6,119,194,2000,2000,85,7,0.0824,False,0.0789,False,True,0.9788
aspanformer,face,Multi-PIE_impostor_6,119,194,1,1,1,0,,False,,False,True,
deepdetect,face,Multi-PIE_impostor_6,119,194,5763,7903,1,0,,False,,False,True,
loftr,face,Multi-PIE_impostor_7,197,214,283,283,283,34,0.1201,False,0.1155,False,True,2.2857
orb-fingervein,face,Multi-PIE_impostor_7,197,214,3627,3672,44,0,,False,,False,True,
sift-fingervein,face,Multi-PIE_impostor_7,197,214,545,532,16,0,,False,,False,True,
superglue-fingervein,face,Multi-PIE_impostor_7,197,214,672,683,217,43,0.1982,True,0.1875,False,False,2.6109
sgmnet-fingervein,face,Multi-PIE_impostor_7,197,214,2000,2000,105,0,,False,,False,True,
aspanformer,face,Multi-PIE_impostor_7,197,214,10,10,10,7,0.7000,True,0.6708,False,False,0.4775
deepdetect,face,Multi-PIE_impostor_7,197,214,11365,9387,6,0,,False,,False,True,
loftr,face,Multi-PIE_impostor_8,002,008,97,97,97,14,0.1443,False,0.1393,False,True,2.1082
orb-fingervein,face,Multi-PIE_impostor_8,002,008,649,500,6,0,,False,,False,True,
sift-fingervein,face,Multi-PIE_impostor_8,002,008,165,190,5,0,,False,,False,True,
superglue-fingervein,face,Multi-PIE_impostor_8,002,008,419,487,85,11,0.1294,False,0.1228,False,True,2.2911
sgmnet-fingervein,face,Multi-PIE_impostor_8,002,008,2000,2000,127,9,0.0709,False,0.0692,False,True,0.8819
aspanformer,face,Multi-PIE_impostor_8,002,008,1,1,1,0,,False,,False,True,
deepdetect,face,Multi-PIE_impostor_8,002,008,4353,5926,29,28,0.9655,True,0.9655,False,False,0.6397
loftr,face,Multi-PIE_impostor_9,095,012,207,207,207,39,0.1884,False,0.1838,False,True,1.9956
orb-fingervein,face,Multi-PIE_impostor_9,095,012,3676,3605,33,0,,False,,False,True,
sift-fingervein,face,Multi-PIE_impostor_9,095,012,613,684,16,0,,False,,False,True,
superglue-fingervein,face,Multi-PIE_impostor_9,095,012,740,800,263,50,0.1901,True,0.1782,False,False,2.7942
sgmnet-fingervein,face,Multi-PIE_impostor_9,095,012,2000,1901,79,6,0.0759,False,0.0719,False,True,0.7050
aspanformer,face,Multi-PIE_impostor_9,095,012,81,81,81,33,0.4074,False,0.3995,False,True,1.8931
deepdetect,face,Multi-PIE_impostor_9,095,012,12321,18010,38,0,,False,,False,True,
loftr,face,Multi-PIE_impostor_10,249,190,125,125,125,41,0.3280,False,0.3194,False,True,2.0344
orb-fingervein,face,Multi-PIE_impostor_10,249,190,1048,1559,26,7,0.2692,False,0.2580,False,True,0.9758
sift-fingervein,face,Multi-PIE_impostor_10,249,190,235,276,8,0,,False,,False,True,
superglue-fingervein,face,Multi-PIE_impostor_10,249,190,557,477,176,34,0.1932,True,0.1824,False,False,2.6450
sgmnet-fingervein,face,Multi-PIE_impostor_10,249,190,2000,2000,93,6,0.0645,False,0.0610,False,True,0.8744
aspanformer,face,Multi-PIE_impostor_10,249,190,6,6,6,6,1.0000,True,0.9462,False,False,0.7401
deepdetect,face,Multi-PIE_impostor_10,249,190,6615,9849,2,0,,False,,False,True,
loftr,face,Multi-PIE_impostor_11,028,020,446,446,446,98,0.2197,False,0.2197,False,True,1.3806
orb-fingervein,face,Multi-PIE_impostor_11,028,020,4413,4435,52,9,0.1731,False,0.1690,False,True,0.6713
sift-fingervein,face,Multi-PIE_impostor_11,028,020,994,981,30,0,,False,,False,True,
superglue-fingervein,face,Multi-PIE_impostor_11,028,020,856,934,310,48,0.1548,False,0.1440,False,True,2.9495
sgmnet-fingervein,face,Multi-PIE_impostor_11,028,020,1958,2000,186,10,0.0538,False,0.0528,False,True,1.2048
aspanformer,face,Multi-PIE_impostor_11,028,020,115,115,115,44,0.3826,False,0.3826,False,True,1.3216
deepdetect,face,Multi-PIE_impostor_11,028,020,14567,13389,14,9,0.6429,True,0.6429,False,False,2.0148
loftr,face,Multi-PIE_impostor_12,140,245,23,23,23,8,0.3478,False,0.3366,False,True,1.5084
orb-fingervein,face,Multi-PIE_impostor_12,140,245,3612,3237,31,0,,False,,False,True,
sift-fingervein,face,Multi-PIE_impostor_12,140,245,856,465,27,0,,False,,False,True,
superglue-fingervein,face,Multi-PIE_impostor_12,140,245,819,612,25,8,0.3200,True,0.3098,False,False,1.4239
sgmnet-fingervein,face,Multi-PIE_impostor_12,140,245,2000,2000,73,7,0.0959,False,0.0919,False,True,0.9519
aspanformer,face,Multi-PIE_impostor_12,140,245,11,11,11,7,0.6364,True,0.6098,False,False,1.1163
deepdetect,face,Multi-PIE_impostor_12,140,245,20962,11394,10,7,0.7000,True,0.7000,False,False,0.0664
loftr,face,Multi-PIE_impostor_13,242,121,39,39,39,0,,False,,False,True,
orb-fingervein,face,Multi-PIE_impostor_13,242,121,493,745,7,0,,False,,False,True,
sift-fingervein,face,Multi-PIE_impostor_13,242,121,195,196,7,0,,False,,False,True,
superglue-fingervein,face,Multi-PIE_impostor_13,242,121,491,417,28,7,0.2500,True,0.2386,False,False,1.5833
sgmnet-fingervein,face,Multi-PIE_impostor_13,242,121,2000,2000,112,0,,False,,False,True,
aspanformer,face,Multi-PIE_impostor_13,242,121,6,6,6,0,,False,,False,True,
deepdetect,face,Multi-PIE_impostor_13,242,121,4514,5618,13,12,0.9231,True,0.9231,False,False,0.4249
loftr,face,Multi-PIE_impostor_14,013,142,144,144,144,32,0.2222,False,0.2137,False,True,2.2858
orb-fingervein,face,Multi-PIE_impostor_14,013,142,3939,1990,43,0,,False,,False,True,
sift-fingervein,face,Multi-PIE_impostor_14,013,142,662,271,23,0,,False,,False,True,
superglue-fingervein,face,Multi-PIE_impostor_14,013,142,704,428,107,21,0.1963,True,0.1863,False,False,2.5364
sgmnet-fingervein,face,Multi-PIE_impostor_14,013,142,2000,2000,99,7,0.0707,False,0.0678,False,True,0.1263
aspanformer,face,Multi-PIE_impostor_14,013,142,19,19,19,11,0.5789,True,0.5714,False,False,0.9447
deepdetect,face,Multi-PIE_impostor_14,013,142,11377,5422,17,11,0.6471,True,0.6471,False,False,0.6172
loftr,face,Multi-PIE_impostor_15,051,091,8,8,8,0,,False,,False,True,
orb-fingervein,face,Multi-PIE_impostor_15,051,091,2466,4497,23,6,0.2609,False,0.2468,False,True,1.0465
sift-fingervein,face,Multi-PIE_impostor_15,051,091,1161,1069,19,0,,False,,False,True,
superglue-fingervein,face,Multi-PIE_impostor_15,051,091,906,926,7,0,,False,,False,True,
sgmnet-fingervein,face,Multi-PIE_impostor_15,051,091,2000,2000,140,8,0.0571,False,0.0553,False,True,0.7622
aspanformer,face,Multi-PIE_impostor_15,051,091,10,10,10,0,,False,,False,True,
deepdetect,face,Multi-PIE_impostor_15,051,091,11223,17992,10,0,,False,,False,True,
loftr,face,Multi-PIE_impostor_16,142,228,182,182,182,37,0.2033,False,0.1898,False,True,2.8761
orb-fingervein,face,Multi-PIE_impostor_16,142,228,3247,2998,53,0,,False,,False,True,
sift-fingervein,face,Multi-PIE_impostor_16,142,228,454,454,19,0,,False,,False,True,
superglue-fingervein,face,Multi-PIE_impostor_16,142,228,516,650,214,41,0.1916,True,0.1790,False,False,2.8556
sgmnet-fingervein,face,Multi-PIE_impostor_16,142,228,2000,2000,162,9,0.0556,False,0.0542,False,True,1.0827
aspanformer,face,Multi-PIE_impostor_16,142,228,108,108,108,45,0.4167,True,0.4027,False,False,2.1822
deepdetect,face,Multi-PIE_impostor_16,142,228,10519,14107,5,4,0.8000,True,0.8000,False,False,0.0000
loftr,face,Multi-PIE_impostor_17,055,109,70,70,70,19,0.2714,False,0.2581,False,True,2.4894
orb-fingervein,face,Multi-PIE_impostor_17,055,109,884,1198,15,7,0.4667,False,0.4472,False,True,0.0682
sift-fingervein,face,Multi-PIE_impostor_17,055,109,147,275,5,0,,False,,False,True,
superglue-fingervein,face,Multi-PIE_impostor_17,055,109,343,453,8,6,0.7500,True,0.7097,False,False,0.8418
sgmnet-fingervein,face,Multi-PIE_impostor_17,055,109,2000,2000,99,7,0.0707,False,0.0678,False,True,1.0645
aspanformer,face,Multi-PIE_impostor_17,055,109,3,3,3,0,,False,,False,True,
deepdetect,face,Multi-PIE_impostor_17,055,109,5434,7631,24,19,0.7917,True,0.7917,False,False,0.6215
loftr,face,Multi-PIE_impostor_18,017,107,239,239,239,48,0.2008,False,0.1923,False,True,2.3689
orb-fingervein,face,Multi-PIE_impostor_18,017,107,919,1727,8,5,0.6250,True,0.5826,False,False,0.9210
sift-fingervein,face,Multi-PIE_impostor_18,017,107,213,359,13,5,0.3846,False,0.3585,False,True,0.6856
superglue-fingervein,face,Multi-PIE_impostor_18,017,107,458,511,8,0,,False,,False,True,
sgmnet-fingervein,face,Multi-PIE_impostor_18,017,107,2000,2000,131,9,0.0687,False,0.0671,False,True,0.4504
aspanformer,face,Multi-PIE_impostor_18,017,107,86,86,86,41,0.4767,True,0.4686,False,False,1.8432
deepdetect,face,Multi-PIE_impostor_18,017,107,8805,8079,19,0,,False,,False,True,
loftr,face,Multi-PIE_impostor_19,147,019,17,17,17,0,,False,,False,True,
orb-fingervein,face,Multi-PIE_impostor_19,147,019,3010,2629,33,0,,False,,False,True,
sift-fingervein,face,Multi-PIE_impostor_19,147,019,511,384,19,0,,False,,False,True,
superglue-fingervein,face,Multi-PIE_impostor_19,147,019,570,620,26,7,0.2692,True,0.2580,False,False,1.4270
sgmnet-fingervein,face,Multi-PIE_impostor_19,147,019,2000,2000,97,0,,False,,False,True,
aspanformer,face,Multi-PIE_impostor_19,147,019,5,5,5,5,1.0000,True,0.9322,False,False,0.0811
deepdetect,face,Multi-PIE_impostor_19,147,019,12654,8999,4,0,,False,,False,True,
loftr,face,Multi-PIE_impostor_20,214,194,78,78,78,11,0.1410,False,0.1361,False,True,1.9498
orb-fingervein,face,Multi-PIE_impostor_20,214,194,3847,3700,32,8,0.2500,False,0.2421,False,True,0.2513
sift-fingervein,face,Multi-PIE_impostor_20,214,194,774,588,19,0,,False,,False,True,
superglue-fingervein,face,Multi-PIE_impostor_20,214,194,902,794,1,0,,False,,False,True,
sgmnet-fingervein,face,Multi-PIE_impostor_20,214,194,2000,2000,54,7,0.1296,False,0.1242,False,True,0.5114
aspanformer,face,Multi-PIE_impostor_20,214,194,13,13,13,7,0.5385,True,0.5120,False,False,1.6545
deepdetect,face,Multi-PIE_impostor_20,214,194,15621,14281,12,0,,False,,False,True,
loftr,face,Multi-PIE_impostor_21,119,081,2,2,2,0,,False,,False,True,
orb-fingervein,face,Multi-PIE_impostor_21,119,081,3098,2564,40,0,,False,,False,True,
sift-fingervein,face,Multi-PIE_impostor_21,119,081,408,437,6,4,0.6667,True,0.6110,False,False,0.0000
superglue-fingervein,face,Multi-PIE_impostor_21,119,081,531,627,12,5,0.4167,True,0.3884,False,False,0.0719
sgmnet-fingervein,face,Multi-PIE_impostor_21,119,081,2000,2000,83,6,0.0723,False,0.0684,False,True,0.3018
aspanformer,face,Multi-PIE_impostor_21,119,081,9,9,9,5,0.5556,True,0.5179,False,False,1.1738
deepdetect,face,Multi-PIE_impostor_21,119,081,7626,9305,1,0,,False,,False,True,
loftr,face,Multi-PIE_impostor_22,105,112,272,272,272,46,0.1691,False,0.1609,False,True,2.4994
orb-fingervein,face,Multi-PIE_impostor_22,105,112,3031,3952,32,9,0.2812,False,0.2745,False,True,1.3350
sift-fingervein,face,Multi-PIE_impostor_22,105,112,604,837,14,0,,False,,False,True,
superglue-fingervein,face,Multi-PIE_impostor_22,105,112,650,876,240,39,0.1625,True,0.1555,False,False,2.3855
sgmnet-fingervein,face,Multi-PIE_impostor_22,105,112,2000,2000,181,8,0.0442,False,0.0428,False,True,1.0015
aspanformer,face,Multi-PIE_impostor_22,105,112,64,64,64,27,0.4219,True,0.4168,False,False,1.7422
deepdetect,face,Multi-PIE_impostor_22,105,112,11922,13725,7,0,,False,,False,True,
loftr,face,Multi-PIE_impostor_23,235,159,0,0,0,0,,False,,False,True,
orb-fingervein,face,Multi-PIE_impostor_23,235,159,3376,3504,31,5,0.1613,False,0.1503,False,True,0.4935
sift-fingervein,face,Multi-PIE_impostor_23,235,159,417,681,10,0,,False,,False,True,
superglue-fingervein,face,Multi-PIE_impostor_23,235,159,488,767,0,0,,False,,False,True,
sgmnet-fingervein,face,Multi-PIE_impostor_23,235,159,2000,2000,121,9,0.0744,False,0.0720,False,True,1.6720
aspanformer,face,Multi-PIE_impostor_23,235,159,5,5,5,0,,False,,False,True,
deepdetect,face,Multi-PIE_impostor_23,235,159,8139,16753,11,6,0.5455,True,0.5455,False,False,0.3627
loftr,face,Multi-PIE_impostor_24,100,141,0,0,0,0,,False,,False,True,
orb-fingervein,face,Multi-PIE_impostor_24,100,141,3235,3140,42,0,,False,,False,True,
sift-fingervein,face,Multi-PIE_impostor_24,100,141,450,698,15,0,,False,,False,True,
superglue-fingervein,face,Multi-PIE_impostor_24,100,141,565,724,30,9,0.3000,True,0.2882,False,False,1.8192
sgmnet-fingervein,face,Multi-PIE_impostor_24,100,141,2000,2000,49,6,0.1224,False,0.1159,False,True,0.8113
aspanformer,face,Multi-PIE_impostor_24,100,141,3,3,3,0,,False,,False,True,
deepdetect,face,Multi-PIE_impostor_24,100,141,8281,12428,3,0,,False,,False,True,
loftr,face,Multi-PIE_impostor_25,054,185,7,7,7,6,0.8571,True,0.8110,False,False,1.2361
orb-fingervein,face,Multi-PIE_impostor_25,054,185,3107,3443,31,0,,False,,False,True,
sift-fingervein,face,Multi-PIE_impostor_25,054,185,522,718,10,5,0.5000,True,0.4661,False,False,0.9201
superglue-fingervein,face,Multi-PIE_impostor_25,054,185,731,747,8,6,0.7500,True,0.7078,False,False,1.5527
sgmnet-fingervein,face,Multi-PIE_impostor_25,054,185,2000,2000,116,7,0.0603,False,0.0578,False,True,0.4423
aspanformer,face,Multi-PIE_impostor_25,054,185,2,2,2,0,,False,,False,True,
deepdetect,face,Multi-PIE_impostor_25,054,185,12888,14134,11,7,0.6364,True,0.6364,False,False,1.4076
loftr,face,Multi-PIE_impostor_26,248,027,512,512,512,100,0.1953,False,0.1893,False,True,2.1274
orb-fingervein,face,Multi-PIE_impostor_26,248,027,4111,4149,51,10,0.1961,False,0.1926,False,True,1.4212
sift-fingervein,face,Multi-PIE_impostor_26,248,027,1060,847,31,7,0.2258,False,0.2164,False,True,1.4486
superglue-fingervein,face,Multi-PIE_impostor_26,248,027,923,834,362,82,0.2265,True,0.2120,False,False,2.8236
sgmnet-fingervein,face,Multi-PIE_impostor_26,248,027,2000,2000,284,12,0.0423,False,0.0419,False,True,1.1411
aspanformer,face,Multi-PIE_impostor_26,248,027,282,282,282,90,0.3191,False,0.3061,False,True,2.3321
deepdetect,face,Multi-PIE_impostor_26,248,027,28143,15478,157,97,0.6178,True,0.6178,False,False,1.9414
loftr,face,Multi-PIE_impostor_27,244,054,336,336,336,66,0.1964,False,0.1857,False,True,2.6231
orb-fingervein,face,Multi-PIE_impostor_27,244,054,2794,3173,20,0,,False,,False,True,
sift-fingervein,face,Multi-PIE_impostor_27,244,054,605,606,14,0,,False,,False,True,
superglue-fingervein,face,Multi-PIE_impostor_27,244,054,478,721,156,33,0.2115,True,0.1981,False,False,2.8089
sgmnet-fingervein,face,Multi-PIE_impostor_27,244,054,2000,2000,134,7,0.0522,False,0.0501,False,True,0.9551
aspanformer,face,Multi-PIE_impostor_27,244,054,176,176,176,57,0.3239,False,0.3041,False,True,2.7614
deepdetect,face,Multi-PIE_impostor_27,244,054,9903,12695,20,0,,False,,False,True,
loftr,face,Multi-PIE_impostor_28,053,234,198,198,198,51,0.2576,False,0.2432,False,True,2.6500
orb-fingervein,face,Multi-PIE_impostor_28,053,234,2793,4344,33,9,0.2727,False,0.2662,False,True,0.8736
sift-fingervein,face,Multi-PIE_impostor_28,053,234,405,983,13,6,0.4615,False,0.4367,False,True,0.7030
superglue-fingervein,face,Multi-PIE_impostor_28,053,234,618,967,230,27,0.1174,False,0.1104,False,True,2.7203
sgmnet-fingervein,face,Multi-PIE_impostor_28,053,234,2000,2000,115,8,0.0696,False,0.0674,False,True,1.0073
aspanformer,face,Multi-PIE_impostor_28,053,234,71,71,71,41,0.5775,True,0.5603,False,False,2.1033
deepdetect,face,Multi-PIE_impostor_28,053,234,11453,21320,35,0,,False,,False,True,
loftr,face,Multi-PIE_impostor_29,050,069,87,87,87,12,0.1379,False,0.1317,False,True,2.2389
orb-fingervein,face,Multi-PIE_impostor_29,050,069,3884,3818,30,0,,False,,False,True,
sift-fingervein,face,Multi-PIE_impostor_29,050,069,870,708,23,0,,False,,False,True,
superglue-fingervein,face,Multi-PIE_impostor_29,050,069,909,707,9,0,,False,,False,True,
sgmnet-fingervein,face,Multi-PIE_impostor_29,050,069,2000,2000,118,7,0.0593,False,0.0568,False,True,0.4783
aspanformer,face,Multi-PIE_impostor_29,050,069,37,37,37,16,0.4324,True,0.4309,False,False,1.5210
deepdetect,face,Multi-PIE_impostor_29,050,069,25374,14431,13,7,0.5385,True,0.5385,False,False,0.8118
loftr,face,Multi-PIE_impostor_30,094,059,96,96,96,13,0.1354,False,0.1313,False,True,1.9799
orb-fingervein,face,Multi-PIE_impostor_30,094,059,4549,4268,61,0,,False,,False,True,
sift-fingervein,face,Multi-PIE_impostor_30,094,059,918,944,25,7,0.2800,False,0.2683,False,True,0.7243
superglue-fingervein,face,Multi-PIE_impostor_30,094,059,839,919,9,0,,False,,False,True,
sgmnet-fingervein,face,Multi-PIE_impostor_30,094,059,2000,2000,69,6,0.0870,False,0.0823,False,True,0.4815
aspanformer,face,Multi-PIE_impostor_30,094,059,21,21,21,8,0.3810,False,0.3659,False,True,1.6578
deepdetect,face,Multi-PIE_impostor_30,094,059,15657,18990,15,0,,False,,False,True,
loftr,face,Multi-PIE_impostor_31,041,127,156,156,156,43,0.2756,False,0.2664,False,True,2.1791
orb-fingervein,face,Multi-PIE_impostor_31,041,127,4370,4533,32,0,,False,,False,True,
sift-fingervein,face,Multi-PIE_impostor_31,041,127,1016,1192,22,0,,False,,False,True,
superglue-fingervein,face,Multi-PIE_impostor_31,041,127,809,978,279,28,0.1004,False,0.0958,False,True,2.4263
sgmnet-fingervein,face,Multi-PIE_impostor_31,041,127,2000,2000,151,11,0.0728,False,0.0719,False,True,1.2782
aspanformer,face,Multi-PIE_impostor_31,041,127,87,87,87,50,0.5747,True,0.5457,False,False,2.5376
deepdetect,face,Multi-PIE_impostor_31,041,127,17286,19902,17,9,0.5294,True,0.5294,False,False,0.8077
loftr,face,Multi-PIE_impostor_32,119,107,352,352,352,63,0.1790,False,0.1677,False,True,2.8062
orb-fingervein,face,Multi-PIE_impostor_32,119,107,3708,4679,42,12,0.2857,False,0.2830,False,True,1.0097
sift-fingervein,face,Multi-PIE_impostor_32,119,107,761,1128,33,0,,False,,False,True,
superglue-fingervein,face,Multi-PIE_impostor_32,119,107,869,1098,307,47,0.1531,False,0.1428,False,True,2.8933
sgmnet-fingervein,face,Multi-PIE_impostor_32,119,107,2000,2000,111,9,0.0811,False,0.0791,False,True,0.3817
aspanformer,face,Multi-PIE_impostor_32,119,107,266,266,266,73,0.2744,False,0.2612,False,True,2.4893
deepdetect,face,Multi-PIE_impostor_32,119,107,20204,22331,28,16,0.5714,True,0.5714,False,False,1.7812
loftr,face,Multi-PIE_impostor_33,019,054,20,20,20,9,0.4500,False,0.4393,False,True,1.4770
orb-fingervein,face,Multi-PIE_impostor_33,019,054,3872,2897,47,8,0.1702,False,0.1648,False,True,0.9146
sift-fingervein,face,Multi-PIE_impostor_33,019,054,829,417,23,6,0.2609,False,0.2468,False,True,1.1906
superglue-fingervein,face,Multi-PIE_impostor_33,019,054,844,577,113,22,0.1947,True,0.1842,False,False,2.5978
sgmnet-fingervein,face,Multi-PIE_impostor_33,019,054,2000,2000,87,7,0.0805,False,0.0771,False,True,0.6691
aspanformer,face,Multi-PIE_impostor_33,019,054,27,27,27,13,0.4815,True,0.4712,False,False,1.7932
deepdetect,face,Multi-PIE_impostor_33,019,054,18055,10334,7,6,0.8571,True,0.8571,False,False,0.6476
loftr,face,Multi-PIE_impostor_34,250,192,221,221,221,40,0.1810,False,0.1728,False,True,2.4259
orb-fingervein,face,Multi-PIE_impostor_34,250,192,1187,1121,33,12,0.3636,False,0.3481,False,True,2.1850
sift-fingervein,face,Multi-PIE_impostor_34,250,192,349,252,13,4,0.3077,False,0.2820,False,True,0.0000
superglue-fingervein,face,Multi-PIE_impostor_34,250,192,448,431,183,39,0.2131,True,0.1994,False,False,2.8329
sgmnet-fingervein,face,Multi-PIE_impostor_34,250,192,2000,2000,186,10,0.0538,False,0.0528,False,True,1.0243
aspanformer,face,Multi-PIE_impostor_34,250,192,137,137,137,62,0.4526,True,0.4321,False,False,2.4237
deepdetect,face,Multi-PIE_impostor_34,250,192,6651,5596,23,16,0.6957,True,0.6957,False,False,0.5502
loftr,face,Multi-PIE_impostor_35,207,212,16,16,16,6,0.3750,False,0.3548,False,True,1.2674
orb-fingervein,face,Multi-PIE_impostor_35,207,212,3318,3189,39,0,,False,,False,True,
sift-fingervein,face,Multi-PIE_impostor_35,207,212,448,589,12,0,,False,,False,True,
superglue-fingervein,face,Multi-PIE_impostor_35,207,212,570,707,13,5,0.3846,True,0.3585,False,False,0.8726
sgmnet-fingervein,face,Multi-PIE_impostor_35,207,212,2000,2000,41,5,0.1220,False,0.1137,False,True,0.7633
aspanformer,face,Multi-PIE_impostor_35,207,212,2,2,2,0,,False,,False,True,
deepdetect,face,Multi-PIE_impostor_35,207,212,7846,20473,5,0,,False,,False,True,
loftr,face,Multi-PIE_impostor_36,061,155,3,3,3,0,,False,,False,True,
orb-fingervein,face,Multi-PIE_impostor_36,061,155,2370,2685,23,0,,False,,False,True,
sift-fingervein,face,Multi-PIE_impostor_36,061,155,290,471,12,0,,False,,False,True,
superglue-fingervein,face,Multi-PIE_impostor_36,061,155,433,662,81,16,0.1975,True,0.1867,False,False,2.5771
sgmnet-fingervein,face,Multi-PIE_impostor_36,061,155,2000,2000,44,0,,False,,False,True,
aspanformer,face,Multi-PIE_impostor_36,061,155,11,11,11,0,,False,,False,True,
deepdetect,face,Multi-PIE_impostor_36,061,155,9424,13235,10,0,,False,,False,True,
loftr,face,Multi-PIE_impostor_37,183,018,44,44,44,8,0.1818,False,0.1737,False,True,1.7720
orb-fingervein,face,Multi-PIE_impostor_37,183,018,3517,2004,49,13,0.2653,False,0.2635,False,True,0.7969
sift-fingervein,face,Multi-PIE_impostor_37,183,018,613,395,10,0,,False,,False,True,
superglue-fingervein,face,Multi-PIE_impostor_37,183,018,822,504,82,14,0.1707,True,0.1604,False,False,2.6457
sgmnet-fingervein,face,Multi-PIE_impostor_37,183,018,2000,2000,106,6,0.0566,False,0.0536,False,True,0.9704
aspanformer,face,Multi-PIE_impostor_37,183,018,10,10,10,7,0.7000,True,0.6708,False,False,1.2644
deepdetect,face,Multi-PIE_impostor_37,183,018,13360,5084,2,0,,False,,False,True,
loftr,face,Multi-PIE_impostor_38,189,005,6,6,6,0,,False,,False,True,
orb-fingervein,face,Multi-PIE_impostor_38,189,005,4417,3114,29,7,0.2414,False,0.2313,False,True,1.1239
sift-fingervein,face,Multi-PIE_impostor_38,189,005,1003,501,16,5,0.3125,False,0.2913,False,True,1.0757
superglue-fingervein,face,Multi-PIE_impostor_38,189,005,949,618,1,0,,False,,False,True,
sgmnet-fingervein,face,Multi-PIE_impostor_38,189,005,2000,2000,85,8,0.0941,False,0.0911,False,True,0.7056
aspanformer,face,Multi-PIE_impostor_38,189,005,11,11,11,6,0.5455,True,0.5161,False,False,0.9675
deepdetect,face,Multi-PIE_impostor_38,189,005,14859,11538,4,0,,False,,False,True,
loftr,face,Multi-PIE_impostor_39,237,110,0,0,0,0,,False,,False,True,
orb-fingervein,face,Multi-PIE_impostor_39,237,110,1459,1098,23,0,,False,,False,True,
sift-fingervein,face,Multi-PIE_impostor_39,237,110,464,213,24,0,,False,,False,True,
superglue-fingervein,face,Multi-PIE_impostor_39,237,110,555,358,3,0,,False,,False,True,
sgmnet-fingervein,face,Multi-PIE_impostor_39,237,110,2000,2000,94,6,0.0638,False,0.0604,False,True,0.5282
aspanformer,face,Multi-PIE_impostor_39,237,110,2,2,0,0,,False,,False,True,
deepdetect,face,Multi-PIE_impostor_39,237,110,11558,4485,5,0,,False,,False,True,
loftr,face,Multi-PIE_impostor_40,233,088,37,37,37,0,,False,,False,True,
orb-fingervein,face,Multi-PIE_impostor_40,233,088,4126,1812,60,18,0.3000,False,0.2975,False,True,1.6410
sift-fingervein,face,Multi-PIE_impostor_40,233,088,900,306,28,0,,False,,False,True,
superglue-fingervein,face,Multi-PIE_impostor_40,233,088,924,400,12,5,0.4167,True,0.3884,False,False,0.9149
sgmnet-fingervein,face,Multi-PIE_impostor_40,233,088,2000,2000,65,7,0.1077,False,0.1032,False,True,0.5858
aspanformer,face,Multi-PIE_impostor_40,233,088,1,1,1,0,,False,,False,True,
deepdetect,face,Multi-PIE_impostor_40,233,088,18525,4525,60,0,,False,,False,True,
loftr,face,Multi-PIE_impostor_41,148,098,235,235,235,63,0.2681,False,0.2525,False,True,2.6961
orb-fingervein,face,Multi-PIE_impostor_41,148,098,3075,3584,33,0,,False,,False,True,
sift-fingervein,face,Multi-PIE_impostor_41,148,098,448,628,13,0,,False,,False,True,
superglue-fingervein,face,Multi-PIE_impostor_41,148,098,517,616,217,49,0.2258,True,0.2095,False,False,2.9964
sgmnet-fingervein,face,Multi-PIE_impostor_41,148,098,2000,2000,89,7,0.0787,False,0.0754,False,True,0.4789
aspanformer,face,Multi-PIE_impostor_41,148,098,106,106,106,66,0.6226,True,0.6117,False,False,1.8541
deepdetect,face,Multi-PIE_impostor_41,148,098,9495,10782,11,0,,False,,False,True,
loftr,face,Multi-PIE_impostor_42,151,031,263,263,263,51,0.1939,False,0.1894,False,True,1.9733
orb-fingervein,face,Multi-PIE_impostor_42,151,031,3754,3901,51,0,,False,,False,True,
sift-fingervein,face,Multi-PIE_impostor_42,151,031,619,825,16,0,,False,,False,True,
superglue-fingervein,face,Multi-PIE_impostor_42,151,031,744,827,221,46,0.2081,True,0.1961,False,False,2.6874
sgmnet-fingervein,face,Multi-PIE_impostor_42,151,031,1979,1983,48,7,0.1458,False,0.1397,False,True,0.4233
aspanformer,face,Multi-PIE_impostor_42,151,031,37,37,37,18,0.4865,True,0.4858,False,False,1.4759
deepdetect,face,Multi-PIE_impostor_42,151,031,12172,19298,14,11,0.7857,True,0.7857,False,False,1.2135
loftr,face,Multi-PIE_impostor_43,202,143,223,223,223,41,0.1839,False,0.1813,False,True,1.7836
orb-fingervein,face,Multi-PIE_impostor_43,202,143,3229,3297,43,0,,False,,False,True,
sift-fingervein,face,Multi-PIE_impostor_43,202,143,477,558,19,6,0.3158,False,0.2988,False,True,0.8615
superglue-fingervein,face,Multi-PIE_impostor_43,202,143,600,612,182,24,0.1319,False,0.1251,False,True,2.5422
sgmnet-fingervein,face,Multi-PIE_impostor_43,202,143,1744,2000,155,9,0.0581,False,0.0567,False,True,1.0826
aspanformer,face,Multi-PIE_impostor_43,202,143,63,63,63,20,0.3175,False,0.3079,False,True,2.1002
deepdetect,face,Multi-PIE_impostor_43,202,143,14234,10659,86,0,,False,,False,True,
loftr,face,Multi-PIE_impostor_44,223,193,27,27,27,8,0.2963,False,0.2869,False,True,1.2638
orb-fingervein,face,Multi-PIE_impostor_44,223,193,4816,4976,38,7,0.1842,False,0.1765,False,True,1.1757
sift-fingervein,face,Multi-PIE_impostor_44,223,193,1167,1320,30,0,,False,,False,True,
superglue-fingervein,face,Multi-PIE_impostor_44,223,193,1004,1035,4,4,1.0000,True,0.9165,False,False,0.0000
sgmnet-fingervein,face,Multi-PIE_impostor_44,223,193,1959,2000,87,8,0.0920,False,0.0890,False,True,0.6083
aspanformer,face,Multi-PIE_impostor_44,223,193,18,18,18,8,0.4444,True,0.4271,False,False,1.6522
deepdetect,face,Multi-PIE_impostor_44,223,193,20391,14712,12,6,0.5000,True,0.5000,False,False,0.1244
loftr,face,Multi-PIE_impostor_45,139,131,120,120,120,46,0.3833,False,0.3702,False,True,2.1993
orb-fingervein,face,Multi-PIE_impostor_45,139,131,3331,3380,29,0,,False,,False,True,
sift-fingervein,face,Multi-PIE_impostor_45,139,131,655,619,29,0,,False,,False,True,
superglue-fingervein,face,Multi-PIE_impostor_45,139,131,819,765,215,40,0.1860,True,0.1729,False,False,2.9602
sgmnet-fingervein,face,Multi-PIE_impostor_45,139,131,2000,2000,69,6,0.0870,False,0.0823,False,True,0.8092
aspanformer,face,Multi-PIE_impostor_45,139,131,36,36,36,26,0.7222,True,0.7222,False,False,1.4205
deepdetect,face,Multi-PIE_impostor_45,139,131,24873,27229,41,0,,False,,False,True,
loftr,face,Multi-PIE_impostor_46,104,099,132,132,132,22,0.1667,False,0.1654,False,True,1.6414
orb-fingervein,face,Multi-PIE_impostor_46,104,099,4034,2701,40,11,0.2750,False,0.2714,False,True,0.5605
sift-fingervein,face,Multi-PIE_impostor_46,104,099,865,446,28,0,,False,,False,True,
superglue-fingervein,face,Multi-PIE_impostor_46,104,099,894,558,57,12,0.2105,True,0.2032,False,False,2.0198
sgmnet-fingervein,face,Multi-PIE_impostor_46,104,099,2000,2000,125,9,0.0720,False,0.0703,False,True,0.7752
aspanformer,face,Multi-PIE_impostor_46,104,099,6,6,6,5,0.8333,True,0.7768,False,False,0.9779
deepdetect,face,Multi-PIE_impostor_46,104,099,18854,6110,29,0,,False,,False,True,
loftr,face,Multi-PIE_impostor_47,107,048,2,2,2,0,,False,,False,True,
orb-fingervein,face,Multi-PIE_impostor_47,107,048,3728,2162,35,0,,False,,False,True,
sift-fingervein,face,Multi-PIE_impostor_47,107,048,818,246,26,0,,False,,False,True,
superglue-fingervein,face,Multi-PIE_impostor_47,107,048,874,414,7,5,0.7143,True,0.6584,False,False,1.7230
sgmnet-fingervein,face,Multi-PIE_impostor_47,107,048,2000,2000,68,7,0.1029,False,0.0986,False,True,0.9157
aspanformer,face,Multi-PIE_impostor_47,107,048,1,1,1,0,,False,,False,True,
deepdetect,face,Multi-PIE_impostor_47,107,048,10690,5517,3,0,,False,,False,True,
loftr,face,Multi-PIE_impostor_48,063,032,39,39,39,10,0.2564,False,0.2374,False,True,2.6845
orb-fingervein,face,Multi-PIE_impostor_48,063,032,4057,4459,45,11,0.2444,False,0.2332,False,True,2.1813
sift-fingervein,face,Multi-PIE_impostor_48,063,032,814,998,22,0,,False,,False,True,
superglue-fingervein,face,Multi-PIE_impostor_48,063,032,813,1021,33,7,0.2121,True,0.2033,False,False,1.1763
sgmnet-fingervein,face,Multi-PIE_impostor_48,063,032,2000,2000,84,7,0.0833,False,0.0799,False,True,0.7302
aspanformer,face,Multi-PIE_impostor_48,063,032,14,14,14,7,0.5000,True,0.4732,False,False,1.7510
deepdetect,face,Multi-PIE_impostor_48,063,032,17850,14113,10,0,,False,,False,True,
loftr,face,Multi-PIE_impostor_49,077,146,90,90,90,15,0.1667,False,0.1587,False,True,2.4078
orb-fingervein,face,Multi-PIE_impostor_49,077,146,1308,4101,20,0,,False,,False,True,
sift-fingervein,face,Multi-PIE_impostor_49,077,146,233,545,5,0,,False,,False,True,
superglue-fingervein,face,Multi-PIE_impostor_49,077,146,408,666,10,7,0.7000,True,0.6708,False,False,1.4892
sgmnet-fingervein,face,Multi-PIE_impostor_49,077,146,2000,2000,97,8,0.0825,False,0.0799,False,True,0.6847
aspanformer,face,Multi-PIE_impostor_49,077,146,12,12,12,0,,False,,False,True,
deepdetect,face,Multi-PIE_impostor_49,077,146,4406,9957,11,10,0.9091,True,0.9091,False,False,0.6144
loftr,face,Multi-PIE_impostor_50,033,240,1,1,1,0,,False,,False,True,
orb-fingervein,face,Multi-PIE_impostor_50,033,240,3917,2953,37,11,0.2973,False,0.2931,False,True,1.5258
sift-fingervein,face,Multi-PIE_impostor_50,033,240,609,470,21,0,,False,,False,True,
superglue-fingervein,face,Multi-PIE_impostor_50,033,240,872,679,3,0,,False,,False,True,
sgmnet-fingervein,face,Multi-PIE_impostor_50,033,240,2000,1896,105,8,0.0762,False,0.0738,False,True,0.9248
aspanformer,face,Multi-PIE_impostor_50,033,240,2,2,2,0,,False,,False,True,
deepdetect,face,Multi-PIE_impostor_50,033,240,14014,17816,3,0,,False,,False,True,
loftr,face,Multi-PIE_impostor_51,166,039,80,80,80,18,0.2250,False,0.2186,False,True,2.0546
orb-fingervein,face,Multi-PIE_impostor_51,166,039,2705,2115,43,0,,False,,False,True,
sift-fingervein,face,Multi-PIE_impostor_51,166,039,355,322,15,0,,False,,False,True,
superglue-fingervein,face,Multi-PIE_impostor_51,166,039,424,401,124,25,0.2016,True,0.1940,False,False,2.2632
sgmnet-fingervein,face,Multi-PIE_impostor_51,166,039,2000,2000,200,9,0.0450,False,0.0439,False,True,1.2528
aspanformer,face,Multi-PIE_impostor_51,166,039,46,46,46,23,0.5000,True,0.4918,False,False,1.8243
deepdetect,face,Multi-PIE_impostor_51,166,039,7370,6298,11,0,,False,,False,True,
loftr,face,Multi-PIE_impostor_52,142,140,288,288,288,57,0.1979,False,0.1875,False,True,2.5850
orb-fingervein,face,Multi-PIE_impostor_52,142,140,3127,3244,55,11,0.2000,False,0.1968,False,True,1.5577
sift-fingervein,face,Multi-PIE_impostor_52,142,140,438,815,12,0,,False,,False,True,
superglue-fingervein,face,Multi-PIE_impostor_52,142,140,535,816,255,36,0.1412,False,0.1337,False,True,2.5859
sgmnet-fingervein,face,Multi-PIE_impostor_52,142,140,2000,2000,80,7,0.0875,False,0.0838,False,True,0.6346
aspanformer,face,Multi-PIE_impostor_52,142,140,217,217,217,89,0.4101,False,0.3954,False,True,2.2316
deepdetect,face,Multi-PIE_impostor_52,142,140,12502,15917,21,0,,False,,False,True,
loftr,face,Multi-PIE_impostor_53,005,018,493,493,493,99,0.2008,False,0.1937,False,True,2.2162
orb-fingervein,face,Multi-PIE_impostor_53,005,018,3926,3580,44,0,,False,,False,True,
sift-fingervein,face,Multi-PIE_impostor_53,005,018,855,636,22,0,,False,,False,True,
superglue-fingervein,face,Multi-PIE_impostor_53,005,018,848,728,296,70,0.2365,True,0.2234,False,False,2.6343
sgmnet-fingervein,face,Multi-PIE_impostor_53,005,018,2000,2000,138,7,0.0507,False,0.0486,False,True,1.2036
aspanformer,face,Multi-PIE_impostor_53,005,018,190,190,190,73,0.3842,False,0.3769,False,True,1.8841
deepdetect,face,Multi-PIE_impostor_53,005,018,16432,11151,9,0,,False,,False,True,
loftr,face,Multi-PIE_impostor_54,172,087,11,11,11,0,,False,,False,True,
orb-fingervein,face,Multi-PIE_impostor_54,172,087,3272,3579,55,0,,False,,False,True,
sift-fingervein,face,Multi-PIE_impostor_54,172,087,505,725,22,0,,False,,False,True,
superglue-fingervein,face,Multi-PIE_impostor_54,172,087,522,940,54,8,0.1481,False,0.1434,False,True,1.4328
sgmnet-fingervein,face,Multi-PIE_impostor_54,172,087,2000,2000,92,7,0.0761,False,0.0729,False,True,0.6013
aspanformer,face,Multi-PIE_impostor_54,172,087,3,3,0,0,,False,,False,True,
deepdetect,face,Multi-PIE_impostor_54,172,087,8492,13595,6,0,,False,,False,True,
loftr,face,Multi-PIE_impostor_55,035,199,190,190,190,45,0.2368,False,0.2266,False,True,2.3826
orb-fingervein,face,Multi-PIE_impostor_55,035,199,2571,2915,40,0,,False,,False,True,
sift-fingervein,face,Multi-PIE_impostor_55,035,199,489,473,13,0,,False,,False,True,
superglue-fingervein,face,Multi-PIE_impostor_55,035,199,610,545,144,25,0.1736,True,0.1631,False,False,2.7471
sgmnet-fingervein,face,Multi-PIE_impostor_55,035,199,2000,2000,136,7,0.0515,False,0.0493,False,True,1.0073
aspanformer,face,Multi-PIE_impostor_55,035,199,50,50,50,28,0.5600,True,0.5404,False,False,2.2101
deepdetect,face,Multi-PIE_impostor_55,035,199,12090,9836,11,0,,False,,False,True,
loftr,face,Multi-PIE_impostor_56,143,229,276,276,276,29,0.1051,False,0.1013,False,True,2.2357
orb-fingervein,face,Multi-PIE_impostor_56,143,229,2416,3851,35,9,0.2571,False,0.2502,False,True,1.5673
sift-fingervein,face,Multi-PIE_impostor_56,143,229,309,651,11,4,0.3636,False,0.3333,False,True,0.0000
superglue-fingervein,face,Multi-PIE_impostor_56,143,229,501,792,195,19,0.0974,False,0.0931,False,True,2.3935
sgmnet-fingervein,face,Multi-PIE_impostor_56,143,229,2000,2000,148,8,0.0541,False,0.0523,False,True,0.5510
aspanformer,face,Multi-PIE_impostor_56,143,229,81,81,81,26,0.3210,False,0.3084,False,True,2.2955
deepdetect,face,Multi-PIE_impostor_56,143,229,9876,11073,2,0,,False,,False,True,
loftr,face,Multi-PIE_impostor_57,236,111,3,3,3,0,,False,,False,True,
orb-fingervein,face,Multi-PIE_impostor_57,236,111,3003,3551,26,10,0.3846,False,0.3778,False,True,1.4479
sift-fingervein,face,Multi-PIE_impostor_57,236,111,463,660,9,0,,False,,False,True,
superglue-fingervein,face,Multi-PIE_impostor_57,236,111,539,670,0,0,,False,,False,True,
sgmnet-fingervein,face,Multi-PIE_impostor_57,236,111,2000,2000,129,7,0.0543,False,0.0520,False,True,0.9496
aspanformer,face,Multi-PIE_impostor_57,236,111,16,16,16,0,,False,,False,True,
deepdetect,face,Multi-PIE_impostor_57,236,111,7535,13294,8,7,0.8750,True,0.8750,False,False,1.4072
loftr,face,Multi-PIE_impostor_58,164,064,52,52,52,10,0.1923,False,0.1823,False,True,2.2151
orb-fingervein,face,Multi-PIE_impostor_58,164,064,2315,3626,13,0,,False,,False,True,
sift-fingervein,face,Multi-PIE_impostor_58,164,064,487,473,20,0,,False,,False,True,
superglue-fingervein,face,Multi-PIE_impostor_58,164,064,638,532,6,0,,False,,False,True,
sgmnet-fingervein,face,Multi-PIE_impostor_58,164,064,2000,2000,166,9,0.0542,False,0.0529,False,True,1.1842
aspanformer,face,Multi-PIE_impostor_58,164,064,1,1,1,0,,False,,False,True,
deepdetect,face,Multi-PIE_impostor_58,164,064,6333,10528,17,11,0.6471,True,0.6471,False,False,1.5725
loftr,face,Multi-PIE_impostor_59,092,117,29,29,29,0,,False,,False,True,
orb-fingervein,face,Multi-PIE_impostor_59,092,117,3269,2404,45,0,,False,,False,True,
sift-fingervein,face,Multi-PIE_impostor_59,092,117,605,443,28,0,,False,,False,True,
superglue-fingervein,face,Multi-PIE_impostor_59,092,117,585,447,2,0,,False,,False,True,
sgmnet-fingervein,face,Multi-PIE_impostor_59,092,117,1930,2000,34,6,0.1765,False,0.1670,False,True,0.4333
aspanformer,face,Multi-PIE_impostor_59,092,117,3,3,0,0,,False,,False,True,
deepdetect,face,Multi-PIE_impostor_59,092,117,20785,5210,86,0,,False,,False,True,
loftr,face,Multi-PIE_impostor_60,160,029,29,29,29,0,,False,,False,True,
orb-fingervein,face,Multi-PIE_impostor_60,160,029,3187,3140,36,11,0.3056,False,0.3016,False,True,1.1090
sift-fingervein,face,Multi-PIE_impostor_60,160,029,511,498,14,0,,False,,False,True,
superglue-fingervein,face,Multi-PIE_impostor_60,160,029,684,652,6,0,,False,,False,True,
sgmnet-fingervein,face,Multi-PIE_impostor_60,160,029,2000,2000,209,11,0.0526,False,0.0519,False,True,0.9956
aspanformer,face,Multi-PIE_impostor_60,160,029,5,5,5,0,,False,,False,True,
deepdetect,face,Multi-PIE_impostor_60,160,029,14240,10522,6,0,,False,,False,True,
loftr,face,Multi-PIE_impostor_61,157,148,343,343,343,83,0.2420,False,0.2272,False,True,2.7587
orb-fingervein,face,Multi-PIE_impostor_61,157,148,3540,3743,56,16,0.2857,False,0.2830,False,True,1.6400
sift-fingervein,face,Multi-PIE_impostor_61,157,148,701,792,27,6,0.2222,False,0.2103,False,True,0.7377
superglue-fingervein,face,Multi-PIE_impostor_61,157,148,729,878,319,65,0.2038,True,0.1913,False,False,2.7636
sgmnet-fingervein,face,Multi-PIE_impostor_61,157,148,2000,2000,275,18,0.0655,False,0.0649,False,True,1.6315
aspanformer,face,Multi-PIE_impostor_61,157,148,380,380,380,151,0.3974,False,0.3786,False,True,2.4682
deepdetect,face,Multi-PIE_impostor_61,157,148,17686,15563,23,11,0.4783,True,0.4783,False,False,4.0794
loftr,face,Multi-PIE_impostor_62,236,189,116,116,116,14,0.1207,False,0.1173,False,True,1.9717
orb-fingervein,face,Multi-PIE_impostor_62,236,189,4625,4742,46,0,,False,,False,True,
sift-fingervein,face,Multi-PIE_impostor_62,236,189,929,1360,30,0,,False,,False,True,
superglue-fingervein,face,Multi-PIE_impostor_62,236,189,914,966,4,0,,False,,False,True,
sgmnet-fingervein,face,Multi-PIE_impostor_62,236,189,2000,2000,73,0,,False,,False,True,
aspanformer,face,Multi-PIE_impostor_62,236,189,27,27,27,10,0.3704,False,0.3582,False,True,1.8130
deepdetect,face,Multi-PIE_impostor_62,236,189,20831,14180,28,13,0.4643,True,0.4643,False,False,2.3437
loftr,face,Multi-PIE_impostor_63,236,062,83,83,83,16,0.1928,False,0.1923,False,True,1.4412
orb-fingervein,face,Multi-PIE_impostor_63,236,062,4185,4218,21,0,,False,,False,True,
sift-fingervein,face,Multi-PIE_impostor_63,236,062,729,869,15,0,,False,,False,True,
superglue-fingervein,face,Multi-PIE_impostor_63,236,062,701,863,1,0,,False,,False,True,
sgmnet-fingervein,face,Multi-PIE_impostor_63,236,062,2000,1910,49,6,0.1224,False,0.1159,False,True,0.8632
aspanformer,face,Multi-PIE_impostor_63,236,062,5,5,5,0,,False,,False,True,
deepdetect,face,Multi-PIE_impostor_63,236,062,14916,22021,16,0,,False,,False,True,
loftr,face,Multi-PIE_impostor_64,221,149,210,210,210,32,0.1524,False,0.1438,False,True,2.6572
orb-fingervein,face,Multi-PIE_impostor_64,221,149,3994,3952,35,0,,False,,False,True,
sift-fingervein,face,Multi-PIE_impostor_64,221,149,759,734,18,5,0.2778,False,0.2589,False,True,0.7524
superglue-fingervein,face,Multi-PIE_impostor_64,221,149,845,813,344,48,0.1395,False,0.1274,False,True,3.3256
sgmnet-fingervein,face,Multi-PIE_impostor_64,221,149,2000,1912,150,10,0.0667,False,0.0655,False,True,1.4041
aspanformer,face,Multi-PIE_impostor_64,221,149,81,81,81,31,0.3827,False,0.3765,False,True,1.8288
deepdetect,face,Multi-PIE_impostor_64,221,149,13407,17159,9,6,0.6667,True,0.6667,False,False,0.5496
loftr,face,Multi-PIE_impostor_65,027,097,160,160,160,18,0.1125,False,0.1083,False,True,2.2423
orb-fingervein,face,Multi-PIE_impostor_65,027,097,2528,3888,23,0,,False,,False,True,
sift-fingervein,face,Multi-PIE_impostor_65,027,097,552,1011,5,0,,False,,False,True,
superglue-fingervein,face,Multi-PIE_impostor_65,027,097,553,705,102,16,0.1569,True,0.1524,False,False,2.0249
sgmnet-fingervein,face,Multi-PIE_impostor_65,027,097,2000,2000,117,7,0.0598,False,0.0573,False,True,0.8952
aspanformer,face,Multi-PIE_impostor_65,027,097,25,25,25,10,0.4000,False,0.3915,False,True,1.5710
deepdetect,face,Multi-PIE_impostor_65,027,097,11258,15089,5,0,,False,,False,True,
loftr,face,Multi-PIE_impostor_66,190,210,14,14,14,0,,False,,False,True,
orb-fingervein,face,Multi-PIE_impostor_66,190,210,3373,900,67,0,,False,,False,True,
sift-fingervein,face,Multi-PIE_impostor_66,190,210,607,217,11,0,,False,,False,True,
superglue-fingervein,face,Multi-PIE_impostor_66,190,210,674,383,64,15,0.2344,True,0.2252,False,False,2.2249
sgmnet-fingervein,face,Multi-PIE_impostor_66,190,210,2000,2000,133,8,0.0602,False,0.0582,False,True,0.5587
aspanformer,face,Multi-PIE_impostor_66,190,210,25,25,25,9,0.3600,False,0.3514,False,True,1.1604
deepdetect,face,Multi-PIE_impostor_66,190,210,12895,4885,5,0,,False,,False,True,
loftr,face,Multi-PIE_impostor_67,151,235,58,58,58,18,0.3103,False,0.3017,False,True,2.0386
orb-fingervein,face,Multi-PIE_impostor_67,151,235,2682,1629,33,0,,False,,False,True,
sift-fingervein,face,Multi-PIE_impostor_67,151,235,493,360,26,7,0.2692,False,0.2580,False,True,1.0590
superglue-fingervein,face,Multi-PIE_impostor_67,151,235,687,513,22,11,0.5000,True,0.4773,False,False,2.1684
sgmnet-fingervein,face,Multi-PIE_impostor_67,151,235,2000,2000,68,14,0.2059,True,0.2049,False,False,0.9191
aspanformer,face,Multi-PIE_impostor_67,151,235,16,16,16,9,0.5625,True,0.5491,False,False,1.4426
deepdetect,face,Multi-PIE_impostor_67,151,235,16338,9714,9,7,0.7778,True,0.7778,False,False,0.7448
loftr,face,Multi-PIE_impostor_68,075,023,145,145,145,42,0.2897,False,0.2722,False,True,2.7403
orb-fingervein,face,Multi-PIE_impostor_68,075,023,3209,3760,29,0,,False,,False,True,
sift-fingervein,face,Multi-PIE_impostor_68,075,023,496,787,14,0,,False,,False,True,
superglue-fingervein,face,Multi-PIE_impostor_68,075,023,623,828,232,78,0.3362,True,0.3114,False,False,3.0347
sgmnet-fingervein,face,Multi-PIE_impostor_68,075,023,2000,2000,130,10,0.0769,False,0.0756,False,True,1.0950
aspanformer,face,Multi-PIE_impostor_68,075,023,110,110,110,56,0.5091,True,0.4918,False,False,2.1907
deepdetect,face,Multi-PIE_impostor_68,075,023,12485,12578,8,0,,False,,False,True,
loftr,face,Multi-PIE_impostor_69,049,217,152,152,152,20,0.1316,False,0.1265,False,True,2.2696
orb-fingervein,face,Multi-PIE_impostor_69,049,217,4046,3776,40,10,0.2500,False,0.2403,False,True,1.9315
sift-fingervein,face,Multi-PIE_impostor_69,049,217,883,628,28,0,,False,,False,True,
superglue-fingervein,face,Multi-PIE_impostor_69,049,217,960,677,142,35,0.2465,True,0.2296,False,False,2.9177
sgmnet-fingervein,face,Multi-PIE_impostor_69,049,217,2000,2000,88,7,0.0795,False,0.0762,False,True,0.8711
aspanformer,face,Multi-PIE_impostor_69,049,217,38,38,38,17,0.4474,True,0.4452,False,False,1.5620
deepdetect,face,Multi-PIE_impostor_69,049,217,19999,12101,25,0,,False,,False,True,
loftr,face,Multi-PIE_impostor_70,237,183,231,231,231,35,0.1515,False,0.1471,False,True,2.0952
orb-fingervein,face,Multi-PIE_impostor_70,237,183,3484,2105,55,0,,False,,False,True,
sift-fingervein,face,Multi-PIE_impostor_70,237,183,917,412,14,0,,False,,False,True,
superglue-fingervein,face,Multi-PIE_impostor_70,237,183,491,691,190,39,0.2053,True,0.1930,False,False,2.7307
sgmnet-fingervein,face,Multi-PIE_impostor_70,237,183,1951,2000,155,10,0.0645,False,0.0634,False,True,1.0263
aspanformer,face,Multi-PIE_impostor_70,237,183,69,69,69,31,0.4493,True,0.4235,False,False,2.6819
deepdetect,face,Multi-PIE_impostor_70,237,183,21432,12472,116,0,,False,,False,True,
loftr,face,Multi-PIE_impostor_71,161,068,244,244,244,75,0.3074,False,0.2951,False,True,2.3122
orb-fingervein,face,Multi-PIE_impostor_71,161,068,3030,3813,15,5,0.3333,False,0.3107,False,True,0.9994
sift-fingervein,face,Multi-PIE_impostor_71,161,068,571,730,19,0,,False,,False,True,
superglue-fingervein,face,Multi-PIE_impostor_71,161,068,739,666,125,28,0.2240,True,0.2159,False,False,2.2322
sgmnet-fingervein,face,Multi-PIE_impostor_71,161,068,2000,2000,151,10,0.0662,False,0.0651,False,True,0.9156
aspanformer,face,Multi-PIE_impostor_71,161,068,155,155,155,62,0.4000,False,0.3811,False,True,2.4665
deepdetect,face,Multi-PIE_impostor_71,161,068,13009,14132,13,8,0.6154,True,0.6154,False,False,0.6506
loftr,face,Multi-PIE_impostor_72,056,163,187,187,187,25,0.1337,False,0.1333,False,True,1.5599
orb-fingervein,face,Multi-PIE_impostor_72,056,163,4045,3513,42,0,,False,,False,True,
sift-fingervein,face,Multi-PIE_impostor_72,056,163,945,611,22,0,,False,,False,True,
superglue-fingervein,face,Multi-PIE_impostor_72,056,163,835,761,117,18,0.1538,False,0.1475,False,True,2.3168
sgmnet-fingervein,face,Multi-PIE_impostor_72,056,163,2000,2000,244,11,0.0451,False,0.0445,False,True,0.9948
aspanformer,face,Multi-PIE_impostor_72,056,163,9,9,9,6,0.6667,True,0.6308,False,False,0.9362
deepdetect,face,Multi-PIE_impostor_72,056,163,17162,11743,9,5,0.5556,True,0.5556,False,False,0.1824
loftr,face,Multi-PIE_impostor_73,127,163,311,311,311,50,0.1608,False,0.1544,False,True,2.3038
orb-fingervein,face,Multi-PIE_impostor_73,127,163,3144,3408,54,0,,False,,False,True,
sift-fingervein,face,Multi-PIE_impostor_73,127,163,484,625,8,0,,False,,False,True,
superglue-fingervein,face,Multi-PIE_impostor_73,127,163,638,707,163,26,0.1595,True,0.1529,False,False,2.3462
sgmnet-fingervein,face,Multi-PIE_impostor_73,127,163,2000,2000,123,9,0.0732,False,0.0714,False,True,0.6535
aspanformer,face,Multi-PIE_impostor_73,127,163,106,106,106,37,0.3491,False,0.3437,False,True,1.8084
deepdetect,face,Multi-PIE_impostor_73,127,163,10306,8075,25,15,0.6000,True,0.6000,False,False,1.0785
loftr,face,Multi-PIE_impostor_74,151,169,489,489,489,113,0.2311,False,0.2194,False,True,2.5358
orb-fingervein,face,Multi-PIE_impostor_74,151,169,3426,3445,53,21,0.3962,False,0.3933,False,True,1.6398
sift-fingervein,face,Multi-PIE_impostor_74,151,169,631,772,17,0,,False,,False,True,
superglue-fingervein,face,Multi-PIE_impostor_74,151,169,693,664,282,64,0.2270,True,0.2117,False,False,2.8886
sgmnet-fingervein,face,Multi-PIE_impostor_74,151,169,2000,2000,232,13,0.0560,False,0.0556,False,True,1.1366
aspanformer,face,Multi-PIE_impostor_74,151,169,323,323,323,151,0.4675,True,0.4438,False,False,2.5381
deepdetect,face,Multi-PIE_impostor_74,151,169,14874,14324,16,9,0.5625,True,0.5625,False,False,1.0771
loftr,face,Multi-PIE_impostor_75,055,221,27,27,27,8,0.2963,False,0.2841,False,True,1.6929
orb-fingervein,face,Multi-PIE_impostor_75,055,221,4131,2280,73,13,0.1781,False,0.1769,False,True,1.2961
sift-fingervein,face,Multi-PIE_impostor_75,055,221,796,338,45,0,,False,,False,True,
superglue-fingervein,face,Multi-PIE_impostor_75,055,221,1111,432,16,7,0.4375,True,0.4192,False,False,0.7558
sgmnet-fingervein,face,Multi-PIE_impostor_75,055,221,2000,2000,68,6,0.0882,False,0.0835,False,True,0.3837
aspanformer,face,Multi-PIE_impostor_75,055,221,5,5,5,4,0.8000,True,0.7332,False,False,0.0000
deepdetect,face,Multi-PIE_impostor_75,055,221,25398,7294,49,0,,False,,False,True,
loftr,face,Multi-PIE_impostor_76,132,125,360,360,360,98,0.2722,False,0.2575,False,True,2.6083
orb-fingervein,face,Multi-PIE_impostor_76,132,125,4797,4335,57,0,,False,,False,True,
sift-fingervein,face,Multi-PIE_impostor_76,132,125,1471,951,31,0,,False,,False,True,
superglue-fingervein,face,Multi-PIE_impostor_76,132,125,1236,1017,350,46,0.1314,False,0.1247,False,True,2.5452
sgmnet-fingervein,face,Multi-PIE_impostor_76,132,125,2000,2000,105,8,0.0762,False,0.0738,False,True,0.6822
aspanformer,face,Multi-PIE_impostor_76,132,125,273,273,273,95,0.3480,False,0.3305,False,True,2.5286
deepdetect,face,Multi-PIE_impostor_76,132,125,16102,24482,20,0,,False,,False,True,
loftr,face,Multi-PIE_impostor_77,169,006,0,0,0,0,,False,,False,True,
orb-fingervein,face,Multi-PIE_impostor_77,169,006,2882,3568,27,0,,False,,False,True,
sift-fingervein,face,Multi-PIE_impostor_77,169,006,418,756,11,0,,False,,False,True,
superglue-fingervein,face,Multi-PIE_impostor_77,169,006,526,778,9,5,0.5556,True,0.5179,False,False,1.0311
sgmnet-fingervein,face,Multi-PIE_impostor_77,169,006,2000,2000,46,8,0.1739,False,0.1684,False,True,0.3954
aspanformer,face,Multi-PIE_impostor_77,169,006,2,2,2,0,,False,,False,True,
deepdetect,face,Multi-PIE_impostor_77,169,006,9205,13964,28,0,,False,,False,True,
loftr,face,Multi-PIE_impostor_78,161,130,40,40,40,11,0.2750,False,0.2655,False,True,1.9429
orb-fingervein,face,Multi-PIE_impostor_78,161,130,3374,3447,29,0,,False,,False,True,
sift-fingervein,face,Multi-PIE_impostor_78,161,130,764,489,17,0,,False,,False,True,
superglue-fingervein,face,Multi-PIE_impostor_78,161,130,794,695,19,7,0.3684,True,0.3476,False,False,1.8106
sgmnet-fingervein,face,Multi-PIE_impostor_78,161,130,2000,2000,79,9,0.1139,False,0.1112,False,True,0.8990
aspanformer,face,Multi-PIE_impostor_78,161,130,4,4,4,4,1.0000,True,0.9165,False,False,0.0000
deepdetect,face,Multi-PIE_impostor_78,161,130,13823,8886,14,8,0.5714,True,0.5714,False,False,1.7828
loftr,face,Multi-PIE_impostor_79,069,102,153,153,153,24,0.1569,False,0.1486,False,True,2.5838
orb-fingervein,face,Multi-PIE_impostor_79,069,102,4193,4051,40,0,,False,,False,True,
sift-fingervein,face,Multi-PIE_impostor_79,069,102,841,910,26,0,,False,,False,True,
superglue-fingervein,face,Multi-PIE_impostor_79,069,102,906,641,19,9,0.4737,True,0.4610,False,False,1.5599
sgmnet-fingervein,face,Multi-PIE_impostor_79,069,102,2000,2000,56,6,0.1071,False,0.1014,False,True,0.7565
aspanformer,face,Multi-PIE_impostor_79,069,102,9,9,9,9,1.0000,True,0.9428,False,False,2.1956
deepdetect,face,Multi-PIE_impostor_79,069,102,17405,17486,14,8,0.5714,True,0.5714,False,False,0.9150
loftr,face,Multi-PIE_impostor_80,042,004,17,17,17,0,,False,,False,True,
orb-fingervein,face,Multi-PIE_impostor_80,042,004,2323,4174,21,6,0.2857,False,0.2703,False,True,0.8014
sift-fingervein,face,Multi-PIE_impostor_80,042,004,459,794,15,5,0.3333,False,0.3107,False,True,0.5500
superglue-fingervein,face,Multi-PIE_impostor_80,042,004,642,833,19,0,,False,,False,True,
sgmnet-fingervein,face,Multi-PIE_impostor_80,042,004,2000,1885,114,9,0.0789,False,0.0771,False,True,0.9878
aspanformer,face,Multi-PIE_impostor_80,042,004,9,9,9,0,,False,,False,True,
deepdetect,face,Multi-PIE_impostor_80,042,004,8382,13628,5,0,,False,,False,True,
loftr,face,Multi-PIE_impostor_81,180,118,448,448,448,121,0.2701,False,0.2532,False,True,2.7900
orb-fingervein,face,Multi-PIE_impostor_81,180,118,4115,3669,59,21,0.3559,False,0.3363,False,True,2.6249
sift-fingervein,face,Multi-PIE_impostor_81,180,118,790,871,28,0,,False,,False,True,
superglue-fingervein,face,Multi-PIE_impostor_81,180,118,692,866,291,79,0.2715,True,0.2510,False,False,3.0720
sgmnet-fingervein,face,Multi-PIE_impostor_81,180,118,1921,2000,365,16,0.0438,False,0.0437,False,True,1.3481
aspanformer,face,Multi-PIE_impostor_81,180,118,367,367,367,168,0.4578,True,0.4351,False,False,2.5151
deepdetect,face,Multi-PIE_impostor_81,180,118,15714,21018,18,9,0.5000,True,0.5000,False,False,1.3478
loftr,face,Multi-PIE_impostor_82,072,245,19,19,19,6,0.3158,False,0.2960,False,True,1.6864
orb-fingervein,face,Multi-PIE_impostor_82,072,245,672,1301,1,0,,False,,False,True,
sift-fingervein,face,Multi-PIE_impostor_82,072,245,184,243,8,0,,False,,False,True,
superglue-fingervein,face,Multi-PIE_impostor_82,072,245,365,431,29,6,0.2069,True,0.1958,False,False,1.3630
sgmnet-fingervein,face,Multi-PIE_impostor_82,072,245,2000,2000,54,0,,False,,False,True,
aspanformer,face,Multi-PIE_impostor_82,072,245,13,13,13,5,0.3846,False,0.3585,False,True,0.3072
deepdetect,face,Multi-PIE_impostor_82,072,245,5096,6765,24,0,,False,,False,True,
loftr,face,Multi-PIE_impostor_83,070,146,1,1,1,0,,False,,False,True,
orb-fingervein,face,Multi-PIE_impostor_83,070,146,2149,3601,13,7,0.5385,True,0.5160,False,False,1.0339
sift-fingervein,face,Multi-PIE_impostor_83,070,146,355,758,7,4,0.5714,True,0.5237,False,False,0.0000
superglue-fingervein,face,Multi-PIE_impostor_83,070,146,410,771,14,0,,False,,False,True,
sgmnet-fingervein,face,Multi-PIE_impostor_83,070,146,2000,2000,99,8,0.0808,False,0.0782,False,True,1.1459
aspanformer,face,Multi-PIE_impostor_83,070,146,5,5,5,0,,False,,False,True,
deepdetect,face,Multi-PIE_impostor_83,070,146,6514,9934,3,0,,False,,False,True,
loftr,face,Multi-PIE_impostor_84,086,095,8,8,8,0,,False,,False,True,
orb-fingervein,face,Multi-PIE_impostor_84,086,095,5000,2212,53,0,,False,,False,True,
sift-fingervein,face,Multi-PIE_impostor_84,086,095,1994,318,32,0,,False,,False,True,
superglue-fingervein,face,Multi-PIE_impostor_84,086,095,1301,448,36,0,,False,,False,True,
sgmnet-fingervein,face,Multi-PIE_impostor_84,086,095,2000,2000,148,7,0.0473,False,0.0453,False,True,0.5598
aspanformer,face,Multi-PIE_impostor_84,086,095,1,1,1,0,,False,,False,True,
deepdetect,face,Multi-PIE_impostor_84,086,095,18418,6908,5,0,,False,,False,True,
loftr,face,Multi-PIE_impostor_85,142,150,41,41,41,10,0.2439,False,0.2316,False,True,2.1776
orb-fingervein,face,Multi-PIE_impostor_85,142,150,3807,3422,49,0,,False,,False,True,
sift-fingervein,face,Multi-PIE_impostor_85,142,150,761,587,23,0,,False,,False,True,
superglue-fingervein,face,Multi-PIE_impostor_85,142,150,801,673,2,0,,False,,False,True,
sgmnet-fingervein,face,Multi-PIE_impostor_85,142,150,2000,2000,71,6,0.0845,False,0.0800,False,True,0.7735
aspanformer,face,Multi-PIE_impostor_85,142,150,8,8,8,0,,False,,False,True,
deepdetect,face,Multi-PIE_impostor_85,142,150,16600,10084,44,36,0.8182,True,0.8182,False,False,1.2147
loftr,face,Multi-PIE_impostor_86,044,048,0,0,0,0,,False,,False,True,
orb-fingervein,face,Multi-PIE_impostor_86,044,048,3163,2388,44,0,,False,,False,True,
sift-fingervein,face,Multi-PIE_impostor_86,044,048,558,448,14,5,0.3571,False,0.0008,False,True,123.2370
superglue-fingervein,face,Multi-PIE_impostor_86,044,048,591,542,23,6,0.2609,True,0.2468,False,False,1.0036
sgmnet-fingervein,face,Multi-PIE_impostor_86,044,048,2000,2000,80,7,0.0875,False,0.0838,False,True,0.7698
aspanformer,face,Multi-PIE_impostor_86,044,048,11,11,11,0,,False,,False,True,
deepdetect,face,Multi-PIE_impostor_86,044,048,11688,7722,29,22,0.7586,True,0.7586,False,False,2.0471
loftr,face,Multi-PIE_impostor_87,236,242,169,169,169,31,0.1834,False,0.1771,False,True,2.2014
orb-fingervein,face,Multi-PIE_impostor_87,236,242,3936,4061,29,0,,False,,False,True,
sift-fingervein,face,Multi-PIE_impostor_87,236,242,981,869,13,0,,False,,False,True,
superglue-fingervein,face,Multi-PIE_impostor_87,236,242,766,933,73,13,0.1781,True,0.1701,False,False,2.2780
sgmnet-fingervein,face,Multi-PIE_impostor_87,236,242,2000,2000,85,7,0.0824,False,0.0789,False,True,0.8279
aspanformer,face,Multi-PIE_impostor_87,236,242,48,48,48,21,0.4375,True,0.4233,False,False,2.1506
deepdetect,face,Multi-PIE_impostor_87,236,242,12941,17518,20,12,0.6000,True,0.6000,False,False,1.6292
loftr,face,Multi-PIE_impostor_88,095,185,0,0,0,0,,False,,False,True,
orb-fingervein,face,Multi-PIE_impostor_88,095,185,3463,2310,42,0,,False,,False,True,
sift-fingervein,face,Multi-PIE_impostor_88,095,185,600,422,15,5,0.3333,False,0.3107,False,True,1.0393
superglue-fingervein,face,Multi-PIE_impostor_88,095,185,732,577,40,7,0.1750,True,0.1677,False,False,0.8674
sgmnet-fingervein,face,Multi-PIE_impostor_88,095,185,2000,2000,114,8,0.0702,False,0.0679,False,True,0.6510
aspanformer,face,Multi-PIE_impostor_88,095,185,9,9,9,7,0.7778,True,0.7453,False,False,1.4113
deepdetect,face,Multi-PIE_impostor_88,095,185,14233,9229,20,11,0.5500,True,0.5500,False,False,0.6054
loftr,face,Multi-PIE_impostor_89,084,143,9,9,9,0,,False,,False,True,
orb-fingervein,face,Multi-PIE_impostor_89,084,143,5000,3403,50,10,0.2000,False,0.1965,False,True,0.5806
sift-fingervein,face,Multi-PIE_impostor_89,084,143,1437,507,34,0,,False,,False,True,
superglue-fingervein,face,Multi-PIE_impostor_89,084,143,1076,589,3,0,,False,,False,True,
sgmnet-fingervein,face,Multi-PIE_impostor_89,084,143,2000,2000,110,7,0.0636,False,0.0610,False,True,0.6027
aspanformer,face,Multi-PIE_impostor_89,084,143,5,5,5,0,,False,,False,True,
deepdetect,face,Multi-PIE_impostor_89,084,143,24930,11341,77,0,,False,,False,True,
loftr,face,Multi-PIE_impostor_90,052,164,11,11,11,5,0.4545,False,0.4237,False,True,0.9736
orb-fingervein,face,Multi-PIE_impostor_90,052,164,2597,1113,40,0,,False,,False,True,
sift-fingervein,face,Multi-PIE_impostor_90,052,164,478,192,11,5,0.4545,False,0.4237,False,True,0.0000
superglue-fingervein,face,Multi-PIE_impostor_90,052,164,744,352,49,14,0.2857,True,0.2808,False,False,1.7489
sgmnet-fingervein,face,Multi-PIE_impostor_90,052,164,2000,2000,86,8,0.0930,False,0.0901,False,True,0.5741
aspanformer,face,Multi-PIE_impostor_90,052,164,3,3,3,0,,False,,False,True,
deepdetect,face,Multi-PIE_impostor_90,052,164,11031,3146,138,0,,False,,False,True,
loftr,face,Multi-PIE_impostor_91,171,188,108,108,108,17,0.1574,False,0.1511,False,True,2.2845
orb-fingervein,face,Multi-PIE_impostor_91,171,188,3614,4955,46,8,0.1739,False,0.1684,False,True,1.4749
sift-fingervein,face,Multi-PIE_impostor_91,171,188,698,1209,24,0,,False,,False,True,
superglue-fingervein,face,Multi-PIE_impostor_91,171,188,731,1070,9,0,,False,,False,True,
sgmnet-fingervein,face,Multi-PIE_impostor_91,171,188,1891,2000,114,9,0.0789,False,0.0771,False,True,1.1401
aspanformer,face,Multi-PIE_impostor_91,171,188,9,9,9,5,0.5556,True,0.5179,False,False,1.0734
deepdetect,face,Multi-PIE_impostor_91,171,188,14239,17159,7,0,,False,,False,True,
loftr,face,Multi-PIE_impostor_92,155,036,62,62,62,12,0.1935,False,0.1881,False,True,1.8766
orb-fingervein,face,Multi-PIE_impostor_92,155,036,2982,1456,38,0,,False,,False,True,
sift-fingervein,face,Multi-PIE_impostor_92,155,036,523,241,26,0,,False,,False,True,
superglue-fingervein,face,Multi-PIE_impostor_92,155,036,660,396,10,0,,False,,False,True,
sgmnet-fingervein,face,Multi-PIE_impostor_92,155,036,2000,2000,74,0,,False,,False,True,
aspanformer,face,Multi-PIE_impostor_92,155,036,6,6,6,0,,False,,False,True,
deepdetect,face,Multi-PIE_impostor_92,155,036,10465,4436,64,0,,False,,False,True,
loftr,face,Multi-PIE_impostor_93,147,157,45,45,45,9,0.2000,False,0.1952,False,True,1.4644
orb-fingervein,face,Multi-PIE_impostor_93,147,157,3581,3099,74,0,,False,,False,True,
sift-fingervein,face,Multi-PIE_impostor_93,147,157,655,552,33,7,0.2121,False,0.2033,False,True,1.4163
superglue-fingervein,face,Multi-PIE_impostor_93,147,157,801,624,92,14,0.1522,False,0.1478,False,True,1.9897
sgmnet-fingervein,face,Multi-PIE_impostor_93,147,157,1980,2000,79,8,0.1013,False,0.0980,False,True,1.0531
aspanformer,face,Multi-PIE_impostor_93,147,157,24,24,24,8,0.3333,False,0.3159,False,True,1.9308
deepdetect,face,Multi-PIE_impostor_93,147,157,17725,9686,17,12,0.7059,True,0.7059,False,False,2.3851
loftr,face,Multi-PIE_impostor_94,080,234,18,18,18,0,,False,,False,True,
orb-fingervein,face,Multi-PIE_impostor_94,080,234,736,1547,4,0,,False,,False,True,
sift-fingervein,face,Multi-PIE_impostor_94,080,234,271,373,11,0,,False,,False,True,
superglue-fingervein,face,Multi-PIE_impostor_94,080,234,508,578,36,8,0.2222,True,0.2142,False,False,1.5937
sgmnet-fingervein,face,Multi-PIE_impostor_94,080,234,2000,2000,79,7,0.0886,False,0.0849,False,True,0.4705
aspanformer,face,Multi-PIE_impostor_94,080,234,10,10,10,9,0.9000,True,0.8785,False,False,1.2985
deepdetect,face,Multi-PIE_impostor_94,080,234,5245,8535,8,0,,False,,False,True,
loftr,face,Multi-PIE_impostor_95,196,023,190,190,190,18,0.0947,False,0.0904,False,True,2.4130
orb-fingervein,face,Multi-PIE_impostor_95,196,023,3740,4849,27,0,,False,,False,True,
sift-fingervein,face,Multi-PIE_impostor_95,196,023,886,1346,17,0,,False,,False,True,
superglue-fingervein,face,Multi-PIE_impostor_95,196,023,719,1020,11,0,,False,,False,True,
sgmnet-fingervein,face,Multi-PIE_impostor_95,196,023,2000,2000,136,8,0.0588,False,0.0570,False,True,0.5854
aspanformer,face,Multi-PIE_impostor_95,196,023,42,42,42,19,0.4524,True,0.4497,False,False,1.5983
deepdetect,face,Multi-PIE_impostor_95,196,023,12469,18064,13,6,0.4615,True,0.4615,False,False,0.6595
loftr,face,Multi-PIE_impostor_96,148,072,67,67,67,12,0.1791,False,0.1695,False,True,2.4139
orb-fingervein,face,Multi-PIE_impostor_96,148,072,3633,1896,79,0,,False,,False,True,
sift-fingervein,face,Multi-PIE_impostor_96,148,072,740,304,32,0,,False,,False,True,
superglue-fingervein,face,Multi-PIE_impostor_96,148,072,815,566,3,0,,False,,False,True,
sgmnet-fingervein,face,Multi-PIE_impostor_96,148,072,2000,2000,64,7,0.1094,False,0.1048,False,True,0.9543
aspanformer,face,Multi-PIE_impostor_96,148,072,13,13,13,6,0.4615,True,0.4367,False,False,0.9419
deepdetect,face,Multi-PIE_impostor_96,148,072,18280,7847,25,0,,False,,False,True,
loftr,face,Multi-PIE_impostor_97,120,195,246,246,246,36,0.1463,False,0.1415,False,True,2.1765
orb-fingervein,face,Multi-PIE_impostor_97,120,195,3551,3964,34,0,,False,,False,True,
sift-fingervein,face,Multi-PIE_impostor_97,120,195,711,863,19,0,,False,,False,True,
superglue-fingervein,face,Multi-PIE_impostor_97,120,195,665,737,83,14,0.1687,True,0.1652,False,False,1.8127
sgmnet-fingervein,face,Multi-PIE_impostor_97,120,195,1817,2000,99,9,0.0909,False,0.0887,False,True,0.9698
aspanformer,face,Multi-PIE_impostor_97,120,195,85,85,85,34,0.4000,False,0.3881,False,True,2.1032
deepdetect,face,Multi-PIE_impostor_97,120,195,26103,11623,29,22,0.7586,True,0.7586,False,False,1.5976
loftr,face,Multi-PIE_impostor_98,139,192,193,193,193,26,0.1347,False,0.1289,False,True,2.3763
orb-fingervein,face,Multi-PIE_impostor_98,139,192,2052,4335,26,10,0.3846,False,0.3778,False,True,0.9248
sift-fingervein,face,Multi-PIE_impostor_98,139,192,505,822,10,4,0.4000,False,0.3666,False,True,0.0000
superglue-fingervein,face,Multi-PIE_impostor_98,139,192,544,790,7,4,0.5714,True,0.5237,False,False,0.0000
sgmnet-fingervein,face,Multi-PIE_impostor_98,139,192,2000,2000,127,8,0.0630,False,0.0610,False,True,0.8761
aspanformer,face,Multi-PIE_impostor_98,139,192,88,88,88,32,0.3636,False,0.3492,False,True,2.3089
deepdetect,face,Multi-PIE_impostor_98,139,192,8007,23838,7,0,,False,,False,True,
loftr,face,Multi-PIE_impostor_99,136,054,194,194,194,38,0.1959,False,0.1884,False,True,2.2742
orb-fingervein,face,Multi-PIE_impostor_99,136,054,3923,3545,28,0,,False,,False,True,
sift-fingervein,face,Multi-PIE_impostor_99,136,054,839,689,13,0,,False,,False,True,
superglue-fingervein,face,Multi-PIE_impostor_99,136,054,732,792,225,26,0.1156,False,0.1088,False,True,2.7000
sgmnet-fingervein,face,Multi-PIE_impostor_99,136,054,2000,2000,89,8,0.0899,False,0.0870,False,True,0.6586
aspanformer,face,Multi-PIE_impostor_99,136,054,82,82,82,34,0.4146,True,0.4049,False,False,1.9739
deepdetect,face,Multi-PIE_impostor_99,136,054,14176,13254,13,6,0.4615,True,0.4615,False,False,1.9702
loftr,face,Multi-PIE_impostor_100,228,106,27,27,27,7,0.2593,False,0.2459,False,True,1.7051
orb-fingervein,face,Multi-PIE_impostor_100,228,106,4108,4430,38,7,0.1842,False,0.1765,False,True,0.7797
sift-fingervein,face,Multi-PIE_impostor_100,228,106,854,802,22,0,,False,,False,True,
superglue-fingervein,face,Multi-PIE_impostor_100,228,106,824,753,0,0,,False,,False,True,
sgmnet-fingervein,face,Multi-PIE_impostor_100,228,106,2000,2000,103,7,0.0680,False,0.0651,False,True,0.7420
aspanformer,face,Multi-PIE_impostor_100,228,106,4,4,4,4,1.0000,True,0.9165,False,False,0.0000
deepdetect,face,Multi-PIE_impostor_100,228,106,13940,16671,11,0,,False,,False,True,
loftr,face,Multi-PIE_impostor_101,020,152,199,199,199,49,0.2462,False,0.2372,False,True,2.2471
orb-fingervein,face,Multi-PIE_impostor_101,020,152,4388,2436,44,0,,False,,False,True,
sift-fingervein,face,Multi-PIE_impostor_101,020,152,1033,495,21,0,,False,,False,True,
superglue-fingervein,face,Multi-PIE_impostor_101,020,152,1002,531,159,25,0.1572,False,0.1498,False,True,2.4619
sgmnet-fingervein,face,Multi-PIE_impostor_101,020,152,2000,2000,94,7,0.0745,False,0.0714,False,True,0.8700
aspanformer,face,Multi-PIE_impostor_101,020,152,40,40,40,18,0.4500,True,0.4351,False,False,2.1483
deepdetect,face,Multi-PIE_impostor_101,020,152,15134,8269,5,0,,False,,False,True,
loftr,face,Multi-PIE_impostor_102,235,021,0,0,0,0,,False,,False,True,
orb-fingervein,face,Multi-PIE_impostor_102,235,021,1154,3403,3,0,,False,,False,True,
sift-fingervein,face,Multi-PIE_impostor_102,235,021,271,601,5,5,1.0000,True,0.9322,False,False,0.8498
superglue-fingervein,face,Multi-PIE_impostor_102,235,021,308,723,0,0,,False,,False,True,
sgmnet-fingervein,face,Multi-PIE_impostor_102,235,021,2000,2000,110,8,0.0727,False,0.0704,False,True,0.6956
aspanformer,face,Multi-PIE_impostor_102,235,021,1,1,1,0,,False,,False,True,
deepdetect,face,Multi-PIE_impostor_102,235,021,4416,13118,1,0,,False,,False,True,
loftr,face,Multi-PIE_impostor_103,096,204,75,75,75,20,0.2667,False,0.2573,False,True,2.1984
orb-fingervein,face,Multi-PIE_impostor_103,096,204,489,1147,4,0,,False,,False,True,
sift-fingervein,face,Multi-PIE_impostor_103,096,204,107,296,5,4,0.8000,True,0.7332,False,False,0.0000
superglue-fingervein,face,Multi-PIE_impostor_103,096,204,362,493,28,9,0.3214,True,0.3015,False,False,2.3004
sgmnet-fingervein,face,Multi-PIE_impostor_103,096,204,2000,2000,172,9,0.0523,False,0.0511,False,True,0.8150
aspanformer,face,Multi-PIE_impostor_103,096,204,3,3,3,0,,False,,False,True,
deepdetect,face,Multi-PIE_impostor_103,096,204,3338,7225,14,11,0.7857,True,0.7857,False,False,0.6983
loftr,face,Multi-PIE_impostor_104,214,150,221,221,221,35,0.1584,False,0.1504,False,True,2.5275
orb-fingervein,face,Multi-PIE_impostor_104,214,150,3493,3499,27,0,,False,,False,True,
sift-fingervein,face,Multi-PIE_impostor_104,214,150,539,476,16,5,0.3125,False,0.2913,False,True,1.0121
superglue-fingervein,face,Multi-PIE_impostor_104,214,150,576,584,129,21,0.1628,True,0.1524,False,False,2.8074
sgmnet-fingervein,face,Multi-PIE_impostor_104,214,150,2000,2000,121,8,0.0661,False,0.0640,False,True,0.8894
aspanformer,face,Multi-PIE_impostor_104,214,150,18,18,18,9,0.5000,True,0.4815,False,False,1.7714
deepdetect,face,Multi-PIE_impostor_104,214,150,9364,10865,6,0,,False,,False,True,
loftr,face,Multi-PIE_impostor_105,249,070,44,44,44,8,0.1818,False,0.1760,False,True,0.9702
orb-fingervein,face,Multi-PIE_impostor_105,249,070,3775,3193,45,8,0.1778,False,0.1721,False,True,1.3473
sift-fingervein,face,Multi-PIE_impostor_105,249,070,697,564,20,0,,False,,False,True,
superglue-fingervein,face,Multi-PIE_impostor_105,249,070,809,623,15,0,,False,,False,True,
sgmnet-fingervein,face,Multi-PIE_impostor_105,249,070,1977,2000,81,7,0.0864,False,0.0828,False,True,0.9588
aspanformer,face,Multi-PIE_impostor_105,249,070,10,10,10,0,,False,,False,True,
deepdetect,face,Multi-PIE_impostor_105,249,070,13587,9818,2,0,,False,,False,True,
loftr,face,Multi-PIE_impostor_106,095,160,195,195,195,50,0.2564,False,0.2502,False,True,1.9890
orb-fingervein,face,Multi-PIE_impostor_106,095,160,1470,622,29,7,0.2414,False,0.2313,False,True,1.1560
sift-fingervein,face,Multi-PIE_impostor_106,095,160,278,146,16,5,0.3125,False,0.2913,False,True,0.9826
superglue-fingervein,face,Multi-PIE_impostor_106,095,160,496,358,156,42,0.2692,True,0.2516,False,False,2.8562
sgmnet-fingervein,face,Multi-PIE_impostor_106,095,160,2000,2000,227,12,0.0529,False,0.0524,False,True,1.3446
aspanformer,face,Multi-PIE_impostor_106,095,160,104,104,104,57,0.5481,True,0.5369,False,False,1.9131
deepdetect,face,Multi-PIE_impostor_106,095,160,5566,4490,43,0,,False,,False,True,
loftr,face,Multi-PIE_impostor_107,198,146,86,86,86,23,0.2674,False,0.2531,False,True,2.5983
orb-fingervein,face,Multi-PIE_impostor_107,198,146,3632,3585,56,18,0.3214,False,0.3210,False,True,1.0256
sift-fingervein,face,Multi-PIE_impostor_107,198,146,690,438,34,0,,False,,False,True,
superglue-fingervein,face,Multi-PIE_impostor_107,198,146,767,568,121,32,0.2645,True,0.2466,False,False,2.8958
sgmnet-fingervein,face,Multi-PIE_impostor_107,198,146,2000,2000,72,7,0.0972,False,0.0932,False,True,0.4875
aspanformer,face,Multi-PIE_impostor_107,198,146,17,17,17,12,0.7059,True,0.6970,False,False,1.5622
deepdetect,face,Multi-PIE_impostor_107,198,146,19080,8176,11,7,0.6364,True,0.6364,False,False,0.3347
loftr,face,Multi-PIE_impostor_108,086,227,2,2,2,0,,False,,False,True,
orb-fingervein,face,Multi-PIE_impostor_108,086,227,4985,3254,26,0,,False,,False,True,
sift-fingervein,face,Multi-PIE_impostor_108,086,227,1789,493,20,5,0.2500,False,0.2330,False,True,0.3640
superglue-fingervein,face,Multi-PIE_impostor_108,086,227,1005,589,17,8,0.4706,True,0.4556,False,False,1.0934
sgmnet-fingervein,face,Multi-PIE_impostor_108,086,227,2000,2000,87,7,0.0805,False,0.0771,False,True,0.5940
aspanformer,face,Multi-PIE_impostor_108,086,227,8,8,8,0,,False,,False,True,
deepdetect,face,Multi-PIE_impostor_108,086,227,15335,7339,9,0,,False,,False,True,
loftr,face,Multi-PIE_impostor_109,008,199,43,43,43,12,0.2791,False,0.2764,False,True,1.1140
orb-fingervein,face,Multi-PIE_impostor_109,008,199,3632,3028,39,9,0.2308,False,0.2253,False,True,1.0850
sift-fingervein,face,Multi-PIE_impostor_109,008,199,935,672,16,0,,False,,False,True,
superglue-fingervein,face,Multi-PIE_impostor_109,008,199,771,784,49,12,0.2449,True,0.2305,False,False,2.5193
sgmnet-fingervein,face,Multi-PIE_impostor_109,008,199,2000,2000,91,8,0.0879,False,0.0851,False,True,1.0901
aspanformer,face,Multi-PIE_impostor_109,008,199,7,7,7,4,0.5714,True,0.5237,False,False,0.0000
deepdetect,face,Multi-PIE_impostor_109,008,199,12101,12742,4,0,,False,,False,True,
loftr,face,Multi-PIE_impostor_110,096,212,14,14,14,5,0.3571,False,0.3329,False,True,1.1528
orb-fingervein,face,Multi-PIE_impostor_110,096,212,2378,1376,34,0,,False,,False,True,
sift-fingervein,face,Multi-PIE_impostor_110,096,212,385,242,10,0,,False,,False,True,
superglue-fingervein,face,Multi-PIE_impostor_110,096,212,497,394,8,5,0.6250,True,0.5826,False,False,1.1960
sgmnet-fingervein,face,Multi-PIE_impostor_110,096,212,2000,2000,53,6,0.1132,False,0.1071,False,True,0.4599
aspanformer,face,Multi-PIE_impostor_110,096,212,4,4,4,0,,False,,False,True,
deepdetect,face,Multi-PIE_impostor_110,096,212,10341,4013,2,0,,False,,False,True,
loftr,face,Multi-PIE_impostor_111,023,231,12,12,12,6,0.5000,True,0.4731,False,False,1.3943
orb-fingervein,face,Multi-PIE_impostor_111,023,231,4588,805,81,0,,False,,False,True,
sift-fingervein,face,Multi-PIE_impostor_111,023,231,1047,188,22,7,0.3182,False,0.3049,False,True,1.0001
superglue-fingervein,face,Multi-PIE_impostor_111,023,231,1010,444,3,0,,False,,False,True,
sgmnet-fingervein,face,Multi-PIE_impostor_111,023,231,2000,2000,77,8,0.1039,False,0.1006,False,True,1.1666
aspanformer,face,Multi-PIE_impostor_111,023,231,11,11,11,0,,False,,False,True,
deepdetect,face,Multi-PIE_impostor_111,023,231,21859,5907,24,0,,False,,False,True,
loftr,face,Multi-PIE_impostor_112,101,197,45,45,45,9,0.2000,False,0.1921,False,True,1.8241
orb-fingervein,face,Multi-PIE_impostor_112,101,197,4668,3327,40,0,,False,,False,True,
sift-fingervein,face,Multi-PIE_impostor_112,101,197,1239,719,26,7,0.2692,False,0.0393,False,True,39.1521
superglue-fingervein,face,Multi-PIE_impostor_112,101,197,905,704,3,0,,False,,False,True,
sgmnet-fingervein,face,Multi-PIE_impostor_112,101,197,2000,2000,63,6,0.0952,False,0.0901,False,True,0.6407
aspanformer,face,Multi-PIE_impostor_112,101,197,26,26,26,12,0.4615,True,0.4468,False,False,1.9577
deepdetect,face,Multi-PIE_impostor_112,101,197,22769,11887,47,25,0.5319,True,0.5319,False,False,1.8383
loftr,face,Multi-PIE_impostor_113,191,233,122,122,122,22,0.1803,False,0.1737,False,True,2.2416
orb-fingervein,face,Multi-PIE_impostor_113,191,233,430,1102,5,0,,False,,False,True,
sift-fingervein,face,Multi-PIE_impostor_113,191,233,127,303,5,0,,False,,False,True,
superglue-fingervein,face,Multi-PIE_impostor_113,191,233,343,573,117,23,0.1966,True,0.1885,False,False,2.3371
sgmnet-fingervein,face,Multi-PIE_impostor_113,191,233,2000,2000,133,8,0.0602,False,0.0582,False,True,0.7013
aspanformer,face,Multi-PIE_impostor_113,191,233,1,1,1,0,,False,,False,True,
deepdetect,face,Multi-PIE_impostor_113,191,233,4111,9178,2,0,,False,,False,True,
loftr,face,Multi-PIE_impostor_114,228,051,29,29,29,9,0.3103,False,0.2980,False,True,1.8269
orb-fingervein,face,Multi-PIE_impostor_114,228,051,984,1421,11,5,0.4545,False,0.4237,False,True,0.9839
sift-fingervein,face,Multi-PIE_impostor_114,228,051,198,400,5,4,0.8000,True,0.7332,False,False,0.0000
superglue-fingervein,face,Multi-PIE_impostor_114,228,051,451,632,5,0,,False,,False,True,
sgmnet-fingervein,face,Multi-PIE_impostor_114,228,051,2000,2000,90,7,0.0778,False,0.0745,False,True,0.6091
aspanformer,face,Multi-PIE_impostor_114,228,051,13,13,13,6,0.4615,True,0.4367,False,False,1.2479
deepdetect,face,Multi-PIE_impostor_114,228,051,5280,8424,22,15,0.6818,True,0.6818,False,False,1.7586
loftr,face,Multi-PIE_impostor_115,231,236,95,95,95,15,0.1579,False,0.1508,False,True,2.3513
orb-fingervein,face,Multi-PIE_impostor_115,231,236,3598,4323,25,0,,False,,False,True,
sift-fingervein,face,Multi-PIE_impostor_115,231,236,742,976,19,0,,False,,False,True,
superglue-fingervein,face,Multi-PIE_impostor_115,231,236,756,767,52,10,0.1923,True,0.1838,False,False,2.0491
sgmnet-fingervein,face,Multi-PIE_impostor_115,231,236,2000,2000,97,6,0.0619,False,0.0585,False,True,0.5927
aspanformer,face,Multi-PIE_impostor_115,231,236,17,17,17,9,0.5294,True,0.5158,False,False,1.5390
deepdetect,face,Multi-PIE_impostor_115,231,236,10759,14576,5,0,,False,,False,True,
loftr,face,Multi-PIE_impostor_116,223,012,147,147,147,13,0.0884,False,0.0853,False,True,2.0925
orb-fingervein,face,Multi-PIE_impostor_116,223,012,4607,3386,44,0,,False,,False,True,
sift-fingervein,face,Multi-PIE_impostor_116,223,012,1189,574,28,0,,False,,False,True,
superglue-fingervein,face,Multi-PIE_impostor_116,223,012,944,669,0,0,,False,,False,True,
sgmnet-fingervein,face,Multi-PIE_impostor_116,223,012,2000,2000,99,8,0.0808,False,0.0782,False,True,1.2925
aspanformer,face,Multi-PIE_impostor_116,223,012,41,41,41,12,0.2927,False,0.2820,False,True,2.0518
deepdetect,face,Multi-PIE_impostor_116,223,012,20628,12780,10,0,,False,,False,True,
loftr,face,Multi-PIE_impostor_117,224,210,305,305,305,97,0.3180,False,0.3041,False,True,2.3979
orb-fingervein,face,Multi-PIE_impostor_117,224,210,4249,3830,45,8,0.1778,False,0.1721,False,True,0.8035
sift-fingervein,face,Multi-PIE_impostor_117,224,210,670,869,24,6,0.2500,False,0.2366,False,True,0.9596
superglue-fingervein,face,Multi-PIE_impostor_117,224,210,674,990,269,66,0.2454,True,0.2274,False,False,3.0186
sgmnet-fingervein,face,Multi-PIE_impostor_117,224,210,2000,2000,200,9,0.0450,False,0.0439,False,True,0.8232
aspanformer,face,Multi-PIE_impostor_117,224,210,104,104,104,57,0.5481,True,0.5217,False,False,2.4848
deepdetect,face,Multi-PIE_impostor_117,224,210,13747,24701,8,5,0.6250,True,0.6250,False,False,0.1193
loftr,face,Multi-PIE_impostor_118,018,245,92,92,92,12,0.1304,False,0.1242,False,True,2.2955
orb-fingervein,face,Multi-PIE_impostor_118,018,245,1252,872,37,13,0.3514,False,0.3489,False,True,0.8456
sift-fingervein,face,Multi-PIE_impostor_118,018,245,327,304,18,0,,False,,False,True,
superglue-fingervein,face,Multi-PIE_impostor_118,018,245,486,590,26,8,0.3077,True,0.2979,False,False,0.8233
sgmnet-fingervein,face,Multi-PIE_impostor_118,018,245,2000,2000,131,7,0.0534,False,0.0512,False,True,0.2021
aspanformer,face,Multi-PIE_impostor_118,018,245,7,7,7,4,0.5714,True,0.5237,False,False,0.0000
deepdetect,face,Multi-PIE_impostor_118,018,245,6296,5763,36,0,,False,,False,True,
loftr,face,Multi-PIE_impostor_119,056,019,663,663,663,234,0.3529,False,0.3380,False,True,2.3626
orb-fingervein,face,Multi-PIE_impostor_119,056,019,4574,3639,78,10,0.1282,False,0.1259,False,True,1.4337
sift-fingervein,face,Multi-PIE_impostor_119,056,019,1150,761,21,0,,False,,False,True,
superglue-fingervein,face,Multi-PIE_impostor_119,056,019,1021,812,417,100,0.2398,True,0.2215,False,False,3.0889
sgmnet-fingervein,face,Multi-PIE_impostor_119,056,019,2000,1992,254,13,0.0512,False,0.0506,False,True,1.5727
aspanformer,face,Multi-PIE_impostor_119,056,019,542,542,542,246,0.4539,True,0.4410,False,False,2.0747
deepdetect,face,Multi-PIE_impostor_119,056,019,14860,17860,15,0,,False,,False,True,
loftr,face,Multi-PIE_impostor_120,093,049,10,10,10,0,,False,,False,True,
orb-fingervein,face,Multi-PIE_impostor_120,093,049,3275,3370,32,0,,False,,False,True,
sift-fingervein,face,Multi-PIE_impostor_120,093,049,654,559,9,0,,False,,False,True,
superglue-fingervein,face,Multi-PIE_impostor_120,093,049,717,647,11,0,,False,,False,True,
sgmnet-fingervein,face,Multi-PIE_impostor_120,093,049,2000,2000,69,8,0.1159,False,0.1123,False,True,0.4624
aspanformer,face,Multi-PIE_impostor_120,093,049,6,6,6,0,,False,,False,True,
deepdetect,face,Multi-PIE_impostor_120,093,049,9672,13749,2,0,,False,,False,True,
loftr,face,Multi-PIE_impostor_121,018,183,133,133,133,21,0.1579,False,0.1543,False,True,1.9536
orb-fingervein,face,Multi-PIE_impostor_121,018,183,4307,2275,52,13,0.2500,False,0.2439,False,True,1.8565
sift-fingervein,face,Multi-PIE_impostor_121,018,183,1190,420,21,5,0.2381,False,0.2219,False,True,0.6877
superglue-fingervein,face,Multi-PIE_impostor_121,018,183,1094,685,155,26,0.1677,True,0.1573,False,False,2.7857
sgmnet-fingervein,face,Multi-PIE_impostor_121,018,183,2000,2000,96,6,0.0625,False,0.0591,False,True,0.5025
aspanformer,face,Multi-PIE_impostor_121,018,183,40,40,40,16,0.4000,False,0.3892,False,True,1.9967
deepdetect,face,Multi-PIE_impostor_121,018,183,18487,9116,13,9,0.6923,True,0.6923,False,False,1.0743
loftr,face,Multi-PIE_impostor_122,079,095,34,34,34,12,0.3529,False,0.3377,False,True,2.1907
orb-fingervein,face,Multi-PIE_impostor_122,079,095,1083,914,26,0,,False,,False,True,
sift-fingervein,face,Multi-PIE_impostor_122,079,095,340,209,8,0,,False,,False,True,
superglue-fingervein,face,Multi-PIE_impostor_122,079,095,509,376,7,4,0.5714,True,0.5237,False,False,0.0000
sgmnet-fingervein,face,Multi-PIE_impostor_122,079,095,2000,2000,176,8,0.0455,False,0.0440,False,True,0.7893
aspanformer,face,Multi-PIE_impostor_122,079,095,4,4,4,0,,False,,False,True,
deepdetect,face,Multi-PIE_impostor_122,079,095,7367,5720,3,0,,False,,False,True,
loftr,face,Multi-PIE_impostor_123,032,235,108,108,108,16,0.1481,False,0.1439,False,True,2.0308
orb-fingervein,face,Multi-PIE_impostor_123,032,235,4140,4564,30,0,,False,,False,True,
sift-fingervein,face,Multi-PIE_impostor_123,032,235,1013,899,25,0,,False,,False,True,
superglue-fingervein,face,Multi-PIE_impostor_123,032,235,907,1029,0,0,,False,,False,True,
sgmnet-fingervein,face,Multi-PIE_impostor_123,032,235,2000,2000,33,5,0.1515,False,0.1412,False,True,0.1935
aspanformer,face,Multi-PIE_impostor_123,032,235,16,16,16,7,0.4375,True,0.4131,False,False,1.7949
deepdetect,face,Multi-PIE_impostor_123,032,235,16969,20218,26,13,0.5000,True,0.5000,False,False,1.7681
loftr,face,Multi-PIE_impostor_124,054,072,3,3,3,0,,False,,False,True,
orb-fingervein,face,Multi-PIE_impostor_124,054,072,2677,2304,29,0,,False,,False,True,
sift-fingervein,face,Multi-PIE_impostor_124,054,072,424,324,8,0,,False,,False,True,
superglue-fingervein,face,Multi-PIE_impostor_124,054,072,636,493,0,0,,False,,False,True,
sgmnet-fingervein,face,Multi-PIE_impostor_124,054,072,2000,2000,51,5,0.0980,False,0.0914,False,True,0.2951
aspanformer,face,Multi-PIE_impostor_124,054,072,4,4,4,0,,False,,False,True,
deepdetect,face,Multi-PIE_impostor_124,054,072,9711,6886,3,0,,False,,False,True,
loftr,face,Multi-PIE_impostor_125,038,236,0,0,0,0,,False,,False,True,
orb-fingervein,face,Multi-PIE_impostor_125,038,236,4131,3677,39,9,0.2308,False,0.2253,False,True,0.7301
sift-fingervein,face,Multi-PIE_impostor_125,038,236,875,628,27,0,,False,,False,True,
superglue-fingervein,face,Multi-PIE_impostor_125,038,236,775,672,0,0,,False,,False,True,
sgmnet-fingervein,face,Multi-PIE_impostor_125,038,236,2000,2000,74,0,,False,,False,True,
aspanformer,face,Multi-PIE_impostor_125,038,236,14,14,14,7,0.5000,True,0.4791,False,False,1.3126
deepdetect,face,Multi-PIE_impostor_125,038,236,16006,11149,74,53,0.7162,True,0.7162,False,False,0.8809
loftr,face,Multi-PIE_impostor_126,062,223,82,82,82,16,0.1951,False,0.1933,False,True,1.6349
orb-fingervein,face,Multi-PIE_impostor_126,062,223,3625,4012,56,11,0.1964,False,0.1939,False,True,1.0823
sift-fingervein,face,Multi-PIE_impostor_126,062,223,462,849,15,4,0.2667,False,0.2444,False,True,0.0000
superglue-fingervein,face,Multi-PIE_impostor_126,062,223,555,837,83,14,0.1687,True,0.1610,False,False,2.3332
sgmnet-fingervein,face,Multi-PIE_impostor_126,062,223,2000,2000,153,9,0.0588,False,0.0574,False,True,0.6509
aspanformer,face,Multi-PIE_impostor_126,062,223,20,20,20,11,0.5500,True,0.5429,False,False,1.3733
deepdetect,face,Multi-PIE_impostor_126,062,223,10977,20013,7,5,0.7143,True,0.7143,False,False,0.9401
loftr,face,Multi-PIE_impostor_127,179,064,472,472,472,142,0.3008,False,0.2882,False,True,2.3583
orb-fingervein,face,Multi-PIE_impostor_127,179,064,2759,2611,35,13,0.3714,False,0.3568,False,True,2.1682
sift-fingervein,face,Multi-PIE_impostor_127,179,064,567,432,19,0,,False,,False,True,
superglue-fingervein,face,Multi-PIE_impostor_127,179,064,685,641,289,66,0.2284,True,0.2123,False,False,2.9560
sgmnet-fingervein,face,Multi-PIE_impostor_127,179,064,2000,2000,321,16,0.0498,False,0.0497,False,True,1.4168
aspanformer,face,Multi-PIE_impostor_127,179,064,382,382,382,168,0.4398,True,0.4292,False,False,1.9876
deepdetect,face,Multi-PIE_impostor_127,179,064,10813,11724,39,32,0.8205,True,0.8205,False,False,0.9115
loftr,face,Multi-PIE_impostor_128,087,191,17,17,17,0,,False,,False,True,
orb-fingervein,face,Multi-PIE_impostor_128,087,191,4171,2461,52,8,0.1538,False,0.1490,False,True,1.1082
sift-fingervein,face,Multi-PIE_impostor_128,087,191,897,398,39,0,,False,,False,True,
superglue-fingervein,face,Multi-PIE_impostor_128,087,191,947,588,1,0,,False,,False,True,
sgmnet-fingervein,face,Multi-PIE_impostor_128,087,191,2000,2000,123,9,0.0732,False,0.0714,False,True,1.0053
aspanformer,face,Multi-PIE_impostor_128,087,191,11,11,11,5,0.4545,True,0.4237,False,False,0.6529
deepdetect,face,Multi-PIE_impostor_128,087,191,21324,7364,14,0,,False,,False,True,
loftr,face,Multi-PIE_impostor_129,145,236,3,3,3,0,,False,,False,True,
orb-fingervein,face,Multi-PIE_impostor_129,145,236,2855,3811,31,0,,False,,False,True,
sift-fingervein,face,Multi-PIE_impostor_129,145,236,589,637,16,5,0.3125,False,0.2913,False,True,0.3205
superglue-fingervein,face,Multi-PIE_impostor_129,145,236,733,738,9,5,0.5556,True,0.5179,False,False,0.9513
sgmnet-fingervein,face,Multi-PIE_impostor_129,145,236,2000,2000,70,7,0.1000,False,0.0958,False,True,0.7299
aspanformer,face,Multi-PIE_impostor_129,145,236,6,6,6,0,,False,,False,True,
deepdetect,face,Multi-PIE_impostor_129,145,236,18650,10315,48,30,0.6250,True,0.6250,False,False,2.9039
loftr,face,Multi-PIE_impostor_130,132,028,391,391,391,74,0.1893,False,0.1783,False,True,2.6930
orb-fingervein,face,Multi-PIE_impostor_130,132,028,4435,3642,31,11,0.3548,False,0.3502,False,True,1.3628
sift-fingervein,face,Multi-PIE_impostor_130,132,028,1180,850,33,0,,False,,False,True,
superglue-fingervein,face,Multi-PIE_impostor_130,132,028,837,660,258,66,0.2558,True,0.2368,False,False,3.0416
sgmnet-fingervein,face,Multi-PIE_impostor_130,132,028,2000,2000,231,15,0.0649,False,0.0647,False,True,1.4116
aspanformer,face,Multi-PIE_impostor_130,132,028,197,197,197,74,0.3756,False,0.3582,False,True,2.4495
deepdetect,face,Multi-PIE_impostor_130,132,028,17145,12947,21,13,0.6190,True,0.6190,False,False,0.4536
loftr,face,Multi-PIE_impostor_131,038,063,58,58,58,0,,False,,False,True,
orb-fingervein,face,Multi-PIE_impostor_131,038,063,536,404,13,6,0.4615,False,0.4367,False,True,0.4681
sift-fingervein,face,Multi-PIE_impostor_131,038,063,181,120,4,0,,False,,False,True,
superglue-fingervein,face,Multi-PIE_impostor_131,038,063,508,316,1,0,,False,,False,True,
sgmnet-fingervein,face,Multi-PIE_impostor_131,038,063,2000,2000,195,9,0.0462,False,0.0451,False,True,0.5160
aspanformer,face,Multi-PIE_impostor_131,038,063,2,2,2,0,,False,,False,True,
deepdetect,face,Multi-PIE_impostor_131,038,063,6124,3230,50,21,0.4200,True,0.4200,False,False,2.0059
loftr,face,Multi-PIE_impostor_132,223,073,331,331,331,61,0.1843,False,0.1725,False,True,2.8217
orb-fingervein,face,Multi-PIE_impostor_132,223,073,1696,1337,26,8,0.3077,False,0.2979,False,True,0.7514
sift-fingervein,face,Multi-PIE_impostor_132,223,073,400,311,17,7,0.4118,False,0.3946,False,True,1.4209
superglue-fingervein,face,Multi-PIE_impostor_132,223,073,538,419,182,37,0.2033,True,0.1915,False,False,2.6962
sgmnet-fingervein,face,Multi-PIE_impostor_132,223,073,2000,2000,298,15,0.0503,False,0.0502,False,True,1.3144
aspanformer,face,Multi-PIE_impostor_132,223,073,212,212,212,88,0.4151,True,0.4024,False,False,2.1189
deepdetect,face,Multi-PIE_impostor_132,223,073,6730,5951,81,68,0.8395,True,0.8395,False,False,1.7575
loftr,face,Multi-PIE_impostor_133,244,046,3,3,3,0,,False,,False,True,
orb-fingervein,face,Multi-PIE_impostor_133,244,046,4328,3653,50,0,,False,,False,True,
sift-fingervein,face,Multi-PIE_impostor_133,244,046,1122,538,44,0,,False,,False,True,
superglue-fingervein,face,Multi-PIE_impostor_133,244,046,973,550,1,0,,False,,False,True,
sgmnet-fingervein,face,Multi-PIE_impostor_133,244,046,2000,2000,38,6,0.1579,False,0.1494,False,True,0.8490
aspanformer,face,Multi-PIE_impostor_133,244,046,1,1,1,0,,False,,False,True,
deepdetect,face,Multi-PIE_impostor_133,244,046,34483,9295,47,0,,False,,False,True,
loftr,face,Multi-PIE_impostor_134,239,103,442,442,442,80,0.1810,False,0.1730,False,True,2.4009
orb-fingervein,face,Multi-PIE_impostor_134,239,103,4678,4613,41,12,0.2927,False,0.2876,False,True,1.6584
sift-fingervein,face,Multi-PIE_impostor_134,239,103,1047,1002,19,0,,False,,False,True,
superglue-fingervein,face,Multi-PIE_impostor_134,239,103,879,1020,310,64,0.2065,True,0.1934,False,False,2.8087
sgmnet-fingervein,face,Multi-PIE_impostor_134,239,103,2000,1910,119,10,0.0840,False,0.0825,False,True,0.7784
aspanformer,face,Multi-PIE_impostor_134,239,103,293,293,293,98,0.3345,False,0.3164,False,True,2.6130
deepdetect,face,Multi-PIE_impostor_134,239,103,21865,17907,35,20,0.5714,True,0.5714,False,False,2.4669
loftr,face,Multi-PIE_impostor_135,231,163,232,232,232,51,0.2198,False,0.2174,False,True,1.7216
orb-fingervein,face,Multi-PIE_impostor_135,231,163,3325,3761,33,9,0.2727,False,0.2662,False,True,1.1135
sift-fingervein,face,Multi-PIE_impostor_135,231,163,564,620,21,6,0.2857,False,0.2703,False,True,0.8322
superglue-fingervein,face,Multi-PIE_impostor_135,231,163,573,725,188,47,0.2500,True,0.2353,False,False,2.7124
sgmnet-fingervein,face,Multi-PIE_impostor_135,231,163,2000,2000,288,12,0.0417,False,0.0413,False,True,1.0526
aspanformer,face,Multi-PIE_impostor_135,231,163,135,135,135,76,0.5630,True,0.5622,False,False,1.5269
deepdetect,face,Multi-PIE_impostor_135,231,163,13117,12502,24,0,,False,,False,True,
loftr,face,Multi-PIE_impostor_136,246,061,3,3,3,0,,False,,False,True,
orb-fingervein,face,Multi-PIE_impostor_136,246,061,3421,1978,33,0,,False,,False,True,
sift-fingervein,face,Multi-PIE_impostor_136,246,061,792,416,15,0,,False,,False,True,
superglue-fingervein,face,Multi-PIE_impostor_136,246,061,694,414,12,0,,False,,False,True,
sgmnet-fingervein,face,Multi-PIE_impostor_136,246,061,2000,2000,21,0,,False,,False,True,
aspanformer,face,Multi-PIE_impostor_136,246,061,7,7,7,4,0.5714,True,0.5237,False,False,0.0000
deepdetect,face,Multi-PIE_impostor_136,246,061,9745,8207,3,0,,False,,False,True,
loftr,face,Multi-PIE_impostor_137,131,117,0,0,0,0,,False,,False,True,
orb-fingervein,face,Multi-PIE_impostor_137,131,117,4145,4538,34,6,0.1765,False,0.1670,False,True,1.2986
sift-fingervein,face,Multi-PIE_impostor_137,131,117,659,1131,14,0,,False,,False,True,
superglue-fingervein,face,Multi-PIE_impostor_137,131,117,633,982,0,0,,False,,False,True,
sgmnet-fingervein,face,Multi-PIE_impostor_137,131,117,2000,2000,42,5,0.1190,False,0.1110,False,True,0.1167
aspanformer,face,Multi-PIE_impostor_137,131,117,15,15,15,8,0.5333,True,0.5137,False,False,1.6027
deepdetect,face,Multi-PIE_impostor_137,131,117,12246,13976,19,0,,False,,False,True,
loftr,face,Multi-PIE_impostor_138,157,020,0,0,0,0,,False,,False,True,
orb-fingervein,face,Multi-PIE_impostor_138,157,020,3105,3756,34,0,,False,,False,True,
sift-fingervein,face,Multi-PIE_impostor_138,157,020,434,887,10,0,,False,,False,True,
superglue-fingervein,face,Multi-PIE_impostor_138,157,020,549,822,26,8,0.3077,True,0.2968,False,False,1.5723
sgmnet-fingervein,face,Multi-PIE_impostor_138,157,020,2000,2000,88,8,0.0909,False,0.0880,False,True,0.8245
aspanformer,face,Multi-PIE_impostor_138,157,020,8,8,8,0,,False,,False,True,
deepdetect,face,Multi-PIE_impostor_138,157,020,8180,13559,14,11,0.7857,True,0.7857,False,False,2.2224
loftr,face,Multi-PIE_impostor_139,130,052,12,12,12,5,0.4167,False,0.3884,False,True,0.6185
orb-fingervein,face,Multi-PIE_impostor_139,130,052,3450,2365,56,10,0.1786,False,0.1754,False,True,1.0268
sift-fingervein,face,Multi-PIE_impostor_139,130,052,459,363,6,0,,False,,False,True,
superglue-fingervein,face,Multi-PIE_impostor_139,130,052,566,724,5,0,,False,,False,True,
sgmnet-fingervein,face,Multi-PIE_impostor_139,130,052,2000,2000,64,7,0.1094,False,0.1048,False,True,0.6728
aspanformer,face,Multi-PIE_impostor_139,130,052,3,3,3,0,,False,,False,True,
deepdetect,face,Multi-PIE_impostor_139,130,052,8950,8548,7,0,,False,,False,True,
loftr,face,Multi-PIE_impostor_140,146,209,86,86,86,12,0.1395,False,0.1356,False,True,1.8848
orb-fingervein,face,Multi-PIE_impostor_140,146,209,3969,3385,48,12,0.2500,False,0.2476,False,True,1.4182
sift-fingervein,face,Multi-PIE_impostor_140,146,209,693,717,27,6,0.2222,False,0.2103,False,True,0.9388
superglue-fingervein,face,Multi-PIE_impostor_140,146,209,736,843,5,0,,False,,False,True,
sgmnet-fingervein,face,Multi-PIE_impostor_140,146,209,2000,2000,71,7,0.0986,False,0.0945,False,True,0.5884
aspanformer,face,Multi-PIE_impostor_140,146,209,20,20,20,11,0.5500,True,0.5429,False,False,1.4045
deepdetect,face,Multi-PIE_impostor_140,146,209,15547,16755,24,12,0.5000,True,0.5000,False,False,0.9539
loftr,face,Multi-PIE_impostor_141,083,178,186,186,186,61,0.3280,False,0.3197,False,True,2.0120
orb-fingervein,face,Multi-PIE_impostor_141,083,178,3327,2734,34,0,,False,,False,True,
sift-fingervein,face,Multi-PIE_impostor_141,083,178,478,412,17,0,,False,,False,True,
superglue-fingervein,face,Multi-PIE_impostor_141,083,178,567,588,208,61,0.2933,True,0.2741,False,False,2.8546
sgmnet-fingervein,face,Multi-PIE_impostor_141,083,178,2000,2000,219,10,0.0457,False,0.0449,False,True,1.4390
aspanformer,face,Multi-PIE_impostor_141,083,178,90,90,90,42,0.4667,True,0.4622,False,False,1.6909
deepdetect,face,Multi-PIE_impostor_141,083,178,9327,6785,2,0,,False,,False,True,
loftr,face,Multi-PIE_impostor_142,143,094,85,85,85,11,0.1294,False,0.1246,False,True,1.9977
orb-fingervein,face,Multi-PIE_impostor_142,143,094,708,689,17,9,0.5294,True,0.5168,False,False,1.0261
sift-fingervein,face,Multi-PIE_impostor_142,143,094,186,174,5,0,,False,,False,True,
superglue-fingervein,face,Multi-PIE_impostor_142,143,094,472,428,33,9,0.2727,True,0.2655,False,False,1.5554
sgmnet-fingervein,face,Multi-PIE_impostor_142,143,094,2000,2000,55,6,0.1091,False,0.1032,False,True,0.9139
aspanformer,face,Multi-PIE_impostor_142,143,094,6,6,0,0,,False,,False,True,
deepdetect,face,Multi-PIE_impostor_142,143,094,5811,5282,11,10,0.9091,True,0.9091,False,False,1.7500
loftr,face,Multi-PIE_impostor_143,089,042,0,0,0,0,,False,,False,True,
orb-fingervein,face,Multi-PIE_impostor_143,089,042,3512,1962,53,0,,False,,False,True,
sift-fingervein,face,Multi-PIE_impostor_143,089,042,619,360,17,0,,False,,False,True,
superglue-fingervein,face,Multi-PIE_impostor_143,089,042,752,500,2,0,,False,,False,True,
sgmnet-fingervein,face,Multi-PIE_impostor_143,089,042,2000,2000,72,6,0.0833,False,0.0789,False,True,0.7590
aspanformer,face,Multi-PIE_impostor_143,089,042,4,4,4,0,,False,,False,True,
deepdetect,face,Multi-PIE_impostor_143,089,042,11196,9527,10,6,0.6000,True,0.6000,False,False,0.3562
loftr,face,Multi-PIE_impostor_144,208,156,311,311,311,39,0.1254,False,0.1233,False,True,1.8394
orb-fingervein,face,Multi-PIE_impostor_144,208,156,1367,819,21,0,,False,,False,True,
sift-fingervein,face,Multi-PIE_impostor_144,208,156,279,170,9,0,,False,,False,True,
superglue-fingervein,face,Multi-PIE_impostor_144,208,156,481,376,159,32,0.2013,True,0.1872,False,False,2.9520
sgmnet-fingervein,face,Multi-PIE_impostor_144,208,156,2000,2000,183,16,0.0874,False,0.0872,False,True,1.4141
aspanformer,face,Multi-PIE_impostor_144,208,156,125,125,125,43,0.3440,False,0.3337,False,True,2.1091
deepdetect,face,Multi-PIE_impostor_144,208,156,6823,4488,19,14,0.7368,True,0.7368,False,False,0.7923
loftr,face,Multi-PIE_impostor_145,244,082,0,0,0,0,,False,,False,True,
orb-fingervein,face,Multi-PIE_impostor_145,244,082,946,248,36,0,,False,,False,True,
sift-fingervein,face,Multi-PIE_impostor_145,244,082,267,89,7,0,,False,,False,True,
superglue-fingervein,face,Multi-PIE_impostor_145,244,082,415,322,15,5,0.3333,True,0.3107,False,False,1.2015
sgmnet-fingervein,face,Multi-PIE_impostor_145,244,082,2000,2000,67,0,,False,,False,True,
aspanformer,face,Multi-PIE_impostor_145,244,082,3,3,3,0,,False,,False,True,
deepdetect,face,Multi-PIE_impostor_145,244,082,6315,3142,5,0,,False,,False,True,
loftr,face,Multi-PIE_impostor_146,052,106,4,4,4,0,,False,,False,True,
orb-fingervein,face,Multi-PIE_impostor_146,052,106,1730,4066,22,10,0.4545,False,0.4419,False,True,1.7055
sift-fingervein,face,Multi-PIE_impostor_146,052,106,308,742,12,0,,False,,False,True,
superglue-fingervein,face,Multi-PIE_impostor_146,052,106,484,750,11,5,0.4545,True,0.4237,False,False,0.9491
sgmnet-fingervein,face,Multi-PIE_impostor_146,052,106,2000,2000,54,6,0.1111,False,0.1051,False,True,0.7279
aspanformer,face,Multi-PIE_impostor_146,052,106,5,5,5,0,,False,,False,True,
deepdetect,face,Multi-PIE_impostor_146,052,106,10726,14414,21,0,,False,,False,True,
loftr,face,Multi-PIE_impostor_147,129,221,258,258,258,67,0.2597,False,0.2462,False,True,2.5679
orb-fingervein,face,Multi-PIE_impostor_147,129,221,3832,4406,43,0,,False,,False,True,
sift-fingervein,face,Multi-PIE_impostor_147,129,221,1029,899,25,5,0.2000,False,0.1864,False,True,0.8351
superglue-fingervein,face,Multi-PIE_impostor_147,129,221,834,893,249,39,0.1566,False,0.1462,False,True,2.8785
sgmnet-fingervein,face,Multi-PIE_impostor_147,129,221,2000,2000,86,6,0.0698,False,0.0660,False,True,0.8371
aspanformer,face,Multi-PIE_impostor_147,129,221,84,84,84,32,0.3810,False,0.3773,False,True,1.6929
deepdetect,face,Multi-PIE_impostor_147,129,221,21880,17229,18,0,,False,,False,True,
loftr,face,Multi-PIE_impostor_148,131,194,220,220,220,51,0.2318,False,0.2166,False,True,2.8626
orb-fingervein,face,Multi-PIE_impostor_148,131,194,3686,3546,36,0,,False,,False,True,
sift-fingervein,face,Multi-PIE_impostor_148,131,194,603,635,24,0,,False,,False,True,
superglue-fingervein,face,Multi-PIE_impostor_148,131,194,556,645,187,32,0.1711,True,0.1629,False,False,2.4823
sgmnet-fingervein,face,Multi-PIE_impostor_148,131,194,2000,2000,165,9,0.0545,False,0.0532,False,True,0.9810
aspanformer,face,Multi-PIE_impostor_148,131,194,122,122,122,53,0.4344,True,0.4239,False,False,1.9919
deepdetect,face,Multi-PIE_impostor_148,131,194,11165,10695,16,0,,False,,False,True,
loftr,face,Multi-PIE_impostor_149,095,048,271,271,271,70,0.2583,False,0.2493,False,True,2.2128
orb-fingervein,face,Multi-PIE_impostor_149,095,048,1139,712,21,0,,False,,False,True,
sift-fingervein,face,Multi-PIE_impostor_149,095,048,265,143,13,6,0.4615,False,0.4367,False,True,1.2513
superglue-fingervein,face,Multi-PIE_impostor_149,095,048,489,351,167,37,0.2216,True,0.2084,False,False,2.7269
sgmnet-fingervein,face,Multi-PIE_impostor_149,095,048,2000,2000,180,8,0.0444,False,0.0430,False,True,1.2821
aspanformer,face,Multi-PIE_impostor_149,095,048,77,77,77,47,0.6104,True,0.6101,False,False,1.5111
deepdetect,face,Multi-PIE_impostor_149,095,048,4867,4384,8,0,,False,,False,True,
loftr,face,Multi-PIE_impostor_150,194,149,526,526,526,158,0.3004,False,0.2864,False,True,2.4512
orb-fingervein,face,Multi-PIE_impostor_150,194,149,4516,3385,65,18,0.2769,False,0.2724,False,True,1.7995
sift-fingervein,face,Multi-PIE_impostor_150,194,149,1090,602,43,10,0.2326,False,0.2284,False,True,1.3858
superglue-fingervein,face,Multi-PIE_impostor_150,194,149,936,736,363,74,0.2039,True,0.1886,False,False,3.0585
sgmnet-fingervein,face,Multi-PIE_impostor_150,194,149,2000,1943,362,20,0.0552,False,0.0552,False,True,1.4928
aspanformer,face,Multi-PIE_impostor_150,194,149,490,490,490,202,0.4122,False,0.3929,False,True,2.4603
deepdetect,face,Multi-PIE_impostor_150,194,149,18081,15583,13,7,0.5385,True,0.5385,False,False,0.8517
loftr,face,Multi-PIE_impostor_151,234,095,369,369,369,73,0.1978,False,0.1897,False,True,2.3440
orb-fingervein,face,Multi-PIE_impostor_151,234,095,1920,887,33,0,,False,,False,True,
sift-fingervein,face,Multi-PIE_impostor_151,234,095,490,238,14,0,,False,,False,True,
superglue-fingervein,face,Multi-PIE_impostor_151,234,095,651,430,204,36,0.1765,True,0.1678,False,False,2.5079
sgmnet-fingervein,face,Multi-PIE_impostor_151,234,095,2000,2000,213,11,0.0516,False,0.0510,False,True,0.8854
aspanformer,face,Multi-PIE_impostor_151,234,095,113,113,113,37,0.3274,False,0.3175,False,True,2.1152
deepdetect,face,Multi-PIE_impostor_151,234,095,11092,5403,13,10,0.7692,True,0.7692,False,False,1.4977
loftr,face,Multi-PIE_impostor_152,210,134,53,53,53,14,0.2642,False,0.2543,False,True,2.1620
orb-fingervein,face,Multi-PIE_impostor_152,210,134,2787,3007,38,0,,False,,False,True,
sift-fingervein,face,Multi-PIE_impostor_152,210,134,526,509,16,0,,False,,False,True,
superglue-fingervein,face,Multi-PIE_impostor_152,210,134,715,639,44,11,0.2500,True,0.2385,False,False,2.1770
sgmnet-fingervein,face,Multi-PIE_impostor_152,210,134,2000,2000,34,6,0.1765,False,0.1670,False,True,0.8416
aspanformer,face,Multi-PIE_impostor_152,210,134,12,12,12,6,0.5000,True,0.4731,False,False,0.9951
deepdetect,face,Multi-PIE_impostor_152,210,134,23988,11090,83,52,0.6265,True,0.6265,False,False,2.0938
loftr,face,Multi-PIE_impostor_153,093,199,449,449,449,111,0.2472,False,0.2310,False,True,2.8564
orb-fingervein,face,Multi-PIE_impostor_153,093,199,2794,3558,17,0,,False,,False,True,
sift-fingervein,face,Multi-PIE_impostor_153,093,199,669,829,13,0,,False,,False,True,
superglue-fingervein,face,Multi-PIE_impostor_153,093,199,587,821,282,60,0.2128,True,0.1979,False,False,2.9531
sgmnet-fingervein,face,Multi-PIE_impostor_153,093,199,2000,2000,191,9,0.0471,False,0.0460,False,True,0.8551
aspanformer,face,Multi-PIE_impostor_153,093,199,179,179,179,75,0.4190,True,0.4057,False,False,2.1462
deepdetect,face,Multi-PIE_impostor_153,093,199,8407,11121,6,4,0.6667,True,0.6667,False,False,0.0000
loftr,face,Multi-PIE_impostor_154,014,191,26,26,26,0,,False,,False,True,
orb-fingervein,face,Multi-PIE_impostor_154,014,191,4333,2762,32,0,,False,,False,True,
sift-fingervein,face,Multi-PIE_impostor_154,014,191,862,537,11,0,,False,,False,True,
superglue-fingervein,face,Multi-PIE_impostor_154,014,191,855,674,9,0,,False,,False,True,
sgmnet-fingervein,face,Multi-PIE_impostor_154,014,191,2000,2000,57,7,0.1228,False,0.1177,False,True,1.1853
aspanformer,face,Multi-PIE_impostor_154,014,191,2,2,2,0,,False,,False,True,
deepdetect,face,Multi-PIE_impostor_154,014,191,15872,8352,45,0,,False,,False,True,
loftr,face,Multi-PIE_impostor_155,079,083,280,280,280,69,0.2464,False,0.2398,False,True,2.0439
orb-fingervein,face,Multi-PIE_impostor_155,079,083,968,427,32,8,0.2500,False,0.2421,False,True,0.6668
sift-fingervein,face,Multi-PIE_impostor_155,079,083,218,103,14,0,,False,,False,True,
superglue-fingervein,face,Multi-PIE_impostor_155,079,083,380,318,155,30,0.1935,True,0.1855,False,False,2.3462
sgmnet-fingervein,face,Multi-PIE_impostor_155,079,083,2000,2000,185,9,0.0486,False,0.0475,False,True,0.9357
aspanformer,face,Multi-PIE_impostor_155,079,083,39,39,39,25,0.6410,True,0.6409,False,False,1.4057
deepdetect,face,Multi-PIE_impostor_155,079,083,4845,4228,33,22,0.6667,True,0.6667,False,False,1.9676
loftr,face,Multi-PIE_impostor_156,085,166,36,36,36,0,,False,,False,True,
orb-fingervein,face,Multi-PIE_impostor_156,085,166,1997,656,28,0,,False,,False,True,
sift-fingervein,face,Multi-PIE_impostor_156,085,166,385,195,15,0,,False,,False,True,
superglue-fingervein,face,Multi-PIE_impostor_156,085,166,491,479,18,5,0.2778,True,0.2589,False,False,0.1270
sgmnet-fingervein,face,Multi-PIE_impostor_156,085,166,2000,2000,102,7,0.0686,False,0.0658,False,True,0.6924
aspanformer,face,Multi-PIE_impostor_156,085,166,2,2,2,0,,False,,False,True,
deepdetect,face,Multi-PIE_impostor_156,085,166,8993,6712,6,0,,False,,False,True,
loftr,face,Multi-PIE_impostor_157,186,192,122,122,122,12,0.0984,False,0.0952,False,True,1.9524
orb-fingervein,face,Multi-PIE_impostor_157,186,192,3816,3764,38,0,,False,,False,True,
sift-fingervein,face,Multi-PIE_impostor_157,186,192,833,799,19,0,,False,,False,True,
superglue-fingervein,face,Multi-PIE_impostor_157,186,192,888,690,36,8,0.2222,True,0.2152,False,False,1.4007
sgmnet-fingervein,face,Multi-PIE_impostor_157,186,192,1983,2000,97,7,0.0722,False,0.0692,False,True,1.1912
aspanformer,face,Multi-PIE_impostor_157,186,192,1,1,1,0,,False,,False,True,
deepdetect,face,Multi-PIE_impostor_157,186,192,15946,15592,12,0,,False,,False,True,
loftr,face,Multi-PIE_impostor_158,022,237,238,238,238,44,0.1849,False,0.1772,False,True,2.3442
orb-fingervein,face,Multi-PIE_impostor_158,022,237,4371,4125,63,0,,False,,False,True,
sift-fingervein,face,Multi-PIE_impostor_158,022,237,799,884,21,0,,False,,False,True,
superglue-fingervein,face,Multi-PIE_impostor_158,022,237,738,679,195,47,0.2410,True,0.2251,False,False,2.8670
sgmnet-fingervein,face,Multi-PIE_impostor_158,022,237,2000,1795,123,10,0.0813,False,0.0799,False,True,0.9735
aspanformer,face,Multi-PIE_impostor_158,022,237,138,138,138,47,0.3406,False,0.3255,False,True,2.4074
deepdetect,face,Multi-PIE_impostor_158,022,237,17448,18320,9,0,,False,,False,True,
loftr,face,Multi-PIE_impostor_159,162,214,64,64,64,13,0.2031,False,0.1954,False,True,2.1381
orb-fingervein,face,Multi-PIE_impostor_159,162,214,2590,3066,34,0,,False,,False,True,
sift-fingervein,face,Multi-PIE_impostor_159,162,214,422,479,15,0,,False,,False,True,
superglue-fingervein,face,Multi-PIE_impostor_159,162,214,682,523,9,5,0.5556,True,0.5179,False,False,0.6071
sgmnet-fingervein,face,Multi-PIE_impostor_159,162,214,2000,2000,80,9,0.1125,False,0.1098,False,True,0.6974
aspanformer,face,Multi-PIE_impostor_159,162,214,4,4,4,4,1.0000,True,0.9165,False,False,0.0000
deepdetect,face,Multi-PIE_impostor_159,162,214,8782,10620,14,0,,False,,False,True,
loftr,face,Multi-PIE_impostor_160,127,141,151,151,151,29,0.1921,False,0.1891,False,True,1.8113
orb-fingervein,face,Multi-PIE_impostor_160,127,141,4812,3408,64,0,,False,,False,True,
sift-fingervein,face,Multi-PIE_impostor_160,127,141,1249,554,41,0,,False,,False,True,
superglue-fingervein,face,Multi-PIE_impostor_160,127,141,1066,696,105,18,0.1714,True,0.1643,False,False,2.3245
sgmnet-fingervein,face,Multi-PIE_impostor_160,127,141,1946,2000,113,8,0.0708,False,0.0685,False,True,1.2041
aspanformer,face,Multi-PIE_impostor_160,127,141,20,20,20,11,0.5500,True,0.5334,False,False,1.8508
deepdetect,face,Multi-PIE_impostor_160,127,141,18482,10311,2,0,,False,,False,True,
loftr,face,Multi-PIE_impostor_161,211,186,339,339,339,38,0.1121,False,0.1052,False,True,2.7753
orb-fingervein,face,Multi-PIE_impostor_161,211,186,3405,4404,28,0,,False,,False,True,
sift-fingervein,face,Multi-PIE_impostor_161,211,186,688,935,17,5,0.2941,False,0.2742,False,True,0.5935
superglue-fingervein,face,Multi-PIE_impostor_161,211,186,734,724,190,23,0.1211,False,0.1151,False,True,2.5001
sgmnet-fingervein,face,Multi-PIE_impostor_161,211,186,2000,2000,138,10,0.0725,False,0.0712,False,True,1.4005
aspanformer,face,Multi-PIE_impostor_161,211,186,212,212,212,43,0.2028,False,0.1940,False,True,2.3860
deepdetect,face,Multi-PIE_impostor_161,211,186,14250,20456,10,0,,False,,False,True,
loftr,face,Multi-PIE_impostor_162,094,217,12,12,12,0,,False,,False,True,
orb-fingervein,face,Multi-PIE_impostor_162,094,217,4161,3040,54,0,,False,,False,True,
sift-fingervein,face,Multi-PIE_impostor_162,094,217,751,506,24,0,,False,,False,True,
superglue-fingervein,face,Multi-PIE_impostor_162,094,217,770,640,18,7,0.3889,True,0.3727,False,False,1.0882
sgmnet-fingervein,face,Multi-PIE_impostor_162,094,217,2000,2000,118,7,0.0593,False,0.0568,False,True,0.9741
aspanformer,face,Multi-PIE_impostor_162,094,217,23,23,0,0,,False,,False,True,
deepdetect,face,Multi-PIE_impostor_162,094,217,14855,12639,20,0,,False,,False,True,
loftr,face,Multi-PIE_impostor_163,194,105,218,218,218,44,0.2018,False,0.1941,False,True,2.2843
orb-fingervein,face,Multi-PIE_impostor_163,194,105,3161,2994,41,0,,False,,False,True,
sift-fingervein,face,Multi-PIE_impostor_163,194,105,431,476,10,0,,False,,False,True,
superglue-fingervein,face,Multi-PIE_impostor_163,194,105,579,625,214,28,0.1308,False,0.1233,False,True,2.6943
sgmnet-fingervein,face,Multi-PIE_impostor_163,194,105,2000,2000,134,7,0.0522,False,0.0501,False,True,0.8640
aspanformer,face,Multi-PIE_impostor_163,194,105,98,98,98,36,0.3673,False,0.3525,False,True,2.3229
deepdetect,face,Multi-PIE_impostor_163,194,105,9122,9820,7,0,,False,,False,True,
loftr,face,Multi-PIE_impostor_164,013,107,0,0,0,0,,False,,False,True,
orb-fingervein,face,Multi-PIE_impostor_164,013,107,3321,3765,25,0,,False,,False,True,
sift-fingervein,face,Multi-PIE_impostor_164,013,107,698,500,16,5,0.3125,False,0.2913,False,True,0.6703
superglue-fingervein,face,Multi-PIE_impostor_164,013,107,737,637,4,0,,False,,False,True,
sgmnet-fingervein,face,Multi-PIE_impostor_164,013,107,2000,2000,42,6,0.1429,False,0.1352,False,True,0.5631
aspanformer,face,Multi-PIE_impostor_164,013,107,2,2,2,0,,False,,False,True,
deepdetect,face,Multi-PIE_impostor_164,013,107,12476,9944,22,15,0.6818,True,0.6818,False,False,2.1457
loftr,face,Multi-PIE_impostor_165,169,037,11,11,11,0,,False,,False,True,
orb-fingervein,face,Multi-PIE_impostor_165,169,037,3271,4073,47,0,,False,,False,True,
sift-fingervein,face,Multi-PIE_impostor_165,169,037,615,1231,37,0,,False,,False,True,
superglue-fingervein,face,Multi-PIE_impostor_165,169,037,706,817,1,0,,False,,False,True,
sgmnet-fingervein,face,Multi-PIE_impostor_165,169,037,2000,2000,45,5,0.1111,False,0.1036,False,True,0.3045
aspanformer,face,Multi-PIE_impostor_165,169,037,2,2,2,0,,False,,False,True,
deepdetect,face,Multi-PIE_impostor_165,169,037,15888,12593,13,7,0.5385,True,0.5385,False,False,0.3902
loftr,face,Multi-PIE_impostor_166,021,146,225,225,225,29,0.1289,False,0.1236,False,True,2.3440
orb-fingervein,face,Multi-PIE_impostor_166,021,146,3510,3739,17,0,,False,,False,True,
sift-fingervein,face,Multi-PIE_impostor_166,021,146,524,558,22,0,,False,,False,True,
superglue-fingervein,face,Multi-PIE_impostor_166,021,146,539,637,20,0,,False,,False,True,
sgmnet-fingervein,face,Multi-PIE_impostor_166,021,146,2000,2000,164,8,0.0488,False,0.0472,False,True,0.9022
aspanformer,face,Multi-PIE_impostor_166,021,146,64,64,64,24,0.3750,False,0.3683,False,True,1.8591
deepdetect,face,Multi-PIE_impostor_166,021,146,10107,15246,12,7,0.5833,True,0.5833,False,False,0.8581
loftr,face,Multi-PIE_impostor_167,050,006,27,27,27,0,,False,,False,True,
orb-fingervein,face,Multi-PIE_impostor_167,050,006,1236,2094,26,0,,False,,False,True,
sift-fingervein,face,Multi-PIE_impostor_167,050,006,169,433,4,0,,False,,False,True,
superglue-fingervein,face,Multi-PIE_impostor_167,050,006,501,528,3,0,,False,,False,True,
sgmnet-fingervein,face,Multi-PIE_impostor_167,050,006,2000,2000,93,0,,False,,False,True,
aspanformer,face,Multi-PIE_impostor_167,050,006,1,1,1,0,,False,,False,True,
deepdetect,face,Multi-PIE_impostor_167,050,006,4978,8533,7,0,,False,,False,True,
loftr,face,Multi-PIE_impostor_168,024,226,456,456,456,94,0.2061,False,0.1917,False,True,2.9489
orb-fingervein,face,Multi-PIE_impostor_168,024,226,3599,3286,54,0,,False,,False,True,
sift-fingervein,face,Multi-PIE_impostor_168,024,226,587,522,8,0,,False,,False,True,
superglue-fingervein,face,Multi-PIE_impostor_168,024,226,660,626,303,55,0.1815,True,0.1696,False,False,2.8618
sgmnet-fingervein,face,Multi-PIE_impostor_168,024,226,2000,2000,197,9,0.0457,False,0.0446,False,True,0.9512
aspanformer,face,Multi-PIE_impostor_168,024,226,180,180,180,95,0.5278,True,0.5129,False,False,2.0714
deepdetect,face,Multi-PIE_impostor_168,024,226,14365,12381,15,0,,False,,False,True,
loftr,face,Multi-PIE_impostor_169,231,218,147,147,147,15,0.1020,False,0.1002,False,True,1.7885
orb-fingervein,face,Multi-PIE_impostor_169,231,218,2388,2644,28,0,,False,,False,True,
sift-fingervein,face,Multi-PIE_impostor_169,231,218,429,483,13,0,,False,,False,True,
superglue-fingervein,face,Multi-PIE_impostor_169,231,218,595,655,72,19,0.2639,True,0.2520,False,False,2.4045
sgmnet-fingervein,face,Multi-PIE_impostor_169,231,218,2000,2000,152,8,0.0526,False,0.0510,False,True,1.4987
aspanformer,face,Multi-PIE_impostor_169,231,218,11,11,11,6,0.5455,True,0.5161,False,False,1.2706
deepdetect,face,Multi-PIE_impostor_169,231,218,11076,11763,33,28,0.8485,True,0.8485,False,False,0.6869
loftr,face,Multi-PIE_impostor_170,113,037,2,2,2,0,,False,,False,True,
orb-fingervein,face,Multi-PIE_impostor_170,113,037,852,4516,5,0,,False,,False,True,
sift-fingervein,face,Multi-PIE_impostor_170,113,037,158,1194,6,0,,False,,False,True,
superglue-fingervein,face,Multi-PIE_impostor_170,113,037,322,961,3,0,,False,,False,True,
sgmnet-fingervein,face,Multi-PIE_impostor_170,113,037,2000,2000,76,7,0.0921,False,0.0883,False,True,0.4166
aspanformer,face,Multi-PIE_impostor_170,113,037,5,5,5,5,1.0000,True,0.9322,False,False,0.1112
deepdetect,face,Multi-PIE_impostor_170,113,037,4648,21734,12,0,,False,,False,True,
loftr,face,Multi-PIE_impostor_171,129,054,102,102,102,14,0.1373,False,0.1320,False,True,2.1831
orb-fingervein,face,Multi-PIE_impostor_171,129,054,2691,3775,37,0,,False,,False,True,
sift-fingervein,face,Multi-PIE_impostor_171,129,054,508,757,15,0,,False,,False,True,
superglue-fingervein,face,Multi-PIE_impostor_171,129,054,544,848,10,6,0.6000,True,0.5677,False,False,0.5075
sgmnet-fingervein,face,Multi-PIE_impostor_171,129,054,2000,2000,94,7,0.0745,False,0.0714,False,True,0.5851
aspanformer,face,Multi-PIE_impostor_171,129,054,11,11,11,7,0.6364,True,0.6080,False,False,1.5605
deepdetect,face,Multi-PIE_impostor_171,129,054,7267,24452,6,0,,False,,False,True,
loftr,face,Multi-PIE_impostor_172,186,006,35,35,35,0,,False,,False,True,
orb-fingervein,face,Multi-PIE_impostor_172,186,006,3880,4234,53,0,,False,,False,True,
sift-fingervein,face,Multi-PIE_impostor_172,186,006,826,844,22,0,,False,,False,True,
superglue-fingervein,face,Multi-PIE_impostor_172,186,006,801,815,50,11,0.2200,True,0.2108,False,False,2.0883
sgmnet-fingervein,face,Multi-PIE_impostor_172,186,006,1923,2000,223,10,0.0448,False,0.0441,False,True,0.7875
aspanformer,face,Multi-PIE_impostor_172,186,006,9,9,9,6,0.6667,True,0.6308,False,False,0.8046
deepdetect,face,Multi-PIE_impostor_172,186,006,13712,12043,12,7,0.5833,True,0.5833,False,False,1.1229
loftr,face,Multi-PIE_impostor_173,236,180,119,119,119,15,0.1261,False,0.1217,False,True,2.1382
orb-fingervein,face,Multi-PIE_impostor_173,236,180,4318,4269,52,0,,False,,False,True,
sift-fingervein,face,Multi-PIE_impostor_173,236,180,937,689,22,0,,False,,False,True,
superglue-fingervein,face,Multi-PIE_impostor_173,236,180,953,706,206,27,0.1311,False,0.1239,False,True,2.6187
sgmnet-fingervein,face,Multi-PIE_impostor_173,236,180,2000,2000,82,7,0.0854,False,0.0818,False,True,1.0889
aspanformer,face,Multi-PIE_impostor_173,236,180,13,13,13,0,,False,,False,True,
deepdetect,face,Multi-PIE_impostor_173,236,180,19606,12572,48,0,,False,,False,True,
loftr,face,Multi-PIE_impostor_174,017,038,177,177,177,31,0.1751,False,0.1703,False,True,2.0570
orb-fingervein,face,Multi-PIE_impostor_174,017,038,3377,2803,31,0,,False,,False,True,
sift-fingervein,face,Multi-PIE_impostor_174,017,038,614,441,17,0,,False,,False,True,
superglue-fingervein,face,Multi-PIE_impostor_174,017,038,611,583,174,20,0.1149,False,0.1079,False,True,2.7588
sgmnet-fingervein,face,Multi-PIE_impostor_174,017,038,1862,2000,100,7,0.0700,False,0.0671,False,True,1.1283
aspanformer,face,Multi-PIE_impostor_174,017,038,87,87,87,28,0.3218,False,0.3041,False,True,2.6309
deepdetect,face,Multi-PIE_impostor_174,017,038,15985,10145,18,0,,False,,False,True,
loftr,face,Multi-PIE_impostor_175,003,202,549,549,549,166,0.3024,False,0.2869,False,True,2.5486
orb-fingervein,face,Multi-PIE_impostor_175,003,202,4068,3009,66,24,0.3636,False,0.3530,False,True,2.0873
sift-fingervein,face,Multi-PIE_impostor_175,003,202,746,569,24,8,0.3333,False,0.3194,False,True,1.7080
superglue-fingervein,face,Multi-PIE_impostor_175,003,202,853,699,324,95,0.2932,True,0.2722,False,False,2.9901
sgmnet-fingervein,face,Multi-PIE_impostor_175,003,202,1974,2000,496,24,0.0484,False,0.0481,False,True,1.6306
aspanformer,face,Multi-PIE_impostor_175,003,202,369,369,369,190,0.5149,True,0.4983,False,False,2.1539
deepdetect,face,Multi-PIE_impostor_175,003,202,18546,13417,30,17,0.5667,True,0.5667,False,False,1.4394
loftr,face,Multi-PIE_impostor_176,129,174,541,541,541,186,0.3438,False,0.3209,False,True,2.8794
orb-fingervein,face,Multi-PIE_impostor_176,129,174,3575,3998,71,30,0.4225,False,0.4086,False,True,2.1697
sift-fingervein,face,Multi-PIE_impostor_176,129,174,676,787,35,11,0.3143,False,0.3020,False,True,2.0338
superglue-fingervein,face,Multi-PIE_impostor_176,129,174,766,815,337,93,0.2760,True,0.2569,False,False,2.9305
sgmnet-fingervein,face,Multi-PIE_impostor_176,129,174,2000,2000,477,24,0.0503,False,0.0501,False,True,1.5852
aspanformer,face,Multi-PIE_impostor_176,129,174,441,441,441,211,0.4785,True,0.4624,False,False,2.1814
deepdetect,face,Multi-PIE_impostor_176,129,174,28124,28540,83,38,0.4578,True,0.4578,False,False,1.9204
loftr,face,Multi-PIE_impostor_177,195,123,0,0,0,0,,False,,False,True,
orb-fingervein,face,Multi-PIE_impostor_177,195,123,2254,4726,30,0,,False,,False,True,
sift-fingervein,face,Multi-PIE_impostor_177,195,123,433,1018,8,0,,False,,False,True,
superglue-fingervein,face,Multi-PIE_impostor_177,195,123,549,971,6,0,,False,,False,True,
sgmnet-fingervein,face,Multi-PIE_impostor_177,195,123,2000,2000,31,5,0.1613,False,0.1503,False,True,0.6040
aspanformer,face,Multi-PIE_impostor_177,195,123,5,5,5,4,0.8000,True,0.7332,False,False,0.0000
deepdetect,face,Multi-PIE_impostor_177,195,123,8367,17298,114,0,,False,,False,True,
loftr,face,Multi-PIE_impostor_178,136,151,101,101,101,18,0.1782,False,0.1714,False,True,2.2502
orb-fingervein,face,Multi-PIE_impostor_178,136,151,1225,475,22,8,0.3636,False,0.3521,False,True,1.0919
sift-fingervein,face,Multi-PIE_impostor_178,136,151,251,129,7,0,,False,,False,True,
superglue-fingervein,face,Multi-PIE_impostor_178,136,151,543,426,39,14,0.3590,True,0.3434,False,False,2.2883
sgmnet-fingervein,face,Multi-PIE_impostor_178,136,151,2000,2000,84,9,0.1071,False,0.1046,False,True,0.7484
aspanformer,face,Multi-PIE_impostor_178,136,151,16,16,16,12,0.7500,True,0.7369,False,False,1.6621
deepdetect,face,Multi-PIE_impostor_178,136,151,5927,6026,6,5,0.8333,True,0.8333,False,False,0.1901
loftr,face,Multi-PIE_impostor_179,207,113,19,19,19,0,,False,,False,True,
orb-fingervein,face,Multi-PIE_impostor_179,207,113,3886,3344,43,8,0.1860,False,0.1801,False,True,0.4974
sift-fingervein,face,Multi-PIE_impostor_179,207,113,743,510,12,0,,False,,False,True,
superglue-fingervein,face,Multi-PIE_impostor_179,207,113,869,592,38,11,0.2895,True,0.2550,False,False,3.7772
sgmnet-fingervein,face,Multi-PIE_impostor_179,207,113,2000,2000,89,8,0.0899,False,0.0870,False,True,1.1664
aspanformer,face,Multi-PIE_impostor_179,207,113,16,16,16,8,0.5000,True,0.4825,False,False,1.5676
deepdetect,face,Multi-PIE_impostor_179,207,113,12409,10629,31,0,,False,,False,True,
loftr,face,Multi-PIE_impostor_180,120,232,207,207,207,67,0.3237,False,0.3136,False,True,2.1318
orb-fingervein,face,Multi-PIE_impostor_180,120,232,4160,4602,39,10,0.2564,False,0.2519,False,True,0.8828
sift-fingervein,face,Multi-PIE_impostor_180,120,232,1039,1082,40,0,,False,,False,True,
superglue-fingervein,face,Multi-PIE_impostor_180,120,232,927,1059,325,83,0.2554,True,0.2365,False,False,3.0366
sgmnet-fingervein,face,Multi-PIE_impostor_180,120,232,2000,2000,283,21,0.0742,False,0.0742,False,True,1.4435
aspanformer,face,Multi-PIE_impostor_180,120,232,239,239,239,101,0.4226,True,0.4056,False,False,2.3233
deepdetect,face,Multi-PIE_impostor_180,120,232,26601,14073,55,25,0.4545,True,0.4545,False,False,4.1692
loftr,face,Multi-PIE_impostor_181,202,066,316,316,316,72,0.2278,False,0.2145,False,True,2.7115
orb-fingervein,face,Multi-PIE_impostor_181,202,066,2081,4018,14,0,,False,,False,True,
sift-fingervein,face,Multi-PIE_impostor_181,202,066,476,861,11,0,,False,,False,True,
superglue-fingervein,face,Multi-PIE_impostor_181,202,066,617,851,237,41,0.1730,True,0.1633,False,False,2.6512
sgmnet-fingervein,face,Multi-PIE_impostor_181,202,066,2000,2000,154,8,0.0519,False,0.0503,False,True,1.0188
aspanformer,face,Multi-PIE_impostor_181,202,066,362,362,362,114,0.3149,False,0.3010,False,True,2.4069
deepdetect,face,Multi-PIE_impostor_181,202,066,9212,12871,13,9,0.6923,True,0.6923,False,False,0.9395
loftr,face,Multi-PIE_impostor_182,250,196,205,205,205,79,0.3854,False,0.3665,False,True,2.5038
orb-fingervein,face,Multi-PIE_impostor_182,250,196,1438,671,36,0,,False,,False,True,
sift-fingervein,face,Multi-PIE_impostor_182,250,196,418,280,11,0,,False,,False,True,
superglue-fingervein,face,Multi-PIE_impostor_182,250,196,480,344,122,40,0.3279,True,0.3101,False,False,2.6163
sgmnet-fingervein,face,Multi-PIE_impostor_182,250,196,2000,2000,111,8,0.0721,False,0.0698,False,True,1.2690
aspanformer,face,Multi-PIE_impostor_182,250,196,110,110,110,71,0.6455,True,0.6261,False,False,2.1081
deepdetect,face,Multi-PIE_impostor_182,250,196,8193,4438,56,44,0.7857,True,0.7857,False,False,1.4859
loftr,face,Multi-PIE_impostor_183,202,082,3,3,0,0,,False,,False,True,
orb-fingervein,face,Multi-PIE_impostor_183,202,082,2590,2889,19,0,,False,,False,True,
sift-fingervein,face,Multi-PIE_impostor_183,202,082,360,419,9,0,,False,,False,True,
superglue-fingervein,face,Multi-PIE_impostor_183,202,082,445,562,1,0,,False,,False,True,
sgmnet-fingervein,face,Multi-PIE_impostor_183,202,082,2000,2000,16,0,,False,,False,True,
aspanformer,face,Multi-PIE_impostor_183,202,082,1,1,1,0,,False,,False,True,
deepdetect,face,Multi-PIE_impostor_183,202,082,11477,10486,14,8,0.5714,True,0.5714,False,False,0.5430
loftr,face,Multi-PIE_impostor_184,142,246,132,132,132,13,0.0985,False,0.0945,False,True,2.1982
orb-fingervein,face,Multi-PIE_impostor_184,142,246,3683,4108,23,0,,False,,False,True,
sift-fingervein,face,Multi-PIE_impostor_184,142,246,656,896,24,6,0.2500,False,0.2338,False,True,1.7317
superglue-fingervein,face,Multi-PIE_impostor_184,142,246,738,780,58,11,0.1897,True,0.1789,False,False,2.4006
sgmnet-fingervein,face,Multi-PIE_impostor_184,142,246,2000,2000,74,0,,False,,False,True,
aspanformer,face,Multi-PIE_impostor_184,142,246,26,26,26,10,0.3846,False,0.3723,False,True,1.7924
deepdetect,face,Multi-PIE_impostor_184,142,246,18336,10771,8,0,,False,,False,True,
loftr,face,Multi-PIE_impostor_185,135,190,398,398,398,141,0.3543,False,0.3309,False,True,2.8633
orb-fingervein,face,Multi-PIE_impostor_185,135,190,3697,4254,88,25,0.2841,False,0.2768,False,True,2.0197
sift-fingervein,face,Multi-PIE_impostor_185,135,190,772,1079,18,0,,False,,False,True,
superglue-fingervein,face,Multi-PIE_impostor_185,135,190,819,906,275,77,0.2800,True,0.2609,False,False,2.9121
sgmnet-fingervein,face,Multi-PIE_impostor_185,135,190,2000,2000,240,16,0.0667,False,0.0665,False,True,1.2242
aspanformer,face,Multi-PIE_impostor_185,135,190,237,237,237,138,0.5823,True,0.5530,False,False,2.5317
deepdetect,face,Multi-PIE_impostor_185,135,190,14657,27993,13,7,0.5385,True,0.5385,False,False,0.2499
loftr,face,Multi-PIE_impostor_186,131,156,246,246,246,53,0.2154,False,0.2038,False,True,2.6156
orb-fingervein,face,Multi-PIE_impostor_186,131,156,2578,3220,27,0,,False,,False,True,
sift-fingervein,face,Multi-PIE_impostor_186,131,156,460,561,19,0,,False,,False,True,
superglue-fingervein,face,Multi-PIE_impostor_186,131,156,468,708,196,39,0.1990,True,0.1860,False,False,2.8451
sgmnet-fingervein,face,Multi-PIE_impostor_186,131,156,2000,2000,184,9,0.0489,False,0.0477,False,True,1.0111
aspanformer,face,Multi-PIE_impostor_186,131,156,159,159,159,47,0.2956,False,0.2871,False,True,2.0823
deepdetect,face,Multi-PIE_impostor_186,131,156,9766,10805,14,12,0.8571,True,0.8571,False,False,0.9729
loftr,face,Multi-PIE_impostor_187,099,116,79,79,79,14,0.1772,False,0.1738,False,True,1.7919
orb-fingervein,face,Multi-PIE_impostor_187,099,116,3734,3157,44,0,,False,,False,True,
sift-fingervein,face,Multi-PIE_impostor_187,099,116,742,554,26,0,,False,,False,True,
superglue-fingervein,face,Multi-PIE_impostor_187,099,116,834,613,58,9,0.1552,False,0.1474,False,True,2.0422
sgmnet-fingervein,face,Multi-PIE_impostor_187,099,116,2000,2000,78,7,0.0897,False,0.0860,False,True,0.6726
aspanformer,face,Multi-PIE_impostor_187,099,116,29,29,29,11,0.3793,False,0.3689,False,True,1.7937
deepdetect,face,Multi-PIE_impostor_187,099,116,17737,11103,32,31,0.9688,True,0.9688,False,False,1.7529
loftr,face,Multi-PIE_impostor_188,090,216,42,42,42,9,0.2143,False,0.2092,False,True,1.2445
orb-fingervein,face,Multi-PIE_impostor_188,090,216,3556,3513,27,7,0.2593,False,0.2484,False,True,0.9655
sift-fingervein,face,Multi-PIE_impostor_188,090,216,832,497,17,5,0.2941,False,0.2742,False,True,1.2858
superglue-fingervein,face,Multi-PIE_impostor_188,090,216,632,612,5,0,,False,,False,True,
sgmnet-fingervein,face,Multi-PIE_impostor_188,090,216,2000,2000,156,9,0.0577,False,0.0563,False,True,0.8100
aspanformer,face,Multi-PIE_impostor_188,090,216,5,5,5,0,,False,,False,True,
deepdetect,face,Multi-PIE_impostor_188,090,216,11259,12926,5,0,,False,,False,True,
loftr,face,Multi-PIE_impostor_189,024,085,397,397,397,58,0.1461,False,0.1388,False,True,2.5267
orb-fingervein,face,Multi-PIE_impostor_189,024,085,4533,4413,42,9,0.2143,False,0.2092,False,True,1.0104
sift-fingervein,face,Multi-PIE_impostor_189,024,085,951,813,20,5,0.2500,False,0.2330,False,True,0.9074
superglue-fingervein,face,Multi-PIE_impostor_189,024,085,866,914,351,52,0.1481,False,0.1392,False,True,2.7401
sgmnet-fingervein,face,Multi-PIE_impostor_189,024,085,2000,2000,267,9,0.0337,False,0.0329,False,True,1.0793
aspanformer,face,Multi-PIE_impostor_189,024,085,224,224,224,93,0.4152,True,0.4019,False,False,2.1500
deepdetect,face,Multi-PIE_impostor_189,024,085,15455,13557,15,0,,False,,False,True,
loftr,face,Multi-PIE_impostor_190,173,178,382,382,382,88,0.2304,False,0.2215,False,True,2.2887
orb-fingervein,face,Multi-PIE_impostor_190,173,178,3281,3667,47,9,0.1915,False,0.1843,False,True,1.7864
sift-fingervein,face,Multi-PIE_impostor_190,173,178,647,766,20,6,0.3000,False,0.2839,False,True,0.8944
superglue-fingervein,face,Multi-PIE_impostor_190,173,178,792,800,309,60,0.1942,True,0.1802,False,False,2.9971
sgmnet-fingervein,face,Multi-PIE_impostor_190,173,178,2000,2000,256,12,0.0469,False,0.0464,False,True,1.1262
aspanformer,face,Multi-PIE_impostor_190,173,178,280,280,280,149,0.5321,True,0.5168,False,False,2.0841
deepdetect,face,Multi-PIE_impostor_190,173,178,14708,19185,29,26,0.8966,True,0.8966,False,False,0.5545
loftr,face,Multi-PIE_impostor_191,006,066,71,71,71,13,0.1831,False,0.1772,False,True,2.0197
orb-fingervein,face,Multi-PIE_impostor_191,006,066,2873,3502,27,0,,False,,False,True,
sift-fingervein,face,Multi-PIE_impostor_191,006,066,433,656,5,0,,False,,False,True,
superglue-fingervein,face,Multi-PIE_impostor_191,006,066,542,640,4,0,,False,,False,True,
sgmnet-fingervein,face,Multi-PIE_impostor_191,006,066,2000,2000,160,9,0.0563,False,0.0549,False,True,0.7031
aspanformer,face,Multi-PIE_impostor_191,006,066,4,4,4,4,1.0000,True,0.9165,False,False,0.0000
deepdetect,face,Multi-PIE_impostor_191,006,066,6599,11051,9,0,,False,,False,True,
loftr,face,Multi-PIE_impostor_192,159,138,128,128,128,22,0.1719,False,0.1663,False,True,2.1527
orb-fingervein,face,Multi-PIE_impostor_192,159,138,2586,3759,25,7,0.2800,False,0.2683,False,True,0.3369
sift-fingervein,face,Multi-PIE_impostor_192,159,138,362,654,12,0,,False,,False,True,
superglue-fingervein,face,Multi-PIE_impostor_192,159,138,476,660,101,26,0.2574,True,0.2468,False,False,2.3400
sgmnet-fingervein,face,Multi-PIE_impostor_192,159,138,2000,2000,219,10,0.0457,False,0.0449,False,True,1.3962
aspanformer,face,Multi-PIE_impostor_192,159,138,52,52,52,30,0.5769,True,0.5634,False,False,1.9754
deepdetect,face,Multi-PIE_impostor_192,159,138,6526,12075,7,0,,False,,False,True,
loftr,face,Multi-PIE_impostor_193,211,087,2,2,2,0,,False,,False,True,
orb-fingervein,face,Multi-PIE_impostor_193,211,087,3506,3036,30,0,,False,,False,True,
sift-fingervein,face,Multi-PIE_impostor_193,211,087,644,547,27,6,0.2222,False,0.2103,False,True,1.2973
superglue-fingervein,face,Multi-PIE_impostor_193,211,087,790,695,3,0,,False,,False,True,
sgmnet-fingervein,face,Multi-PIE_impostor_193,211,087,2000,2000,94,7,0.0745,False,0.0714,False,True,0.6368
aspanformer,face,Multi-PIE_impostor_193,211,087,17,17,0,0,,False,,False,True,
deepdetect,face,Multi-PIE_impostor_193,211,087,16711,8527,19,8,0.4211,True,0.4211,False,False,0.7939
loftr,face,Multi-PIE_impostor_194,173,197,229,229,229,36,0.1572,False,0.1480,False,True,2.7053
orb-fingervein,face,Multi-PIE_impostor_194,173,197,3828,4429,39,0,,False,,False,True,
sift-fingervein,face,Multi-PIE_impostor_194,173,197,726,1118,19,0,,False,,False,True,
superglue-fingervein,face,Multi-PIE_impostor_194,173,197,806,958,296,38,0.1284,False,0.1210,False,True,2.6825
sgmnet-fingervein,face,Multi-PIE_impostor_194,173,197,2000,1925,109,8,0.0734,False,0.0711,False,True,1.0141
aspanformer,face,Multi-PIE_impostor_194,173,197,119,119,119,40,0.3361,False,0.3201,False,True,2.4796
deepdetect,face,Multi-PIE_impostor_194,173,197,13167,23416,21,10,0.4762,True,0.4762,False,False,0.9951
loftr,face,Multi-PIE_impostor_195,105,223,202,202,202,21,0.1040,False,0.0998,False,True,2.3158
orb-fingervein,face,Multi-PIE_impostor_195,105,223,4072,4971,43,0,,False,,False,True,
sift-fingervein,face,Multi-PIE_impostor_195,105,223,826,1346,23,6,0.2609,False,0.2468,False,True,1.4467
superglue-fingervein,face,Multi-PIE_impostor_195,105,223,858,1067,213,29,0.1362,False,0.1275,False,True,2.8139
sgmnet-fingervein,face,Multi-PIE_impostor_195,105,223,1981,2000,112,9,0.0804,False,0.0784,False,True,0.8306
aspanformer,face,Multi-PIE_impostor_195,105,223,193,193,193,45,0.2332,False,0.2254,False,True,2.1735
deepdetect,face,Multi-PIE_impostor_195,105,223,16666,17057,14,9,0.6429,True,0.6429,False,False,0.3687
loftr,face,Multi-PIE_impostor_196,043,242,25,25,25,0,,False,,False,True,
orb-fingervein,face,Multi-PIE_impostor_196,043,242,3263,3943,22,7,0.3182,False,0.3049,False,True,1.2522
sift-fingervein,face,Multi-PIE_impostor_196,043,242,953,846,18,5,0.2778,False,0.2589,False,True,1.0834
superglue-fingervein,face,Multi-PIE_impostor_196,043,242,783,835,31,7,0.2258,True,0.2159,False,False,1.5403
sgmnet-fingervein,face,Multi-PIE_impostor_196,043,242,2000,2000,86,7,0.0814,False,0.0780,False,True,0.5160
aspanformer,face,Multi-PIE_impostor_196,043,242,4,4,4,0,,False,,False,True,
deepdetect,face,Multi-PIE_impostor_196,043,242,10317,17627,3,0,,False,,False,True,
loftr,face,Multi-PIE_impostor_197,147,110,55,55,55,12,0.2182,False,0.2126,False,True,1.8260
orb-fingervein,face,Multi-PIE_impostor_197,147,110,710,374,17,0,,False,,False,True,
sift-fingervein,face,Multi-PIE_impostor_197,147,110,188,121,8,0,,False,,False,True,
superglue-fingervein,face,Multi-PIE_impostor_197,147,110,377,339,114,24,0.2105,True,0.2020,False,False,2.3216
sgmnet-fingervein,face,Multi-PIE_impostor_197,147,110,2000,2000,129,6,0.0465,False,0.0440,False,True,0.7733
aspanformer,face,Multi-PIE_impostor_197,147,110,7,7,7,7,1.0000,True,0.9583,False,False,0.5928
deepdetect,face,Multi-PIE_impostor_197,147,110,3773,4902,45,0,,False,,False,True,
loftr,face,Multi-PIE_impostor_198,026,049,262,262,262,47,0.1794,False,0.1729,False,True,2.2340
orb-fingervein,face,Multi-PIE_impostor_198,026,049,3249,2823,62,0,,False,,False,True,
sift-fingervein,face,Multi-PIE_impostor_198,026,049,571,426,31,7,0.2258,False,0.2164,False,True,1.0411
superglue-fingervein,face,Multi-PIE_impostor_198,026,049,739,532,233,55,0.2361,True,0.2205,False,False,2.8611
sgmnet-fingervein,face,Multi-PIE_impostor_198,026,049,2000,2000,150,8,0.0533,False,0.0516,False,True,0.9934
aspanformer,face,Multi-PIE_impostor_198,026,049,76,76,76,47,0.6184,True,0.6034,False,False,1.9903
deepdetect,face,Multi-PIE_impostor_198,026,049,16339,9663,42,39,0.9286,True,0.9286,False,False,0.3297
loftr,face,Multi-PIE_impostor_199,225,089,138,138,138,31,0.2246,False,0.2208,False,True,1.8434
orb-fingervein,face,Multi-PIE_impostor_199,225,089,4075,3702,20,0,,False,,False,True,
sift-fingervein,face,Multi-PIE_impostor_199,225,089,853,719,28,5,0.1786,False,0.1665,False,True,1.0484
superglue-fingervein,face,Multi-PIE_impostor_199,225,089,1023,684,5,0,,False,,False,True,
sgmnet-fingervein,face,Multi-PIE_impostor_199,225,089,2000,2000,54,0,,False,,False,True,
aspanformer,face,Multi-PIE_impostor_199,225,089,12,12,12,0,,False,,False,True,
deepdetect,face,Multi-PIE_impostor_199,225,089,15758,15593,4,0,,False,,False,True,
loftr,face,Multi-PIE_impostor_200,048,171,16,16,16,6,0.3750,False,0.3548,False,True,1.1067
orb-fingervein,face,Multi-PIE_impostor_200,048,171,4011,1943,52,0,,False,,False,True,
sift-fingervein,face,Multi-PIE_impostor_200,048,171,817,282,37,0,,False,,False,True,
superglue-fingervein,face,Multi-PIE_impostor_200,048,171,834,399,0,0,,False,,False,True,
sgmnet-fingervein,face,Multi-PIE_impostor_200,048,171,2000,2000,109,8,0.0734,False,0.0711,False,True,0.7010
aspanformer,face,Multi-PIE_impostor_200,048,171,15,15,15,8,0.5333,True,0.5164,False,False,0.8234
deepdetect,face,Multi-PIE_impostor_200,048,171,18240,5947,7,0,,False,,False,True,
loftr,face,Multi-PIE_impostor_201,156,239,78,78,78,17,0.2179,False,0.2027,False,True,2.9143
orb-fingervein,face,Multi-PIE_impostor_201,156,239,3070,1937,54,15,0.2778,False,0.2768,False,True,0.6282
sift-fingervein,face,Multi-PIE_impostor_201,156,239,472,457,19,0,,False,,False,True,
superglue-fingervein,face,Multi-PIE_impostor_201,156,239,664,518,58,19,0.3276,True,0.3223,False,False,1.8068
sgmnet-fingervein,face,Multi-PIE_impostor_201,156,239,2000,2000,125,9,0.0720,False,0.0703,False,True,1.1629
aspanformer,face,Multi-PIE_impostor_201,156,239,38,38,38,19,0.5000,True,0.4886,False,False,1.9414
deepdetect,face,Multi-PIE_impostor_201,156,239,10206,9528,18,10,0.5556,True,0.5556,False,False,0.3786
loftr,face,Multi-PIE_impostor_202,133,234,438,438,438,72,0.1644,False,0.1544,False,True,2.7583
orb-fingervein,face,Multi-PIE_impostor_202,133,234,3430,3603,27,0,,False,,False,True,
sift-fingervein,face,Multi-PIE_impostor_202,133,234,630,778,12,0,,False,,False,True,
superglue-fingervein,face,Multi-PIE_impostor_202,133,234,722,758,301,53,0.1761,True,0.1644,False,False,2.8682
sgmnet-fingervein,face,Multi-PIE_impostor_202,133,234,2000,2000,189,15,0.0794,False,0.0791,False,True,1.3666
aspanformer,face,Multi-PIE_impostor_202,133,234,275,275,275,77,0.2800,False,0.2642,False,True,2.6636
deepdetect,face,Multi-PIE_impostor_202,133,234,16485,16918,35,22,0.6286,True,0.6286,False,False,1.1389
loftr,face,Multi-PIE_impostor_203,204,139,153,153,153,28,0.1830,False,0.1730,False,True,2.6270
orb-fingervein,face,Multi-PIE_impostor_203,204,139,4294,3508,36,0,,False,,False,True,
sift-fingervein,face,Multi-PIE_impostor_203,204,139,946,705,22,0,,False,,False,True,
superglue-fingervein,face,Multi-PIE_impostor_203,204,139,923,824,175,28,0.1600,True,0.1500,False,False,2.7866
sgmnet-fingervein,face,Multi-PIE_impostor_203,204,139,2000,2000,56,7,0.1250,False,0.1198,False,True,1.1064
aspanformer,face,Multi-PIE_impostor_203,204,139,4,4,4,4,1.0000,True,0.9165,False,False,0.0000
deepdetect,face,Multi-PIE_impostor_203,204,139,21761,22138,13,0,,False,,False,True,
loftr,face,Multi-PIE_impostor_204,025,107,307,307,307,51,0.1661,False,0.1603,False,True,2.2127
orb-fingervein,face,Multi-PIE_impostor_204,025,107,3285,3936,27,0,,False,,False,True,
sift-fingervein,face,Multi-PIE_impostor_204,025,107,752,819,13,5,0.3846,False,0.3585,False,True,1.1327
superglue-fingervein,face,Multi-PIE_impostor_204,025,107,581,733,214,36,0.1682,True,0.1574,False,False,2.8362
sgmnet-fingervein,face,Multi-PIE_impostor_204,025,107,2000,2000,147,9,0.0612,False,0.0598,False,True,1.0891
aspanformer,face,Multi-PIE_impostor_204,025,107,198,198,198,89,0.4495,True,0.4420,False,False,1.8359
deepdetect,face,Multi-PIE_impostor_204,025,107,10385,14403,11,6,0.5455,True,0.5455,False,False,0.3276
loftr,face,Multi-PIE_impostor_205,215,126,20,20,20,10,0.5000,True,0.4838,False,False,1.8024
orb-fingervein,face,Multi-PIE_impostor_205,215,126,538,1440,9,0,,False,,False,True,
sift-fingervein,face,Multi-PIE_impostor_205,215,126,196,274,5,0,,False,,False,True,
superglue-fingervein,face,Multi-PIE_impostor_205,215,126,500,420,31,8,0.2581,True,0.2445,False,False,1.9349
sgmnet-fingervein,face,Multi-PIE_impostor_205,215,126,2000,2000,78,6,0.0769,False,0.0728,False,True,0.0000
aspanformer,face,Multi-PIE_impostor_205,215,126,11,11,0,0,,False,,False,True,
deepdetect,face,Multi-PIE_impostor_205,215,126,4956,7280,6,0,,False,,False,True,
loftr,face,Multi-PIE_impostor_206,025,100,75,75,75,11,0.1467,False,0.1413,False,True,1.9833
orb-fingervein,face,Multi-PIE_impostor_206,025,100,3621,2456,51,11,0.2157,False,0.2078,False,True,1.9819
sift-fingervein,face,Multi-PIE_impostor_206,025,100,664,334,16,0,,False,,False,True,
superglue-fingervein,face,Multi-PIE_impostor_206,025,100,706,519,4,0,,False,,False,True,
sgmnet-fingervein,face,Multi-PIE_impostor_206,025,100,2000,2000,56,7,0.1250,False,0.1198,False,True,0.5025
aspanformer,face,Multi-PIE_impostor_206,025,100,3,3,3,0,,False,,False,True,
deepdetect,face,Multi-PIE_impostor_206,025,100,16014,6363,25,0,,False,,False,True,
loftr,face,Multi-PIE_impostor_207,038,187,234,234,234,40,0.1709,False,0.1663,False,True,2.0528
orb-fingervein,face,Multi-PIE_impostor_207,038,187,4507,4989,69,0,,False,,False,True,
sift-fingervein,face,Multi-PIE_impostor_207,038,187,1017,1781,33,7,0.2121,False,0.2032,False,True,1.5075
superglue-fingervein,face,Multi-PIE_impostor_207,038,187,988,1073,334,53,0.1587,False,0.1481,False,True,2.8764
sgmnet-fingervein,face,Multi-PIE_impostor_207,038,187,1987,2000,105,8,0.0762,False,0.0738,False,True,0.6415
aspanformer,face,Multi-PIE_impostor_207,038,187,179,179,179,59,0.3296,False,0.3296,False,True,1.2919
deepdetect,face,Multi-PIE_impostor_207,038,187,17135,30287,36,20,0.5556,True,0.5556,False,False,1.6510
loftr,face,Multi-PIE_impostor_208,173,029,6,6,6,0,,False,,False,True,
orb-fingervein,face,Multi-PIE_impostor_208,173,029,3507,3716,28,0,,False,,False,True,
sift-fingervein,face,Multi-PIE_impostor_208,173,029,580,632,13,0,,False,,False,True,
superglue-fingervein,face,Multi-PIE_impostor_208,173,029,711,734,3,0,,False,,False,True,
sgmnet-fingervein,face,Multi-PIE_impostor_208,173,029,2000,2000,61,0,,False,,False,True,
aspanformer,face,Multi-PIE_impostor_208,173,029,5,5,5,0,,False,,False,True,
deepdetect,face,Multi-PIE_impostor_208,173,029,12474,13249,17,10,0.5882,True,0.5882,False,False,0.5540
loftr,face,Multi-PIE_impostor_209,118,082,202,202,202,56,0.2772,False,0.2561,False,True,3.0878
orb-fingervein,face,Multi-PIE_impostor_209,118,082,796,335,29,11,0.3793,False,0.3744,False,True,1.1850
sift-fingervein,face,Multi-PIE_impostor_209,118,082,214,137,11,5,0.4545,False,0.4237,False,True,0.6087
superglue-fingervein,face,Multi-PIE_impostor_209,118,082,496,444,139,25,0.1799,True,0.1697,False,False,2.6547
sgmnet-fingervein,face,Multi-PIE_impostor_209,118,082,2000,2000,198,9,0.0455,False,0.0444,False,True,1.3695
aspanformer,face,Multi-PIE_impostor_209,118,082,9,9,0,0,,False,,False,True,
deepdetect,face,Multi-PIE_impostor_209,118,082,4462,6930,2,0,,False,,False,True,
loftr,face,Multi-PIE_impostor_210,112,237,247,247,247,67,0.2713,False,0.2590,False,True,2.4271
orb-fingervein,face,Multi-PIE_impostor_210,112,237,4921,3988,34,0,,False,,False,True,
sift-fingervein,face,Multi-PIE_impostor_210,112,237,1142,775,15,0,,False,,False,True,
superglue-fingervein,face,Multi-PIE_impostor_210,112,237,1047,596,283,54,0.1908,True,0.1762,False,False,3.0917
sgmnet-fingervein,face,Multi-PIE_impostor_210,112,237,1979,1964,163,11,0.0675,False,0.0666,False,True,1.3507
aspanformer,face,Multi-PIE_impostor_210,112,237,50,50,50,18,0.3600,False,0.3481,False,True,2.1459
deepdetect,face,Multi-PIE_impostor_210,112,237,18599,15098,11,0,,False,,False,True,
loftr,face,Multi-PIE_impostor_211,054,095,87,87,87,10,0.1149,False,0.1117,False,True,1.7147
orb-fingervein,face,Multi-PIE_impostor_211,054,095,3544,4543,36,0,,False,,False,True,
sift-fingervein,face,Multi-PIE_impostor_211,054,095,706,951,11,4,0.3636,False,0.3333,False,True,0.0000
superglue-fingervein,face,Multi-PIE_impostor_211,054,095,794,1024,195,28,0.1436,False,0.1359,False,True,2.6066
sgmnet-fingervein,face,Multi-PIE_impostor_211,054,095,2000,2000,69,0,,False,,False,True,
aspanformer,face,Multi-PIE_impostor_211,054,095,31,31,31,11,0.3548,False,0.3414,False,True,2.0105
deepdetect,face,Multi-PIE_impostor_211,054,095,12430,21323,3,0,,False,,False,True,
loftr,face,Multi-PIE_impostor_212,228,236,11,11,11,0,,False,,False,True,
orb-fingervein,face,Multi-PIE_impostor_212,228,236,3995,3751,40,8,0.2000,False,0.1936,False,True,1.1296
sift-fingervein,face,Multi-PIE_impostor_212,228,236,802,732,26,0,,False,,False,True,
superglue-fingervein,face,Multi-PIE_impostor_212,228,236,869,740,41,10,0.2439,True,0.2357,False,False,1.8245
sgmnet-fingervein,face,Multi-PIE_impostor_212,228,236,2000,2000,74,7,0.0946,False,0.0906,False,True,0.7253
aspanformer,face,Multi-PIE_impostor_212,228,236,12,12,12,0,,False,,False,True,
deepdetect,face,Multi-PIE_impostor_212,228,236,13778,12116,18,0,,False,,False,True,
loftr,face,Multi-PIE_impostor_213,085,042,0,0,0,0,,False,,False,True,
orb-fingervein,face,Multi-PIE_impostor_213,085,042,4108,2934,49,0,,False,,False,True,
sift-fingervein,face,Multi-PIE_impostor_213,085,042,695,617,22,0,,False,,False,True,
superglue-fingervein,face,Multi-PIE_impostor_213,085,042,672,700,1,0,,False,,False,True,
sgmnet-fingervein,face,Multi-PIE_impostor_213,085,042,2000,2000,47,0,,False,,False,True,
aspanformer,face,Multi-PIE_impostor_213,085,042,3,3,3,0,,False,,False,True,
deepdetect,face,Multi-PIE_impostor_213,085,042,10979,8498,19,0,,False,,False,True,
loftr,face,Multi-PIE_impostor_214,135,235,3,3,3,0,,False,,False,True,
orb-fingervein,face,Multi-PIE_impostor_214,135,235,1305,416,23,0,,False,,False,True,
sift-fingervein,face,Multi-PIE_impostor_214,135,235,244,122,8,4,0.5000,True,0.4583,False,False,0.0000
superglue-fingervein,face,Multi-PIE_impostor_214,135,235,385,287,17,0,,False,,False,True,
sgmnet-fingervein,face,Multi-PIE_impostor_214,135,235,2000,2000,44,7,0.1591,False,0.1525,False,True,0.4814
aspanformer,face,Multi-PIE_impostor_214,135,235,2,2,2,0,,False,,False,True,
deepdetect,face,Multi-PIE_impostor_214,135,235,6458,4319,1,0,,False,,False,True,
loftr,face,Multi-PIE_impostor_215,026,242,224,224,224,67,0.2991,False,0.2861,False,True,2.3919
orb-fingervein,face,Multi-PIE_impostor_215,026,242,3156,3525,47,16,0.3404,False,0.3395,False,True,1.2626
sift-fingervein,face,Multi-PIE_impostor_215,026,242,577,667,20,0,,False,,False,True,
superglue-fingervein,face,Multi-PIE_impostor_215,026,242,641,892,261,55,0.2107,True,0.1959,False,False,2.9643
sgmnet-fingervein,face,Multi-PIE_impostor_215,026,242,2000,2000,198,10,0.0505,False,0.0494,False,True,1.5822
aspanformer,face,Multi-PIE_impostor_215,026,242,84,84,84,52,0.6190,True,0.5969,False,False,2.2282
deepdetect,face,Multi-PIE_impostor_215,026,242,16008,15855,15,0,,False,,False,True,
loftr,face,Multi-PIE_impostor_216,140,141,438,438,438,102,0.2329,False,0.2238,False,True,2.2995
orb-fingervein,face,Multi-PIE_impostor_216,140,141,3702,3951,57,12,0.2105,False,0.2082,False,True,1.5333
sift-fingervein,face,Multi-PIE_impostor_216,140,141,764,777,23,0,,False,,False,True,
superglue-fingervein,face,Multi-PIE_impostor_216,140,141,784,781,333,90,0.2703,True,0.2533,False,False,2.7937
sgmnet-fingervein,face,Multi-PIE_impostor_216,140,141,2000,2000,301,20,0.0664,False,0.0664,False,True,1.2888
aspanformer,face,Multi-PIE_impostor_216,140,141,246,246,246,93,0.3780,False,0.3665,False,True,2.1189
deepdetect,face,Multi-PIE_impostor_216,140,141,15378,13950,13,0,,False,,False,True,
loftr,face,Multi-PIE_impostor_217,057,121,547,547,547,153,0.2797,False,0.2651,False,True,2.5731
orb-fingervein,face,Multi-PIE_impostor_217,057,121,3693,3305,68,16,0.2353,False,0.2331,False,True,1.6370
sift-fingervein,face,Multi-PIE_impostor_217,057,121,724,605,42,0,,False,,False,True,
superglue-fingervein,face,Multi-PIE_impostor_217,057,121,742,766,330,86,0.2606,True,0.2408,False,False,3.0822
sgmnet-fingervein,face,Multi-PIE_impostor_217,057,121,1982,2000,409,28,0.0685,False,0.0685,False,True,1.3641
aspanformer,face,Multi-PIE_impostor_217,057,121,444,444,444,226,0.5090,True,0.4804,False,False,2.6558
deepdetect,face,Multi-PIE_impostor_217,057,121,19616,18310,33,15,0.4545,True,0.4545,False,False,2.8932
loftr,face,Multi-PIE_impostor_218,057,125,55,55,55,11,0.2000,False,0.1881,False,True,2.4606
orb-fingervein,face,Multi-PIE_impostor_218,057,125,3001,3797,24,9,0.3750,False,0.3661,False,True,1.0669
sift-fingervein,face,Multi-PIE_impostor_218,057,125,625,735,21,0,,False,,False,True,
superglue-fingervein,face,Multi-PIE_impostor_218,057,125,712,841,0,0,,False,,False,True,
sgmnet-fingervein,face,Multi-PIE_impostor_218,057,125,2000,2000,93,7,0.0753,False,0.0721,False,True,0.9698
aspanformer,face,Multi-PIE_impostor_218,057,125,19,19,19,13,0.6842,True,0.6795,False,False,1.1663
deepdetect,face,Multi-PIE_impostor_218,057,125,10081,15297,4,0,,False,,False,True,
loftr,face,Multi-PIE_impostor_219,075,147,4,4,4,0,,False,,False,True,
orb-fingervein,face,Multi-PIE_impostor_219,075,147,2907,2589,52,0,,False,,False,True,
sift-fingervein,face,Multi-PIE_impostor_219,075,147,488,402,9,4,0.4444,False,0.4073,False,True,0.0000
superglue-fingervein,face,Multi-PIE_impostor_219,075,147,657,602,9,5,0.5556,True,0.5179,False,False,0.8982
sgmnet-fingervein,face,Multi-PIE_impostor_219,075,147,2000,2000,114,8,0.0702,False,0.0679,False,True,0.7641
aspanformer,face,Multi-PIE_impostor_219,075,147,4,4,4,4,1.0000,True,0.9165,False,False,0.0000
deepdetect,face,Multi-PIE_impostor_219,075,147,12592,10939,8,0,,False,,False,True,
loftr,face,Multi-PIE_impostor_220,247,223,289,289,289,53,0.1834,False,0.1826,False,True,1.5858
orb-fingervein,face,Multi-PIE_impostor_220,247,223,3809,4216,77,18,0.2338,False,0.2297,False,True,1.8217
sift-fingervein,face,Multi-PIE_impostor_220,247,223,756,963,23,6,0.2609,False,0.2468,False,True,0.2552
superglue-fingervein,face,Multi-PIE_impostor_220,247,223,870,920,196,35,0.1786,True,0.1678,False,False,2.7471
sgmnet-fingervein,face,Multi-PIE_impostor_220,247,223,1854,2000,142,10,0.0704,False,0.0692,False,True,1.1325
aspanformer,face,Multi-PIE_impostor_220,247,223,130,130,130,62,0.4769,True,0.4544,False,False,2.4657
deepdetect,face,Multi-PIE_impostor_220,247,223,17408,26860,41,27,0.6585,True,0.6585,False,False,0.8358
loftr,face,Multi-PIE_impostor_221,245,114,204,204,204,34,0.1667,False,0.1596,False,True,2.3638
orb-fingervein,face,Multi-PIE_impostor_221,245,114,3928,3886,54,0,,False,,False,True,
sift-fingervein,face,Multi-PIE_impostor_221,245,114,627,595,15,0,,False,,False,True,
superglue-fingervein,face,Multi-PIE_impostor_221,245,114,745,656,261,60,0.2299,True,0.2162,False,False,2.7293
sgmnet-fingervein,face,Multi-PIE_impostor_221,245,114,2000,2000,179,7,0.0391,False,0.0375,False,True,1.0641
aspanformer,face,Multi-PIE_impostor_221,245,114,41,41,41,30,0.7317,True,0.7273,False,False,1.6203
deepdetect,face,Multi-PIE_impostor_221,245,114,13384,11940,57,0,,False,,False,True,
loftr,face,Multi-PIE_impostor_222,097,021,230,230,230,36,0.1565,False,0.1497,False,True,2.3918
orb-fingervein,face,Multi-PIE_impostor_222,097,021,4807,3878,48,0,,False,,False,True,
sift-fingervein,face,Multi-PIE_impostor_222,097,021,1474,665,23,0,,False,,False,True,
superglue-fingervein,face,Multi-PIE_impostor_222,097,021,1056,820,281,55,0.1957,True,0.1850,False,False,2.6322
sgmnet-fingervein,face,Multi-PIE_impostor_222,097,021,2000,2000,118,7,0.0593,False,0.0568,False,True,0.7358
aspanformer,face,Multi-PIE_impostor_222,097,021,202,202,202,61,0.3020,False,0.2865,False,True,2.5547
deepdetect,face,Multi-PIE_impostor_222,097,021,14278,14485,12,8,0.6667,True,0.6667,False,False,1.4320
loftr,face,Multi-PIE_impostor_223,009,226,374,374,374,68,0.1818,False,0.1710,False,True,2.7315
orb-fingervein,face,Multi-PIE_impostor_223,009,226,3743,3862,27,0,,False,,False,True,
sift-fingervein,face,Multi-PIE_impostor_223,009,226,744,758,13,0,,False,,False,True,
superglue-fingervein,face,Multi-PIE_impostor_223,009,226,688,722,212,36,0.1698,True,0.1614,False,False,2.5129
sgmnet-fingervein,face,Multi-PIE_impostor_223,009,226,2000,2000,208,15,0.0721,False,0.0719,False,True,1.1335
aspanformer,face,Multi-PIE_impostor_223,009,226,99,99,99,39,0.3939,False,0.3879,False,True,1.8066
deepdetect,face,Multi-PIE_impostor_223,009,226,14306,13926,33,22,0.6667,True,0.6667,False,False,1.0109
loftr,face,Multi-PIE_impostor_224,089,013,2,2,2,0,,False,,False,True,
orb-fingervein,face,Multi-PIE_impostor_224,089,013,3263,2971,38,0,,False,,False,True,
sift-fingervein,face,Multi-PIE_impostor_224,089,013,499,587,26,0,,False,,False,True,
superglue-fingervein,face,Multi-PIE_impostor_224,089,013,643,699,10,0,,False,,False,True,
sgmnet-fingervein,face,Multi-PIE_impostor_224,089,013,2000,2000,73,7,0.0959,False,0.0919,False,True,1.0222
aspanformer,face,Multi-PIE_impostor_224,089,013,7,7,7,4,0.5714,True,0.5237,False,False,0.0000
deepdetect,face,Multi-PIE_impostor_224,089,013,11831,9758,2,0,,False,,False,True,
loftr,face,Multi-PIE_impostor_225,220,077,228,228,228,53,0.2325,False,0.2303,False,True,1.6852
orb-fingervein,face,Multi-PIE_impostor_225,220,077,3063,3120,47,0,,False,,False,True,
sift-fingervein,face,Multi-PIE_impostor_225,220,077,544,477,12,6,0.5000,True,0.4731,False,False,1.2013
superglue-fingervein,face,Multi-PIE_impostor_225,220,077,679,642,12,6,0.5000,True,0.4731,False,False,0.8015
sgmnet-fingervein,face,Multi-PIE_impostor_225,220,077,2000,2000,62,7,0.1129,False,0.1082,False,True,0.9824
aspanformer,face,Multi-PIE_impostor_225,220,077,4,4,4,4,1.0000,True,0.9165,False,False,0.0000
deepdetect,face,Multi-PIE_impostor_225,220,077,16786,12599,3,0,,False,,False,True,
loftr,face,Multi-PIE_impostor_226,185,199,223,223,223,29,0.1300,False,0.1245,False,True,2.3663
orb-fingervein,face,Multi-PIE_impostor_226,185,199,2900,3150,35,9,0.2571,False,0.2510,False,True,1.3713
sift-fingervein,face,Multi-PIE_impostor_226,185,199,572,578,13,4,0.3077,False,0.2820,False,True,0.0000
superglue-fingervein,face,Multi-PIE_impostor_226,185,199,706,783,48,10,0.2083,True,0.2000,False,False,1.9553
sgmnet-fingervein,face,Multi-PIE_impostor_226,185,199,2000,2000,114,7,0.0614,False,0.0588,False,True,0.7176
aspanformer,face,Multi-PIE_impostor_226,185,199,68,68,68,27,0.3971,False,0.3811,False,True,2.3208
deepdetect,face,Multi-PIE_impostor_226,185,199,17526,18526,24,14,0.5833,True,0.5833,False,False,1.7210
loftr,face,Multi-PIE_impostor_227,144,068,73,73,73,14,0.1918,False,0.1792,False,True,2.7521
orb-fingervein,face,Multi-PIE_impostor_227,144,068,2346,3225,27,0,,False,,False,True,
sift-fingervein,face,Multi-PIE_impostor_227,144,068,424,595,4,0,,False,,False,True,
superglue-fingervein,face,Multi-PIE_impostor_227,144,068,554,721,54,15,0.2778,True,0.2661,False,False,2.2859
sgmnet-fingervein,face,Multi-PIE_impostor_227,144,068,2000,2000,112,8,0.0714,False,0.0692,False,True,0.6531
aspanformer,face,Multi-PIE_impostor_227,144,068,1,1,1,0,,False,,False,True,
deepdetect,face,Multi-PIE_impostor_227,144,068,9039,20923,14,10,0.7143,True,0.7143,False,False,2.7794
loftr,face,Multi-PIE_impostor_228,209,124,0,0,0,0,,False,,False,True,
orb-fingervein,face,Multi-PIE_impostor_228,209,124,2401,3057,16,0,,False,,False,True,
sift-fingervein,face,Multi-PIE_impostor_228,209,124,408,478,14,0,,False,,False,True,
superglue-fingervein,face,Multi-PIE_impostor_228,209,124,534,693,2,0,,False,,False,True,
sgmnet-fingervein,face,Multi-PIE_impostor_228,209,124,2000,2000,55,7,0.1273,False,0.1220,False,True,1.0707
aspanformer,face,Multi-PIE_impostor_228,209,124,3,3,0,0,,False,,False,True,
deepdetect,face,Multi-PIE_impostor_228,209,124,8651,8920,9,0,,False,,False,True,
loftr,face,Multi-PIE_impostor_229,140,003,16,16,16,6,0.3750,False,0.3533,False,True,1.5879
orb-fingervein,face,Multi-PIE_impostor_229,140,003,3069,3328,36,0,,False,,False,True,
sift-fingervein,face,Multi-PIE_impostor_229,140,003,711,518,27,0,,False,,False,True,
superglue-fingervein,face,Multi-PIE_impostor_229,140,003,791,544,5,4,0.8000,True,0.7332,False,False,0.0000
sgmnet-fingervein,face,Multi-PIE_impostor_229,140,003,2000,2000,41,6,0.1463,False,0.1385,False,True,0.3928
aspanformer,face,Multi-PIE_impostor_229,140,003,6,6,6,4,0.6667,True,0.6110,False,False,0.0000
deepdetect,face,Multi-PIE_impostor_229,140,003,18050,9423,4,0,,False,,False,True,
loftr,face,Multi-PIE_impostor_230,097,248,396,396,396,89,0.2247,False,0.2107,False,True,2.7948
orb-fingervein,face,Multi-PIE_impostor_230,097,248,4226,3820,37,7,0.1892,False,0.1811,False,True,1.5263
sift-fingervein,face,Multi-PIE_impostor_230,097,248,1229,874,35,0,,False,,False,True,
superglue-fingervein,face,Multi-PIE_impostor_230,097,248,766,829,325,78,0.2400,True,0.2224,False,False,3.0253
sgmnet-fingervein,face,Multi-PIE_impostor_230,097,248,2000,2000,273,14,0.0513,False,0.0510,False,True,1.1205
aspanformer,face,Multi-PIE_impostor_230,097,248,368,368,368,125,0.3397,False,0.3230,False,True,2.5051
deepdetect,face,Multi-PIE_impostor_230,097,248,14200,18118,37,16,0.4324,True,0.4324,False,False,1.0743
loftr,face,Multi-PIE_impostor_231,189,102,3,3,3,0,,False,,False,True,
orb-fingervein,face,Multi-PIE_impostor_231,189,102,3881,2176,55,14,0.2545,False,0.2533,False,True,1.0666
sift-fingervein,face,Multi-PIE_impostor_231,189,102,942,619,27,0,,False,,False,True,
superglue-fingervein,face,Multi-PIE_impostor_231,189,102,995,416,34,7,0.2059,True,0.1973,False,False,1.2437
sgmnet-fingervein,face,Multi-PIE_impostor_231,189,102,2000,2000,73,6,0.0822,False,0.0778,False,True,0.8108
aspanformer,face,Multi-PIE_impostor_231,189,102,2,2,2,0,,False,,False,True,
deepdetect,face,Multi-PIE_impostor_231,189,102,23837,9990,21,12,0.5714,True,0.5714,False,False,1.6650
loftr,face,Multi-PIE_impostor_232,237,230,223,223,223,46,0.2063,False,0.1953,False,True,2.5922
orb-fingervein,face,Multi-PIE_impostor_232,237,230,4203,3757,53,14,0.2642,False,0.2628,False,True,1.4131
sift-fingervein,face,Multi-PIE_impostor_232,237,230,1189,632,28,0,,False,,False,True,
superglue-fingervein,face,Multi-PIE_impostor_232,237,230,765,803,181,33,0.1823,True,0.1713,False,False,2.7525
sgmnet-fingervein,face,Multi-PIE_impostor_232,237,230,1835,2000,156,8,0.0513,False,0.0497,False,True,0.7401
aspanformer,face,Multi-PIE_impostor_232,237,230,61,61,61,24,0.3934,False,0.3846,False,True,1.9528
deepdetect,face,Multi-PIE_impostor_232,237,230,27887,18872,15,8,0.5333,True,0.5333,False,False,1.5331
loftr,face,Multi-PIE_impostor_233,190,043,288,288,288,65,0.2257,False,0.2186,False,True,2.1359
orb-fingervein,face,Multi-PIE_impostor_233,190,043,4550,4556,68,0,,False,,False,True,
sift-fingervein,face,Multi-PIE_impostor_233,190,043,1297,1076,35,0,,False,,False,True,
superglue-fingervein,face,Multi-PIE_impostor_233,190,043,1018,996,193,40,0.2073,True,0.1993,False,False,2.2848
sgmnet-fingervein,face,Multi-PIE_impostor_233,190,043,2000,2000,140,10,0.0714,False,0.0702,False,True,1.2809
aspanformer,face,Multi-PIE_impostor_233,190,043,124,124,124,49,0.3952,False,0.3697,False,True,2.8308
deepdetect,face,Multi-PIE_impostor_233,190,043,28244,15257,48,28,0.5833,True,0.5833,False,False,2.1448
loftr,face,Multi-PIE_impostor_234,165,136,159,159,159,28,0.1761,False,0.1703,False,True,2.1683
orb-fingervein,face,Multi-PIE_impostor_234,165,136,3832,4324,28,7,0.2500,False,0.2396,False,True,1.1079
sift-fingervein,face,Multi-PIE_impostor_234,165,136,823,899,22,0,,False,,False,True,
superglue-fingervein,face,Multi-PIE_impostor_234,165,136,786,951,246,38,0.1545,False,0.1439,False,True,2.9219
sgmnet-fingervein,face,Multi-PIE_impostor_234,165,136,2000,2000,119,7,0.0588,False,0.0564,False,True,0.8564
aspanformer,face,Multi-PIE_impostor_234,165,136,52,52,52,22,0.4231,True,0.4146,False,False,1.8984
deepdetect,face,Multi-PIE_impostor_234,165,136,16003,22745,22,12,0.5455,True,0.5455,False,False,1.7562
loftr,face,Multi-PIE_impostor_235,095,092,13,13,13,0,,False,,False,True,
orb-fingervein,face,Multi-PIE_impostor_235,095,092,2557,2236,33,12,0.3636,False,0.3602,False,True,1.4411
sift-fingervein,face,Multi-PIE_impostor_235,095,092,345,379,9,0,,False,,False,True,
superglue-fingervein,face,Multi-PIE_impostor_235,095,092,543,431,9,0,,False,,False,True,
sgmnet-fingervein,face,Multi-PIE_impostor_235,095,092,2000,2000,74,8,0.1081,False,0.1047,False,True,1.1401
aspanformer,face,Multi-PIE_impostor_235,095,092,5,5,5,4,0.8000,True,0.7332,False,False,0.0000
deepdetect,face,Multi-PIE_impostor_235,095,092,5358,10099,8,0,,False,,False,True,
loftr,face,Multi-PIE_impostor_236,022,140,225,225,225,44,0.1956,False,0.1870,False,True,2.3930
orb-fingervein,face,Multi-PIE_impostor_236,022,140,4773,3597,53,0,,False,,False,True,
sift-fingervein,face,Multi-PIE_impostor_236,022,140,1121,829,22,0,,False,,False,True,
superglue-fingervein,face,Multi-PIE_impostor_236,022,140,1148,829,15,0,,False,,False,True,
sgmnet-fingervein,face,Multi-PIE_impostor_236,022,140,2000,2000,217,10,0.0461,False,0.0453,False,True,0.9972
aspanformer,face,Multi-PIE_impostor_236,022,140,77,77,77,29,0.3766,False,0.3766,False,True,1.1929
deepdetect,face,Multi-PIE_impostor_236,022,140,19604,19317,24,15,0.6250,True,0.6250,False,False,1.0839
loftr,face,Multi-PIE_impostor_237,110,198,1,1,1,0,,False,,False,True,
orb-fingervein,face,Multi-PIE_impostor_237,110,198,4301,3976,46,0,,False,,False,True,
sift-fingervein,face,Multi-PIE_impostor_237,110,198,963,930,23,0,,False,,False,True,
superglue-fingervein,face,Multi-PIE_impostor_237,110,198,734,981,32,8,0.2500,True,0.2371,False,False,1.9103
sgmnet-fingervein,face,Multi-PIE_impostor_237,110,198,2000,2000,81,0,,False,,False,True,
aspanformer,face,Multi-PIE_impostor_237,110,198,7,7,7,5,0.7143,True,0.6658,False,False,1.1206
deepdetect,face,Multi-PIE_impostor_237,110,198,19787,31100,10,7,0.7000,True,0.7000,False,False,0.1734
loftr,face,Multi-PIE_impostor_238,117,094,33,33,33,0,,False,,False,True,
orb-fingervein,face,Multi-PIE_impostor_238,117,094,4725,4560,35,0,,False,,False,True,
sift-fingervein,face,Multi-PIE_impostor_238,117,094,1248,872,22,0,,False,,False,True,
superglue-fingervein,face,Multi-PIE_impostor_238,117,094,1050,813,1,0,,False,,False,True,
sgmnet-fingervein,face,Multi-PIE_impostor_238,117,094,2000,2000,98,7,0.0714,False,0.0684,False,True,0.1516
aspanformer,face,Multi-PIE_impostor_238,117,094,8,8,8,0,,False,,False,True,
deepdetect,face,Multi-PIE_impostor_238,117,094,14034,15948,4,0,,False,,False,True,
loftr,face,Multi-PIE_impostor_239,092,073,144,144,144,21,0.1458,False,0.1386,False,True,2.5104
orb-fingervein,face,Multi-PIE_impostor_239,092,073,2236,3261,18,0,,False,,False,True,
sift-fingervein,face,Multi-PIE_impostor_239,092,073,379,635,6,0,,False,,False,True,
superglue-fingervein,face,Multi-PIE_impostor_239,092,073,431,664,2,0,,False,,False,True,
sgmnet-fingervein,face,Multi-PIE_impostor_239,092,073,2000,2000,136,7,0.0515,False,0.0493,False,True,0.7781
aspanformer,face,Multi-PIE_impostor_239,092,073,10,10,10,7,0.7000,True,0.6708,False,False,0.8015
deepdetect,face,Multi-PIE_impostor_239,092,073,10099,15966,12,10,0.8333,True,0.8333,False,False,0.7873
loftr,face,Multi-PIE_impostor_240,070,049,0,0,0,0,,False,,False,True,
orb-fingervein,face,Multi-PIE_impostor_240,070,049,2220,3243,25,9,0.3600,False,0.3514,False,True,1.1689
sift-fingervein,face,Multi-PIE_impostor_240,070,049,529,683,10,4,0.4000,False,0.3666,False,True,0.0000
superglue-fingervein,face,Multi-PIE_impostor_240,070,049,551,740,0,0,,False,,False,True,
sgmnet-fingervein,face,Multi-PIE_impostor_240,070,049,2000,2000,80,0,,False,,False,True,
aspanformer,face,Multi-PIE_impostor_240,070,049,4,4,4,4,1.0000,True,0.9165,False,False,0.0000
deepdetect,face,Multi-PIE_impostor_240,070,049,8039,13912,22,15,0.6818,True,0.6818,False,False,2.5388
loftr,face,Multi-PIE_impostor_241,214,161,8,8,8,0,,False,,False,True,
orb-fingervein,face,Multi-PIE_impostor_241,214,161,2849,3567,28,0,,False,,False,True,
sift-fingervein,face,Multi-PIE_impostor_241,214,161,458,693,9,0,,False,,False,True,
superglue-fingervein,face,Multi-PIE_impostor_241,214,161,548,903,0,0,,False,,False,True,
sgmnet-fingervein,face,Multi-PIE_impostor_241,214,161,2000,2000,94,8,0.0851,False,0.0824,False,True,0.8797
aspanformer,face,Multi-PIE_impostor_241,214,161,9,9,9,0,,False,,False,True,
deepdetect,face,Multi-PIE_impostor_241,214,161,11324,17415,8,0,,False,,False,True,
loftr,face,Multi-PIE_impostor_242,075,149,435,435,435,88,0.2023,False,0.1888,False,True,2.8793
orb-fingervein,face,Multi-PIE_impostor_242,075,149,3572,3175,38,11,0.2895,False,0.2780,False,True,2.0461
sift-fingervein,face,Multi-PIE_impostor_242,075,149,681,622,18,0,,False,,False,True,
superglue-fingervein,face,Multi-PIE_impostor_242,075,149,839,740,339,69,0.2035,True,0.1891,False,False,2.9723
sgmnet-fingervein,face,Multi-PIE_impostor_242,075,149,2000,2000,243,11,0.0453,False,0.0447,False,True,1.0140
aspanformer,face,Multi-PIE_impostor_242,075,149,358,358,358,131,0.3659,False,0.3543,False,True,2.1475
deepdetect,face,Multi-PIE_impostor_242,075,149,15267,14263,8,0,,False,,False,True,
loftr,face,Multi-PIE_impostor_243,229,163,0,0,0,0,,False,,False,True,
orb-fingervein,face,Multi-PIE_impostor_243,229,163,4218,1785,55,13,0.2364,False,0.2347,False,True,1.0702
sift-fingervein,face,Multi-PIE_impostor_243,229,163,776,365,16,0,,False,,False,True,
superglue-fingervein,face,Multi-PIE_impostor_243,229,163,819,497,3,0,,False,,False,True,
sgmnet-fingervein,face,Multi-PIE_impostor_243,229,163,2000,2000,151,11,0.0728,False,0.0719,False,True,1.1476
aspanformer,face,Multi-PIE_impostor_243,229,163,1,1,1,0,,False,,False,True,
deepdetect,face,Multi-PIE_impostor_243,229,163,18268,8183,7,0,,False,,False,True,
loftr,face,Multi-PIE_impostor_244,209,183,175,175,175,25,0.1429,False,0.1397,False,True,1.9463
orb-fingervein,face,Multi-PIE_impostor_244,209,183,1570,2457,9,6,0.6667,True,0.6308,False,False,0.6974
sift-fingervein,face,Multi-PIE_impostor_244,209,183,352,493,15,0,,False,,False,True,
superglue-fingervein,face,Multi-PIE_impostor_244,209,183,613,623,55,12,0.2182,True,0.2068,False,False,2.3854
sgmnet-fingervein,face,Multi-PIE_impostor_244,209,183,2000,2000,248,11,0.0444,False,0.0438,False,True,1.2831
aspanformer,face,Multi-PIE_impostor_244,209,183,27,27,27,9,0.3333,False,0.3179,False,True,1.9631
deepdetect,face,Multi-PIE_impostor_244,209,183,6816,9747,5,0,,False,,False,True,
loftr,face,Multi-PIE_impostor_245,075,021,8,8,8,5,0.6250,True,0.5826,False,False,1.2073
orb-fingervein,face,Multi-PIE_impostor_245,075,021,3515,3939,38,0,,False,,False,True,
sift-fingervein,face,Multi-PIE_impostor_245,075,021,698,704,11,0,,False,,False,True,
superglue-fingervein,face,Multi-PIE_impostor_245,075,021,783,691,75,11,0.1467,False,0.1418,False,True,1.9181
sgmnet-fingervein,face,Multi-PIE_impostor_245,075,021,2000,2000,82,6,0.0732,False,0.0692,False,True,0.7135
aspanformer,face,Multi-PIE_impostor_245,075,021,6,6,6,5,0.8333,True,0.7768,False,False,0.5705
deepdetect,face,Multi-PIE_impostor_245,075,021,13936,10157,13,0,,False,,False,True,
loftr,face,Multi-PIE_impostor_246,127,140,22,22,22,0,,False,,False,True,
orb-fingervein,face,Multi-PIE_impostor_246,127,140,1433,1038,31,0,,False,,False,True,
sift-fingervein,face,Multi-PIE_impostor_246,127,140,230,286,3,0,,False,,False,True,
superglue-fingervein,face,Multi-PIE_impostor_246,127,140,482,516,4,0,,False,,False,True,
sgmnet-fingervein,face,Multi-PIE_impostor_246,127,140,2000,2000,47,6,0.1277,False,0.1208,False,True,0.5617
aspanformer,face,Multi-PIE_impostor_246,127,140,11,11,11,6,0.5455,True,0.5114,False,False,1.6836
deepdetect,face,Multi-PIE_impostor_246,127,140,6868,5502,14,0,,False,,False,True,
loftr,face,Multi-PIE_impostor_247,212,080,282,282,282,85,0.3014,False,0.2968,False,True,1.8104
orb-fingervein,face,Multi-PIE_impostor_247,212,080,3577,4652,35,7,0.2000,False,0.1917,False,True,0.9799
sift-fingervein,face,Multi-PIE_impostor_247,212,080,661,1115,22,7,0.3182,False,0.0083,False,True,73.6891
superglue-fingervein,face,Multi-PIE_impostor_247,212,080,785,1068,355,104,0.2930,True,0.2710,False,False,3.0574
sgmnet-fingervein,face,Multi-PIE_impostor_247,212,080,1891,2000,300,14,0.0467,False,0.0464,False,True,1.3367
aspanformer,face,Multi-PIE_impostor_247,212,080,298,298,298,126,0.4228,True,0.4080,False,False,2.2114
deepdetect,face,Multi-PIE_impostor_247,212,080,16852,20196,11,7,0.6364,True,0.6364,False,False,0.4375
loftr,face,Multi-PIE_impostor_248,067,061,108,108,108,11,0.1019,False,0.1000,False,True,1.5984
orb-fingervein,face,Multi-PIE_impostor_248,067,061,4515,4156,30,0,,False,,False,True,
sift-fingervein,face,Multi-PIE_impostor_248,067,061,842,962,15,6,0.4000,False,0.3785,False,True,0.2557
superglue-fingervein,face,Multi-PIE_impostor_248,067,061,845,940,4,0,,False,,False,True,
sgmnet-fingervein,face,Multi-PIE_impostor_248,067,061,1915,2000,71,6,0.0845,False,0.0800,False,True,0.4708
aspanformer,face,Multi-PIE_impostor_248,067,061,21,21,21,10,0.4762,True,0.4571,False,False,1.9609
deepdetect,face,Multi-PIE_impostor_248,067,061,15230,26031,6,0,,False,,False,True,
loftr,face,Multi-PIE_impostor_249,141,040,476,476,476,110,0.2311,False,0.2236,False,True,2.1624
orb-fingervein,face,Multi-PIE_impostor_249,141,040,3419,4509,38,10,0.2632,False,0.2585,False,True,1.4345
sift-fingervein,face,Multi-PIE_impostor_249,141,040,738,1138,24,0,,False,,False,True,
superglue-fingervein,face,Multi-PIE_impostor_249,141,040,740,980,345,66,0.1913,True,0.1783,False,False,2.9054
sgmnet-fingervein,face,Multi-PIE_impostor_249,141,040,2000,2000,245,10,0.0408,False,0.0401,False,True,1.1386
aspanformer,face,Multi-PIE_impostor_249,141,040,348,348,348,133,0.3822,False,0.3758,False,True,1.8347
deepdetect,face,Multi-PIE_impostor_249,141,040,15928,24150,31,15,0.4839,True,0.4839,False,False,0.8213
