matcher,modality,pair_id,identity1,identity2,num_keypoints_image1,num_keypoints_image2,num_matches,num_inliers,inlier_ratio,is_same_person_pred,confidence,ground_truth,is_correct,reprojection_error
loftr,iris,CASIA-Iris-Thousand_genuine_0,931,931,2103,2103,2103,1496,0.7114,True,0.7114,True,True,1.2748
orb,iris,CASIA-Iris-Thousand_genuine_0,931,931,157,219,28,20,0.7143,True,0.6902,True,True,2.1720
sift,iris,CASIA-Iris-Thousand_genuine_0,931,931,35,109,9,7,0.7778,True,0.7453,True,True,0.6713
superglue,iris,CASIA-Iris-Thousand_genuine_0,931,931,642,631,383,164,0.4282,False,0.4123,True,False,2.2545
sgmnet,iris,CASIA-Iris-Thousand_genuine_0,931,931,2252,2889,841,242,0.2878,False,0.2836,True,False,1.7899
aspanformer,iris,CASIA-Iris-Thousand_genuine_0,931,931,3015,3015,3015,2985,0.9900,True,0.9900,True,True,0.9798
deepdetect,iris,CASIA-Iris-Thousand_genuine_0,931,931,6584,7520,81,70,0.8642,True,0.8642,True,True,0.8888
loftr,iris,CASIA-Iris-Thousand_genuine_1,162,162,815,815,815,523,0.6417,True,0.6201,True,True,2.1856
orb,iris,CASIA-Iris-Thousand_genuine_1,162,162,321,175,28,16,0.5714,True,0.5672,True,True,1.5958
sift,iris,CASIA-Iris-Thousand_genuine_1,162,162,66,52,10,7,0.7000,True,0.6708,True,True,1.2766
superglue,iris,CASIA-Iris-Thousand_genuine_1,162,162,619,282,242,111,0.4587,False,0.4251,True,False,3.0185
sgmnet,iris,CASIA-Iris-Thousand_genuine_1,162,162,1932,1361,771,315,0.4086,True,0.4040,True,True,1.7255
aspanformer,iris,CASIA-Iris-Thousand_genuine_1,162,162,959,959,959,714,0.7445,True,0.7335,True,True,1.7993
deepdetect,iris,CASIA-Iris-Thousand_genuine_1,162,162,6586,4402,48,38,0.7917,True,0.7917,True,True,1.7314
loftr,iris,CASIA-Iris-Thousand_genuine_2,036,036,2405,2405,2405,2096,0.8715,True,0.8715,True,True,1.4747
orb,iris,CASIA-Iris-Thousand_genuine_2,036,036,68,65,21,19,0.9048,True,0.9039,True,True,1.1312
sift,iris,CASIA-Iris-Thousand_genuine_2,036,036,43,44,19,16,0.8421,True,0.8396,True,True,1.5088
superglue,iris,CASIA-Iris-Thousand_genuine_2,036,036,665,601,499,171,0.3427,False,0.3233,True,False,2.6623
sgmnet,iris,CASIA-Iris-Thousand_genuine_2,036,036,2089,2123,1021,545,0.5338,True,0.5271,True,True,1.7505
aspanformer,iris,CASIA-Iris-Thousand_genuine_2,036,036,3022,3022,3022,3015,0.9977,True,0.9977,True,True,1.0828
deepdetect,iris,CASIA-Iris-Thousand_genuine_2,036,036,6947,7093,640,637,0.9953,True,0.9953,True,True,1.1123
loftr,iris,CASIA-Iris-Thousand_genuine_3,400,400,1097,1097,1097,307,0.2799,False,0.2699,True,False,2.2209
orb,iris,CASIA-Iris-Thousand_genuine_3,400,400,306,136,32,0,,False,,True,False,
sift,iris,CASIA-Iris-Thousand_genuine_3,400,400,65,31,6,0,,False,,True,False,
superglue,iris,CASIA-Iris-Thousand_genuine_3,400,400,681,620,100,30,0.3000,False,0.2887,True,False,2.2677
sgmnet,iris,CASIA-Iris-Thousand_genuine_3,400,400,2788,2057,325,40,0.1231,False,0.1207,True,False,1.8836
aspanformer,iris,CASIA-Iris-Thousand_genuine_3,400,400,1239,1239,1239,634,0.5117,True,0.4924,True,True,2.2703
deepdetect,iris,CASIA-Iris-Thousand_genuine_3,400,400,7162,8054,41,34,0.8293,True,0.8293,True,True,0.9972
loftr,iris,CASIA-Iris-Thousand_genuine_4,356,356,1237,1237,1237,493,0.3985,False,0.3869,True,False,2.0935
orb,iris,CASIA-Iris-Thousand_genuine_4,356,356,110,133,15,11,0.7333,True,0.7238,True,True,1.3215
sift,iris,CASIA-Iris-Thousand_genuine_4,356,356,69,30,9,0,,False,,True,False,
superglue,iris,CASIA-Iris-Thousand_genuine_4,356,356,637,582,11,7,0.6364,True,0.5994,True,True,1.8457
sgmnet,iris,CASIA-Iris-Thousand_genuine_4,356,356,2945,2169,136,17,0.1250,False,0.1248,True,False,1.4437
aspanformer,iris,CASIA-Iris-Thousand_genuine_4,356,356,1148,1148,1148,625,0.5444,True,0.5307,True,True,2.0109
deepdetect,iris,CASIA-Iris-Thousand_genuine_4,356,356,7639,7357,8,8,1.0000,True,1.0000,True,True,0.4480
loftr,iris,CASIA-Iris-Thousand_genuine_5,325,325,1102,1102,1102,284,0.2577,False,0.2443,True,False,2.5697
orb,iris,CASIA-Iris-Thousand_genuine_5,325,325,37,92,3,0,,False,,True,False,
sift,iris,CASIA-Iris-Thousand_genuine_5,325,325,43,32,4,0,,False,,True,False,
superglue,iris,CASIA-Iris-Thousand_genuine_5,325,325,614,532,177,42,0.2373,False,0.2250,True,False,2.5676
sgmnet,iris,CASIA-Iris-Thousand_genuine_5,325,325,1989,1772,95,18,0.1895,False,0.1892,True,False,1.5029
aspanformer,iris,CASIA-Iris-Thousand_genuine_5,325,325,803,803,803,273,0.3400,False,0.3297,True,False,2.1114
deepdetect,iris,CASIA-Iris-Thousand_genuine_5,325,325,8988,9931,26,15,0.5769,True,0.5769,True,True,1.1889
loftr,iris,CASIA-Iris-Thousand_genuine_6,203,203,693,693,693,133,0.1919,False,0.1868,True,False,2.0458
orb,iris,CASIA-Iris-Thousand_genuine_6,203,203,64,166,1,0,,False,,True,False,
sift,iris,CASIA-Iris-Thousand_genuine_6,203,203,26,18,3,0,,False,,True,False,
superglue,iris,CASIA-Iris-Thousand_genuine_6,203,203,440,540,27,12,0.4444,False,0.4255,True,False,2.1805
sgmnet,iris,CASIA-Iris-Thousand_genuine_6,203,203,1272,1846,28,8,0.2857,False,0.2766,True,False,1.2618
aspanformer,iris,CASIA-Iris-Thousand_genuine_6,203,203,292,292,292,106,0.3630,False,0.3436,True,False,2.5966
deepdetect,iris,CASIA-Iris-Thousand_genuine_6,203,203,9200,5737,21,0,,False,,True,False,
loftr,iris,CASIA-Iris-Thousand_genuine_7,149,149,1229,1229,1229,300,0.2441,False,0.2299,True,False,2.6999
orb,iris,CASIA-Iris-Thousand_genuine_7,149,149,84,43,2,0,,False,,True,False,
sift,iris,CASIA-Iris-Thousand_genuine_7,149,149,46,43,6,5,0.8333,True,0.7768,True,True,0.3595
superglue,iris,CASIA-Iris-Thousand_genuine_7,149,149,605,663,290,59,0.2034,False,0.1902,True,False,2.8431
sgmnet,iris,CASIA-Iris-Thousand_genuine_7,149,149,1980,1850,424,54,0.1274,False,0.1246,True,False,1.9454
aspanformer,iris,CASIA-Iris-Thousand_genuine_7,149,149,943,943,943,353,0.3743,False,0.3473,True,False,2.9989
deepdetect,iris,CASIA-Iris-Thousand_genuine_7,149,149,9896,8752,16,0,,False,,True,False,
loftr,iris,CASIA-Iris-Thousand_genuine_8,985,985,1703,1703,1703,1040,0.6107,True,0.5996,True,True,1.8667
orb,iris,CASIA-Iris-Thousand_genuine_8,985,985,55,75,23,17,0.7391,True,0.7274,True,True,1.7836
sift,iris,CASIA-Iris-Thousand_genuine_8,985,985,28,38,12,6,0.5000,True,0.4731,True,True,1.2634
superglue,iris,CASIA-Iris-Thousand_genuine_8,985,985,569,593,301,102,0.3389,False,0.3159,True,False,2.9023
sgmnet,iris,CASIA-Iris-Thousand_genuine_8,985,985,1895,2260,771,155,0.2010,False,0.1966,True,False,1.9458
aspanformer,iris,CASIA-Iris-Thousand_genuine_8,985,985,2673,2673,2673,2362,0.8837,True,0.8837,True,True,1.4072
deepdetect,iris,CASIA-Iris-Thousand_genuine_8,985,985,11506,10239,145,140,0.9655,True,0.9655,True,True,0.8035
loftr,iris,CASIA-Iris-Thousand_genuine_9,794,794,1176,1176,1176,507,0.4311,False,0.4222,True,False,1.9203
orb,iris,CASIA-Iris-Thousand_genuine_9,794,794,192,79,16,10,0.6250,True,0.6140,True,True,0.8362
sift,iris,CASIA-Iris-Thousand_genuine_9,794,794,43,49,4,4,1.0000,True,0.9165,True,True,0.0000
superglue,iris,CASIA-Iris-Thousand_genuine_9,794,794,587,621,270,75,0.2778,False,0.2632,True,False,2.5813
sgmnet,iris,CASIA-Iris-Thousand_genuine_9,794,794,2232,1859,380,111,0.2921,False,0.2874,True,False,1.8234
aspanformer,iris,CASIA-Iris-Thousand_genuine_9,794,794,909,909,909,472,0.5193,True,0.5193,True,True,1.1041
deepdetect,iris,CASIA-Iris-Thousand_genuine_9,794,794,6498,10147,70,53,0.7571,True,0.7571,True,True,0.7529
loftr,iris,CASIA-Iris-Thousand_genuine_10,126,126,1554,1554,1554,911,0.5862,True,0.5607,True,True,2.3918
orb,iris,CASIA-Iris-Thousand_genuine_10,126,126,57,49,6,0,,False,,True,False,
sift,iris,CASIA-Iris-Thousand_genuine_10,126,126,21,21,7,6,0.8571,True,0.8110,True,True,0.9237
superglue,iris,CASIA-Iris-Thousand_genuine_10,126,126,587,582,271,98,0.3616,False,0.3441,True,False,2.4944
sgmnet,iris,CASIA-Iris-Thousand_genuine_10,126,126,1929,2229,711,128,0.1800,False,0.1764,True,False,1.9024
aspanformer,iris,CASIA-Iris-Thousand_genuine_10,126,126,2398,2398,2398,1833,0.7644,True,0.7593,True,True,1.6333
deepdetect,iris,CASIA-Iris-Thousand_genuine_10,126,126,9886,9729,46,34,0.7391,True,0.7391,True,True,1.9427
loftr,iris,CASIA-Iris-Thousand_genuine_11,859,859,2524,2524,2524,2165,0.8578,True,0.8578,True,True,1.2235
orb,iris,CASIA-Iris-Thousand_genuine_11,859,859,94,144,42,37,0.8810,True,0.8798,True,True,1.5261
sift,iris,CASIA-Iris-Thousand_genuine_11,859,859,33,45,17,17,1.0000,True,0.9981,True,True,1.1927
superglue,iris,CASIA-Iris-Thousand_genuine_11,859,859,591,610,426,132,0.3099,False,0.2909,True,False,2.7654
sgmnet,iris,CASIA-Iris-Thousand_genuine_11,859,859,1890,2085,893,316,0.3539,False,0.3473,True,False,1.8754
aspanformer,iris,CASIA-Iris-Thousand_genuine_11,859,859,2986,2986,2986,2719,0.9106,True,0.9106,True,True,0.9170
deepdetect,iris,CASIA-Iris-Thousand_genuine_11,859,859,8296,8512,350,350,1.0000,True,1.0000,True,True,0.6349
loftr,iris,CASIA-Iris-Thousand_genuine_12,614,614,2539,2539,2539,2216,0.8728,True,0.8728,True,True,1.1587
orb,iris,CASIA-Iris-Thousand_genuine_12,614,614,265,295,74,66,0.8919,True,0.8919,True,True,1.4473
sift,iris,CASIA-Iris-Thousand_genuine_12,614,614,33,45,15,13,0.8667,True,0.8607,True,True,0.9653
superglue,iris,CASIA-Iris-Thousand_genuine_12,614,614,594,630,425,156,0.3671,False,0.3463,True,False,2.6645
sgmnet,iris,CASIA-Iris-Thousand_genuine_12,614,614,1623,1642,767,244,0.3181,False,0.3130,True,False,1.8241
aspanformer,iris,CASIA-Iris-Thousand_genuine_12,614,614,2979,2979,2979,2953,0.9913,True,0.9913,True,True,0.8983
deepdetect,iris,CASIA-Iris-Thousand_genuine_12,614,614,10442,10796,746,745,0.9987,True,0.9987,True,True,0.2847
loftr,iris,CASIA-Iris-Thousand_genuine_13,046,046,1043,1043,1043,203,0.1946,False,0.1834,True,False,2.6936
orb,iris,CASIA-Iris-Thousand_genuine_13,046,046,194,63,11,0,,False,,True,False,
sift,iris,CASIA-Iris-Thousand_genuine_13,046,046,57,32,0,0,,False,,True,False,
superglue,iris,CASIA-Iris-Thousand_genuine_13,046,046,591,479,49,14,0.2857,False,0.2770,True,False,2.0185
sgmnet,iris,CASIA-Iris-Thousand_genuine_13,046,046,2047,1458,248,27,0.1089,False,0.1089,True,False,1.3081
aspanformer,iris,CASIA-Iris-Thousand_genuine_13,046,046,741,741,741,214,0.2888,False,0.2748,True,False,2.4914
deepdetect,iris,CASIA-Iris-Thousand_genuine_13,046,046,7843,11158,13,10,0.7692,True,0.7692,True,True,0.9318
loftr,iris,CASIA-Iris-Thousand_genuine_14,043,043,1363,1363,1363,750,0.5503,True,0.5388,True,True,1.9221
orb,iris,CASIA-Iris-Thousand_genuine_14,043,043,181,246,20,14,0.7000,True,0.6921,True,True,1.6284
sift,iris,CASIA-Iris-Thousand_genuine_14,043,043,51,87,8,5,0.6250,True,0.5826,True,True,0.0000
superglue,iris,CASIA-Iris-Thousand_genuine_14,043,043,601,572,325,91,0.2800,False,0.2602,True,False,2.9652
sgmnet,iris,CASIA-Iris-Thousand_genuine_14,043,043,2388,1889,741,244,0.3293,False,0.3245,True,False,1.7940
aspanformer,iris,CASIA-Iris-Thousand_genuine_14,043,043,1635,1635,1635,981,0.6000,True,0.5938,True,True,1.7093
deepdetect,iris,CASIA-Iris-Thousand_genuine_14,043,043,4930,6809,11,10,0.9091,True,0.9091,True,True,0.1796
loftr,iris,CASIA-Iris-Thousand_genuine_15,136,136,1853,1853,1853,1457,0.7863,True,0.7846,True,True,1.5424
orb,iris,CASIA-Iris-Thousand_genuine_15,136,136,8,11,2,0,,False,,True,False,
sift,iris,CASIA-Iris-Thousand_genuine_15,136,136,34,39,23,19,0.8261,True,0.8253,True,True,1.0044
superglue,iris,CASIA-Iris-Thousand_genuine_15,136,136,458,496,357,134,0.3754,False,0.3554,True,False,2.5933
sgmnet,iris,CASIA-Iris-Thousand_genuine_15,136,136,1367,1399,613,283,0.4617,True,0.4559,True,True,1.7492
aspanformer,iris,CASIA-Iris-Thousand_genuine_15,136,136,2697,2697,2697,2456,0.9106,True,0.9106,True,True,1.4778
deepdetect,iris,CASIA-Iris-Thousand_genuine_15,136,136,10796,10059,414,414,1.0000,True,1.0000,True,True,0.9915
loftr,iris,CASIA-Iris-Thousand_genuine_16,318,318,455,455,455,50,0.1099,False,0.1051,True,False,2.3984
orb,iris,CASIA-Iris-Thousand_genuine_16,318,318,120,49,3,0,,False,,True,False,
sift,iris,CASIA-Iris-Thousand_genuine_16,318,318,19,21,7,4,0.5714,True,0.5237,True,True,0.0000
superglue,iris,CASIA-Iris-Thousand_genuine_16,318,318,680,530,14,6,0.4286,False,0.4055,True,False,1.2035
sgmnet,iris,CASIA-Iris-Thousand_genuine_16,318,318,2274,1693,83,11,0.1325,False,0.1308,True,False,1.2755
aspanformer,iris,CASIA-Iris-Thousand_genuine_16,318,318,443,443,443,109,0.2460,False,0.2357,True,False,2.3561
deepdetect,iris,CASIA-Iris-Thousand_genuine_16,318,318,6668,8085,6,5,0.8333,True,0.8333,True,True,0.2127
loftr,iris,CASIA-Iris-Thousand_genuine_17,338,338,1850,1850,1850,1044,0.5643,True,0.5326,True,True,2.6575
orb,iris,CASIA-Iris-Thousand_genuine_17,338,338,96,78,20,10,0.5000,True,0.4912,True,True,0.7162
sift,iris,CASIA-Iris-Thousand_genuine_17,338,338,33,27,12,7,0.5833,True,0.5529,True,True,1.7176
superglue,iris,CASIA-Iris-Thousand_genuine_17,338,338,537,559,330,111,0.3364,False,0.3172,True,False,2.6734
sgmnet,iris,CASIA-Iris-Thousand_genuine_17,338,338,1400,1642,642,120,0.1869,False,0.1837,True,False,1.8493
aspanformer,iris,CASIA-Iris-Thousand_genuine_17,338,338,2381,2381,2381,1696,0.7123,True,0.7028,True,True,1.7686
deepdetect,iris,CASIA-Iris-Thousand_genuine_17,338,338,10906,10473,110,75,0.6818,True,0.6818,True,True,0.9601
loftr,iris,CASIA-Iris-Thousand_genuine_18,735,735,1256,1256,1256,430,0.3424,False,0.3281,True,False,2.3536
orb,iris,CASIA-Iris-Thousand_genuine_18,735,735,319,267,33,0,,False,,True,False,
sift,iris,CASIA-Iris-Thousand_genuine_18,735,735,87,59,4,0,,False,,True,False,
superglue,iris,CASIA-Iris-Thousand_genuine_18,735,735,629,518,262,86,0.3282,False,0.3112,True,False,2.5637
sgmnet,iris,CASIA-Iris-Thousand_genuine_18,735,735,2220,1646,315,68,0.2159,False,0.2130,True,False,1.7694
aspanformer,iris,CASIA-Iris-Thousand_genuine_18,735,735,2019,2019,2019,1005,0.4978,True,0.4767,True,True,2.3637
deepdetect,iris,CASIA-Iris-Thousand_genuine_18,735,735,7425,9745,4,4,1.0000,True,1.0000,True,True,0.0000
loftr,iris,CASIA-Iris-Thousand_genuine_19,876,876,1204,1204,1204,315,0.2616,False,0.2497,True,False,2.4293
orb,iris,CASIA-Iris-Thousand_genuine_19,876,876,64,71,11,0,,False,,True,False,
sift,iris,CASIA-Iris-Thousand_genuine_19,876,876,23,24,4,0,,False,,True,False,
superglue,iris,CASIA-Iris-Thousand_genuine_19,876,876,658,569,59,17,0.2881,False,0.2734,True,False,2.5129
sgmnet,iris,CASIA-Iris-Thousand_genuine_19,876,876,2182,1888,343,57,0.1662,False,0.1653,True,False,1.6039
aspanformer,iris,CASIA-Iris-Thousand_genuine_19,876,876,879,879,879,358,0.4073,False,0.3876,True,False,2.4887
deepdetect,iris,CASIA-Iris-Thousand_genuine_19,876,876,7998,10265,15,10,0.6667,True,0.6667,True,True,1.7322
loftr,iris,CASIA-Iris-Thousand_genuine_20,038,038,1352,1352,1352,307,0.2271,False,0.2118,True,False,2.8896
orb,iris,CASIA-Iris-Thousand_genuine_20,038,038,196,119,18,0,,False,,True,False,
sift,iris,CASIA-Iris-Thousand_genuine_20,038,038,46,46,8,4,0.5000,True,0.4583,True,True,0.0000
superglue,iris,CASIA-Iris-Thousand_genuine_20,038,038,694,597,130,34,0.2615,False,0.2423,True,False,3.0263
sgmnet,iris,CASIA-Iris-Thousand_genuine_20,038,038,2351,1794,287,30,0.1045,False,0.1038,True,False,1.6486
aspanformer,iris,CASIA-Iris-Thousand_genuine_20,038,038,1277,1277,1277,422,0.3305,False,0.3226,True,False,1.9785
deepdetect,iris,CASIA-Iris-Thousand_genuine_20,038,038,8851,11918,25,17,0.6800,True,0.6800,True,True,0.7803
loftr,iris,CASIA-Iris-Thousand_genuine_21,817,817,2007,2007,2007,1632,0.8132,True,0.8117,True,True,1.5370
orb,iris,CASIA-Iris-Thousand_genuine_21,817,817,224,79,25,10,0.4000,False,0.3917,True,False,1.5609
sift,iris,CASIA-Iris-Thousand_genuine_21,817,817,94,45,16,10,0.6250,True,0.5891,True,True,2.3249
superglue,iris,CASIA-Iris-Thousand_genuine_21,817,817,460,485,360,128,0.3556,False,0.3307,True,False,2.9487
sgmnet,iris,CASIA-Iris-Thousand_genuine_21,817,817,1450,1419,727,267,0.3673,False,0.3604,True,False,1.8776
aspanformer,iris,CASIA-Iris-Thousand_genuine_21,817,817,2646,2646,2646,2396,0.9055,True,0.9055,True,True,1.2415
deepdetect,iris,CASIA-Iris-Thousand_genuine_21,817,817,11244,9605,278,269,0.9676,True,0.9676,True,True,1.6113
loftr,iris,CASIA-Iris-Thousand_genuine_22,289,289,924,924,924,201,0.2175,False,0.2060,True,False,2.5916
orb,iris,CASIA-Iris-Thousand_genuine_22,289,289,159,58,17,10,0.5882,True,0.5778,True,True,1.4976
sift,iris,CASIA-Iris-Thousand_genuine_22,289,289,54,26,4,0,,False,,True,False,
superglue,iris,CASIA-Iris-Thousand_genuine_22,289,289,734,526,142,28,0.1972,False,0.1895,True,False,2.2888
sgmnet,iris,CASIA-Iris-Thousand_genuine_22,289,289,1928,1424,159,24,0.1509,False,0.1509,True,False,1.3964
aspanformer,iris,CASIA-Iris-Thousand_genuine_22,289,289,733,733,733,215,0.2933,False,0.2821,True,False,2.2812
deepdetect,iris,CASIA-Iris-Thousand_genuine_22,289,289,7839,8390,22,16,0.7273,True,0.7273,True,True,1.0660
loftr,iris,CASIA-Iris-Thousand_genuine_23,946,946,335,335,335,76,0.2269,False,0.2115,True,False,2.9039
orb,iris,CASIA-Iris-Thousand_genuine_23,946,946,48,80,0,0,,False,,True,False,
sift,iris,CASIA-Iris-Thousand_genuine_23,946,946,18,30,0,0,,False,,True,False,
superglue,iris,CASIA-Iris-Thousand_genuine_23,946,946,169,662,7,6,0.8571,True,0.8110,True,True,0.4716
sgmnet,iris,CASIA-Iris-Thousand_genuine_23,946,946,1089,2315,109,16,0.1468,False,0.1464,True,False,1.4471
aspanformer,iris,CASIA-Iris-Thousand_genuine_23,946,946,378,378,378,202,0.5344,True,0.5047,True,True,2.6429
deepdetect,iris,CASIA-Iris-Thousand_genuine_23,946,946,4032,6243,1,0,,False,,True,False,
loftr,iris,CASIA-Iris-Thousand_genuine_24,793,793,2260,2260,2260,1734,0.7673,True,0.7555,True,True,1.8076
orb,iris,CASIA-Iris-Thousand_genuine_24,793,793,40,33,9,7,0.7778,True,0.7453,True,True,1.0180
sift,iris,CASIA-Iris-Thousand_genuine_24,793,793,25,16,7,7,1.0000,True,0.9583,True,True,0.7800
superglue,iris,CASIA-Iris-Thousand_genuine_24,793,793,664,614,490,229,0.4673,False,0.4375,True,False,2.8180
sgmnet,iris,CASIA-Iris-Thousand_genuine_24,793,793,1920,1705,899,355,0.3949,False,0.3901,True,False,1.7430
aspanformer,iris,CASIA-Iris-Thousand_genuine_24,793,793,2987,2987,2987,2818,0.9434,True,0.9434,True,True,1.2413
deepdetect,iris,CASIA-Iris-Thousand_genuine_24,793,793,9260,9846,458,452,0.9869,True,0.9869,True,True,1.1620
loftr,iris,CASIA-Iris-Thousand_genuine_25,610,610,2256,2256,2256,1747,0.7744,True,0.7679,True,True,1.6686
orb,iris,CASIA-Iris-Thousand_genuine_25,610,610,122,115,36,30,0.8333,True,0.8333,True,True,1.4494
sift,iris,CASIA-Iris-Thousand_genuine_25,610,610,21,24,9,8,0.8889,True,0.8606,True,True,0.9197
superglue,iris,CASIA-Iris-Thousand_genuine_25,610,610,665,631,454,212,0.4670,False,0.4437,True,False,2.5235
sgmnet,iris,CASIA-Iris-Thousand_genuine_25,610,610,2154,2313,1204,487,0.4045,False,0.3994,True,False,1.7527
aspanformer,iris,CASIA-Iris-Thousand_genuine_25,610,610,2691,2691,2691,2491,0.9257,True,0.9257,True,True,1.0291
deepdetect,iris,CASIA-Iris-Thousand_genuine_25,610,610,7316,7193,448,447,0.9978,True,0.9978,True,True,0.4057
loftr,iris,CASIA-Iris-Thousand_genuine_26,321,321,1683,1683,1683,552,0.3280,False,0.3111,True,False,2.5547
orb,iris,CASIA-Iris-Thousand_genuine_26,321,321,236,184,30,0,,False,,True,False,
sift,iris,CASIA-Iris-Thousand_genuine_26,321,321,42,54,6,0,,False,,True,False,
superglue,iris,CASIA-Iris-Thousand_genuine_26,321,321,602,654,312,79,0.2532,False,0.2384,True,False,2.7055
sgmnet,iris,CASIA-Iris-Thousand_genuine_26,321,321,1985,2057,537,88,0.1639,False,0.1611,True,False,1.8466
aspanformer,iris,CASIA-Iris-Thousand_genuine_26,321,321,1886,1886,1886,867,0.4597,True,0.4398,True,True,2.3840
deepdetect,iris,CASIA-Iris-Thousand_genuine_26,321,321,7676,7796,7,0,,False,,True,False,
loftr,iris,CASIA-Iris-Thousand_genuine_27,654,654,2085,2085,2085,1632,0.7827,True,0.7664,True,True,1.9228
orb,iris,CASIA-Iris-Thousand_genuine_27,654,654,271,354,30,0,,False,,True,False,
sift,iris,CASIA-Iris-Thousand_genuine_27,654,654,30,54,8,0,,False,,True,False,
superglue,iris,CASIA-Iris-Thousand_genuine_27,654,654,623,650,412,126,0.3058,False,0.2867,True,False,2.7947
sgmnet,iris,CASIA-Iris-Thousand_genuine_27,654,654,2340,2458,982,278,0.2831,False,0.2785,True,False,1.8295
aspanformer,iris,CASIA-Iris-Thousand_genuine_27,654,654,2588,2588,2588,2235,0.8636,True,0.8589,True,True,1.6086
deepdetect,iris,CASIA-Iris-Thousand_genuine_27,654,654,6674,7234,26,24,0.9231,True,0.9231,True,True,0.7123
loftr,iris,CASIA-Iris-Thousand_genuine_28,858,858,1629,1629,1629,572,0.3511,False,0.3309,True,False,2.6875
orb,iris,CASIA-Iris-Thousand_genuine_28,858,858,203,179,18,0,,False,,True,False,
sift,iris,CASIA-Iris-Thousand_genuine_28,858,858,51,67,15,7,0.4667,False,0.4472,True,False,1.4687
superglue,iris,CASIA-Iris-Thousand_genuine_28,858,858,622,661,355,86,0.2423,False,0.2278,True,False,2.7264
sgmnet,iris,CASIA-Iris-Thousand_genuine_28,858,858,2043,2217,575,84,0.1461,False,0.1438,True,False,1.8128
aspanformer,iris,CASIA-Iris-Thousand_genuine_28,858,858,1900,1900,1900,757,0.3984,False,0.3773,True,False,2.5887
deepdetect,iris,CASIA-Iris-Thousand_genuine_28,858,858,7167,7299,33,21,0.6364,True,0.6364,True,True,1.3191
loftr,iris,CASIA-Iris-Thousand_genuine_29,405,405,1264,1264,1264,350,0.2769,False,0.2635,True,False,2.4913
orb,iris,CASIA-Iris-Thousand_genuine_29,405,405,238,296,17,0,,False,,True,False,
sift,iris,CASIA-Iris-Thousand_genuine_29,405,405,54,38,5,0,,False,,True,False,
superglue,iris,CASIA-Iris-Thousand_genuine_29,405,405,684,738,253,59,0.2332,False,0.2184,True,False,2.8077
sgmnet,iris,CASIA-Iris-Thousand_genuine_29,405,405,1867,1718,376,40,0.1064,False,0.1062,True,False,1.5398
aspanformer,iris,CASIA-Iris-Thousand_genuine_29,405,405,1169,1169,1169,374,0.3199,False,0.3077,True,False,2.2805
deepdetect,iris,CASIA-Iris-Thousand_genuine_29,405,405,8029,7799,63,51,0.8095,True,0.8095,True,True,2.0852
loftr,iris,CASIA-Iris-Thousand_genuine_30,009,009,2240,2240,2240,1464,0.6536,True,0.6221,True,True,2.4861
orb,iris,CASIA-Iris-Thousand_genuine_30,009,009,162,190,48,34,0.7083,True,0.6950,True,True,1.8793
sift,iris,CASIA-Iris-Thousand_genuine_30,009,009,53,60,20,14,0.7000,True,0.6965,True,True,1.0856
superglue,iris,CASIA-Iris-Thousand_genuine_30,009,009,674,686,536,192,0.3582,False,0.3365,True,False,2.7521
sgmnet,iris,CASIA-Iris-Thousand_genuine_30,009,009,2009,2188,1033,367,0.3553,False,0.3510,True,False,1.7446
aspanformer,iris,CASIA-Iris-Thousand_genuine_30,009,009,2883,2883,2883,2523,0.8751,True,0.8751,True,True,1.4337
deepdetect,iris,CASIA-Iris-Thousand_genuine_30,009,009,10679,11522,863,750,0.8691,True,0.8691,True,True,1.7799
loftr,iris,CASIA-Iris-Thousand_genuine_31,232,232,2274,2274,2274,1816,0.7986,True,0.7986,True,True,1.4130
orb,iris,CASIA-Iris-Thousand_genuine_31,232,232,241,193,45,35,0.7778,True,0.7721,True,True,1.6475
sift,iris,CASIA-Iris-Thousand_genuine_31,232,232,72,56,24,14,0.5833,True,0.5697,True,True,1.8715
superglue,iris,CASIA-Iris-Thousand_genuine_31,232,232,655,584,450,178,0.3956,False,0.3738,True,False,2.6303
sgmnet,iris,CASIA-Iris-Thousand_genuine_31,232,232,2245,2133,1077,436,0.4048,False,0.3987,True,False,1.8032
aspanformer,iris,CASIA-Iris-Thousand_genuine_31,232,232,2702,2702,2702,2488,0.9208,True,0.9208,True,True,1.0187
deepdetect,iris,CASIA-Iris-Thousand_genuine_31,232,232,8307,8423,391,390,0.9974,True,0.9974,True,True,0.8257
loftr,iris,CASIA-Iris-Thousand_genuine_32,615,615,712,712,712,436,0.6124,True,0.5830,True,True,2.4820
orb,iris,CASIA-Iris-Thousand_genuine_32,615,615,121,71,22,19,0.8636,True,0.8568,True,True,1.6395
sift,iris,CASIA-Iris-Thousand_genuine_32,615,615,25,12,3,0,,False,,True,False,
superglue,iris,CASIA-Iris-Thousand_genuine_32,615,615,667,219,115,49,0.4261,False,0.3974,True,False,2.8917
sgmnet,iris,CASIA-Iris-Thousand_genuine_32,615,615,2384,1278,270,111,0.4111,True,0.4093,True,True,1.5906
aspanformer,iris,CASIA-Iris-Thousand_genuine_32,615,615,766,766,766,628,0.8198,True,0.7979,True,True,2.0428
deepdetect,iris,CASIA-Iris-Thousand_genuine_32,615,615,5591,4644,8,8,1.0000,True,1.0000,True,True,0.7929
loftr,iris,CASIA-Iris-Thousand_genuine_33,495,495,1107,1107,1107,282,0.2547,False,0.2420,True,False,2.5255
orb,iris,CASIA-Iris-Thousand_genuine_33,495,495,21,27,1,0,,False,,True,False,
sift,iris,CASIA-Iris-Thousand_genuine_33,495,495,13,19,0,0,,False,,True,False,
superglue,iris,CASIA-Iris-Thousand_genuine_33,495,495,556,534,91,26,0.2857,False,0.2694,True,False,2.6777
sgmnet,iris,CASIA-Iris-Thousand_genuine_33,495,495,1995,1562,178,20,0.1124,False,0.1123,True,False,1.3636
aspanformer,iris,CASIA-Iris-Thousand_genuine_33,495,495,1519,1519,1519,661,0.4352,True,0.4352,True,True,0.8205
deepdetect,iris,CASIA-Iris-Thousand_genuine_33,495,495,9861,10393,12,11,0.9167,True,0.9167,True,True,0.9548
loftr,iris,CASIA-Iris-Thousand_genuine_34,404,404,1307,1307,1307,394,0.3015,False,0.2877,True,False,2.4335
orb,iris,CASIA-Iris-Thousand_genuine_34,404,404,150,24,6,0,,False,,True,False,
sift,iris,CASIA-Iris-Thousand_genuine_34,404,404,29,10,11,0,,False,,True,False,
superglue,iris,CASIA-Iris-Thousand_genuine_34,404,404,665,620,104,28,0.2692,False,0.2545,True,False,2.6235
sgmnet,iris,CASIA-Iris-Thousand_genuine_34,404,404,2325,2044,217,25,0.1152,False,0.1143,True,False,1.6563
aspanformer,iris,CASIA-Iris-Thousand_genuine_34,404,404,1549,1549,1549,754,0.4868,True,0.4696,True,True,2.2163
deepdetect,iris,CASIA-Iris-Thousand_genuine_34,404,404,7954,9423,7,0,,False,,True,False,
loftr,iris,CASIA-Iris-Thousand_genuine_35,226,226,2936,2936,2936,2427,0.8266,True,0.8266,True,True,1.0879
orb,iris,CASIA-Iris-Thousand_genuine_35,226,226,304,328,90,70,0.7778,True,0.7778,True,True,1.3801
sift,iris,CASIA-Iris-Thousand_genuine_35,226,226,32,25,10,6,0.6000,True,0.5677,True,True,0.8444
superglue,iris,CASIA-Iris-Thousand_genuine_35,226,226,672,619,442,142,0.3213,False,0.2977,True,False,3.0265
sgmnet,iris,CASIA-Iris-Thousand_genuine_35,226,226,2180,2270,1092,398,0.3645,False,0.3596,True,False,1.7665
aspanformer,iris,CASIA-Iris-Thousand_genuine_35,226,226,3025,3025,3025,2883,0.9531,True,0.9531,True,True,0.8692
deepdetect,iris,CASIA-Iris-Thousand_genuine_35,226,226,6517,6809,247,246,0.9960,True,0.9960,True,True,0.4642
loftr,iris,CASIA-Iris-Thousand_genuine_36,313,313,979,979,979,319,0.3258,False,0.3092,True,False,2.5512
orb,iris,CASIA-Iris-Thousand_genuine_36,313,313,0,122,0,0,,False,,True,False,
sift,iris,CASIA-Iris-Thousand_genuine_36,313,313,13,48,0,0,,False,,True,False,
superglue,iris,CASIA-Iris-Thousand_genuine_36,313,313,579,535,178,41,0.2303,False,0.2169,True,False,2.7007
sgmnet,iris,CASIA-Iris-Thousand_genuine_36,313,313,1984,1685,231,52,0.2251,False,0.2236,True,False,1.6317
aspanformer,iris,CASIA-Iris-Thousand_genuine_36,313,313,1605,1605,1605,862,0.5371,True,0.5242,True,True,1.9856
deepdetect,iris,CASIA-Iris-Thousand_genuine_36,313,313,7612,9447,7,6,0.8571,True,0.8571,True,True,0.3957
loftr,iris,CASIA-Iris-Thousand_genuine_37,490,490,1171,1171,1171,300,0.2562,False,0.2463,True,False,2.2860
orb,iris,CASIA-Iris-Thousand_genuine_37,490,490,358,157,22,0,,False,,True,False,
sift,iris,CASIA-Iris-Thousand_genuine_37,490,490,66,35,12,6,0.5000,True,0.4721,True,True,1.5416
superglue,iris,CASIA-Iris-Thousand_genuine_37,490,490,650,552,222,54,0.2432,False,0.2304,True,False,2.5878
sgmnet,iris,CASIA-Iris-Thousand_genuine_37,490,490,2013,1715,154,20,0.1299,False,0.1298,True,False,1.4687
aspanformer,iris,CASIA-Iris-Thousand_genuine_37,490,490,1430,1430,1430,707,0.4944,True,0.4759,True,True,2.2632
deepdetect,iris,CASIA-Iris-Thousand_genuine_37,490,490,7807,8335,14,12,0.8571,True,0.8571,True,True,1.8992
loftr,iris,CASIA-Iris-Thousand_genuine_38,148,148,1473,1473,1473,625,0.4243,False,0.4024,True,False,2.5615
orb,iris,CASIA-Iris-Thousand_genuine_38,148,148,90,74,11,0,,False,,True,False,
sift,iris,CASIA-Iris-Thousand_genuine_38,148,148,20,15,5,0,,False,,True,False,
superglue,iris,CASIA-Iris-Thousand_genuine_38,148,148,470,439,267,86,0.3221,False,0.3005,True,False,2.8859
sgmnet,iris,CASIA-Iris-Thousand_genuine_38,148,148,1287,1346,361,63,0.1745,False,0.1708,True,False,1.9271
aspanformer,iris,CASIA-Iris-Thousand_genuine_38,148,148,2184,2184,2184,1528,0.6996,True,0.6996,True,True,0.9676
deepdetect,iris,CASIA-Iris-Thousand_genuine_38,148,148,8869,7740,46,30,0.6522,True,0.6522,True,True,1.4031
loftr,iris,CASIA-Iris-Thousand_genuine_39,135,135,1464,1464,1464,636,0.4344,False,0.4136,True,False,2.4833
orb,iris,CASIA-Iris-Thousand_genuine_39,135,135,165,205,10,5,0.5000,True,0.4661,True,True,0.9398
sift,iris,CASIA-Iris-Thousand_genuine_39,135,135,41,32,4,0,,False,,True,False,
superglue,iris,CASIA-Iris-Thousand_genuine_39,135,135,725,612,387,115,0.2972,False,0.2744,True,False,3.0932
sgmnet,iris,CASIA-Iris-Thousand_genuine_39,135,135,2631,2239,803,185,0.2304,False,0.2261,True,False,1.8736
aspanformer,iris,CASIA-Iris-Thousand_genuine_39,135,135,1522,1522,1522,827,0.5434,True,0.5183,True,True,2.4433
deepdetect,iris,CASIA-Iris-Thousand_genuine_39,135,135,6040,6360,69,61,0.8841,True,0.8841,True,True,1.5323
loftr,iris,CASIA-Iris-Thousand_genuine_40,553,553,767,767,767,169,0.2203,False,0.2105,True,False,2.4118
orb,iris,CASIA-Iris-Thousand_genuine_40,553,553,168,127,11,0,,False,,True,False,
sift,iris,CASIA-Iris-Thousand_genuine_40,553,553,23,54,9,0,,False,,True,False,
superglue,iris,CASIA-Iris-Thousand_genuine_40,553,553,555,572,103,23,0.2233,False,0.2103,True,False,2.6915
sgmnet,iris,CASIA-Iris-Thousand_genuine_40,553,553,1813,2169,182,25,0.1374,False,0.1373,True,False,1.3973
aspanformer,iris,CASIA-Iris-Thousand_genuine_40,553,553,555,555,555,169,0.3045,False,0.2885,True,False,2.5828
deepdetect,iris,CASIA-Iris-Thousand_genuine_40,553,553,10176,9330,7,5,0.7143,True,0.7143,True,True,0.3838
loftr,iris,CASIA-Iris-Thousand_genuine_41,140,140,1008,1008,1008,216,0.2143,False,0.2042,True,False,2.4671
orb,iris,CASIA-Iris-Thousand_genuine_41,140,140,249,171,23,0,,False,,True,False,
sift,iris,CASIA-Iris-Thousand_genuine_41,140,140,35,36,6,0,,False,,True,False,
superglue,iris,CASIA-Iris-Thousand_genuine_41,140,140,514,482,120,42,0.3500,False,0.3361,True,False,2.3113
sgmnet,iris,CASIA-Iris-Thousand_genuine_41,140,140,1802,1377,109,16,0.1468,False,0.1460,True,False,1.5491
aspanformer,iris,CASIA-Iris-Thousand_genuine_41,140,140,1273,1273,1273,563,0.4423,True,0.4234,True,True,2.3725
deepdetect,iris,CASIA-Iris-Thousand_genuine_41,140,140,8654,9895,5,5,1.0000,True,1.0000,True,True,0.0588
loftr,iris,CASIA-Iris-Thousand_genuine_42,522,522,1000,1000,1000,230,0.2300,False,0.2190,True,False,2.4761
orb,iris,CASIA-Iris-Thousand_genuine_42,522,522,240,228,15,0,,False,,True,False,
sift,iris,CASIA-Iris-Thousand_genuine_42,522,522,41,45,5,0,,False,,True,False,
superglue,iris,CASIA-Iris-Thousand_genuine_42,522,522,603,646,17,12,0.7059,True,0.6992,True,True,1.4867
sgmnet,iris,CASIA-Iris-Thousand_genuine_42,522,522,2245,2483,389,42,0.1080,False,0.1061,True,False,1.8504
aspanformer,iris,CASIA-Iris-Thousand_genuine_42,522,522,951,951,951,428,0.4501,True,0.4425,True,True,1.8394
deepdetect,iris,CASIA-Iris-Thousand_genuine_42,522,522,7497,9320,123,117,0.9512,True,0.9512,True,True,0.3362
loftr,iris,CASIA-Iris-Thousand_genuine_43,500,500,1328,1328,1328,430,0.3238,False,0.3125,True,False,2.2116
orb,iris,CASIA-Iris-Thousand_genuine_43,500,500,157,102,17,8,0.4706,True,0.4550,True,True,1.5299
sift,iris,CASIA-Iris-Thousand_genuine_43,500,500,45,46,9,6,0.6667,True,0.6308,True,True,0.9258
superglue,iris,CASIA-Iris-Thousand_genuine_43,500,500,740,588,121,50,0.4132,False,0.3875,True,False,2.7870
sgmnet,iris,CASIA-Iris-Thousand_genuine_43,500,500,2075,1998,335,54,0.1612,False,0.1585,True,False,1.8405
aspanformer,iris,CASIA-Iris-Thousand_genuine_43,500,500,1720,1720,1720,934,0.5430,True,0.5370,True,True,1.7244
deepdetect,iris,CASIA-Iris-Thousand_genuine_43,500,500,6904,10276,19,14,0.7368,True,0.7368,True,True,1.0465
loftr,iris,CASIA-Iris-Thousand_genuine_44,879,879,1464,1464,1464,468,0.3197,False,0.3020,True,False,2.6395
orb,iris,CASIA-Iris-Thousand_genuine_44,879,879,80,109,27,16,0.5926,True,0.5911,True,True,1.4473
sift,iris,CASIA-Iris-Thousand_genuine_44,879,879,27,61,3,0,,False,,True,False,
superglue,iris,CASIA-Iris-Thousand_genuine_44,879,879,680,619,222,54,0.2432,False,0.2252,True,False,3.0446
sgmnet,iris,CASIA-Iris-Thousand_genuine_44,879,879,2009,2314,357,36,0.1008,False,0.1000,True,False,1.6699
aspanformer,iris,CASIA-Iris-Thousand_genuine_44,879,879,1828,1828,1828,892,0.4880,True,0.4724,True,True,2.1496
deepdetect,iris,CASIA-Iris-Thousand_genuine_44,879,879,8793,9532,15,10,0.6667,True,0.6667,True,True,2.0110
loftr,iris,CASIA-Iris-Thousand_genuine_45,385,385,1207,1207,1207,501,0.4151,False,0.4062,True,False,1.9308
orb,iris,CASIA-Iris-Thousand_genuine_45,385,385,385,274,33,10,0.3030,False,0.2884,True,False,2.1310
sift,iris,CASIA-Iris-Thousand_genuine_45,385,385,73,48,11,5,0.4545,False,0.4237,True,False,1.3068
superglue,iris,CASIA-Iris-Thousand_genuine_45,385,385,623,544,202,54,0.2673,False,0.2529,True,False,2.6116
sgmnet,iris,CASIA-Iris-Thousand_genuine_45,385,385,2232,1920,260,32,0.1231,False,0.1213,True,False,1.7968
aspanformer,iris,CASIA-Iris-Thousand_genuine_45,385,385,2108,2108,2108,923,0.4379,True,0.4309,True,True,1.8207
deepdetect,iris,CASIA-Iris-Thousand_genuine_45,385,385,7153,7623,177,0,,False,,True,False,
loftr,iris,CASIA-Iris-Thousand_genuine_46,063,063,711,711,711,106,0.1491,False,0.1396,True,False,2.8102
orb,iris,CASIA-Iris-Thousand_genuine_46,063,063,126,141,10,9,0.9000,True,0.8750,True,True,1.5809
sift,iris,CASIA-Iris-Thousand_genuine_46,063,063,32,51,11,0,,False,,True,False,
superglue,iris,CASIA-Iris-Thousand_genuine_46,063,063,433,587,136,36,0.2647,False,0.2544,True,False,2.2973
sgmnet,iris,CASIA-Iris-Thousand_genuine_46,063,063,1259,1882,238,25,0.1050,False,0.1042,True,False,1.6522
aspanformer,iris,CASIA-Iris-Thousand_genuine_46,063,063,758,758,758,239,0.3153,False,0.3119,True,False,1.7198
deepdetect,iris,CASIA-Iris-Thousand_genuine_46,063,063,8409,10846,8,6,0.7500,True,0.7500,True,True,0.7372
loftr,iris,CASIA-Iris-Thousand_genuine_47,669,669,912,912,912,191,0.2094,False,0.2051,True,False,1.9192
orb,iris,CASIA-Iris-Thousand_genuine_47,669,669,391,394,27,0,,False,,True,False,
sift,iris,CASIA-Iris-Thousand_genuine_47,669,669,48,77,4,0,,False,,True,False,
superglue,iris,CASIA-Iris-Thousand_genuine_47,669,669,741,596,212,51,0.2406,False,0.2232,True,False,2.9952
sgmnet,iris,CASIA-Iris-Thousand_genuine_47,669,669,2592,2512,525,115,0.2190,False,0.2147,True,False,1.8977
aspanformer,iris,CASIA-Iris-Thousand_genuine_47,669,669,991,991,991,471,0.4753,True,0.4597,True,True,2.1668
deepdetect,iris,CASIA-Iris-Thousand_genuine_47,669,669,7978,8554,18,13,0.7222,True,0.7222,True,True,0.8714
loftr,iris,CASIA-Iris-Thousand_genuine_48,780,780,1898,1898,1898,1593,0.8393,True,0.8393,True,True,1.2326
orb,iris,CASIA-Iris-Thousand_genuine_48,780,780,1,11,0,0,,False,,True,False,
sift,iris,CASIA-Iris-Thousand_genuine_48,780,780,16,21,10,9,0.9000,True,0.8630,True,True,1.8573
superglue,iris,CASIA-Iris-Thousand_genuine_48,780,780,420,510,336,168,0.5000,True,0.4730,True,True,2.6099
sgmnet,iris,CASIA-Iris-Thousand_genuine_48,780,780,1605,1840,867,388,0.4475,True,0.4400,True,True,1.8395
aspanformer,iris,CASIA-Iris-Thousand_genuine_48,780,780,2997,2997,2997,2989,0.9973,True,0.9973,True,True,0.8131
deepdetect,iris,CASIA-Iris-Thousand_genuine_48,780,780,8379,8504,140,129,0.9214,True,0.9214,True,True,0.7355
loftr,iris,CASIA-Iris-Thousand_genuine_49,181,181,169,169,169,62,0.3669,False,0.3455,True,False,2.6985
orb,iris,CASIA-Iris-Thousand_genuine_49,181,181,51,92,2,0,,False,,True,False,
sift,iris,CASIA-Iris-Thousand_genuine_49,181,181,19,26,2,0,,False,,True,False,
superglue,iris,CASIA-Iris-Thousand_genuine_49,181,181,536,164,56,18,0.3214,False,0.3051,True,False,2.5165
sgmnet,iris,CASIA-Iris-Thousand_genuine_49,181,181,1931,1135,234,97,0.4145,True,0.4125,True,True,1.5963
aspanformer,iris,CASIA-Iris-Thousand_genuine_49,181,181,263,263,263,131,0.4981,True,0.4714,True,True,2.6036
deepdetect,iris,CASIA-Iris-Thousand_genuine_49,181,181,10192,6054,5,0,,False,,True,False,
loftr,iris,CASIA-Iris-Thousand_genuine_50,551,551,2018,2018,2018,1545,0.7656,True,0.7286,True,True,2.4919
orb,iris,CASIA-Iris-Thousand_genuine_50,551,551,160,164,51,40,0.7843,True,0.7843,True,True,1.4170
sift,iris,CASIA-Iris-Thousand_genuine_50,551,551,48,47,20,14,0.7000,True,0.6811,True,True,1.9476
superglue,iris,CASIA-Iris-Thousand_genuine_50,551,551,525,548,395,138,0.3494,False,0.3236,True,False,3.0308
sgmnet,iris,CASIA-Iris-Thousand_genuine_50,551,551,1622,1789,805,317,0.3938,False,0.3877,True,False,1.8141
aspanformer,iris,CASIA-Iris-Thousand_genuine_50,551,551,2857,2857,2857,2621,0.9174,True,0.9174,True,True,1.2059
deepdetect,iris,CASIA-Iris-Thousand_genuine_50,551,551,8721,9514,192,184,0.9583,True,0.9583,True,True,1.4135
loftr,iris,CASIA-Iris-Thousand_genuine_51,114,114,1854,1854,1854,906,0.4887,True,0.4723,True,True,2.1820
orb,iris,CASIA-Iris-Thousand_genuine_51,114,114,417,507,42,28,0.6667,True,0.6624,True,True,1.6277
sift,iris,CASIA-Iris-Thousand_genuine_51,114,114,84,108,21,10,0.4762,True,0.4631,True,True,1.6996
superglue,iris,CASIA-Iris-Thousand_genuine_51,114,114,606,598,373,115,0.3083,False,0.2865,True,False,2.9691
sgmnet,iris,CASIA-Iris-Thousand_genuine_51,114,114,2021,2087,803,186,0.2316,False,0.2271,True,False,1.8917
aspanformer,iris,CASIA-Iris-Thousand_genuine_51,114,114,2377,2377,2377,1539,0.6475,True,0.6274,True,True,2.1283
deepdetect,iris,CASIA-Iris-Thousand_genuine_51,114,114,10047,9970,181,168,0.9282,True,0.9282,True,True,0.4622
loftr,iris,CASIA-Iris-Thousand_genuine_52,803,803,1878,1878,1878,1165,0.6203,True,0.6072,True,True,1.9297
orb,iris,CASIA-Iris-Thousand_genuine_52,803,803,78,59,2,0,,False,,True,False,
sift,iris,CASIA-Iris-Thousand_genuine_52,803,803,46,31,9,4,0.4444,False,0.4073,True,False,0.0000
superglue,iris,CASIA-Iris-Thousand_genuine_52,803,803,574,564,381,135,0.3543,False,0.3303,True,False,2.9050
sgmnet,iris,CASIA-Iris-Thousand_genuine_52,803,803,2101,1873,812,259,0.3190,False,0.3146,True,False,1.7751
aspanformer,iris,CASIA-Iris-Thousand_genuine_52,803,803,2018,2018,2018,1602,0.7939,True,0.7773,True,True,1.9218
deepdetect,iris,CASIA-Iris-Thousand_genuine_52,803,803,11007,11297,52,40,0.7692,True,0.7692,True,True,2.0534
loftr,iris,CASIA-Iris-Thousand_genuine_53,426,426,1557,1557,1557,572,0.3674,False,0.3449,True,False,2.7614
orb,iris,CASIA-Iris-Thousand_genuine_53,426,426,13,67,1,0,,False,,True,False,
sift,iris,CASIA-Iris-Thousand_genuine_53,426,426,16,37,3,0,,False,,True,False,
superglue,iris,CASIA-Iris-Thousand_genuine_53,426,426,725,668,10,7,0.7000,True,0.6708,True,True,0.7728
sgmnet,iris,CASIA-Iris-Thousand_genuine_53,426,426,2555,2587,176,24,0.1364,False,0.1363,True,False,1.3059
aspanformer,iris,CASIA-Iris-Thousand_genuine_53,426,426,1889,1889,1889,1014,0.5368,True,0.5223,True,True,2.0486
deepdetect,iris,CASIA-Iris-Thousand_genuine_53,426,426,8811,8066,6,0,,False,,True,False,
loftr,iris,CASIA-Iris-Thousand_genuine_54,915,915,1487,1487,1487,619,0.4163,False,0.3957,True,False,2.5146
orb,iris,CASIA-Iris-Thousand_genuine_54,915,915,140,227,9,0,,False,,True,False,
sift,iris,CASIA-Iris-Thousand_genuine_54,915,915,33,38,11,0,,False,,True,False,
superglue,iris,CASIA-Iris-Thousand_genuine_54,915,915,614,687,294,81,0.2755,False,0.2590,True,False,2.7364
sgmnet,iris,CASIA-Iris-Thousand_genuine_54,915,915,2155,2328,442,118,0.2670,False,0.2615,True,False,1.9171
aspanformer,iris,CASIA-Iris-Thousand_genuine_54,915,915,2124,2124,2124,1406,0.6620,True,0.6304,True,True,2.4784
deepdetect,iris,CASIA-Iris-Thousand_genuine_54,915,915,5916,6791,51,42,0.8235,True,0.8235,True,True,0.7339
loftr,iris,CASIA-Iris-Thousand_genuine_55,900,900,1298,1298,1298,504,0.3883,False,0.3769,True,False,2.0969
orb,iris,CASIA-Iris-Thousand_genuine_55,900,900,163,143,22,0,,False,,True,False,
sift,iris,CASIA-Iris-Thousand_genuine_55,900,900,36,43,5,0,,False,,True,False,
superglue,iris,CASIA-Iris-Thousand_genuine_55,900,900,698,544,83,38,0.4578,False,0.4351,True,False,2.5198
sgmnet,iris,CASIA-Iris-Thousand_genuine_55,900,900,2510,2171,458,86,0.1878,False,0.1849,True,False,1.8069
aspanformer,iris,CASIA-Iris-Thousand_genuine_55,900,900,1420,1420,1420,677,0.4768,True,0.4616,True,True,2.1471
deepdetect,iris,CASIA-Iris-Thousand_genuine_55,900,900,5415,7416,23,23,1.0000,True,1.0000,True,True,0.3808
loftr,iris,CASIA-Iris-Thousand_genuine_56,526,526,132,132,132,58,0.4394,False,0.4161,True,False,2.5889
orb,iris,CASIA-Iris-Thousand_genuine_56,526,526,61,28,2,0,,False,,True,False,
sift,iris,CASIA-Iris-Thousand_genuine_56,526,526,24,20,4,0,,False,,True,False,
superglue,iris,CASIA-Iris-Thousand_genuine_56,526,526,619,185,57,23,0.4035,False,0.3930,True,False,2.0204
sgmnet,iris,CASIA-Iris-Thousand_genuine_56,526,526,1948,1244,337,166,0.4926,True,0.4902,True,True,1.5975
aspanformer,iris,CASIA-Iris-Thousand_genuine_56,526,526,323,323,323,208,0.6440,True,0.6282,True,True,1.9972
deepdetect,iris,CASIA-Iris-Thousand_genuine_56,526,526,9029,7128,33,28,0.8485,True,0.8485,True,True,1.9625
loftr,iris,CASIA-Iris-Thousand_genuine_57,840,840,1845,1845,1845,1194,0.6472,True,0.6334,True,True,1.9301
orb,iris,CASIA-Iris-Thousand_genuine_57,840,840,184,153,21,0,,False,,True,False,
sift,iris,CASIA-Iris-Thousand_genuine_57,840,840,28,31,4,0,,False,,True,False,
superglue,iris,CASIA-Iris-Thousand_genuine_57,840,840,673,676,376,122,0.3245,False,0.2990,True,False,3.1316
sgmnet,iris,CASIA-Iris-Thousand_genuine_57,840,840,2342,2399,1515,357,0.2356,False,0.2315,True,False,1.8585
aspanformer,iris,CASIA-Iris-Thousand_genuine_57,840,840,2159,2159,2159,1620,0.7503,True,0.7368,True,True,1.8651
deepdetect,iris,CASIA-Iris-Thousand_genuine_57,840,840,7665,7011,109,75,0.6881,True,0.6881,True,True,1.4027
loftr,iris,CASIA-Iris-Thousand_genuine_58,280,280,1226,1226,1226,479,0.3907,False,0.3717,True,False,2.4977
orb,iris,CASIA-Iris-Thousand_genuine_58,280,280,121,122,8,0,,False,,True,False,
sift,iris,CASIA-Iris-Thousand_genuine_58,280,280,33,21,2,0,,False,,True,False,
superglue,iris,CASIA-Iris-Thousand_genuine_58,280,280,549,479,250,58,0.2320,False,0.2179,True,False,2.7545
sgmnet,iris,CASIA-Iris-Thousand_genuine_58,280,280,1983,1392,274,70,0.2555,False,0.2528,True,False,1.7092
aspanformer,iris,CASIA-Iris-Thousand_genuine_58,280,280,2077,2077,2077,1221,0.5879,True,0.5588,True,True,2.5152
deepdetect,iris,CASIA-Iris-Thousand_genuine_58,280,280,5946,6537,13,11,0.8462,True,0.8462,True,True,0.8254
loftr,iris,CASIA-Iris-Thousand_genuine_59,101,101,1686,1686,1686,1128,0.6690,True,0.6690,True,True,1.3805
orb,iris,CASIA-Iris-Thousand_genuine_59,101,101,69,145,9,0,,False,,True,False,
sift,iris,CASIA-Iris-Thousand_genuine_59,101,101,38,49,9,7,0.7778,True,0.7453,True,True,1.0832
superglue,iris,CASIA-Iris-Thousand_genuine_59,101,101,567,631,416,156,0.3750,False,0.3485,True,False,2.9664
sgmnet,iris,CASIA-Iris-Thousand_genuine_59,101,101,1865,1791,891,318,0.3569,False,0.3527,True,False,1.7371
aspanformer,iris,CASIA-Iris-Thousand_genuine_59,101,101,2130,2130,2130,1717,0.8061,True,0.8061,True,True,1.4462
deepdetect,iris,CASIA-Iris-Thousand_genuine_59,101,101,9854,8210,459,450,0.9804,True,0.9804,True,True,0.8102
loftr,iris,CASIA-Iris-Thousand_genuine_60,066,066,258,258,258,65,0.2519,False,0.2408,True,False,2.4045
orb,iris,CASIA-Iris-Thousand_genuine_60,066,066,68,118,3,0,,False,,True,False,
sift,iris,CASIA-Iris-Thousand_genuine_60,066,066,17,30,1,0,,False,,True,False,
superglue,iris,CASIA-Iris-Thousand_genuine_60,066,066,614,183,81,25,0.3086,False,0.2943,True,False,2.4473
sgmnet,iris,CASIA-Iris-Thousand_genuine_60,066,066,2143,727,12,6,0.5000,True,0.4731,True,True,0.1099
aspanformer,iris,CASIA-Iris-Thousand_genuine_60,066,066,543,543,543,264,0.4862,True,0.4559,True,True,2.7850
deepdetect,iris,CASIA-Iris-Thousand_genuine_60,066,066,7086,4898,20,0,,False,,True,False,
loftr,iris,CASIA-Iris-Thousand_genuine_61,963,963,1837,1837,1837,862,0.4692,True,0.4569,True,True,2.0329
orb,iris,CASIA-Iris-Thousand_genuine_61,963,963,114,119,7,0,,False,,True,False,
sift,iris,CASIA-Iris-Thousand_genuine_61,963,963,48,44,15,7,0.4667,False,0.4472,True,False,1.3417
superglue,iris,CASIA-Iris-Thousand_genuine_61,963,963,784,810,442,125,0.2828,False,0.2648,True,False,2.8131
sgmnet,iris,CASIA-Iris-Thousand_genuine_61,963,963,2000,2413,872,134,0.1537,False,0.1510,True,False,1.8475
aspanformer,iris,CASIA-Iris-Thousand_genuine_61,963,963,2211,2211,2211,1387,0.6273,True,0.6151,True,True,1.8925
deepdetect,iris,CASIA-Iris-Thousand_genuine_61,963,963,5659,6011,13,11,0.8462,True,0.8462,True,True,0.6958
loftr,iris,CASIA-Iris-Thousand_genuine_62,331,331,548,548,548,92,0.1679,False,0.1629,True,False,2.1071
orb,iris,CASIA-Iris-Thousand_genuine_62,331,331,60,51,2,0,,False,,True,False,
sift,iris,CASIA-Iris-Thousand_genuine_62,331,331,35,24,0,0,,False,,True,False,
superglue,iris,CASIA-Iris-Thousand_genuine_62,331,331,630,668,16,8,0.5000,True,0.4834,True,True,1.5306
sgmnet,iris,CASIA-Iris-Thousand_genuine_62,331,331,2324,2274,181,18,0.0994,False,0.0986,True,False,1.6537
aspanformer,iris,CASIA-Iris-Thousand_genuine_62,331,331,529,529,529,184,0.3478,False,0.3331,True,False,2.3639
deepdetect,iris,CASIA-Iris-Thousand_genuine_62,331,331,10369,9214,14,8,0.5714,True,0.5714,True,True,0.4682
loftr,iris,CASIA-Iris-Thousand_genuine_63,421,421,1988,1988,1988,1275,0.6413,True,0.6413,True,True,1.4314
orb,iris,CASIA-Iris-Thousand_genuine_63,421,421,79,38,19,15,0.7895,True,0.7866,True,True,1.4063
sift,iris,CASIA-Iris-Thousand_genuine_63,421,421,34,30,12,10,0.8333,True,0.8186,True,True,0.9021
superglue,iris,CASIA-Iris-Thousand_genuine_63,421,421,513,511,361,166,0.4598,False,0.4295,True,False,2.8638
sgmnet,iris,CASIA-Iris-Thousand_genuine_63,421,421,1556,1329,733,235,0.3206,False,0.3148,True,False,1.8635
aspanformer,iris,CASIA-Iris-Thousand_genuine_63,421,421,2600,2600,2600,2044,0.7862,True,0.7862,True,True,1.4447
deepdetect,iris,CASIA-Iris-Thousand_genuine_63,421,421,9923,9392,90,85,0.9444,True,0.9444,True,True,1.3924
loftr,iris,CASIA-Iris-Thousand_genuine_64,116,116,1848,1848,1848,1200,0.6494,True,0.6380,True,True,1.8540
orb,iris,CASIA-Iris-Thousand_genuine_64,116,116,288,292,33,14,0.4242,False,0.4125,True,False,1.9628
sift,iris,CASIA-Iris-Thousand_genuine_64,116,116,59,62,12,6,0.5000,True,0.4731,True,True,1.3019
superglue,iris,CASIA-Iris-Thousand_genuine_64,116,116,609,622,457,154,0.3370,False,0.3141,True,False,2.9043
sgmnet,iris,CASIA-Iris-Thousand_genuine_64,116,116,2403,2037,1051,327,0.3111,False,0.3077,True,False,1.7236
aspanformer,iris,CASIA-Iris-Thousand_genuine_64,116,116,2363,2363,2363,1868,0.7905,True,0.7771,True,True,1.8435
deepdetect,iris,CASIA-Iris-Thousand_genuine_64,116,116,8972,8076,156,149,0.9551,True,0.9551,True,True,2.0042
loftr,iris,CASIA-Iris-Thousand_genuine_65,339,339,2333,2333,2333,1893,0.8114,True,0.8114,True,True,1.3280
orb,iris,CASIA-Iris-Thousand_genuine_65,339,339,109,97,13,8,0.6154,True,0.5958,True,True,1.0722
sift,iris,CASIA-Iris-Thousand_genuine_65,339,339,49,34,3,0,,False,,True,False,
superglue,iris,CASIA-Iris-Thousand_genuine_65,339,339,659,606,513,182,0.3548,False,0.3359,True,False,2.5962
sgmnet,iris,CASIA-Iris-Thousand_genuine_65,339,339,2860,2374,1280,549,0.4289,True,0.4215,True,True,1.8506
aspanformer,iris,CASIA-Iris-Thousand_genuine_65,339,339,2951,2951,2951,2694,0.9129,True,0.9129,True,True,1.0869
deepdetect,iris,CASIA-Iris-Thousand_genuine_65,339,339,8209,6758,61,59,0.9672,True,0.9672,True,True,1.3200
loftr,iris,CASIA-Iris-Thousand_genuine_66,147,147,1149,1149,1149,320,0.2785,False,0.2673,True,False,2.3203
orb,iris,CASIA-Iris-Thousand_genuine_66,147,147,167,171,7,0,,False,,True,False,
sift,iris,CASIA-Iris-Thousand_genuine_66,147,147,41,33,4,0,,False,,True,False,
superglue,iris,CASIA-Iris-Thousand_genuine_66,147,147,517,507,255,53,0.2078,False,0.1955,True,False,2.7244
sgmnet,iris,CASIA-Iris-Thousand_genuine_66,147,147,1896,1803,131,17,0.1298,False,0.1295,True,False,1.4182
aspanformer,iris,CASIA-Iris-Thousand_genuine_66,147,147,772,772,772,240,0.3109,False,0.2903,True,False,2.8699
deepdetect,iris,CASIA-Iris-Thousand_genuine_66,147,147,7788,5000,21,14,0.6667,True,0.6667,True,True,1.5652
loftr,iris,CASIA-Iris-Thousand_genuine_67,553,553,974,974,974,185,0.1899,False,0.1802,True,False,2.5558
orb,iris,CASIA-Iris-Thousand_genuine_67,553,553,83,66,7,0,,False,,True,False,
sift,iris,CASIA-Iris-Thousand_genuine_67,553,553,28,25,3,0,,False,,True,False,
superglue,iris,CASIA-Iris-Thousand_genuine_67,553,553,632,547,187,46,0.2460,False,0.2283,True,False,2.9921
sgmnet,iris,CASIA-Iris-Thousand_genuine_67,553,553,2395,1728,53,10,0.1887,False,0.1853,True,False,1.1357
aspanformer,iris,CASIA-Iris-Thousand_genuine_67,553,553,750,750,750,202,0.2693,False,0.2639,True,False,1.9044
deepdetect,iris,CASIA-Iris-Thousand_genuine_67,553,553,9162,9963,11,0,,False,,True,False,
loftr,iris,CASIA-Iris-Thousand_genuine_68,404,404,1347,1347,1347,571,0.4239,False,0.4042,True,False,2.4504
orb,iris,CASIA-Iris-Thousand_genuine_68,404,404,5,24,0,0,,False,,True,False,
sift,iris,CASIA-Iris-Thousand_genuine_68,404,404,7,10,7,0,,False,,True,False,
superglue,iris,CASIA-Iris-Thousand_genuine_68,404,404,639,620,274,78,0.2847,False,0.2644,True,False,2.9768
sgmnet,iris,CASIA-Iris-Thousand_genuine_68,404,404,2194,2044,314,62,0.1975,False,0.1939,True,False,1.8636
aspanformer,iris,CASIA-Iris-Thousand_genuine_68,404,404,1916,1916,1916,1186,0.6190,True,0.6041,True,True,1.9869
deepdetect,iris,CASIA-Iris-Thousand_genuine_68,404,404,8785,9423,7,0,,False,,True,False,
loftr,iris,CASIA-Iris-Thousand_genuine_69,660,660,1480,1480,1480,446,0.3014,False,0.2895,True,False,2.3022
orb,iris,CASIA-Iris-Thousand_genuine_69,660,660,161,76,14,0,,False,,True,False,
sift,iris,CASIA-Iris-Thousand_genuine_69,660,660,64,47,13,7,0.5385,True,0.5160,True,True,1.2149
superglue,iris,CASIA-Iris-Thousand_genuine_69,660,660,616,531,251,73,0.2908,False,0.2764,True,False,2.5164
sgmnet,iris,CASIA-Iris-Thousand_genuine_69,660,660,2138,1807,519,88,0.1696,False,0.1663,True,False,1.8848
aspanformer,iris,CASIA-Iris-Thousand_genuine_69,660,660,1650,1650,1650,893,0.5412,True,0.5217,True,True,2.2345
deepdetect,iris,CASIA-Iris-Thousand_genuine_69,660,660,7349,12572,22,15,0.6818,True,0.6818,True,True,0.5999
loftr,iris,CASIA-Iris-Thousand_genuine_70,925,925,1426,1426,1426,839,0.5884,True,0.5731,True,True,2.0252
orb,iris,CASIA-Iris-Thousand_genuine_70,925,925,406,521,14,0,,False,,True,False,
sift,iris,CASIA-Iris-Thousand_genuine_70,925,925,114,86,12,7,0.5833,True,0.5590,True,True,1.2127
superglue,iris,CASIA-Iris-Thousand_genuine_70,925,925,628,565,302,88,0.2914,False,0.2710,True,False,2.9515
sgmnet,iris,CASIA-Iris-Thousand_genuine_70,925,925,2089,1768,561,163,0.2906,False,0.2872,True,False,1.7343
aspanformer,iris,CASIA-Iris-Thousand_genuine_70,925,925,1933,1933,1933,1207,0.6244,True,0.6046,True,True,2.1441
deepdetect,iris,CASIA-Iris-Thousand_genuine_70,925,925,9937,8897,38,35,0.9211,True,0.9211,True,True,1.7133
loftr,iris,CASIA-Iris-Thousand_genuine_71,531,531,1716,1716,1716,882,0.5140,True,0.5086,True,True,1.7099
orb,iris,CASIA-Iris-Thousand_genuine_71,531,531,342,293,43,24,0.5581,True,0.5462,True,True,1.9275
sift,iris,CASIA-Iris-Thousand_genuine_71,531,531,62,51,9,6,0.6667,True,0.6308,True,True,0.3765
superglue,iris,CASIA-Iris-Thousand_genuine_71,531,531,597,652,437,144,0.3295,False,0.3083,True,False,2.8332
sgmnet,iris,CASIA-Iris-Thousand_genuine_71,531,531,1964,2109,847,213,0.2515,False,0.2475,True,False,1.8211
aspanformer,iris,CASIA-Iris-Thousand_genuine_71,531,531,2221,2221,2221,1684,0.7582,True,0.7519,True,True,1.6679
deepdetect,iris,CASIA-Iris-Thousand_genuine_71,531,531,6923,6649,133,130,0.9774,True,0.9774,True,True,0.9350
loftr,iris,CASIA-Iris-Thousand_genuine_72,236,236,43,43,43,20,0.4651,False,0.4453,True,False,2.3579
orb,iris,CASIA-Iris-Thousand_genuine_72,236,236,25,52,1,0,,False,,True,False,
sift,iris,CASIA-Iris-Thousand_genuine_72,236,236,13,29,2,0,,False,,True,False,
superglue,iris,CASIA-Iris-Thousand_genuine_72,236,236,647,83,18,12,0.6667,True,0.6525,True,True,1.7383
sgmnet,iris,CASIA-Iris-Thousand_genuine_72,236,236,0,0,0,0,,False,,True,False,
aspanformer,iris,CASIA-Iris-Thousand_genuine_72,236,236,123,123,123,78,0.6341,True,0.6188,True,True,1.9905
deepdetect,iris,CASIA-Iris-Thousand_genuine_72,236,236,10155,3158,26,0,,False,,True,False,
loftr,iris,CASIA-Iris-Thousand_genuine_73,539,539,1081,1081,1081,293,0.2710,False,0.2562,True,False,2.6232
orb,iris,CASIA-Iris-Thousand_genuine_73,539,539,139,157,7,0,,False,,True,False,
sift,iris,CASIA-Iris-Thousand_genuine_73,539,539,68,18,4,0,,False,,True,False,
superglue,iris,CASIA-Iris-Thousand_genuine_73,539,539,557,677,48,17,0.3542,False,0.3381,True,False,2.3889
sgmnet,iris,CASIA-Iris-Thousand_genuine_73,539,539,1880,2419,78,19,0.2436,False,0.2434,True,False,1.4365
aspanformer,iris,CASIA-Iris-Thousand_genuine_73,539,539,992,992,992,309,0.3115,False,0.2948,True,False,2.6027
deepdetect,iris,CASIA-Iris-Thousand_genuine_73,539,539,14337,7711,125,0,,False,,True,False,
loftr,iris,CASIA-Iris-Thousand_genuine_74,517,517,1387,1387,1387,438,0.3158,False,0.2985,True,False,2.6234
orb,iris,CASIA-Iris-Thousand_genuine_74,517,517,280,151,13,7,0.5385,True,0.5160,True,True,0.7311
sift,iris,CASIA-Iris-Thousand_genuine_74,517,517,50,34,6,0,,False,,True,False,
superglue,iris,CASIA-Iris-Thousand_genuine_74,517,517,522,658,311,67,0.2154,False,0.1996,True,False,3.0267
sgmnet,iris,CASIA-Iris-Thousand_genuine_74,517,517,1683,2195,536,103,0.1922,False,0.1894,True,False,1.7936
aspanformer,iris,CASIA-Iris-Thousand_genuine_74,517,517,1558,1558,1558,563,0.3614,False,0.3467,True,False,2.3295
deepdetect,iris,CASIA-Iris-Thousand_genuine_74,517,517,9284,5875,46,39,0.8478,True,0.8478,True,True,1.4867
loftr,iris,CASIA-Iris-Thousand_genuine_75,305,305,1024,1024,1024,223,0.2178,False,0.2043,True,False,2.7732
orb,iris,CASIA-Iris-Thousand_genuine_75,305,305,197,47,12,7,0.5833,True,0.5590,True,True,0.8919
sift,iris,CASIA-Iris-Thousand_genuine_75,305,305,44,20,6,0,,False,,True,False,
superglue,iris,CASIA-Iris-Thousand_genuine_75,305,305,678,597,132,38,0.2879,False,0.2765,True,False,2.3081
sgmnet,iris,CASIA-Iris-Thousand_genuine_75,305,305,2327,2013,237,28,0.1181,False,0.1179,True,False,1.5333
aspanformer,iris,CASIA-Iris-Thousand_genuine_75,305,305,1274,1274,1274,517,0.4058,False,0.3978,True,False,1.8990
deepdetect,iris,CASIA-Iris-Thousand_genuine_75,305,305,6696,8564,13,12,0.9231,True,0.9231,True,True,1.4948
loftr,iris,CASIA-Iris-Thousand_genuine_76,976,976,1394,1394,1394,381,0.2733,False,0.2568,True,False,2.7483
orb,iris,CASIA-Iris-Thousand_genuine_76,976,976,257,152,19,0,,False,,True,False,
sift,iris,CASIA-Iris-Thousand_genuine_76,976,976,85,40,2,0,,False,,True,False,
superglue,iris,CASIA-Iris-Thousand_genuine_76,976,976,617,627,170,41,0.2412,False,0.2241,True,False,2.9685
sgmnet,iris,CASIA-Iris-Thousand_genuine_76,976,976,2665,2393,491,83,0.1690,False,0.1679,True,False,1.6345
aspanformer,iris,CASIA-Iris-Thousand_genuine_76,976,976,1586,1586,1586,616,0.3884,False,0.3659,True,False,2.6936
deepdetect,iris,CASIA-Iris-Thousand_genuine_76,976,976,8124,7802,27,22,0.8148,True,0.8148,True,True,0.9049
loftr,iris,CASIA-Iris-Thousand_genuine_77,388,388,1365,1365,1365,640,0.4689,True,0.4575,True,True,1.9923
orb,iris,CASIA-Iris-Thousand_genuine_77,388,388,64,74,3,0,,False,,True,False,
sift,iris,CASIA-Iris-Thousand_genuine_77,388,388,23,17,2,0,,False,,True,False,
superglue,iris,CASIA-Iris-Thousand_genuine_77,388,388,500,537,266,93,0.3496,False,0.3347,True,False,2.3743
sgmnet,iris,CASIA-Iris-Thousand_genuine_77,388,388,1586,1619,646,157,0.2430,False,0.2393,True,False,1.8110
aspanformer,iris,CASIA-Iris-Thousand_genuine_77,388,388,1410,1410,1410,820,0.5816,True,0.5628,True,True,2.1568
deepdetect,iris,CASIA-Iris-Thousand_genuine_77,388,388,8605,9727,29,23,0.7931,True,0.7931,True,True,1.3218
loftr,iris,CASIA-Iris-Thousand_genuine_78,995,995,2218,2218,2218,1496,0.6745,True,0.6509,True,True,2.2131
orb,iris,CASIA-Iris-Thousand_genuine_78,995,995,167,186,47,37,0.7872,True,0.7799,True,True,1.6878
sift,iris,CASIA-Iris-Thousand_genuine_78,995,995,71,63,27,17,0.6296,True,0.6266,True,True,1.5592
superglue,iris,CASIA-Iris-Thousand_genuine_78,995,995,640,613,491,188,0.3829,False,0.3553,True,False,2.9955
sgmnet,iris,CASIA-Iris-Thousand_genuine_78,995,995,1782,1720,914,363,0.3972,False,0.3920,True,False,1.7598
aspanformer,iris,CASIA-Iris-Thousand_genuine_78,995,995,2739,2739,2739,2597,0.9482,True,0.9216,True,True,2.0678
deepdetect,iris,CASIA-Iris-Thousand_genuine_78,995,995,10498,11468,991,917,0.9253,True,0.9253,True,True,1.7800
loftr,iris,CASIA-Iris-Thousand_genuine_79,943,943,1169,1169,1169,608,0.5201,True,0.5063,True,True,2.0361
orb,iris,CASIA-Iris-Thousand_genuine_79,943,943,234,186,13,0,,False,,True,False,
sift,iris,CASIA-Iris-Thousand_genuine_79,943,943,43,23,6,4,0.6667,True,0.6110,True,True,0.0000
superglue,iris,CASIA-Iris-Thousand_genuine_79,943,943,715,722,344,133,0.3866,False,0.3642,True,False,2.6932
sgmnet,iris,CASIA-Iris-Thousand_genuine_79,943,943,2442,2588,1111,291,0.2619,False,0.2577,True,False,1.8228
aspanformer,iris,CASIA-Iris-Thousand_genuine_79,943,943,1872,1872,1872,1493,0.7975,True,0.7975,True,True,1.4156
deepdetect,iris,CASIA-Iris-Thousand_genuine_79,943,943,7447,6874,38,29,0.7632,True,0.7632,True,True,1.4637
loftr,iris,CASIA-Iris-Thousand_genuine_80,103,103,950,950,950,187,0.1968,False,0.1863,True,False,2.5996
orb,iris,CASIA-Iris-Thousand_genuine_80,103,103,153,63,21,0,,False,,True,False,
sift,iris,CASIA-Iris-Thousand_genuine_80,103,103,63,26,2,0,,False,,True,False,
superglue,iris,CASIA-Iris-Thousand_genuine_80,103,103,641,543,86,21,0.2442,False,0.2308,True,False,2.6193
sgmnet,iris,CASIA-Iris-Thousand_genuine_80,103,103,2610,1865,72,13,0.1806,False,0.1793,True,False,1.0957
aspanformer,iris,CASIA-Iris-Thousand_genuine_80,103,103,1425,1425,1425,546,0.3832,False,0.3660,True,False,2.4139
deepdetect,iris,CASIA-Iris-Thousand_genuine_80,103,103,6909,10112,5,5,1.0000,True,1.0000,True,True,0.2151
loftr,iris,CASIA-Iris-Thousand_genuine_81,887,887,2329,2329,2329,1553,0.6668,True,0.6668,True,True,1.4047
orb,iris,CASIA-Iris-Thousand_genuine_81,887,887,135,115,23,16,0.6957,True,0.6932,True,True,1.5174
sift,iris,CASIA-Iris-Thousand_genuine_81,887,887,38,40,12,12,1.0000,True,0.9825,True,True,1.6625
superglue,iris,CASIA-Iris-Thousand_genuine_81,887,887,663,636,448,185,0.4129,False,0.3845,True,False,2.9279
sgmnet,iris,CASIA-Iris-Thousand_genuine_81,887,887,2138,2114,920,192,0.2087,False,0.2052,True,False,1.8346
aspanformer,iris,CASIA-Iris-Thousand_genuine_81,887,887,2739,2739,2739,2380,0.8689,True,0.8689,True,True,1.3439
deepdetect,iris,CASIA-Iris-Thousand_genuine_81,887,887,7749,7816,77,72,0.9351,True,0.9351,True,True,1.2385
loftr,iris,CASIA-Iris-Thousand_genuine_82,924,924,1971,1971,1971,1357,0.6885,True,0.6869,True,True,1.5467
orb,iris,CASIA-Iris-Thousand_genuine_82,924,924,312,331,19,11,0.5789,True,0.5640,True,True,1.7615
sift,iris,CASIA-Iris-Thousand_genuine_82,924,924,60,75,9,5,0.5556,True,0.5179,True,True,0.2836
superglue,iris,CASIA-Iris-Thousand_genuine_82,924,924,746,723,394,123,0.3122,False,0.2945,True,False,2.6648
sgmnet,iris,CASIA-Iris-Thousand_genuine_82,924,924,2275,2286,1101,372,0.3379,False,0.3316,True,False,1.8745
aspanformer,iris,CASIA-Iris-Thousand_genuine_82,924,924,2269,2269,2269,1477,0.6509,True,0.6421,True,True,1.7747
deepdetect,iris,CASIA-Iris-Thousand_genuine_82,924,924,7587,7153,96,80,0.8333,True,0.8333,True,True,1.4242
loftr,iris,CASIA-Iris-Thousand_genuine_83,249,249,1390,1390,1390,446,0.3209,False,0.3070,True,False,2.3840
orb,iris,CASIA-Iris-Thousand_genuine_83,249,249,215,199,17,11,0.6471,True,0.6387,True,True,1.2639
sift,iris,CASIA-Iris-Thousand_genuine_83,249,249,51,52,5,0,,False,,True,False,
superglue,iris,CASIA-Iris-Thousand_genuine_83,249,249,618,615,31,13,0.4194,False,0.4010,True,False,2.2583
sgmnet,iris,CASIA-Iris-Thousand_genuine_83,249,249,2232,2543,281,30,0.1068,False,0.1050,True,False,1.8287
aspanformer,iris,CASIA-Iris-Thousand_genuine_83,249,249,1313,1313,1313,489,0.3724,False,0.3559,True,False,2.4075
deepdetect,iris,CASIA-Iris-Thousand_genuine_83,249,249,6631,7264,34,0,,False,,True,False,
loftr,iris,CASIA-Iris-Thousand_genuine_84,777,777,2474,2474,2474,2056,0.8310,True,0.8223,True,True,1.7126
orb,iris,CASIA-Iris-Thousand_genuine_84,777,777,191,169,56,37,0.6607,True,0.6607,True,True,1.4439
sift,iris,CASIA-Iris-Thousand_genuine_84,777,777,33,41,16,13,0.8125,True,0.8069,True,True,0.9235
superglue,iris,CASIA-Iris-Thousand_genuine_84,777,777,596,587,357,107,0.2997,False,0.2814,True,False,2.7621
sgmnet,iris,CASIA-Iris-Thousand_genuine_84,777,777,2560,2530,1209,394,0.3259,False,0.3212,True,False,1.7882
aspanformer,iris,CASIA-Iris-Thousand_genuine_84,777,777,2897,2897,2897,2750,0.9493,True,0.9493,True,True,1.0993
deepdetect,iris,CASIA-Iris-Thousand_genuine_84,777,777,7733,7820,671,665,0.9911,True,0.9911,True,True,0.4965
loftr,iris,CASIA-Iris-Thousand_genuine_85,356,356,1116,1116,1116,193,0.1729,False,0.1657,True,False,2.3559
orb,iris,CASIA-Iris-Thousand_genuine_85,356,356,64,54,3,0,,False,,True,False,
sift,iris,CASIA-Iris-Thousand_genuine_85,356,356,25,25,1,0,,False,,True,False,
superglue,iris,CASIA-Iris-Thousand_genuine_85,356,356,598,540,20,13,0.6500,True,0.6455,True,True,1.3171
sgmnet,iris,CASIA-Iris-Thousand_genuine_85,356,356,2359,1878,396,34,0.0859,False,0.0851,True,False,1.6777
aspanformer,iris,CASIA-Iris-Thousand_genuine_85,356,356,1433,1433,1433,593,0.4138,True,0.4138,True,True,1.2870
deepdetect,iris,CASIA-Iris-Thousand_genuine_85,356,356,7361,10396,6,0,,False,,True,False,
loftr,iris,CASIA-Iris-Thousand_genuine_86,237,237,2361,2361,2361,1811,0.7670,True,0.7670,True,True,1.2074
orb,iris,CASIA-Iris-Thousand_genuine_86,237,237,27,28,9,8,0.8889,True,0.8606,True,True,0.9413
sift,iris,CASIA-Iris-Thousand_genuine_86,237,237,16,17,12,12,1.0000,True,0.9875,True,True,1.5620
superglue,iris,CASIA-Iris-Thousand_genuine_86,237,237,715,779,411,135,0.3285,False,0.3043,True,False,3.0256
sgmnet,iris,CASIA-Iris-Thousand_genuine_86,237,237,2284,2309,1081,300,0.2775,False,0.2731,True,False,1.8188
aspanformer,iris,CASIA-Iris-Thousand_genuine_86,237,237,2897,2897,2897,2414,0.8333,True,0.8333,True,True,0.9621
deepdetect,iris,CASIA-Iris-Thousand_genuine_86,237,237,8477,8506,241,220,0.9129,True,0.9129,True,True,0.3522
loftr,iris,CASIA-Iris-Thousand_genuine_87,673,673,1467,1467,1467,671,0.4574,False,0.4363,True,False,2.4444
orb,iris,CASIA-Iris-Thousand_genuine_87,673,673,212,249,6,5,0.8333,True,0.7768,True,True,0.3933
sift,iris,CASIA-Iris-Thousand_genuine_87,673,673,342,27,21,7,0.3333,False,0.3136,True,False,1.8654
superglue,iris,CASIA-Iris-Thousand_genuine_87,673,673,619,590,352,110,0.3125,False,0.2885,True,False,3.1016
sgmnet,iris,CASIA-Iris-Thousand_genuine_87,673,673,3096,2104,499,95,0.1904,False,0.1876,True,False,1.7954
aspanformer,iris,CASIA-Iris-Thousand_genuine_87,673,673,2113,2113,2113,1233,0.5835,True,0.5551,True,True,2.4981
deepdetect,iris,CASIA-Iris-Thousand_genuine_87,673,673,9312,8650,8,7,0.8750,True,0.8750,True,True,1.5075
loftr,iris,CASIA-Iris-Thousand_genuine_88,552,552,1443,1443,1443,358,0.2481,False,0.2339,True,False,2.6751
orb,iris,CASIA-Iris-Thousand_genuine_88,552,552,227,121,23,11,0.4783,True,0.4597,True,True,2.0283
sift,iris,CASIA-Iris-Thousand_genuine_88,552,552,53,39,7,0,,False,,True,False,
superglue,iris,CASIA-Iris-Thousand_genuine_88,552,552,609,583,271,56,0.2066,False,0.1929,True,False,2.8806
sgmnet,iris,CASIA-Iris-Thousand_genuine_88,552,552,2228,2222,436,60,0.1376,False,0.1367,True,False,1.6293
aspanformer,iris,CASIA-Iris-Thousand_genuine_88,552,552,1255,1255,1255,566,0.4510,True,0.4310,True,True,2.4066
deepdetect,iris,CASIA-Iris-Thousand_genuine_88,552,552,6335,8504,27,20,0.7407,True,0.7407,True,True,1.6324
loftr,iris,CASIA-Iris-Thousand_genuine_89,393,393,1272,1272,1272,662,0.5204,True,0.5026,True,True,2.1988
orb,iris,CASIA-Iris-Thousand_genuine_89,393,393,407,362,27,16,0.5926,True,0.5911,True,True,1.2849
sift,iris,CASIA-Iris-Thousand_genuine_89,393,393,132,54,16,0,,False,,True,False,
superglue,iris,CASIA-Iris-Thousand_genuine_89,393,393,737,624,259,87,0.3359,False,0.3181,True,False,2.5913
sgmnet,iris,CASIA-Iris-Thousand_genuine_89,393,393,2994,2021,653,145,0.2221,False,0.2175,True,False,1.9127
aspanformer,iris,CASIA-Iris-Thousand_genuine_89,393,393,1311,1311,1311,898,0.6850,True,0.6647,True,True,2.0996
deepdetect,iris,CASIA-Iris-Thousand_genuine_89,393,393,8702,8493,43,32,0.7442,True,0.7442,True,True,1.4674
loftr,iris,CASIA-Iris-Thousand_genuine_90,932,932,1059,1059,1059,240,0.2266,False,0.2123,True,False,2.8043
orb,iris,CASIA-Iris-Thousand_genuine_90,932,932,291,407,17,0,,False,,True,False,
sift,iris,CASIA-Iris-Thousand_genuine_90,932,932,37,118,7,0,,False,,True,False,
superglue,iris,CASIA-Iris-Thousand_genuine_90,932,932,654,743,251,61,0.2430,False,0.2274,True,False,2.8322
sgmnet,iris,CASIA-Iris-Thousand_genuine_90,932,932,2174,2655,269,53,0.1970,False,0.1932,True,False,1.8972
aspanformer,iris,CASIA-Iris-Thousand_genuine_90,932,932,841,841,841,376,0.4471,True,0.4261,True,True,2.4638
deepdetect,iris,CASIA-Iris-Thousand_genuine_90,932,932,7000,9279,36,34,0.9444,True,0.9444,True,True,0.4296
loftr,iris,CASIA-Iris-Thousand_genuine_91,811,811,1477,1477,1477,1020,0.6906,True,0.6714,True,True,2.0648
orb,iris,CASIA-Iris-Thousand_genuine_91,811,811,258,261,28,12,0.4286,False,0.4245,True,False,0.9371
sift,iris,CASIA-Iris-Thousand_genuine_91,811,811,41,33,9,5,0.5556,True,0.5179,True,True,0.0000
superglue,iris,CASIA-Iris-Thousand_genuine_91,811,811,534,563,208,57,0.2740,False,0.2601,True,False,2.5473
sgmnet,iris,CASIA-Iris-Thousand_genuine_91,811,811,1915,1892,730,214,0.2932,False,0.2878,True,False,1.8674
aspanformer,iris,CASIA-Iris-Thousand_genuine_91,811,811,1866,1866,1866,1328,0.7117,True,0.6970,True,True,1.9156
deepdetect,iris,CASIA-Iris-Thousand_genuine_91,811,811,7458,7080,80,65,0.8125,True,0.8125,True,True,0.6294
loftr,iris,CASIA-Iris-Thousand_genuine_92,319,319,2070,2070,2070,1590,0.7681,True,0.7676,True,True,1.5136
orb,iris,CASIA-Iris-Thousand_genuine_92,319,319,89,90,17,11,0.6471,True,0.6324,True,True,1.6976
sift,iris,CASIA-Iris-Thousand_genuine_92,319,319,15,14,6,5,0.8333,True,0.7768,True,True,0.0766
superglue,iris,CASIA-Iris-Thousand_genuine_92,319,319,592,620,460,174,0.3783,False,0.3553,True,False,2.7528
sgmnet,iris,CASIA-Iris-Thousand_genuine_92,319,319,2345,2287,1175,484,0.4119,True,0.4060,True,True,1.7906
aspanformer,iris,CASIA-Iris-Thousand_genuine_92,319,319,2724,2724,2724,2331,0.8557,True,0.8557,True,True,1.0534
deepdetect,iris,CASIA-Iris-Thousand_genuine_92,319,319,8309,8269,114,102,0.8947,True,0.8947,True,True,1.1796
loftr,iris,CASIA-Iris-Thousand_genuine_93,997,997,1351,1351,1351,545,0.4034,False,0.3802,True,False,2.6861
orb,iris,CASIA-Iris-Thousand_genuine_93,997,997,119,76,17,10,0.5882,True,0.5778,True,True,1.3818
sift,iris,CASIA-Iris-Thousand_genuine_93,997,997,31,61,3,0,,False,,True,False,
superglue,iris,CASIA-Iris-Thousand_genuine_93,997,997,591,561,279,74,0.2652,False,0.2497,True,False,2.7104
sgmnet,iris,CASIA-Iris-Thousand_genuine_93,997,997,2036,2438,307,58,0.1889,False,0.1872,True,False,1.6809
aspanformer,iris,CASIA-Iris-Thousand_genuine_93,997,997,2067,2067,2067,1276,0.6173,True,0.5913,True,True,2.3611
deepdetect,iris,CASIA-Iris-Thousand_genuine_93,997,997,8198,9086,24,22,0.9167,True,0.9167,True,True,0.2537
loftr,iris,CASIA-Iris-Thousand_genuine_94,472,472,1487,1487,1487,566,0.3806,False,0.3581,True,False,2.7216
orb,iris,CASIA-Iris-Thousand_genuine_94,472,472,322,431,35,19,0.5429,True,0.5313,True,True,1.9105
sift,iris,CASIA-Iris-Thousand_genuine_94,472,472,70,168,14,0,,False,,True,False,
superglue,iris,CASIA-Iris-Thousand_genuine_94,472,472,723,614,270,79,0.2926,False,0.2746,True,False,2.7717
sgmnet,iris,CASIA-Iris-Thousand_genuine_94,472,472,2487,2917,707,92,0.1301,False,0.1279,True,False,1.8476
aspanformer,iris,CASIA-Iris-Thousand_genuine_94,472,472,2253,2253,2253,1494,0.6631,True,0.6566,True,True,1.6987
deepdetect,iris,CASIA-Iris-Thousand_genuine_94,472,472,7492,7498,15,13,0.8667,True,0.8667,True,True,1.5804
loftr,iris,CASIA-Iris-Thousand_genuine_95,081,081,2614,2614,2614,2280,0.8722,True,0.8722,True,True,1.2486
orb,iris,CASIA-Iris-Thousand_genuine_95,081,081,186,136,43,24,0.5581,True,0.5580,True,True,1.2369
sift,iris,CASIA-Iris-Thousand_genuine_95,081,081,40,33,13,8,0.6154,True,0.5958,True,True,1.2676
superglue,iris,CASIA-Iris-Thousand_genuine_95,081,081,651,591,418,195,0.4665,False,0.4437,True,False,2.5042
sgmnet,iris,CASIA-Iris-Thousand_genuine_95,081,081,2313,2264,1167,453,0.3882,False,0.3816,True,False,1.8426
aspanformer,iris,CASIA-Iris-Thousand_genuine_95,081,081,2966,2966,2966,2855,0.9626,True,0.9626,True,True,1.0241
deepdetect,iris,CASIA-Iris-Thousand_genuine_95,081,081,7316,6671,98,94,0.9592,True,0.9592,True,True,1.1182
loftr,iris,CASIA-Iris-Thousand_genuine_96,333,333,1491,1491,1491,489,0.3280,False,0.3085,True,False,2.7225
orb,iris,CASIA-Iris-Thousand_genuine_96,333,333,307,113,23,0,,False,,True,False,
sift,iris,CASIA-Iris-Thousand_genuine_96,333,333,51,32,7,0,,False,,True,False,
superglue,iris,CASIA-Iris-Thousand_genuine_96,333,333,750,604,66,22,0.3333,False,0.3132,True,False,2.7415
sgmnet,iris,CASIA-Iris-Thousand_genuine_96,333,333,2623,2404,294,41,0.1395,False,0.1375,True,False,1.7884
aspanformer,iris,CASIA-Iris-Thousand_genuine_96,333,333,1385,1385,1385,713,0.5148,True,0.4972,True,True,2.1977
deepdetect,iris,CASIA-Iris-Thousand_genuine_96,333,333,7140,7431,10,7,0.7000,True,0.7000,True,True,0.6709
loftr,iris,CASIA-Iris-Thousand_genuine_97,046,046,1291,1291,1291,256,0.1983,False,0.1896,True,False,2.4007
orb,iris,CASIA-Iris-Thousand_genuine_97,046,046,114,33,6,0,,False,,True,False,
sift,iris,CASIA-Iris-Thousand_genuine_97,046,046,23,23,2,0,,False,,True,False,
superglue,iris,CASIA-Iris-Thousand_genuine_97,046,046,679,579,70,17,0.2429,False,0.2303,True,False,2.5234
sgmnet,iris,CASIA-Iris-Thousand_genuine_97,046,046,2129,1763,193,22,0.1140,False,0.1137,True,False,1.5469
aspanformer,iris,CASIA-Iris-Thousand_genuine_97,046,046,987,987,987,258,0.2614,False,0.2458,True,False,2.7326
deepdetect,iris,CASIA-Iris-Thousand_genuine_97,046,046,8219,10612,3,0,,False,,True,False,
loftr,iris,CASIA-Iris-Thousand_genuine_98,459,459,663,663,663,100,0.1508,False,0.1450,True,False,2.2850
orb,iris,CASIA-Iris-Thousand_genuine_98,459,459,178,104,13,0,,False,,True,False,
sift,iris,CASIA-Iris-Thousand_genuine_98,459,459,28,16,1,0,,False,,True,False,
superglue,iris,CASIA-Iris-Thousand_genuine_98,459,459,645,527,96,38,0.3958,False,0.3776,True,False,2.4457
sgmnet,iris,CASIA-Iris-Thousand_genuine_98,459,459,1905,1541,72,10,0.1389,False,0.1364,True,False,1.0681
aspanformer,iris,CASIA-Iris-Thousand_genuine_98,459,459,457,457,457,186,0.4070,False,0.3894,True,False,2.3865
deepdetect,iris,CASIA-Iris-Thousand_genuine_98,459,459,5118,5971,14,12,0.8571,True,0.8571,True,True,2.3434
loftr,iris,CASIA-Iris-Thousand_genuine_99,584,584,1573,1573,1573,1024,0.6510,True,0.6423,True,True,1.7680
orb,iris,CASIA-Iris-Thousand_genuine_99,584,584,223,157,28,0,,False,,True,False,
sift,iris,CASIA-Iris-Thousand_genuine_99,584,584,29,39,8,5,0.6250,True,0.5826,True,True,0.0762
superglue,iris,CASIA-Iris-Thousand_genuine_99,584,584,602,669,267,79,0.2959,False,0.2724,True,False,3.1532
sgmnet,iris,CASIA-Iris-Thousand_genuine_99,584,584,2341,2293,713,164,0.2300,False,0.2272,True,False,1.7447
aspanformer,iris,CASIA-Iris-Thousand_genuine_99,584,584,1985,1985,1985,1387,0.6987,True,0.6806,True,True,2.0264
deepdetect,iris,CASIA-Iris-Thousand_genuine_99,584,584,7024,8051,41,36,0.8780,True,0.8780,True,True,0.6776
loftr,iris,CASIA-Iris-Thousand_genuine_100,389,389,1406,1406,1406,657,0.4673,True,0.4506,True,True,2.2261
orb,iris,CASIA-Iris-Thousand_genuine_100,389,389,93,104,11,9,0.8182,True,0.7770,True,True,2.0512
sift,iris,CASIA-Iris-Thousand_genuine_100,389,389,30,36,7,4,0.5714,True,0.5237,True,True,0.0000
superglue,iris,CASIA-Iris-Thousand_genuine_100,389,389,682,766,222,78,0.3514,False,0.3336,True,False,2.5341
sgmnet,iris,CASIA-Iris-Thousand_genuine_100,389,389,2447,2544,851,239,0.2808,False,0.2774,True,False,1.7482
aspanformer,iris,CASIA-Iris-Thousand_genuine_100,389,389,1194,1194,1194,843,0.7060,True,0.6910,True,True,1.9296
deepdetect,iris,CASIA-Iris-Thousand_genuine_100,389,389,6174,8209,18,13,0.7222,True,0.7222,True,True,0.9158
loftr,iris,CASIA-Iris-Thousand_genuine_101,096,096,1313,1313,1313,339,0.2582,False,0.2432,True,False,2.6985
orb,iris,CASIA-Iris-Thousand_genuine_101,096,096,145,146,8,0,,False,,True,False,
sift,iris,CASIA-Iris-Thousand_genuine_101,096,096,8,27,2,0,,False,,True,False,
superglue,iris,CASIA-Iris-Thousand_genuine_101,096,096,643,635,156,35,0.2244,False,0.2092,True,False,2.8954
sgmnet,iris,CASIA-Iris-Thousand_genuine_101,096,096,2557,2210,125,14,0.1120,False,0.1114,True,False,1.1901
aspanformer,iris,CASIA-Iris-Thousand_genuine_101,096,096,1516,1516,1516,636,0.4195,True,0.4032,True,True,2.2930
deepdetect,iris,CASIA-Iris-Thousand_genuine_101,096,096,5740,7265,17,14,0.8235,True,0.8235,True,True,1.0277
loftr,iris,CASIA-Iris-Thousand_genuine_102,307,307,998,998,998,198,0.1984,False,0.1948,True,False,1.8661
orb,iris,CASIA-Iris-Thousand_genuine_102,307,307,95,28,6,0,,False,,True,False,
sift,iris,CASIA-Iris-Thousand_genuine_102,307,307,47,16,6,0,,False,,True,False,
superglue,iris,CASIA-Iris-Thousand_genuine_102,307,307,587,489,76,29,0.3816,False,0.3668,True,False,2.2894
sgmnet,iris,CASIA-Iris-Thousand_genuine_102,307,307,2149,1766,181,17,0.0939,False,0.0937,True,False,1.3308
aspanformer,iris,CASIA-Iris-Thousand_genuine_102,307,307,904,904,904,408,0.4513,True,0.4513,True,True,1.0221
deepdetect,iris,CASIA-Iris-Thousand_genuine_102,307,307,9858,10405,17,14,0.8235,True,0.8235,True,True,0.5351
loftr,iris,CASIA-Iris-Thousand_genuine_103,826,826,1835,1835,1835,1008,0.5493,True,0.5434,True,True,1.7183
orb,iris,CASIA-Iris-Thousand_genuine_103,826,826,216,177,31,0,,False,,True,False,
sift,iris,CASIA-Iris-Thousand_genuine_103,826,826,72,51,11,5,0.4545,False,0.4237,True,False,0.2974
superglue,iris,CASIA-Iris-Thousand_genuine_103,826,826,683,664,474,179,0.3776,False,0.3541,True,False,2.7855
sgmnet,iris,CASIA-Iris-Thousand_genuine_103,826,826,2416,2380,1132,348,0.3074,False,0.3021,True,False,1.8513
aspanformer,iris,CASIA-Iris-Thousand_genuine_103,826,826,2609,2609,2609,1823,0.6987,True,0.6987,True,True,1.1924
deepdetect,iris,CASIA-Iris-Thousand_genuine_103,826,826,6559,5636,90,76,0.8444,True,0.8444,True,True,1.4387
loftr,iris,CASIA-Iris-Thousand_genuine_104,458,458,1965,1965,1965,1167,0.5939,True,0.5856,True,True,1.7807
orb,iris,CASIA-Iris-Thousand_genuine_104,458,458,43,36,11,9,0.8182,True,0.7414,True,True,2.9895
sift,iris,CASIA-Iris-Thousand_genuine_104,458,458,11,7,7,5,0.7143,True,0.6591,True,True,1.7039
superglue,iris,CASIA-Iris-Thousand_genuine_104,458,458,599,631,426,121,0.2840,False,0.2702,True,False,2.5002
sgmnet,iris,CASIA-Iris-Thousand_genuine_104,458,458,2144,1860,1007,269,0.2671,False,0.2616,True,False,1.9182
aspanformer,iris,CASIA-Iris-Thousand_genuine_104,458,458,2875,2875,2875,2554,0.8883,True,0.8883,True,True,1.2843
deepdetect,iris,CASIA-Iris-Thousand_genuine_104,458,458,6086,6694,511,445,0.8708,True,0.8708,True,True,1.4080
loftr,iris,CASIA-Iris-Thousand_genuine_105,309,309,1189,1189,1189,469,0.3944,False,0.3713,True,False,2.7089
orb,iris,CASIA-Iris-Thousand_genuine_105,309,309,70,145,1,0,,False,,True,False,
sift,iris,CASIA-Iris-Thousand_genuine_105,309,309,34,33,0,0,,False,,True,False,
superglue,iris,CASIA-Iris-Thousand_genuine_105,309,309,622,668,37,15,0.4054,False,0.3857,True,False,2.4219
sgmnet,iris,CASIA-Iris-Thousand_genuine_105,309,309,1905,2192,162,17,0.1049,False,0.1041,True,False,1.6186
aspanformer,iris,CASIA-Iris-Thousand_genuine_105,309,309,1351,1351,1351,782,0.5788,True,0.5673,True,True,1.9021
deepdetect,iris,CASIA-Iris-Thousand_genuine_105,309,309,10286,9545,9,7,0.7778,True,0.7778,True,True,0.5554
loftr,iris,CASIA-Iris-Thousand_genuine_106,954,954,1255,1255,1255,708,0.5641,True,0.5472,True,True,2.1103
orb,iris,CASIA-Iris-Thousand_genuine_106,954,954,102,75,20,0,,False,,True,False,
sift,iris,CASIA-Iris-Thousand_genuine_106,954,954,32,24,2,0,,False,,True,False,
superglue,iris,CASIA-Iris-Thousand_genuine_106,954,954,707,616,371,138,0.3720,False,0.3462,True,False,2.9334
sgmnet,iris,CASIA-Iris-Thousand_genuine_106,954,954,2083,2740,748,230,0.3075,False,0.3029,True,False,1.8008
aspanformer,iris,CASIA-Iris-Thousand_genuine_106,954,954,1782,1782,1782,1044,0.5859,True,0.5859,True,True,1.3741
deepdetect,iris,CASIA-Iris-Thousand_genuine_106,954,954,9211,9459,69,60,0.8696,True,0.8696,True,True,1.1552
loftr,iris,CASIA-Iris-Thousand_genuine_107,727,727,1436,1436,1436,621,0.4325,False,0.4075,True,False,2.6880
orb,iris,CASIA-Iris-Thousand_genuine_107,727,727,96,107,6,6,1.0000,True,0.9462,True,True,0.9068
sift,iris,CASIA-Iris-Thousand_genuine_107,727,727,31,42,3,0,,False,,True,False,
superglue,iris,CASIA-Iris-Thousand_genuine_107,727,727,644,591,296,104,0.3514,False,0.3292,True,False,2.8023
sgmnet,iris,CASIA-Iris-Thousand_genuine_107,727,727,2074,2390,738,190,0.2575,False,0.2541,True,False,1.7629
aspanformer,iris,CASIA-Iris-Thousand_genuine_107,727,727,2257,2257,2257,1819,0.8059,True,0.7993,True,True,1.6649
deepdetect,iris,CASIA-Iris-Thousand_genuine_107,727,727,8417,6469,81,76,0.9383,True,0.9383,True,True,1.6829
loftr,iris,CASIA-Iris-Thousand_genuine_108,576,576,1003,1003,1003,291,0.2901,False,0.2734,True,False,2.6844
orb,iris,CASIA-Iris-Thousand_genuine_108,576,576,249,122,11,0,,False,,True,False,
sift,iris,CASIA-Iris-Thousand_genuine_108,576,576,66,52,5,0,,False,,True,False,
superglue,iris,CASIA-Iris-Thousand_genuine_108,576,576,582,542,253,44,0.1739,False,0.1642,True,False,2.6484
sgmnet,iris,CASIA-Iris-Thousand_genuine_108,576,576,1949,1515,337,63,0.1869,False,0.1850,True,False,1.7123
aspanformer,iris,CASIA-Iris-Thousand_genuine_108,576,576,1279,1279,1279,469,0.3667,False,0.3455,True,False,2.6900
deepdetect,iris,CASIA-Iris-Thousand_genuine_108,576,576,8004,10881,25,18,0.7200,True,0.7200,True,True,0.8453
loftr,iris,CASIA-Iris-Thousand_genuine_109,936,936,1423,1423,1423,597,0.4195,False,0.4023,True,False,2.3374
orb,iris,CASIA-Iris-Thousand_genuine_109,936,936,225,392,10,0,,False,,True,False,
sift,iris,CASIA-Iris-Thousand_genuine_109,936,936,74,196,12,4,0.3333,False,0.3055,True,False,0.0000
superglue,iris,CASIA-Iris-Thousand_genuine_109,936,936,571,582,321,83,0.2586,False,0.2392,True,False,3.0600
sgmnet,iris,CASIA-Iris-Thousand_genuine_109,936,936,2072,3008,275,61,0.2218,False,0.2196,True,False,1.6968
aspanformer,iris,CASIA-Iris-Thousand_genuine_109,936,936,1696,1696,1696,1041,0.6138,True,0.5921,True,True,2.2192
deepdetect,iris,CASIA-Iris-Thousand_genuine_109,936,936,8902,10145,15,8,0.5333,True,0.5333,True,True,1.2837
loftr,iris,CASIA-Iris-Thousand_genuine_110,668,668,795,795,795,134,0.1686,False,0.1610,True,False,2.4195
orb,iris,CASIA-Iris-Thousand_genuine_110,668,668,299,119,21,0,,False,,True,False,
sift,iris,CASIA-Iris-Thousand_genuine_110,668,668,40,29,7,0,,False,,True,False,
superglue,iris,CASIA-Iris-Thousand_genuine_110,668,668,521,479,196,51,0.2602,False,0.2479,True,False,2.4695
sgmnet,iris,CASIA-Iris-Thousand_genuine_110,668,668,1624,1439,158,18,0.1139,False,0.1138,True,False,1.2177
aspanformer,iris,CASIA-Iris-Thousand_genuine_110,668,668,821,821,821,310,0.3776,False,0.3584,True,False,2.5429
deepdetect,iris,CASIA-Iris-Thousand_genuine_110,668,668,6065,8246,14,0,,False,,True,False,
loftr,iris,CASIA-Iris-Thousand_genuine_111,208,208,1780,1780,1780,773,0.4343,False,0.4158,True,False,2.3712
orb,iris,CASIA-Iris-Thousand_genuine_111,208,208,199,213,23,0,,False,,True,False,
sift,iris,CASIA-Iris-Thousand_genuine_111,208,208,53,54,6,0,,False,,True,False,
superglue,iris,CASIA-Iris-Thousand_genuine_111,208,208,556,614,158,49,0.3101,False,0.2955,True,False,2.4673
sgmnet,iris,CASIA-Iris-Thousand_genuine_111,208,208,2403,2394,781,113,0.1447,False,0.1428,True,False,1.7584
aspanformer,iris,CASIA-Iris-Thousand_genuine_111,208,208,2044,2044,2044,1159,0.5670,True,0.5467,True,True,2.2283
deepdetect,iris,CASIA-Iris-Thousand_genuine_111,208,208,8013,7473,116,106,0.9138,True,0.9138,True,True,0.6136
loftr,iris,CASIA-Iris-Thousand_genuine_112,385,385,952,952,952,312,0.3277,False,0.3138,True,False,2.3711
orb,iris,CASIA-Iris-Thousand_genuine_112,385,385,249,149,27,0,,False,,True,False,
sift,iris,CASIA-Iris-Thousand_genuine_112,385,385,33,23,8,0,,False,,True,False,
superglue,iris,CASIA-Iris-Thousand_genuine_112,385,385,612,519,23,11,0.4783,True,0.4720,True,True,1.2345
sgmnet,iris,CASIA-Iris-Thousand_genuine_112,385,385,1976,1855,67,11,0.1642,False,0.1620,True,False,1.1989
aspanformer,iris,CASIA-Iris-Thousand_genuine_112,385,385,1201,1201,1201,659,0.5487,True,0.5236,True,True,2.4386
deepdetect,iris,CASIA-Iris-Thousand_genuine_112,385,385,7958,8355,55,0,,False,,True,False,
loftr,iris,CASIA-Iris-Thousand_genuine_113,203,203,1065,1065,1065,341,0.3202,False,0.3155,True,False,1.7967
orb,iris,CASIA-Iris-Thousand_genuine_113,203,203,126,55,11,0,,False,,True,False,
sift,iris,CASIA-Iris-Thousand_genuine_113,203,203,25,16,4,0,,False,,True,False,
superglue,iris,CASIA-Iris-Thousand_genuine_113,203,203,526,600,91,25,0.2747,False,0.2583,True,False,2.7316
sgmnet,iris,CASIA-Iris-Thousand_genuine_113,203,203,1790,1990,370,77,0.2081,False,0.2046,True,False,1.8396
aspanformer,iris,CASIA-Iris-Thousand_genuine_113,203,203,1158,1158,1158,535,0.4620,True,0.4455,True,True,2.2294
deepdetect,iris,CASIA-Iris-Thousand_genuine_113,203,203,4829,7271,24,0,,False,,True,False,
loftr,iris,CASIA-Iris-Thousand_genuine_114,359,359,907,907,907,230,0.2536,False,0.2418,True,False,2.4477
orb,iris,CASIA-Iris-Thousand_genuine_114,359,359,253,209,7,0,,False,,True,False,
sift,iris,CASIA-Iris-Thousand_genuine_114,359,359,48,57,4,0,,False,,True,False,
superglue,iris,CASIA-Iris-Thousand_genuine_114,359,359,675,641,257,61,0.2374,False,0.2227,True,False,2.7717
sgmnet,iris,CASIA-Iris-Thousand_genuine_114,359,359,2125,2193,202,55,0.2723,False,0.2693,True,False,1.7192
aspanformer,iris,CASIA-Iris-Thousand_genuine_114,359,359,1221,1221,1221,520,0.4259,True,0.4066,True,True,2.4271
deepdetect,iris,CASIA-Iris-Thousand_genuine_114,359,359,6926,7947,31,28,0.9032,True,0.9032,True,True,0.6693
loftr,iris,CASIA-Iris-Thousand_genuine_115,817,817,940,940,940,228,0.2426,False,0.2287,True,False,2.6737
orb,iris,CASIA-Iris-Thousand_genuine_115,817,817,77,89,8,0,,False,,True,False,
sift,iris,CASIA-Iris-Thousand_genuine_115,817,817,27,28,4,0,,False,,True,False,
superglue,iris,CASIA-Iris-Thousand_genuine_115,817,817,666,508,51,13,0.2549,False,0.2436,True,False,2.2651
sgmnet,iris,CASIA-Iris-Thousand_genuine_115,817,817,1962,1343,77,20,0.2597,False,0.2589,True,False,1.5508
aspanformer,iris,CASIA-Iris-Thousand_genuine_115,817,817,850,850,850,261,0.3071,False,0.3068,True,False,1.5147
deepdetect,iris,CASIA-Iris-Thousand_genuine_115,817,817,10065,9497,37,22,0.5946,True,0.5946,True,True,2.7007
loftr,iris,CASIA-Iris-Thousand_genuine_116,784,784,2290,2290,2290,2061,0.9000,True,0.8886,True,True,1.7545
orb,iris,CASIA-Iris-Thousand_genuine_116,784,784,45,70,8,8,1.0000,True,0.9682,True,True,0.8536
sift,iris,CASIA-Iris-Thousand_genuine_116,784,784,38,42,15,11,0.7333,True,0.7198,True,True,1.6105
superglue,iris,CASIA-Iris-Thousand_genuine_116,784,784,610,473,416,142,0.3413,False,0.3190,True,False,2.8528
sgmnet,iris,CASIA-Iris-Thousand_genuine_116,784,784,1656,1742,922,246,0.2668,False,0.2616,True,False,1.8929
aspanformer,iris,CASIA-Iris-Thousand_genuine_116,784,784,2974,2974,2974,2948,0.9913,True,0.9913,True,True,1.3449
deepdetect,iris,CASIA-Iris-Thousand_genuine_116,784,784,10345,9411,119,113,0.9496,True,0.9496,True,True,1.3084
loftr,iris,CASIA-Iris-Thousand_genuine_117,382,382,1446,1446,1446,658,0.4550,False,0.4381,True,False,2.2594
orb,iris,CASIA-Iris-Thousand_genuine_117,382,382,59,91,12,0,,False,,True,False,
sift,iris,CASIA-Iris-Thousand_genuine_117,382,382,26,158,3,0,,False,,True,False,
superglue,iris,CASIA-Iris-Thousand_genuine_117,382,382,569,669,149,39,0.2617,False,0.2477,True,False,2.6017
sgmnet,iris,CASIA-Iris-Thousand_genuine_117,382,382,2358,3396,237,59,0.2489,False,0.2447,True,False,1.8443
aspanformer,iris,CASIA-Iris-Thousand_genuine_117,382,382,1791,1791,1791,869,0.4852,True,0.4663,True,True,2.2969
deepdetect,iris,CASIA-Iris-Thousand_genuine_117,382,382,10318,10400,1,0,,False,,True,False,
loftr,iris,CASIA-Iris-Thousand_genuine_118,851,851,2078,2078,2078,1236,0.5948,True,0.5908,True,True,1.6350
orb,iris,CASIA-Iris-Thousand_genuine_118,851,851,253,352,23,18,0.7826,True,0.7816,True,True,1.3255
sift,iris,CASIA-Iris-Thousand_genuine_118,851,851,44,61,9,7,0.7778,True,0.7453,True,True,1.1322
superglue,iris,CASIA-Iris-Thousand_genuine_118,851,851,643,651,452,168,0.3717,False,0.3539,True,False,2.4823
sgmnet,iris,CASIA-Iris-Thousand_genuine_118,851,851,2308,2288,829,238,0.2871,False,0.2822,True,False,1.8407
aspanformer,iris,CASIA-Iris-Thousand_genuine_118,851,851,2682,2682,2682,2409,0.8982,True,0.8888,True,True,1.7107
deepdetect,iris,CASIA-Iris-Thousand_genuine_118,851,851,7545,7737,233,183,0.7854,True,0.7854,True,True,1.1054
loftr,iris,CASIA-Iris-Thousand_genuine_119,623,623,1174,1174,1174,617,0.5256,True,0.5153,True,True,1.8960
orb,iris,CASIA-Iris-Thousand_genuine_119,623,623,3,23,0,0,,False,,True,False,
sift,iris,CASIA-Iris-Thousand_genuine_119,623,623,11,17,2,0,,False,,True,False,
superglue,iris,CASIA-Iris-Thousand_genuine_119,623,623,591,599,289,108,0.3737,False,0.3479,True,False,2.9324
sgmnet,iris,CASIA-Iris-Thousand_genuine_119,623,623,2085,1808,768,216,0.2812,False,0.2760,True,False,1.8793
aspanformer,iris,CASIA-Iris-Thousand_genuine_119,623,623,2585,2585,2585,2408,0.9315,True,0.9315,True,True,1.3421
deepdetect,iris,CASIA-Iris-Thousand_genuine_119,623,623,10393,9979,34,28,0.8235,True,0.8235,True,True,0.8901
loftr,iris,CASIA-Iris-Thousand_genuine_120,849,849,1713,1713,1713,731,0.4267,False,0.4050,True,False,2.5450
orb,iris,CASIA-Iris-Thousand_genuine_120,849,849,93,106,9,0,,False,,True,False,
sift,iris,CASIA-Iris-Thousand_genuine_120,849,849,37,29,13,5,0.3846,False,0.3585,True,False,1.2768
superglue,iris,CASIA-Iris-Thousand_genuine_120,849,849,605,561,275,81,0.2945,False,0.2776,True,False,2.6848
sgmnet,iris,CASIA-Iris-Thousand_genuine_120,849,849,2185,2139,650,134,0.2062,False,0.2031,True,False,1.8029
aspanformer,iris,CASIA-Iris-Thousand_genuine_120,849,849,2018,2018,2018,1216,0.6026,True,0.5686,True,True,2.6619
deepdetect,iris,CASIA-Iris-Thousand_genuine_120,849,849,10340,9133,45,37,0.8222,True,0.8222,True,True,2.0764
loftr,iris,CASIA-Iris-Thousand_genuine_121,581,581,1194,1194,1194,318,0.2663,False,0.2478,True,False,2.9462
orb,iris,CASIA-Iris-Thousand_genuine_121,581,581,83,90,17,0,,False,,True,False,
sift,iris,CASIA-Iris-Thousand_genuine_121,581,581,23,19,2,0,,False,,True,False,
superglue,iris,CASIA-Iris-Thousand_genuine_121,581,581,510,471,202,44,0.2178,False,0.2041,True,False,2.8003
sgmnet,iris,CASIA-Iris-Thousand_genuine_121,581,581,1970,1634,218,37,0.1697,False,0.1691,True,False,1.5778
aspanformer,iris,CASIA-Iris-Thousand_genuine_121,581,581,1936,1936,1936,981,0.5067,True,0.4916,True,True,2.1059
deepdetect,iris,CASIA-Iris-Thousand_genuine_121,581,581,10358,9954,35,25,0.7143,True,0.7143,True,True,1.5734
loftr,iris,CASIA-Iris-Thousand_genuine_122,527,527,1259,1259,1259,518,0.4114,False,0.3938,True,False,2.3767
orb,iris,CASIA-Iris-Thousand_genuine_122,527,527,304,186,17,0,,False,,True,False,
sift,iris,CASIA-Iris-Thousand_genuine_122,527,527,95,24,5,0,,False,,True,False,
superglue,iris,CASIA-Iris-Thousand_genuine_122,527,527,657,615,68,21,0.3088,False,0.2889,True,False,2.8257
sgmnet,iris,CASIA-Iris-Thousand_genuine_122,527,527,2642,2100,199,41,0.2060,False,0.2032,True,False,1.7723
aspanformer,iris,CASIA-Iris-Thousand_genuine_122,527,527,1550,1550,1550,938,0.6052,True,0.5793,True,True,2.3738
deepdetect,iris,CASIA-Iris-Thousand_genuine_122,527,527,12128,7659,3,0,,False,,True,False,
loftr,iris,CASIA-Iris-Thousand_genuine_123,319,319,1008,1008,1008,328,0.3254,False,0.3048,True,False,2.8082
orb,iris,CASIA-Iris-Thousand_genuine_123,319,319,148,247,10,0,,False,,True,False,
sift,iris,CASIA-Iris-Thousand_genuine_123,319,319,19,43,1,0,,False,,True,False,
superglue,iris,CASIA-Iris-Thousand_genuine_123,319,319,582,667,256,41,0.1602,False,0.1508,True,False,2.7096
sgmnet,iris,CASIA-Iris-Thousand_genuine_123,319,319,2169,2378,128,28,0.2188,False,0.2186,True,False,1.5115
aspanformer,iris,CASIA-Iris-Thousand_genuine_123,319,319,935,935,935,396,0.4235,True,0.4008,True,True,2.6022
deepdetect,iris,CASIA-Iris-Thousand_genuine_123,319,319,5048,6623,7,0,,False,,True,False,
loftr,iris,CASIA-Iris-Thousand_genuine_124,201,201,939,939,939,171,0.1821,False,0.1718,True,False,2.6613
orb,iris,CASIA-Iris-Thousand_genuine_124,201,201,186,127,4,0,,False,,True,False,
sift,iris,CASIA-Iris-Thousand_genuine_124,201,201,32,23,0,0,,False,,True,False,
superglue,iris,CASIA-Iris-Thousand_genuine_124,201,201,616,546,110,25,0.2273,False,0.2177,True,False,2.3609
sgmnet,iris,CASIA-Iris-Thousand_genuine_124,201,201,2030,1598,96,12,0.1250,False,0.1238,True,False,1.4475
aspanformer,iris,CASIA-Iris-Thousand_genuine_124,201,201,733,733,733,265,0.3615,False,0.3615,True,False,1.2074
deepdetect,iris,CASIA-Iris-Thousand_genuine_124,201,201,6389,7717,17,0,,False,,True,False,
loftr,iris,CASIA-Iris-Thousand_genuine_125,742,742,1415,1415,1415,774,0.5470,True,0.5297,True,True,2.1443
orb,iris,CASIA-Iris-Thousand_genuine_125,742,742,87,270,10,0,,False,,True,False,
sift,iris,CASIA-Iris-Thousand_genuine_125,742,742,38,41,5,5,1.0000,True,0.9322,True,True,0.3288
superglue,iris,CASIA-Iris-Thousand_genuine_125,742,742,644,691,373,106,0.2842,False,0.2625,True,False,3.0867
sgmnet,iris,CASIA-Iris-Thousand_genuine_125,742,742,2455,2256,640,178,0.2781,False,0.2757,True,False,1.6761
aspanformer,iris,CASIA-Iris-Thousand_genuine_125,742,742,1317,1317,1317,1081,0.8208,True,0.8208,True,True,1.4656
deepdetect,iris,CASIA-Iris-Thousand_genuine_125,742,742,7962,6595,36,28,0.7778,True,0.7778,True,True,0.7793
loftr,iris,CASIA-Iris-Thousand_genuine_126,718,718,1080,1080,1080,369,0.3417,False,0.3325,True,False,2.0437
orb,iris,CASIA-Iris-Thousand_genuine_126,718,718,181,56,21,10,0.4762,True,0.4678,True,True,1.0954
sift,iris,CASIA-Iris-Thousand_genuine_126,718,718,40,18,1,0,,False,,True,False,
superglue,iris,CASIA-Iris-Thousand_genuine_126,718,718,507,654,190,52,0.2737,False,0.2562,True,False,2.8208
sgmnet,iris,CASIA-Iris-Thousand_genuine_126,718,718,1911,1965,451,66,0.1463,False,0.1442,True,False,1.7960
aspanformer,iris,CASIA-Iris-Thousand_genuine_126,718,718,1387,1387,1387,833,0.6006,True,0.5779,True,True,2.2683
deepdetect,iris,CASIA-Iris-Thousand_genuine_126,718,718,9956,9004,8,5,0.6250,True,0.6250,True,True,0.2638
loftr,iris,CASIA-Iris-Thousand_genuine_127,132,132,371,371,371,108,0.2911,False,0.2731,True,False,2.7800
orb,iris,CASIA-Iris-Thousand_genuine_127,132,132,138,167,6,0,,False,,True,False,
sift,iris,CASIA-Iris-Thousand_genuine_127,132,132,50,52,7,4,0.5714,True,0.5237,True,True,0.0000
superglue,iris,CASIA-Iris-Thousand_genuine_127,132,132,235,714,114,37,0.3246,False,0.3108,True,False,2.3685
sgmnet,iris,CASIA-Iris-Thousand_genuine_127,132,132,1396,2487,447,132,0.2953,False,0.2902,True,False,1.8454
aspanformer,iris,CASIA-Iris-Thousand_genuine_127,132,132,468,468,468,262,0.5598,True,0.5438,True,True,2.0804
deepdetect,iris,CASIA-Iris-Thousand_genuine_127,132,132,7347,6644,16,13,0.8125,True,0.8125,True,True,1.6107
loftr,iris,CASIA-Iris-Thousand_genuine_128,068,068,1336,1336,1336,658,0.4925,True,0.4760,True,True,2.1801
orb,iris,CASIA-Iris-Thousand_genuine_128,068,068,73,146,5,0,,False,,True,False,
sift,iris,CASIA-Iris-Thousand_genuine_128,068,068,39,89,4,0,,False,,True,False,
superglue,iris,CASIA-Iris-Thousand_genuine_128,068,068,627,613,51,22,0.4314,False,0.4048,True,False,2.7643
sgmnet,iris,CASIA-Iris-Thousand_genuine_128,068,068,2348,2660,458,87,0.1900,False,0.1874,True,False,1.7759
aspanformer,iris,CASIA-Iris-Thousand_genuine_128,068,068,1397,1397,1397,834,0.5970,True,0.5821,True,True,2.0040
deepdetect,iris,CASIA-Iris-Thousand_genuine_128,068,068,8285,7721,24,18,0.7500,True,0.7500,True,True,1.3112
loftr,iris,CASIA-Iris-Thousand_genuine_129,159,159,1557,1557,1557,539,0.3462,False,0.3228,True,False,2.8998
orb,iris,CASIA-Iris-Thousand_genuine_129,159,159,209,180,13,0,,False,,True,False,
sift,iris,CASIA-Iris-Thousand_genuine_129,159,159,49,34,6,0,,False,,True,False,
superglue,iris,CASIA-Iris-Thousand_genuine_129,159,159,633,655,263,70,0.2662,False,0.2490,True,False,2.8348
sgmnet,iris,CASIA-Iris-Thousand_genuine_129,159,159,2403,2221,351,62,0.1766,False,0.1741,True,False,1.7895
aspanformer,iris,CASIA-Iris-Thousand_genuine_129,159,159,1773,1773,1773,725,0.4089,False,0.3859,True,False,2.6565
deepdetect,iris,CASIA-Iris-Thousand_genuine_129,159,159,7006,8078,22,14,0.6364,True,0.6364,True,True,1.7954
loftr,iris,CASIA-Iris-Thousand_genuine_130,222,222,1399,1399,1399,364,0.2602,False,0.2461,True,False,2.6151
orb,iris,CASIA-Iris-Thousand_genuine_130,222,222,129,64,6,0,,False,,True,False,
sift,iris,CASIA-Iris-Thousand_genuine_130,222,222,43,39,8,5,0.6250,True,0.5826,True,True,0.7455
superglue,iris,CASIA-Iris-Thousand_genuine_130,222,222,625,625,140,49,0.3500,False,0.3295,True,False,2.7087
sgmnet,iris,CASIA-Iris-Thousand_genuine_130,222,222,2278,2101,334,37,0.1108,False,0.1095,True,False,1.7326
aspanformer,iris,CASIA-Iris-Thousand_genuine_130,222,222,1448,1448,1448,653,0.4510,True,0.4338,True,True,2.2744
deepdetect,iris,CASIA-Iris-Thousand_genuine_130,222,222,7400,11201,22,17,0.7727,True,0.7727,True,True,1.1387
loftr,iris,CASIA-Iris-Thousand_genuine_131,913,913,1908,1908,1908,1252,0.6562,True,0.6562,True,True,1.4632
orb,iris,CASIA-Iris-Thousand_genuine_131,913,913,126,165,28,20,0.7143,True,0.7076,True,True,1.6750
sift,iris,CASIA-Iris-Thousand_genuine_131,913,913,46,29,7,6,0.8571,True,0.8110,True,True,0.0971
superglue,iris,CASIA-Iris-Thousand_genuine_131,913,913,568,573,308,101,0.3279,False,0.3091,True,False,2.6817
sgmnet,iris,CASIA-Iris-Thousand_genuine_131,913,913,2294,2021,868,305,0.3514,False,0.3472,True,False,1.7405
aspanformer,iris,CASIA-Iris-Thousand_genuine_131,913,913,2140,2140,2140,1542,0.7206,True,0.7166,True,True,1.6101
deepdetect,iris,CASIA-Iris-Thousand_genuine_131,913,913,7058,7247,356,345,0.9691,True,0.9691,True,True,0.5690
loftr,iris,CASIA-Iris-Thousand_genuine_132,232,232,2518,2518,2518,2284,0.9071,True,0.9071,True,True,1.2705
orb,iris,CASIA-Iris-Thousand_genuine_132,232,232,144,133,38,35,0.9211,True,0.9210,True,True,1.3865
sift,iris,CASIA-Iris-Thousand_genuine_132,232,232,39,41,19,18,0.9474,True,0.9461,True,True,1.1699
superglue,iris,CASIA-Iris-Thousand_genuine_132,232,232,651,667,525,281,0.5352,True,0.5095,True,True,2.4866
sgmnet,iris,CASIA-Iris-Thousand_genuine_132,232,232,2195,2157,1103,437,0.3962,False,0.3912,True,False,1.7551
aspanformer,iris,CASIA-Iris-Thousand_genuine_132,232,232,3007,3007,3007,2973,0.9887,True,0.9887,True,True,0.9967
deepdetect,iris,CASIA-Iris-Thousand_genuine_132,232,232,8242,8505,641,636,0.9922,True,0.9922,True,True,0.5065
loftr,iris,CASIA-Iris-Thousand_genuine_133,991,991,2035,2035,2035,1254,0.6162,True,0.5948,True,True,2.2067
orb,iris,CASIA-Iris-Thousand_genuine_133,991,991,240,234,33,26,0.7879,True,0.7878,True,True,1.3262
sift,iris,CASIA-Iris-Thousand_genuine_133,991,991,33,45,5,4,0.8000,True,0.7332,True,True,0.0000
superglue,iris,CASIA-Iris-Thousand_genuine_133,991,991,682,587,408,122,0.2990,False,0.2797,True,False,2.8338
sgmnet,iris,CASIA-Iris-Thousand_genuine_133,991,991,2050,1877,934,299,0.3201,False,0.3159,True,False,1.7637
aspanformer,iris,CASIA-Iris-Thousand_genuine_133,991,991,2749,2749,2749,1805,0.6566,True,0.6496,True,True,1.7149
deepdetect,iris,CASIA-Iris-Thousand_genuine_133,991,991,7717,7404,184,169,0.9185,True,0.9185,True,True,1.5710
loftr,iris,CASIA-Iris-Thousand_genuine_134,614,614,1575,1575,1575,834,0.5295,True,0.5125,True,True,2.1544
orb,iris,CASIA-Iris-Thousand_genuine_134,614,614,95,99,9,0,,False,,True,False,
sift,iris,CASIA-Iris-Thousand_genuine_134,614,614,34,30,3,0,,False,,True,False,
superglue,iris,CASIA-Iris-Thousand_genuine_134,614,614,497,639,323,89,0.2755,False,0.2567,True,False,2.9131
sgmnet,iris,CASIA-Iris-Thousand_genuine_134,614,614,1695,1749,360,63,0.1750,False,0.1729,True,False,1.7365
aspanformer,iris,CASIA-Iris-Thousand_genuine_134,614,614,2006,2006,2006,1365,0.6805,True,0.6551,True,True,2.2598
deepdetect,iris,CASIA-Iris-Thousand_genuine_134,614,614,10766,12653,43,36,0.8372,True,0.8372,True,True,1.2679
loftr,iris,CASIA-Iris-Thousand_genuine_135,868,868,1554,1554,1554,518,0.3333,False,0.3150,True,False,2.6288
orb,iris,CASIA-Iris-Thousand_genuine_135,868,868,161,38,7,0,,False,,True,False,
sift,iris,CASIA-Iris-Thousand_genuine_135,868,868,28,13,3,0,,False,,True,False,
superglue,iris,CASIA-Iris-Thousand_genuine_135,868,868,638,706,369,77,0.2087,False,0.1962,True,False,2.7280
sgmnet,iris,CASIA-Iris-Thousand_genuine_135,868,868,2349,2241,707,120,0.1697,False,0.1671,True,False,1.8074
aspanformer,iris,CASIA-Iris-Thousand_genuine_135,868,868,1600,1600,1600,677,0.4231,False,0.3974,True,False,2.7553
deepdetect,iris,CASIA-Iris-Thousand_genuine_135,868,868,6407,10866,17,11,0.6471,True,0.6471,True,True,1.8521
loftr,iris,CASIA-Iris-Thousand_genuine_136,092,092,1542,1542,1542,1037,0.6725,True,0.6616,True,True,1.8267
orb,iris,CASIA-Iris-Thousand_genuine_136,092,092,91,76,7,0,,False,,True,False,
sift,iris,CASIA-Iris-Thousand_genuine_136,092,092,36,32,9,4,0.4444,False,0.4073,True,False,0.0000
superglue,iris,CASIA-Iris-Thousand_genuine_136,092,092,580,545,312,77,0.2468,False,0.2321,True,False,2.7306
sgmnet,iris,CASIA-Iris-Thousand_genuine_136,092,092,1929,2145,844,285,0.3377,False,0.3340,True,False,1.7177
aspanformer,iris,CASIA-Iris-Thousand_genuine_136,092,092,2160,2160,2160,1357,0.6282,True,0.6218,True,True,1.7057
deepdetect,iris,CASIA-Iris-Thousand_genuine_136,092,092,9634,10762,34,21,0.6176,True,0.6176,True,True,1.6000
loftr,iris,CASIA-Iris-Thousand_genuine_137,560,560,929,929,929,442,0.4758,True,0.4569,True,True,2.3096
orb,iris,CASIA-Iris-Thousand_genuine_137,560,560,388,104,21,0,,False,,True,False,
sift,iris,CASIA-Iris-Thousand_genuine_137,560,560,99,45,4,0,,False,,True,False,
superglue,iris,CASIA-Iris-Thousand_genuine_137,560,560,760,712,37,21,0.5676,True,0.5479,True,True,2.1957
sgmnet,iris,CASIA-Iris-Thousand_genuine_137,560,560,2676,2014,811,182,0.2244,False,0.2203,True,False,1.8733
aspanformer,iris,CASIA-Iris-Thousand_genuine_137,560,560,1433,1433,1433,1116,0.7788,True,0.7475,True,True,2.3205
deepdetect,iris,CASIA-Iris-Thousand_genuine_137,560,560,8604,9068,14,0,,False,,True,False,
loftr,iris,CASIA-Iris-Thousand_genuine_138,555,555,2370,2370,2370,1791,0.7557,True,0.7493,True,True,1.6703
orb,iris,CASIA-Iris-Thousand_genuine_138,555,555,153,177,35,33,0.9429,True,0.9253,True,True,1.8763
sift,iris,CASIA-Iris-Thousand_genuine_138,555,555,27,39,14,10,0.7143,True,0.7017,True,True,1.1152
superglue,iris,CASIA-Iris-Thousand_genuine_138,555,555,623,684,450,177,0.3933,False,0.3726,True,False,2.5853
sgmnet,iris,CASIA-Iris-Thousand_genuine_138,555,555,2139,2218,1055,350,0.3318,False,0.3270,True,False,1.7856
aspanformer,iris,CASIA-Iris-Thousand_genuine_138,555,555,2970,2970,2970,2925,0.9848,True,0.9848,True,True,1.1427
deepdetect,iris,CASIA-Iris-Thousand_genuine_138,555,555,9063,8690,304,297,0.9770,True,0.9770,True,True,0.8076
loftr,iris,CASIA-Iris-Thousand_genuine_139,867,867,1306,1306,1306,397,0.3040,False,0.2929,True,False,2.2436
orb,iris,CASIA-Iris-Thousand_genuine_139,867,867,285,348,22,11,0.5000,True,0.4906,True,True,1.6185
sift,iris,CASIA-Iris-Thousand_genuine_139,867,867,66,98,9,0,,False,,True,False,
superglue,iris,CASIA-Iris-Thousand_genuine_139,867,867,555,619,268,62,0.2313,False,0.2175,True,False,2.7356
sgmnet,iris,CASIA-Iris-Thousand_genuine_139,867,867,1942,2386,413,65,0.1574,False,0.1552,True,False,1.7776
aspanformer,iris,CASIA-Iris-Thousand_genuine_139,867,867,1959,1959,1959,741,0.3783,False,0.3645,True,False,2.2403
deepdetect,iris,CASIA-Iris-Thousand_genuine_139,867,867,8503,8213,28,23,0.8214,True,0.8214,True,True,2.1114
loftr,iris,CASIA-Iris-Thousand_genuine_140,681,681,661,661,661,126,0.1906,False,0.1806,True,False,2.5752
orb,iris,CASIA-Iris-Thousand_genuine_140,681,681,109,235,7,5,0.7143,True,0.6658,True,True,0.3747
sift,iris,CASIA-Iris-Thousand_genuine_140,681,681,28,42,9,4,0.4444,False,0.4073,True,False,0.0000
superglue,iris,CASIA-Iris-Thousand_genuine_140,681,681,498,606,77,21,0.2727,False,0.2571,True,False,2.6688
sgmnet,iris,CASIA-Iris-Thousand_genuine_140,681,681,1504,1945,77,17,0.2208,False,0.2188,True,False,1.6422
aspanformer,iris,CASIA-Iris-Thousand_genuine_140,681,681,546,546,546,158,0.2894,False,0.2769,True,False,2.3815
deepdetect,iris,CASIA-Iris-Thousand_genuine_140,681,681,11497,8145,41,20,0.4878,True,0.4878,True,True,1.6017
loftr,iris,CASIA-Iris-Thousand_genuine_141,770,770,1466,1466,1466,474,0.3233,False,0.3061,True,False,2.5970
orb,iris,CASIA-Iris-Thousand_genuine_141,770,770,110,57,10,0,,False,,True,False,
sift,iris,CASIA-Iris-Thousand_genuine_141,770,770,35,17,16,0,,False,,True,False,
superglue,iris,CASIA-Iris-Thousand_genuine_141,770,770,619,597,218,53,0.2431,False,0.2286,True,False,2.7320
sgmnet,iris,CASIA-Iris-Thousand_genuine_141,770,770,2078,2169,573,80,0.1396,False,0.1379,True,False,1.7453
aspanformer,iris,CASIA-Iris-Thousand_genuine_141,770,770,1606,1606,1606,639,0.3979,False,0.3732,True,False,2.7818
deepdetect,iris,CASIA-Iris-Thousand_genuine_141,770,770,7955,9305,20,14,0.7000,True,0.7000,True,True,0.5154
loftr,iris,CASIA-Iris-Thousand_genuine_142,366,366,1630,1630,1630,580,0.3558,False,0.3345,True,False,2.7390
orb,iris,CASIA-Iris-Thousand_genuine_142,366,366,227,171,30,18,0.6000,True,0.5879,True,True,1.8808
sift,iris,CASIA-Iris-Thousand_genuine_142,366,366,52,33,5,5,1.0000,True,0.9322,True,True,0.4361
superglue,iris,CASIA-Iris-Thousand_genuine_142,366,366,638,676,409,134,0.3276,False,0.3052,True,False,2.9171
sgmnet,iris,CASIA-Iris-Thousand_genuine_142,366,366,2365,2315,660,116,0.1758,False,0.1727,True,False,1.8520
aspanformer,iris,CASIA-Iris-Thousand_genuine_142,366,366,2067,2067,2067,1183,0.5723,True,0.5620,True,True,1.8657
deepdetect,iris,CASIA-Iris-Thousand_genuine_142,366,366,7076,6608,71,61,0.8592,True,0.8592,True,True,1.4588
loftr,iris,CASIA-Iris-Thousand_genuine_143,805,805,2528,2528,2528,2305,0.9118,True,0.9075,True,True,1.5940
orb,iris,CASIA-Iris-Thousand_genuine_143,805,805,156,182,54,53,0.9815,True,0.9815,True,True,1.4508
sift,iris,CASIA-Iris-Thousand_genuine_143,805,805,26,21,12,8,0.6667,True,0.6455,True,True,0.7785
superglue,iris,CASIA-Iris-Thousand_genuine_143,805,805,647,627,472,239,0.5064,True,0.4864,True,True,2.3027
sgmnet,iris,CASIA-Iris-Thousand_genuine_143,805,805,2334,2282,1222,451,0.3691,False,0.3654,True,False,1.7007
aspanformer,iris,CASIA-Iris-Thousand_genuine_143,805,805,2982,2982,2982,2915,0.9775,True,0.9775,True,True,0.9664
deepdetect,iris,CASIA-Iris-Thousand_genuine_143,805,805,7333,7251,873,872,0.9989,True,0.9989,True,True,0.4498
loftr,iris,CASIA-Iris-Thousand_genuine_144,016,016,799,799,799,151,0.1890,False,0.1808,True,False,2.3880
orb,iris,CASIA-Iris-Thousand_genuine_144,016,016,148,153,3,0,,False,,True,False,
sift,iris,CASIA-Iris-Thousand_genuine_144,016,016,19,26,2,0,,False,,True,False,
superglue,iris,CASIA-Iris-Thousand_genuine_144,016,016,604,611,41,18,0.4390,False,0.4129,True,False,2.7014
sgmnet,iris,CASIA-Iris-Thousand_genuine_144,016,016,2192,2268,78,9,0.1154,False,0.1126,True,False,1.1816
aspanformer,iris,CASIA-Iris-Thousand_genuine_144,016,016,1004,1004,1004,507,0.5050,True,0.4846,True,True,2.3235
deepdetect,iris,CASIA-Iris-Thousand_genuine_144,016,016,6703,7304,2,0,,False,,True,False,
loftr,iris,CASIA-Iris-Thousand_genuine_145,990,990,1621,1621,1621,493,0.3041,False,0.2837,True,False,2.8880
orb,iris,CASIA-Iris-Thousand_genuine_145,990,990,241,154,19,0,,False,,True,False,
sift,iris,CASIA-Iris-Thousand_genuine_145,990,990,37,33,3,0,,False,,True,False,
superglue,iris,CASIA-Iris-Thousand_genuine_145,990,990,662,667,342,81,0.2368,False,0.2218,True,False,2.8166
sgmnet,iris,CASIA-Iris-Thousand_genuine_145,990,990,2117,2092,891,166,0.1863,False,0.1828,True,False,1.8848
aspanformer,iris,CASIA-Iris-Thousand_genuine_145,990,990,1510,1510,1510,608,0.4026,False,0.3810,True,False,2.6041
deepdetect,iris,CASIA-Iris-Thousand_genuine_145,990,990,7545,8094,22,17,0.7727,True,0.7727,True,True,1.4098
loftr,iris,CASIA-Iris-Thousand_genuine_146,166,166,1639,1639,1639,614,0.3746,False,0.3598,True,False,2.3055
orb,iris,CASIA-Iris-Thousand_genuine_146,166,166,103,20,0,0,,False,,True,False,
sift,iris,CASIA-Iris-Thousand_genuine_146,166,166,18,11,4,4,1.0000,True,0.9165,True,True,0.0000
superglue,iris,CASIA-Iris-Thousand_genuine_146,166,166,639,636,354,102,0.2881,False,0.2659,True,False,3.1066
sgmnet,iris,CASIA-Iris-Thousand_genuine_146,166,166,2294,1937,581,73,0.1256,False,0.1234,True,False,1.8620
aspanformer,iris,CASIA-Iris-Thousand_genuine_146,166,166,1779,1779,1779,1041,0.5852,True,0.5559,True,True,2.5258
deepdetect,iris,CASIA-Iris-Thousand_genuine_146,166,166,4701,6931,43,38,0.8837,True,0.8837,True,True,0.5953
loftr,iris,CASIA-Iris-Thousand_genuine_147,992,992,1344,1344,1344,435,0.3237,False,0.3017,True,False,2.9051
orb,iris,CASIA-Iris-Thousand_genuine_147,992,992,133,233,5,0,,False,,True,False,
sift,iris,CASIA-Iris-Thousand_genuine_147,992,992,72,70,10,4,0.4000,False,0.3666,True,False,0.0000
superglue,iris,CASIA-Iris-Thousand_genuine_147,992,992,667,589,90,31,0.3444,False,0.3266,True,False,2.5639
sgmnet,iris,CASIA-Iris-Thousand_genuine_147,992,992,2954,2416,480,70,0.1458,False,0.1424,True,False,1.9746
aspanformer,iris,CASIA-Iris-Thousand_genuine_147,992,992,1592,1592,1592,886,0.5565,True,0.5386,True,True,2.1544
deepdetect,iris,CASIA-Iris-Thousand_genuine_147,992,992,6464,7227,13,8,0.6154,True,0.6154,True,True,0.5674
loftr,iris,CASIA-Iris-Thousand_genuine_148,782,782,1418,1418,1418,605,0.4267,False,0.4104,True,False,2.2753
orb,iris,CASIA-Iris-Thousand_genuine_148,782,782,452,177,25,0,,False,,True,False,
sift,iris,CASIA-Iris-Thousand_genuine_148,782,782,131,55,8,4,0.5000,True,0.4583,True,True,0.0000
superglue,iris,CASIA-Iris-Thousand_genuine_148,782,782,608,647,76,28,0.3684,False,0.3544,True,False,2.2738
sgmnet,iris,CASIA-Iris-Thousand_genuine_148,782,782,2623,2320,311,59,0.1897,False,0.1882,True,False,1.6553
aspanformer,iris,CASIA-Iris-Thousand_genuine_148,782,782,1450,1450,1450,915,0.6310,True,0.6145,True,True,2.0323
deepdetect,iris,CASIA-Iris-Thousand_genuine_148,782,782,8174,9186,22,17,0.7727,True,0.7727,True,True,1.5554
loftr,iris,CASIA-Iris-Thousand_genuine_149,388,388,1010,1010,1010,194,0.1921,False,0.1806,True,False,2.7377
orb,iris,CASIA-Iris-Thousand_genuine_149,388,388,46,99,8,0,,False,,True,False,
sift,iris,CASIA-Iris-Thousand_genuine_149,388,388,13,21,0,0,,False,,True,False,
superglue,iris,CASIA-Iris-Thousand_genuine_149,388,388,622,564,32,11,0.3438,False,0.3389,True,False,1.5243
sgmnet,iris,CASIA-Iris-Thousand_genuine_149,388,388,2113,1682,42,9,0.2143,False,0.2092,True,False,0.8930
aspanformer,iris,CASIA-Iris-Thousand_genuine_149,388,388,617,617,617,203,0.3290,False,0.3156,True,False,2.3339
deepdetect,iris,CASIA-Iris-Thousand_genuine_149,388,388,5714,9686,8,0,,False,,True,False,
loftr,iris,CASIA-Iris-Thousand_genuine_150,933,933,397,397,397,155,0.3904,False,0.3740,True,False,2.3600
orb,iris,CASIA-Iris-Thousand_genuine_150,933,933,26,68,4,0,,False,,True,False,
sift,iris,CASIA-Iris-Thousand_genuine_150,933,933,12,29,1,0,,False,,True,False,
superglue,iris,CASIA-Iris-Thousand_genuine_150,933,933,613,218,166,78,0.4699,False,0.4476,True,False,2.4709
sgmnet,iris,CASIA-Iris-Thousand_genuine_150,933,933,2020,1401,325,123,0.3785,False,0.3754,True,False,1.6637
aspanformer,iris,CASIA-Iris-Thousand_genuine_150,933,933,532,532,532,354,0.6654,True,0.6568,True,True,1.7605
deepdetect,iris,CASIA-Iris-Thousand_genuine_150,933,933,5789,4048,23,21,0.9130,True,0.9130,True,True,0.7871
loftr,iris,CASIA-Iris-Thousand_genuine_151,495,495,1634,1634,1634,940,0.5753,True,0.5590,True,True,2.0741
orb,iris,CASIA-Iris-Thousand_genuine_151,495,495,50,48,4,0,,False,,True,False,
sift,iris,CASIA-Iris-Thousand_genuine_151,495,495,32,19,8,5,0.6250,True,0.5826,True,True,0.0000
superglue,iris,CASIA-Iris-Thousand_genuine_151,495,495,526,544,368,139,0.3777,False,0.3521,True,False,2.9048
sgmnet,iris,CASIA-Iris-Thousand_genuine_151,495,495,1666,1760,727,255,0.3508,False,0.3452,True,False,1.8191
aspanformer,iris,CASIA-Iris-Thousand_genuine_151,495,495,2613,2613,2613,2102,0.8044,True,0.7689,True,True,2.4040
deepdetect,iris,CASIA-Iris-Thousand_genuine_151,495,495,11450,10477,125,115,0.9200,True,0.9200,True,True,1.3132
loftr,iris,CASIA-Iris-Thousand_genuine_152,162,162,535,535,535,143,0.2673,False,0.2514,True,False,2.7245
orb,iris,CASIA-Iris-Thousand_genuine_152,162,162,212,176,20,9,0.4500,False,0.4393,True,False,1.1012
sift,iris,CASIA-Iris-Thousand_genuine_152,162,162,46,39,4,0,,False,,True,False,
superglue,iris,CASIA-Iris-Thousand_genuine_152,162,162,334,592,230,42,0.1826,False,0.1742,True,False,2.4478
sgmnet,iris,CASIA-Iris-Thousand_genuine_152,162,162,1292,1819,204,49,0.2402,False,0.2386,True,False,1.6329
aspanformer,iris,CASIA-Iris-Thousand_genuine_152,162,162,709,709,709,252,0.3554,False,0.3370,True,False,2.5668
deepdetect,iris,CASIA-Iris-Thousand_genuine_152,162,162,4350,6571,2,0,,False,,True,False,
loftr,iris,CASIA-Iris-Thousand_genuine_153,427,427,1024,1024,1024,224,0.2188,False,0.2101,True,False,2.3052
orb,iris,CASIA-Iris-Thousand_genuine_153,427,427,218,275,7,0,,False,,True,False,
sift,iris,CASIA-Iris-Thousand_genuine_153,427,427,50,42,6,0,,False,,True,False,
superglue,iris,CASIA-Iris-Thousand_genuine_153,427,427,649,586,125,37,0.2960,False,0.2825,True,False,2.4330
sgmnet,iris,CASIA-Iris-Thousand_genuine_153,427,427,1939,1727,225,28,0.1244,False,0.1235,True,False,1.6520
aspanformer,iris,CASIA-Iris-Thousand_genuine_153,427,427,942,942,942,344,0.3652,False,0.3471,True,False,2.5162
deepdetect,iris,CASIA-Iris-Thousand_genuine_153,427,427,7593,9277,14,0,,False,,True,False,
loftr,iris,CASIA-Iris-Thousand_genuine_154,633,633,916,916,916,254,0.2773,False,0.2594,True,False,2.8368
orb,iris,CASIA-Iris-Thousand_genuine_154,633,633,164,294,5,0,,False,,True,False,
sift,iris,CASIA-Iris-Thousand_genuine_154,633,633,31,48,6,4,0.6667,True,0.6110,True,True,0.0000
superglue,iris,CASIA-Iris-Thousand_genuine_154,633,633,622,604,19,10,0.5263,True,0.5078,True,True,1.8609
sgmnet,iris,CASIA-Iris-Thousand_genuine_154,633,633,2176,1977,90,15,0.1667,False,0.1652,True,False,1.6045
aspanformer,iris,CASIA-Iris-Thousand_genuine_154,633,633,1174,1174,1174,448,0.3816,False,0.3655,True,False,2.3618
deepdetect,iris,CASIA-Iris-Thousand_genuine_154,633,633,8582,7653,18,12,0.6667,True,0.6667,True,True,1.2466
loftr,iris,CASIA-Iris-Thousand_genuine_155,230,230,1702,1702,1702,860,0.5053,True,0.4858,True,True,2.2853
orb,iris,CASIA-Iris-Thousand_genuine_155,230,230,186,276,21,0,,False,,True,False,
sift,iris,CASIA-Iris-Thousand_genuine_155,230,230,25,38,4,0,,False,,True,False,
superglue,iris,CASIA-Iris-Thousand_genuine_155,230,230,551,566,206,58,0.2816,False,0.2653,True,False,2.6893
sgmnet,iris,CASIA-Iris-Thousand_genuine_155,230,230,1996,2235,556,132,0.2374,False,0.2357,True,False,1.6444
aspanformer,iris,CASIA-Iris-Thousand_genuine_155,230,230,2399,2399,2399,2260,0.9421,True,0.9421,True,True,1.2389
deepdetect,iris,CASIA-Iris-Thousand_genuine_155,230,230,7322,8190,117,96,0.8205,True,0.8205,True,True,0.4036
loftr,iris,CASIA-Iris-Thousand_genuine_156,660,660,1860,1860,1860,929,0.4995,True,0.4761,True,True,2.4568
orb,iris,CASIA-Iris-Thousand_genuine_156,660,660,30,87,3,0,,False,,True,False,
sift,iris,CASIA-Iris-Thousand_genuine_156,660,660,28,30,9,6,0.6667,True,0.6308,True,True,1.1469
superglue,iris,CASIA-Iris-Thousand_genuine_156,660,660,590,624,432,141,0.3264,False,0.3054,True,False,2.8298
sgmnet,iris,CASIA-Iris-Thousand_genuine_156,660,660,2119,2146,1057,264,0.2498,False,0.2456,True,False,1.8331
aspanformer,iris,CASIA-Iris-Thousand_genuine_156,660,660,2559,2559,2559,2124,0.8300,True,0.8300,True,True,1.2947
deepdetect,iris,CASIA-Iris-Thousand_genuine_156,660,660,10196,6616,214,183,0.8551,True,0.8551,True,True,1.9171
loftr,iris,CASIA-Iris-Thousand_genuine_157,004,004,478,478,478,70,0.1464,False,0.1404,True,False,2.3411
orb,iris,CASIA-Iris-Thousand_genuine_157,004,004,44,37,6,0,,False,,True,False,
sift,iris,CASIA-Iris-Thousand_genuine_157,004,004,21,21,1,0,,False,,True,False,
superglue,iris,CASIA-Iris-Thousand_genuine_157,004,004,725,552,64,11,0.1719,False,0.1656,True,False,1.9797
sgmnet,iris,CASIA-Iris-Thousand_genuine_157,004,004,1979,1681,32,8,0.2500,False,0.2421,True,False,1.2567
aspanformer,iris,CASIA-Iris-Thousand_genuine_157,004,004,293,293,293,68,0.2321,False,0.2210,True,False,2.4741
deepdetect,iris,CASIA-Iris-Thousand_genuine_157,004,004,9774,9188,10,0,,False,,True,False,
loftr,iris,CASIA-Iris-Thousand_genuine_158,383,383,1126,1126,1126,185,0.1643,False,0.1562,True,False,2.5129
orb,iris,CASIA-Iris-Thousand_genuine_158,383,383,188,107,28,12,0.4286,False,0.4097,True,False,2.2124
sift,iris,CASIA-Iris-Thousand_genuine_158,383,383,51,25,11,5,0.4545,False,0.4237,True,False,0.0000
superglue,iris,CASIA-Iris-Thousand_genuine_158,383,383,630,570,133,32,0.2406,False,0.2303,True,False,2.3782
sgmnet,iris,CASIA-Iris-Thousand_genuine_158,383,383,2431,1799,47,10,0.2128,False,0.2090,True,False,1.0771
aspanformer,iris,CASIA-Iris-Thousand_genuine_158,383,383,902,902,902,285,0.3160,False,0.3025,True,False,2.3714
deepdetect,iris,CASIA-Iris-Thousand_genuine_158,383,383,7608,8942,84,73,0.8690,True,0.8690,True,True,1.0503
loftr,iris,CASIA-Iris-Thousand_genuine_159,729,729,1535,1535,1535,798,0.5199,True,0.5112,True,True,1.8368
orb,iris,CASIA-Iris-Thousand_genuine_159,729,729,90,139,8,0,,False,,True,False,
sift,iris,CASIA-Iris-Thousand_genuine_159,729,729,33,61,8,6,0.7500,True,0.7097,True,True,0.8662
superglue,iris,CASIA-Iris-Thousand_genuine_159,729,729,535,576,287,89,0.3101,False,0.2874,True,False,3.0218
sgmnet,iris,CASIA-Iris-Thousand_genuine_159,729,729,1677,1939,504,114,0.2262,False,0.2229,True,False,1.7899
aspanformer,iris,CASIA-Iris-Thousand_genuine_159,729,729,2290,2290,2290,2048,0.8943,True,0.8599,True,True,2.2856
deepdetect,iris,CASIA-Iris-Thousand_genuine_159,729,729,10647,9475,29,22,0.7586,True,0.7586,True,True,1.0758
loftr,iris,CASIA-Iris-Thousand_genuine_160,260,260,1221,1221,1221,246,0.2015,False,0.1893,True,False,2.7457
orb,iris,CASIA-Iris-Thousand_genuine_160,260,260,124,61,10,0,,False,,True,False,
sift,iris,CASIA-Iris-Thousand_genuine_160,260,260,21,17,2,0,,False,,True,False,
superglue,iris,CASIA-Iris-Thousand_genuine_160,260,260,675,573,281,53,0.1886,False,0.1770,True,False,2.7718
sgmnet,iris,CASIA-Iris-Thousand_genuine_160,260,260,2288,1693,389,44,0.1131,False,0.1119,True,False,1.7150
aspanformer,iris,CASIA-Iris-Thousand_genuine_160,260,260,1537,1537,1537,559,0.3637,False,0.3501,True,False,2.2644
deepdetect,iris,CASIA-Iris-Thousand_genuine_160,260,260,7369,7759,16,10,0.6250,True,0.6250,True,True,0.7948
loftr,iris,CASIA-Iris-Thousand_genuine_161,739,739,1228,1228,1228,448,0.3648,False,0.3509,True,False,2.2788
orb,iris,CASIA-Iris-Thousand_genuine_161,739,739,194,179,20,0,,False,,True,False,
sift,iris,CASIA-Iris-Thousand_genuine_161,739,739,59,61,6,0,,False,,True,False,
superglue,iris,CASIA-Iris-Thousand_genuine_161,739,739,642,639,44,20,0.4545,False,0.4361,True,False,2.3143
sgmnet,iris,CASIA-Iris-Thousand_genuine_161,739,739,2331,2312,365,42,0.1151,False,0.1132,True,False,1.8208
aspanformer,iris,CASIA-Iris-Thousand_genuine_161,739,739,1169,1169,1169,658,0.5629,True,0.5451,True,True,2.1407
deepdetect,iris,CASIA-Iris-Thousand_genuine_161,739,739,9060,7291,31,17,0.5484,True,0.5484,True,True,1.0392
loftr,iris,CASIA-Iris-Thousand_genuine_162,154,154,2087,2087,2087,1386,0.6641,True,0.6398,True,True,2.2449
orb,iris,CASIA-Iris-Thousand_genuine_162,154,154,79,112,19,17,0.8947,True,0.8931,True,True,1.3195
sift,iris,CASIA-Iris-Thousand_genuine_162,154,154,38,26,20,13,0.6500,True,0.6455,True,True,1.3816
superglue,iris,CASIA-Iris-Thousand_genuine_162,154,154,634,645,443,221,0.4989,True,0.4747,True,True,2.4914
sgmnet,iris,CASIA-Iris-Thousand_genuine_162,154,154,1936,1890,1027,335,0.3262,False,0.3200,True,False,1.8803
aspanformer,iris,CASIA-Iris-Thousand_genuine_162,154,154,2762,2762,2762,2301,0.8331,True,0.8331,True,True,1.3192
deepdetect,iris,CASIA-Iris-Thousand_genuine_162,154,154,10326,9510,94,84,0.8936,True,0.8936,True,True,0.9708
loftr,iris,CASIA-Iris-Thousand_genuine_163,910,910,865,865,865,264,0.3052,False,0.2959,True,False,2.1191
orb,iris,CASIA-Iris-Thousand_genuine_163,910,910,182,165,26,17,0.6538,True,0.6428,True,True,1.8029
sift,iris,CASIA-Iris-Thousand_genuine_163,910,910,20,40,4,0,,False,,True,False,
superglue,iris,CASIA-Iris-Thousand_genuine_163,910,910,446,427,183,57,0.3115,False,0.2932,True,False,2.7123
sgmnet,iris,CASIA-Iris-Thousand_genuine_163,910,910,1438,1518,238,38,0.1597,False,0.1569,True,False,1.8507
aspanformer,iris,CASIA-Iris-Thousand_genuine_163,910,910,1183,1183,1183,642,0.5427,True,0.5256,True,True,2.1413
deepdetect,iris,CASIA-Iris-Thousand_genuine_163,910,910,6700,10637,32,31,0.9688,True,0.9688,True,True,0.6739
loftr,iris,CASIA-Iris-Thousand_genuine_164,434,434,2790,2790,2790,2438,0.8738,True,0.8738,True,True,1.2948
orb,iris,CASIA-Iris-Thousand_genuine_164,434,434,394,401,82,61,0.7439,True,0.7439,True,True,1.4263
sift,iris,CASIA-Iris-Thousand_genuine_164,434,434,61,66,18,15,0.8333,True,0.8131,True,True,1.9188
superglue,iris,CASIA-Iris-Thousand_genuine_164,434,434,667,648,410,179,0.4366,False,0.4094,True,False,2.7842
sgmnet,iris,CASIA-Iris-Thousand_genuine_164,434,434,2439,2159,1058,391,0.3696,False,0.3642,True,False,1.7926
aspanformer,iris,CASIA-Iris-Thousand_genuine_164,434,434,2942,2942,2942,2797,0.9507,True,0.9507,True,True,1.0670
deepdetect,iris,CASIA-Iris-Thousand_genuine_164,434,434,8433,8628,504,503,0.9980,True,0.9980,True,True,0.5252
loftr,iris,CASIA-Iris-Thousand_genuine_165,930,930,2052,2052,2052,1106,0.5390,True,0.5172,True,True,2.3245
orb,iris,CASIA-Iris-Thousand_genuine_165,930,930,182,295,34,27,0.7941,True,0.7941,True,True,0.9077
sift,iris,CASIA-Iris-Thousand_genuine_165,930,930,30,69,9,6,0.6667,True,0.6308,True,True,0.6566
superglue,iris,CASIA-Iris-Thousand_genuine_165,930,930,599,653,316,84,0.2658,False,0.2473,True,False,2.9471
sgmnet,iris,CASIA-Iris-Thousand_genuine_165,930,930,2236,2590,822,188,0.2287,False,0.2256,True,False,1.7769
aspanformer,iris,CASIA-Iris-Thousand_genuine_165,930,930,2619,2619,2619,2121,0.8099,True,0.7949,True,True,1.8724
deepdetect,iris,CASIA-Iris-Thousand_genuine_165,930,930,5809,6662,16,15,0.9375,True,0.9375,True,True,0.9378
loftr,iris,CASIA-Iris-Thousand_genuine_166,739,739,2185,2185,2185,1429,0.6540,True,0.6442,True,True,1.8033
orb,iris,CASIA-Iris-Thousand_genuine_166,739,739,194,193,32,22,0.6875,True,0.6858,True,True,1.5411
sift,iris,CASIA-Iris-Thousand_genuine_166,739,739,59,58,20,13,0.6500,True,0.6367,True,True,1.7750
superglue,iris,CASIA-Iris-Thousand_genuine_166,739,739,642,632,400,153,0.3825,False,0.3582,True,False,2.8109
sgmnet,iris,CASIA-Iris-Thousand_genuine_166,739,739,2331,2309,1197,348,0.2907,False,0.2850,True,False,1.8967
aspanformer,iris,CASIA-Iris-Thousand_genuine_166,739,739,2860,2860,2860,2462,0.8608,True,0.8559,True,True,1.6153
deepdetect,iris,CASIA-Iris-Thousand_genuine_166,739,739,9060,8949,162,160,0.9877,True,0.9877,True,True,1.2987
loftr,iris,CASIA-Iris-Thousand_genuine_167,886,886,2140,2140,2140,1310,0.6121,True,0.5983,True,True,1.9593
orb,iris,CASIA-Iris-Thousand_genuine_167,886,886,192,208,36,24,0.6667,True,0.6660,True,True,1.5155
sift,iris,CASIA-Iris-Thousand_genuine_167,886,886,51,53,24,18,0.7500,True,0.7490,True,True,1.0919
superglue,iris,CASIA-Iris-Thousand_genuine_167,886,886,598,624,442,129,0.2919,False,0.2716,True,False,2.9395
sgmnet,iris,CASIA-Iris-Thousand_genuine_167,886,886,2034,2059,923,226,0.2449,False,0.2399,True,False,1.9106
aspanformer,iris,CASIA-Iris-Thousand_genuine_167,886,886,2523,2523,2523,2156,0.8545,True,0.8368,True,True,1.9188
deepdetect,iris,CASIA-Iris-Thousand_genuine_167,886,886,7882,7783,347,343,0.9885,True,0.9885,True,True,0.9608
loftr,iris,CASIA-Iris-Thousand_genuine_168,289,289,711,711,711,113,0.1589,False,0.1497,True,False,2.6982
orb,iris,CASIA-Iris-Thousand_genuine_168,289,289,145,77,10,0,,False,,True,False,
sift,iris,CASIA-Iris-Thousand_genuine_168,289,289,54,30,6,4,0.6667,True,0.6110,True,True,0.0000
superglue,iris,CASIA-Iris-Thousand_genuine_168,289,289,639,548,59,18,0.3051,False,0.2888,True,False,2.5730
sgmnet,iris,CASIA-Iris-Thousand_genuine_168,289,289,2133,1593,89,12,0.1348,False,0.1336,True,False,1.3222
aspanformer,iris,CASIA-Iris-Thousand_genuine_168,289,289,500,500,500,196,0.3920,False,0.3739,True,False,2.4453
deepdetect,iris,CASIA-Iris-Thousand_genuine_168,289,289,7855,8686,32,18,0.5625,True,0.5625,True,True,4.0096
loftr,iris,CASIA-Iris-Thousand_genuine_169,222,222,1546,1546,1546,438,0.2833,False,0.2705,True,False,2.4227
orb,iris,CASIA-Iris-Thousand_genuine_169,222,222,129,52,16,0,,False,,True,False,
sift,iris,CASIA-Iris-Thousand_genuine_169,222,222,43,28,3,0,,False,,True,False,
superglue,iris,CASIA-Iris-Thousand_genuine_169,222,222,625,560,158,48,0.3038,False,0.2873,True,False,2.6137
sgmnet,iris,CASIA-Iris-Thousand_genuine_169,222,222,2278,2042,538,78,0.1450,False,0.1421,True,False,1.9026
aspanformer,iris,CASIA-Iris-Thousand_genuine_169,222,222,1655,1655,1655,788,0.4761,True,0.4661,True,True,1.9264
deepdetect,iris,CASIA-Iris-Thousand_genuine_169,222,222,7400,10652,7,6,0.8571,True,0.8571,True,True,1.6844
loftr,iris,CASIA-Iris-Thousand_genuine_170,544,544,1250,1250,1250,469,0.3752,False,0.3545,True,False,2.6326
orb,iris,CASIA-Iris-Thousand_genuine_170,544,544,354,187,16,0,,False,,True,False,
sift,iris,CASIA-Iris-Thousand_genuine_170,544,544,54,46,11,0,,False,,True,False,
superglue,iris,CASIA-Iris-Thousand_genuine_170,544,544,628,510,293,56,0.1911,False,0.1816,True,False,2.5269
sgmnet,iris,CASIA-Iris-Thousand_genuine_170,544,544,1423,1640,522,111,0.2126,False,0.2090,True,False,1.8428
aspanformer,iris,CASIA-Iris-Thousand_genuine_170,544,544,1714,1714,1714,812,0.4737,True,0.4554,True,True,2.2897
deepdetect,iris,CASIA-Iris-Thousand_genuine_170,544,544,7419,8359,16,0,,False,,True,False,
loftr,iris,CASIA-Iris-Thousand_genuine_171,235,235,1529,1529,1529,792,0.5180,True,0.4955,True,True,2.3883
orb,iris,CASIA-Iris-Thousand_genuine_171,235,235,89,35,10,0,,False,,True,False,
sift,iris,CASIA-Iris-Thousand_genuine_171,235,235,26,34,2,0,,False,,True,False,
superglue,iris,CASIA-Iris-Thousand_genuine_171,235,235,572,487,171,50,0.2924,False,0.2749,True,False,2.7366
sgmnet,iris,CASIA-Iris-Thousand_genuine_171,235,235,2032,1729,669,194,0.2900,False,0.2832,True,False,1.9730
aspanformer,iris,CASIA-Iris-Thousand_genuine_171,235,235,1399,1399,1399,1077,0.7698,True,0.7559,True,True,1.8664
deepdetect,iris,CASIA-Iris-Thousand_genuine_171,235,235,7881,9874,8,6,0.7500,True,0.7500,True,True,0.3511
loftr,iris,CASIA-Iris-Thousand_genuine_172,785,785,1888,1888,1888,1462,0.7744,True,0.7744,True,True,1.2813
orb,iris,CASIA-Iris-Thousand_genuine_172,785,785,152,226,19,10,0.5263,True,0.5144,True,True,1.6029
sift,iris,CASIA-Iris-Thousand_genuine_172,785,785,25,63,5,0,,False,,True,False,
superglue,iris,CASIA-Iris-Thousand_genuine_172,785,785,666,700,360,111,0.3083,False,0.2885,True,False,2.8326
sgmnet,iris,CASIA-Iris-Thousand_genuine_172,785,785,2363,2342,857,222,0.2590,False,0.2558,True,False,1.7498
aspanformer,iris,CASIA-Iris-Thousand_genuine_172,785,785,2426,2426,2426,1865,0.7688,True,0.7688,True,True,0.8603
deepdetect,iris,CASIA-Iris-Thousand_genuine_172,785,785,6067,8162,34,30,0.8824,True,0.8824,True,True,0.6314
loftr,iris,CASIA-Iris-Thousand_genuine_173,772,772,1667,1667,1667,886,0.5315,True,0.5190,True,True,1.9752
orb,iris,CASIA-Iris-Thousand_genuine_173,772,772,24,6,0,0,,False,,True,False,
sift,iris,CASIA-Iris-Thousand_genuine_173,772,772,26,19,6,0,,False,,True,False,
superglue,iris,CASIA-Iris-Thousand_genuine_173,772,772,581,606,272,94,0.3456,False,0.3254,True,False,2.7011
sgmnet,iris,CASIA-Iris-Thousand_genuine_173,772,772,2011,1955,553,116,0.2098,False,0.2079,True,False,1.6826
aspanformer,iris,CASIA-Iris-Thousand_genuine_173,772,772,1420,1420,1420,960,0.6761,True,0.6723,True,True,1.6114
deepdetect,iris,CASIA-Iris-Thousand_genuine_173,772,772,7906,9549,23,17,0.7391,True,0.7391,True,True,1.8493
loftr,iris,CASIA-Iris-Thousand_genuine_174,000,000,1283,1283,1283,595,0.4638,False,0.4448,True,False,2.3337
orb,iris,CASIA-Iris-Thousand_genuine_174,000,000,50,230,1,0,,False,,True,False,
sift,iris,CASIA-Iris-Thousand_genuine_174,000,000,31,64,3,0,,False,,True,False,
superglue,iris,CASIA-Iris-Thousand_genuine_174,000,000,577,642,192,73,0.3802,False,0.3572,True,False,2.7509
sgmnet,iris,CASIA-Iris-Thousand_genuine_174,000,000,2119,2164,530,151,0.2849,False,0.2811,True,False,1.7718
aspanformer,iris,CASIA-Iris-Thousand_genuine_174,000,000,1445,1445,1445,775,0.5363,True,0.5215,True,True,2.0601
deepdetect,iris,CASIA-Iris-Thousand_genuine_174,000,000,12745,9337,41,33,0.8049,True,0.8049,True,True,1.7517
loftr,iris,CASIA-Iris-Thousand_genuine_175,872,872,2581,2581,2581,2331,0.9031,True,0.9031,True,True,1.2935
orb,iris,CASIA-Iris-Thousand_genuine_175,872,872,384,447,28,19,0.6786,True,0.6541,True,True,2.2168
sift,iris,CASIA-Iris-Thousand_genuine_175,872,872,27,80,10,6,0.6000,True,0.5677,True,True,0.8031
superglue,iris,CASIA-Iris-Thousand_genuine_175,872,872,695,727,507,157,0.3097,False,0.2899,True,False,2.8186
sgmnet,iris,CASIA-Iris-Thousand_genuine_175,872,872,2535,3050,1139,298,0.2616,False,0.2564,True,False,1.9037
aspanformer,iris,CASIA-Iris-Thousand_genuine_175,872,872,3018,3018,3018,3000,0.9940,True,0.9940,True,True,1.0198
deepdetect,iris,CASIA-Iris-Thousand_genuine_175,872,872,6967,7177,23,20,0.8696,True,0.8696,True,True,1.2408
loftr,iris,CASIA-Iris-Thousand_genuine_176,472,472,1501,1501,1501,759,0.5057,True,0.4878,True,True,2.2173
orb,iris,CASIA-Iris-Thousand_genuine_176,472,472,337,331,18,10,0.5556,True,0.5392,True,True,1.7408
sift,iris,CASIA-Iris-Thousand_genuine_176,472,472,55,75,7,4,0.5714,True,0.5237,True,True,0.0000
superglue,iris,CASIA-Iris-Thousand_genuine_176,472,472,668,718,160,50,0.3125,False,0.2909,True,False,2.9304
sgmnet,iris,CASIA-Iris-Thousand_genuine_176,472,472,2279,3170,446,151,0.3386,False,0.3338,True,False,1.7823
aspanformer,iris,CASIA-Iris-Thousand_genuine_176,472,472,1830,1830,1830,986,0.5388,True,0.5201,True,True,2.2072
deepdetect,iris,CASIA-Iris-Thousand_genuine_176,472,472,7681,7657,61,0,,False,,True,False,
loftr,iris,CASIA-Iris-Thousand_genuine_177,711,711,1410,1410,1410,606,0.4298,False,0.4199,True,False,1.9664
orb,iris,CASIA-Iris-Thousand_genuine_177,711,711,149,108,16,0,,False,,True,False,
sift,iris,CASIA-Iris-Thousand_genuine_177,711,711,36,22,3,0,,False,,True,False,
superglue,iris,CASIA-Iris-Thousand_genuine_177,711,711,572,578,390,115,0.2949,False,0.2752,True,False,2.8788
sgmnet,iris,CASIA-Iris-Thousand_genuine_177,711,711,1828,2113,802,213,0.2656,False,0.2617,True,False,1.7983
aspanformer,iris,CASIA-Iris-Thousand_genuine_177,711,711,2258,2258,2258,1687,0.7471,True,0.7360,True,True,1.7987
deepdetect,iris,CASIA-Iris-Thousand_genuine_177,711,711,7776,6734,19,15,0.7895,True,0.7895,True,True,0.7678
loftr,iris,CASIA-Iris-Thousand_genuine_178,028,028,1045,1045,1045,343,0.3282,False,0.3117,True,False,2.5358
orb,iris,CASIA-Iris-Thousand_genuine_178,028,028,20,90,2,0,,False,,True,False,
sift,iris,CASIA-Iris-Thousand_genuine_178,028,028,26,32,4,4,1.0000,True,0.9165,True,True,0.0000
superglue,iris,CASIA-Iris-Thousand_genuine_178,028,028,647,528,210,56,0.2667,False,0.2480,True,False,2.9535
sgmnet,iris,CASIA-Iris-Thousand_genuine_178,028,028,2579,1594,412,81,0.1966,False,0.1925,True,False,1.9210
aspanformer,iris,CASIA-Iris-Thousand_genuine_178,028,028,1747,1747,1747,842,0.4820,True,0.4724,True,True,1.9003
deepdetect,iris,CASIA-Iris-Thousand_genuine_178,028,028,10025,10170,7,7,1.0000,True,1.0000,True,True,0.4707
loftr,iris,CASIA-Iris-Thousand_genuine_179,162,162,1215,1215,1215,376,0.3095,False,0.2927,True,False,2.6139
orb,iris,CASIA-Iris-Thousand_genuine_179,162,162,176,176,22,14,0.6364,True,0.6259,True,True,1.7314
sift,iris,CASIA-Iris-Thousand_genuine_179,162,162,44,31,5,5,1.0000,True,0.9322,True,True,1.0816
superglue,iris,CASIA-Iris-Thousand_genuine_179,162,162,581,580,235,73,0.3106,False,0.2927,True,False,2.6881
sgmnet,iris,CASIA-Iris-Thousand_genuine_179,162,162,2320,2016,384,53,0.1380,False,0.1356,True,False,1.8505
aspanformer,iris,CASIA-Iris-Thousand_genuine_179,162,162,1495,1495,1495,802,0.5365,True,0.5129,True,True,2.3997
deepdetect,iris,CASIA-Iris-Thousand_genuine_179,162,162,8040,7201,44,33,0.7500,True,0.7500,True,True,1.9537
loftr,iris,CASIA-Iris-Thousand_genuine_180,528,528,1904,1904,1904,1337,0.7022,True,0.6967,True,True,1.6585
orb,iris,CASIA-Iris-Thousand_genuine_180,528,528,152,81,18,0,,False,,True,False,
sift,iris,CASIA-Iris-Thousand_genuine_180,528,528,35,14,9,0,,False,,True,False,
superglue,iris,CASIA-Iris-Thousand_genuine_180,528,528,702,734,411,189,0.4599,False,0.4324,True,False,2.7296
sgmnet,iris,CASIA-Iris-Thousand_genuine_180,528,528,2474,2355,1039,377,0.3628,False,0.3577,True,False,1.7876
aspanformer,iris,CASIA-Iris-Thousand_genuine_180,528,528,2250,2250,2250,1737,0.7720,True,0.7645,True,True,1.6947
deepdetect,iris,CASIA-Iris-Thousand_genuine_180,528,528,7319,9157,37,31,0.8378,True,0.8378,True,True,0.2939
loftr,iris,CASIA-Iris-Thousand_genuine_181,447,447,237,237,237,38,0.1603,False,0.1527,True,False,2.4714
orb,iris,CASIA-Iris-Thousand_genuine_181,447,447,56,74,9,0,,False,,True,False,
sift,iris,CASIA-Iris-Thousand_genuine_181,447,447,30,37,10,0,,False,,True,False,
superglue,iris,CASIA-Iris-Thousand_genuine_181,447,447,631,247,103,39,0.3786,False,0.3589,True,False,2.5694
sgmnet,iris,CASIA-Iris-Thousand_genuine_181,447,447,2158,1300,465,136,0.2925,False,0.2870,True,False,1.8752
aspanformer,iris,CASIA-Iris-Thousand_genuine_181,447,447,625,625,625,362,0.5792,True,0.5489,True,True,2.5754
deepdetect,iris,CASIA-Iris-Thousand_genuine_181,447,447,8503,5095,8,8,1.0000,True,1.0000,True,True,0.5275
loftr,iris,CASIA-Iris-Thousand_genuine_182,348,348,1337,1337,1337,351,0.2625,False,0.2444,True,False,2.9279
orb,iris,CASIA-Iris-Thousand_genuine_182,348,348,109,56,21,15,0.7143,True,0.7082,True,True,1.5996
sift,iris,CASIA-Iris-Thousand_genuine_182,348,348,47,29,11,6,0.5455,True,0.5161,True,True,1.3584
superglue,iris,CASIA-Iris-Thousand_genuine_182,348,348,631,589,307,77,0.2508,False,0.2343,True,False,2.8611
sgmnet,iris,CASIA-Iris-Thousand_genuine_182,348,348,2168,2104,271,35,0.1292,False,0.1289,True,False,1.5364
aspanformer,iris,CASIA-Iris-Thousand_genuine_182,348,348,1654,1654,1654,703,0.4250,True,0.4101,True,True,2.2155
deepdetect,iris,CASIA-Iris-Thousand_genuine_182,348,348,8264,9953,13,12,0.9231,True,0.9231,True,True,0.6680
loftr,iris,CASIA-Iris-Thousand_genuine_183,084,084,1141,1141,1141,261,0.2287,False,0.2158,True,False,2.6683
orb,iris,CASIA-Iris-Thousand_genuine_183,084,084,84,47,15,0,,False,,True,False,
sift,iris,CASIA-Iris-Thousand_genuine_183,084,084,39,26,7,4,0.5714,True,0.5237,True,True,0.0000
superglue,iris,CASIA-Iris-Thousand_genuine_183,084,084,590,594,128,38,0.2969,False,0.2805,True,False,2.6365
sgmnet,iris,CASIA-Iris-Thousand_genuine_183,084,084,1894,2032,151,27,0.1788,False,0.1787,True,False,1.5158
aspanformer,iris,CASIA-Iris-Thousand_genuine_183,084,084,1018,1018,1018,353,0.3468,False,0.3318,True,False,2.3843
deepdetect,iris,CASIA-Iris-Thousand_genuine_183,084,084,8950,10841,14,10,0.7143,True,0.7143,True,True,1.5976
loftr,iris,CASIA-Iris-Thousand_genuine_184,350,350,510,510,510,67,0.1314,False,0.1251,True,False,2.4817
orb,iris,CASIA-Iris-Thousand_genuine_184,350,350,19,95,0,0,,False,,True,False,
sift,iris,CASIA-Iris-Thousand_genuine_184,350,350,21,23,0,0,,False,,True,False,
superglue,iris,CASIA-Iris-Thousand_genuine_184,350,350,508,623,40,14,0.3500,False,0.3347,True,False,2.2933
sgmnet,iris,CASIA-Iris-Thousand_genuine_184,350,350,2064,2255,167,15,0.0898,False,0.0895,True,False,1.4197
aspanformer,iris,CASIA-Iris-Thousand_genuine_184,350,350,392,392,392,144,0.3673,False,0.3447,True,False,2.7703
deepdetect,iris,CASIA-Iris-Thousand_genuine_184,350,350,9142,7811,6,5,0.8333,True,0.8333,True,True,0.1881
loftr,iris,CASIA-Iris-Thousand_genuine_185,826,826,1753,1753,1753,662,0.3776,False,0.3636,True,False,2.2585
orb,iris,CASIA-Iris-Thousand_genuine_185,826,826,125,163,12,0,,False,,True,False,
sift,iris,CASIA-Iris-Thousand_genuine_185,826,826,45,35,2,0,,False,,True,False,
superglue,iris,CASIA-Iris-Thousand_genuine_185,826,826,631,646,391,89,0.2276,False,0.2145,True,False,2.6891
sgmnet,iris,CASIA-Iris-Thousand_genuine_185,826,826,2283,2290,831,126,0.1516,False,0.1490,True,False,1.8456
aspanformer,iris,CASIA-Iris-Thousand_genuine_185,826,826,2293,2293,2293,1200,0.5233,True,0.5205,True,True,1.6083
deepdetect,iris,CASIA-Iris-Thousand_genuine_185,826,826,6469,5897,54,44,0.8148,True,0.8148,True,True,1.7636
loftr,iris,CASIA-Iris-Thousand_genuine_186,114,114,2233,2233,2233,1516,0.6789,True,0.6656,True,True,1.8954
orb,iris,CASIA-Iris-Thousand_genuine_186,114,114,417,384,61,40,0.6557,True,0.6457,True,True,1.8092
sift,iris,CASIA-Iris-Thousand_genuine_186,114,114,84,64,18,12,0.6667,True,0.6546,True,True,1.6738
superglue,iris,CASIA-Iris-Thousand_genuine_186,114,114,606,587,423,143,0.3381,False,0.3147,True,False,2.9304
sgmnet,iris,CASIA-Iris-Thousand_genuine_186,114,114,2021,2044,900,261,0.2900,False,0.2864,True,False,1.7464
aspanformer,iris,CASIA-Iris-Thousand_genuine_186,114,114,2839,2839,2839,2549,0.8979,True,0.8979,True,True,1.2098
deepdetect,iris,CASIA-Iris-Thousand_genuine_186,114,114,10047,10265,91,76,0.8352,True,0.8352,True,True,1.0822
loftr,iris,CASIA-Iris-Thousand_genuine_187,124,124,1270,1270,1270,326,0.2567,False,0.2518,True,False,1.8881
orb,iris,CASIA-Iris-Thousand_genuine_187,124,124,104,25,3,0,,False,,True,False,
sift,iris,CASIA-Iris-Thousand_genuine_187,124,124,28,15,3,0,,False,,True,False,
superglue,iris,CASIA-Iris-Thousand_genuine_187,124,124,634,662,284,52,0.1831,False,0.1723,True,False,2.7162
sgmnet,iris,CASIA-Iris-Thousand_genuine_187,124,124,2248,2163,210,18,0.0857,False,0.0856,True,False,1.4349
aspanformer,iris,CASIA-Iris-Thousand_genuine_187,124,124,1044,1044,1044,350,0.3352,False,0.3347,True,False,1.5347
deepdetect,iris,CASIA-Iris-Thousand_genuine_187,124,124,7362,8334,8,6,0.7500,True,0.7500,True,True,0.6040
loftr,iris,CASIA-Iris-Thousand_genuine_188,707,707,1448,1448,1448,490,0.3384,False,0.3246,True,False,2.3304
orb,iris,CASIA-Iris-Thousand_genuine_188,707,707,120,47,3,0,,False,,True,False,
sift,iris,CASIA-Iris-Thousand_genuine_188,707,707,26,23,1,0,,False,,True,False,
superglue,iris,CASIA-Iris-Thousand_genuine_188,707,707,626,653,356,75,0.2107,False,0.1955,True,False,2.9990
sgmnet,iris,CASIA-Iris-Thousand_genuine_188,707,707,2424,2099,547,131,0.2395,False,0.2360,True,False,1.7898
aspanformer,iris,CASIA-Iris-Thousand_genuine_188,707,707,1489,1489,1489,625,0.4197,True,0.4014,True,True,2.3956
deepdetect,iris,CASIA-Iris-Thousand_genuine_188,707,707,6564,8906,28,25,0.8929,True,0.8929,True,True,0.5559
loftr,iris,CASIA-Iris-Thousand_genuine_189,100,100,1257,1257,1257,268,0.2132,False,0.2007,True,False,2.7065
orb,iris,CASIA-Iris-Thousand_genuine_189,100,100,144,66,11,0,,False,,True,False,
sift,iris,CASIA-Iris-Thousand_genuine_189,100,100,39,66,7,0,,False,,True,False,
superglue,iris,CASIA-Iris-Thousand_genuine_189,100,100,689,683,239,67,0.2803,False,0.2650,True,False,2.6232
sgmnet,iris,CASIA-Iris-Thousand_genuine_189,100,100,2591,2808,387,35,0.0904,False,0.0899,True,False,1.6256
aspanformer,iris,CASIA-Iris-Thousand_genuine_189,100,100,1454,1454,1454,659,0.4532,True,0.4395,True,True,2.1134
deepdetect,iris,CASIA-Iris-Thousand_genuine_189,100,100,7298,9468,7,6,0.8571,True,0.8571,True,True,1.1328
loftr,iris,CASIA-Iris-Thousand_genuine_190,775,775,1262,1262,1262,423,0.3352,False,0.3188,True,False,2.4997
orb,iris,CASIA-Iris-Thousand_genuine_190,775,775,51,108,1,0,,False,,True,False,
sift,iris,CASIA-Iris-Thousand_genuine_190,775,775,21,25,7,4,0.5714,True,0.5237,True,True,0.0000
superglue,iris,CASIA-Iris-Thousand_genuine_190,775,775,567,599,130,39,0.3000,False,0.2859,True,False,2.4596
sgmnet,iris,CASIA-Iris-Thousand_genuine_190,775,775,2052,1914,515,78,0.1515,False,0.1494,True,False,1.7761
aspanformer,iris,CASIA-Iris-Thousand_genuine_190,775,775,1571,1571,1571,616,0.3921,False,0.3821,True,False,2.0176
deepdetect,iris,CASIA-Iris-Thousand_genuine_190,775,775,7584,8432,44,34,0.7727,True,0.7727,True,True,0.8073
loftr,iris,CASIA-Iris-Thousand_genuine_191,183,183,988,988,988,230,0.2328,False,0.2199,True,False,2.6423
orb,iris,CASIA-Iris-Thousand_genuine_191,183,183,54,25,5,0,,False,,True,False,
sift,iris,CASIA-Iris-Thousand_genuine_191,183,183,17,19,6,0,,False,,True,False,
superglue,iris,CASIA-Iris-Thousand_genuine_191,183,183,596,475,61,18,0.2951,False,0.2791,True,False,2.5868
sgmnet,iris,CASIA-Iris-Thousand_genuine_191,183,183,2205,1466,56,13,0.2321,False,0.2303,True,False,1.5179
aspanformer,iris,CASIA-Iris-Thousand_genuine_191,183,183,1101,1101,1101,363,0.3297,False,0.3100,True,False,2.7347
deepdetect,iris,CASIA-Iris-Thousand_genuine_191,183,183,9345,10397,12,11,0.9167,True,0.9167,True,True,1.2184
loftr,iris,CASIA-Iris-Thousand_genuine_192,186,186,2812,2812,2812,2654,0.9438,True,0.9438,True,True,1.2088
orb,iris,CASIA-Iris-Thousand_genuine_192,186,186,276,281,85,63,0.7412,True,0.7388,True,True,1.5636
sift,iris,CASIA-Iris-Thousand_genuine_192,186,186,54,41,21,17,0.8095,True,0.8080,True,True,1.4584
superglue,iris,CASIA-Iris-Thousand_genuine_192,186,186,718,729,558,186,0.3333,False,0.3178,True,False,2.4539
sgmnet,iris,CASIA-Iris-Thousand_genuine_192,186,186,2469,2357,1113,557,0.5004,True,0.4940,True,True,1.7598
aspanformer,iris,CASIA-Iris-Thousand_genuine_192,186,186,3057,3057,3057,3001,0.9817,True,0.9817,True,True,0.9691
deepdetect,iris,CASIA-Iris-Thousand_genuine_192,186,186,7329,7180,836,836,1.0000,True,1.0000,True,True,0.4714
loftr,iris,CASIA-Iris-Thousand_genuine_193,960,960,954,954,954,281,0.2945,False,0.2786,True,False,2.6137
orb,iris,CASIA-Iris-Thousand_genuine_193,960,960,98,103,4,0,,False,,True,False,
sift,iris,CASIA-Iris-Thousand_genuine_193,960,960,34,43,5,0,,False,,True,False,
superglue,iris,CASIA-Iris-Thousand_genuine_193,960,960,590,488,53,16,0.3019,False,0.2908,True,False,2.1995
sgmnet,iris,CASIA-Iris-Thousand_genuine_193,960,960,1791,1474,119,29,0.2437,False,0.2434,True,False,1.5241
aspanformer,iris,CASIA-Iris-Thousand_genuine_193,960,960,657,657,657,254,0.3866,False,0.3685,True,False,2.4611
deepdetect,iris,CASIA-Iris-Thousand_genuine_193,960,960,6497,7431,4,4,1.0000,True,1.0000,True,True,0.0000
loftr,iris,CASIA-Iris-Thousand_genuine_194,692,692,818,818,818,187,0.2286,False,0.2267,True,False,1.6687
orb,iris,CASIA-Iris-Thousand_genuine_194,692,692,364,179,29,0,,False,,True,False,
sift,iris,CASIA-Iris-Thousand_genuine_194,692,692,37,42,6,0,,False,,True,False,
superglue,iris,CASIA-Iris-Thousand_genuine_194,692,692,630,552,64,19,0.2969,False,0.2845,True,False,2.3350
sgmnet,iris,CASIA-Iris-Thousand_genuine_194,692,692,2357,1983,209,31,0.1483,False,0.1482,True,False,1.5118
aspanformer,iris,CASIA-Iris-Thousand_genuine_194,692,692,807,807,807,340,0.4213,True,0.4097,True,True,2.0566
deepdetect,iris,CASIA-Iris-Thousand_genuine_194,692,692,6577,8114,24,15,0.6250,True,0.6250,True,True,1.9773
loftr,iris,CASIA-Iris-Thousand_genuine_195,800,800,2550,2550,2550,2060,0.8078,True,0.8078,True,True,1.1861
orb,iris,CASIA-Iris-Thousand_genuine_195,800,800,89,129,22,14,0.6364,True,0.6286,True,True,1.6460
sift,iris,CASIA-Iris-Thousand_genuine_195,800,800,34,35,17,8,0.4706,True,0.4556,True,True,0.7583
superglue,iris,CASIA-Iris-Thousand_genuine_195,800,800,638,661,455,203,0.4462,False,0.4270,True,False,2.3793
sgmnet,iris,CASIA-Iris-Thousand_genuine_195,800,800,2053,2116,1005,379,0.3771,False,0.3707,True,False,1.8413
aspanformer,iris,CASIA-Iris-Thousand_genuine_195,800,800,3004,3004,3004,2880,0.9587,True,0.9587,True,True,1.2157
deepdetect,iris,CASIA-Iris-Thousand_genuine_195,800,800,9233,7607,352,347,0.9858,True,0.9858,True,True,1.9795
loftr,iris,CASIA-Iris-Thousand_genuine_196,240,240,1203,1203,1203,379,0.3150,False,0.2979,True,False,2.6210
orb,iris,CASIA-Iris-Thousand_genuine_196,240,240,5,25,0,0,,False,,True,False,
sift,iris,CASIA-Iris-Thousand_genuine_196,240,240,7,6,0,0,,False,,True,False,
superglue,iris,CASIA-Iris-Thousand_genuine_196,240,240,561,582,199,61,0.3065,False,0.2947,True,False,2.2842
sgmnet,iris,CASIA-Iris-Thousand_genuine_196,240,240,2106,1912,290,38,0.1310,False,0.1301,True,False,1.6373
aspanformer,iris,CASIA-Iris-Thousand_genuine_196,240,240,1942,1942,1942,1035,0.5330,True,0.5080,True,True,2.4600
deepdetect,iris,CASIA-Iris-Thousand_genuine_196,240,240,8086,9063,17,12,0.7059,True,0.7059,True,True,1.7900
loftr,iris,CASIA-Iris-Thousand_genuine_197,386,386,829,829,829,155,0.1870,False,0.1766,True,False,2.6404
orb,iris,CASIA-Iris-Thousand_genuine_197,386,386,327,185,15,0,,False,,True,False,
sift,iris,CASIA-Iris-Thousand_genuine_197,386,386,57,33,10,0,,False,,True,False,
superglue,iris,CASIA-Iris-Thousand_genuine_197,386,386,517,484,98,36,0.3673,False,0.3460,True,False,2.6949
sgmnet,iris,CASIA-Iris-Thousand_genuine_197,386,386,1826,1394,24,8,0.3333,False,0.3227,True,False,0.6684
aspanformer,iris,CASIA-Iris-Thousand_genuine_197,386,386,807,807,807,313,0.3879,False,0.3704,True,False,2.4196
deepdetect,iris,CASIA-Iris-Thousand_genuine_197,386,386,6672,6475,9,0,,False,,True,False,
loftr,iris,CASIA-Iris-Thousand_genuine_198,768,768,1812,1812,1812,1065,0.5877,True,0.5759,True,True,1.9071
orb,iris,CASIA-Iris-Thousand_genuine_198,768,768,195,176,17,10,0.5882,True,0.5649,True,True,1.9516
sift,iris,CASIA-Iris-Thousand_genuine_198,768,768,28,39,3,0,,False,,True,False,
superglue,iris,CASIA-Iris-Thousand_genuine_198,768,768,779,668,413,111,0.2688,False,0.2526,True,False,2.7386
sgmnet,iris,CASIA-Iris-Thousand_genuine_198,768,768,2635,2563,700,188,0.2686,False,0.2643,True,False,1.8175
aspanformer,iris,CASIA-Iris-Thousand_genuine_198,768,768,2410,2410,2410,1892,0.7851,True,0.7802,True,True,1.6245
deepdetect,iris,CASIA-Iris-Thousand_genuine_198,768,768,6093,6548,91,90,0.9890,True,0.9890,True,True,1.1750
loftr,iris,CASIA-Iris-Thousand_genuine_199,883,883,396,396,396,198,0.5000,True,0.4844,True,True,2.1352
orb,iris,CASIA-Iris-Thousand_genuine_199,883,883,176,168,19,0,,False,,True,False,
sift,iris,CASIA-Iris-Thousand_genuine_199,883,883,44,47,13,0,,False,,True,False,
superglue,iris,CASIA-Iris-Thousand_genuine_199,883,883,139,213,82,36,0.4390,False,0.4188,True,False,2.4424
sgmnet,iris,CASIA-Iris-Thousand_genuine_199,883,883,700,1199,309,155,0.5016,True,0.4995,True,True,1.5851
aspanformer,iris,CASIA-Iris-Thousand_genuine_199,883,883,732,732,732,330,0.4508,True,0.4230,True,True,2.7717
deepdetect,iris,CASIA-Iris-Thousand_genuine_199,883,883,5688,4097,9,0,,False,,True,False,
loftr,iris,CASIA-Iris-Thousand_genuine_200,616,616,929,929,929,282,0.3036,False,0.2907,True,False,2.3656
orb,iris,CASIA-Iris-Thousand_genuine_200,616,616,67,216,5,0,,False,,True,False,
sift,iris,CASIA-Iris-Thousand_genuine_200,616,616,18,59,3,0,,False,,True,False,
superglue,iris,CASIA-Iris-Thousand_genuine_200,616,616,575,606,60,23,0.3833,False,0.3775,True,False,1.7998
sgmnet,iris,CASIA-Iris-Thousand_genuine_200,616,616,1881,2042,204,21,0.1029,False,0.1029,True,False,1.4101
aspanformer,iris,CASIA-Iris-Thousand_genuine_200,616,616,1625,1625,1625,890,0.5477,True,0.5477,True,True,1.4458
deepdetect,iris,CASIA-Iris-Thousand_genuine_200,616,616,7138,8390,12,10,0.8333,True,0.8333,True,True,0.7513
loftr,iris,CASIA-Iris-Thousand_genuine_201,308,308,1828,1828,1828,1141,0.6242,True,0.5972,True,True,2.3847
orb,iris,CASIA-Iris-Thousand_genuine_201,308,308,26,33,3,0,,False,,True,False,
sift,iris,CASIA-Iris-Thousand_genuine_201,308,308,39,27,13,8,0.6154,True,0.5595,True,True,2.7583
superglue,iris,CASIA-Iris-Thousand_genuine_201,308,308,610,613,412,150,0.3641,False,0.3358,True,False,3.1144
sgmnet,iris,CASIA-Iris-Thousand_genuine_201,308,308,1734,1981,770,259,0.3364,False,0.3322,True,False,1.7481
aspanformer,iris,CASIA-Iris-Thousand_genuine_201,308,308,2102,2102,2102,1726,0.8211,True,0.7889,True,True,2.2994
deepdetect,iris,CASIA-Iris-Thousand_genuine_201,308,308,9719,10054,197,182,0.9239,True,0.9239,True,True,0.9171
loftr,iris,CASIA-Iris-Thousand_genuine_202,785,785,1202,1202,1202,244,0.2030,False,0.1966,True,False,2.1449
orb,iris,CASIA-Iris-Thousand_genuine_202,785,785,344,125,28,0,,False,,True,False,
sift,iris,CASIA-Iris-Thousand_genuine_202,785,785,182,9,13,0,,False,,True,False,
superglue,iris,CASIA-Iris-Thousand_genuine_202,785,785,645,535,241,62,0.2573,False,0.2394,True,False,2.9411
sgmnet,iris,CASIA-Iris-Thousand_genuine_202,785,785,3198,1993,35,7,0.2000,False,0.1917,True,False,0.9801
aspanformer,iris,CASIA-Iris-Thousand_genuine_202,785,785,802,802,802,237,0.2955,False,0.2822,True,False,2.4243
deepdetect,iris,CASIA-Iris-Thousand_genuine_202,785,785,6936,5936,4,0,,False,,True,False,
loftr,iris,CASIA-Iris-Thousand_genuine_203,292,292,1444,1444,1444,463,0.3206,False,0.3002,True,False,2.8186
orb,iris,CASIA-Iris-Thousand_genuine_203,292,292,208,253,18,14,0.7778,True,0.7739,True,True,1.2911
sift,iris,CASIA-Iris-Thousand_genuine_203,292,292,44,46,15,6,0.4000,False,0.3785,True,False,0.3155
superglue,iris,CASIA-Iris-Thousand_genuine_203,292,292,618,662,370,131,0.3541,False,0.3293,True,False,2.9477
sgmnet,iris,CASIA-Iris-Thousand_genuine_203,292,292,1986,2266,541,130,0.2403,False,0.2354,True,False,1.9159
aspanformer,iris,CASIA-Iris-Thousand_genuine_203,292,292,1708,1708,1708,997,0.5837,True,0.5685,True,True,2.0281
deepdetect,iris,CASIA-Iris-Thousand_genuine_203,292,292,7444,8173,100,96,0.9600,True,0.9600,True,True,0.8218
loftr,iris,CASIA-Iris-Thousand_genuine_204,453,453,1812,1812,1812,1213,0.6694,True,0.6694,True,True,1.4223
orb,iris,CASIA-Iris-Thousand_genuine_204,453,453,60,38,11,8,0.7273,True,0.7042,True,True,1.1881
sift,iris,CASIA-Iris-Thousand_genuine_204,453,453,10,13,7,5,0.7143,True,0.6658,True,True,0.4939
superglue,iris,CASIA-Iris-Thousand_genuine_204,453,453,526,482,337,122,0.3620,False,0.3457,True,False,2.4206
sgmnet,iris,CASIA-Iris-Thousand_genuine_204,453,453,1566,1576,737,233,0.3161,False,0.3112,True,False,1.8182
aspanformer,iris,CASIA-Iris-Thousand_genuine_204,453,453,2873,2873,2873,2703,0.9408,True,0.9408,True,True,1.1301
deepdetect,iris,CASIA-Iris-Thousand_genuine_204,453,453,7322,8095,187,186,0.9947,True,0.9947,True,True,0.5844
loftr,iris,CASIA-Iris-Thousand_genuine_205,581,581,907,907,907,205,0.2260,False,0.2166,True,False,2.3519
orb,iris,CASIA-Iris-Thousand_genuine_205,581,581,214,179,12,0,,False,,True,False,
sift,iris,CASIA-Iris-Thousand_genuine_205,581,581,29,38,3,0,,False,,True,False,
superglue,iris,CASIA-Iris-Thousand_genuine_205,581,581,584,609,134,34,0.2537,False,0.2400,True,False,2.6102
sgmnet,iris,CASIA-Iris-Thousand_genuine_205,581,581,2045,2334,209,36,0.1722,False,0.1704,True,False,1.7189
aspanformer,iris,CASIA-Iris-Thousand_genuine_205,581,581,1142,1142,1142,552,0.4834,True,0.4714,True,True,2.0030
deepdetect,iris,CASIA-Iris-Thousand_genuine_205,581,581,6163,8733,0,0,,False,,True,False,
loftr,iris,CASIA-Iris-Thousand_genuine_206,978,978,1670,1670,1670,510,0.3054,False,0.2956,True,False,2.1515
orb,iris,CASIA-Iris-Thousand_genuine_206,978,978,162,127,21,0,,False,,True,False,
sift,iris,CASIA-Iris-Thousand_genuine_206,978,978,36,31,7,5,0.7143,True,0.6658,True,True,0.4098
superglue,iris,CASIA-Iris-Thousand_genuine_206,978,978,552,429,331,96,0.2900,False,0.2722,True,False,2.7662
sgmnet,iris,CASIA-Iris-Thousand_genuine_206,978,978,1631,1333,500,75,0.1500,False,0.1477,True,False,1.8155
aspanformer,iris,CASIA-Iris-Thousand_genuine_206,978,978,2112,2112,2112,1116,0.5284,True,0.5243,True,True,1.6547
deepdetect,iris,CASIA-Iris-Thousand_genuine_206,978,978,9501,10428,26,23,0.8846,True,0.8846,True,True,1.5780
loftr,iris,CASIA-Iris-Thousand_genuine_207,946,946,720,720,720,503,0.6986,True,0.6759,True,True,2.1615
orb,iris,CASIA-Iris-Thousand_genuine_207,946,946,48,20,1,0,,False,,True,False,
sift,iris,CASIA-Iris-Thousand_genuine_207,946,946,18,4,4,0,,False,,True,False,
superglue,iris,CASIA-Iris-Thousand_genuine_207,946,946,169,150,59,24,0.4068,False,0.3880,True,False,2.4404
sgmnet,iris,CASIA-Iris-Thousand_genuine_207,946,946,1089,954,388,159,0.4098,True,0.4043,True,True,1.7719
aspanformer,iris,CASIA-Iris-Thousand_genuine_207,946,946,1398,1398,1398,656,0.4692,True,0.4427,True,True,2.6658
deepdetect,iris,CASIA-Iris-Thousand_genuine_207,946,946,4032,4307,95,90,0.9474,True,0.9474,True,True,0.8268
loftr,iris,CASIA-Iris-Thousand_genuine_208,543,543,1113,1113,1113,183,0.1644,False,0.1551,True,False,2.6719
orb,iris,CASIA-Iris-Thousand_genuine_208,543,543,166,15,2,0,,False,,True,False,
sift,iris,CASIA-Iris-Thousand_genuine_208,543,543,19,8,0,0,,False,,True,False,
superglue,iris,CASIA-Iris-Thousand_genuine_208,543,543,586,623,120,23,0.1917,False,0.1842,True,False,2.2900
sgmnet,iris,CASIA-Iris-Thousand_genuine_208,543,543,2432,2094,148,29,0.1959,False,0.1959,True,False,1.3716
aspanformer,iris,CASIA-Iris-Thousand_genuine_208,543,543,842,842,842,281,0.3337,False,0.3134,True,False,2.7546
deepdetect,iris,CASIA-Iris-Thousand_genuine_208,543,543,7105,8669,10,0,,False,,True,False,
loftr,iris,CASIA-Iris-Thousand_genuine_209,638,638,1645,1645,1645,566,0.3441,False,0.3277,True,False,2.4748
orb,iris,CASIA-Iris-Thousand_genuine_209,638,638,194,198,16,10,0.6250,True,0.5888,True,True,2.3377
sift,iris,CASIA-Iris-Thousand_genuine_209,638,638,56,56,11,0,,False,,True,False,
superglue,iris,CASIA-Iris-Thousand_genuine_209,638,638,622,650,338,74,0.2189,False,0.2066,True,False,2.6568
sgmnet,iris,CASIA-Iris-Thousand_genuine_209,638,638,2353,2672,529,80,0.1512,False,0.1483,True,False,1.8884
aspanformer,iris,CASIA-Iris-Thousand_genuine_209,638,638,1693,1693,1693,807,0.4767,True,0.4599,True,True,2.2180
deepdetect,iris,CASIA-Iris-Thousand_genuine_209,638,638,7158,8363,15,14,0.9333,True,0.9333,True,True,0.8219
loftr,iris,CASIA-Iris-Thousand_genuine_210,753,753,1092,1092,1092,210,0.1923,False,0.1804,True,False,2.7828
orb,iris,CASIA-Iris-Thousand_genuine_210,753,753,289,106,20,0,,False,,True,False,
sift,iris,CASIA-Iris-Thousand_genuine_210,753,753,67,40,5,0,,False,,True,False,
superglue,iris,CASIA-Iris-Thousand_genuine_210,753,753,629,545,42,15,0.3571,False,0.3453,True,False,2.1036
sgmnet,iris,CASIA-Iris-Thousand_genuine_210,753,753,2211,1734,139,12,0.0863,False,0.0855,True,False,1.4735
aspanformer,iris,CASIA-Iris-Thousand_genuine_210,753,753,567,567,567,186,0.3280,False,0.3145,True,False,2.3415
deepdetect,iris,CASIA-Iris-Thousand_genuine_210,753,753,9469,10640,29,22,0.7586,True,0.7586,True,True,1.7277
loftr,iris,CASIA-Iris-Thousand_genuine_211,657,657,1566,1566,1566,484,0.3091,False,0.2941,True,False,2.4957
orb,iris,CASIA-Iris-Thousand_genuine_211,657,657,113,86,5,0,,False,,True,False,
sift,iris,CASIA-Iris-Thousand_genuine_211,657,657,30,18,4,0,,False,,True,False,
superglue,iris,CASIA-Iris-Thousand_genuine_211,657,657,658,599,319,62,0.1944,False,0.1839,True,False,2.6060
sgmnet,iris,CASIA-Iris-Thousand_genuine_211,657,657,2288,1924,575,75,0.1304,False,0.1285,True,False,1.7997
aspanformer,iris,CASIA-Iris-Thousand_genuine_211,657,657,1545,1545,1545,673,0.4356,True,0.4138,True,True,2.5282
deepdetect,iris,CASIA-Iris-Thousand_genuine_211,657,657,8268,9428,25,19,0.7600,True,0.7600,True,True,2.0534
loftr,iris,CASIA-Iris-Thousand_genuine_212,176,176,1281,1281,1281,305,0.2381,False,0.2267,True,False,2.4832
orb,iris,CASIA-Iris-Thousand_genuine_212,176,176,231,120,32,17,0.5312,True,0.5164,True,True,2.0280
sift,iris,CASIA-Iris-Thousand_genuine_212,176,176,40,39,9,6,0.6667,True,0.6308,True,True,0.7356
superglue,iris,CASIA-Iris-Thousand_genuine_212,176,176,606,608,145,42,0.2897,False,0.2760,True,False,2.4629
sgmnet,iris,CASIA-Iris-Thousand_genuine_212,176,176,2131,2289,467,45,0.0964,False,0.0961,True,False,1.5437
aspanformer,iris,CASIA-Iris-Thousand_genuine_212,176,176,1603,1603,1603,660,0.4117,True,0.4046,True,True,1.8496
deepdetect,iris,CASIA-Iris-Thousand_genuine_212,176,176,8109,9767,23,19,0.8261,True,0.8261,True,True,2.4400
loftr,iris,CASIA-Iris-Thousand_genuine_213,361,361,1652,1652,1652,901,0.5454,True,0.5321,True,True,1.9952
orb,iris,CASIA-Iris-Thousand_genuine_213,361,361,145,209,12,6,0.5000,True,0.4731,True,True,1.0127
sift,iris,CASIA-Iris-Thousand_genuine_213,361,361,32,54,7,5,0.7143,True,0.6658,True,True,0.5696
superglue,iris,CASIA-Iris-Thousand_genuine_213,361,361,633,649,335,83,0.2478,False,0.2289,True,False,3.0857
sgmnet,iris,CASIA-Iris-Thousand_genuine_213,361,361,2119,2226,878,249,0.2836,False,0.2793,True,False,1.8075
aspanformer,iris,CASIA-Iris-Thousand_genuine_213,361,361,1724,1724,1724,1118,0.6485,True,0.6307,True,True,2.0555
deepdetect,iris,CASIA-Iris-Thousand_genuine_213,361,361,6828,7108,63,36,0.5714,True,0.5714,True,True,2.3224
loftr,iris,CASIA-Iris-Thousand_genuine_214,327,327,812,812,812,153,0.1884,False,0.1839,True,False,1.9808
orb,iris,CASIA-Iris-Thousand_genuine_214,327,327,140,76,7,0,,False,,True,False,
sift,iris,CASIA-Iris-Thousand_genuine_214,327,327,49,20,4,0,,False,,True,False,
superglue,iris,CASIA-Iris-Thousand_genuine_214,327,327,551,562,121,35,0.2893,False,0.2750,True,False,2.5138
sgmnet,iris,CASIA-Iris-Thousand_genuine_214,327,327,1775,1699,44,7,0.1591,False,0.1525,True,False,1.1661
aspanformer,iris,CASIA-Iris-Thousand_genuine_214,327,327,674,674,674,214,0.3175,False,0.3029,True,False,2.4435
deepdetect,iris,CASIA-Iris-Thousand_genuine_214,327,327,8055,10189,11,10,0.9091,True,0.9091,True,True,1.6067
loftr,iris,CASIA-Iris-Thousand_genuine_215,093,093,1209,1209,1209,426,0.3524,False,0.3366,True,False,2.4133
orb,iris,CASIA-Iris-Thousand_genuine_215,093,093,147,238,7,0,,False,,True,False,
sift,iris,CASIA-Iris-Thousand_genuine_215,093,093,27,73,4,0,,False,,True,False,
superglue,iris,CASIA-Iris-Thousand_genuine_215,093,093,596,754,121,35,0.2893,False,0.2770,True,False,2.3642
sgmnet,iris,CASIA-Iris-Thousand_genuine_215,093,093,2076,2650,235,63,0.2681,False,0.2636,True,False,1.8387
aspanformer,iris,CASIA-Iris-Thousand_genuine_215,093,093,1509,1509,1509,673,0.4460,True,0.4334,True,True,2.0712
deepdetect,iris,CASIA-Iris-Thousand_genuine_215,093,093,5476,8790,29,22,0.7586,True,0.7586,True,True,1.2859
loftr,iris,CASIA-Iris-Thousand_genuine_216,492,492,1931,1931,1931,1346,0.6970,True,0.6811,True,True,1.9632
orb,iris,CASIA-Iris-Thousand_genuine_216,492,492,262,284,22,10,0.4545,False,0.4451,True,False,1.5629
sift,iris,CASIA-Iris-Thousand_genuine_216,492,492,60,46,6,4,0.6667,True,0.6110,True,True,0.0000
superglue,iris,CASIA-Iris-Thousand_genuine_216,492,492,586,586,283,96,0.3392,False,0.3182,True,False,2.7772
sgmnet,iris,CASIA-Iris-Thousand_genuine_216,492,492,2115,2140,703,192,0.2731,False,0.2678,True,False,1.8924
aspanformer,iris,CASIA-Iris-Thousand_genuine_216,492,492,2320,2320,2320,1935,0.8341,True,0.8253,True,True,1.7099
deepdetect,iris,CASIA-Iris-Thousand_genuine_216,492,492,8686,8362,140,120,0.8571,True,0.8571,True,True,0.4971
loftr,iris,CASIA-Iris-Thousand_genuine_217,030,030,418,418,418,227,0.5431,True,0.5223,True,True,2.2790
orb,iris,CASIA-Iris-Thousand_genuine_217,030,030,66,60,5,0,,False,,True,False,
sift,iris,CASIA-Iris-Thousand_genuine_217,030,030,44,18,1,0,,False,,True,False,
superglue,iris,CASIA-Iris-Thousand_genuine_217,030,030,571,205,116,39,0.3362,False,0.3163,True,False,2.7179
sgmnet,iris,CASIA-Iris-Thousand_genuine_217,030,030,1817,1116,184,60,0.3261,False,0.3217,True,False,1.7706
aspanformer,iris,CASIA-Iris-Thousand_genuine_217,030,030,663,663,663,378,0.5701,True,0.5449,True,True,2.4067
deepdetect,iris,CASIA-Iris-Thousand_genuine_217,030,030,11245,5396,3,0,,False,,True,False,
loftr,iris,CASIA-Iris-Thousand_genuine_218,856,856,1979,1979,1979,1335,0.6746,True,0.6692,True,True,1.6587
orb,iris,CASIA-Iris-Thousand_genuine_218,856,856,264,242,39,28,0.7179,True,0.7011,True,True,1.9746
sift,iris,CASIA-Iris-Thousand_genuine_218,856,856,47,68,9,7,0.7778,True,0.7453,True,True,1.2266
superglue,iris,CASIA-Iris-Thousand_genuine_218,856,856,673,677,427,168,0.3934,False,0.3721,True,False,2.6145
sgmnet,iris,CASIA-Iris-Thousand_genuine_218,856,856,2403,2664,1143,398,0.3482,False,0.3422,True,False,1.8464
aspanformer,iris,CASIA-Iris-Thousand_genuine_218,856,856,2334,2334,2334,1731,0.7416,True,0.7247,True,True,1.9612
deepdetect,iris,CASIA-Iris-Thousand_genuine_218,856,856,6803,7453,91,84,0.9231,True,0.9231,True,True,0.9398
loftr,iris,CASIA-Iris-Thousand_genuine_219,806,806,2551,2551,2551,2271,0.8902,True,0.8902,True,True,1.1183
orb,iris,CASIA-Iris-Thousand_genuine_219,806,806,77,84,17,13,0.7647,True,0.7594,True,True,1.3968
sift,iris,CASIA-Iris-Thousand_genuine_219,806,806,26,37,13,12,0.9231,True,0.9143,True,True,1.1491
superglue,iris,CASIA-Iris-Thousand_genuine_219,806,806,530,522,371,157,0.4232,False,0.4015,True,False,2.5507
sgmnet,iris,CASIA-Iris-Thousand_genuine_219,806,806,1681,1629,817,297,0.3635,False,0.3586,True,False,1.7703
aspanformer,iris,CASIA-Iris-Thousand_genuine_219,806,806,3042,3042,3042,3029,0.9957,True,0.9957,True,True,0.8052
deepdetect,iris,CASIA-Iris-Thousand_genuine_219,806,806,9771,10771,150,149,0.9933,True,0.9933,True,True,1.0221
loftr,iris,CASIA-Iris-Thousand_genuine_220,335,335,1014,1014,1014,319,0.3146,False,0.3045,True,False,2.1500
orb,iris,CASIA-Iris-Thousand_genuine_220,335,335,150,51,6,0,,False,,True,False,
sift,iris,CASIA-Iris-Thousand_genuine_220,335,335,29,31,3,0,,False,,True,False,
superglue,iris,CASIA-Iris-Thousand_genuine_220,335,335,670,543,65,23,0.3538,False,0.3372,True,False,2.4611
sgmnet,iris,CASIA-Iris-Thousand_genuine_220,335,335,2231,1890,224,49,0.2188,False,0.2160,True,False,1.7490
aspanformer,iris,CASIA-Iris-Thousand_genuine_220,335,335,951,951,951,496,0.5216,True,0.4978,True,True,2.4334
deepdetect,iris,CASIA-Iris-Thousand_genuine_220,335,335,5337,7275,8,7,0.8750,True,0.8750,True,True,0.9585
loftr,iris,CASIA-Iris-Thousand_genuine_221,856,856,2559,2559,2559,2036,0.7956,True,0.7922,True,True,1.5859
orb,iris,CASIA-Iris-Thousand_genuine_221,856,856,351,254,50,35,0.7000,True,0.6965,True,True,1.6016
sift,iris,CASIA-Iris-Thousand_genuine_221,856,856,64,54,10,0,,False,,True,False,
superglue,iris,CASIA-Iris-Thousand_genuine_221,856,856,595,667,396,137,0.3460,False,0.3263,True,False,2.6720
sgmnet,iris,CASIA-Iris-Thousand_genuine_221,856,856,2645,2259,1213,493,0.4064,True,0.4003,True,True,1.8050
aspanformer,iris,CASIA-Iris-Thousand_genuine_221,856,856,2828,2828,2828,2724,0.9632,True,0.9632,True,True,1.1613
deepdetect,iris,CASIA-Iris-Thousand_genuine_221,856,856,7369,6804,93,79,0.8495,True,0.8495,True,True,1.0075
loftr,iris,CASIA-Iris-Thousand_genuine_222,320,320,1330,1330,1330,620,0.4662,True,0.4551,True,True,1.9785
orb,iris,CASIA-Iris-Thousand_genuine_222,320,320,0,5,0,0,,False,,True,False,
sift,iris,CASIA-Iris-Thousand_genuine_222,320,320,10,18,3,0,,False,,True,False,
superglue,iris,CASIA-Iris-Thousand_genuine_222,320,320,528,614,324,113,0.3488,False,0.3288,True,False,2.6794
sgmnet,iris,CASIA-Iris-Thousand_genuine_222,320,320,2052,2083,697,178,0.2554,False,0.2511,True,False,1.8348
aspanformer,iris,CASIA-Iris-Thousand_genuine_222,320,320,1904,1904,1904,1285,0.6749,True,0.6749,True,True,1.4281
deepdetect,iris,CASIA-Iris-Thousand_genuine_222,320,320,8123,8350,70,58,0.8286,True,0.8286,True,True,1.5111
loftr,iris,CASIA-Iris-Thousand_genuine_223,010,010,742,742,742,260,0.3504,False,0.3325,True,False,2.5513
orb,iris,CASIA-Iris-Thousand_genuine_223,010,010,130,152,7,0,,False,,True,False,
sift,iris,CASIA-Iris-Thousand_genuine_223,010,010,58,58,4,0,,False,,True,False,
superglue,iris,CASIA-Iris-Thousand_genuine_223,010,010,299,394,186,59,0.3172,False,0.2940,True,False,3.0181
sgmnet,iris,CASIA-Iris-Thousand_genuine_223,010,010,1217,1374,348,85,0.2443,False,0.2415,True,False,1.7250
aspanformer,iris,CASIA-Iris-Thousand_genuine_223,010,010,972,972,972,570,0.5864,True,0.5699,True,True,2.0730
deepdetect,iris,CASIA-Iris-Thousand_genuine_223,010,010,5388,5161,30,21,0.7000,True,0.7000,True,True,0.5425
loftr,iris,CASIA-Iris-Thousand_genuine_224,103,103,653,653,653,132,0.2021,False,0.1951,True,False,2.2081
orb,iris,CASIA-Iris-Thousand_genuine_224,103,103,68,219,4,0,,False,,True,False,
sift,iris,CASIA-Iris-Thousand_genuine_224,103,103,39,42,2,0,,False,,True,False,
superglue,iris,CASIA-Iris-Thousand_genuine_224,103,103,430,677,51,14,0.2745,False,0.2589,True,False,2.5687
sgmnet,iris,CASIA-Iris-Thousand_genuine_224,103,103,1489,1898,76,8,0.1053,False,0.1019,True,False,1.0520
aspanformer,iris,CASIA-Iris-Thousand_genuine_224,103,103,401,401,401,142,0.3541,False,0.3362,True,False,2.5402
deepdetect,iris,CASIA-Iris-Thousand_genuine_224,103,103,8694,8246,3,0,,False,,True,False,
loftr,iris,CASIA-Iris-Thousand_genuine_225,919,919,1907,1907,1907,1153,0.6046,True,0.5974,True,True,1.7416
orb,iris,CASIA-Iris-Thousand_genuine_225,919,919,272,120,31,13,0.4194,False,0.4126,True,False,1.6889
sift,iris,CASIA-Iris-Thousand_genuine_225,919,919,58,32,5,5,1.0000,True,0.9322,True,True,0.5699
superglue,iris,CASIA-Iris-Thousand_genuine_225,919,919,623,591,430,122,0.2837,False,0.2673,True,False,2.6916
sgmnet,iris,CASIA-Iris-Thousand_genuine_225,919,919,2315,1893,742,220,0.2965,False,0.2925,True,False,1.7726
aspanformer,iris,CASIA-Iris-Thousand_genuine_225,919,919,2622,2622,2622,2262,0.8627,True,0.8627,True,True,1.4623
deepdetect,iris,CASIA-Iris-Thousand_genuine_225,919,919,8117,6976,13,10,0.7692,True,0.7692,True,True,1.2580
loftr,iris,CASIA-Iris-Thousand_genuine_226,085,085,345,345,345,113,0.3275,False,0.3071,True,False,2.7866
orb,iris,CASIA-Iris-Thousand_genuine_226,085,085,2,6,0,0,,False,,True,False,
sift,iris,CASIA-Iris-Thousand_genuine_226,085,085,14,12,1,0,,False,,True,False,
superglue,iris,CASIA-Iris-Thousand_genuine_226,085,085,470,150,124,41,0.3306,False,0.3080,True,False,2.9201
sgmnet,iris,CASIA-Iris-Thousand_genuine_226,085,085,1585,1258,266,80,0.3008,False,0.3004,True,False,1.5261
aspanformer,iris,CASIA-Iris-Thousand_genuine_226,085,085,549,549,549,256,0.4663,True,0.4436,True,True,2.4967
deepdetect,iris,CASIA-Iris-Thousand_genuine_226,085,085,9812,5092,10,8,0.8000,True,0.8000,True,True,2.0306
loftr,iris,CASIA-Iris-Thousand_genuine_227,333,333,637,637,637,317,0.4976,True,0.4749,True,True,2.4347
orb,iris,CASIA-Iris-Thousand_genuine_227,333,333,163,85,3,0,,False,,True,False,
sift,iris,CASIA-Iris-Thousand_genuine_227,333,333,59,43,7,4,0.5714,True,0.5237,True,True,0.0000
superglue,iris,CASIA-Iris-Thousand_genuine_227,333,333,177,265,65,26,0.4000,False,0.3803,True,False,2.5067
sgmnet,iris,CASIA-Iris-Thousand_genuine_227,333,333,1380,1540,418,148,0.3541,False,0.3496,True,False,1.7542
aspanformer,iris,CASIA-Iris-Thousand_genuine_227,333,333,901,901,901,478,0.5305,True,0.5077,True,True,2.3780
deepdetect,iris,CASIA-Iris-Thousand_genuine_227,333,333,5816,9788,29,24,0.8276,True,0.8276,True,True,1.4412
loftr,iris,CASIA-Iris-Thousand_genuine_228,098,098,51,51,51,14,0.2745,False,0.2636,True,False,2.2143
orb,iris,CASIA-Iris-Thousand_genuine_228,098,098,165,253,7,5,0.7143,True,0.6658,True,True,0.1615
sift,iris,CASIA-Iris-Thousand_genuine_228,098,098,44,81,6,5,0.8333,True,0.7768,True,True,0.0000
superglue,iris,CASIA-Iris-Thousand_genuine_228,098,098,593,152,30,16,0.5333,True,0.5169,True,True,2.0755
sgmnet,iris,CASIA-Iris-Thousand_genuine_228,098,098,2307,908,23,11,0.4783,True,0.4720,True,True,1.3341
aspanformer,iris,CASIA-Iris-Thousand_genuine_228,098,098,241,241,241,179,0.7427,True,0.7154,True,True,2.2514
deepdetect,iris,CASIA-Iris-Thousand_genuine_228,098,098,8013,5864,1,0,,False,,True,False,
loftr,iris,CASIA-Iris-Thousand_genuine_229,045,045,1440,1440,1440,934,0.6486,True,0.6261,True,True,2.2060
orb,iris,CASIA-Iris-Thousand_genuine_229,045,045,73,124,17,10,0.5882,True,0.5778,True,True,1.4797
sift,iris,CASIA-Iris-Thousand_genuine_229,045,045,17,23,2,0,,False,,True,False,
superglue,iris,CASIA-Iris-Thousand_genuine_229,045,045,570,592,184,56,0.3043,False,0.2831,True,False,2.9472
sgmnet,iris,CASIA-Iris-Thousand_genuine_229,045,045,2333,2281,378,74,0.1958,False,0.1932,True,False,1.7612
aspanformer,iris,CASIA-Iris-Thousand_genuine_229,045,045,2182,2182,2182,1730,0.7929,True,0.7736,True,True,1.9927
deepdetect,iris,CASIA-Iris-Thousand_genuine_229,045,045,9029,6988,49,42,0.8571,True,0.8571,True,True,1.3832
loftr,iris,CASIA-Iris-Thousand_genuine_230,481,481,936,936,936,171,0.1827,False,0.1728,True,False,2.6086
orb,iris,CASIA-Iris-Thousand_genuine_230,481,481,98,184,6,0,,False,,True,False,
sift,iris,CASIA-Iris-Thousand_genuine_230,481,481,24,41,1,0,,False,,True,False,
superglue,iris,CASIA-Iris-Thousand_genuine_230,481,481,569,673,206,43,0.2087,False,0.1971,True,False,2.6508
sgmnet,iris,CASIA-Iris-Thousand_genuine_230,481,481,1831,2314,180,25,0.1389,False,0.1380,True,False,1.6189
aspanformer,iris,CASIA-Iris-Thousand_genuine_230,481,481,722,722,722,240,0.3324,False,0.3135,True,False,2.6737
deepdetect,iris,CASIA-Iris-Thousand_genuine_230,481,481,6102,6531,22,19,0.8636,True,0.8636,True,True,1.0851
loftr,iris,CASIA-Iris-Thousand_genuine_231,103,103,2556,2556,2556,2211,0.8650,True,0.8650,True,True,1.0100
orb,iris,CASIA-Iris-Thousand_genuine_231,103,103,143,172,37,33,0.8919,True,0.8916,True,True,1.5074
sift,iris,CASIA-Iris-Thousand_genuine_231,103,103,36,47,15,12,0.8000,True,0.7924,True,True,0.8228
superglue,iris,CASIA-Iris-Thousand_genuine_231,103,103,591,632,488,157,0.3217,False,0.3001,True,False,2.8935
sgmnet,iris,CASIA-Iris-Thousand_genuine_231,103,103,2065,2256,1064,447,0.4201,True,0.4146,True,True,1.7627
aspanformer,iris,CASIA-Iris-Thousand_genuine_231,103,103,2955,2955,2955,2858,0.9672,True,0.9672,True,True,0.8592
deepdetect,iris,CASIA-Iris-Thousand_genuine_231,103,103,7178,7625,319,319,1.0000,True,1.0000,True,True,0.7358
loftr,iris,CASIA-Iris-Thousand_genuine_232,748,748,827,827,827,193,0.2334,False,0.2165,True,False,3.0052
orb,iris,CASIA-Iris-Thousand_genuine_232,748,748,52,44,4,0,,False,,True,False,
sift,iris,CASIA-Iris-Thousand_genuine_232,748,748,13,41,2,0,,False,,True,False,
superglue,iris,CASIA-Iris-Thousand_genuine_232,748,748,558,501,165,32,0.1939,False,0.1815,True,False,2.8228
sgmnet,iris,CASIA-Iris-Thousand_genuine_232,748,748,2137,1888,106,14,0.1321,False,0.1314,True,False,1.3835
aspanformer,iris,CASIA-Iris-Thousand_genuine_232,748,748,1177,1177,1177,406,0.3449,False,0.3386,True,False,1.8713
deepdetect,iris,CASIA-Iris-Thousand_genuine_232,748,748,7627,9836,9,9,1.0000,True,1.0000,True,True,0.6567
loftr,iris,CASIA-Iris-Thousand_genuine_233,346,346,813,813,813,146,0.1796,False,0.1719,True,False,2.3748
orb,iris,CASIA-Iris-Thousand_genuine_233,346,346,36,80,5,0,,False,,True,False,
sift,iris,CASIA-Iris-Thousand_genuine_233,346,346,22,31,5,0,,False,,True,False,
superglue,iris,CASIA-Iris-Thousand_genuine_233,346,346,594,462,38,14,0.3684,False,0.3475,True,False,2.5707
sgmnet,iris,CASIA-Iris-Thousand_genuine_233,346,346,2005,1600,144,26,0.1806,False,0.1793,True,False,1.6398
aspanformer,iris,CASIA-Iris-Thousand_genuine_233,346,346,409,409,409,118,0.2885,False,0.2789,True,False,2.1783
deepdetect,iris,CASIA-Iris-Thousand_genuine_233,346,346,8607,10774,17,14,0.8235,True,0.8235,True,True,0.9489
loftr,iris,CASIA-Iris-Thousand_genuine_234,405,405,1771,1771,1771,994,0.5613,True,0.5404,True,True,2.2560
orb,iris,CASIA-Iris-Thousand_genuine_234,405,405,89,147,18,14,0.7778,True,0.7708,True,True,1.5798
sift,iris,CASIA-Iris-Thousand_genuine_234,405,405,32,32,11,8,0.7273,True,0.7042,True,True,0.9880
superglue,iris,CASIA-Iris-Thousand_genuine_234,405,405,583,585,433,156,0.3603,False,0.3403,True,False,2.6397
sgmnet,iris,CASIA-Iris-Thousand_genuine_234,405,405,1833,1777,845,223,0.2639,False,0.2597,True,False,1.8178
aspanformer,iris,CASIA-Iris-Thousand_genuine_234,405,405,2627,2627,2627,2180,0.8298,True,0.8298,True,True,1.4632
deepdetect,iris,CASIA-Iris-Thousand_genuine_234,405,405,11688,9363,178,119,0.6685,True,0.6685,True,True,2.0709
loftr,iris,CASIA-Iris-Thousand_genuine_235,974,974,1608,1608,1608,1197,0.7444,True,0.7426,True,True,1.5475
orb,iris,CASIA-Iris-Thousand_genuine_235,974,974,41,21,3,0,,False,,True,False,
sift,iris,CASIA-Iris-Thousand_genuine_235,974,974,13,7,6,4,0.6667,True,0.6110,True,True,0.0000
superglue,iris,CASIA-Iris-Thousand_genuine_235,974,974,553,564,374,158,0.4225,False,0.3967,True,False,2.7579
sgmnet,iris,CASIA-Iris-Thousand_genuine_235,974,974,1962,1875,783,199,0.2542,False,0.2500,True,False,1.8312
aspanformer,iris,CASIA-Iris-Thousand_genuine_235,974,974,2715,2715,2715,2026,0.7462,True,0.7462,True,True,1.4258
deepdetect,iris,CASIA-Iris-Thousand_genuine_235,974,974,8135,8152,327,327,1.0000,True,1.0000,True,True,0.9857
loftr,iris,CASIA-Iris-Thousand_genuine_236,706,706,1073,1073,1073,812,0.7568,True,0.7404,True,True,1.9366
orb,iris,CASIA-Iris-Thousand_genuine_236,706,706,65,75,3,0,,False,,True,False,
sift,iris,CASIA-Iris-Thousand_genuine_236,706,706,13,30,3,0,,False,,True,False,
superglue,iris,CASIA-Iris-Thousand_genuine_236,706,706,312,228,151,67,0.4437,False,0.4176,True,False,2.7143
sgmnet,iris,CASIA-Iris-Thousand_genuine_236,706,706,1394,1484,814,304,0.3735,False,0.3693,True,False,1.7260
aspanformer,iris,CASIA-Iris-Thousand_genuine_236,706,706,1872,1872,1872,1299,0.6939,True,0.6855,True,True,1.7452
deepdetect,iris,CASIA-Iris-Thousand_genuine_236,706,706,6247,5552,92,90,0.9783,True,0.9783,True,True,0.5895
loftr,iris,CASIA-Iris-Thousand_genuine_237,312,312,2523,2523,2523,2147,0.8510,True,0.8510,True,True,1.2243
orb,iris,CASIA-Iris-Thousand_genuine_237,312,312,100,76,18,16,0.8889,True,0.8866,True,True,1.4301
sift,iris,CASIA-Iris-Thousand_genuine_237,312,312,9,14,5,0,,False,,True,False,
superglue,iris,CASIA-Iris-Thousand_genuine_237,312,312,641,635,469,170,0.3625,False,0.3422,True,False,2.6540
sgmnet,iris,CASIA-Iris-Thousand_genuine_237,312,312,2006,1986,958,330,0.3445,False,0.3408,True,False,1.7123
aspanformer,iris,CASIA-Iris-Thousand_genuine_237,312,312,3059,3059,3059,2744,0.8970,True,0.8970,True,True,1.0396
deepdetect,iris,CASIA-Iris-Thousand_genuine_237,312,312,5026,4901,285,285,1.0000,True,1.0000,True,True,0.7504
loftr,iris,CASIA-Iris-Thousand_genuine_238,785,785,1303,1303,1303,352,0.2701,False,0.2578,True,False,2.4322
orb,iris,CASIA-Iris-Thousand_genuine_238,785,785,235,209,19,9,0.4737,True,0.4588,True,True,1.6545
sift,iris,CASIA-Iris-Thousand_genuine_238,785,785,54,50,8,4,0.5000,True,0.4583,True,True,0.0000
superglue,iris,CASIA-Iris-Thousand_genuine_238,785,785,662,576,210,40,0.1905,False,0.1767,True,False,3.0037
sgmnet,iris,CASIA-Iris-Thousand_genuine_238,785,785,2298,2152,412,48,0.1165,False,0.1158,True,False,1.6254
aspanformer,iris,CASIA-Iris-Thousand_genuine_238,785,785,940,940,940,357,0.3798,False,0.3609,True,False,2.5208
deepdetect,iris,CASIA-Iris-Thousand_genuine_238,785,785,5951,7485,18,14,0.7778,True,0.7778,True,True,0.6698
loftr,iris,CASIA-Iris-Thousand_genuine_239,192,192,1657,1657,1657,732,0.4418,False,0.4260,True,False,2.2288
orb,iris,CASIA-Iris-Thousand_genuine_239,192,192,48,75,7,0,,False,,True,False,
sift,iris,CASIA-Iris-Thousand_genuine_239,192,192,24,22,11,6,0.5455,True,0.5161,True,True,0.2799
superglue,iris,CASIA-Iris-Thousand_genuine_239,192,192,592,647,34,18,0.5294,True,0.5151,True,True,2.0214
sgmnet,iris,CASIA-Iris-Thousand_genuine_239,192,192,2204,2219,513,93,0.1813,False,0.1793,True,False,1.7165
aspanformer,iris,CASIA-Iris-Thousand_genuine_239,192,192,1812,1812,1812,912,0.5033,True,0.4830,True,True,2.3236
deepdetect,iris,CASIA-Iris-Thousand_genuine_239,192,192,10827,9952,39,32,0.8205,True,0.8205,True,True,1.6973
loftr,iris,CASIA-Iris-Thousand_genuine_240,831,831,1957,1957,1957,936,0.4783,True,0.4633,True,True,2.1359
orb,iris,CASIA-Iris-Thousand_genuine_240,831,831,504,500,107,74,0.6916,True,0.6691,True,True,2.1600
sift,iris,CASIA-Iris-Thousand_genuine_240,831,831,54,46,18,10,0.5556,True,0.5457,True,True,1.1880
superglue,iris,CASIA-Iris-Thousand_genuine_240,831,831,609,571,448,147,0.3281,False,0.3076,True,False,2.7934
sgmnet,iris,CASIA-Iris-Thousand_genuine_240,831,831,1962,2084,934,250,0.2677,False,0.2628,True,False,1.8692
aspanformer,iris,CASIA-Iris-Thousand_genuine_240,831,831,2444,2444,2444,2037,0.8335,True,0.8217,True,True,1.7854
deepdetect,iris,CASIA-Iris-Thousand_genuine_240,831,831,8175,8377,592,592,1.0000,True,1.0000,True,True,0.6865
loftr,iris,CASIA-Iris-Thousand_genuine_241,839,839,894,894,894,203,0.2271,False,0.2227,True,False,1.8907
orb,iris,CASIA-Iris-Thousand_genuine_241,839,839,122,146,5,0,,False,,True,False,
sift,iris,CASIA-Iris-Thousand_genuine_241,839,839,26,49,0,0,,False,,True,False,
superglue,iris,CASIA-Iris-Thousand_genuine_241,839,839,659,531,75,27,0.3600,False,0.3470,True,False,2.2355
sgmnet,iris,CASIA-Iris-Thousand_genuine_241,839,839,2137,1816,115,14,0.1217,False,0.1211,True,False,1.4589
aspanformer,iris,CASIA-Iris-Thousand_genuine_241,839,839,1138,1138,1138,450,0.3954,False,0.3825,True,False,2.1663
deepdetect,iris,CASIA-Iris-Thousand_genuine_241,839,839,6934,9696,5,5,1.0000,True,1.0000,True,True,0.1181
loftr,iris,CASIA-Iris-Thousand_genuine_242,688,688,1558,1558,1558,428,0.2747,False,0.2595,True,False,2.6386
orb,iris,CASIA-Iris-Thousand_genuine_242,688,688,572,525,39,14,0.3590,False,0.3491,True,False,1.9599
sift,iris,CASIA-Iris-Thousand_genuine_242,688,688,165,101,18,0,,False,,True,False,
superglue,iris,CASIA-Iris-Thousand_genuine_242,688,688,835,675,314,82,0.2611,False,0.2466,True,False,2.6478
sgmnet,iris,CASIA-Iris-Thousand_genuine_242,688,688,2775,2458,644,115,0.1786,False,0.1763,True,False,1.7542
aspanformer,iris,CASIA-Iris-Thousand_genuine_242,688,688,2018,2018,2018,889,0.4405,True,0.4328,True,True,1.8546
deepdetect,iris,CASIA-Iris-Thousand_genuine_242,688,688,9079,8594,6,5,0.8333,True,0.8333,True,True,0.3604
loftr,iris,CASIA-Iris-Thousand_genuine_243,353,353,1329,1329,1329,478,0.3597,False,0.3480,True,False,2.1618
orb,iris,CASIA-Iris-Thousand_genuine_243,353,353,74,87,10,0,,False,,True,False,
sift,iris,CASIA-Iris-Thousand_genuine_243,353,353,25,24,9,0,,False,,True,False,
superglue,iris,CASIA-Iris-Thousand_genuine_243,353,353,579,604,96,30,0.3125,False,0.2973,True,False,2.4995
sgmnet,iris,CASIA-Iris-Thousand_genuine_243,353,353,1872,2163,527,54,0.1025,False,0.1007,True,False,1.8545
aspanformer,iris,CASIA-Iris-Thousand_genuine_243,353,353,1715,1715,1715,848,0.4945,True,0.4771,True,True,2.2158
deepdetect,iris,CASIA-Iris-Thousand_genuine_243,353,353,9406,9435,14,0,,False,,True,False,
loftr,iris,CASIA-Iris-Thousand_genuine_244,688,688,1710,1710,1710,891,0.5211,True,0.5070,True,True,2.0467
orb,iris,CASIA-Iris-Thousand_genuine_244,688,688,476,317,40,20,0.5000,True,0.4915,True,True,1.8293
sift,iris,CASIA-Iris-Thousand_genuine_244,688,688,91,82,15,8,0.5333,True,0.5164,True,True,1.0358
superglue,iris,CASIA-Iris-Thousand_genuine_244,688,688,699,621,381,136,0.3570,False,0.3304,True,False,3.0482
sgmnet,iris,CASIA-Iris-Thousand_genuine_244,688,688,2304,2155,717,159,0.2218,False,0.2174,True,False,1.8935
aspanformer,iris,CASIA-Iris-Thousand_genuine_244,688,688,2015,2015,2015,1534,0.7613,True,0.7365,True,True,2.1627
deepdetect,iris,CASIA-Iris-Thousand_genuine_244,688,688,8789,8117,13,7,0.5385,True,0.5385,True,True,1.7034
loftr,iris,CASIA-Iris-Thousand_genuine_245,592,592,1020,1020,1020,320,0.3137,False,0.2977,True,False,2.5463
orb,iris,CASIA-Iris-Thousand_genuine_245,592,592,130,118,16,0,,False,,True,False,
sift,iris,CASIA-Iris-Thousand_genuine_245,592,592,31,29,5,0,,False,,True,False,
superglue,iris,CASIA-Iris-Thousand_genuine_245,592,592,520,566,211,57,0.2701,False,0.2541,True,False,2.7220
sgmnet,iris,CASIA-Iris-Thousand_genuine_245,592,592,1555,1786,276,29,0.1051,False,0.1040,True,False,1.7029
aspanformer,iris,CASIA-Iris-Thousand_genuine_245,592,592,1338,1338,1338,600,0.4484,True,0.4249,True,True,2.5777
deepdetect,iris,CASIA-Iris-Thousand_genuine_245,592,592,8511,8458,11,11,1.0000,True,1.0000,True,True,0.4855
loftr,iris,CASIA-Iris-Thousand_genuine_246,277,277,1126,1126,1126,326,0.2895,False,0.2767,True,False,2.4060
orb,iris,CASIA-Iris-Thousand_genuine_246,277,277,243,147,41,0,,False,,True,False,
sift,iris,CASIA-Iris-Thousand_genuine_246,277,277,75,37,9,5,0.5556,True,0.5179,True,True,1.1178
superglue,iris,CASIA-Iris-Thousand_genuine_246,277,277,487,510,112,34,0.3036,False,0.2907,True,False,2.3663
sgmnet,iris,CASIA-Iris-Thousand_genuine_246,277,277,1643,1321,142,23,0.1620,False,0.1617,True,False,1.5315
aspanformer,iris,CASIA-Iris-Thousand_genuine_246,277,277,1906,1906,1906,752,0.3945,False,0.3730,True,False,2.6235
deepdetect,iris,CASIA-Iris-Thousand_genuine_246,277,277,9754,11150,15,13,0.8667,True,0.8667,True,True,0.4878
loftr,iris,CASIA-Iris-Thousand_genuine_247,137,137,1717,1717,1717,1190,0.6931,True,0.6825,True,True,1.8059
orb,iris,CASIA-Iris-Thousand_genuine_247,137,137,360,324,82,0,,False,,True,False,
sift,iris,CASIA-Iris-Thousand_genuine_247,137,137,119,50,13,7,0.5385,True,0.5160,True,True,1.1276
superglue,iris,CASIA-Iris-Thousand_genuine_247,137,137,661,630,401,152,0.3791,False,0.3588,True,False,2.5967
sgmnet,iris,CASIA-Iris-Thousand_genuine_247,137,137,2247,1843,702,135,0.1923,False,0.1891,True,False,1.8372
aspanformer,iris,CASIA-Iris-Thousand_genuine_247,137,137,2649,2649,2649,2237,0.8445,True,0.8445,True,True,1.4843
deepdetect,iris,CASIA-Iris-Thousand_genuine_247,137,137,8620,7527,6,6,1.0000,True,1.0000,True,True,0.3390
loftr,iris,CASIA-Iris-Thousand_genuine_248,141,141,1439,1439,1439,385,0.2675,False,0.2627,True,False,1.8640
orb,iris,CASIA-Iris-Thousand_genuine_248,141,141,247,153,32,0,,False,,True,False,
sift,iris,CASIA-Iris-Thousand_genuine_248,141,141,93,90,8,5,0.6250,True,0.5826,True,True,1.0353
superglue,iris,CASIA-Iris-Thousand_genuine_248,141,141,602,566,327,74,0.2263,False,0.2109,True,False,2.9069
sgmnet,iris,CASIA-Iris-Thousand_genuine_248,141,141,1793,1788,670,111,0.1657,False,0.1639,True,False,1.7104
aspanformer,iris,CASIA-Iris-Thousand_genuine_248,141,141,1784,1784,1784,1105,0.6194,True,0.6160,True,True,1.6103
deepdetect,iris,CASIA-Iris-Thousand_genuine_248,141,141,10675,12637,33,21,0.6364,True,0.6364,True,True,1.8806
loftr,iris,CASIA-Iris-Thousand_genuine_249,959,959,1283,1283,1283,586,0.4567,False,0.4380,True,False,2.3377
orb,iris,CASIA-Iris-Thousand_genuine_249,959,959,215,103,15,0,,False,,True,False,
sift,iris,CASIA-Iris-Thousand_genuine_249,959,959,28,28,7,4,0.5714,True,0.5237,True,True,0.0000
superglue,iris,CASIA-Iris-Thousand_genuine_249,959,959,635,636,134,57,0.4254,False,0.4017,True,False,2.6464
sgmnet,iris,CASIA-Iris-Thousand_genuine_249,959,959,2208,2276,427,67,0.1569,False,0.1542,True,False,1.8428
aspanformer,iris,CASIA-Iris-Thousand_genuine_249,959,959,1216,1216,1216,678,0.5576,True,0.5314,True,True,2.4616
deepdetect,iris,CASIA-Iris-Thousand_genuine_249,959,959,7853,7221,29,13,0.4483,True,0.4483,True,True,1.1737
loftr,iris,CASIA-Iris-Thousand_impostor_0,390,937,783,783,783,176,0.2248,False,0.2106,False,True,2.8012
orb,iris,CASIA-Iris-Thousand_impostor_0,390,937,124,20,1,0,,False,,False,True,
sift,iris,CASIA-Iris-Thousand_impostor_0,390,937,35,30,1,0,,False,,False,True,
superglue,iris,CASIA-Iris-Thousand_impostor_0,390,937,544,616,83,24,0.2892,False,0.2803,False,True,2.1177
sgmnet,iris,CASIA-Iris-Thousand_impostor_0,390,937,2012,2117,89,13,0.1461,False,0.1451,False,True,1.2398
aspanformer,iris,CASIA-Iris-Thousand_impostor_0,390,937,705,705,705,431,0.6113,True,0.5901,False,False,2.2060
deepdetect,iris,CASIA-Iris-Thousand_impostor_0,390,937,8210,7676,8,6,0.7500,True,0.7500,False,False,0.3182
loftr,iris,CASIA-Iris-Thousand_impostor_1,132,105,537,537,537,75,0.1397,False,0.1312,False,True,2.7533
orb,iris,CASIA-Iris-Thousand_impostor_1,132,105,61,64,2,0,,False,,False,True,
sift,iris,CASIA-Iris-Thousand_impostor_1,132,105,13,22,0,0,,False,,False,True,
superglue,iris,CASIA-Iris-Thousand_impostor_1,132,105,410,611,192,53,0.2760,False,0.2580,False,True,2.8552
sgmnet,iris,CASIA-Iris-Thousand_impostor_1,132,105,1273,2279,66,10,0.1515,False,0.1488,False,True,0.8648
aspanformer,iris,CASIA-Iris-Thousand_impostor_1,132,105,732,732,732,259,0.3538,False,0.3356,False,True,2.5551
deepdetect,iris,CASIA-Iris-Thousand_impostor_1,132,105,5870,10190,2,0,,False,,False,True,
loftr,iris,CASIA-Iris-Thousand_impostor_2,116,954,403,403,403,58,0.1439,False,0.1387,False,True,2.2459
orb,iris,CASIA-Iris-Thousand_impostor_2,116,954,189,90,13,0,,False,,False,True,
sift,iris,CASIA-Iris-Thousand_impostor_2,116,954,70,26,3,0,,False,,False,True,
superglue,iris,CASIA-Iris-Thousand_impostor_2,116,954,605,633,32,14,0.4375,False,0.4120,False,True,2.6024
sgmnet,iris,CASIA-Iris-Thousand_impostor_2,116,954,1561,1985,34,7,0.2059,False,0.1973,False,True,1.0333
aspanformer,iris,CASIA-Iris-Thousand_impostor_2,116,954,242,242,242,113,0.4669,True,0.4669,False,False,1.3095
deepdetect,iris,CASIA-Iris-Thousand_impostor_2,116,954,9801,8253,3,0,,False,,False,True,
loftr,iris,CASIA-Iris-Thousand_impostor_3,316,682,694,694,694,86,0.1239,False,0.1174,False,True,2.5772
orb,iris,CASIA-Iris-Thousand_impostor_3,316,682,81,175,5,0,,False,,False,True,
sift,iris,CASIA-Iris-Thousand_impostor_3,316,682,29,50,1,0,,False,,False,True,
superglue,iris,CASIA-Iris-Thousand_impostor_3,316,682,592,583,50,16,0.3200,False,0.3055,False,True,2.3738
sgmnet,iris,CASIA-Iris-Thousand_impostor_3,316,682,1628,1884,96,13,0.1354,False,0.1345,False,True,1.0316
aspanformer,iris,CASIA-Iris-Thousand_impostor_3,316,682,374,374,374,119,0.3182,False,0.3059,False,True,2.2890
deepdetect,iris,CASIA-Iris-Thousand_impostor_3,316,682,7651,10806,6,4,0.6667,True,0.6667,False,False,0.0000
loftr,iris,CASIA-Iris-Thousand_impostor_4,930,355,511,511,511,67,0.1311,False,0.1254,False,True,2.3967
orb,iris,CASIA-Iris-Thousand_impostor_4,930,355,141,219,9,0,,False,,False,True,
sift,iris,CASIA-Iris-Thousand_impostor_4,930,355,44,42,1,0,,False,,False,True,
superglue,iris,CASIA-Iris-Thousand_impostor_4,930,355,568,571,1,0,,False,,False,True,
sgmnet,iris,CASIA-Iris-Thousand_impostor_4,930,355,2081,2027,99,11,0.1111,False,0.1097,False,True,1.1078
aspanformer,iris,CASIA-Iris-Thousand_impostor_4,930,355,272,272,272,88,0.3235,False,0.3052,False,True,2.6672
deepdetect,iris,CASIA-Iris-Thousand_impostor_4,930,355,8678,7207,5,0,,False,,False,True,
loftr,iris,CASIA-Iris-Thousand_impostor_5,202,743,508,508,508,52,0.1024,False,0.0988,False,True,2.2161
orb,iris,CASIA-Iris-Thousand_impostor_5,202,743,85,68,7,0,,False,,False,True,
sift,iris,CASIA-Iris-Thousand_impostor_5,202,743,41,22,1,0,,False,,False,True,
superglue,iris,CASIA-Iris-Thousand_impostor_5,202,743,665,515,36,13,0.3611,False,0.3454,False,True,2.2496
sgmnet,iris,CASIA-Iris-Thousand_impostor_5,202,743,2391,1696,19,6,0.3158,False,0.2988,False,True,0.7397
aspanformer,iris,CASIA-Iris-Thousand_impostor_5,202,743,144,144,144,41,0.2847,False,0.2794,False,True,1.8748
deepdetect,iris,CASIA-Iris-Thousand_impostor_5,202,743,6434,10402,0,0,,False,,False,True,
loftr,iris,CASIA-Iris-Thousand_impostor_6,981,627,464,464,464,62,0.1336,False,0.1276,False,True,2.4227
orb,iris,CASIA-Iris-Thousand_impostor_6,981,627,119,176,4,0,,False,,False,True,
sift,iris,CASIA-Iris-Thousand_impostor_6,981,627,16,22,2,0,,False,,False,True,
superglue,iris,CASIA-Iris-Thousand_impostor_6,981,627,643,617,2,0,,False,,False,True,
sgmnet,iris,CASIA-Iris-Thousand_impostor_6,981,627,2389,2101,129,12,0.0930,False,0.0921,False,True,1.1139
aspanformer,iris,CASIA-Iris-Thousand_impostor_6,981,627,407,407,407,147,0.3612,False,0.3547,False,True,1.8593
deepdetect,iris,CASIA-Iris-Thousand_impostor_6,981,627,8469,6995,7,7,1.0000,True,1.0000,False,False,1.9128
loftr,iris,CASIA-Iris-Thousand_impostor_7,080,440,352,352,352,55,0.1562,False,0.1502,False,True,2.2909
orb,iris,CASIA-Iris-Thousand_impostor_7,080,440,217,168,21,13,0.6190,True,0.5256,False,False,4.6359
sift,iris,CASIA-Iris-Thousand_impostor_7,080,440,48,47,4,4,1.0000,True,0.9165,False,False,0.0000
superglue,iris,CASIA-Iris-Thousand_impostor_7,080,440,514,516,47,17,0.3617,False,0.3490,False,True,2.1793
sgmnet,iris,CASIA-Iris-Thousand_impostor_7,080,440,1659,1650,59,16,0.2712,False,0.2705,False,True,1.4343
aspanformer,iris,CASIA-Iris-Thousand_impostor_7,080,440,283,283,283,108,0.3816,False,0.3664,False,True,2.3135
deepdetect,iris,CASIA-Iris-Thousand_impostor_7,080,440,10134,9563,5,5,1.0000,True,1.0000,False,False,0.2078
loftr,iris,CASIA-Iris-Thousand_impostor_8,576,495,472,472,472,61,0.1292,False,0.1213,False,True,2.7616
orb,iris,CASIA-Iris-Thousand_impostor_8,576,495,42,61,5,0,,False,,False,True,
sift,iris,CASIA-Iris-Thousand_impostor_8,576,495,11,21,1,0,,False,,False,True,
superglue,iris,CASIA-Iris-Thousand_impostor_8,576,495,515,674,32,12,0.3750,False,0.3509,False,True,2.6360
sgmnet,iris,CASIA-Iris-Thousand_impostor_8,576,495,1743,2334,57,17,0.2982,False,0.2977,False,True,1.2431
aspanformer,iris,CASIA-Iris-Thousand_impostor_8,576,495,313,313,313,138,0.4409,True,0.4263,False,False,2.1731
deepdetect,iris,CASIA-Iris-Thousand_impostor_8,576,495,8330,7789,2,0,,False,,False,True,
loftr,iris,CASIA-Iris-Thousand_impostor_9,164,188,133,133,133,23,0.1729,False,0.1651,False,True,2.4205
orb,iris,CASIA-Iris-Thousand_impostor_9,164,188,337,158,25,0,,False,,False,True,
sift,iris,CASIA-Iris-Thousand_impostor_9,164,188,41,40,2,0,,False,,False,True,
superglue,iris,CASIA-Iris-Thousand_impostor_9,164,188,493,494,17,14,0.8235,True,0.7955,False,False,2.0936
sgmnet,iris,CASIA-Iris-Thousand_impostor_9,164,188,1716,1447,117,11,0.0940,False,0.0928,False,True,0.9708
aspanformer,iris,CASIA-Iris-Thousand_impostor_9,164,188,79,79,79,19,0.2405,False,0.2388,False,True,1.6253
deepdetect,iris,CASIA-Iris-Thousand_impostor_9,164,188,7370,9337,6,6,1.0000,True,1.0000,False,False,0.9266
loftr,iris,CASIA-Iris-Thousand_impostor_10,516,173,270,270,270,48,0.1778,False,0.1706,False,True,2.3264
orb,iris,CASIA-Iris-Thousand_impostor_10,516,173,84,66,8,0,,False,,False,True,
sift,iris,CASIA-Iris-Thousand_impostor_10,516,173,20,34,0,0,,False,,False,True,
superglue,iris,CASIA-Iris-Thousand_impostor_10,516,173,516,517,12,9,0.7500,True,0.7025,False,False,2.3263
sgmnet,iris,CASIA-Iris-Thousand_impostor_10,516,173,1774,1247,10,0,,False,,False,True,
aspanformer,iris,CASIA-Iris-Thousand_impostor_10,516,173,114,114,114,40,0.3509,False,0.3433,False,True,1.9379
deepdetect,iris,CASIA-Iris-Thousand_impostor_10,516,173,7688,12311,4,4,1.0000,True,1.0000,False,False,0.0000
loftr,iris,CASIA-Iris-Thousand_impostor_11,035,679,248,248,248,23,0.0927,False,0.0879,False,True,2.5579
orb,iris,CASIA-Iris-Thousand_impostor_11,035,679,151,556,1,0,,False,,False,True,
sift,iris,CASIA-Iris-Thousand_impostor_11,035,679,29,42,1,0,,False,,False,True,
superglue,iris,CASIA-Iris-Thousand_impostor_11,035,679,645,573,17,0,,False,,False,True,
sgmnet,iris,CASIA-Iris-Thousand_impostor_11,035,679,1953,2011,72,10,0.1389,False,0.1364,False,True,0.9162
aspanformer,iris,CASIA-Iris-Thousand_impostor_11,035,679,175,175,175,53,0.3029,False,0.3029,False,True,1.2919
deepdetect,iris,CASIA-Iris-Thousand_impostor_11,035,679,7574,8732,4,0,,False,,False,True,
loftr,iris,CASIA-Iris-Thousand_impostor_12,105,149,887,887,887,164,0.1849,False,0.1766,False,True,2.4177
orb,iris,CASIA-Iris-Thousand_impostor_12,105,149,139,84,12,0,,False,,False,True,
sift,iris,CASIA-Iris-Thousand_impostor_12,105,149,42,46,7,0,,False,,False,True,
superglue,iris,CASIA-Iris-Thousand_impostor_12,105,149,522,605,65,16,0.2462,False,0.2394,False,True,2.0025
sgmnet,iris,CASIA-Iris-Thousand_impostor_12,105,149,1968,1980,143,14,0.0979,False,0.0974,False,True,1.3019
aspanformer,iris,CASIA-Iris-Thousand_impostor_12,105,149,465,465,465,189,0.4065,False,0.3948,False,True,2.0810
deepdetect,iris,CASIA-Iris-Thousand_impostor_12,105,149,9417,9896,3,0,,False,,False,True,
loftr,iris,CASIA-Iris-Thousand_impostor_13,992,170,325,325,325,42,0.1292,False,0.1262,False,True,1.9692
orb,iris,CASIA-Iris-Thousand_impostor_13,992,170,105,0,0,0,,False,,False,True,
sift,iris,CASIA-Iris-Thousand_impostor_13,992,170,28,13,0,0,,False,,False,True,
superglue,iris,CASIA-Iris-Thousand_impostor_13,992,170,694,539,8,0,,False,,False,True,
sgmnet,iris,CASIA-Iris-Thousand_impostor_13,992,170,2396,1646,17,0,,False,,False,True,
aspanformer,iris,CASIA-Iris-Thousand_impostor_13,992,170,100,100,100,31,0.3100,False,0.2971,False,True,2.3518
deepdetect,iris,CASIA-Iris-Thousand_impostor_13,992,170,6796,8750,1,0,,False,,False,True,
loftr,iris,CASIA-Iris-Thousand_impostor_14,326,591,129,129,129,28,0.2171,False,0.2129,False,True,1.8864
orb,iris,CASIA-Iris-Thousand_impostor_14,326,591,11,67,1,0,,False,,False,True,
sift,iris,CASIA-Iris-Thousand_impostor_14,326,591,22,21,4,0,,False,,False,True,
superglue,iris,CASIA-Iris-Thousand_impostor_14,326,591,557,287,2,0,,False,,False,True,
sgmnet,iris,CASIA-Iris-Thousand_impostor_14,326,591,1623,1005,23,7,0.3043,False,0.2916,False,True,0.9048
aspanformer,iris,CASIA-Iris-Thousand_impostor_14,326,591,148,148,148,58,0.3919,False,0.3732,False,True,2.4786
deepdetect,iris,CASIA-Iris-Thousand_impostor_14,326,591,9735,7950,4,0,,False,,False,True,
loftr,iris,CASIA-Iris-Thousand_impostor_15,631,675,384,384,384,44,0.1146,False,0.1089,False,True,2.5170
orb,iris,CASIA-Iris-Thousand_impostor_15,631,675,62,166,6,0,,False,,False,True,
sift,iris,CASIA-Iris-Thousand_impostor_15,631,675,16,39,0,0,,False,,False,True,
superglue,iris,CASIA-Iris-Thousand_impostor_15,631,675,588,539,4,4,1.0000,True,0.9165,False,False,0.0000
sgmnet,iris,CASIA-Iris-Thousand_impostor_15,631,675,2178,1830,120,9,0.0750,False,0.0732,False,True,1.1266
aspanformer,iris,CASIA-Iris-Thousand_impostor_15,631,675,246,246,246,58,0.2358,False,0.2282,False,True,2.1566
deepdetect,iris,CASIA-Iris-Thousand_impostor_15,631,675,9078,9173,8,8,1.0000,True,1.0000,False,False,0.2425
loftr,iris,CASIA-Iris-Thousand_impostor_16,270,378,585,585,585,72,0.1231,False,0.1179,False,True,2.3654
orb,iris,CASIA-Iris-Thousand_impostor_16,270,378,260,565,7,0,,False,,False,True,
sift,iris,CASIA-Iris-Thousand_impostor_16,270,378,82,99,4,0,,False,,False,True,
superglue,iris,CASIA-Iris-Thousand_impostor_16,270,378,643,626,0,0,,False,,False,True,
sgmnet,iris,CASIA-Iris-Thousand_impostor_16,270,378,2527,2118,26,8,0.3077,False,0.2979,False,True,1.3529
aspanformer,iris,CASIA-Iris-Thousand_impostor_16,270,378,249,249,249,92,0.3695,False,0.3632,False,True,1.8426
deepdetect,iris,CASIA-Iris-Thousand_impostor_16,270,378,8346,9403,8,0,,False,,False,True,
loftr,iris,CASIA-Iris-Thousand_impostor_17,429,464,710,710,710,118,0.1662,False,0.1595,False,True,2.3267
orb,iris,CASIA-Iris-Thousand_impostor_17,429,464,215,259,6,0,,False,,False,True,
sift,iris,CASIA-Iris-Thousand_impostor_17,429,464,59,125,3,0,,False,,False,True,
superglue,iris,CASIA-Iris-Thousand_impostor_17,429,464,604,625,120,26,0.2167,False,0.2045,False,True,2.6506
sgmnet,iris,CASIA-Iris-Thousand_impostor_17,429,464,2263,2270,161,14,0.0870,False,0.0865,False,True,1.1909
aspanformer,iris,CASIA-Iris-Thousand_impostor_17,429,464,752,752,752,376,0.5000,True,0.4767,False,False,2.4541
deepdetect,iris,CASIA-Iris-Thousand_impostor_17,429,464,9272,9033,10,9,0.9000,True,0.9000,False,False,1.4017
loftr,iris,CASIA-Iris-Thousand_impostor_18,685,097,612,612,612,82,0.1340,False,0.1241,False,True,3.0263
orb,iris,CASIA-Iris-Thousand_impostor_18,685,097,194,321,7,0,,False,,False,True,
sift,iris,CASIA-Iris-Thousand_impostor_18,685,097,107,49,1,0,,False,,False,True,
superglue,iris,CASIA-Iris-Thousand_impostor_18,685,097,631,638,18,0,,False,,False,True,
sgmnet,iris,CASIA-Iris-Thousand_impostor_18,685,097,2453,2235,79,10,0.1266,False,0.1243,False,True,1.2016
aspanformer,iris,CASIA-Iris-Thousand_impostor_18,685,097,348,348,348,133,0.3822,False,0.3657,False,True,2.3795
deepdetect,iris,CASIA-Iris-Thousand_impostor_18,685,097,7308,8103,8,0,,False,,False,True,
loftr,iris,CASIA-Iris-Thousand_impostor_19,050,763,494,494,494,50,0.1012,False,0.0953,False,True,2.7074
orb,iris,CASIA-Iris-Thousand_impostor_19,050,763,37,201,1,0,,False,,False,True,
sift,iris,CASIA-Iris-Thousand_impostor_19,050,763,16,32,4,0,,False,,False,True,
superglue,iris,CASIA-Iris-Thousand_impostor_19,050,763,499,537,7,5,0.7143,True,0.6658,False,False,1.1330
sgmnet,iris,CASIA-Iris-Thousand_impostor_19,050,763,1569,1836,48,7,0.1458,False,0.1397,False,True,0.5038
aspanformer,iris,CASIA-Iris-Thousand_impostor_19,050,763,294,294,294,83,0.2823,False,0.2701,False,True,2.3819
deepdetect,iris,CASIA-Iris-Thousand_impostor_19,050,763,10110,7878,13,10,0.7692,True,0.7692,False,False,0.8854
loftr,iris,CASIA-Iris-Thousand_impostor_20,069,691,68,68,68,23,0.3382,False,0.3276,False,True,2.1329
orb,iris,CASIA-Iris-Thousand_impostor_20,069,691,174,77,14,0,,False,,False,True,
sift,iris,CASIA-Iris-Thousand_impostor_20,069,691,29,53,3,0,,False,,False,True,
superglue,iris,CASIA-Iris-Thousand_impostor_20,069,691,600,110,24,11,0.4583,False,0.4473,False,True,1.7238
sgmnet,iris,CASIA-Iris-Thousand_impostor_20,069,691,0,0,0,0,,False,,False,True,
aspanformer,iris,CASIA-Iris-Thousand_impostor_20,069,691,233,233,233,146,0.6266,True,0.6041,False,False,2.2311
deepdetect,iris,CASIA-Iris-Thousand_impostor_20,069,691,7987,5119,0,0,,False,,False,True,
loftr,iris,CASIA-Iris-Thousand_impostor_21,854,258,177,177,177,25,0.1412,False,0.1387,False,True,1.8565
orb,iris,CASIA-Iris-Thousand_impostor_21,854,258,97,218,3,0,,False,,False,True,
sift,iris,CASIA-Iris-Thousand_impostor_21,854,258,27,52,1,0,,False,,False,True,
superglue,iris,CASIA-Iris-Thousand_impostor_21,854,258,474,673,8,7,0.8750,True,0.8385,False,False,1.1304
sgmnet,iris,CASIA-Iris-Thousand_impostor_21,854,258,1241,2355,27,9,0.3333,False,0.3254,False,True,0.9473
aspanformer,iris,CASIA-Iris-Thousand_impostor_21,854,258,147,147,147,50,0.3401,False,0.3300,False,True,2.1059
deepdetect,iris,CASIA-Iris-Thousand_impostor_21,854,258,8726,8630,7,0,,False,,False,True,
loftr,iris,CASIA-Iris-Thousand_impostor_22,051,598,403,403,403,41,0.1017,False,0.0973,False,True,2.3932
orb,iris,CASIA-Iris-Thousand_impostor_22,051,598,153,421,3,0,,False,,False,True,
sift,iris,CASIA-Iris-Thousand_impostor_22,051,598,90,53,0,0,,False,,False,True,
superglue,iris,CASIA-Iris-Thousand_impostor_22,051,598,641,633,8,6,0.7500,True,0.7097,False,False,1.2480
sgmnet,iris,CASIA-Iris-Thousand_impostor_22,051,598,2928,2287,37,8,0.2162,False,0.2093,False,True,1.1073
aspanformer,iris,CASIA-Iris-Thousand_impostor_22,051,598,200,200,200,91,0.4550,True,0.4432,False,False,2.0262
deepdetect,iris,CASIA-Iris-Thousand_impostor_22,051,598,9824,8679,4,0,,False,,False,True,
loftr,iris,CASIA-Iris-Thousand_impostor_23,312,536,405,405,405,47,0.1160,False,0.1121,False,True,2.1873
orb,iris,CASIA-Iris-Thousand_impostor_23,312,536,35,50,1,0,,False,,False,True,
sift,iris,CASIA-Iris-Thousand_impostor_23,312,536,15,44,0,0,,False,,False,True,
superglue,iris,CASIA-Iris-Thousand_impostor_23,312,536,737,513,0,0,,False,,False,True,
sgmnet,iris,CASIA-Iris-Thousand_impostor_23,312,536,2241,1688,44,7,0.1591,False,0.1525,False,True,0.5619
aspanformer,iris,CASIA-Iris-Thousand_impostor_23,312,536,153,153,153,48,0.3137,False,0.3045,False,True,2.0991
deepdetect,iris,CASIA-Iris-Thousand_impostor_23,312,536,8514,10351,5,5,1.0000,True,1.0000,False,False,0.4360
loftr,iris,CASIA-Iris-Thousand_impostor_24,964,732,595,595,595,71,0.1193,False,0.1129,False,True,2.6068
orb,iris,CASIA-Iris-Thousand_impostor_24,964,732,124,79,9,0,,False,,False,True,
sift,iris,CASIA-Iris-Thousand_impostor_24,964,732,40,24,0,0,,False,,False,True,
superglue,iris,CASIA-Iris-Thousand_impostor_24,964,732,601,553,37,9,0.2432,False,0.2319,False,True,1.9687
sgmnet,iris,CASIA-Iris-Thousand_impostor_24,964,732,1994,1887,143,11,0.0769,False,0.0759,False,True,1.2748
aspanformer,iris,CASIA-Iris-Thousand_impostor_24,964,732,218,218,218,100,0.4587,True,0.4415,False,False,2.2654
deepdetect,iris,CASIA-Iris-Thousand_impostor_24,964,732,6870,8053,5,0,,False,,False,True,
loftr,iris,CASIA-Iris-Thousand_impostor_25,083,429,650,650,650,82,0.1262,False,0.1215,False,True,2.2505
orb,iris,CASIA-Iris-Thousand_impostor_25,083,429,60,56,6,0,,False,,False,True,
sift,iris,CASIA-Iris-Thousand_impostor_25,083,429,29,20,8,0,,False,,False,True,
superglue,iris,CASIA-Iris-Thousand_impostor_25,083,429,581,580,11,6,0.5455,True,0.5161,False,False,0.9659
sgmnet,iris,CASIA-Iris-Thousand_impostor_25,083,429,1817,1932,250,17,0.0680,False,0.0673,False,True,1.6657
aspanformer,iris,CASIA-Iris-Thousand_impostor_25,083,429,368,368,368,141,0.3832,False,0.3758,False,True,1.8874
deepdetect,iris,CASIA-Iris-Thousand_impostor_25,083,429,8061,8895,2,0,,False,,False,True,
loftr,iris,CASIA-Iris-Thousand_impostor_26,989,654,598,598,598,73,0.1221,False,0.1191,False,True,1.9918
orb,iris,CASIA-Iris-Thousand_impostor_26,989,654,190,315,16,0,,False,,False,True,
sift,iris,CASIA-Iris-Thousand_impostor_26,989,654,62,69,4,0,,False,,False,True,
superglue,iris,CASIA-Iris-Thousand_impostor_26,989,654,670,627,16,10,0.6250,True,0.6030,False,False,1.8615
sgmnet,iris,CASIA-Iris-Thousand_impostor_26,989,654,2116,2335,137,16,0.1168,False,0.1165,False,True,1.1329
aspanformer,iris,CASIA-Iris-Thousand_impostor_26,989,654,342,342,342,178,0.5205,True,0.5140,False,False,1.7514
deepdetect,iris,CASIA-Iris-Thousand_impostor_26,989,654,7654,7119,9,7,0.7778,True,0.7778,False,False,1.4701
loftr,iris,CASIA-Iris-Thousand_impostor_27,930,272,551,551,551,92,0.1670,False,0.1576,False,True,2.6600
orb,iris,CASIA-Iris-Thousand_impostor_27,930,272,119,139,6,0,,False,,False,True,
sift,iris,CASIA-Iris-Thousand_impostor_27,930,272,48,57,1,0,,False,,False,True,
superglue,iris,CASIA-Iris-Thousand_impostor_27,930,272,600,587,29,11,0.3793,False,0.3678,False,True,1.8561
sgmnet,iris,CASIA-Iris-Thousand_impostor_27,930,272,2286,1681,158,14,0.0886,False,0.0882,False,True,1.4507
aspanformer,iris,CASIA-Iris-Thousand_impostor_27,930,272,190,190,190,61,0.3211,False,0.3097,False,True,2.2225
deepdetect,iris,CASIA-Iris-Thousand_impostor_27,930,272,9197,10776,0,0,,False,,False,True,
loftr,iris,CASIA-Iris-Thousand_impostor_28,911,444,989,989,989,251,0.2538,False,0.2406,False,True,2.5691
orb,iris,CASIA-Iris-Thousand_impostor_28,911,444,171,267,9,0,,False,,False,True,
sift,iris,CASIA-Iris-Thousand_impostor_28,911,444,38,49,3,0,,False,,False,True,
superglue,iris,CASIA-Iris-Thousand_impostor_28,911,444,634,630,183,45,0.2459,False,0.2329,False,True,2.5885
sgmnet,iris,CASIA-Iris-Thousand_impostor_28,911,444,2048,2094,187,16,0.0856,False,0.0853,False,True,1.4063
aspanformer,iris,CASIA-Iris-Thousand_impostor_28,911,444,824,824,824,526,0.6383,True,0.6257,False,False,1.9016
deepdetect,iris,CASIA-Iris-Thousand_impostor_28,911,444,7495,7971,10,9,0.9000,True,0.9000,False,False,1.6432
loftr,iris,CASIA-Iris-Thousand_impostor_29,185,599,249,249,249,42,0.1687,False,0.1575,False,True,2.8734
orb,iris,CASIA-Iris-Thousand_impostor_29,185,599,72,129,5,0,,False,,False,True,
sift,iris,CASIA-Iris-Thousand_impostor_29,185,599,39,47,5,0,,False,,False,True,
superglue,iris,CASIA-Iris-Thousand_impostor_29,185,599,195,591,0,0,,False,,False,True,
sgmnet,iris,CASIA-Iris-Thousand_impostor_29,185,599,1170,1878,29,9,0.3103,False,0.3029,False,True,0.5489
aspanformer,iris,CASIA-Iris-Thousand_impostor_29,185,599,295,295,295,115,0.3898,False,0.3738,False,True,2.3382
deepdetect,iris,CASIA-Iris-Thousand_impostor_29,185,599,5471,12094,7,0,,False,,False,True,
loftr,iris,CASIA-Iris-Thousand_impostor_30,483,669,808,808,808,111,0.1374,False,0.1295,False,True,2.6836
orb,iris,CASIA-Iris-Thousand_impostor_30,483,669,49,202,3,0,,False,,False,True,
sift,iris,CASIA-Iris-Thousand_impostor_30,483,669,33,31,7,0,,False,,False,True,
superglue,iris,CASIA-Iris-Thousand_impostor_30,483,669,589,673,27,11,0.4074,False,0.3961,False,True,1.7997
sgmnet,iris,CASIA-Iris-Thousand_impostor_30,483,669,1917,2376,151,17,0.1126,False,0.1124,False,True,1.4533
aspanformer,iris,CASIA-Iris-Thousand_impostor_30,483,669,282,282,282,81,0.2872,False,0.2754,False,True,2.3436
deepdetect,iris,CASIA-Iris-Thousand_impostor_30,483,669,9888,7565,43,29,0.6744,True,0.6744,False,False,2.2964
loftr,iris,CASIA-Iris-Thousand_impostor_31,624,665,209,209,209,22,0.1053,False,0.1025,False,True,2.0308
orb,iris,CASIA-Iris-Thousand_impostor_31,624,665,21,200,0,0,,False,,False,True,
sift,iris,CASIA-Iris-Thousand_impostor_31,624,665,14,48,0,0,,False,,False,True,
superglue,iris,CASIA-Iris-Thousand_impostor_31,624,665,419,623,1,0,,False,,False,True,
sgmnet,iris,CASIA-Iris-Thousand_impostor_31,624,665,1210,2264,26,9,0.3462,False,0.3379,False,True,1.1836
aspanformer,iris,CASIA-Iris-Thousand_impostor_31,624,665,79,79,79,31,0.3924,False,0.3880,False,True,1.7279
deepdetect,iris,CASIA-Iris-Thousand_impostor_31,624,665,10803,6653,8,0,,False,,False,True,
loftr,iris,CASIA-Iris-Thousand_impostor_32,477,100,450,450,450,47,0.1044,False,0.1044,False,True,1.4670
orb,iris,CASIA-Iris-Thousand_impostor_32,477,100,117,97,15,0,,False,,False,True,
sift,iris,CASIA-Iris-Thousand_impostor_32,477,100,41,34,5,0,,False,,False,True,
superglue,iris,CASIA-Iris-Thousand_impostor_32,477,100,538,705,14,8,0.5714,True,0.5533,False,False,1.1113
sgmnet,iris,CASIA-Iris-Thousand_impostor_32,477,100,1678,2582,132,11,0.0833,False,0.0823,False,True,1.0851
aspanformer,iris,CASIA-Iris-Thousand_impostor_32,477,100,160,160,160,49,0.3063,False,0.3006,False,True,1.8713
deepdetect,iris,CASIA-Iris-Thousand_impostor_32,477,100,9896,7824,4,4,1.0000,True,1.0000,False,False,0.0000
loftr,iris,CASIA-Iris-Thousand_impostor_33,893,256,319,319,319,35,0.1097,False,0.1061,False,True,2.1798
orb,iris,CASIA-Iris-Thousand_impostor_33,893,256,92,76,7,0,,False,,False,True,
sift,iris,CASIA-Iris-Thousand_impostor_33,893,256,18,34,3,0,,False,,False,True,
superglue,iris,CASIA-Iris-Thousand_impostor_33,893,256,633,625,2,0,,False,,False,True,
sgmnet,iris,CASIA-Iris-Thousand_impostor_33,893,256,2211,1876,31,8,0.2581,False,0.2499,False,True,1.0755
aspanformer,iris,CASIA-Iris-Thousand_impostor_33,893,256,278,278,278,78,0.2806,False,0.2768,False,True,1.7690
deepdetect,iris,CASIA-Iris-Thousand_impostor_33,893,256,6838,10326,1,0,,False,,False,True,
loftr,iris,CASIA-Iris-Thousand_impostor_34,449,010,63,63,63,16,0.2540,False,0.2417,False,True,2.4415
orb,iris,CASIA-Iris-Thousand_impostor_34,449,010,159,91,11,0,,False,,False,True,
sift,iris,CASIA-Iris-Thousand_impostor_34,449,010,53,28,7,0,,False,,False,True,
superglue,iris,CASIA-Iris-Thousand_impostor_34,449,010,711,203,0,0,,False,,False,True,
sgmnet,iris,CASIA-Iris-Thousand_impostor_34,449,010,2710,1150,30,8,0.2667,False,0.2582,False,True,1.1978
aspanformer,iris,CASIA-Iris-Thousand_impostor_34,449,010,159,159,159,76,0.4780,True,0.4525,False,False,2.5952
deepdetect,iris,CASIA-Iris-Thousand_impostor_34,449,010,6432,5819,1,0,,False,,False,True,
loftr,iris,CASIA-Iris-Thousand_impostor_35,046,039,800,800,800,121,0.1512,False,0.1412,False,True,2.8747
orb,iris,CASIA-Iris-Thousand_impostor_35,046,039,185,61,12,0,,False,,False,True,
sift,iris,CASIA-Iris-Thousand_impostor_35,046,039,46,19,0,0,,False,,False,True,
superglue,iris,CASIA-Iris-Thousand_impostor_35,046,039,628,548,23,9,0.3913,False,0.3798,False,True,1.6122
sgmnet,iris,CASIA-Iris-Thousand_impostor_35,046,039,2043,2017,74,9,0.1216,False,0.1187,False,True,0.9740
aspanformer,iris,CASIA-Iris-Thousand_impostor_35,046,039,297,297,297,129,0.4343,True,0.4128,False,False,2.5168
deepdetect,iris,CASIA-Iris-Thousand_impostor_35,046,039,7665,8886,10,8,0.8000,True,0.8000,False,False,0.3743
loftr,iris,CASIA-Iris-Thousand_impostor_36,219,626,259,259,259,25,0.0965,False,0.0936,False,True,2.1233
orb,iris,CASIA-Iris-Thousand_impostor_36,219,626,108,78,6,0,,False,,False,True,
sift,iris,CASIA-Iris-Thousand_impostor_36,219,626,30,27,0,0,,False,,False,True,
superglue,iris,CASIA-Iris-Thousand_impostor_36,219,626,671,570,2,0,,False,,False,True,
sgmnet,iris,CASIA-Iris-Thousand_impostor_36,219,626,2375,1916,108,12,0.1111,False,0.1101,False,True,0.9595
aspanformer,iris,CASIA-Iris-Thousand_impostor_36,219,626,127,127,127,39,0.3071,False,0.3034,False,True,1.7383
deepdetect,iris,CASIA-Iris-Thousand_impostor_36,219,626,6906,7322,11,0,,False,,False,True,
loftr,iris,CASIA-Iris-Thousand_impostor_37,226,341,526,526,526,50,0.0951,False,0.0916,False,True,2.2398
orb,iris,CASIA-Iris-Thousand_impostor_37,226,341,347,179,27,0,,False,,False,True,
sift,iris,CASIA-Iris-Thousand_impostor_37,226,341,35,17,8,0,,False,,False,True,
superglue,iris,CASIA-Iris-Thousand_impostor_37,226,341,647,630,24,9,0.3750,False,0.3567,False,True,2.0175
sgmnet,iris,CASIA-Iris-Thousand_impostor_37,226,341,2221,2186,125,13,0.1040,False,0.1033,False,True,1.3030
aspanformer,iris,CASIA-Iris-Thousand_impostor_37,226,341,317,317,317,116,0.3659,False,0.3530,False,True,2.2179
deepdetect,iris,CASIA-Iris-Thousand_impostor_37,226,341,6203,6891,33,30,0.9091,True,0.9091,False,False,0.5566
loftr,iris,CASIA-Iris-Thousand_impostor_38,620,523,65,65,65,16,0.2462,False,0.2381,False,True,2.1148
orb,iris,CASIA-Iris-Thousand_impostor_38,620,523,194,209,4,0,,False,,False,True,
sift,iris,CASIA-Iris-Thousand_impostor_38,620,523,59,68,6,0,,False,,False,True,
superglue,iris,CASIA-Iris-Thousand_impostor_38,620,523,674,218,0,0,,False,,False,True,
sgmnet,iris,CASIA-Iris-Thousand_impostor_38,620,523,2220,987,22,0,,False,,False,True,
aspanformer,iris,CASIA-Iris-Thousand_impostor_38,620,523,75,75,75,29,0.3867,False,0.3725,False,True,2.2444
deepdetect,iris,CASIA-Iris-Thousand_impostor_38,620,523,7541,7356,16,0,,False,,False,True,
loftr,iris,CASIA-Iris-Thousand_impostor_39,565,151,238,238,238,30,0.1261,False,0.1189,False,True,2.6681
orb,iris,CASIA-Iris-Thousand_impostor_39,565,151,440,171,26,0,,False,,False,True,
sift,iris,CASIA-Iris-Thousand_impostor_39,565,151,69,59,3,0,,False,,False,True,
superglue,iris,CASIA-Iris-Thousand_impostor_39,565,151,650,588,38,19,0.5000,True,0.4871,False,False,2.0030
sgmnet,iris,CASIA-Iris-Thousand_impostor_39,565,151,2454,1685,20,6,0.3000,False,0.2839,False,True,0.3686
aspanformer,iris,CASIA-Iris-Thousand_impostor_39,565,151,131,131,131,36,0.2748,False,0.2707,False,True,1.8006
deepdetect,iris,CASIA-Iris-Thousand_impostor_39,565,151,9302,11246,7,5,0.7143,True,0.7143,False,False,0.1052
loftr,iris,CASIA-Iris-Thousand_impostor_40,372,845,883,883,883,121,0.1370,False,0.1300,False,True,2.5462
orb,iris,CASIA-Iris-Thousand_impostor_40,372,845,96,270,11,0,,False,,False,True,
sift,iris,CASIA-Iris-Thousand_impostor_40,372,845,40,78,2,0,,False,,False,True,
superglue,iris,CASIA-Iris-Thousand_impostor_40,372,845,591,670,28,12,0.4286,False,0.4176,False,True,1.8299
sgmnet,iris,CASIA-Iris-Thousand_impostor_40,372,845,2509,2592,69,9,0.1304,False,0.1273,False,True,1.0528
aspanformer,iris,CASIA-Iris-Thousand_impostor_40,372,845,472,472,472,154,0.3263,False,0.3163,False,True,2.1180
deepdetect,iris,CASIA-Iris-Thousand_impostor_40,372,845,7409,8605,13,8,0.6154,True,0.6154,False,False,1.1859
loftr,iris,CASIA-Iris-Thousand_impostor_41,880,602,785,785,785,161,0.2051,False,0.1964,False,True,2.3638
orb,iris,CASIA-Iris-Thousand_impostor_41,880,602,83,49,4,0,,False,,False,True,
sift,iris,CASIA-Iris-Thousand_impostor_41,880,602,28,21,3,0,,False,,False,True,
superglue,iris,CASIA-Iris-Thousand_impostor_41,880,602,513,516,76,24,0.3158,False,0.3004,False,True,2.4985
sgmnet,iris,CASIA-Iris-Thousand_impostor_41,880,602,2219,1618,31,7,0.2258,False,0.2164,False,True,1.0617
aspanformer,iris,CASIA-Iris-Thousand_impostor_41,880,602,885,885,885,467,0.5277,True,0.4975,False,False,2.6766
deepdetect,iris,CASIA-Iris-Thousand_impostor_41,880,602,7033,8571,2,0,,False,,False,True,
loftr,iris,CASIA-Iris-Thousand_impostor_42,919,225,958,958,958,169,0.1764,False,0.1674,False,True,2.5517
orb,iris,CASIA-Iris-Thousand_impostor_42,919,225,181,206,20,0,,False,,False,True,
sift,iris,CASIA-Iris-Thousand_impostor_42,919,225,47,48,12,0,,False,,False,True,
superglue,iris,CASIA-Iris-Thousand_impostor_42,919,225,555,598,121,33,0.2727,False,0.2552,False,True,2.8277
sgmnet,iris,CASIA-Iris-Thousand_impostor_42,919,225,2007,2363,109,16,0.1468,False,0.1464,False,True,1.4021
aspanformer,iris,CASIA-Iris-Thousand_impostor_42,919,225,649,649,649,317,0.4884,True,0.4731,False,False,2.1378
deepdetect,iris,CASIA-Iris-Thousand_impostor_42,919,225,7007,6345,5,5,1.0000,True,1.0000,False,False,1.6728
loftr,iris,CASIA-Iris-Thousand_impostor_43,856,498,522,522,522,73,0.1398,False,0.1332,False,True,2.4789
orb,iris,CASIA-Iris-Thousand_impostor_43,856,498,307,109,9,0,,False,,False,True,
sift,iris,CASIA-Iris-Thousand_impostor_43,856,498,58,27,1,0,,False,,False,True,
superglue,iris,CASIA-Iris-Thousand_impostor_43,856,498,663,656,1,0,,False,,False,True,
sgmnet,iris,CASIA-Iris-Thousand_impostor_43,856,498,2406,2266,63,8,0.1270,False,0.1229,False,True,0.3926
aspanformer,iris,CASIA-Iris-Thousand_impostor_43,856,498,218,218,218,89,0.4083,False,0.3945,False,True,2.1830
deepdetect,iris,CASIA-Iris-Thousand_impostor_43,856,498,8193,6876,3,0,,False,,False,True,
loftr,iris,CASIA-Iris-Thousand_impostor_44,428,850,392,392,392,28,0.0714,False,0.0678,False,True,2.5483
orb,iris,CASIA-Iris-Thousand_impostor_44,428,850,190,23,7,0,,False,,False,True,
sift,iris,CASIA-Iris-Thousand_impostor_44,428,850,50,22,1,0,,False,,False,True,
superglue,iris,CASIA-Iris-Thousand_impostor_44,428,850,628,559,1,0,,False,,False,True,
sgmnet,iris,CASIA-Iris-Thousand_impostor_44,428,850,2556,1878,41,9,0.2195,False,0.2143,False,True,1.0923
aspanformer,iris,CASIA-Iris-Thousand_impostor_44,428,850,135,135,135,38,0.2815,False,0.2669,False,True,2.5626
deepdetect,iris,CASIA-Iris-Thousand_impostor_44,428,850,6865,8473,3,0,,False,,False,True,
loftr,iris,CASIA-Iris-Thousand_impostor_45,044,303,41,41,41,0,,False,,False,True,
orb,iris,CASIA-Iris-Thousand_impostor_45,044,303,7,25,0,0,,False,,False,True,
sift,iris,CASIA-Iris-Thousand_impostor_45,044,303,35,12,0,0,,False,,False,True,
superglue,iris,CASIA-Iris-Thousand_impostor_45,044,303,552,152,1,0,,False,,False,True,
sgmnet,iris,CASIA-Iris-Thousand_impostor_45,044,303,1858,866,34,14,0.4118,True,0.4097,False,False,1.3090
aspanformer,iris,CASIA-Iris-Thousand_impostor_45,044,303,201,201,201,101,0.5025,True,0.4817,False,False,2.3448
deepdetect,iris,CASIA-Iris-Thousand_impostor_45,044,303,10964,4667,0,0,,False,,False,True,
loftr,iris,CASIA-Iris-Thousand_impostor_46,377,919,710,710,710,107,0.1507,False,0.1426,False,True,2.6009
orb,iris,CASIA-Iris-Thousand_impostor_46,377,919,121,121,5,0,,False,,False,True,
sift,iris,CASIA-Iris-Thousand_impostor_46,377,919,38,41,6,0,,False,,False,True,
superglue,iris,CASIA-Iris-Thousand_impostor_46,377,919,595,627,16,9,0.5625,True,0.5417,False,False,1.7699
sgmnet,iris,CASIA-Iris-Thousand_impostor_46,377,919,2470,2456,180,18,0.1000,False,0.0991,False,True,1.6441
aspanformer,iris,CASIA-Iris-Thousand_impostor_46,377,919,520,520,520,184,0.3538,False,0.3415,False,True,2.2126
deepdetect,iris,CASIA-Iris-Thousand_impostor_46,377,919,8074,6806,50,45,0.9000,True,0.9000,False,False,0.3604
loftr,iris,CASIA-Iris-Thousand_impostor_47,763,050,733,733,733,141,0.1924,False,0.1821,False,True,2.5917
orb,iris,CASIA-Iris-Thousand_impostor_47,763,050,125,134,0,0,,False,,False,True,
sift,iris,CASIA-Iris-Thousand_impostor_47,763,050,24,41,2,0,,False,,False,True,
superglue,iris,CASIA-Iris-Thousand_impostor_47,763,050,555,625,21,9,0.4286,False,0.4184,False,True,1.4680
sgmnet,iris,CASIA-Iris-Thousand_impostor_47,763,050,1979,2248,45,9,0.2000,False,0.1952,False,True,0.9604
aspanformer,iris,CASIA-Iris-Thousand_impostor_47,763,050,572,572,572,298,0.5210,True,0.4948,False,False,2.5300
deepdetect,iris,CASIA-Iris-Thousand_impostor_47,763,050,8760,9266,10,0,,False,,False,True,
loftr,iris,CASIA-Iris-Thousand_impostor_48,925,855,678,678,678,75,0.1106,False,0.1047,False,True,2.6051
orb,iris,CASIA-Iris-Thousand_impostor_48,925,855,304,500,14,8,0.5714,True,0.5533,False,False,1.4671
sift,iris,CASIA-Iris-Thousand_impostor_48,925,855,66,92,6,0,,False,,False,True,
superglue,iris,CASIA-Iris-Thousand_impostor_48,925,855,610,618,5,4,0.8000,True,0.7332,False,False,0.0000
sgmnet,iris,CASIA-Iris-Thousand_impostor_48,925,855,1784,2177,45,7,0.1556,False,0.1491,False,True,1.0528
aspanformer,iris,CASIA-Iris-Thousand_impostor_48,925,855,209,209,209,98,0.4689,True,0.4635,False,False,1.7326
deepdetect,iris,CASIA-Iris-Thousand_impostor_48,925,855,9334,7873,7,5,0.7143,True,0.7143,False,False,0.2057
loftr,iris,CASIA-Iris-Thousand_impostor_49,893,686,480,480,480,68,0.1417,False,0.1329,False,True,2.7832
orb,iris,CASIA-Iris-Thousand_impostor_49,893,686,88,274,1,0,,False,,False,True,
sift,iris,CASIA-Iris-Thousand_impostor_49,893,686,21,62,2,0,,False,,False,True,
superglue,iris,CASIA-Iris-Thousand_impostor_49,893,686,636,583,23,13,0.5652,True,0.5469,False,False,2.0211
sgmnet,iris,CASIA-Iris-Thousand_impostor_49,893,686,2219,1831,115,14,0.1217,False,0.1211,False,True,1.1486
aspanformer,iris,CASIA-Iris-Thousand_impostor_49,893,686,326,326,326,138,0.4233,True,0.4007,False,False,2.5971
deepdetect,iris,CASIA-Iris-Thousand_impostor_49,893,686,6965,8786,4,0,,False,,False,True,
loftr,iris,CASIA-Iris-Thousand_impostor_50,076,740,277,277,277,32,0.1155,False,0.1114,False,True,2.2351
orb,iris,CASIA-Iris-Thousand_impostor_50,076,740,121,360,5,0,,False,,False,True,
sift,iris,CASIA-Iris-Thousand_impostor_50,076,740,29,53,1,0,,False,,False,True,
superglue,iris,CASIA-Iris-Thousand_impostor_50,076,740,563,637,1,0,,False,,False,True,
sgmnet,iris,CASIA-Iris-Thousand_impostor_50,076,740,2258,2067,107,19,0.1776,False,0.1774,False,True,1.2911
aspanformer,iris,CASIA-Iris-Thousand_impostor_50,076,740,101,101,101,44,0.4356,True,0.4323,False,False,1.6552
deepdetect,iris,CASIA-Iris-Thousand_impostor_50,076,740,8496,8074,8,6,0.7500,True,0.7500,False,False,1.0693
loftr,iris,CASIA-Iris-Thousand_impostor_51,699,256,328,328,328,44,0.1341,False,0.1302,False,True,2.0941
orb,iris,CASIA-Iris-Thousand_impostor_51,699,256,295,158,12,0,,False,,False,True,
sift,iris,CASIA-Iris-Thousand_impostor_51,699,256,96,47,4,4,1.0000,True,0.9165,False,False,0.0000
superglue,iris,CASIA-Iris-Thousand_impostor_51,699,256,597,600,28,16,0.5714,True,0.5468,False,False,2.3298
sgmnet,iris,CASIA-Iris-Thousand_impostor_51,699,256,2339,2281,226,37,0.1637,False,0.1608,False,True,1.8636
aspanformer,iris,CASIA-Iris-Thousand_impostor_51,699,256,132,132,132,55,0.4167,True,0.4054,False,False,2.0487
deepdetect,iris,CASIA-Iris-Thousand_impostor_51,699,256,7230,7946,20,18,0.9000,True,0.9000,False,False,0.6509
loftr,iris,CASIA-Iris-Thousand_impostor_52,895,865,756,756,756,116,0.1534,False,0.1477,False,True,2.2659
orb,iris,CASIA-Iris-Thousand_impostor_52,895,865,84,69,4,0,,False,,False,True,
sift,iris,CASIA-Iris-Thousand_impostor_52,895,865,47,47,7,5,0.7143,True,0.6658,False,False,0.0000
superglue,iris,CASIA-Iris-Thousand_impostor_52,895,865,635,604,91,22,0.2418,False,0.2302,False,True,2.4725
sgmnet,iris,CASIA-Iris-Thousand_impostor_52,895,865,1943,2011,162,12,0.0741,False,0.0734,False,True,1.2771
aspanformer,iris,CASIA-Iris-Thousand_impostor_52,895,865,511,511,511,182,0.3562,False,0.3454,False,True,2.1123
deepdetect,iris,CASIA-Iris-Thousand_impostor_52,895,865,9887,11026,9,5,0.5556,True,0.5556,False,False,0.0679
loftr,iris,CASIA-Iris-Thousand_impostor_53,098,181,768,768,768,133,0.1732,False,0.1642,False,True,2.5611
orb,iris,CASIA-Iris-Thousand_impostor_53,098,181,51,59,8,0,,False,,False,True,
sift,iris,CASIA-Iris-Thousand_impostor_53,098,181,19,24,5,0,,False,,False,True,
superglue,iris,CASIA-Iris-Thousand_impostor_53,098,181,575,643,25,11,0.4400,False,0.4305,False,True,1.6729
sgmnet,iris,CASIA-Iris-Thousand_impostor_53,098,181,1738,2163,52,12,0.2308,False,0.2286,False,True,1.1226
aspanformer,iris,CASIA-Iris-Thousand_impostor_53,098,181,510,510,510,204,0.4000,False,0.3854,False,True,2.2435
deepdetect,iris,CASIA-Iris-Thousand_impostor_53,098,181,10695,7562,2,0,,False,,False,True,
loftr,iris,CASIA-Iris-Thousand_impostor_54,747,748,93,93,93,18,0.1935,False,0.1887,False,True,1.9846
orb,iris,CASIA-Iris-Thousand_impostor_54,747,748,51,58,3,0,,False,,False,True,
sift,iris,CASIA-Iris-Thousand_impostor_54,747,748,24,20,1,0,,False,,False,True,
superglue,iris,CASIA-Iris-Thousand_impostor_54,747,748,537,609,0,0,,False,,False,True,
sgmnet,iris,CASIA-Iris-Thousand_impostor_54,747,748,1705,2077,41,8,0.1951,False,0.1889,False,True,0.7827
aspanformer,iris,CASIA-Iris-Thousand_impostor_54,747,748,144,144,144,45,0.3125,False,0.3034,False,True,2.0888
deepdetect,iris,CASIA-Iris-Thousand_impostor_54,747,748,10524,8235,26,20,0.7692,True,0.7692,False,False,1.8942
loftr,iris,CASIA-Iris-Thousand_impostor_55,044,325,464,464,464,60,0.1293,False,0.1228,False,True,2.5398
orb,iris,CASIA-Iris-Thousand_impostor_55,044,325,7,6,0,0,,False,,False,True,
sift,iris,CASIA-Iris-Thousand_impostor_55,044,325,25,40,0,0,,False,,False,True,
superglue,iris,CASIA-Iris-Thousand_impostor_55,044,325,503,529,57,15,0.2632,False,0.2505,False,True,2.4161
sgmnet,iris,CASIA-Iris-Thousand_impostor_55,044,325,1681,1655,25,7,0.2800,False,0.2683,False,True,0.7943
aspanformer,iris,CASIA-Iris-Thousand_impostor_55,044,325,424,424,424,181,0.4269,True,0.4122,False,False,2.2005
deepdetect,iris,CASIA-Iris-Thousand_impostor_55,044,325,9823,10315,6,4,0.6667,True,0.6667,False,False,0.0000
loftr,iris,CASIA-Iris-Thousand_impostor_56,299,714,764,764,764,148,0.1937,False,0.1862,False,True,2.2926
orb,iris,CASIA-Iris-Thousand_impostor_56,299,714,61,138,7,0,,False,,False,True,
sift,iris,CASIA-Iris-Thousand_impostor_56,299,714,11,33,0,0,,False,,False,True,
superglue,iris,CASIA-Iris-Thousand_impostor_56,299,714,575,532,57,23,0.4035,False,0.3848,False,True,2.4420
sgmnet,iris,CASIA-Iris-Thousand_impostor_56,299,714,2011,1947,88,10,0.1136,False,0.1116,False,True,1.2977
aspanformer,iris,CASIA-Iris-Thousand_impostor_56,299,714,508,508,508,190,0.3740,False,0.3523,False,True,2.6945
deepdetect,iris,CASIA-Iris-Thousand_impostor_56,299,714,8072,8998,3,0,,False,,False,True,
loftr,iris,CASIA-Iris-Thousand_impostor_57,089,747,63,63,63,10,0.1587,False,0.1507,False,True,2.1793
orb,iris,CASIA-Iris-Thousand_impostor_57,089,747,138,51,14,0,,False,,False,True,
sift,iris,CASIA-Iris-Thousand_impostor_57,089,747,32,24,1,0,,False,,False,True,
superglue,iris,CASIA-Iris-Thousand_impostor_57,089,747,538,537,2,0,,False,,False,True,
sgmnet,iris,CASIA-Iris-Thousand_impostor_57,089,747,1652,1705,31,7,0.2258,False,0.2164,False,True,0.7411
aspanformer,iris,CASIA-Iris-Thousand_impostor_57,089,747,28,28,28,9,0.3214,False,0.3032,False,True,2.1854
deepdetect,iris,CASIA-Iris-Thousand_impostor_57,089,747,9366,10524,9,0,,False,,False,True,
loftr,iris,CASIA-Iris-Thousand_impostor_58,855,394,983,983,983,172,0.1750,False,0.1675,False,True,2.3716
orb,iris,CASIA-Iris-Thousand_impostor_58,855,394,262,291,29,15,0.5172,True,0.5055,False,False,1.8858
sift,iris,CASIA-Iris-Thousand_impostor_58,855,394,48,67,12,4,0.3333,False,0.3055,False,True,0.0000
superglue,iris,CASIA-Iris-Thousand_impostor_58,855,394,609,659,45,17,0.3778,False,0.3584,False,True,2.5135
sgmnet,iris,CASIA-Iris-Thousand_impostor_58,855,394,2132,2306,160,25,0.1562,False,0.1557,False,True,1.5692
aspanformer,iris,CASIA-Iris-Thousand_impostor_58,855,394,629,629,629,203,0.3227,False,0.3072,False,True,2.4873
deepdetect,iris,CASIA-Iris-Thousand_impostor_58,855,394,8161,9219,22,19,0.8636,True,0.8636,False,False,1.2430
loftr,iris,CASIA-Iris-Thousand_impostor_59,634,699,406,406,406,51,0.1256,False,0.1188,False,True,2.6203
orb,iris,CASIA-Iris-Thousand_impostor_59,634,699,91,208,2,0,,False,,False,True,
sift,iris,CASIA-Iris-Thousand_impostor_59,634,699,84,39,0,0,,False,,False,True,
superglue,iris,CASIA-Iris-Thousand_impostor_59,634,699,515,573,76,24,0.3158,False,0.2973,False,True,2.7058
sgmnet,iris,CASIA-Iris-Thousand_impostor_59,634,699,1781,2411,133,13,0.0977,False,0.0964,False,True,1.6381
aspanformer,iris,CASIA-Iris-Thousand_impostor_59,634,699,294,294,294,124,0.4218,True,0.4103,False,False,2.0517
deepdetect,iris,CASIA-Iris-Thousand_impostor_59,634,699,11061,4750,30,24,0.8000,True,0.8000,False,False,1.8414
loftr,iris,CASIA-Iris-Thousand_impostor_60,649,279,493,493,493,51,0.1034,False,0.0993,False,True,2.3234
orb,iris,CASIA-Iris-Thousand_impostor_60,649,279,487,269,23,0,,False,,False,True,
sift,iris,CASIA-Iris-Thousand_impostor_60,649,279,95,81,11,0,,False,,False,True,
superglue,iris,CASIA-Iris-Thousand_impostor_60,649,279,764,649,32,16,0.5000,True,0.4814,False,False,2.2047
sgmnet,iris,CASIA-Iris-Thousand_impostor_60,649,279,2613,2457,123,24,0.1951,False,0.1928,False,True,1.7384
aspanformer,iris,CASIA-Iris-Thousand_impostor_60,649,279,271,271,271,136,0.5018,True,0.5018,False,False,1.3644
deepdetect,iris,CASIA-Iris-Thousand_impostor_60,649,279,7873,7828,11,9,0.8182,True,0.8182,False,False,1.7449
loftr,iris,CASIA-Iris-Thousand_impostor_61,619,660,897,897,897,194,0.2163,False,0.2079,False,True,2.2939
orb,iris,CASIA-Iris-Thousand_impostor_61,619,660,72,55,7,0,,False,,False,True,
sift,iris,CASIA-Iris-Thousand_impostor_61,619,660,30,28,2,0,,False,,False,True,
superglue,iris,CASIA-Iris-Thousand_impostor_61,619,660,627,621,121,25,0.2066,False,0.1964,False,True,2.5114
sgmnet,iris,CASIA-Iris-Thousand_impostor_61,619,660,2143,2116,179,19,0.1061,False,0.1060,False,True,1.4469
aspanformer,iris,CASIA-Iris-Thousand_impostor_61,619,660,518,518,518,228,0.4402,True,0.4222,False,False,2.3342
deepdetect,iris,CASIA-Iris-Thousand_impostor_61,619,660,11771,10620,7,7,1.0000,True,1.0000,False,False,0.9227
loftr,iris,CASIA-Iris-Thousand_impostor_62,827,184,419,419,419,59,0.1408,False,0.1339,False,True,2.5058
orb,iris,CASIA-Iris-Thousand_impostor_62,827,184,4,44,1,0,,False,,False,True,
sift,iris,CASIA-Iris-Thousand_impostor_62,827,184,10,52,2,0,,False,,False,True,
superglue,iris,CASIA-Iris-Thousand_impostor_62,827,184,488,520,2,0,,False,,False,True,
sgmnet,iris,CASIA-Iris-Thousand_impostor_62,827,184,1647,1480,46,7,0.1522,False,0.1458,False,True,1.0162
aspanformer,iris,CASIA-Iris-Thousand_impostor_62,827,184,215,215,215,58,0.2698,False,0.2581,False,True,2.3877
deepdetect,iris,CASIA-Iris-Thousand_impostor_62,827,184,9050,8382,9,7,0.7778,True,0.7778,False,False,0.3698
loftr,iris,CASIA-Iris-Thousand_impostor_63,157,950,640,640,640,138,0.2156,False,0.2070,False,True,2.3187
orb,iris,CASIA-Iris-Thousand_impostor_63,157,950,119,192,12,0,,False,,False,True,
sift,iris,CASIA-Iris-Thousand_impostor_63,157,950,30,36,2,0,,False,,False,True,
superglue,iris,CASIA-Iris-Thousand_impostor_63,157,950,579,692,53,20,0.3774,False,0.3588,False,True,2.4943
sgmnet,iris,CASIA-Iris-Thousand_impostor_63,157,950,2188,2369,283,17,0.0601,False,0.0600,False,True,1.2033
aspanformer,iris,CASIA-Iris-Thousand_impostor_63,157,950,891,891,891,538,0.6038,True,0.5825,False,False,2.2198
deepdetect,iris,CASIA-Iris-Thousand_impostor_63,157,950,8186,6971,28,25,0.8929,True,0.8929,False,False,0.8172
loftr,iris,CASIA-Iris-Thousand_impostor_64,882,283,453,453,453,54,0.1192,False,0.1149,False,True,2.2384
orb,iris,CASIA-Iris-Thousand_impostor_64,882,283,144,140,13,0,,False,,False,True,
sift,iris,CASIA-Iris-Thousand_impostor_64,882,283,53,26,1,0,,False,,False,True,
superglue,iris,CASIA-Iris-Thousand_impostor_64,882,283,648,575,16,8,0.5000,True,0.4803,False,False,1.6580
sgmnet,iris,CASIA-Iris-Thousand_impostor_64,882,283,2270,1935,49,9,0.1837,False,0.1793,False,True,1.0632
aspanformer,iris,CASIA-Iris-Thousand_impostor_64,882,283,267,267,267,158,0.5918,True,0.5726,False,False,2.1598
deepdetect,iris,CASIA-Iris-Thousand_impostor_64,882,283,9857,9099,10,7,0.7000,True,0.7000,False,False,0.1672
loftr,iris,CASIA-Iris-Thousand_impostor_65,460,302,156,156,156,21,0.1346,False,0.1269,False,True,2.6721
orb,iris,CASIA-Iris-Thousand_impostor_65,460,302,152,71,17,0,,False,,False,True,
sift,iris,CASIA-Iris-Thousand_impostor_65,460,302,22,33,1,0,,False,,False,True,
superglue,iris,CASIA-Iris-Thousand_impostor_65,460,302,630,296,0,0,,False,,False,True,
sgmnet,iris,CASIA-Iris-Thousand_impostor_65,460,302,2434,1273,18,7,0.3889,False,0.3727,False,True,0.7624
aspanformer,iris,CASIA-Iris-Thousand_impostor_65,460,302,136,136,136,49,0.3603,False,0.3478,False,True,2.2070
deepdetect,iris,CASIA-Iris-Thousand_impostor_65,460,302,8748,6765,8,0,,False,,False,True,
loftr,iris,CASIA-Iris-Thousand_impostor_66,618,178,201,201,201,24,0.1194,False,0.1151,False,True,2.2299
orb,iris,CASIA-Iris-Thousand_impostor_66,618,178,40,417,1,0,,False,,False,True,
sift,iris,CASIA-Iris-Thousand_impostor_66,618,178,26,63,2,0,,False,,False,True,
superglue,iris,CASIA-Iris-Thousand_impostor_66,618,178,131,663,3,0,,False,,False,True,
sgmnet,iris,CASIA-Iris-Thousand_impostor_66,618,178,637,2029,28,10,0.3571,False,0.3508,False,True,1.1837
aspanformer,iris,CASIA-Iris-Thousand_impostor_66,618,178,184,184,184,45,0.2446,False,0.2267,False,True,3.0182
deepdetect,iris,CASIA-Iris-Thousand_impostor_66,618,178,5450,8513,6,5,0.8333,True,0.8333,False,False,0.3736
loftr,iris,CASIA-Iris-Thousand_impostor_67,225,404,363,363,363,44,0.1212,False,0.1149,False,True,2.5737
orb,iris,CASIA-Iris-Thousand_impostor_67,225,404,158,45,6,0,,False,,False,True,
sift,iris,CASIA-Iris-Thousand_impostor_67,225,404,55,37,2,0,,False,,False,True,
superglue,iris,CASIA-Iris-Thousand_impostor_67,225,404,536,526,6,5,0.8333,True,0.7768,False,False,0.8080
sgmnet,iris,CASIA-Iris-Thousand_impostor_67,225,404,2037,1910,174,17,0.0977,False,0.0975,False,True,1.4932
aspanformer,iris,CASIA-Iris-Thousand_impostor_67,225,404,268,268,268,97,0.3619,False,0.3529,False,True,2.0060
deepdetect,iris,CASIA-Iris-Thousand_impostor_67,225,404,10401,10912,9,0,,False,,False,True,
loftr,iris,CASIA-Iris-Thousand_impostor_68,712,214,171,171,171,18,0.1053,False,0.1009,False,True,2.3107
orb,iris,CASIA-Iris-Thousand_impostor_68,712,214,64,356,2,0,,False,,False,True,
sift,iris,CASIA-Iris-Thousand_impostor_68,712,214,44,139,5,0,,False,,False,True,
superglue,iris,CASIA-Iris-Thousand_impostor_68,712,214,122,730,10,0,,False,,False,True,
sgmnet,iris,CASIA-Iris-Thousand_impostor_68,712,214,1050,2719,23,7,0.3043,False,0.2916,False,True,0.6788
aspanformer,iris,CASIA-Iris-Thousand_impostor_68,712,214,161,161,161,49,0.3043,False,0.2848,False,True,2.8265
deepdetect,iris,CASIA-Iris-Thousand_impostor_68,712,214,5549,9593,6,0,,False,,False,True,
loftr,iris,CASIA-Iris-Thousand_impostor_69,726,162,370,370,370,38,0.1027,False,0.0962,False,True,2.8115
orb,iris,CASIA-Iris-Thousand_impostor_69,726,162,125,196,9,0,,False,,False,True,
sift,iris,CASIA-Iris-Thousand_impostor_69,726,162,45,50,7,0,,False,,False,True,
superglue,iris,CASIA-Iris-Thousand_impostor_69,726,162,729,624,3,0,,False,,False,True,
sgmnet,iris,CASIA-Iris-Thousand_impostor_69,726,162,2129,2038,211,16,0.0758,False,0.0756,False,True,1.2878
aspanformer,iris,CASIA-Iris-Thousand_impostor_69,726,162,36,36,36,13,0.3611,False,0.3523,False,True,1.8558
deepdetect,iris,CASIA-Iris-Thousand_impostor_69,726,162,7157,6605,6,6,1.0000,True,1.0000,False,False,1.1416
loftr,iris,CASIA-Iris-Thousand_impostor_70,811,493,113,113,113,20,0.1770,False,0.1769,False,True,1.4791
orb,iris,CASIA-Iris-Thousand_impostor_70,811,493,88,94,6,0,,False,,False,True,
sift,iris,CASIA-Iris-Thousand_impostor_70,811,493,72,42,0,0,,False,,False,True,
superglue,iris,CASIA-Iris-Thousand_impostor_70,811,493,645,522,4,0,,False,,False,True,
sgmnet,iris,CASIA-Iris-Thousand_impostor_70,811,493,2778,1726,46,13,0.2826,False,0.2807,False,True,1.2780
aspanformer,iris,CASIA-Iris-Thousand_impostor_70,811,493,268,268,268,135,0.5037,True,0.5037,False,False,1.4132
deepdetect,iris,CASIA-Iris-Thousand_impostor_70,811,493,11344,8604,10,0,,False,,False,True,
loftr,iris,CASIA-Iris-Thousand_impostor_71,498,539,615,615,615,92,0.1496,False,0.1403,False,True,2.7808
orb,iris,CASIA-Iris-Thousand_impostor_71,498,539,84,309,4,0,,False,,False,True,
sift,iris,CASIA-Iris-Thousand_impostor_71,498,539,20,125,0,0,,False,,False,True,
superglue,iris,CASIA-Iris-Thousand_impostor_71,498,539,686,648,39,12,0.3077,False,0.3027,False,True,1.6394
sgmnet,iris,CASIA-Iris-Thousand_impostor_71,498,539,2361,2552,133,14,0.1053,False,0.1046,False,True,1.5224
aspanformer,iris,CASIA-Iris-Thousand_impostor_71,498,539,664,664,664,362,0.5452,True,0.5331,False,False,1.9484
deepdetect,iris,CASIA-Iris-Thousand_impostor_71,498,539,5809,9551,2,0,,False,,False,True,
loftr,iris,CASIA-Iris-Thousand_impostor_72,829,698,754,754,754,134,0.1777,False,0.1684,False,True,2.5742
orb,iris,CASIA-Iris-Thousand_impostor_72,829,698,252,224,10,7,0.7000,True,0.6708,False,False,1.0382
sift,iris,CASIA-Iris-Thousand_impostor_72,829,698,33,57,6,0,,False,,False,True,
superglue,iris,CASIA-Iris-Thousand_impostor_72,829,698,585,573,13,7,0.5385,True,0.5160,False,False,1.3758
sgmnet,iris,CASIA-Iris-Thousand_impostor_72,829,698,2037,2134,118,12,0.1017,False,0.1006,False,True,1.5275
aspanformer,iris,CASIA-Iris-Thousand_impostor_72,829,698,610,610,610,278,0.4557,True,0.4301,False,False,2.6593
deepdetect,iris,CASIA-Iris-Thousand_impostor_72,829,698,6878,8361,9,0,,False,,False,True,
loftr,iris,CASIA-Iris-Thousand_impostor_73,934,545,647,647,647,89,0.1376,False,0.1301,False,True,2.6092
orb,iris,CASIA-Iris-Thousand_impostor_73,934,545,213,490,6,4,0.6667,True,0.6110,False,False,0.0000
sift,iris,CASIA-Iris-Thousand_impostor_73,934,545,47,142,2,0,,False,,False,True,
superglue,iris,CASIA-Iris-Thousand_impostor_73,934,545,633,644,49,23,0.4694,False,0.4468,False,True,2.4795
sgmnet,iris,CASIA-Iris-Thousand_impostor_73,934,545,2016,2295,89,13,0.1461,False,0.1451,False,True,1.1381
aspanformer,iris,CASIA-Iris-Thousand_impostor_73,934,545,343,343,343,145,0.4227,True,0.4227,False,False,1.3185
deepdetect,iris,CASIA-Iris-Thousand_impostor_73,934,545,6979,7849,8,0,,False,,False,True,
loftr,iris,CASIA-Iris-Thousand_impostor_74,758,521,892,892,892,149,0.1670,False,0.1607,False,True,2.2772
orb,iris,CASIA-Iris-Thousand_impostor_74,758,521,55,229,5,0,,False,,False,True,
sift,iris,CASIA-Iris-Thousand_impostor_74,758,521,22,36,1,0,,False,,False,True,
superglue,iris,CASIA-Iris-Thousand_impostor_74,758,521,581,619,156,38,0.2436,False,0.2314,False,True,2.5243
sgmnet,iris,CASIA-Iris-Thousand_impostor_74,758,521,2009,2146,146,12,0.0822,False,0.0814,False,True,1.1545
aspanformer,iris,CASIA-Iris-Thousand_impostor_74,758,521,611,611,611,233,0.3813,False,0.3729,False,True,1.9456
deepdetect,iris,CASIA-Iris-Thousand_impostor_74,758,521,9247,6912,14,13,0.9286,True,0.9286,False,False,0.7594
loftr,iris,CASIA-Iris-Thousand_impostor_75,470,734,760,760,760,113,0.1487,False,0.1438,False,True,2.1621
orb,iris,CASIA-Iris-Thousand_impostor_75,470,734,152,116,9,0,,False,,False,True,
sift,iris,CASIA-Iris-Thousand_impostor_75,470,734,31,36,5,0,,False,,False,True,
superglue,iris,CASIA-Iris-Thousand_impostor_75,470,734,628,672,56,21,0.3750,False,0.3540,False,True,2.6442
sgmnet,iris,CASIA-Iris-Thousand_impostor_75,470,734,2213,2551,68,10,0.1471,False,0.1445,False,True,0.8832
aspanformer,iris,CASIA-Iris-Thousand_impostor_75,470,734,667,667,667,260,0.3898,False,0.3774,False,True,2.1443
deepdetect,iris,CASIA-Iris-Thousand_impostor_75,470,734,7694,10768,17,14,0.8235,True,0.8235,False,False,0.6337
loftr,iris,CASIA-Iris-Thousand_impostor_76,561,162,754,754,754,132,0.1751,False,0.1645,False,True,2.7494
orb,iris,CASIA-Iris-Thousand_impostor_76,561,162,335,204,18,0,,False,,False,True,
sift,iris,CASIA-Iris-Thousand_impostor_76,561,162,46,41,4,4,1.0000,True,0.9165,False,False,0.0000
superglue,iris,CASIA-Iris-Thousand_impostor_76,561,162,599,638,76,28,0.3684,False,0.3585,False,True,2.0444
sgmnet,iris,CASIA-Iris-Thousand_impostor_76,561,162,2087,1971,126,24,0.1905,False,0.1900,False,True,1.5455
aspanformer,iris,CASIA-Iris-Thousand_impostor_76,561,162,400,400,400,233,0.5825,True,0.5593,False,False,2.3125
deepdetect,iris,CASIA-Iris-Thousand_impostor_76,561,162,8274,8175,39,18,0.4615,True,0.4615,False,False,0.7500
loftr,iris,CASIA-Iris-Thousand_impostor_77,506,871,346,346,346,43,0.1243,False,0.1181,False,True,2.5228
orb,iris,CASIA-Iris-Thousand_impostor_77,506,871,123,89,7,4,0.5714,True,0.5237,False,False,0.0000
sift,iris,CASIA-Iris-Thousand_impostor_77,506,871,69,33,1,0,,False,,False,True,
superglue,iris,CASIA-Iris-Thousand_impostor_77,506,871,585,638,1,0,,False,,False,True,
sgmnet,iris,CASIA-Iris-Thousand_impostor_77,506,871,1547,2293,97,12,0.1237,False,0.1225,False,True,1.0939
aspanformer,iris,CASIA-Iris-Thousand_impostor_77,506,871,120,120,120,52,0.4333,True,0.4249,False,False,1.8918
deepdetect,iris,CASIA-Iris-Thousand_impostor_77,506,871,10364,7857,14,9,0.6429,True,0.6429,False,False,0.0203
loftr,iris,CASIA-Iris-Thousand_impostor_78,771,554,480,480,480,59,0.1229,False,0.1161,False,True,2.6426
orb,iris,CASIA-Iris-Thousand_impostor_78,771,554,74,118,2,0,,False,,False,True,
sift,iris,CASIA-Iris-Thousand_impostor_78,771,554,29,25,2,0,,False,,False,True,
superglue,iris,CASIA-Iris-Thousand_impostor_78,771,554,459,573,59,20,0.3390,False,0.3206,False,True,2.6019
sgmnet,iris,CASIA-Iris-Thousand_impostor_78,771,554,1785,1964,101,13,0.1287,False,0.1278,False,True,1.2624
aspanformer,iris,CASIA-Iris-Thousand_impostor_78,771,554,554,554,554,281,0.5072,True,0.4938,False,False,2.0381
deepdetect,iris,CASIA-Iris-Thousand_impostor_78,771,554,8700,7030,20,14,0.7000,True,0.7000,False,False,1.6248
loftr,iris,CASIA-Iris-Thousand_impostor_79,910,012,570,570,570,78,0.1368,False,0.1299,False,True,2.5399
orb,iris,CASIA-Iris-Thousand_impostor_79,910,012,125,61,7,0,,False,,False,True,
sift,iris,CASIA-Iris-Thousand_impostor_79,910,012,53,39,3,0,,False,,False,True,
superglue,iris,CASIA-Iris-Thousand_impostor_79,910,012,468,499,52,17,0.3269,False,0.3119,False,True,2.4025
sgmnet,iris,CASIA-Iris-Thousand_impostor_79,910,012,1631,1410,70,10,0.1429,False,0.1403,False,True,0.8259
aspanformer,iris,CASIA-Iris-Thousand_impostor_79,910,012,408,408,408,176,0.4314,True,0.4133,False,False,2.3564
deepdetect,iris,CASIA-Iris-Thousand_impostor_79,910,012,9843,10387,3,0,,False,,False,True,
loftr,iris,CASIA-Iris-Thousand_impostor_80,104,211,311,311,311,44,0.1415,False,0.1342,False,True,2.5551
orb,iris,CASIA-Iris-Thousand_impostor_80,104,211,23,72,0,0,,False,,False,True,
sift,iris,CASIA-Iris-Thousand_impostor_80,104,211,13,31,2,0,,False,,False,True,
superglue,iris,CASIA-Iris-Thousand_impostor_80,104,211,470,535,0,0,,False,,False,True,
sgmnet,iris,CASIA-Iris-Thousand_impostor_80,104,211,1614,1707,54,9,0.1667,False,0.1627,False,True,0.9467
aspanformer,iris,CASIA-Iris-Thousand_impostor_80,104,211,163,163,163,85,0.5215,True,0.5143,False,False,1.7754
deepdetect,iris,CASIA-Iris-Thousand_impostor_80,104,211,7573,11811,3,0,,False,,False,True,
loftr,iris,CASIA-Iris-Thousand_impostor_81,597,361,545,545,545,103,0.1890,False,0.1801,False,True,2.4643
orb,iris,CASIA-Iris-Thousand_impostor_81,597,361,181,145,18,0,,False,,False,True,
sift,iris,CASIA-Iris-Thousand_impostor_81,597,361,44,32,5,0,,False,,False,True,
superglue,iris,CASIA-Iris-Thousand_impostor_81,597,361,647,633,10,5,0.5000,True,0.4661,False,False,0.5013
sgmnet,iris,CASIA-Iris-Thousand_impostor_81,597,361,2570,2119,47,9,0.1915,False,0.1869,False,True,1.0943
aspanformer,iris,CASIA-Iris-Thousand_impostor_81,597,361,320,320,320,189,0.5906,True,0.5612,False,False,2.5232
deepdetect,iris,CASIA-Iris-Thousand_impostor_81,597,361,6440,6828,45,0,,False,,False,True,
loftr,iris,CASIA-Iris-Thousand_impostor_82,453,641,215,215,215,17,0.0791,False,0.0764,False,True,2.1426
orb,iris,CASIA-Iris-Thousand_impostor_82,453,641,71,316,2,0,,False,,False,True,
sift,iris,CASIA-Iris-Thousand_impostor_82,453,641,18,56,0,0,,False,,False,True,
superglue,iris,CASIA-Iris-Thousand_impostor_82,453,641,519,634,6,0,,False,,False,True,
sgmnet,iris,CASIA-Iris-Thousand_impostor_82,453,641,1541,2455,70,11,0.1571,False,0.1551,False,True,1.2537
aspanformer,iris,CASIA-Iris-Thousand_impostor_82,453,641,67,67,67,24,0.3582,False,0.3498,False,True,1.9721
deepdetect,iris,CASIA-Iris-Thousand_impostor_82,453,641,8907,8486,3,0,,False,,False,True,
loftr,iris,CASIA-Iris-Thousand_impostor_83,169,630,546,546,546,60,0.1099,False,0.1035,False,True,2.6996
orb,iris,CASIA-Iris-Thousand_impostor_83,169,630,378,375,12,0,,False,,False,True,
sift,iris,CASIA-Iris-Thousand_impostor_83,169,630,88,98,8,0,,False,,False,True,
superglue,iris,CASIA-Iris-Thousand_impostor_83,169,630,659,546,24,13,0.5417,True,0.5260,False,False,1.9504
sgmnet,iris,CASIA-Iris-Thousand_impostor_83,169,630,2897,1884,66,9,0.1364,False,0.1331,False,True,1.1096
aspanformer,iris,CASIA-Iris-Thousand_impostor_83,169,630,333,333,333,96,0.2883,False,0.2735,False,True,2.5519
deepdetect,iris,CASIA-Iris-Thousand_impostor_83,169,630,9042,8448,32,0,,False,,False,True,
loftr,iris,CASIA-Iris-Thousand_impostor_84,720,991,543,543,543,60,0.1105,False,0.1056,False,True,2.4125
orb,iris,CASIA-Iris-Thousand_impostor_84,720,991,192,345,2,0,,False,,False,True,
sift,iris,CASIA-Iris-Thousand_impostor_84,720,991,31,92,6,0,,False,,False,True,
superglue,iris,CASIA-Iris-Thousand_impostor_84,720,991,566,668,6,0,,False,,False,True,
sgmnet,iris,CASIA-Iris-Thousand_impostor_84,720,991,2313,2725,242,16,0.0661,False,0.0659,False,True,1.4880
aspanformer,iris,CASIA-Iris-Thousand_impostor_84,720,991,389,389,389,142,0.3650,False,0.3575,False,True,1.9148
deepdetect,iris,CASIA-Iris-Thousand_impostor_84,720,991,7577,9425,14,13,0.9286,True,0.9286,False,False,0.8445
loftr,iris,CASIA-Iris-Thousand_impostor_85,518,563,481,481,481,60,0.1247,False,0.1214,False,True,2.0445
orb,iris,CASIA-Iris-Thousand_impostor_85,518,563,46,223,1,0,,False,,False,True,
sift,iris,CASIA-Iris-Thousand_impostor_85,518,563,15,52,0,0,,False,,False,True,
superglue,iris,CASIA-Iris-Thousand_impostor_85,518,563,534,605,0,0,,False,,False,True,
sgmnet,iris,CASIA-Iris-Thousand_impostor_85,518,563,1976,2045,119,15,0.1261,False,0.1256,False,True,1.3599
aspanformer,iris,CASIA-Iris-Thousand_impostor_85,518,563,167,167,167,51,0.3054,False,0.2909,False,True,2.4719
deepdetect,iris,CASIA-Iris-Thousand_impostor_85,518,563,7421,10430,2,0,,False,,False,True,
loftr,iris,CASIA-Iris-Thousand_impostor_86,764,400,449,449,449,61,0.1359,False,0.1300,False,True,2.3781
orb,iris,CASIA-Iris-Thousand_impostor_86,764,400,52,136,4,0,,False,,False,True,
sift,iris,CASIA-Iris-Thousand_impostor_86,764,400,15,31,3,0,,False,,False,True,
superglue,iris,CASIA-Iris-Thousand_impostor_86,764,400,570,620,1,0,,False,,False,True,
sgmnet,iris,CASIA-Iris-Thousand_impostor_86,764,400,2145,2057,55,8,0.1455,False,0.1408,False,True,1.4035
aspanformer,iris,CASIA-Iris-Thousand_impostor_86,764,400,353,353,353,149,0.4221,True,0.4089,False,False,2.1365
deepdetect,iris,CASIA-Iris-Thousand_impostor_86,764,400,7126,8054,18,18,1.0000,True,1.0000,False,False,0.7576
loftr,iris,CASIA-Iris-Thousand_impostor_87,539,858,495,495,495,59,0.1192,False,0.1134,False,True,2.4893
orb,iris,CASIA-Iris-Thousand_impostor_87,539,858,112,258,15,0,,False,,False,True,
sift,iris,CASIA-Iris-Thousand_impostor_87,539,858,68,44,5,0,,False,,False,True,
superglue,iris,CASIA-Iris-Thousand_impostor_87,539,858,565,607,88,22,0.2500,False,0.2451,False,True,1.8928
sgmnet,iris,CASIA-Iris-Thousand_impostor_87,539,858,1866,2380,87,9,0.1034,False,0.1010,False,True,0.8863
aspanformer,iris,CASIA-Iris-Thousand_impostor_87,539,858,371,371,371,157,0.4232,True,0.4202,False,False,1.6403
deepdetect,iris,CASIA-Iris-Thousand_impostor_87,539,858,12445,7352,19,12,0.6316,True,0.6316,False,False,0.7990
loftr,iris,CASIA-Iris-Thousand_impostor_88,500,093,627,627,627,101,0.1611,False,0.1527,False,True,2.5697
orb,iris,CASIA-Iris-Thousand_impostor_88,500,093,185,244,7,0,,False,,False,True,
sift,iris,CASIA-Iris-Thousand_impostor_88,500,093,50,69,6,0,,False,,False,True,
superglue,iris,CASIA-Iris-Thousand_impostor_88,500,093,578,691,20,12,0.6000,True,0.5895,False,False,1.6610
sgmnet,iris,CASIA-Iris-Thousand_impostor_88,500,093,2254,2423,93,18,0.1935,False,0.1933,False,True,1.2276
aspanformer,iris,CASIA-Iris-Thousand_impostor_88,500,093,396,396,396,208,0.5253,True,0.5048,False,False,2.2932
deepdetect,iris,CASIA-Iris-Thousand_impostor_88,500,093,7640,7438,12,0,,False,,False,True,
loftr,iris,CASIA-Iris-Thousand_impostor_89,316,407,773,773,773,212,0.2743,False,0.2628,False,True,2.3550
orb,iris,CASIA-Iris-Thousand_impostor_89,316,407,70,168,0,0,,False,,False,True,
sift,iris,CASIA-Iris-Thousand_impostor_89,316,407,26,33,1,0,,False,,False,True,
superglue,iris,CASIA-Iris-Thousand_impostor_89,316,407,579,628,62,17,0.2742,False,0.2705,False,True,1.7336
sgmnet,iris,CASIA-Iris-Thousand_impostor_89,316,407,1855,1769,200,23,0.1150,False,0.1146,False,True,1.5677
aspanformer,iris,CASIA-Iris-Thousand_impostor_89,316,407,879,879,879,395,0.4494,True,0.4257,False,False,2.5846
deepdetect,iris,CASIA-Iris-Thousand_impostor_89,316,407,9152,9989,9,0,,False,,False,True,
loftr,iris,CASIA-Iris-Thousand_impostor_90,607,111,151,151,151,39,0.2583,False,0.2413,False,True,2.8581
orb,iris,CASIA-Iris-Thousand_impostor_90,607,111,190,77,8,0,,False,,False,True,
sift,iris,CASIA-Iris-Thousand_impostor_90,607,111,67,25,8,0,,False,,False,True,
superglue,iris,CASIA-Iris-Thousand_impostor_90,607,111,676,274,104,38,0.3654,False,0.3398,False,True,2.9501
sgmnet,iris,CASIA-Iris-Thousand_impostor_90,607,111,1862,1201,15,7,0.4667,True,0.4472,False,False,0.7373
aspanformer,iris,CASIA-Iris-Thousand_impostor_90,607,111,207,207,207,111,0.5362,True,0.5130,False,False,2.3868
deepdetect,iris,CASIA-Iris-Thousand_impostor_90,607,111,7661,8787,10,0,,False,,False,True,
loftr,iris,CASIA-Iris-Thousand_impostor_91,664,760,323,323,323,45,0.1393,False,0.1335,False,True,2.3481
orb,iris,CASIA-Iris-Thousand_impostor_91,664,760,53,256,2,0,,False,,False,True,
sift,iris,CASIA-Iris-Thousand_impostor_91,664,760,30,51,1,0,,False,,False,True,
superglue,iris,CASIA-Iris-Thousand_impostor_91,664,760,189,593,56,18,0.3214,False,0.3048,False,True,2.5359
sgmnet,iris,CASIA-Iris-Thousand_impostor_91,664,760,926,2059,26,9,0.3462,False,0.3379,False,True,1.1055
aspanformer,iris,CASIA-Iris-Thousand_impostor_91,664,760,343,343,343,100,0.2915,False,0.2783,False,True,2.4288
deepdetect,iris,CASIA-Iris-Thousand_impostor_91,664,760,6025,7472,1,0,,False,,False,True,
loftr,iris,CASIA-Iris-Thousand_impostor_92,330,872,509,509,509,42,0.0825,False,0.0779,False,True,2.6485
orb,iris,CASIA-Iris-Thousand_impostor_92,330,872,267,389,17,0,,False,,False,True,
sift,iris,CASIA-Iris-Thousand_impostor_92,330,872,118,48,0,0,,False,,False,True,
superglue,iris,CASIA-Iris-Thousand_impostor_92,330,872,609,739,66,22,0.3333,False,0.3127,False,True,2.7696
sgmnet,iris,CASIA-Iris-Thousand_impostor_92,330,872,2520,2828,51,8,0.1569,False,0.1519,False,True,1.1335
aspanformer,iris,CASIA-Iris-Thousand_impostor_92,330,872,276,276,276,113,0.4094,False,0.3972,False,True,2.1083
deepdetect,iris,CASIA-Iris-Thousand_impostor_92,330,872,8321,6945,5,4,0.8000,True,0.8000,False,False,0.0000
loftr,iris,CASIA-Iris-Thousand_impostor_93,288,506,545,545,545,87,0.1596,False,0.1514,False,True,2.5650
orb,iris,CASIA-Iris-Thousand_impostor_93,288,506,160,329,9,0,,False,,False,True,
sift,iris,CASIA-Iris-Thousand_impostor_93,288,506,41,62,0,0,,False,,False,True,
superglue,iris,CASIA-Iris-Thousand_impostor_93,288,506,544,627,36,12,0.3333,False,0.3154,False,True,2.4125
sgmnet,iris,CASIA-Iris-Thousand_impostor_93,288,506,1803,1968,58,10,0.1724,False,0.1680,False,True,1.6564
aspanformer,iris,CASIA-Iris-Thousand_impostor_93,288,506,310,310,310,127,0.4097,False,0.3897,False,True,2.4994
deepdetect,iris,CASIA-Iris-Thousand_impostor_93,288,506,10405,7007,2,0,,False,,False,True,
loftr,iris,CASIA-Iris-Thousand_impostor_94,611,236,94,94,94,19,0.2021,False,0.1933,False,True,2.3693
orb,iris,CASIA-Iris-Thousand_impostor_94,611,236,171,58,11,0,,False,,False,True,
sift,iris,CASIA-Iris-Thousand_impostor_94,611,236,35,25,4,0,,False,,False,True,
superglue,iris,CASIA-Iris-Thousand_impostor_94,611,236,673,174,8,6,0.7500,True,0.7097,False,False,1.4371
sgmnet,iris,CASIA-Iris-Thousand_impostor_94,611,236,2249,1108,31,8,0.2581,False,0.2499,False,True,1.2165
aspanformer,iris,CASIA-Iris-Thousand_impostor_94,611,236,116,116,116,56,0.4828,True,0.4682,False,False,2.1122
deepdetect,iris,CASIA-Iris-Thousand_impostor_94,611,236,6743,7451,5,0,,False,,False,True,
loftr,iris,CASIA-Iris-Thousand_impostor_95,854,083,109,109,109,14,0.1284,False,0.1229,False,True,2.2893
orb,iris,CASIA-Iris-Thousand_impostor_95,854,083,224,236,9,0,,False,,False,True,
sift,iris,CASIA-Iris-Thousand_impostor_95,854,083,64,46,4,0,,False,,False,True,
superglue,iris,CASIA-Iris-Thousand_impostor_95,854,083,266,711,13,6,0.4615,False,0.4367,False,True,1.0512
sgmnet,iris,CASIA-Iris-Thousand_impostor_95,854,083,1237,2643,18,6,0.3333,False,0.3154,False,True,0.1578
aspanformer,iris,CASIA-Iris-Thousand_impostor_95,854,083,13,13,13,5,0.3846,False,0.3585,False,True,0.6794
deepdetect,iris,CASIA-Iris-Thousand_impostor_95,854,083,8244,8057,42,0,,False,,False,True,
loftr,iris,CASIA-Iris-Thousand_impostor_96,012,298,375,375,375,34,0.0907,False,0.0870,False,True,2.3269
orb,iris,CASIA-Iris-Thousand_impostor_96,012,298,87,49,8,0,,False,,False,True,
sift,iris,CASIA-Iris-Thousand_impostor_96,012,298,50,19,4,0,,False,,False,True,
superglue,iris,CASIA-Iris-Thousand_impostor_96,012,298,483,630,2,0,,False,,False,True,
sgmnet,iris,CASIA-Iris-Thousand_impostor_96,012,298,1421,2385,39,10,0.2564,False,0.2519,False,True,1.0778
aspanformer,iris,CASIA-Iris-Thousand_impostor_96,012,298,117,117,117,39,0.3333,False,0.3227,False,True,2.1506
deepdetect,iris,CASIA-Iris-Thousand_impostor_96,012,298,10896,7621,15,0,,False,,False,True,
loftr,iris,CASIA-Iris-Thousand_impostor_97,342,440,379,379,379,48,0.1266,False,0.1236,False,True,1.9854
orb,iris,CASIA-Iris-Thousand_impostor_97,342,440,79,168,5,0,,False,,False,True,
sift,iris,CASIA-Iris-Thousand_impostor_97,342,440,19,47,1,0,,False,,False,True,
superglue,iris,CASIA-Iris-Thousand_impostor_97,342,440,529,516,35,12,0.3429,False,0.3312,False,True,2.0041
sgmnet,iris,CASIA-Iris-Thousand_impostor_97,342,440,1761,1650,45,10,0.2222,False,0.2183,False,True,0.4827
aspanformer,iris,CASIA-Iris-Thousand_impostor_97,342,440,256,256,256,88,0.3438,False,0.3312,False,True,2.2413
deepdetect,iris,CASIA-Iris-Thousand_impostor_97,342,440,10662,9563,21,13,0.6190,True,0.6190,False,False,1.2563
loftr,iris,CASIA-Iris-Thousand_impostor_98,471,354,594,594,594,53,0.0892,False,0.0849,False,True,2.4871
orb,iris,CASIA-Iris-Thousand_impostor_98,471,354,159,139,19,0,,False,,False,True,
sift,iris,CASIA-Iris-Thousand_impostor_98,471,354,43,37,4,0,,False,,False,True,
superglue,iris,CASIA-Iris-Thousand_impostor_98,471,354,614,639,12,7,0.5833,True,0.5590,False,False,1.3027
sgmnet,iris,CASIA-Iris-Thousand_impostor_98,471,354,2168,2216,27,6,0.2222,False,0.2103,False,True,0.4668
aspanformer,iris,CASIA-Iris-Thousand_impostor_98,471,354,409,409,409,219,0.5355,True,0.5324,False,False,1.6145
deepdetect,iris,CASIA-Iris-Thousand_impostor_98,471,354,7596,7529,15,12,0.8000,True,0.8000,False,False,0.8412
loftr,iris,CASIA-Iris-Thousand_impostor_99,186,051,197,197,197,22,0.1117,False,0.1080,False,True,2.1634
orb,iris,CASIA-Iris-Thousand_impostor_99,186,051,417,116,38,0,,False,,False,True,
sift,iris,CASIA-Iris-Thousand_impostor_99,186,051,101,69,5,0,,False,,False,True,
superglue,iris,CASIA-Iris-Thousand_impostor_99,186,051,890,496,19,10,0.5263,True,0.5151,False,False,1.5725
sgmnet,iris,CASIA-Iris-Thousand_impostor_99,186,051,4000,1656,14,6,0.4286,True,0.4055,False,False,0.9018
aspanformer,iris,CASIA-Iris-Thousand_impostor_99,186,051,158,158,158,47,0.2975,False,0.2871,False,True,2.2077
deepdetect,iris,CASIA-Iris-Thousand_impostor_99,186,051,10656,10750,9,6,0.6667,True,0.6667,False,False,0.3986
loftr,iris,CASIA-Iris-Thousand_impostor_100,420,787,381,381,381,47,0.1234,False,0.1183,False,True,2.3313
orb,iris,CASIA-Iris-Thousand_impostor_100,420,787,56,397,0,0,,False,,False,True,
sift,iris,CASIA-Iris-Thousand_impostor_100,420,787,20,79,3,0,,False,,False,True,
superglue,iris,CASIA-Iris-Thousand_impostor_100,420,787,606,672,51,17,0.3333,False,0.3235,False,True,2.0611
sgmnet,iris,CASIA-Iris-Thousand_impostor_100,420,787,2053,1932,225,24,0.1067,False,0.1066,False,True,1.3640
aspanformer,iris,CASIA-Iris-Thousand_impostor_100,420,787,388,388,388,154,0.3969,False,0.3837,False,True,2.1777
deepdetect,iris,CASIA-Iris-Thousand_impostor_100,420,787,6776,8178,7,4,0.5714,True,0.5714,False,False,0.0000
loftr,iris,CASIA-Iris-Thousand_impostor_101,275,420,583,583,583,98,0.1681,False,0.1619,False,True,2.2500
orb,iris,CASIA-Iris-Thousand_impostor_101,275,420,35,7,0,0,,False,,False,True,
sift,iris,CASIA-Iris-Thousand_impostor_101,275,420,14,26,1,0,,False,,False,True,
superglue,iris,CASIA-Iris-Thousand_impostor_101,275,420,558,547,7,5,0.7143,True,0.6658,False,False,0.4349
sgmnet,iris,CASIA-Iris-Thousand_impostor_101,275,420,1920,1725,228,16,0.0702,False,0.0700,False,True,1.1914
aspanformer,iris,CASIA-Iris-Thousand_impostor_101,275,420,765,765,765,337,0.4405,True,0.4274,False,False,2.1025
deepdetect,iris,CASIA-Iris-Thousand_impostor_101,275,420,10408,10086,4,0,,False,,False,True,
loftr,iris,CASIA-Iris-Thousand_impostor_102,813,725,497,497,497,69,0.1388,False,0.1308,False,True,2.6929
orb,iris,CASIA-Iris-Thousand_impostor_102,813,725,132,41,6,0,,False,,False,True,
sift,iris,CASIA-Iris-Thousand_impostor_102,813,725,10,10,1,0,,False,,False,True,
superglue,iris,CASIA-Iris-Thousand_impostor_102,813,725,615,569,6,5,0.8333,True,0.7768,False,False,0.1938
sgmnet,iris,CASIA-Iris-Thousand_impostor_102,813,725,2416,1927,36,8,0.2222,False,0.2152,False,True,1.1733
aspanformer,iris,CASIA-Iris-Thousand_impostor_102,813,725,162,162,162,50,0.3086,False,0.3045,False,True,1.7672
deepdetect,iris,CASIA-Iris-Thousand_impostor_102,813,725,6472,9528,10,8,0.8000,True,0.8000,False,False,0.7972
loftr,iris,CASIA-Iris-Thousand_impostor_103,175,674,708,708,708,138,0.1949,False,0.1863,False,True,2.4037
orb,iris,CASIA-Iris-Thousand_impostor_103,175,674,269,188,15,0,,False,,False,True,
sift,iris,CASIA-Iris-Thousand_impostor_103,175,674,39,49,3,0,,False,,False,True,
superglue,iris,CASIA-Iris-Thousand_impostor_103,175,674,742,635,41,14,0.3415,False,0.3270,False,True,2.2656
sgmnet,iris,CASIA-Iris-Thousand_impostor_103,175,674,2325,1983,221,19,0.0860,False,0.0857,False,True,1.5431
aspanformer,iris,CASIA-Iris-Thousand_impostor_103,175,674,534,534,534,256,0.4794,True,0.4590,False,False,2.3684
deepdetect,iris,CASIA-Iris-Thousand_impostor_103,175,674,6997,7363,8,0,,False,,False,True,
loftr,iris,CASIA-Iris-Thousand_impostor_104,359,006,680,680,680,84,0.1235,False,0.1172,False,True,2.5554
orb,iris,CASIA-Iris-Thousand_impostor_104,359,006,280,165,11,6,0.5455,True,0.5161,False,False,1.1007
sift,iris,CASIA-Iris-Thousand_impostor_104,359,006,56,45,4,0,,False,,False,True,
superglue,iris,CASIA-Iris-Thousand_impostor_104,359,006,659,567,68,25,0.3676,False,0.3393,False,True,3.1003
sgmnet,iris,CASIA-Iris-Thousand_impostor_104,359,006,2033,2323,128,15,0.1172,False,0.1162,False,True,1.6041
aspanformer,iris,CASIA-Iris-Thousand_impostor_104,359,006,630,630,630,282,0.4476,True,0.4476,False,False,1.4441
deepdetect,iris,CASIA-Iris-Thousand_impostor_104,359,006,8074,6624,6,5,0.8333,True,0.8333,False,False,0.6334
loftr,iris,CASIA-Iris-Thousand_impostor_105,405,640,421,421,421,55,0.1306,False,0.1278,False,True,1.9431
orb,iris,CASIA-Iris-Thousand_impostor_105,405,640,343,293,34,0,,False,,False,True,
sift,iris,CASIA-Iris-Thousand_impostor_105,405,640,50,72,1,0,,False,,False,True,
superglue,iris,CASIA-Iris-Thousand_impostor_105,405,640,654,574,13,6,0.4615,False,0.4367,False,True,1.1127
sgmnet,iris,CASIA-Iris-Thousand_impostor_105,405,640,1783,2054,59,10,0.1695,False,0.1665,False,True,1.0798
aspanformer,iris,CASIA-Iris-Thousand_impostor_105,405,640,197,197,197,68,0.3452,False,0.3272,False,True,2.5721
deepdetect,iris,CASIA-Iris-Thousand_impostor_105,405,640,7095,9951,17,13,0.7647,True,0.7647,False,False,1.0343
loftr,iris,CASIA-Iris-Thousand_impostor_106,824,123,466,466,466,69,0.1481,False,0.1383,False,True,2.8657
orb,iris,CASIA-Iris-Thousand_impostor_106,824,123,135,317,4,0,,False,,False,True,
sift,iris,CASIA-Iris-Thousand_impostor_106,824,123,38,47,5,0,,False,,False,True,
superglue,iris,CASIA-Iris-Thousand_impostor_106,824,123,614,628,37,14,0.3784,False,0.3617,False,True,2.3014
sgmnet,iris,CASIA-Iris-Thousand_impostor_106,824,123,2381,2011,152,16,0.1053,False,0.1050,False,True,1.4053
aspanformer,iris,CASIA-Iris-Thousand_impostor_106,824,123,387,387,387,146,0.3773,False,0.3593,False,True,2.4783
deepdetect,iris,CASIA-Iris-Thousand_impostor_106,824,123,7975,7956,5,5,1.0000,True,1.0000,False,False,0.3544
loftr,iris,CASIA-Iris-Thousand_impostor_107,066,202,314,314,314,41,0.1306,False,0.1220,False,True,2.8636
orb,iris,CASIA-Iris-Thousand_impostor_107,066,202,118,147,5,0,,False,,False,True,
sift,iris,CASIA-Iris-Thousand_impostor_107,066,202,30,29,1,0,,False,,False,True,
superglue,iris,CASIA-Iris-Thousand_impostor_107,066,202,183,631,10,0,,False,,False,True,
sgmnet,iris,CASIA-Iris-Thousand_impostor_107,066,202,727,2134,31,9,0.2903,False,0.2834,False,True,0.7669
aspanformer,iris,CASIA-Iris-Thousand_impostor_107,066,202,309,309,309,87,0.2816,False,0.2669,False,True,2.5682
deepdetect,iris,CASIA-Iris-Thousand_impostor_107,066,202,4898,6807,0,0,,False,,False,True,
loftr,iris,CASIA-Iris-Thousand_impostor_108,997,944,163,163,163,37,0.2270,False,0.2167,False,True,2.4326
orb,iris,CASIA-Iris-Thousand_impostor_108,997,944,129,8,0,0,,False,,False,True,
sift,iris,CASIA-Iris-Thousand_impostor_108,997,944,18,19,1,0,,False,,False,True,
superglue,iris,CASIA-Iris-Thousand_impostor_108,997,944,615,153,1,0,,False,,False,True,
sgmnet,iris,CASIA-Iris-Thousand_impostor_108,997,944,2283,1136,40,13,0.3250,False,0.3228,False,True,1.3423
aspanformer,iris,CASIA-Iris-Thousand_impostor_108,997,944,173,173,173,77,0.4451,True,0.4349,False,False,1.9642
deepdetect,iris,CASIA-Iris-Thousand_impostor_108,997,944,6966,4776,5,0,,False,,False,True,
loftr,iris,CASIA-Iris-Thousand_impostor_109,660,884,724,724,724,182,0.2514,False,0.2400,False,True,2.4257
orb,iris,CASIA-Iris-Thousand_impostor_109,660,884,30,20,2,0,,False,,False,True,
sift,iris,CASIA-Iris-Thousand_impostor_109,660,884,33,28,6,0,,False,,False,True,
superglue,iris,CASIA-Iris-Thousand_impostor_109,660,884,560,619,89,23,0.2584,False,0.2430,False,True,2.7254
sgmnet,iris,CASIA-Iris-Thousand_impostor_109,660,884,1875,2085,154,13,0.0844,False,0.0838,False,True,1.1253
aspanformer,iris,CASIA-Iris-Thousand_impostor_109,660,884,813,813,813,452,0.5560,True,0.5375,False,False,2.1755
deepdetect,iris,CASIA-Iris-Thousand_impostor_109,660,884,11611,10685,7,0,,False,,False,True,
loftr,iris,CASIA-Iris-Thousand_impostor_110,229,978,118,118,118,30,0.2542,False,0.2383,False,True,2.7933
orb,iris,CASIA-Iris-Thousand_impostor_110,229,978,100,65,5,0,,False,,False,True,
sift,iris,CASIA-Iris-Thousand_impostor_110,229,978,29,9,12,0,,False,,False,True,
superglue,iris,CASIA-Iris-Thousand_impostor_110,229,978,652,146,1,0,,False,,False,True,
sgmnet,iris,CASIA-Iris-Thousand_impostor_110,229,978,2382,1059,11,6,0.5455,True,0.5161,False,False,0.5340
aspanformer,iris,CASIA-Iris-Thousand_impostor_110,229,978,158,158,158,73,0.4620,True,0.4506,False,False,2.0024
deepdetect,iris,CASIA-Iris-Thousand_impostor_110,229,978,7452,7246,2,0,,False,,False,True,
loftr,iris,CASIA-Iris-Thousand_impostor_111,448,816,672,672,672,97,0.1443,False,0.1393,False,True,2.2177
orb,iris,CASIA-Iris-Thousand_impostor_111,448,816,91,288,8,0,,False,,False,True,
sift,iris,CASIA-Iris-Thousand_impostor_111,448,816,12,47,0,0,,False,,False,True,
superglue,iris,CASIA-Iris-Thousand_impostor_111,448,816,606,714,41,13,0.3171,False,0.3064,False,True,2.0477
sgmnet,iris,CASIA-Iris-Thousand_impostor_111,448,816,2059,2388,88,11,0.1250,False,0.1234,False,True,1.4001
aspanformer,iris,CASIA-Iris-Thousand_impostor_111,448,816,217,217,217,74,0.3410,False,0.3286,False,True,2.2427
deepdetect,iris,CASIA-Iris-Thousand_impostor_111,448,816,5925,7518,20,0,,False,,False,True,
loftr,iris,CASIA-Iris-Thousand_impostor_112,579,673,634,634,634,98,0.1546,False,0.1482,False,True,2.3405
orb,iris,CASIA-Iris-Thousand_impostor_112,579,673,155,138,18,0,,False,,False,True,
sift,iris,CASIA-Iris-Thousand_impostor_112,579,673,27,48,1,0,,False,,False,True,
superglue,iris,CASIA-Iris-Thousand_impostor_112,579,673,617,641,33,13,0.3939,False,0.3758,False,True,2.3047
sgmnet,iris,CASIA-Iris-Thousand_impostor_112,579,673,2457,2097,21,6,0.2857,False,0.2703,False,True,0.2922
aspanformer,iris,CASIA-Iris-Thousand_impostor_112,579,673,461,461,461,213,0.4620,True,0.4426,False,False,2.3613
deepdetect,iris,CASIA-Iris-Thousand_impostor_112,579,673,6449,8851,1,0,,False,,False,True,
loftr,iris,CASIA-Iris-Thousand_impostor_113,985,177,669,669,669,98,0.1465,False,0.1395,False,True,2.4796
orb,iris,CASIA-Iris-Thousand_impostor_113,985,177,174,142,16,0,,False,,False,True,
sift,iris,CASIA-Iris-Thousand_impostor_113,985,177,52,31,6,0,,False,,False,True,
superglue,iris,CASIA-Iris-Thousand_impostor_113,985,177,592,646,68,23,0.3382,False,0.3184,False,True,2.7017
sgmnet,iris,CASIA-Iris-Thousand_impostor_113,985,177,1857,2406,97,15,0.1546,False,0.1541,False,True,1.2983
aspanformer,iris,CASIA-Iris-Thousand_impostor_113,985,177,606,606,606,216,0.3564,False,0.3384,False,True,2.5366
deepdetect,iris,CASIA-Iris-Thousand_impostor_113,985,177,9391,6753,6,0,,False,,False,True,
loftr,iris,CASIA-Iris-Thousand_impostor_114,370,637,413,413,413,49,0.1186,False,0.1151,False,True,2.1095
orb,iris,CASIA-Iris-Thousand_impostor_114,370,637,285,194,20,0,,False,,False,True,
sift,iris,CASIA-Iris-Thousand_impostor_114,370,637,32,52,2,0,,False,,False,True,
superglue,iris,CASIA-Iris-Thousand_impostor_114,370,637,656,548,37,13,0.3514,False,0.3367,False,True,2.2148
sgmnet,iris,CASIA-Iris-Thousand_impostor_114,370,637,2081,1506,72,9,0.1250,False,0.1220,False,True,1.2845
aspanformer,iris,CASIA-Iris-Thousand_impostor_114,370,637,150,150,150,57,0.3800,False,0.3755,False,True,1.7378
deepdetect,iris,CASIA-Iris-Thousand_impostor_114,370,637,6599,8051,7,0,,False,,False,True,
loftr,iris,CASIA-Iris-Thousand_impostor_115,990,866,344,344,344,30,0.0872,False,0.0821,False,True,2.7000
orb,iris,CASIA-Iris-Thousand_impostor_115,990,866,333,143,30,0,,False,,False,True,
sift,iris,CASIA-Iris-Thousand_impostor_115,990,866,126,18,1,0,,False,,False,True,
superglue,iris,CASIA-Iris-Thousand_impostor_115,990,866,579,664,29,10,0.3448,False,0.3283,False,True,2.1229
sgmnet,iris,CASIA-Iris-Thousand_impostor_115,990,866,2367,2189,42,8,0.1905,False,0.1844,False,True,0.8538
aspanformer,iris,CASIA-Iris-Thousand_impostor_115,990,866,131,131,131,41,0.3130,False,0.3049,False,True,2.0242
deepdetect,iris,CASIA-Iris-Thousand_impostor_115,990,866,9969,7446,5,0,,False,,False,True,
loftr,iris,CASIA-Iris-Thousand_impostor_116,932,744,464,464,464,36,0.0776,False,0.0734,False,True,2.5971
orb,iris,CASIA-Iris-Thousand_impostor_116,932,744,32,177,1,0,,False,,False,True,
sift,iris,CASIA-Iris-Thousand_impostor_116,932,744,24,29,4,0,,False,,False,True,
superglue,iris,CASIA-Iris-Thousand_impostor_116,932,744,614,672,14,6,0.4286,False,0.4055,False,True,1.4019
sgmnet,iris,CASIA-Iris-Thousand_impostor_116,932,744,2136,2036,205,12,0.0585,False,0.0580,False,True,1.2879
aspanformer,iris,CASIA-Iris-Thousand_impostor_116,932,744,163,163,163,63,0.3865,False,0.3739,False,True,2.1635
deepdetect,iris,CASIA-Iris-Thousand_impostor_116,932,744,7704,10220,3,0,,False,,False,True,
loftr,iris,CASIA-Iris-Thousand_impostor_117,316,234,603,603,603,74,0.1227,False,0.1147,False,True,2.8524
orb,iris,CASIA-Iris-Thousand_impostor_117,316,234,55,29,3,0,,False,,False,True,
sift,iris,CASIA-Iris-Thousand_impostor_117,316,234,42,24,14,0,,False,,False,True,
superglue,iris,CASIA-Iris-Thousand_impostor_117,316,234,592,567,46,20,0.4348,False,0.4231,False,True,2.0290
sgmnet,iris,CASIA-Iris-Thousand_impostor_117,316,234,2017,2208,94,8,0.0851,False,0.0824,False,True,0.7612
aspanformer,iris,CASIA-Iris-Thousand_impostor_117,316,234,351,351,351,106,0.3020,False,0.2899,False,True,2.3192
deepdetect,iris,CASIA-Iris-Thousand_impostor_117,316,234,10364,9663,32,22,0.6875,True,0.6875,False,False,1.3473
loftr,iris,CASIA-Iris-Thousand_impostor_118,779,863,502,502,502,66,0.1315,False,0.1279,False,True,2.0483
orb,iris,CASIA-Iris-Thousand_impostor_118,779,863,80,390,14,0,,False,,False,True,
sift,iris,CASIA-Iris-Thousand_impostor_118,779,863,30,44,1,0,,False,,False,True,
superglue,iris,CASIA-Iris-Thousand_impostor_118,779,863,564,589,61,18,0.2951,False,0.2865,False,True,2.0605
sgmnet,iris,CASIA-Iris-Thousand_impostor_118,779,863,1979,1839,64,11,0.1719,False,0.1696,False,True,1.4227
aspanformer,iris,CASIA-Iris-Thousand_impostor_118,779,863,264,264,264,83,0.3144,False,0.3018,False,True,2.3172
deepdetect,iris,CASIA-Iris-Thousand_impostor_118,779,863,8637,6734,40,37,0.9250,True,0.9250,False,False,1.4184
loftr,iris,CASIA-Iris-Thousand_impostor_119,514,540,614,614,614,78,0.1270,False,0.1218,False,True,2.3420
orb,iris,CASIA-Iris-Thousand_impostor_119,514,540,228,75,15,0,,False,,False,True,
sift,iris,CASIA-Iris-Thousand_impostor_119,514,540,40,42,1,0,,False,,False,True,
superglue,iris,CASIA-Iris-Thousand_impostor_119,514,540,577,539,25,10,0.4000,False,0.3825,False,True,2.0364
sgmnet,iris,CASIA-Iris-Thousand_impostor_119,514,540,2372,2070,142,13,0.0915,False,0.0909,False,True,0.9371
aspanformer,iris,CASIA-Iris-Thousand_impostor_119,514,540,214,214,214,67,0.3131,False,0.3131,False,True,1.4038
deepdetect,iris,CASIA-Iris-Thousand_impostor_119,514,540,8342,6569,3,0,,False,,False,True,
loftr,iris,CASIA-Iris-Thousand_impostor_120,246,338,739,739,739,114,0.1543,False,0.1448,False,True,2.7613
orb,iris,CASIA-Iris-Thousand_impostor_120,246,338,142,65,9,0,,False,,False,True,
sift,iris,CASIA-Iris-Thousand_impostor_120,246,338,49,27,5,0,,False,,False,True,
superglue,iris,CASIA-Iris-Thousand_impostor_120,246,338,610,579,12,6,0.5000,True,0.4731,False,False,1.2873
sgmnet,iris,CASIA-Iris-Thousand_impostor_120,246,338,2154,1690,22,6,0.2727,False,0.2581,False,True,0.6970
aspanformer,iris,CASIA-Iris-Thousand_impostor_120,246,338,501,501,501,181,0.3613,False,0.3457,False,True,2.3812
deepdetect,iris,CASIA-Iris-Thousand_impostor_120,246,338,7662,12096,3,0,,False,,False,True,
loftr,iris,CASIA-Iris-Thousand_impostor_121,933,648,261,261,261,25,0.0958,False,0.0910,False,True,2.5270
orb,iris,CASIA-Iris-Thousand_impostor_121,933,648,25,65,4,0,,False,,False,True,
sift,iris,CASIA-Iris-Thousand_impostor_121,933,648,16,12,0,0,,False,,False,True,
superglue,iris,CASIA-Iris-Thousand_impostor_121,933,648,563,560,3,0,,False,,False,True,
sgmnet,iris,CASIA-Iris-Thousand_impostor_121,933,648,1840,2124,143,13,0.0909,False,0.0903,False,True,1.1939
aspanformer,iris,CASIA-Iris-Thousand_impostor_121,933,648,157,157,157,52,0.3312,False,0.3220,False,True,2.0644
deepdetect,iris,CASIA-Iris-Thousand_impostor_121,933,648,10147,9302,2,0,,False,,False,True,
loftr,iris,CASIA-Iris-Thousand_impostor_122,833,778,344,344,344,32,0.0930,False,0.0878,False,True,2.6524
orb,iris,CASIA-Iris-Thousand_impostor_122,833,778,351,350,14,0,,False,,False,True,
sift,iris,CASIA-Iris-Thousand_impostor_122,833,778,79,85,7,0,,False,,False,True,
superglue,iris,CASIA-Iris-Thousand_impostor_122,833,778,717,620,31,14,0.4516,False,0.4404,False,True,1.9030
sgmnet,iris,CASIA-Iris-Thousand_impostor_122,833,778,2301,2163,84,9,0.1071,False,0.1046,False,True,0.9072
aspanformer,iris,CASIA-Iris-Thousand_impostor_122,833,778,252,252,252,131,0.5198,True,0.5102,False,False,1.8739
deepdetect,iris,CASIA-Iris-Thousand_impostor_122,833,778,8109,9377,12,0,,False,,False,True,
loftr,iris,CASIA-Iris-Thousand_impostor_123,537,309,644,644,644,120,0.1863,False,0.1788,False,True,2.3272
orb,iris,CASIA-Iris-Thousand_impostor_123,537,309,45,70,0,0,,False,,False,True,
sift,iris,CASIA-Iris-Thousand_impostor_123,537,309,13,34,3,0,,False,,False,True,
superglue,iris,CASIA-Iris-Thousand_impostor_123,537,309,536,622,38,12,0.3158,False,0.3030,False,True,2.1353
sgmnet,iris,CASIA-Iris-Thousand_impostor_123,537,309,2228,1905,70,11,0.1571,False,0.1551,False,True,0.9484
aspanformer,iris,CASIA-Iris-Thousand_impostor_123,537,309,633,633,633,245,0.3870,False,0.3856,False,True,1.5737
deepdetect,iris,CASIA-Iris-Thousand_impostor_123,537,309,7894,10286,12,0,,False,,False,True,
loftr,iris,CASIA-Iris-Thousand_impostor_124,001,218,472,472,472,56,0.1186,False,0.1133,False,True,2.4168
orb,iris,CASIA-Iris-Thousand_impostor_124,001,218,359,252,18,0,,False,,False,True,
sift,iris,CASIA-Iris-Thousand_impostor_124,001,218,87,60,1,0,,False,,False,True,
superglue,iris,CASIA-Iris-Thousand_impostor_124,001,218,745,655,9,7,0.7778,True,0.7453,False,False,1.1553
sgmnet,iris,CASIA-Iris-Thousand_impostor_124,001,218,2157,2097,183,14,0.0765,False,0.0761,False,True,1.3354
aspanformer,iris,CASIA-Iris-Thousand_impostor_124,001,218,166,166,166,101,0.6084,True,0.5997,False,False,1.7876
deepdetect,iris,CASIA-Iris-Thousand_impostor_124,001,218,9832,9044,9,7,0.7778,True,0.7778,False,False,1.6793
loftr,iris,CASIA-Iris-Thousand_impostor_125,436,667,335,335,335,43,0.1284,False,0.1212,False,True,2.6524
orb,iris,CASIA-Iris-Thousand_impostor_125,436,667,139,221,19,0,,False,,False,True,
sift,iris,CASIA-Iris-Thousand_impostor_125,436,667,29,30,8,0,,False,,False,True,
superglue,iris,CASIA-Iris-Thousand_impostor_125,436,667,495,542,0,0,,False,,False,True,
sgmnet,iris,CASIA-Iris-Thousand_impostor_125,436,667,1628,1784,94,8,0.0851,False,0.0824,False,True,1.1197
aspanformer,iris,CASIA-Iris-Thousand_impostor_125,436,667,99,99,99,26,0.2626,False,0.2626,False,True,1.4923
deepdetect,iris,CASIA-Iris-Thousand_impostor_125,436,667,8850,6554,8,0,,False,,False,True,
loftr,iris,CASIA-Iris-Thousand_impostor_126,460,477,461,461,461,59,0.1280,False,0.1256,False,True,1.8815
orb,iris,CASIA-Iris-Thousand_impostor_126,460,477,69,107,2,0,,False,,False,True,
sift,iris,CASIA-Iris-Thousand_impostor_126,460,477,7,51,0,0,,False,,False,True,
superglue,iris,CASIA-Iris-Thousand_impostor_126,460,477,673,528,19,0,,False,,False,True,
sgmnet,iris,CASIA-Iris-Thousand_impostor_126,460,477,2171,1553,88,9,0.1023,False,0.0998,False,True,1.3407
aspanformer,iris,CASIA-Iris-Thousand_impostor_126,460,477,133,133,133,59,0.4436,True,0.4395,False,False,1.6849
deepdetect,iris,CASIA-Iris-Thousand_impostor_126,460,477,5362,9303,2,0,,False,,False,True,
loftr,iris,CASIA-Iris-Thousand_impostor_127,531,667,404,404,404,41,0.1015,False,0.0974,False,True,2.3182
orb,iris,CASIA-Iris-Thousand_impostor_127,531,667,388,394,22,0,,False,,False,True,
sift,iris,CASIA-Iris-Thousand_impostor_127,531,667,48,104,4,0,,False,,False,True,
superglue,iris,CASIA-Iris-Thousand_impostor_127,531,667,680,652,46,16,0.3478,False,0.3320,False,True,2.3805
sgmnet,iris,CASIA-Iris-Thousand_impostor_127,531,667,2301,2269,81,10,0.1235,False,0.1213,False,True,1.1911
aspanformer,iris,CASIA-Iris-Thousand_impostor_127,531,667,144,144,144,49,0.3403,False,0.3326,False,True,1.9587
deepdetect,iris,CASIA-Iris-Thousand_impostor_127,531,667,5843,9288,5,4,0.8000,True,0.8000,False,False,0.0000
loftr,iris,CASIA-Iris-Thousand_impostor_128,045,725,442,442,442,65,0.1471,False,0.1391,False,True,2.6173
orb,iris,CASIA-Iris-Thousand_impostor_128,045,725,64,171,2,0,,False,,False,True,
sift,iris,CASIA-Iris-Thousand_impostor_128,045,725,15,50,1,0,,False,,False,True,
superglue,iris,CASIA-Iris-Thousand_impostor_128,045,725,329,614,68,16,0.2353,False,0.2270,False,True,2.1650
sgmnet,iris,CASIA-Iris-Thousand_impostor_128,045,725,1338,1978,90,8,0.0889,False,0.0861,False,True,0.8462
aspanformer,iris,CASIA-Iris-Thousand_impostor_128,045,725,338,338,338,147,0.4349,True,0.4100,False,False,2.6789
deepdetect,iris,CASIA-Iris-Thousand_impostor_128,045,725,5907,11148,9,0,,False,,False,True,
loftr,iris,CASIA-Iris-Thousand_impostor_129,827,941,127,127,127,32,0.2520,False,0.2473,False,True,1.8702
orb,iris,CASIA-Iris-Thousand_impostor_129,827,941,72,97,8,0,,False,,False,True,
sift,iris,CASIA-Iris-Thousand_impostor_129,827,941,36,53,1,0,,False,,False,True,
superglue,iris,CASIA-Iris-Thousand_impostor_129,827,941,536,603,45,14,0.3111,False,0.3094,False,True,1.5096
sgmnet,iris,CASIA-Iris-Thousand_impostor_129,827,941,1893,1857,96,15,0.1562,False,0.1557,False,True,1.3200
aspanformer,iris,CASIA-Iris-Thousand_impostor_129,827,941,124,124,124,39,0.3145,False,0.3102,False,True,1.7792
deepdetect,iris,CASIA-Iris-Thousand_impostor_129,827,941,9421,9244,2,0,,False,,False,True,
loftr,iris,CASIA-Iris-Thousand_impostor_130,070,518,440,440,440,36,0.0818,False,0.0771,False,True,2.6755
orb,iris,CASIA-Iris-Thousand_impostor_130,070,518,248,197,13,0,,False,,False,True,
sift,iris,CASIA-Iris-Thousand_impostor_130,070,518,69,55,0,0,,False,,False,True,
superglue,iris,CASIA-Iris-Thousand_impostor_130,070,518,561,613,6,4,0.6667,True,0.6110,False,False,0.0000
sgmnet,iris,CASIA-Iris-Thousand_impostor_130,070,518,2038,2071,133,10,0.0752,False,0.0739,False,True,1.3967
aspanformer,iris,CASIA-Iris-Thousand_impostor_130,070,518,98,98,98,38,0.3878,False,0.3851,False,True,1.6367
deepdetect,iris,CASIA-Iris-Thousand_impostor_130,070,518,8198,8261,4,0,,False,,False,True,
loftr,iris,CASIA-Iris-Thousand_impostor_131,131,758,736,736,736,98,0.1332,False,0.1271,False,True,2.4351
orb,iris,CASIA-Iris-Thousand_impostor_131,131,758,13,0,0,0,,False,,False,True,
sift,iris,CASIA-Iris-Thousand_impostor_131,131,758,20,15,2,0,,False,,False,True,
superglue,iris,CASIA-Iris-Thousand_impostor_131,131,758,585,500,116,39,0.3362,False,0.3169,False,True,2.6845
sgmnet,iris,CASIA-Iris-Thousand_impostor_131,131,758,1917,1718,78,11,0.1410,False,0.1392,False,True,0.8265
aspanformer,iris,CASIA-Iris-Thousand_impostor_131,131,758,514,514,514,194,0.3774,False,0.3571,False,True,2.6100
deepdetect,iris,CASIA-Iris-Thousand_impostor_131,131,758,8170,9012,3,0,,False,,False,True,
loftr,iris,CASIA-Iris-Thousand_impostor_132,088,282,331,331,331,44,0.1329,False,0.1246,False,True,2.7899
orb,iris,CASIA-Iris-Thousand_impostor_132,088,282,41,162,0,0,,False,,False,True,
sift,iris,CASIA-Iris-Thousand_impostor_132,088,282,20,43,3,0,,False,,False,True,
superglue,iris,CASIA-Iris-Thousand_impostor_132,088,282,169,486,106,27,0.2547,False,0.2403,False,True,2.6630
sgmnet,iris,CASIA-Iris-Thousand_impostor_132,088,282,800,1630,46,11,0.2391,False,0.2360,False,True,1.1919
aspanformer,iris,CASIA-Iris-Thousand_impostor_132,088,282,421,421,421,173,0.4109,False,0.3849,False,True,2.8081
deepdetect,iris,CASIA-Iris-Thousand_impostor_132,088,282,4729,9915,0,0,,False,,False,True,
loftr,iris,CASIA-Iris-Thousand_impostor_133,511,530,595,595,595,73,0.1227,False,0.1186,False,True,2.1754
orb,iris,CASIA-Iris-Thousand_impostor_133,511,530,308,162,9,0,,False,,False,True,
sift,iris,CASIA-Iris-Thousand_impostor_133,511,530,38,38,1,0,,False,,False,True,
superglue,iris,CASIA-Iris-Thousand_impostor_133,511,530,566,538,74,19,0.2568,False,0.2490,False,True,2.0910
sgmnet,iris,CASIA-Iris-Thousand_impostor_133,511,530,1992,1789,50,11,0.2200,False,0.2171,False,True,1.0509
aspanformer,iris,CASIA-Iris-Thousand_impostor_133,511,530,381,381,381,124,0.3255,False,0.3255,False,True,1.0164
deepdetect,iris,CASIA-Iris-Thousand_impostor_133,511,530,7869,8619,16,0,,False,,False,True,
loftr,iris,CASIA-Iris-Thousand_impostor_134,159,278,286,286,286,42,0.1469,False,0.1408,False,True,2.3421
orb,iris,CASIA-Iris-Thousand_impostor_134,159,278,122,44,5,0,,False,,False,True,
sift,iris,CASIA-Iris-Thousand_impostor_134,159,278,51,17,15,0,,False,,False,True,
superglue,iris,CASIA-Iris-Thousand_impostor_134,159,278,203,560,0,0,,False,,False,True,
sgmnet,iris,CASIA-Iris-Thousand_impostor_134,159,278,1064,2224,67,11,0.1642,False,0.1620,False,True,1.2514
aspanformer,iris,CASIA-Iris-Thousand_impostor_134,159,278,292,292,292,70,0.2397,False,0.2261,False,True,2.6736
deepdetect,iris,CASIA-Iris-Thousand_impostor_134,159,278,6316,8564,4,0,,False,,False,True,
loftr,iris,CASIA-Iris-Thousand_impostor_135,111,585,355,355,355,40,0.1127,False,0.1061,False,True,2.7057
orb,iris,CASIA-Iris-Thousand_impostor_135,111,585,178,172,11,0,,False,,False,True,
sift,iris,CASIA-Iris-Thousand_impostor_135,111,585,32,32,5,0,,False,,False,True,
superglue,iris,CASIA-Iris-Thousand_impostor_135,111,585,306,614,20,10,0.5000,True,0.4851,False,False,1.7491
sgmnet,iris,CASIA-Iris-Thousand_impostor_135,111,585,1083,2275,28,0,,False,,False,True,
aspanformer,iris,CASIA-Iris-Thousand_impostor_135,111,585,196,196,196,63,0.3214,False,0.3147,False,True,1.9254
deepdetect,iris,CASIA-Iris-Thousand_impostor_135,111,585,6931,7149,4,4,1.0000,True,1.0000,False,False,0.0000
loftr,iris,CASIA-Iris-Thousand_impostor_136,429,204,597,597,597,82,0.1374,False,0.1292,False,True,2.7206
orb,iris,CASIA-Iris-Thousand_impostor_136,429,204,47,374,4,0,,False,,False,True,
sift,iris,CASIA-Iris-Thousand_impostor_136,429,204,16,178,0,0,,False,,False,True,
superglue,iris,CASIA-Iris-Thousand_impostor_136,429,204,581,710,1,0,,False,,False,True,
sgmnet,iris,CASIA-Iris-Thousand_impostor_136,429,204,2144,2960,34,0,,False,,False,True,
aspanformer,iris,CASIA-Iris-Thousand_impostor_136,429,204,332,332,332,119,0.3584,False,0.3488,False,True,2.0432
deepdetect,iris,CASIA-Iris-Thousand_impostor_136,429,204,8851,9543,1,0,,False,,False,True,
loftr,iris,CASIA-Iris-Thousand_impostor_137,046,968,847,847,847,173,0.2043,False,0.1916,False,True,2.7831
orb,iris,CASIA-Iris-Thousand_impostor_137,046,968,188,204,10,0,,False,,False,True,
sift,iris,CASIA-Iris-Thousand_impostor_137,046,968,56,28,10,0,,False,,False,True,
superglue,iris,CASIA-Iris-Thousand_impostor_137,046,968,639,602,37,12,0.3243,False,0.3107,False,True,2.1691
sgmnet,iris,CASIA-Iris-Thousand_impostor_137,046,968,2056,2091,165,14,0.0848,False,0.0844,False,True,1.3375
aspanformer,iris,CASIA-Iris-Thousand_impostor_137,046,968,319,319,319,156,0.4890,True,0.4764,False,False,2.0216
deepdetect,iris,CASIA-Iris-Thousand_impostor_137,046,968,8779,5890,12,11,0.9167,True,0.9167,False,False,0.3767
loftr,iris,CASIA-Iris-Thousand_impostor_138,684,354,778,778,778,108,0.1388,False,0.1323,False,True,2.4674
orb,iris,CASIA-Iris-Thousand_impostor_138,684,354,102,71,9,0,,False,,False,True,
sift,iris,CASIA-Iris-Thousand_impostor_138,684,354,37,24,5,0,,False,,False,True,
superglue,iris,CASIA-Iris-Thousand_impostor_138,684,354,613,610,20,10,0.5000,True,0.4818,False,False,1.8844
sgmnet,iris,CASIA-Iris-Thousand_impostor_138,684,354,2020,2213,143,12,0.0839,False,0.0831,False,True,1.2048
aspanformer,iris,CASIA-Iris-Thousand_impostor_138,684,354,385,385,385,127,0.3299,False,0.3123,False,True,2.5943
deepdetect,iris,CASIA-Iris-Thousand_impostor_138,684,354,10929,9155,35,28,0.8000,True,0.8000,False,False,0.9448
loftr,iris,CASIA-Iris-Thousand_impostor_139,760,662,298,298,298,32,0.1074,False,0.1006,False,True,2.8054
orb,iris,CASIA-Iris-Thousand_impostor_139,760,662,175,194,18,0,,False,,False,True,
sift,iris,CASIA-Iris-Thousand_impostor_139,760,662,28,37,6,0,,False,,False,True,
superglue,iris,CASIA-Iris-Thousand_impostor_139,760,662,569,655,0,0,,False,,False,True,
sgmnet,iris,CASIA-Iris-Thousand_impostor_139,760,662,1920,2128,61,7,0.1148,False,0.1100,False,True,0.3265
aspanformer,iris,CASIA-Iris-Thousand_impostor_139,760,662,150,150,150,54,0.3600,False,0.3523,False,True,1.9340
deepdetect,iris,CASIA-Iris-Thousand_impostor_139,760,662,7643,7897,6,0,,False,,False,True,
loftr,iris,CASIA-Iris-Thousand_impostor_140,478,884,682,682,682,84,0.1232,False,0.1187,False,True,2.2377
orb,iris,CASIA-Iris-Thousand_impostor_140,478,884,414,40,39,0,,False,,False,True,
sift,iris,CASIA-Iris-Thousand_impostor_140,478,884,200,10,11,0,,False,,False,True,
superglue,iris,CASIA-Iris-Thousand_impostor_140,478,884,648,621,6,5,0.8333,True,0.7768,False,False,0.4218
sgmnet,iris,CASIA-Iris-Thousand_impostor_140,478,884,3184,2095,55,10,0.1818,False,0.1786,False,True,1.1834
aspanformer,iris,CASIA-Iris-Thousand_impostor_140,478,884,354,354,354,126,0.3559,False,0.3437,False,True,2.2021
deepdetect,iris,CASIA-Iris-Thousand_impostor_140,478,884,7899,10029,22,0,,False,,False,True,
loftr,iris,CASIA-Iris-Thousand_impostor_141,472,866,746,746,746,110,0.1475,False,0.1395,False,True,2.6092
orb,iris,CASIA-Iris-Thousand_impostor_141,472,866,307,87,21,13,0.6190,True,0.6100,False,False,1.6561
sift,iris,CASIA-Iris-Thousand_impostor_141,472,866,64,26,8,0,,False,,False,True,
superglue,iris,CASIA-Iris-Thousand_impostor_141,472,866,640,660,6,5,0.8333,True,0.7768,False,False,0.6195
sgmnet,iris,CASIA-Iris-Thousand_impostor_141,472,866,2180,2560,148,13,0.0878,False,0.0872,False,True,1.3256
aspanformer,iris,CASIA-Iris-Thousand_impostor_141,472,866,284,284,284,148,0.5211,True,0.5012,False,False,2.2800
deepdetect,iris,CASIA-Iris-Thousand_impostor_141,472,866,8157,6982,41,40,0.9756,True,0.9756,False,False,0.5887
loftr,iris,CASIA-Iris-Thousand_impostor_142,130,196,469,469,469,77,0.1642,False,0.1577,False,True,2.3110
orb,iris,CASIA-Iris-Thousand_impostor_142,130,196,127,201,5,0,,False,,False,True,
sift,iris,CASIA-Iris-Thousand_impostor_142,130,196,59,39,1,0,,False,,False,True,
superglue,iris,CASIA-Iris-Thousand_impostor_142,130,196,575,602,5,4,0.8000,True,0.7332,False,False,0.0000
sgmnet,iris,CASIA-Iris-Thousand_impostor_142,130,196,1885,1937,74,8,0.1081,False,0.1047,False,True,0.6154
aspanformer,iris,CASIA-Iris-Thousand_impostor_142,130,196,519,519,519,237,0.4566,True,0.4335,False,False,2.5383
deepdetect,iris,CASIA-Iris-Thousand_impostor_142,130,196,8963,8391,9,7,0.7778,True,0.7778,False,False,1.3370
loftr,iris,CASIA-Iris-Thousand_impostor_143,717,868,709,709,709,164,0.2313,False,0.2235,False,True,2.1845
orb,iris,CASIA-Iris-Thousand_impostor_143,717,868,207,23,2,0,,False,,False,True,
sift,iris,CASIA-Iris-Thousand_impostor_143,717,868,46,11,3,0,,False,,False,True,
superglue,iris,CASIA-Iris-Thousand_impostor_143,717,868,654,709,107,21,0.1963,False,0.1900,False,True,2.1405
sgmnet,iris,CASIA-Iris-Thousand_impostor_143,717,868,2200,1991,116,12,0.1034,False,0.1025,False,True,0.8557
aspanformer,iris,CASIA-Iris-Thousand_impostor_143,717,868,627,627,627,321,0.5120,True,0.4914,False,False,2.3186
deepdetect,iris,CASIA-Iris-Thousand_impostor_143,717,868,9362,11167,10,8,0.8000,True,0.8000,False,False,0.7128
loftr,iris,CASIA-Iris-Thousand_impostor_144,990,589,450,450,450,62,0.1378,False,0.1303,False,True,2.6125
orb,iris,CASIA-Iris-Thousand_impostor_144,990,589,269,105,24,0,,False,,False,True,
sift,iris,CASIA-Iris-Thousand_impostor_144,990,589,100,49,4,0,,False,,False,True,
superglue,iris,CASIA-Iris-Thousand_impostor_144,990,589,623,597,52,17,0.3269,False,0.3183,False,True,1.9983
sgmnet,iris,CASIA-Iris-Thousand_impostor_144,990,589,2078,1632,49,8,0.1633,False,0.1581,False,True,0.9246
aspanformer,iris,CASIA-Iris-Thousand_impostor_144,990,589,114,114,114,52,0.4561,True,0.4410,False,False,2.1755
deepdetect,iris,CASIA-Iris-Thousand_impostor_144,990,589,8600,10600,11,6,0.5455,True,0.5455,False,False,0.2045
loftr,iris,CASIA-Iris-Thousand_impostor_145,046,971,370,370,370,57,0.1541,False,0.1465,False,True,2.5116
orb,iris,CASIA-Iris-Thousand_impostor_145,046,971,41,240,3,0,,False,,False,True,
sift,iris,CASIA-Iris-Thousand_impostor_145,046,971,26,35,2,0,,False,,False,True,
superglue,iris,CASIA-Iris-Thousand_impostor_145,046,971,567,683,14,0,,False,,False,True,
sgmnet,iris,CASIA-Iris-Thousand_impostor_145,046,971,1742,2131,51,8,0.1569,False,0.1519,False,True,1.0645
aspanformer,iris,CASIA-Iris-Thousand_impostor_145,046,971,87,87,87,27,0.3103,False,0.3059,False,True,1.7851
deepdetect,iris,CASIA-Iris-Thousand_impostor_145,046,971,10216,6673,3,0,,False,,False,True,
loftr,iris,CASIA-Iris-Thousand_impostor_146,417,961,663,663,663,131,0.1976,False,0.1887,False,True,2.4220
orb,iris,CASIA-Iris-Thousand_impostor_146,417,961,257,181,11,0,,False,,False,True,
sift,iris,CASIA-Iris-Thousand_impostor_146,417,961,44,39,6,0,,False,,False,True,
superglue,iris,CASIA-Iris-Thousand_impostor_146,417,961,613,624,103,25,0.2427,False,0.2271,False,True,2.8238
sgmnet,iris,CASIA-Iris-Thousand_impostor_146,417,961,2035,2148,70,10,0.1429,False,0.1394,False,True,1.6403
aspanformer,iris,CASIA-Iris-Thousand_impostor_146,417,961,360,360,360,187,0.5194,True,0.5040,False,False,2.1037
deepdetect,iris,CASIA-Iris-Thousand_impostor_146,417,961,8982,6902,19,15,0.7895,True,0.7895,False,False,1.3116
loftr,iris,CASIA-Iris-Thousand_impostor_147,022,249,418,418,418,44,0.1053,False,0.1027,False,True,1.9892
orb,iris,CASIA-Iris-Thousand_impostor_147,022,249,29,165,4,0,,False,,False,True,
sift,iris,CASIA-Iris-Thousand_impostor_147,022,249,21,37,4,0,,False,,False,True,
superglue,iris,CASIA-Iris-Thousand_impostor_147,022,249,556,620,11,7,0.6364,True,0.6058,False,False,1.6305
sgmnet,iris,CASIA-Iris-Thousand_impostor_147,022,249,1799,2340,66,15,0.2273,False,0.2247,False,True,1.6563
aspanformer,iris,CASIA-Iris-Thousand_impostor_147,022,249,114,114,114,36,0.3158,False,0.3064,False,True,2.1049
deepdetect,iris,CASIA-Iris-Thousand_impostor_147,022,249,9279,7424,9,7,0.7778,True,0.7778,False,False,0.7526
loftr,iris,CASIA-Iris-Thousand_impostor_148,669,880,737,737,737,120,0.1628,False,0.1539,False,True,2.6294
orb,iris,CASIA-Iris-Thousand_impostor_148,669,880,209,280,10,0,,False,,False,True,
sift,iris,CASIA-Iris-Thousand_impostor_148,669,880,59,57,10,0,,False,,False,True,
superglue,iris,CASIA-Iris-Thousand_impostor_148,669,880,624,616,6,5,0.8333,True,0.7768,False,False,1.1584
sgmnet,iris,CASIA-Iris-Thousand_impostor_148,669,880,2130,2289,85,12,0.1412,False,0.1398,False,True,1.1618
aspanformer,iris,CASIA-Iris-Thousand_impostor_148,669,880,396,396,396,126,0.3182,False,0.2994,False,True,2.7159
deepdetect,iris,CASIA-Iris-Thousand_impostor_148,669,880,7558,7411,6,6,1.0000,True,1.0000,False,False,0.2785
loftr,iris,CASIA-Iris-Thousand_impostor_149,405,741,105,105,105,14,0.1333,False,0.1319,False,True,1.6237
orb,iris,CASIA-Iris-Thousand_impostor_149,405,741,98,236,5,0,,False,,False,True,
sift,iris,CASIA-Iris-Thousand_impostor_149,405,741,35,32,2,0,,False,,False,True,
superglue,iris,CASIA-Iris-Thousand_impostor_149,405,741,573,642,0,0,,False,,False,True,
sgmnet,iris,CASIA-Iris-Thousand_impostor_149,405,741,1416,2293,52,7,0.1346,False,0.1290,False,True,0.4800
aspanformer,iris,CASIA-Iris-Thousand_impostor_149,405,741,136,136,136,53,0.3897,False,0.3726,False,True,2.3994
deepdetect,iris,CASIA-Iris-Thousand_impostor_149,405,741,11574,7530,6,4,0.6667,True,0.6667,False,False,0.0000
loftr,iris,CASIA-Iris-Thousand_impostor_150,871,120,342,342,342,37,0.1082,False,0.1048,False,True,2.1323
orb,iris,CASIA-Iris-Thousand_impostor_150,871,120,139,213,7,0,,False,,False,True,
sift,iris,CASIA-Iris-Thousand_impostor_150,871,120,33,37,2,0,,False,,False,True,
superglue,iris,CASIA-Iris-Thousand_impostor_150,871,120,603,554,9,7,0.7778,True,0.7453,False,False,1.2585
sgmnet,iris,CASIA-Iris-Thousand_impostor_150,871,120,2196,2242,87,10,0.1149,False,0.1129,False,True,1.2078
aspanformer,iris,CASIA-Iris-Thousand_impostor_150,871,120,295,295,295,144,0.4881,True,0.4737,False,False,2.0995
deepdetect,iris,CASIA-Iris-Thousand_impostor_150,871,120,7784,7448,10,8,0.8000,True,0.8000,False,False,0.7222
loftr,iris,CASIA-Iris-Thousand_impostor_151,051,667,325,325,325,40,0.1231,False,0.1151,False,True,2.8460
orb,iris,CASIA-Iris-Thousand_impostor_151,051,667,104,543,5,0,,False,,False,True,
sift,iris,CASIA-Iris-Thousand_impostor_151,051,667,35,120,4,0,,False,,False,True,
superglue,iris,CASIA-Iris-Thousand_impostor_151,051,667,619,542,2,0,,False,,False,True,
sgmnet,iris,CASIA-Iris-Thousand_impostor_151,051,667,2006,1964,114,14,0.1228,False,0.1222,False,True,1.1107
aspanformer,iris,CASIA-Iris-Thousand_impostor_151,051,667,171,171,171,59,0.3450,False,0.3382,False,True,1.8980
deepdetect,iris,CASIA-Iris-Thousand_impostor_151,051,667,8083,8768,6,5,0.8333,True,0.8333,False,False,0.4362
loftr,iris,CASIA-Iris-Thousand_impostor_152,186,616,182,182,182,22,0.1209,False,0.1173,False,True,2.0987
orb,iris,CASIA-Iris-Thousand_impostor_152,186,616,159,625,3,0,,False,,False,True,
sift,iris,CASIA-Iris-Thousand_impostor_152,186,616,34,178,2,0,,False,,False,True,
superglue,iris,CASIA-Iris-Thousand_impostor_152,186,616,641,600,2,0,,False,,False,True,
sgmnet,iris,CASIA-Iris-Thousand_impostor_152,186,616,1891,2475,34,7,0.2059,False,0.1973,False,True,0.9274
aspanformer,iris,CASIA-Iris-Thousand_impostor_152,186,616,116,116,116,43,0.3707,False,0.3584,False,True,2.1744
deepdetect,iris,CASIA-Iris-Thousand_impostor_152,186,616,8437,8961,14,0,,False,,False,True,
loftr,iris,CASIA-Iris-Thousand_impostor_153,700,429,614,614,614,64,0.1042,False,0.0998,False,True,2.3795
orb,iris,CASIA-Iris-Thousand_impostor_153,700,429,191,67,21,0,,False,,False,True,
sift,iris,CASIA-Iris-Thousand_impostor_153,700,429,36,14,0,0,,False,,False,True,
superglue,iris,CASIA-Iris-Thousand_impostor_153,700,429,665,564,14,7,0.5000,True,0.4766,False,False,1.6082
sgmnet,iris,CASIA-Iris-Thousand_impostor_153,700,429,2549,2074,112,10,0.0893,False,0.0877,False,True,0.8837
aspanformer,iris,CASIA-Iris-Thousand_impostor_153,700,429,316,316,316,103,0.3259,False,0.3162,False,True,2.1059
deepdetect,iris,CASIA-Iris-Thousand_impostor_153,700,429,6929,8746,12,10,0.8333,True,0.8333,False,False,0.5086
loftr,iris,CASIA-Iris-Thousand_impostor_154,099,841,537,537,537,59,0.1099,False,0.1023,False,True,2.9286
orb,iris,CASIA-Iris-Thousand_impostor_154,099,841,47,371,2,0,,False,,False,True,
sift,iris,CASIA-Iris-Thousand_impostor_154,099,841,7,71,0,0,,False,,False,True,
superglue,iris,CASIA-Iris-Thousand_impostor_154,099,841,660,610,2,0,,False,,False,True,
sgmnet,iris,CASIA-Iris-Thousand_impostor_154,099,841,2447,2109,50,7,0.1400,False,0.1342,False,True,0.8533
aspanformer,iris,CASIA-Iris-Thousand_impostor_154,099,841,215,215,215,78,0.3628,False,0.3589,False,True,1.7136
deepdetect,iris,CASIA-Iris-Thousand_impostor_154,099,841,5821,9663,2,0,,False,,False,True,
loftr,iris,CASIA-Iris-Thousand_impostor_155,884,487,50,50,50,16,0.3200,False,0.3113,False,True,1.9993
orb,iris,CASIA-Iris-Thousand_impostor_155,884,487,1,36,0,0,,False,,False,True,
sift,iris,CASIA-Iris-Thousand_impostor_155,884,487,9,17,0,0,,False,,False,True,
superglue,iris,CASIA-Iris-Thousand_impostor_155,884,487,602,137,33,17,0.5152,True,0.4882,False,False,2.5394
sgmnet,iris,CASIA-Iris-Thousand_impostor_155,884,487,2029,958,14,0,,False,,False,True,
aspanformer,iris,CASIA-Iris-Thousand_impostor_155,884,487,63,63,63,32,0.5079,True,0.4951,False,False,2.0111
deepdetect,iris,CASIA-Iris-Thousand_impostor_155,884,487,8654,7685,5,0,,False,,False,True,
loftr,iris,CASIA-Iris-Thousand_impostor_156,202,843,908,908,908,176,0.1938,False,0.1858,False,True,2.3465
orb,iris,CASIA-Iris-Thousand_impostor_156,202,843,130,245,3,0,,False,,False,True,
sift,iris,CASIA-Iris-Thousand_impostor_156,202,843,25,64,3,0,,False,,False,True,
superglue,iris,CASIA-Iris-Thousand_impostor_156,202,843,641,635,19,11,0.5789,True,0.5607,False,False,1.8804
sgmnet,iris,CASIA-Iris-Thousand_impostor_156,202,843,2210,2063,96,13,0.1354,False,0.1345,False,True,0.7469
aspanformer,iris,CASIA-Iris-Thousand_impostor_156,202,843,654,654,654,262,0.4006,False,0.3897,False,True,2.0533
deepdetect,iris,CASIA-Iris-Thousand_impostor_156,202,843,5895,8351,6,0,,False,,False,True,
loftr,iris,CASIA-Iris-Thousand_impostor_157,728,286,165,165,165,22,0.1333,False,0.1274,False,True,2.4022
orb,iris,CASIA-Iris-Thousand_impostor_157,728,286,220,29,11,0,,False,,False,True,
sift,iris,CASIA-Iris-Thousand_impostor_157,728,286,29,15,6,0,,False,,False,True,
superglue,iris,CASIA-Iris-Thousand_impostor_157,728,286,703,442,2,0,,False,,False,True,
sgmnet,iris,CASIA-Iris-Thousand_impostor_157,728,286,2347,1424,65,0,,False,,False,True,
aspanformer,iris,CASIA-Iris-Thousand_impostor_157,728,286,77,77,77,27,0.3506,False,0.3390,False,True,2.1765
deepdetect,iris,CASIA-Iris-Thousand_impostor_157,728,286,6785,9310,4,0,,False,,False,True,
loftr,iris,CASIA-Iris-Thousand_impostor_158,560,591,486,486,486,54,0.1111,False,0.1059,False,True,2.4646
orb,iris,CASIA-Iris-Thousand_impostor_158,560,591,525,145,53,16,0.3019,False,0.0895,False,True,25.7653
sift,iris,CASIA-Iris-Thousand_impostor_158,560,591,98,46,6,0,,False,,False,True,
superglue,iris,CASIA-Iris-Thousand_impostor_158,560,591,651,600,34,10,0.2941,False,0.2889,False,True,1.3697
sgmnet,iris,CASIA-Iris-Thousand_impostor_158,560,591,2258,1970,54,10,0.1852,False,0.1819,False,True,0.9370
aspanformer,iris,CASIA-Iris-Thousand_impostor_158,560,591,292,292,292,102,0.3493,False,0.3301,False,True,2.6286
deepdetect,iris,CASIA-Iris-Thousand_impostor_158,560,591,9168,7245,7,4,0.5714,True,0.5714,False,False,0.0000
loftr,iris,CASIA-Iris-Thousand_impostor_159,099,448,566,566,566,74,0.1307,False,0.1237,False,True,2.6093
orb,iris,CASIA-Iris-Thousand_impostor_159,099,448,24,94,0,0,,False,,False,True,
sift,iris,CASIA-Iris-Thousand_impostor_159,099,448,20,31,2,0,,False,,False,True,
superglue,iris,CASIA-Iris-Thousand_impostor_159,099,448,671,626,12,6,0.5000,True,0.4731,False,False,1.4797
sgmnet,iris,CASIA-Iris-Thousand_impostor_159,099,448,2051,2178,135,12,0.0889,False,0.0880,False,True,1.3178
aspanformer,iris,CASIA-Iris-Thousand_impostor_159,099,448,382,382,382,127,0.3325,False,0.3142,False,True,2.6275
deepdetect,iris,CASIA-Iris-Thousand_impostor_159,099,448,7985,6699,5,5,1.0000,True,1.0000,False,False,1.0882
loftr,iris,CASIA-Iris-Thousand_impostor_160,014,351,44,44,44,13,0.2955,False,0.2803,False,True,2.4120
orb,iris,CASIA-Iris-Thousand_impostor_160,014,351,167,98,14,0,,False,,False,True,
sift,iris,CASIA-Iris-Thousand_impostor_160,014,351,27,37,0,0,,False,,False,True,
superglue,iris,CASIA-Iris-Thousand_impostor_160,014,351,615,476,1,0,,False,,False,True,
sgmnet,iris,CASIA-Iris-Thousand_impostor_160,014,351,2410,1985,47,8,0.1702,False,0.1648,False,True,0.9137
aspanformer,iris,CASIA-Iris-Thousand_impostor_160,014,351,74,74,74,25,0.3378,False,0.3254,False,True,2.2461
deepdetect,iris,CASIA-Iris-Thousand_impostor_160,014,351,8127,7668,16,0,,False,,False,True,
loftr,iris,CASIA-Iris-Thousand_impostor_161,422,192,747,747,747,140,0.1874,False,0.1757,False,True,2.7946
orb,iris,CASIA-Iris-Thousand_impostor_161,422,192,60,48,11,8,0.7273,True,0.7042,False,False,0.8600
sift,iris,CASIA-Iris-Thousand_impostor_161,422,192,36,24,2,0,,False,,False,True,
superglue,iris,CASIA-Iris-Thousand_impostor_161,422,192,615,592,8,5,0.6250,True,0.5826,False,False,1.0110
sgmnet,iris,CASIA-Iris-Thousand_impostor_161,422,192,1959,2204,74,10,0.1351,False,0.1327,False,True,1.3131
aspanformer,iris,CASIA-Iris-Thousand_impostor_161,422,192,502,502,502,221,0.4402,True,0.4230,False,False,2.2975
deepdetect,iris,CASIA-Iris-Thousand_impostor_161,422,192,10983,10827,6,0,,False,,False,True,
loftr,iris,CASIA-Iris-Thousand_impostor_162,571,761,381,381,381,30,0.0787,False,0.0755,False,True,2.3379
orb,iris,CASIA-Iris-Thousand_impostor_162,571,761,209,382,7,0,,False,,False,True,
sift,iris,CASIA-Iris-Thousand_impostor_162,571,761,53,66,7,0,,False,,False,True,
superglue,iris,CASIA-Iris-Thousand_impostor_162,571,761,609,608,33,13,0.3939,False,0.3811,False,True,2.0225
sgmnet,iris,CASIA-Iris-Thousand_impostor_162,571,761,1795,2204,49,10,0.2041,False,0.2005,False,True,1.0658
aspanformer,iris,CASIA-Iris-Thousand_impostor_162,571,761,178,178,178,59,0.3315,False,0.3263,False,True,1.8163
deepdetect,iris,CASIA-Iris-Thousand_impostor_162,571,761,10552,8152,14,12,0.8571,True,0.8571,False,False,0.3681
loftr,iris,CASIA-Iris-Thousand_impostor_163,319,804,778,778,778,134,0.1722,False,0.1624,False,True,2.6819
orb,iris,CASIA-Iris-Thousand_impostor_163,319,804,72,53,1,0,,False,,False,True,
sift,iris,CASIA-Iris-Thousand_impostor_163,319,804,20,44,0,0,,False,,False,True,
superglue,iris,CASIA-Iris-Thousand_impostor_163,319,804,613,586,48,15,0.3125,False,0.3026,False,True,2.0700
sgmnet,iris,CASIA-Iris-Thousand_impostor_163,319,804,2030,1901,60,11,0.1833,False,0.1810,False,True,1.0842
aspanformer,iris,CASIA-Iris-Thousand_impostor_163,319,804,831,831,831,357,0.4296,True,0.4109,False,False,2.3906
deepdetect,iris,CASIA-Iris-Thousand_impostor_163,319,804,8292,11642,6,0,,False,,False,True,
loftr,iris,CASIA-Iris-Thousand_impostor_164,355,545,423,423,423,56,0.1324,False,0.1250,False,True,2.6560
orb,iris,CASIA-Iris-Thousand_impostor_164,355,545,206,329,5,0,,False,,False,True,
sift,iris,CASIA-Iris-Thousand_impostor_164,355,545,50,55,1,0,,False,,False,True,
superglue,iris,CASIA-Iris-Thousand_impostor_164,355,545,665,603,8,6,0.7500,True,0.7097,False,False,1.3873
sgmnet,iris,CASIA-Iris-Thousand_impostor_164,355,545,2223,2164,104,12,0.1154,False,0.1143,False,True,1.3688
aspanformer,iris,CASIA-Iris-Thousand_impostor_164,355,545,177,177,177,83,0.4689,True,0.4637,False,False,1.7226
deepdetect,iris,CASIA-Iris-Thousand_impostor_164,355,545,5200,7879,8,0,,False,,False,True,
loftr,iris,CASIA-Iris-Thousand_impostor_165,854,609,511,511,511,75,0.1468,False,0.1398,False,True,2.4744
orb,iris,CASIA-Iris-Thousand_impostor_165,854,609,102,64,8,0,,False,,False,True,
sift,iris,CASIA-Iris-Thousand_impostor_165,854,609,19,20,2,0,,False,,False,True,
superglue,iris,CASIA-Iris-Thousand_impostor_165,854,609,510,534,9,6,0.6667,True,0.6308,False,False,0.4957
sgmnet,iris,CASIA-Iris-Thousand_impostor_165,854,609,1324,1883,35,7,0.2000,False,0.1917,False,True,1.0025
aspanformer,iris,CASIA-Iris-Thousand_impostor_165,854,609,197,197,197,63,0.3198,False,0.3070,False,True,2.3195
deepdetect,iris,CASIA-Iris-Thousand_impostor_165,854,609,9582,9842,14,0,,False,,False,True,
loftr,iris,CASIA-Iris-Thousand_impostor_166,459,630,446,446,446,49,0.1099,False,0.1048,False,True,2.4404
orb,iris,CASIA-Iris-Thousand_impostor_166,459,630,106,388,4,0,,False,,False,True,
sift,iris,CASIA-Iris-Thousand_impostor_166,459,630,35,96,1,0,,False,,False,True,
superglue,iris,CASIA-Iris-Thousand_impostor_166,459,630,636,755,7,5,0.7143,True,0.6658,False,False,0.2447
sgmnet,iris,CASIA-Iris-Thousand_impostor_166,459,630,2133,1624,45,8,0.1778,False,0.1721,False,True,1.2890
aspanformer,iris,CASIA-Iris-Thousand_impostor_166,459,630,225,225,225,76,0.3378,False,0.3292,False,True,2.0171
deepdetect,iris,CASIA-Iris-Thousand_impostor_166,459,630,8696,8953,8,5,0.6250,True,0.6250,False,False,0.0713
loftr,iris,CASIA-Iris-Thousand_impostor_167,453,827,300,300,300,23,0.0767,False,0.0734,False,True,2.3676
orb,iris,CASIA-Iris-Thousand_impostor_167,453,827,166,216,4,0,,False,,False,True,
sift,iris,CASIA-Iris-Thousand_impostor_167,453,827,45,54,2,0,,False,,False,True,
superglue,iris,CASIA-Iris-Thousand_impostor_167,453,827,575,578,0,0,,False,,False,True,
sgmnet,iris,CASIA-Iris-Thousand_impostor_167,453,827,2027,2121,56,8,0.1429,False,0.1383,False,True,0.9267
aspanformer,iris,CASIA-Iris-Thousand_impostor_167,453,827,92,92,92,39,0.4239,True,0.4229,False,False,1.5466
deepdetect,iris,CASIA-Iris-Thousand_impostor_167,453,827,7608,7865,24,20,0.8333,True,0.8333,False,False,2.4327
loftr,iris,CASIA-Iris-Thousand_impostor_168,274,504,822,822,822,148,0.1800,False,0.1695,False,True,2.7077
orb,iris,CASIA-Iris-Thousand_impostor_168,274,504,122,110,10,0,,False,,False,True,
sift,iris,CASIA-Iris-Thousand_impostor_168,274,504,67,26,5,0,,False,,False,True,
superglue,iris,CASIA-Iris-Thousand_impostor_168,274,504,617,614,123,36,0.2927,False,0.2757,False,True,2.6957
sgmnet,iris,CASIA-Iris-Thousand_impostor_168,274,504,2672,2344,73,9,0.1233,False,0.1203,False,True,0.9578
aspanformer,iris,CASIA-Iris-Thousand_impostor_168,274,504,547,547,547,256,0.4680,True,0.4457,False,False,2.4785
deepdetect,iris,CASIA-Iris-Thousand_impostor_168,274,504,9097,7567,18,14,0.7778,True,0.7778,False,False,1.8174
loftr,iris,CASIA-Iris-Thousand_impostor_169,363,231,715,715,715,96,0.1343,False,0.1303,False,True,2.0952
orb,iris,CASIA-Iris-Thousand_impostor_169,363,231,115,278,8,0,,False,,False,True,
sift,iris,CASIA-Iris-Thousand_impostor_169,363,231,23,47,3,0,,False,,False,True,
superglue,iris,CASIA-Iris-Thousand_impostor_169,363,231,603,640,36,12,0.3333,False,0.3189,False,True,2.1920
sgmnet,iris,CASIA-Iris-Thousand_impostor_169,363,231,2348,2269,88,14,0.1591,False,0.1583,False,True,1.3046
aspanformer,iris,CASIA-Iris-Thousand_impostor_169,363,231,395,395,395,105,0.2658,False,0.2551,False,True,2.3245
deepdetect,iris,CASIA-Iris-Thousand_impostor_169,363,231,8256,8466,14,13,0.9286,True,0.9286,False,False,0.9556
loftr,iris,CASIA-Iris-Thousand_impostor_170,961,367,776,776,776,102,0.1314,False,0.1244,False,True,2.5975
orb,iris,CASIA-Iris-Thousand_impostor_170,961,367,158,268,7,0,,False,,False,True,
sift,iris,CASIA-Iris-Thousand_impostor_170,961,367,35,43,2,0,,False,,False,True,
superglue,iris,CASIA-Iris-Thousand_impostor_170,961,367,677,683,2,0,,False,,False,True,
sgmnet,iris,CASIA-Iris-Thousand_impostor_170,961,367,2364,2430,174,14,0.0805,False,0.0801,False,True,1.3363
aspanformer,iris,CASIA-Iris-Thousand_impostor_170,961,367,259,259,259,78,0.3012,False,0.2889,False,True,2.3298
deepdetect,iris,CASIA-Iris-Thousand_impostor_170,961,367,7719,6585,16,16,1.0000,True,1.0000,False,False,1.2955
loftr,iris,CASIA-Iris-Thousand_impostor_171,411,516,692,692,692,165,0.2384,False,0.2302,False,True,2.2048
orb,iris,CASIA-Iris-Thousand_impostor_171,411,516,122,147,6,0,,False,,False,True,
sift,iris,CASIA-Iris-Thousand_impostor_171,411,516,30,40,3,0,,False,,False,True,
superglue,iris,CASIA-Iris-Thousand_impostor_171,411,516,570,533,55,19,0.3455,False,0.3292,False,True,2.4461
sgmnet,iris,CASIA-Iris-Thousand_impostor_171,411,516,1992,1854,117,14,0.1197,False,0.1191,False,True,1.2672
aspanformer,iris,CASIA-Iris-Thousand_impostor_171,411,516,511,511,511,280,0.5479,True,0.5364,False,False,1.9258
deepdetect,iris,CASIA-Iris-Thousand_impostor_171,411,516,9829,7987,23,16,0.6957,True,0.6957,False,False,0.5388
loftr,iris,CASIA-Iris-Thousand_impostor_172,826,710,72,72,72,23,0.3194,False,0.3001,False,True,2.7444
orb,iris,CASIA-Iris-Thousand_impostor_172,826,710,131,82,11,7,0.6364,True,0.6098,False,False,0.7173
sift,iris,CASIA-Iris-Thousand_impostor_172,826,710,38,34,4,0,,False,,False,True,
superglue,iris,CASIA-Iris-Thousand_impostor_172,826,710,607,171,26,11,0.4231,False,0.4080,False,True,1.9637
sgmnet,iris,CASIA-Iris-Thousand_impostor_172,826,710,2214,743,5,5,1.0000,True,0.9322,False,False,0.2474
aspanformer,iris,CASIA-Iris-Thousand_impostor_172,826,710,115,115,115,63,0.5478,True,0.5250,False,False,2.3526
deepdetect,iris,CASIA-Iris-Thousand_impostor_172,826,710,7946,5737,5,0,,False,,False,True,
loftr,iris,CASIA-Iris-Thousand_impostor_173,717,851,690,690,690,109,0.1580,False,0.1477,False,True,2.8510
orb,iris,CASIA-Iris-Thousand_impostor_173,717,851,123,265,6,0,,False,,False,True,
sift,iris,CASIA-Iris-Thousand_impostor_173,717,851,23,49,3,0,,False,,False,True,
superglue,iris,CASIA-Iris-Thousand_impostor_173,717,851,648,656,58,16,0.2759,False,0.2663,False,True,2.1560
sgmnet,iris,CASIA-Iris-Thousand_impostor_173,717,851,2058,2340,70,9,0.1286,False,0.1255,False,True,1.1442
aspanformer,iris,CASIA-Iris-Thousand_impostor_173,717,851,378,378,378,131,0.3466,False,0.3285,False,True,2.5713
deepdetect,iris,CASIA-Iris-Thousand_impostor_173,717,851,9140,7331,7,0,,False,,False,True,
loftr,iris,CASIA-Iris-Thousand_impostor_174,988,604,500,500,500,62,0.1240,False,0.1185,False,True,2.4027
orb,iris,CASIA-Iris-Thousand_impostor_174,988,604,11,163,0,0,,False,,False,True,
sift,iris,CASIA-Iris-Thousand_impostor_174,988,604,16,48,0,0,,False,,False,True,
superglue,iris,CASIA-Iris-Thousand_impostor_174,988,604,587,678,29,13,0.4483,False,0.4276,False,True,2.3084
sgmnet,iris,CASIA-Iris-Thousand_impostor_174,988,604,2268,2186,43,7,0.1628,False,0.1560,False,True,0.8230
aspanformer,iris,CASIA-Iris-Thousand_impostor_174,988,604,264,264,264,98,0.3712,False,0.3531,False,True,2.5027
deepdetect,iris,CASIA-Iris-Thousand_impostor_174,988,604,8590,7193,10,8,0.8000,True,0.8000,False,False,0.0251
loftr,iris,CASIA-Iris-Thousand_impostor_175,921,058,629,629,629,71,0.1129,False,0.1080,False,True,2.3830
orb,iris,CASIA-Iris-Thousand_impostor_175,921,058,318,166,11,0,,False,,False,True,
sift,iris,CASIA-Iris-Thousand_impostor_175,921,058,146,18,4,0,,False,,False,True,
superglue,iris,CASIA-Iris-Thousand_impostor_175,921,058,791,676,0,0,,False,,False,True,
sgmnet,iris,CASIA-Iris-Thousand_impostor_175,921,058,2700,2413,109,12,0.1101,False,0.1090,False,True,1.3623
aspanformer,iris,CASIA-Iris-Thousand_impostor_175,921,058,393,393,393,164,0.4173,True,0.4063,False,False,2.0331
deepdetect,iris,CASIA-Iris-Thousand_impostor_175,921,058,8068,7134,17,10,0.5882,True,0.5882,False,False,1.4000
loftr,iris,CASIA-Iris-Thousand_impostor_176,566,062,449,449,449,48,0.1069,False,0.1021,False,True,2.4118
orb,iris,CASIA-Iris-Thousand_impostor_176,566,062,256,48,24,0,,False,,False,True,
sift,iris,CASIA-Iris-Thousand_impostor_176,566,062,43,11,9,0,,False,,False,True,
superglue,iris,CASIA-Iris-Thousand_impostor_176,566,062,593,564,4,4,1.0000,True,0.9165,False,False,0.0000
sgmnet,iris,CASIA-Iris-Thousand_impostor_176,566,062,2107,1717,85,10,0.1176,False,0.1156,False,True,0.8999
aspanformer,iris,CASIA-Iris-Thousand_impostor_176,566,062,223,223,223,56,0.2511,False,0.2391,False,True,2.4827
deepdetect,iris,CASIA-Iris-Thousand_impostor_176,566,062,8731,7589,9,8,0.8889,True,0.8889,False,False,0.3305
loftr,iris,CASIA-Iris-Thousand_impostor_177,569,665,803,803,803,125,0.1557,False,0.1480,False,True,2.5051
orb,iris,CASIA-Iris-Thousand_impostor_177,569,665,183,60,17,0,,False,,False,True,
sift,iris,CASIA-Iris-Thousand_impostor_177,569,665,43,25,3,0,,False,,False,True,
superglue,iris,CASIA-Iris-Thousand_impostor_177,569,665,584,569,24,10,0.4167,False,0.4020,False,True,1.8621
sgmnet,iris,CASIA-Iris-Thousand_impostor_177,569,665,2230,2080,174,16,0.0920,False,0.0916,False,True,1.5181
aspanformer,iris,CASIA-Iris-Thousand_impostor_177,569,665,375,375,375,203,0.5413,True,0.5183,False,False,2.3702
deepdetect,iris,CASIA-Iris-Thousand_impostor_177,569,665,7963,10325,23,19,0.8261,True,0.8261,False,False,0.4043
loftr,iris,CASIA-Iris-Thousand_impostor_178,724,154,562,562,562,71,0.1263,False,0.1232,False,True,1.9990
orb,iris,CASIA-Iris-Thousand_impostor_178,724,154,54,148,2,0,,False,,False,True,
sift,iris,CASIA-Iris-Thousand_impostor_178,724,154,26,72,2,0,,False,,False,True,
superglue,iris,CASIA-Iris-Thousand_impostor_178,724,154,593,594,59,19,0.3220,False,0.3092,False,True,2.2945
sgmnet,iris,CASIA-Iris-Thousand_impostor_178,724,154,2437,1843,105,15,0.1429,False,0.1414,False,True,1.6314
aspanformer,iris,CASIA-Iris-Thousand_impostor_178,724,154,269,269,269,83,0.3086,False,0.3049,False,True,1.7367
deepdetect,iris,CASIA-Iris-Thousand_impostor_178,724,154,8093,11297,2,0,,False,,False,True,
loftr,iris,CASIA-Iris-Thousand_impostor_179,193,959,455,455,455,37,0.0813,False,0.0789,False,True,2.1114
orb,iris,CASIA-Iris-Thousand_impostor_179,193,959,60,281,7,0,,False,,False,True,
sift,iris,CASIA-Iris-Thousand_impostor_179,193,959,37,51,0,0,,False,,False,True,
superglue,iris,CASIA-Iris-Thousand_impostor_179,193,959,621,613,73,24,0.3288,False,0.3114,False,True,2.5822
sgmnet,iris,CASIA-Iris-Thousand_impostor_179,193,959,1844,2371,29,8,0.2759,False,0.2671,False,True,0.7821
aspanformer,iris,CASIA-Iris-Thousand_impostor_179,193,959,124,124,124,48,0.3871,False,0.3807,False,True,1.8356
deepdetect,iris,CASIA-Iris-Thousand_impostor_179,193,959,12071,7492,12,0,,False,,False,True,
loftr,iris,CASIA-Iris-Thousand_impostor_180,083,861,313,313,313,42,0.1342,False,0.1270,False,True,2.6008
orb,iris,CASIA-Iris-Thousand_impostor_180,083,861,85,419,1,0,,False,,False,True,
sift,iris,CASIA-Iris-Thousand_impostor_180,083,861,20,57,1,0,,False,,False,True,
superglue,iris,CASIA-Iris-Thousand_impostor_180,083,861,625,647,6,5,0.8333,True,0.7768,False,False,0.2464
sgmnet,iris,CASIA-Iris-Thousand_impostor_180,083,861,2101,1873,41,7,0.1707,False,0.1636,False,True,0.9770
aspanformer,iris,CASIA-Iris-Thousand_impostor_180,083,861,263,263,263,107,0.4068,False,0.3927,False,True,2.2089
deepdetect,iris,CASIA-Iris-Thousand_impostor_180,083,861,7525,7869,6,5,0.8333,True,0.8333,False,False,0.7388
loftr,iris,CASIA-Iris-Thousand_impostor_181,423,338,164,164,164,23,0.1402,False,0.1311,False,True,2.8363
orb,iris,CASIA-Iris-Thousand_impostor_181,423,338,96,91,8,0,,False,,False,True,
sift,iris,CASIA-Iris-Thousand_impostor_181,423,338,37,37,2,0,,False,,False,True,
superglue,iris,CASIA-Iris-Thousand_impostor_181,423,338,156,505,0,0,,False,,False,True,
sgmnet,iris,CASIA-Iris-Thousand_impostor_181,423,338,982,1428,14,5,0.3571,False,0.3329,False,True,0.6902
aspanformer,iris,CASIA-Iris-Thousand_impostor_181,423,338,104,104,104,27,0.2596,False,0.2521,False,True,2.0897
deepdetect,iris,CASIA-Iris-Thousand_impostor_181,423,338,5786,10319,3,0,,False,,False,True,
loftr,iris,CASIA-Iris-Thousand_impostor_182,456,383,367,367,367,39,0.1063,False,0.0994,False,True,2.8435
orb,iris,CASIA-Iris-Thousand_impostor_182,456,383,192,151,11,0,,False,,False,True,
sift,iris,CASIA-Iris-Thousand_impostor_182,456,383,87,24,4,0,,False,,False,True,
superglue,iris,CASIA-Iris-Thousand_impostor_182,456,383,590,591,6,5,0.8333,True,0.7768,False,False,0.8842
sgmnet,iris,CASIA-Iris-Thousand_impostor_182,456,383,1972,2030,104,12,0.1154,False,0.1143,False,True,1.1421
aspanformer,iris,CASIA-Iris-Thousand_impostor_182,456,383,310,310,310,131,0.4226,True,0.4059,False,False,2.3065
deepdetect,iris,CASIA-Iris-Thousand_impostor_182,456,383,11117,7937,5,0,,False,,False,True,
loftr,iris,CASIA-Iris-Thousand_impostor_183,488,006,268,268,268,38,0.1418,False,0.1371,False,True,2.1783
orb,iris,CASIA-Iris-Thousand_impostor_183,488,006,301,166,19,0,,False,,False,True,
sift,iris,CASIA-Iris-Thousand_impostor_183,488,006,40,27,0,0,,False,,False,True,
superglue,iris,CASIA-Iris-Thousand_impostor_183,488,006,611,512,21,13,0.6190,True,0.5722,False,False,2.9361
sgmnet,iris,CASIA-Iris-Thousand_impostor_183,488,006,2189,1536,33,6,0.1818,False,0.1720,False,True,0.6556
aspanformer,iris,CASIA-Iris-Thousand_impostor_183,488,006,151,151,151,51,0.3377,False,0.3321,False,True,1.8369
deepdetect,iris,CASIA-Iris-Thousand_impostor_183,488,006,7644,6594,1,0,,False,,False,True,
loftr,iris,CASIA-Iris-Thousand_impostor_184,422,616,375,375,375,41,0.1093,False,0.1025,False,True,2.7913
orb,iris,CASIA-Iris-Thousand_impostor_184,422,616,175,78,7,0,,False,,False,True,
sift,iris,CASIA-Iris-Thousand_impostor_184,422,616,41,21,2,0,,False,,False,True,
superglue,iris,CASIA-Iris-Thousand_impostor_184,422,616,663,576,58,15,0.2586,False,0.2577,False,True,1.4637
sgmnet,iris,CASIA-Iris-Thousand_impostor_184,422,616,2142,1968,53,8,0.1509,False,0.1461,False,True,1.0815
aspanformer,iris,CASIA-Iris-Thousand_impostor_184,422,616,309,309,309,132,0.4272,True,0.4075,False,False,2.4452
deepdetect,iris,CASIA-Iris-Thousand_impostor_184,422,616,8604,8198,4,0,,False,,False,True,
loftr,iris,CASIA-Iris-Thousand_impostor_185,911,624,353,353,353,66,0.1870,False,0.1774,False,True,2.5537
orb,iris,CASIA-Iris-Thousand_impostor_185,911,624,172,87,12,0,,False,,False,True,
sift,iris,CASIA-Iris-Thousand_impostor_185,911,624,39,17,2,0,,False,,False,True,
superglue,iris,CASIA-Iris-Thousand_impostor_185,911,624,653,425,12,6,0.5000,True,0.4731,False,False,0.8141
sgmnet,iris,CASIA-Iris-Thousand_impostor_185,911,624,2145,1154,14,6,0.4286,True,0.4055,False,False,0.9025
aspanformer,iris,CASIA-Iris-Thousand_impostor_185,911,624,112,112,112,34,0.3036,False,0.3036,False,True,1.2839
deepdetect,iris,CASIA-Iris-Thousand_impostor_185,911,624,8584,10422,4,0,,False,,False,True,
loftr,iris,CASIA-Iris-Thousand_impostor_186,338,477,266,266,266,32,0.1203,False,0.1150,False,True,2.4080
orb,iris,CASIA-Iris-Thousand_impostor_186,338,477,173,11,2,0,,False,,False,True,
sift,iris,CASIA-Iris-Thousand_impostor_186,338,477,110,12,2,0,,False,,False,True,
superglue,iris,CASIA-Iris-Thousand_impostor_186,338,477,732,547,1,0,,False,,False,True,
sgmnet,iris,CASIA-Iris-Thousand_impostor_186,338,477,2440,2212,222,21,0.0946,False,0.0941,False,True,1.5916
aspanformer,iris,CASIA-Iris-Thousand_impostor_186,338,477,193,193,193,66,0.3420,False,0.3374,False,True,1.7707
deepdetect,iris,CASIA-Iris-Thousand_impostor_186,338,477,11700,7985,2,0,,False,,False,True,
loftr,iris,CASIA-Iris-Thousand_impostor_187,782,426,37,37,37,15,0.4054,False,0.3789,False,True,2.7809
orb,iris,CASIA-Iris-Thousand_impostor_187,782,426,112,61,11,0,,False,,False,True,
sift,iris,CASIA-Iris-Thousand_impostor_187,782,426,43,32,1,0,,False,,False,True,
superglue,iris,CASIA-Iris-Thousand_impostor_187,782,426,652,181,1,0,,False,,False,True,
sgmnet,iris,CASIA-Iris-Thousand_impostor_187,782,426,2349,968,17,8,0.4706,True,0.4556,False,False,1.0140
aspanformer,iris,CASIA-Iris-Thousand_impostor_187,782,426,79,79,79,43,0.5443,True,0.5228,False,False,2.3067
deepdetect,iris,CASIA-Iris-Thousand_impostor_187,782,426,6028,5864,2,0,,False,,False,True,
loftr,iris,CASIA-Iris-Thousand_impostor_188,249,713,397,397,397,47,0.1184,False,0.1115,False,True,2.6967
orb,iris,CASIA-Iris-Thousand_impostor_188,249,713,120,138,13,0,,False,,False,True,
sift,iris,CASIA-Iris-Thousand_impostor_188,249,713,33,36,2,0,,False,,False,True,
superglue,iris,CASIA-Iris-Thousand_impostor_188,249,713,620,569,12,8,0.6667,True,0.6455,False,False,1.2654
sgmnet,iris,CASIA-Iris-Thousand_impostor_188,249,713,2378,2074,160,18,0.1125,False,0.1123,False,True,1.4315
aspanformer,iris,CASIA-Iris-Thousand_impostor_188,249,713,234,234,234,90,0.3846,False,0.3745,False,True,2.0341
deepdetect,iris,CASIA-Iris-Thousand_impostor_188,249,713,6915,8328,6,0,,False,,False,True,
loftr,iris,CASIA-Iris-Thousand_impostor_189,684,352,241,241,241,46,0.1909,False,0.1844,False,True,2.1921
orb,iris,CASIA-Iris-Thousand_impostor_189,684,352,75,258,5,0,,False,,False,True,
sift,iris,CASIA-Iris-Thousand_impostor_189,684,352,27,41,1,0,,False,,False,True,
superglue,iris,CASIA-Iris-Thousand_impostor_189,684,352,610,309,120,39,0.3250,False,0.3067,False,True,2.6584
sgmnet,iris,CASIA-Iris-Thousand_impostor_189,684,352,2152,1342,34,9,0.2647,False,0.2584,False,True,1.2107
aspanformer,iris,CASIA-Iris-Thousand_impostor_189,684,352,262,262,262,128,0.4885,True,0.4726,False,False,2.1637
deepdetect,iris,CASIA-Iris-Thousand_impostor_189,684,352,8116,8324,23,20,0.8696,True,0.8696,False,False,2.2773
loftr,iris,CASIA-Iris-Thousand_impostor_190,018,355,172,172,172,18,0.1047,False,0.1013,False,True,2.1234
orb,iris,CASIA-Iris-Thousand_impostor_190,018,355,77,249,5,0,,False,,False,True,
sift,iris,CASIA-Iris-Thousand_impostor_190,018,355,36,49,2,0,,False,,False,True,
superglue,iris,CASIA-Iris-Thousand_impostor_190,018,355,544,556,0,0,,False,,False,True,
sgmnet,iris,CASIA-Iris-Thousand_impostor_190,018,355,1748,2107,44,7,0.1591,False,0.1525,False,True,0.4312
aspanformer,iris,CASIA-Iris-Thousand_impostor_190,018,355,96,96,96,25,0.2604,False,0.2515,False,True,2.1912
deepdetect,iris,CASIA-Iris-Thousand_impostor_190,018,355,11399,7371,17,0,,False,,False,True,
loftr,iris,CASIA-Iris-Thousand_impostor_191,797,011,952,952,952,260,0.2731,False,0.2599,False,True,2.4935
orb,iris,CASIA-Iris-Thousand_impostor_191,797,011,45,34,5,0,,False,,False,True,
sift,iris,CASIA-Iris-Thousand_impostor_191,797,011,24,25,9,0,,False,,False,True,
superglue,iris,CASIA-Iris-Thousand_impostor_191,797,011,549,549,91,26,0.2857,False,0.2745,False,True,2.2986
sgmnet,iris,CASIA-Iris-Thousand_impostor_191,797,011,1892,1577,48,8,0.1667,False,0.1614,False,True,1.2820
aspanformer,iris,CASIA-Iris-Thousand_impostor_191,797,011,1169,1169,1169,558,0.4773,True,0.4773,False,False,1.4921
deepdetect,iris,CASIA-Iris-Thousand_impostor_191,797,011,10460,9043,6,6,1.0000,True,1.0000,False,False,0.0743
loftr,iris,CASIA-Iris-Thousand_impostor_192,507,048,711,711,711,99,0.1392,False,0.1330,False,True,2.4164
orb,iris,CASIA-Iris-Thousand_impostor_192,507,048,418,274,18,0,,False,,False,True,
sift,iris,CASIA-Iris-Thousand_impostor_192,507,048,76,39,4,0,,False,,False,True,
superglue,iris,CASIA-Iris-Thousand_impostor_192,507,048,707,632,14,7,0.5000,True,0.4791,False,False,1.3312
sgmnet,iris,CASIA-Iris-Thousand_impostor_192,507,048,2479,2274,118,13,0.1102,False,0.1094,False,True,1.2572
aspanformer,iris,CASIA-Iris-Thousand_impostor_192,507,048,407,407,407,119,0.2924,False,0.2790,False,True,2.4349
deepdetect,iris,CASIA-Iris-Thousand_impostor_192,507,048,6848,7514,7,5,0.7143,True,0.7143,False,False,0.0026
loftr,iris,CASIA-Iris-Thousand_impostor_193,679,595,395,395,395,77,0.1949,False,0.1872,False,True,2.3123
orb,iris,CASIA-Iris-Thousand_impostor_193,679,595,447,219,18,0,,False,,False,True,
sift,iris,CASIA-Iris-Thousand_impostor_193,679,595,54,42,8,4,0.5000,True,0.4583,False,False,0.0000
superglue,iris,CASIA-Iris-Thousand_impostor_193,679,595,546,361,16,8,0.5000,True,0.4739,False,False,1.9273
sgmnet,iris,CASIA-Iris-Thousand_impostor_193,679,595,1764,1220,31,7,0.2258,False,0.2164,False,True,1.0084
aspanformer,iris,CASIA-Iris-Thousand_impostor_193,679,595,287,287,287,144,0.5017,True,0.4752,False,False,2.5874
deepdetect,iris,CASIA-Iris-Thousand_impostor_193,679,595,9041,6636,23,16,0.6957,True,0.6957,False,False,2.3759
loftr,iris,CASIA-Iris-Thousand_impostor_194,173,358,622,622,622,102,0.1640,False,0.1586,False,True,2.1631
orb,iris,CASIA-Iris-Thousand_impostor_194,173,358,78,160,4,0,,False,,False,True,
sift,iris,CASIA-Iris-Thousand_impostor_194,173,358,40,41,3,0,,False,,False,True,
superglue,iris,CASIA-Iris-Thousand_impostor_194,173,358,505,647,27,12,0.4444,False,0.4346,False,True,1.7573
sgmnet,iris,CASIA-Iris-Thousand_impostor_194,173,358,1509,2035,68,16,0.2353,False,0.2347,False,True,1.1566
aspanformer,iris,CASIA-Iris-Thousand_impostor_194,173,358,270,270,270,98,0.3630,False,0.3474,False,True,2.3774
deepdetect,iris,CASIA-Iris-Thousand_impostor_194,173,358,12849,8561,7,6,0.8571,True,0.8571,False,False,0.3895
loftr,iris,CASIA-Iris-Thousand_impostor_195,715,447,953,953,953,175,0.1836,False,0.1719,False,True,2.8254
orb,iris,CASIA-Iris-Thousand_impostor_195,715,447,403,198,26,11,0.4231,False,0.4080,False,True,1.9661
sift,iris,CASIA-Iris-Thousand_impostor_195,715,447,73,53,9,0,,False,,False,True,
superglue,iris,CASIA-Iris-Thousand_impostor_195,715,447,624,652,83,27,0.3253,False,0.3095,False,True,2.4968
sgmnet,iris,CASIA-Iris-Thousand_impostor_195,715,447,2239,2074,112,13,0.1161,False,0.1153,False,True,1.3172
aspanformer,iris,CASIA-Iris-Thousand_impostor_195,715,447,500,500,500,227,0.4540,True,0.4343,False,False,2.3892
deepdetect,iris,CASIA-Iris-Thousand_impostor_195,715,447,8889,7317,25,19,0.7600,True,0.7600,False,False,1.1067
loftr,iris,CASIA-Iris-Thousand_impostor_196,910,080,452,452,452,93,0.2058,False,0.2005,False,True,2.0161
orb,iris,CASIA-Iris-Thousand_impostor_196,910,080,102,203,5,0,,False,,False,True,
sift,iris,CASIA-Iris-Thousand_impostor_196,910,080,39,53,2,0,,False,,False,True,
superglue,iris,CASIA-Iris-Thousand_impostor_196,910,080,453,636,54,28,0.5185,True,0.5038,False,False,2.0744
sgmnet,iris,CASIA-Iris-Thousand_impostor_196,910,080,1403,2105,173,21,0.1214,False,0.1203,False,True,1.6744
aspanformer,iris,CASIA-Iris-Thousand_impostor_196,910,080,371,371,371,135,0.3639,False,0.3639,False,True,1.4044
deepdetect,iris,CASIA-Iris-Thousand_impostor_196,910,080,10475,9077,5,0,,False,,False,True,
loftr,iris,CASIA-Iris-Thousand_impostor_197,215,170,408,408,408,54,0.1324,False,0.1308,False,True,1.7286
orb,iris,CASIA-Iris-Thousand_impostor_197,215,170,339,3,0,0,,False,,False,True,
sift,iris,CASIA-Iris-Thousand_impostor_197,215,170,56,11,0,0,,False,,False,True,
superglue,iris,CASIA-Iris-Thousand_impostor_197,215,170,594,562,0,0,,False,,False,True,
sgmnet,iris,CASIA-Iris-Thousand_impostor_197,215,170,2174,1847,79,9,0.1139,False,0.1112,False,True,1.1890
aspanformer,iris,CASIA-Iris-Thousand_impostor_197,215,170,206,206,206,52,0.2524,False,0.2373,False,True,2.7379
deepdetect,iris,CASIA-Iris-Thousand_impostor_197,215,170,8861,8891,10,0,,False,,False,True,
loftr,iris,CASIA-Iris-Thousand_impostor_198,793,861,163,163,163,18,0.1104,False,0.1077,False,True,1.9776
orb,iris,CASIA-Iris-Thousand_impostor_198,793,861,156,729,7,0,,False,,False,True,
sift,iris,CASIA-Iris-Thousand_impostor_198,793,861,44,120,2,0,,False,,False,True,
superglue,iris,CASIA-Iris-Thousand_impostor_198,793,861,562,554,3,0,,False,,False,True,
sgmnet,iris,CASIA-Iris-Thousand_impostor_198,793,861,1580,1959,55,16,0.2909,False,0.2902,False,True,1.2592
aspanformer,iris,CASIA-Iris-Thousand_impostor_198,793,861,100,100,100,35,0.3500,False,0.3468,False,True,1.6853
deepdetect,iris,CASIA-Iris-Thousand_impostor_198,793,861,7099,9126,2,0,,False,,False,True,
loftr,iris,CASIA-Iris-Thousand_impostor_199,154,980,750,750,750,159,0.2120,False,0.2008,False,True,2.5883
orb,iris,CASIA-Iris-Thousand_impostor_199,154,980,226,190,19,0,,False,,False,True,
sift,iris,CASIA-Iris-Thousand_impostor_199,154,980,47,36,3,0,,False,,False,True,
superglue,iris,CASIA-Iris-Thousand_impostor_199,154,980,657,670,65,23,0.3538,False,0.3336,False,True,2.6731
sgmnet,iris,CASIA-Iris-Thousand_impostor_199,154,980,1965,2269,111,11,0.0991,False,0.0978,False,True,1.4860
aspanformer,iris,CASIA-Iris-Thousand_impostor_199,154,980,158,158,158,74,0.4684,True,0.4577,False,False,1.9591
deepdetect,iris,CASIA-Iris-Thousand_impostor_199,154,980,8272,5839,20,11,0.5500,True,0.5500,False,False,1.7203
loftr,iris,CASIA-Iris-Thousand_impostor_200,691,658,148,148,148,14,0.0946,False,0.0890,False,True,2.6268
orb,iris,CASIA-Iris-Thousand_impostor_200,691,658,166,126,4,4,1.0000,True,0.9165,False,False,0.0000
sift,iris,CASIA-Iris-Thousand_impostor_200,691,658,96,24,11,0,,False,,False,True,
superglue,iris,CASIA-Iris-Thousand_impostor_200,691,658,256,693,26,9,0.3462,False,0.3318,False,True,1.8653
sgmnet,iris,CASIA-Iris-Thousand_impostor_200,691,658,1085,2098,19,6,0.3158,False,0.2988,False,True,0.1161
aspanformer,iris,CASIA-Iris-Thousand_impostor_200,691,658,287,287,287,107,0.3728,False,0.3509,False,True,2.7112
deepdetect,iris,CASIA-Iris-Thousand_impostor_200,691,658,7975,4634,16,11,0.6875,True,0.6875,False,False,1.5871
loftr,iris,CASIA-Iris-Thousand_impostor_201,857,059,866,866,866,151,0.1744,False,0.1663,False,True,2.4412
orb,iris,CASIA-Iris-Thousand_impostor_201,857,059,163,223,14,0,,False,,False,True,
sift,iris,CASIA-Iris-Thousand_impostor_201,857,059,43,43,5,0,,False,,False,True,
superglue,iris,CASIA-Iris-Thousand_impostor_201,857,059,579,644,66,22,0.3333,False,0.3215,False,True,2.2180
sgmnet,iris,CASIA-Iris-Thousand_impostor_201,857,059,2056,2334,154,19,0.1234,False,0.1225,False,True,1.6173
aspanformer,iris,CASIA-Iris-Thousand_impostor_201,857,059,309,309,309,160,0.5178,True,0.5092,False,False,1.8364
deepdetect,iris,CASIA-Iris-Thousand_impostor_201,857,059,9186,7891,21,20,0.9524,True,0.9524,False,False,0.7557
loftr,iris,CASIA-Iris-Thousand_impostor_202,853,000,315,315,315,23,0.0730,False,0.0710,False,True,2.0671
orb,iris,CASIA-Iris-Thousand_impostor_202,853,000,361,157,9,0,,False,,False,True,
sift,iris,CASIA-Iris-Thousand_impostor_202,853,000,77,28,1,0,,False,,False,True,
superglue,iris,CASIA-Iris-Thousand_impostor_202,853,000,686,621,12,8,0.6667,True,0.6405,False,False,1.6557
sgmnet,iris,CASIA-Iris-Thousand_impostor_202,853,000,2508,2364,200,18,0.0900,False,0.0899,False,True,1.2021
aspanformer,iris,CASIA-Iris-Thousand_impostor_202,853,000,212,212,212,58,0.2736,False,0.2591,False,True,2.5857
deepdetect,iris,CASIA-Iris-Thousand_impostor_202,853,000,8519,7566,25,0,,False,,False,True,
loftr,iris,CASIA-Iris-Thousand_impostor_203,674,457,621,621,621,85,0.1369,False,0.1369,False,True,1.4253
orb,iris,CASIA-Iris-Thousand_impostor_203,674,457,112,126,3,0,,False,,False,True,
sift,iris,CASIA-Iris-Thousand_impostor_203,674,457,22,95,0,0,,False,,False,True,
superglue,iris,CASIA-Iris-Thousand_impostor_203,674,457,734,590,6,5,0.8333,True,0.7768,False,False,0.5456
sgmnet,iris,CASIA-Iris-Thousand_impostor_203,674,457,2383,2664,85,9,0.1059,False,0.1034,False,True,0.9012
aspanformer,iris,CASIA-Iris-Thousand_impostor_203,674,457,456,456,456,142,0.3114,False,0.2997,False,True,2.2652
deepdetect,iris,CASIA-Iris-Thousand_impostor_203,674,457,6963,13072,3,0,,False,,False,True,
loftr,iris,CASIA-Iris-Thousand_impostor_204,173,142,413,413,413,45,0.1090,False,0.1055,False,True,2.1454
orb,iris,CASIA-Iris-Thousand_impostor_204,173,142,194,299,12,8,0.6667,True,0.6455,False,False,1.2987
sift,iris,CASIA-Iris-Thousand_impostor_204,173,142,59,61,0,0,,False,,False,True,
superglue,iris,CASIA-Iris-Thousand_impostor_204,173,142,569,642,8,5,0.6250,True,0.5826,False,False,0.6740
sgmnet,iris,CASIA-Iris-Thousand_impostor_204,173,142,1384,2177,14,6,0.4286,True,0.4055,False,False,1.2303
aspanformer,iris,CASIA-Iris-Thousand_impostor_204,173,142,172,172,172,42,0.2442,False,0.2379,False,True,2.0197
deepdetect,iris,CASIA-Iris-Thousand_impostor_204,173,142,11220,6376,78,0,,False,,False,True,
loftr,iris,CASIA-Iris-Thousand_impostor_205,089,075,399,399,399,41,0.1028,False,0.1003,False,True,1.9748
orb,iris,CASIA-Iris-Thousand_impostor_205,089,075,143,202,9,0,,False,,False,True,
sift,iris,CASIA-Iris-Thousand_impostor_205,089,075,27,33,1,0,,False,,False,True,
superglue,iris,CASIA-Iris-Thousand_impostor_205,089,075,619,580,0,0,,False,,False,True,
sgmnet,iris,CASIA-Iris-Thousand_impostor_205,089,075,1929,2326,117,12,0.1026,False,0.1016,False,True,0.9934
aspanformer,iris,CASIA-Iris-Thousand_impostor_205,089,075,192,192,192,56,0.2917,False,0.2869,False,True,1.8272
deepdetect,iris,CASIA-Iris-Thousand_impostor_205,089,075,8610,8289,1,0,,False,,False,True,
loftr,iris,CASIA-Iris-Thousand_impostor_206,851,706,489,489,489,57,0.1166,False,0.1097,False,True,2.7051
orb,iris,CASIA-Iris-Thousand_impostor_206,851,706,265,196,14,0,,False,,False,True,
sift,iris,CASIA-Iris-Thousand_impostor_206,851,706,49,73,6,0,,False,,False,True,
superglue,iris,CASIA-Iris-Thousand_impostor_206,851,706,656,645,58,15,0.2586,False,0.2416,False,True,2.7918
sgmnet,iris,CASIA-Iris-Thousand_impostor_206,851,706,2340,2074,58,7,0.1207,False,0.1157,False,True,1.2205
aspanformer,iris,CASIA-Iris-Thousand_impostor_206,851,706,182,182,182,56,0.3077,False,0.2984,False,True,2.1139
deepdetect,iris,CASIA-Iris-Thousand_impostor_206,851,706,7331,8582,4,0,,False,,False,True,
loftr,iris,CASIA-Iris-Thousand_impostor_207,297,043,600,600,600,116,0.1933,False,0.1849,False,True,2.3884
orb,iris,CASIA-Iris-Thousand_impostor_207,297,043,116,293,13,7,0.5385,True,0.5160,False,False,1.0326
sift,iris,CASIA-Iris-Thousand_impostor_207,297,043,14,45,0,0,,False,,False,True,
superglue,iris,CASIA-Iris-Thousand_impostor_207,297,043,372,690,132,42,0.3182,False,0.2976,False,True,2.8380
sgmnet,iris,CASIA-Iris-Thousand_impostor_207,297,043,1367,2164,97,11,0.1134,False,0.1119,False,True,1.5053
aspanformer,iris,CASIA-Iris-Thousand_impostor_207,297,043,546,546,546,243,0.4451,True,0.4273,False,False,2.3154
deepdetect,iris,CASIA-Iris-Thousand_impostor_207,297,043,4370,7286,2,0,,False,,False,True,
loftr,iris,CASIA-Iris-Thousand_impostor_208,513,903,437,437,437,45,0.1030,False,0.0983,False,True,2.4322
orb,iris,CASIA-Iris-Thousand_impostor_208,513,903,40,416,3,0,,False,,False,True,
sift,iris,CASIA-Iris-Thousand_impostor_208,513,903,19,49,4,0,,False,,False,True,
superglue,iris,CASIA-Iris-Thousand_impostor_208,513,903,615,626,5,5,1.0000,True,0.9322,False,False,0.3497
sgmnet,iris,CASIA-Iris-Thousand_impostor_208,513,903,1984,2389,82,13,0.1585,False,0.1574,False,True,1.3541
aspanformer,iris,CASIA-Iris-Thousand_impostor_208,513,903,253,253,253,76,0.3004,False,0.2983,False,True,1.6374
deepdetect,iris,CASIA-Iris-Thousand_impostor_208,513,903,10687,6831,31,17,0.5484,True,0.5484,False,False,1.5492
loftr,iris,CASIA-Iris-Thousand_impostor_209,991,326,708,708,708,108,0.1525,False,0.1443,False,True,2.6069
orb,iris,CASIA-Iris-Thousand_impostor_209,991,326,140,32,18,9,0.5000,False,0.0450,False,True,49.1955
sift,iris,CASIA-Iris-Thousand_impostor_209,991,326,14,23,2,0,,False,,False,True,
superglue,iris,CASIA-Iris-Thousand_impostor_209,991,326,608,584,81,21,0.2593,False,0.2458,False,True,2.5533
sgmnet,iris,CASIA-Iris-Thousand_impostor_209,991,326,1855,1763,56,7,0.1250,False,0.1198,False,True,0.8261
aspanformer,iris,CASIA-Iris-Thousand_impostor_209,991,326,482,482,482,202,0.4191,True,0.4013,False,False,2.3661
deepdetect,iris,CASIA-Iris-Thousand_impostor_209,991,326,7649,8832,10,9,0.9000,True,0.9000,False,False,0.3327
loftr,iris,CASIA-Iris-Thousand_impostor_210,465,090,517,517,517,121,0.2340,False,0.2218,False,True,2.5758
orb,iris,CASIA-Iris-Thousand_impostor_210,465,090,160,117,4,0,,False,,False,True,
sift,iris,CASIA-Iris-Thousand_impostor_210,465,090,78,8,23,0,,False,,False,True,
superglue,iris,CASIA-Iris-Thousand_impostor_210,465,090,545,467,66,21,0.3182,False,0.3007,False,True,2.6173
sgmnet,iris,CASIA-Iris-Thousand_impostor_210,465,090,1951,1751,36,0,,False,,False,True,
aspanformer,iris,CASIA-Iris-Thousand_impostor_210,465,090,531,531,531,303,0.5706,True,0.5558,False,False,2.0256
deepdetect,iris,CASIA-Iris-Thousand_impostor_210,465,090,10807,7288,6,0,,False,,False,True,
loftr,iris,CASIA-Iris-Thousand_impostor_211,428,623,797,797,797,115,0.1443,False,0.1390,False,True,2.2462
orb,iris,CASIA-Iris-Thousand_impostor_211,428,623,209,3,0,0,,False,,False,True,
sift,iris,CASIA-Iris-Thousand_impostor_211,428,623,42,15,1,0,,False,,False,True,
superglue,iris,CASIA-Iris-Thousand_impostor_211,428,623,633,629,7,4,0.5714,True,0.5237,False,False,0.0000
sgmnet,iris,CASIA-Iris-Thousand_impostor_211,428,623,2351,1842,45,7,0.1556,False,0.1491,False,True,0.9249
aspanformer,iris,CASIA-Iris-Thousand_impostor_211,428,623,276,276,276,86,0.3116,False,0.3073,False,True,1.7758
deepdetect,iris,CASIA-Iris-Thousand_impostor_211,428,623,8342,10079,8,7,0.8750,True,0.8750,False,False,1.3103
loftr,iris,CASIA-Iris-Thousand_impostor_212,971,579,189,189,189,40,0.2116,False,0.2023,False,True,2.3995
orb,iris,CASIA-Iris-Thousand_impostor_212,971,579,262,123,17,0,,False,,False,True,
sift,iris,CASIA-Iris-Thousand_impostor_212,971,579,33,33,3,0,,False,,False,True,
superglue,iris,CASIA-Iris-Thousand_impostor_212,971,579,562,276,32,15,0.4688,True,0.4548,False,False,2.0328
sgmnet,iris,CASIA-Iris-Thousand_impostor_212,971,579,2477,1439,28,9,0.3214,False,0.3138,False,True,1.1206
aspanformer,iris,CASIA-Iris-Thousand_impostor_212,971,579,200,200,200,104,0.5200,True,0.5028,False,False,2.1719
deepdetect,iris,CASIA-Iris-Thousand_impostor_212,971,579,6389,7198,11,0,,False,,False,True,
loftr,iris,CASIA-Iris-Thousand_impostor_213,041,220,771,771,771,150,0.1946,False,0.1910,False,True,1.8690
orb,iris,CASIA-Iris-Thousand_impostor_213,041,220,132,57,15,0,,False,,False,True,
sift,iris,CASIA-Iris-Thousand_impostor_213,041,220,47,31,2,0,,False,,False,True,
superglue,iris,CASIA-Iris-Thousand_impostor_213,041,220,546,563,60,19,0.3167,False,0.3031,False,True,2.3553
sgmnet,iris,CASIA-Iris-Thousand_impostor_213,041,220,1989,2216,207,15,0.0725,False,0.0722,False,True,1.2994
aspanformer,iris,CASIA-Iris-Thousand_impostor_213,041,220,490,490,490,201,0.4102,False,0.3905,False,True,2.4836
deepdetect,iris,CASIA-Iris-Thousand_impostor_213,041,220,10682,7715,11,6,0.5455,True,0.5455,False,False,1.7277
loftr,iris,CASIA-Iris-Thousand_impostor_214,232,369,391,391,391,35,0.0895,False,0.0859,False,True,2.3173
orb,iris,CASIA-Iris-Thousand_impostor_214,232,369,338,366,11,0,,False,,False,True,
sift,iris,CASIA-Iris-Thousand_impostor_214,232,369,61,139,3,0,,False,,False,True,
superglue,iris,CASIA-Iris-Thousand_impostor_214,232,369,747,682,7,6,0.8571,True,0.8110,False,False,0.6762
sgmnet,iris,CASIA-Iris-Thousand_impostor_214,232,369,2220,1727,37,7,0.1892,False,0.1813,False,True,0.8956
aspanformer,iris,CASIA-Iris-Thousand_impostor_214,232,369,174,174,174,48,0.2759,False,0.2630,False,True,2.4549
deepdetect,iris,CASIA-Iris-Thousand_impostor_214,232,369,7857,14634,6,4,0.6667,True,0.6667,False,False,0.0000
loftr,iris,CASIA-Iris-Thousand_impostor_215,983,207,468,468,468,75,0.1603,False,0.1548,False,True,2.1949
orb,iris,CASIA-Iris-Thousand_impostor_215,983,207,187,38,6,0,,False,,False,True,
sift,iris,CASIA-Iris-Thousand_impostor_215,983,207,43,13,2,0,,False,,False,True,
superglue,iris,CASIA-Iris-Thousand_impostor_215,983,207,742,518,4,4,1.0000,True,0.9165,False,False,0.0000
sgmnet,iris,CASIA-Iris-Thousand_impostor_215,983,207,2469,1753,86,11,0.1279,False,0.1262,False,True,1.3036
aspanformer,iris,CASIA-Iris-Thousand_impostor_215,983,207,125,125,125,53,0.4240,True,0.4146,False,False,1.9499
deepdetect,iris,CASIA-Iris-Thousand_impostor_215,983,207,12658,8754,11,8,0.7273,True,0.7273,False,False,0.4850
loftr,iris,CASIA-Iris-Thousand_impostor_216,863,718,762,762,762,98,0.1286,False,0.1268,False,True,1.7795
orb,iris,CASIA-Iris-Thousand_impostor_216,863,718,584,83,55,0,,False,,False,True,
sift,iris,CASIA-Iris-Thousand_impostor_216,863,718,241,20,22,0,,False,,False,True,
superglue,iris,CASIA-Iris-Thousand_impostor_216,863,718,671,568,2,0,,False,,False,True,
sgmnet,iris,CASIA-Iris-Thousand_impostor_216,863,718,3216,1839,47,11,0.2340,False,0.2310,False,True,1.3380
aspanformer,iris,CASIA-Iris-Thousand_impostor_216,863,718,375,375,375,108,0.2880,False,0.2779,False,True,2.2127
deepdetect,iris,CASIA-Iris-Thousand_impostor_216,863,718,9405,10499,2,0,,False,,False,True,
loftr,iris,CASIA-Iris-Thousand_impostor_217,127,951,280,280,280,29,0.1036,False,0.1001,False,True,2.1758
orb,iris,CASIA-Iris-Thousand_impostor_217,127,951,90,136,14,0,,False,,False,True,
sift,iris,CASIA-Iris-Thousand_impostor_217,127,951,34,44,4,0,,False,,False,True,
superglue,iris,CASIA-Iris-Thousand_impostor_217,127,951,483,638,30,14,0.4667,False,0.4430,False,True,2.4397
sgmnet,iris,CASIA-Iris-Thousand_impostor_217,127,951,1504,2360,38,12,0.3158,False,0.3117,False,True,1.5702
aspanformer,iris,CASIA-Iris-Thousand_impostor_217,127,951,177,177,177,63,0.3559,False,0.3538,False,True,1.6186
deepdetect,iris,CASIA-Iris-Thousand_impostor_217,127,951,11080,6678,45,33,0.7333,True,0.7333,False,False,1.5596
loftr,iris,CASIA-Iris-Thousand_impostor_218,918,600,534,534,534,62,0.1161,False,0.1122,False,True,2.1790
orb,iris,CASIA-Iris-Thousand_impostor_218,918,600,70,354,6,0,,False,,False,True,
sift,iris,CASIA-Iris-Thousand_impostor_218,918,600,25,72,0,0,,False,,False,True,
superglue,iris,CASIA-Iris-Thousand_impostor_218,918,600,637,571,0,0,,False,,False,True,
sgmnet,iris,CASIA-Iris-Thousand_impostor_218,918,600,2538,2077,107,16,0.1495,False,0.1491,False,True,1.3914
aspanformer,iris,CASIA-Iris-Thousand_impostor_218,918,600,354,354,354,118,0.3333,False,0.3213,False,True,2.2329
deepdetect,iris,CASIA-Iris-Thousand_impostor_218,918,600,7737,8389,7,0,,False,,False,True,
loftr,iris,CASIA-Iris-Thousand_impostor_219,726,655,391,391,391,48,0.1228,False,0.1185,False,True,2.2011
orb,iris,CASIA-Iris-Thousand_impostor_219,726,655,126,51,13,0,,False,,False,True,
sift,iris,CASIA-Iris-Thousand_impostor_219,726,655,41,29,0,0,,False,,False,True,
superglue,iris,CASIA-Iris-Thousand_impostor_219,726,655,600,565,16,8,0.5000,True,0.4841,False,False,1.2438
sgmnet,iris,CASIA-Iris-Thousand_impostor_219,726,655,1886,1685,76,10,0.1316,False,0.1293,False,True,1.2305
aspanformer,iris,CASIA-Iris-Thousand_impostor_219,726,655,121,121,121,47,0.3884,False,0.3750,False,True,2.2025
deepdetect,iris,CASIA-Iris-Thousand_impostor_219,726,655,9183,11006,5,0,,False,,False,True,
loftr,iris,CASIA-Iris-Thousand_impostor_220,931,302,612,612,612,71,0.1160,False,0.1100,False,True,2.5666
orb,iris,CASIA-Iris-Thousand_impostor_220,931,302,181,45,18,0,,False,,False,True,
sift,iris,CASIA-Iris-Thousand_impostor_220,931,302,59,12,3,0,,False,,False,True,
superglue,iris,CASIA-Iris-Thousand_impostor_220,931,302,606,596,68,27,0.3971,False,0.3728,False,True,2.7582
sgmnet,iris,CASIA-Iris-Thousand_impostor_220,931,302,2283,2262,129,16,0.1240,False,0.1237,False,True,1.3509
aspanformer,iris,CASIA-Iris-Thousand_impostor_220,931,302,352,352,352,132,0.3750,False,0.3662,False,True,1.9741
deepdetect,iris,CASIA-Iris-Thousand_impostor_220,931,302,7333,9114,10,7,0.7000,True,0.7000,False,False,0.3180
loftr,iris,CASIA-Iris-Thousand_impostor_221,372,441,842,842,842,156,0.1853,False,0.1772,False,True,2.3954
orb,iris,CASIA-Iris-Thousand_impostor_221,372,441,250,337,18,0,,False,,False,True,
sift,iris,CASIA-Iris-Thousand_impostor_221,372,441,66,140,5,0,,False,,False,True,
superglue,iris,CASIA-Iris-Thousand_impostor_221,372,441,593,610,50,19,0.3800,False,0.3609,False,True,2.5120
sgmnet,iris,CASIA-Iris-Thousand_impostor_221,372,441,2039,2351,159,12,0.0755,False,0.0748,False,True,1.3112
aspanformer,iris,CASIA-Iris-Thousand_impostor_221,372,441,518,518,518,244,0.4710,True,0.4630,False,False,1.8425
deepdetect,iris,CASIA-Iris-Thousand_impostor_221,372,441,7465,8476,3,0,,False,,False,True,
loftr,iris,CASIA-Iris-Thousand_impostor_222,682,105,264,264,264,81,0.3068,False,0.2880,False,True,2.7649
orb,iris,CASIA-Iris-Thousand_impostor_222,682,105,297,76,26,0,,False,,False,True,
sift,iris,CASIA-Iris-Thousand_impostor_222,682,105,46,25,3,0,,False,,False,True,
superglue,iris,CASIA-Iris-Thousand_impostor_222,682,105,559,139,41,19,0.4634,False,0.4466,False,True,2.2215
sgmnet,iris,CASIA-Iris-Thousand_impostor_222,682,105,1849,729,11,7,0.6364,True,0.6098,False,False,0.8580
aspanformer,iris,CASIA-Iris-Thousand_impostor_222,682,105,471,471,471,227,0.4820,True,0.4596,False,False,2.4496
deepdetect,iris,CASIA-Iris-Thousand_impostor_222,682,105,8335,4596,7,0,,False,,False,True,
loftr,iris,CASIA-Iris-Thousand_impostor_223,457,801,219,219,219,32,0.1461,False,0.1392,False,True,2.4703
orb,iris,CASIA-Iris-Thousand_impostor_223,457,801,126,468,3,0,,False,,False,True,
sift,iris,CASIA-Iris-Thousand_impostor_223,457,801,95,73,0,0,,False,,False,True,
superglue,iris,CASIA-Iris-Thousand_impostor_223,457,801,590,618,6,5,0.8333,True,0.7768,False,False,0.6682
sgmnet,iris,CASIA-Iris-Thousand_impostor_223,457,801,2664,2226,106,9,0.0849,False,0.0829,False,True,1.1430
aspanformer,iris,CASIA-Iris-Thousand_impostor_223,457,801,58,58,58,20,0.3448,False,0.3418,False,True,1.6605
deepdetect,iris,CASIA-Iris-Thousand_impostor_223,457,801,13072,6702,10,0,,False,,False,True,
loftr,iris,CASIA-Iris-Thousand_impostor_224,430,677,735,735,735,100,0.1361,False,0.1293,False,True,2.5178
orb,iris,CASIA-Iris-Thousand_impostor_224,430,677,139,132,6,0,,False,,False,True,
sift,iris,CASIA-Iris-Thousand_impostor_224,430,677,23,37,1,0,,False,,False,True,
superglue,iris,CASIA-Iris-Thousand_impostor_224,430,677,684,609,8,5,0.6250,True,0.5826,False,False,0.9173
sgmnet,iris,CASIA-Iris-Thousand_impostor_224,430,677,2316,2058,68,10,0.1471,False,0.1445,False,True,1.3907
aspanformer,iris,CASIA-Iris-Thousand_impostor_224,430,677,339,339,339,140,0.4130,False,0.3949,False,True,2.3942
deepdetect,iris,CASIA-Iris-Thousand_impostor_224,430,677,6453,11141,8,8,1.0000,True,1.0000,False,False,1.0908
loftr,iris,CASIA-Iris-Thousand_impostor_225,259,037,194,194,194,20,0.1031,False,0.0991,False,True,2.2806
orb,iris,CASIA-Iris-Thousand_impostor_225,259,037,122,233,7,0,,False,,False,True,
sift,iris,CASIA-Iris-Thousand_impostor_225,259,037,30,77,1,0,,False,,False,True,
superglue,iris,CASIA-Iris-Thousand_impostor_225,259,037,599,611,1,0,,False,,False,True,
sgmnet,iris,CASIA-Iris-Thousand_impostor_225,259,037,1886,1917,83,11,0.1325,False,0.1308,False,True,1.0487
aspanformer,iris,CASIA-Iris-Thousand_impostor_225,259,037,134,134,134,46,0.3433,False,0.3337,False,True,2.0634
deepdetect,iris,CASIA-Iris-Thousand_impostor_225,259,037,8234,9131,11,0,,False,,False,True,
loftr,iris,CASIA-Iris-Thousand_impostor_226,766,563,700,700,700,113,0.1614,False,0.1529,False,True,2.5918
orb,iris,CASIA-Iris-Thousand_impostor_226,766,563,205,269,7,0,,False,,False,True,
sift,iris,CASIA-Iris-Thousand_impostor_226,766,563,47,57,3,0,,False,,False,True,
superglue,iris,CASIA-Iris-Thousand_impostor_226,766,563,615,648,59,22,0.3729,False,0.3658,False,True,1.8784
sgmnet,iris,CASIA-Iris-Thousand_impostor_226,766,563,2787,2474,200,16,0.0800,False,0.0786,False,True,1.7972
aspanformer,iris,CASIA-Iris-Thousand_impostor_226,766,563,452,452,452,246,0.5442,True,0.5313,False,False,1.9805
deepdetect,iris,CASIA-Iris-Thousand_impostor_226,766,563,7470,7891,10,8,0.8000,True,0.8000,False,False,1.1664
loftr,iris,CASIA-Iris-Thousand_impostor_227,307,328,275,275,275,34,0.1236,False,0.1176,False,True,2.4977
orb,iris,CASIA-Iris-Thousand_impostor_227,307,328,28,128,2,0,,False,,False,True,
sift,iris,CASIA-Iris-Thousand_impostor_227,307,328,16,32,1,0,,False,,False,True,
superglue,iris,CASIA-Iris-Thousand_impostor_227,307,328,489,513,5,0,,False,,False,True,
sgmnet,iris,CASIA-Iris-Thousand_impostor_227,307,328,1766,1670,166,12,0.0723,False,0.0716,False,True,1.0793
aspanformer,iris,CASIA-Iris-Thousand_impostor_227,307,328,243,243,243,78,0.3210,False,0.3084,False,True,2.3028
deepdetect,iris,CASIA-Iris-Thousand_impostor_227,307,328,10405,5984,47,38,0.8085,True,0.8085,False,False,1.9877
loftr,iris,CASIA-Iris-Thousand_impostor_228,229,665,695,695,695,109,0.1568,False,0.1480,False,True,2.6546
orb,iris,CASIA-Iris-Thousand_impostor_228,229,665,228,195,11,0,,False,,False,True,
sift,iris,CASIA-Iris-Thousand_impostor_228,229,665,40,45,3,0,,False,,False,True,
superglue,iris,CASIA-Iris-Thousand_impostor_228,229,665,671,573,1,0,,False,,False,True,
sgmnet,iris,CASIA-Iris-Thousand_impostor_228,229,665,2207,2127,70,8,0.1143,False,0.1107,False,True,0.9242
aspanformer,iris,CASIA-Iris-Thousand_impostor_228,229,665,340,340,340,135,0.3971,False,0.3877,False,True,1.9768
deepdetect,iris,CASIA-Iris-Thousand_impostor_228,229,665,7231,6298,23,10,0.4348,True,0.4348,False,False,1.5408
loftr,iris,CASIA-Iris-Thousand_impostor_229,908,053,237,237,237,26,0.1097,False,0.1060,False,True,2.1801
orb,iris,CASIA-Iris-Thousand_impostor_229,908,053,131,64,10,0,,False,,False,True,
sift,iris,CASIA-Iris-Thousand_impostor_229,908,053,41,25,1,0,,False,,False,True,
superglue,iris,CASIA-Iris-Thousand_impostor_229,908,053,572,609,2,0,,False,,False,True,
sgmnet,iris,CASIA-Iris-Thousand_impostor_229,908,053,1757,2228,74,9,0.1216,False,0.1187,False,True,1.0820
aspanformer,iris,CASIA-Iris-Thousand_impostor_229,908,053,106,106,106,28,0.2642,False,0.2615,False,True,1.7026
deepdetect,iris,CASIA-Iris-Thousand_impostor_229,908,053,10889,4623,16,15,0.9375,True,0.9375,False,False,1.6251
loftr,iris,CASIA-Iris-Thousand_impostor_230,959,766,725,725,725,79,0.1090,False,0.1023,False,True,2.7647
orb,iris,CASIA-Iris-Thousand_impostor_230,959,766,156,79,7,0,,False,,False,True,
sift,iris,CASIA-Iris-Thousand_impostor_230,959,766,25,38,4,0,,False,,False,True,
superglue,iris,CASIA-Iris-Thousand_impostor_230,959,766,639,643,0,0,,False,,False,True,
sgmnet,iris,CASIA-Iris-Thousand_impostor_230,959,766,2146,2386,155,13,0.0839,False,0.0833,False,True,1.2648
aspanformer,iris,CASIA-Iris-Thousand_impostor_230,959,766,412,412,412,201,0.4879,True,0.4699,False,False,2.2500
deepdetect,iris,CASIA-Iris-Thousand_impostor_230,959,766,8092,9771,7,7,1.0000,True,1.0000,False,False,0.3646
loftr,iris,CASIA-Iris-Thousand_impostor_231,934,579,779,779,779,190,0.2439,False,0.2329,False,True,2.4191
orb,iris,CASIA-Iris-Thousand_impostor_231,934,579,109,1,0,0,,False,,False,True,
sift,iris,CASIA-Iris-Thousand_impostor_231,934,579,22,3,3,0,,False,,False,True,
superglue,iris,CASIA-Iris-Thousand_impostor_231,934,579,629,553,117,38,0.3248,False,0.3111,False,True,2.3614
sgmnet,iris,CASIA-Iris-Thousand_impostor_231,934,579,2207,2015,258,20,0.0775,False,0.0775,False,True,1.3363
aspanformer,iris,CASIA-Iris-Thousand_impostor_231,934,579,662,662,662,290,0.4381,True,0.4168,False,False,2.4934
deepdetect,iris,CASIA-Iris-Thousand_impostor_231,934,579,8663,8694,8,7,0.8750,True,0.8750,False,False,2.0924
loftr,iris,CASIA-Iris-Thousand_impostor_232,154,770,878,878,878,122,0.1390,False,0.1320,False,True,2.5197
orb,iris,CASIA-Iris-Thousand_impostor_232,154,770,110,133,9,0,,False,,False,True,
sift,iris,CASIA-Iris-Thousand_impostor_232,154,770,39,56,2,0,,False,,False,True,
superglue,iris,CASIA-Iris-Thousand_impostor_232,154,770,620,640,10,0,,False,,False,True,
sgmnet,iris,CASIA-Iris-Thousand_impostor_232,154,770,2075,2430,83,9,0.1084,False,0.1058,False,True,0.5738
aspanformer,iris,CASIA-Iris-Thousand_impostor_232,154,770,606,606,606,236,0.3894,False,0.3784,False,True,2.0766
deepdetect,iris,CASIA-Iris-Thousand_impostor_232,154,770,8844,8282,31,27,0.8710,True,0.8710,False,False,0.6580
loftr,iris,CASIA-Iris-Thousand_impostor_233,293,496,669,669,669,84,0.1256,False,0.1195,False,True,2.4874
orb,iris,CASIA-Iris-Thousand_impostor_233,293,496,110,128,11,0,,False,,False,True,
sift,iris,CASIA-Iris-Thousand_impostor_233,293,496,24,37,5,0,,False,,False,True,
superglue,iris,CASIA-Iris-Thousand_impostor_233,293,496,575,627,30,14,0.4667,False,0.4444,False,True,2.3761
sgmnet,iris,CASIA-Iris-Thousand_impostor_233,293,496,1623,2170,42,7,0.1667,False,0.1597,False,True,1.2960
aspanformer,iris,CASIA-Iris-Thousand_impostor_233,293,496,305,305,305,112,0.3672,False,0.3607,False,True,1.8598
deepdetect,iris,CASIA-Iris-Thousand_impostor_233,293,496,7971,9598,7,0,,False,,False,True,
loftr,iris,CASIA-Iris-Thousand_impostor_234,092,227,385,385,385,48,0.1247,False,0.1164,False,True,2.8676
orb,iris,CASIA-Iris-Thousand_impostor_234,092,227,136,285,6,0,,False,,False,True,
sift,iris,CASIA-Iris-Thousand_impostor_234,092,227,71,39,3,0,,False,,False,True,
superglue,iris,CASIA-Iris-Thousand_impostor_234,092,227,560,574,8,7,0.8750,True,0.8371,False,False,1.5324
sgmnet,iris,CASIA-Iris-Thousand_impostor_234,092,227,2178,2321,191,16,0.0838,False,0.0830,False,True,1.6309
aspanformer,iris,CASIA-Iris-Thousand_impostor_234,092,227,185,185,185,69,0.3730,False,0.3730,False,True,1.4466
deepdetect,iris,CASIA-Iris-Thousand_impostor_234,092,227,10764,7802,10,0,,False,,False,True,
loftr,iris,CASIA-Iris-Thousand_impostor_235,820,654,571,571,571,66,0.1156,False,0.1082,False,True,2.8175
orb,iris,CASIA-Iris-Thousand_impostor_235,820,654,69,111,7,0,,False,,False,True,
sift,iris,CASIA-Iris-Thousand_impostor_235,820,654,19,24,3,0,,False,,False,True,
superglue,iris,CASIA-Iris-Thousand_impostor_235,820,654,618,605,27,10,0.3704,False,0.3542,False,True,2.0386
sgmnet,iris,CASIA-Iris-Thousand_impostor_235,820,654,2217,2466,179,15,0.0838,False,0.0835,False,True,1.3291
aspanformer,iris,CASIA-Iris-Thousand_impostor_235,820,654,257,257,257,113,0.4397,True,0.4276,False,False,2.0590
deepdetect,iris,CASIA-Iris-Thousand_impostor_235,820,654,6208,7156,7,7,1.0000,True,1.0000,False,False,1.3123
loftr,iris,CASIA-Iris-Thousand_impostor_236,283,660,422,422,422,48,0.1137,False,0.1082,False,True,2.4956
orb,iris,CASIA-Iris-Thousand_impostor_236,283,660,28,161,1,0,,False,,False,True,
sift,iris,CASIA-Iris-Thousand_impostor_236,283,660,8,64,1,0,,False,,False,True,
superglue,iris,CASIA-Iris-Thousand_impostor_236,283,660,500,616,0,0,,False,,False,True,
sgmnet,iris,CASIA-Iris-Thousand_impostor_236,283,660,1575,2138,50,7,0.1400,False,0.1342,False,True,0.4586
aspanformer,iris,CASIA-Iris-Thousand_impostor_236,283,660,81,81,81,30,0.3704,False,0.3683,False,True,1.6093
deepdetect,iris,CASIA-Iris-Thousand_impostor_236,283,660,6433,7349,18,14,0.7778,True,0.7778,False,False,1.0649
loftr,iris,CASIA-Iris-Thousand_impostor_237,878,263,622,622,622,62,0.0997,False,0.0953,False,True,2.4079
orb,iris,CASIA-Iris-Thousand_impostor_237,878,263,239,157,13,0,,False,,False,True,
sift,iris,CASIA-Iris-Thousand_impostor_237,878,263,45,32,3,0,,False,,False,True,
superglue,iris,CASIA-Iris-Thousand_impostor_237,878,263,633,599,5,4,0.8000,True,0.7332,False,False,0.0000
sgmnet,iris,CASIA-Iris-Thousand_impostor_237,878,263,2307,2129,72,0,,False,,False,True,
aspanformer,iris,CASIA-Iris-Thousand_impostor_237,878,263,287,287,287,106,0.3693,False,0.3607,False,True,1.9719
deepdetect,iris,CASIA-Iris-Thousand_impostor_237,878,263,7190,7651,14,10,0.7143,True,0.7143,False,False,2.0874
loftr,iris,CASIA-Iris-Thousand_impostor_238,161,448,705,705,705,128,0.1816,False,0.1726,False,True,2.5145
orb,iris,CASIA-Iris-Thousand_impostor_238,161,448,44,91,3,0,,False,,False,True,
sift,iris,CASIA-Iris-Thousand_impostor_238,161,448,16,12,2,0,,False,,False,True,
superglue,iris,CASIA-Iris-Thousand_impostor_238,161,448,583,606,17,10,0.5882,True,0.5617,False,False,2.0666
sgmnet,iris,CASIA-Iris-Thousand_impostor_238,161,448,2227,2059,76,10,0.1316,False,0.1293,False,True,1.0530
aspanformer,iris,CASIA-Iris-Thousand_impostor_238,161,448,815,815,815,372,0.4564,True,0.4444,False,False,2.0347
deepdetect,iris,CASIA-Iris-Thousand_impostor_238,161,448,9463,5925,9,6,0.6667,True,0.6667,False,False,0.2208
loftr,iris,CASIA-Iris-Thousand_impostor_239,519,316,840,840,840,162,0.1929,False,0.1871,False,True,2.1072
orb,iris,CASIA-Iris-Thousand_impostor_239,519,316,260,111,24,11,0.4583,True,0.4521,False,False,1.5103
sift,iris,CASIA-Iris-Thousand_impostor_239,519,316,56,22,6,0,,False,,False,True,
superglue,iris,CASIA-Iris-Thousand_impostor_239,519,316,736,610,101,28,0.2772,False,0.2671,False,True,2.2468
sgmnet,iris,CASIA-Iris-Thousand_impostor_239,519,316,2308,2043,104,10,0.0962,False,0.0945,False,True,0.8976
aspanformer,iris,CASIA-Iris-Thousand_impostor_239,519,316,740,740,740,316,0.4270,True,0.4020,False,False,2.7062
deepdetect,iris,CASIA-Iris-Thousand_impostor_239,519,316,7711,7506,16,10,0.6250,True,0.6250,False,False,2.0504
loftr,iris,CASIA-Iris-Thousand_impostor_240,062,570,166,166,166,23,0.1386,False,0.1319,False,True,2.4787
orb,iris,CASIA-Iris-Thousand_impostor_240,062,570,114,412,2,0,,False,,False,True,
sift,iris,CASIA-Iris-Thousand_impostor_240,062,570,92,62,3,0,,False,,False,True,
superglue,iris,CASIA-Iris-Thousand_impostor_240,062,570,526,649,16,9,0.5625,True,0.5383,False,False,1.8986
sgmnet,iris,CASIA-Iris-Thousand_impostor_240,062,570,2446,2194,106,12,0.1132,False,0.1121,False,True,1.1271
aspanformer,iris,CASIA-Iris-Thousand_impostor_240,062,570,119,119,119,37,0.3109,False,0.3000,False,True,2.2122
deepdetect,iris,CASIA-Iris-Thousand_impostor_240,062,570,11178,7851,9,8,0.8889,True,0.8889,False,False,0.2953
loftr,iris,CASIA-Iris-Thousand_impostor_241,771,399,464,464,464,61,0.1315,False,0.1239,False,True,2.6922
orb,iris,CASIA-Iris-Thousand_impostor_241,771,399,117,13,1,0,,False,,False,True,
sift,iris,CASIA-Iris-Thousand_impostor_241,771,399,45,17,4,4,1.0000,True,0.9165,False,False,0.0000
superglue,iris,CASIA-Iris-Thousand_impostor_241,771,399,515,558,17,8,0.4706,True,0.4556,False,False,1.0181
sgmnet,iris,CASIA-Iris-Thousand_impostor_241,771,399,1814,1807,84,9,0.1071,False,0.1046,False,True,0.6442
aspanformer,iris,CASIA-Iris-Thousand_impostor_241,771,399,602,602,602,314,0.5216,True,0.5047,False,False,2.1591
deepdetect,iris,CASIA-Iris-Thousand_impostor_241,771,399,10163,8651,2,0,,False,,False,True,
loftr,iris,CASIA-Iris-Thousand_impostor_242,917,861,906,906,906,184,0.2031,False,0.1910,False,True,2.7272
orb,iris,CASIA-Iris-Thousand_impostor_242,917,861,351,385,19,10,0.5263,True,0.5097,False,False,1.7852
sift,iris,CASIA-Iris-Thousand_impostor_242,917,861,64,47,8,0,,False,,False,True,
superglue,iris,CASIA-Iris-Thousand_impostor_242,917,861,651,556,72,29,0.4028,False,0.3825,False,True,2.5341
sgmnet,iris,CASIA-Iris-Thousand_impostor_242,917,861,2331,1885,412,65,0.1578,False,0.1552,False,True,1.8293
aspanformer,iris,CASIA-Iris-Thousand_impostor_242,917,861,627,627,627,235,0.3748,False,0.3605,False,True,2.2808
deepdetect,iris,CASIA-Iris-Thousand_impostor_242,917,861,6188,7663,15,11,0.7333,True,0.7333,False,False,1.0154
loftr,iris,CASIA-Iris-Thousand_impostor_243,820,563,540,540,540,70,0.1296,False,0.1213,False,True,2.8307
orb,iris,CASIA-Iris-Thousand_impostor_243,820,563,60,223,3,0,,False,,False,True,
sift,iris,CASIA-Iris-Thousand_impostor_243,820,563,23,52,5,0,,False,,False,True,
superglue,iris,CASIA-Iris-Thousand_impostor_243,820,563,573,605,3,0,,False,,False,True,
sgmnet,iris,CASIA-Iris-Thousand_impostor_243,820,563,2109,2045,148,12,0.0811,False,0.0803,False,True,1.2499
aspanformer,iris,CASIA-Iris-Thousand_impostor_243,820,563,264,264,264,76,0.2879,False,0.2823,False,True,1.8891
deepdetect,iris,CASIA-Iris-Thousand_impostor_243,820,563,9985,10430,4,4,1.0000,True,1.0000,False,False,0.0000
loftr,iris,CASIA-Iris-Thousand_impostor_244,230,825,892,892,892,162,0.1816,False,0.1761,False,True,2.1180
orb,iris,CASIA-Iris-Thousand_impostor_244,230,825,258,284,21,9,0.4286,False,0.4063,False,True,2.0860
sift,iris,CASIA-Iris-Thousand_impostor_244,230,825,71,223,1,0,,False,,False,True,
superglue,iris,CASIA-Iris-Thousand_impostor_244,230,825,576,614,147,44,0.2993,False,0.2781,False,True,2.9678
sgmnet,iris,CASIA-Iris-Thousand_impostor_244,230,825,2558,2388,61,20,0.3279,False,0.3276,False,True,1.3985
aspanformer,iris,CASIA-Iris-Thousand_impostor_244,230,825,334,334,334,134,0.4012,False,0.3865,False,True,2.2486
deepdetect,iris,CASIA-Iris-Thousand_impostor_244,230,825,6878,8085,7,0,,False,,False,True,
loftr,iris,CASIA-Iris-Thousand_impostor_245,693,819,521,521,521,71,0.1363,False,0.1319,False,True,2.1459
orb,iris,CASIA-Iris-Thousand_impostor_245,693,819,198,247,18,0,,False,,False,True,
sift,iris,CASIA-Iris-Thousand_impostor_245,693,819,50,38,1,0,,False,,False,True,
superglue,iris,CASIA-Iris-Thousand_impostor_245,693,819,558,716,24,12,0.5000,True,0.4859,False,False,1.8813
sgmnet,iris,CASIA-Iris-Thousand_impostor_245,693,819,1769,2522,97,11,0.1134,False,0.1119,False,True,0.8320
aspanformer,iris,CASIA-Iris-Thousand_impostor_245,693,819,250,250,250,76,0.3040,False,0.2911,False,True,2.3683
deepdetect,iris,CASIA-Iris-Thousand_impostor_245,693,819,7912,6135,14,13,0.9286,True,0.9286,False,False,0.9859
loftr,iris,CASIA-Iris-Thousand_impostor_246,781,556,190,190,190,28,0.1474,False,0.1460,False,True,1.6803
orb,iris,CASIA-Iris-Thousand_impostor_246,781,556,22,266,2,0,,False,,False,True,
sift,iris,CASIA-Iris-Thousand_impostor_246,781,556,37,53,0,0,,False,,False,True,
superglue,iris,CASIA-Iris-Thousand_impostor_246,781,556,623,595,46,14,0.3043,False,0.2979,False,True,1.8294
sgmnet,iris,CASIA-Iris-Thousand_impostor_246,781,556,1759,1899,51,9,0.1765,False,0.1723,False,True,0.8416
aspanformer,iris,CASIA-Iris-Thousand_impostor_246,781,556,138,138,138,39,0.2826,False,0.2748,False,True,2.0619
deepdetect,iris,CASIA-Iris-Thousand_impostor_246,781,556,10443,5783,19,14,0.7368,True,0.7368,False,False,1.1278
loftr,iris,CASIA-Iris-Thousand_impostor_247,970,784,117,117,117,16,0.1368,False,0.1287,False,True,2.6598
orb,iris,CASIA-Iris-Thousand_impostor_247,970,784,167,191,6,0,,False,,False,True,
sift,iris,CASIA-Iris-Thousand_impostor_247,970,784,12,67,3,0,,False,,False,True,
superglue,iris,CASIA-Iris-Thousand_impostor_247,970,784,570,616,1,0,,False,,False,True,
sgmnet,iris,CASIA-Iris-Thousand_impostor_247,970,784,1892,2106,67,10,0.1493,False,0.1466,False,True,1.1007
aspanformer,iris,CASIA-Iris-Thousand_impostor_247,970,784,145,145,145,53,0.3655,False,0.3635,False,True,1.6102
deepdetect,iris,CASIA-Iris-Thousand_impostor_247,970,784,7750,7103,3,0,,False,,False,True,
loftr,iris,CASIA-Iris-Thousand_impostor_248,656,329,719,719,719,101,0.1405,False,0.1302,False,True,3.0193
orb,iris,CASIA-Iris-Thousand_impostor_248,656,329,163,176,14,9,0.6429,True,0.6275,False,False,1.1695
sift,iris,CASIA-Iris-Thousand_impostor_248,656,329,33,49,4,0,,False,,False,True,
superglue,iris,CASIA-Iris-Thousand_impostor_248,656,329,652,653,118,33,0.2797,False,0.2644,False,True,2.6209
sgmnet,iris,CASIA-Iris-Thousand_impostor_248,656,329,2509,2240,227,21,0.0925,False,0.0925,False,True,1.5003
aspanformer,iris,CASIA-Iris-Thousand_impostor_248,656,329,492,492,492,267,0.5427,True,0.5278,False,False,2.0558
deepdetect,iris,CASIA-Iris-Thousand_impostor_248,656,329,6157,6944,26,23,0.8846,True,0.8846,False,False,0.8967
loftr,iris,CASIA-Iris-Thousand_impostor_249,249,981,371,371,371,44,0.1186,False,0.1153,False,True,2.0650
orb,iris,CASIA-Iris-Thousand_impostor_249,249,981,180,119,17,0,,False,,False,True,
sift,iris,CASIA-Iris-Thousand_impostor_249,249,981,59,16,1,0,,False,,False,True,
superglue,iris,CASIA-Iris-Thousand_impostor_249,249,981,618,643,2,0,,False,,False,True,
sgmnet,iris,CASIA-Iris-Thousand_impostor_249,249,981,2398,2389,117,10,0.0855,False,0.0834,False,True,1.6332
aspanformer,iris,CASIA-Iris-Thousand_impostor_249,249,981,293,293,293,113,0.3857,False,0.3678,False,True,2.4465
deepdetect,iris,CASIA-Iris-Thousand_impostor_249,249,981,7013,8469,11,10,0.9091,True,0.9091,False,False,0.2147
