matcher,modality,pair_id,identity1,identity2,num_keypoints_image1,num_keypoints_image2,num_matches,num_inliers,inlier_ratio,is_same_person_pred,confidence,ground_truth,is_correct,reprojection_error
loftr,iris,MMU-Iris_genuine_0,39,39,590,590,590,417,0.7068,True,0.6913,True,True,1.9423
orb,iris,MMU-Iris_genuine_0,39,39,124,112,5,0,,False,,True,False,
sift,iris,MMU-Iris_genuine_0,39,39,36,28,5,4,0.8000,True,0.7332,True,True,0.0000
superglue,iris,MMU-Iris_genuine_0,39,39,101,87,74,35,0.4730,False,0.4477,True,False,2.5983
sgmnet,iris,MMU-Iris_genuine_0,39,39,301,246,99,43,0.4343,True,0.4343,True,True,1.4621
aspanformer,iris,MMU-Iris_genuine_0,39,39,2057,2057,2057,1673,0.8133,True,0.7918,True,True,2.0364
deepdetect,iris,MMU-Iris_genuine_0,39,39,4858,4966,83,77,0.9277,True,0.9277,True,True,0.4220
loftr,iris,MMU-Iris_genuine_1,14,14,342,342,342,195,0.5702,True,0.5456,True,True,2.3816
orb,iris,MMU-Iris_genuine_1,14,14,182,127,4,0,,False,,True,False,
sift,iris,MMU-Iris_genuine_1,14,14,45,18,5,0,,False,,True,False,
superglue,iris,MMU-Iris_genuine_1,14,14,114,99,30,17,0.5667,True,0.5447,True,True,2.2532
sgmnet,iris,MMU-Iris_genuine_1,14,14,407,371,73,30,0.4110,True,0.4109,True,True,1.4787
aspanformer,iris,MMU-Iris_genuine_1,14,14,1988,1988,1988,1695,0.8526,True,0.8526,True,True,1.4812
deepdetect,iris,MMU-Iris_genuine_1,14,14,5936,4843,99,90,0.9091,True,0.9091,True,True,0.7721
loftr,iris,MMU-Iris_genuine_2,10,10,358,358,358,267,0.7458,True,0.7440,True,True,1.5478
orb,iris,MMU-Iris_genuine_2,10,10,124,132,8,7,0.8750,True,0.8385,True,True,0.6041
sift,iris,MMU-Iris_genuine_2,10,10,17,19,2,0,,False,,True,False,
superglue,iris,MMU-Iris_genuine_2,10,10,96,94,75,35,0.4667,True,0.4526,True,True,2.1131
sgmnet,iris,MMU-Iris_genuine_2,10,10,288,289,100,56,0.5600,True,0.5600,True,True,1.4822
aspanformer,iris,MMU-Iris_genuine_2,10,10,1498,1498,1498,1220,0.8144,True,0.8085,True,True,1.6460
deepdetect,iris,MMU-Iris_genuine_2,10,10,4085,5422,89,89,1.0000,True,1.0000,True,True,0.6654
loftr,iris,MMU-Iris_genuine_3,44,44,544,544,544,433,0.7960,True,0.7890,True,True,1.6758
orb,iris,MMU-Iris_genuine_3,44,44,38,82,10,9,0.9000,True,0.8785,True,True,0.5332
sift,iris,MMU-Iris_genuine_3,44,44,22,29,14,12,0.8571,True,0.8490,True,True,1.3127
superglue,iris,MMU-Iris_genuine_3,44,44,92,108,79,51,0.6456,True,0.6195,True,True,2.3230
sgmnet,iris,MMU-Iris_genuine_3,44,44,285,306,107,69,0.6449,True,0.6449,True,True,1.3306
aspanformer,iris,MMU-Iris_genuine_3,44,44,1463,1463,1463,962,0.6576,True,0.6266,True,True,2.4643
deepdetect,iris,MMU-Iris_genuine_3,44,44,5845,5047,42,42,1.0000,True,1.0000,True,True,1.4362
loftr,iris,MMU-Iris_genuine_4,22,22,503,503,503,286,0.5686,True,0.5568,True,True,1.9175
orb,iris,MMU-Iris_genuine_4,22,22,88,161,6,0,,False,,True,False,
sift,iris,MMU-Iris_genuine_4,22,22,17,26,8,6,0.7500,True,0.7097,True,True,0.7300
superglue,iris,MMU-Iris_genuine_4,22,22,89,108,34,18,0.5294,True,0.5235,True,True,1.6988
sgmnet,iris,MMU-Iris_genuine_4,22,22,260,327,60,29,0.4833,True,0.4833,True,True,1.4245
aspanformer,iris,MMU-Iris_genuine_4,22,22,1430,1430,1430,968,0.6769,True,0.6563,True,True,2.1193
deepdetect,iris,MMU-Iris_genuine_4,22,22,4005,4304,111,104,0.9369,True,0.9369,True,True,1.0297
loftr,iris,MMU-Iris_genuine_5,20,20,309,309,309,210,0.6796,True,0.6681,True,True,1.8402
orb,iris,MMU-Iris_genuine_5,20,20,9,22,1,0,,False,,True,False,
sift,iris,MMU-Iris_genuine_5,20,20,6,6,3,0,,False,,True,False,
superglue,iris,MMU-Iris_genuine_5,20,20,77,77,61,34,0.5574,True,0.5374,True,True,2.2298
sgmnet,iris,MMU-Iris_genuine_5,20,20,178,188,52,20,0.3846,False,0.3844,True,False,1.2698
aspanformer,iris,MMU-Iris_genuine_5,20,20,1170,1170,1170,709,0.6060,True,0.5929,True,True,1.9366
deepdetect,iris,MMU-Iris_genuine_5,20,20,3593,3739,68,66,0.9706,True,0.9706,True,True,0.3161
loftr,iris,MMU-Iris_genuine_6,2,2,272,272,272,103,0.3787,False,0.3677,True,False,2.0865
orb,iris,MMU-Iris_genuine_6,2,2,125,173,3,0,,False,,True,False,
sift,iris,MMU-Iris_genuine_6,2,2,18,44,2,0,,False,,True,False,
superglue,iris,MMU-Iris_genuine_6,2,2,98,109,4,4,1.0000,True,0.9165,True,True,0.0000
sgmnet,iris,MMU-Iris_genuine_6,2,2,427,363,46,16,0.3478,False,0.3469,True,False,1.3115
aspanformer,iris,MMU-Iris_genuine_6,2,2,644,644,644,357,0.5543,True,0.5360,True,True,2.1721
deepdetect,iris,MMU-Iris_genuine_6,2,2,4563,4440,7,6,0.8571,True,0.8571,True,True,0.0148
loftr,iris,MMU-Iris_genuine_7,16,16,524,524,524,397,0.7576,True,0.7447,True,True,1.8446
orb,iris,MMU-Iris_genuine_7,16,16,71,61,9,0,,False,,True,False,
sift,iris,MMU-Iris_genuine_7,16,16,17,9,4,0,,False,,True,False,
superglue,iris,MMU-Iris_genuine_7,16,16,71,78,57,27,0.4737,False,0.4487,True,False,2.5822
sgmnet,iris,MMU-Iris_genuine_7,16,16,122,153,32,14,0.4375,True,0.4353,True,True,1.0674
aspanformer,iris,MMU-Iris_genuine_7,16,16,2325,2325,2325,2059,0.8856,True,0.8787,True,True,1.6552
deepdetect,iris,MMU-Iris_genuine_7,16,16,4051,4025,185,174,0.9405,True,0.9405,True,True,0.5691
loftr,iris,MMU-Iris_genuine_8,44,44,496,496,496,470,0.9476,True,0.9341,True,True,1.7858
orb,iris,MMU-Iris_genuine_8,44,44,92,95,23,19,0.8261,True,0.8253,True,True,1.0964
sift,iris,MMU-Iris_genuine_8,44,44,27,24,11,10,0.9091,True,0.8930,True,True,0.6149
superglue,iris,MMU-Iris_genuine_8,44,44,98,109,76,50,0.6579,True,0.6276,True,True,2.4438
sgmnet,iris,MMU-Iris_genuine_8,44,44,314,277,117,81,0.6923,True,0.6923,True,True,1.3531
aspanformer,iris,MMU-Iris_genuine_8,44,44,1752,1752,1752,1221,0.6969,True,0.6848,True,True,1.8508
deepdetect,iris,MMU-Iris_genuine_8,44,44,5384,6008,876,875,0.9989,True,0.9989,True,True,0.6196
loftr,iris,MMU-Iris_genuine_9,14,14,916,916,916,612,0.6681,True,0.6452,True,True,2.1996
orb,iris,MMU-Iris_genuine_9,14,14,131,120,9,8,0.8889,True,0.8606,True,True,0.8018
sift,iris,MMU-Iris_genuine_9,14,14,35,37,7,5,0.7143,True,0.6658,True,True,0.3233
superglue,iris,MMU-Iris_genuine_9,14,14,109,98,77,38,0.4935,True,0.4800,True,True,2.0557
sgmnet,iris,MMU-Iris_genuine_9,14,14,350,339,127,76,0.5984,True,0.5978,True,True,1.5196
aspanformer,iris,MMU-Iris_genuine_9,14,14,1729,1729,1729,1387,0.8022,True,0.7836,True,True,1.9698
deepdetect,iris,MMU-Iris_genuine_9,14,14,5252,4439,415,402,0.9687,True,0.9687,True,True,0.7123
loftr,iris,MMU-Iris_genuine_10,41,41,587,587,587,433,0.7376,True,0.7218,True,True,1.9355
orb,iris,MMU-Iris_genuine_10,41,41,90,59,6,5,0.8333,True,0.7768,True,True,0.9648
sift,iris,MMU-Iris_genuine_10,41,41,24,24,7,5,0.7143,True,0.6658,True,True,0.1677
superglue,iris,MMU-Iris_genuine_10,41,41,87,82,51,25,0.4902,True,0.4661,True,True,2.5052
sgmnet,iris,MMU-Iris_genuine_10,41,41,295,322,98,43,0.4388,True,0.4388,True,True,1.2555
aspanformer,iris,MMU-Iris_genuine_10,41,41,1830,1830,1830,1187,0.6486,True,0.6363,True,True,1.8834
deepdetect,iris,MMU-Iris_genuine_10,41,41,4347,4196,298,295,0.9899,True,0.9899,True,True,1.1620
loftr,iris,MMU-Iris_genuine_11,44,44,407,407,407,225,0.5528,True,0.5268,True,True,2.4650
orb,iris,MMU-Iris_genuine_11,44,44,95,82,4,0,,False,,True,False,
sift,iris,MMU-Iris_genuine_11,44,44,24,29,8,0,,False,,True,False,
superglue,iris,MMU-Iris_genuine_11,44,44,109,108,78,30,0.3846,False,0.3704,True,False,2.2546
sgmnet,iris,MMU-Iris_genuine_11,44,44,277,306,77,38,0.4935,True,0.4917,True,True,1.5728
aspanformer,iris,MMU-Iris_genuine_11,44,44,2121,2121,2121,1600,0.7544,True,0.7418,True,True,1.8363
deepdetect,iris,MMU-Iris_genuine_11,44,44,6008,5047,229,194,0.8472,True,0.8472,True,True,0.6877
loftr,iris,MMU-Iris_genuine_12,34,34,736,736,736,618,0.8397,True,0.8256,True,True,1.8391
orb,iris,MMU-Iris_genuine_12,34,34,21,29,1,0,,False,,True,False,
sift,iris,MMU-Iris_genuine_12,34,34,18,12,6,5,0.8333,True,0.7768,True,True,0.1703
superglue,iris,MMU-Iris_genuine_12,34,34,74,73,62,36,0.5806,True,0.5618,True,True,2.1601
sgmnet,iris,MMU-Iris_genuine_12,34,34,259,219,86,49,0.5698,True,0.5682,True,True,1.5540
aspanformer,iris,MMU-Iris_genuine_12,34,34,1948,1948,1948,1672,0.8583,True,0.8427,True,True,1.8665
deepdetect,iris,MMU-Iris_genuine_12,34,34,4070,3919,458,453,0.9891,True,0.9891,True,True,0.6481
loftr,iris,MMU-Iris_genuine_13,13,13,535,535,535,446,0.8336,True,0.8336,True,True,1.1880
orb,iris,MMU-Iris_genuine_13,13,13,173,291,37,29,0.7838,True,0.7828,True,True,1.5233
sift,iris,MMU-Iris_genuine_13,13,13,40,36,14,12,0.8571,True,0.8490,True,True,1.2384
superglue,iris,MMU-Iris_genuine_13,13,13,89,95,71,50,0.7042,True,0.6853,True,True,2.0461
sgmnet,iris,MMU-Iris_genuine_13,13,13,275,210,75,43,0.5733,True,0.5733,True,True,1.5028
aspanformer,iris,MMU-Iris_genuine_13,13,13,1613,1613,1613,1128,0.6993,True,0.6839,True,True,1.9447
deepdetect,iris,MMU-Iris_genuine_13,13,13,4353,4496,755,710,0.9404,True,0.9404,True,True,0.5809
loftr,iris,MMU-Iris_genuine_14,37,37,475,475,475,318,0.6695,True,0.6498,True,True,2.0971
orb,iris,MMU-Iris_genuine_14,37,37,24,9,1,0,,False,,True,False,
sift,iris,MMU-Iris_genuine_14,37,37,11,4,3,0,,False,,True,False,
superglue,iris,MMU-Iris_genuine_14,37,37,82,73,44,20,0.4545,False,0.4448,True,False,1.9212
sgmnet,iris,MMU-Iris_genuine_14,37,37,292,270,74,32,0.4324,True,0.4304,True,True,1.5955
aspanformer,iris,MMU-Iris_genuine_14,37,37,1737,1737,1737,1106,0.6367,True,0.6357,True,True,1.5311
deepdetect,iris,MMU-Iris_genuine_14,37,37,4466,4286,214,211,0.9860,True,0.9860,True,True,0.7950
loftr,iris,MMU-Iris_genuine_15,29,29,507,507,507,376,0.7416,True,0.7416,True,True,1.4881
orb,iris,MMU-Iris_genuine_15,29,29,103,132,13,12,0.9231,True,0.9143,True,True,1.3449
sift,iris,MMU-Iris_genuine_15,29,29,11,17,5,5,1.0000,True,0.9322,True,True,0.5100
superglue,iris,MMU-Iris_genuine_15,29,29,98,109,53,33,0.6226,True,0.5923,True,True,2.4974
sgmnet,iris,MMU-Iris_genuine_15,29,29,284,287,104,30,0.2885,False,0.2885,True,False,1.3435
aspanformer,iris,MMU-Iris_genuine_15,29,29,2335,2335,2335,2270,0.9722,True,0.9722,True,True,1.2050
deepdetect,iris,MMU-Iris_genuine_15,29,29,4720,4544,115,112,0.9739,True,0.9739,True,True,1.3609
loftr,iris,MMU-Iris_genuine_16,10,10,452,452,452,355,0.7854,True,0.7762,True,True,1.7362
orb,iris,MMU-Iris_genuine_16,10,10,51,64,4,0,,False,,True,False,
sift,iris,MMU-Iris_genuine_16,10,10,18,17,9,6,0.6667,True,0.6308,True,True,1.0913
superglue,iris,MMU-Iris_genuine_16,10,10,88,89,74,37,0.5000,True,0.4855,True,True,2.0865
sgmnet,iris,MMU-Iris_genuine_16,10,10,208,220,87,50,0.5747,True,0.5747,True,True,1.4352
aspanformer,iris,MMU-Iris_genuine_16,10,10,1594,1594,1594,1389,0.8714,True,0.8444,True,True,2.1294
deepdetect,iris,MMU-Iris_genuine_16,10,10,5343,4616,392,386,0.9847,True,0.9847,True,True,0.7604
loftr,iris,MMU-Iris_genuine_17,10,10,459,459,459,406,0.8845,True,0.8696,True,True,1.8406
orb,iris,MMU-Iris_genuine_17,10,10,51,119,0,0,,False,,True,False,
sift,iris,MMU-Iris_genuine_17,10,10,18,25,6,6,1.0000,True,0.9462,True,True,1.1658
superglue,iris,MMU-Iris_genuine_17,10,10,88,103,74,42,0.5676,True,0.5494,True,True,2.1495
sgmnet,iris,MMU-Iris_genuine_17,10,10,208,250,86,45,0.5233,True,0.5233,True,True,1.3217
aspanformer,iris,MMU-Iris_genuine_17,10,10,1626,1626,1626,1088,0.6691,True,0.6579,True,True,1.8377
deepdetect,iris,MMU-Iris_genuine_17,10,10,5343,5193,246,242,0.9837,True,0.9837,True,True,0.7323
loftr,iris,MMU-Iris_genuine_18,13,13,922,922,922,784,0.8503,True,0.8492,True,True,1.5257
orb,iris,MMU-Iris_genuine_18,13,13,132,123,44,32,0.7273,True,0.7273,True,True,1.3034
sift,iris,MMU-Iris_genuine_18,13,13,25,20,4,0,,False,,True,False,
superglue,iris,MMU-Iris_genuine_18,13,13,87,87,72,39,0.5417,True,0.5208,True,True,2.2845
sgmnet,iris,MMU-Iris_genuine_18,13,13,242,212,84,55,0.6548,True,0.6548,True,True,1.3543
aspanformer,iris,MMU-Iris_genuine_18,13,13,2160,2160,2160,1808,0.8370,True,0.8370,True,True,1.2461
deepdetect,iris,MMU-Iris_genuine_18,13,13,4075,4017,424,424,1.0000,True,1.0000,True,True,0.8086
loftr,iris,MMU-Iris_genuine_19,2,2,262,262,262,97,0.3702,False,0.3568,True,False,2.2404
orb,iris,MMU-Iris_genuine_19,2,2,80,173,6,0,,False,,True,False,
sift,iris,MMU-Iris_genuine_19,2,2,23,44,6,4,0.6667,True,0.6110,True,True,0.0000
superglue,iris,MMU-Iris_genuine_19,2,2,86,109,40,23,0.5750,True,0.5574,True,True,2.1153
sgmnet,iris,MMU-Iris_genuine_19,2,2,285,363,74,36,0.4865,True,0.4865,True,True,1.4938
aspanformer,iris,MMU-Iris_genuine_19,2,2,1250,1250,1250,767,0.6136,True,0.6120,True,True,1.5535
deepdetect,iris,MMU-Iris_genuine_19,2,2,4967,4440,3,0,,False,,True,False,
loftr,iris,MMU-Iris_genuine_20,2,2,372,372,372,325,0.8737,True,0.8705,True,True,1.5724
orb,iris,MMU-Iris_genuine_20,2,2,58,122,6,4,0.6667,True,0.6110,True,True,0.0000
sift,iris,MMU-Iris_genuine_20,2,2,16,23,2,0,,False,,True,False,
superglue,iris,MMU-Iris_genuine_20,2,2,87,102,63,39,0.6190,True,0.5989,True,True,2.1621
sgmnet,iris,MMU-Iris_genuine_20,2,2,273,277,84,42,0.5000,True,0.5000,True,True,1.3895
aspanformer,iris,MMU-Iris_genuine_20,2,2,1742,1742,1742,1234,0.7084,True,0.6918,True,True,1.9749
deepdetect,iris,MMU-Iris_genuine_20,2,2,4226,5806,231,231,1.0000,True,1.0000,True,True,0.6562
loftr,iris,MMU-Iris_genuine_21,32,32,726,726,726,607,0.8361,True,0.8361,True,True,1.1140
orb,iris,MMU-Iris_genuine_21,32,32,180,171,31,25,0.8065,True,0.8063,True,True,1.4115
sift,iris,MMU-Iris_genuine_21,32,32,28,41,10,7,0.7000,True,0.6708,True,True,0.8500
superglue,iris,MMU-Iris_genuine_21,32,32,87,83,70,42,0.6000,True,0.5799,True,True,2.1826
sgmnet,iris,MMU-Iris_genuine_21,32,32,259,227,80,42,0.5250,True,0.5221,True,True,1.6121
aspanformer,iris,MMU-Iris_genuine_21,32,32,1690,1690,1690,1615,0.9556,True,0.9556,True,True,1.0190
deepdetect,iris,MMU-Iris_genuine_21,32,32,4662,4363,847,847,1.0000,True,1.0000,True,True,1.0971
loftr,iris,MMU-Iris_genuine_22,37,37,522,522,522,322,0.6169,True,0.6169,True,True,1.4398
orb,iris,MMU-Iris_genuine_22,37,37,14,18,0,0,,False,,True,False,
sift,iris,MMU-Iris_genuine_22,37,37,5,6,2,0,,False,,True,False,
superglue,iris,MMU-Iris_genuine_22,37,37,84,86,72,36,0.5000,True,0.4882,True,True,1.9788
sgmnet,iris,MMU-Iris_genuine_22,37,37,287,241,90,29,0.3222,False,0.3222,True,False,1.4848
aspanformer,iris,MMU-Iris_genuine_22,37,37,1479,1479,1479,938,0.6342,True,0.6109,True,True,2.2480
deepdetect,iris,MMU-Iris_genuine_22,37,37,4763,4590,293,273,0.9317,True,0.9317,True,True,0.5248
loftr,iris,MMU-Iris_genuine_23,10,10,461,461,461,438,0.9501,True,0.9459,True,True,1.5879
orb,iris,MMU-Iris_genuine_23,10,10,125,132,23,16,0.6957,True,0.6887,True,True,1.6489
sift,iris,MMU-Iris_genuine_23,10,10,18,19,4,4,1.0000,True,0.9165,True,True,0.0000
superglue,iris,MMU-Iris_genuine_23,10,10,94,94,77,50,0.6494,True,0.6174,True,True,2.5077
sgmnet,iris,MMU-Iris_genuine_23,10,10,292,289,116,56,0.4828,True,0.4786,True,True,1.6724
aspanformer,iris,MMU-Iris_genuine_23,10,10,1478,1478,1478,1033,0.6989,True,0.6638,True,True,2.5300
deepdetect,iris,MMU-Iris_genuine_23,10,10,4956,5422,343,326,0.9504,True,0.9504,True,True,0.5910
loftr,iris,MMU-Iris_genuine_24,35,35,721,721,721,640,0.8877,True,0.8877,True,True,1.0542
orb,iris,MMU-Iris_genuine_24,35,35,47,59,12,0,,False,,True,False,
sift,iris,MMU-Iris_genuine_24,35,35,13,10,8,7,0.8750,True,0.8385,True,True,0.8774
superglue,iris,MMU-Iris_genuine_24,35,35,70,73,57,32,0.5614,True,0.5423,True,True,2.1927
sgmnet,iris,MMU-Iris_genuine_24,35,35,255,271,95,72,0.7579,True,0.7579,True,True,1.3768
aspanformer,iris,MMU-Iris_genuine_24,35,35,2100,2100,2100,1489,0.7090,True,0.7090,True,True,1.1003
deepdetect,iris,MMU-Iris_genuine_24,35,35,4084,4014,798,798,1.0000,True,1.0000,True,True,0.9296
loftr,iris,MMU-Iris_genuine_25,19,19,504,504,504,361,0.7163,True,0.6875,True,True,2.3198
orb,iris,MMU-Iris_genuine_25,19,19,224,147,21,14,0.6667,True,0.6595,True,True,1.6164
sift,iris,MMU-Iris_genuine_25,19,19,41,30,4,4,1.0000,True,0.9165,True,True,0.0000
superglue,iris,MMU-Iris_genuine_25,19,19,92,96,57,28,0.4912,True,0.4818,True,True,1.8868
sgmnet,iris,MMU-Iris_genuine_25,19,19,181,180,75,21,0.2800,False,0.2799,True,False,1.4554
aspanformer,iris,MMU-Iris_genuine_25,19,19,1562,1562,1562,1342,0.8592,True,0.8428,True,True,1.8849
deepdetect,iris,MMU-Iris_genuine_25,19,19,4958,3940,142,137,0.9648,True,0.9648,True,True,1.3096
loftr,iris,MMU-Iris_genuine_26,43,43,462,462,462,356,0.7706,True,0.7681,True,True,1.5637
orb,iris,MMU-Iris_genuine_26,43,43,64,102,8,0,,False,,True,False,
sift,iris,MMU-Iris_genuine_26,43,43,13,15,2,0,,False,,True,False,
superglue,iris,MMU-Iris_genuine_26,43,43,66,74,57,25,0.4386,False,0.4197,True,False,2.3777
sgmnet,iris,MMU-Iris_genuine_26,43,43,182,206,80,55,0.6875,True,0.6875,True,True,1.4174
aspanformer,iris,MMU-Iris_genuine_26,43,43,1662,1662,1662,1253,0.7539,True,0.7444,True,True,1.7544
deepdetect,iris,MMU-Iris_genuine_26,43,43,3591,3684,172,169,0.9826,True,0.9826,True,True,0.8271
loftr,iris,MMU-Iris_genuine_27,40,40,680,680,680,569,0.8368,True,0.8368,True,True,1.2573
orb,iris,MMU-Iris_genuine_27,40,40,18,143,2,0,,False,,True,False,
sift,iris,MMU-Iris_genuine_27,40,40,15,42,6,5,0.8333,True,0.7768,True,True,0.5196
superglue,iris,MMU-Iris_genuine_27,40,40,70,101,18,14,0.7778,True,0.7739,True,True,1.2110
sgmnet,iris,MMU-Iris_genuine_27,40,40,190,225,62,33,0.5323,True,0.5323,True,True,1.3958
aspanformer,iris,MMU-Iris_genuine_27,40,40,2043,2043,2043,1825,0.8933,True,0.8933,True,True,1.2973
deepdetect,iris,MMU-Iris_genuine_27,40,40,3882,4232,610,610,1.0000,True,1.0000,True,True,0.3018
loftr,iris,MMU-Iris_genuine_28,42,42,779,779,779,519,0.6662,True,0.6578,True,True,1.7537
orb,iris,MMU-Iris_genuine_28,42,42,80,113,17,17,1.0000,True,0.9981,True,True,0.8294
sift,iris,MMU-Iris_genuine_28,42,42,15,14,5,5,1.0000,True,0.9322,True,True,0.5324
superglue,iris,MMU-Iris_genuine_28,42,42,93,89,77,41,0.5325,True,0.5087,True,True,2.4133
sgmnet,iris,MMU-Iris_genuine_28,42,42,264,282,103,62,0.6019,True,0.6019,True,True,1.4645
aspanformer,iris,MMU-Iris_genuine_28,42,42,1928,1928,1928,1454,0.7541,True,0.7511,True,True,1.5821
deepdetect,iris,MMU-Iris_genuine_28,42,42,4373,4898,561,554,0.9875,True,0.9875,True,True,1.2718
loftr,iris,MMU-Iris_genuine_29,9,9,198,198,198,151,0.7626,True,0.7605,True,True,1.5561
orb,iris,MMU-Iris_genuine_29,9,9,111,90,16,8,0.5000,True,0.4841,True,True,1.1123
sift,iris,MMU-Iris_genuine_29,9,9,14,22,2,0,,False,,True,False,
superglue,iris,MMU-Iris_genuine_29,9,9,86,98,75,41,0.5467,True,0.5201,True,True,2.4971
sgmnet,iris,MMU-Iris_genuine_29,9,9,213,224,89,45,0.5056,True,0.5056,True,True,1.3903
aspanformer,iris,MMU-Iris_genuine_29,9,9,1704,1704,1704,1663,0.9759,True,0.9759,True,True,1.0914
deepdetect,iris,MMU-Iris_genuine_29,9,9,4299,4031,674,674,1.0000,True,1.0000,True,True,0.4383
loftr,iris,MMU-Iris_genuine_30,29,29,693,693,693,563,0.8124,True,0.8124,True,True,1.4639
orb,iris,MMU-Iris_genuine_30,29,29,75,77,21,17,0.8095,True,0.8021,True,True,1.6474
sift,iris,MMU-Iris_genuine_30,29,29,21,17,7,7,1.0000,True,0.9583,True,True,0.9494
superglue,iris,MMU-Iris_genuine_30,29,29,90,107,72,40,0.5556,True,0.5314,True,True,2.3879
sgmnet,iris,MMU-Iris_genuine_30,29,29,308,355,115,82,0.7130,True,0.7130,True,True,1.1044
aspanformer,iris,MMU-Iris_genuine_30,29,29,1890,1890,1890,1286,0.6804,True,0.6602,True,True,2.1021
deepdetect,iris,MMU-Iris_genuine_30,29,29,3864,4047,691,650,0.9407,True,0.9407,True,True,0.7211
loftr,iris,MMU-Iris_genuine_31,2,2,432,432,432,273,0.6319,True,0.6082,True,True,2.2645
orb,iris,MMU-Iris_genuine_31,2,2,163,93,6,0,,False,,True,False,
sift,iris,MMU-Iris_genuine_31,2,2,31,17,3,0,,False,,True,False,
superglue,iris,MMU-Iris_genuine_31,2,2,100,95,18,11,0.6111,True,0.6032,True,True,1.4827
sgmnet,iris,MMU-Iris_genuine_31,2,2,331,355,95,32,0.3368,False,0.3351,True,False,1.6023
aspanformer,iris,MMU-Iris_genuine_31,2,2,1246,1246,1246,677,0.5433,True,0.5216,True,True,2.3185
deepdetect,iris,MMU-Iris_genuine_31,2,2,4439,4365,8,8,1.0000,True,1.0000,True,True,0.2878
loftr,iris,MMU-Iris_genuine_32,3,3,597,597,597,436,0.7303,True,0.7303,True,True,1.1303
orb,iris,MMU-Iris_genuine_32,3,3,62,44,6,0,,False,,True,False,
sift,iris,MMU-Iris_genuine_32,3,3,14,9,6,4,0.6667,True,0.6110,True,True,0.0000
superglue,iris,MMU-Iris_genuine_32,3,3,86,78,68,34,0.5000,True,0.4791,True,True,2.3529
sgmnet,iris,MMU-Iris_genuine_32,3,3,245,257,112,46,0.4107,True,0.4107,True,True,1.4817
aspanformer,iris,MMU-Iris_genuine_32,3,3,2140,2140,2140,1724,0.8056,True,0.8023,True,True,1.5811
deepdetect,iris,MMU-Iris_genuine_32,3,3,4065,3858,446,420,0.9417,True,0.9417,True,True,0.4536
loftr,iris,MMU-Iris_genuine_33,37,37,620,620,620,249,0.4016,False,0.3833,True,False,2.4327
orb,iris,MMU-Iris_genuine_33,37,37,13,23,0,0,,False,,True,False,
sift,iris,MMU-Iris_genuine_33,37,37,3,13,0,0,,False,,True,False,
superglue,iris,MMU-Iris_genuine_33,37,37,82,84,59,30,0.5085,True,0.4776,True,True,2.7511
sgmnet,iris,MMU-Iris_genuine_33,37,37,295,325,95,40,0.4211,True,0.4161,True,True,1.7370
aspanformer,iris,MMU-Iris_genuine_33,37,37,1862,1862,1862,1222,0.6563,True,0.6331,True,True,2.2201
deepdetect,iris,MMU-Iris_genuine_33,37,37,4693,4358,24,22,0.9167,True,0.9167,True,True,0.7856
loftr,iris,MMU-Iris_genuine_34,22,22,463,463,463,260,0.5616,True,0.5511,True,True,1.8754
orb,iris,MMU-Iris_genuine_34,22,22,71,161,8,0,,False,,True,False,
sift,iris,MMU-Iris_genuine_34,22,22,13,26,8,6,0.7500,True,0.7097,True,True,1.4304
superglue,iris,MMU-Iris_genuine_34,22,22,91,108,35,22,0.6286,True,0.6126,True,True,2.0080
sgmnet,iris,MMU-Iris_genuine_34,22,22,259,327,64,23,0.3594,False,0.3593,True,False,1.4861
aspanformer,iris,MMU-Iris_genuine_34,22,22,1411,1411,1411,929,0.6584,True,0.6512,True,True,1.7189
deepdetect,iris,MMU-Iris_genuine_34,22,22,3869,4304,78,78,1.0000,True,1.0000,True,True,1.1837
loftr,iris,MMU-Iris_genuine_35,6,6,645,645,645,499,0.7736,True,0.7736,True,True,1.4212
orb,iris,MMU-Iris_genuine_35,6,6,101,79,8,0,,False,,True,False,
sift,iris,MMU-Iris_genuine_35,6,6,28,22,10,6,0.6000,True,0.5677,True,True,0.7634
superglue,iris,MMU-Iris_genuine_35,6,6,97,88,74,42,0.5676,True,0.5394,True,True,2.5178
sgmnet,iris,MMU-Iris_genuine_35,6,6,213,225,77,38,0.4935,True,0.4932,True,True,1.5107
aspanformer,iris,MMU-Iris_genuine_35,6,6,2110,2110,2110,1883,0.8924,True,0.8842,True,True,1.6846
deepdetect,iris,MMU-Iris_genuine_35,6,6,4273,4025,100,100,1.0000,True,1.0000,True,True,0.6600
loftr,iris,MMU-Iris_genuine_36,1,1,619,619,619,556,0.8982,True,0.8982,True,True,1.3390
orb,iris,MMU-Iris_genuine_36,1,1,57,26,5,0,,False,,True,False,
sift,iris,MMU-Iris_genuine_36,1,1,10,7,4,0,,False,,True,False,
superglue,iris,MMU-Iris_genuine_36,1,1,82,86,70,38,0.5429,True,0.5178,True,True,2.4468
sgmnet,iris,MMU-Iris_genuine_36,1,1,329,318,127,62,0.4882,True,0.4879,True,True,1.5107
aspanformer,iris,MMU-Iris_genuine_36,1,1,2039,2039,2039,1410,0.6915,True,0.6835,True,True,1.7337
deepdetect,iris,MMU-Iris_genuine_36,1,1,4627,4312,306,304,0.9935,True,0.9935,True,True,0.5850
loftr,iris,MMU-Iris_genuine_37,45,45,794,794,794,436,0.5491,True,0.5214,True,True,2.5376
orb,iris,MMU-Iris_genuine_37,45,45,137,127,19,13,0.6842,True,0.6795,True,True,1.3829
sift,iris,MMU-Iris_genuine_37,45,45,32,23,3,0,,False,,True,False,
superglue,iris,MMU-Iris_genuine_37,45,45,96,104,32,19,0.5938,True,0.5798,True,True,1.9574
sgmnet,iris,MMU-Iris_genuine_37,45,45,380,373,84,35,0.4167,True,0.4167,True,True,1.3264
aspanformer,iris,MMU-Iris_genuine_37,45,45,1702,1702,1702,1199,0.7045,True,0.6859,True,True,2.0328
deepdetect,iris,MMU-Iris_genuine_37,45,45,3901,4713,216,205,0.9491,True,0.9491,True,True,0.5116
loftr,iris,MMU-Iris_genuine_38,6,6,479,479,479,238,0.4969,True,0.4796,True,True,2.2086
orb,iris,MMU-Iris_genuine_38,6,6,88,89,9,7,0.7778,True,0.7410,True,True,1.6160
sift,iris,MMU-Iris_genuine_38,6,6,17,23,4,0,,False,,True,False,
superglue,iris,MMU-Iris_genuine_38,6,6,90,89,70,30,0.4286,False,0.4108,True,False,2.3446
sgmnet,iris,MMU-Iris_genuine_38,6,6,169,221,55,24,0.4364,True,0.4363,True,True,1.4788
aspanformer,iris,MMU-Iris_genuine_38,6,6,1928,1928,1928,1316,0.6826,True,0.6578,True,True,2.2380
deepdetect,iris,MMU-Iris_genuine_38,6,6,4745,4102,55,49,0.8909,True,0.8909,True,True,0.7889
loftr,iris,MMU-Iris_genuine_39,17,17,391,391,391,289,0.7391,True,0.7391,True,True,1.0861
orb,iris,MMU-Iris_genuine_39,17,17,26,92,3,0,,False,,True,False,
sift,iris,MMU-Iris_genuine_39,17,17,8,21,3,0,,False,,True,False,
superglue,iris,MMU-Iris_genuine_39,17,17,73,84,43,24,0.5581,True,0.5318,True,True,2.4634
sgmnet,iris,MMU-Iris_genuine_39,17,17,288,267,97,29,0.2990,False,0.2979,True,False,1.5722
aspanformer,iris,MMU-Iris_genuine_39,17,17,1568,1568,1568,1019,0.6499,True,0.6283,True,True,2.1738
deepdetect,iris,MMU-Iris_genuine_39,17,17,3983,3652,329,308,0.9362,True,0.9362,True,True,0.6763
loftr,iris,MMU-Iris_genuine_40,42,42,901,901,901,756,0.8391,True,0.8177,True,True,2.0165
orb,iris,MMU-Iris_genuine_40,42,42,89,80,8,7,0.8750,True,0.8385,True,True,0.4370
sift,iris,MMU-Iris_genuine_40,42,42,18,15,2,0,,False,,True,False,
superglue,iris,MMU-Iris_genuine_40,42,42,91,93,83,52,0.6265,True,0.5974,True,True,2.4514
sgmnet,iris,MMU-Iris_genuine_40,42,42,305,264,105,61,0.5810,True,0.5810,True,True,1.4120
aspanformer,iris,MMU-Iris_genuine_40,42,42,1766,1766,1766,1411,0.7990,True,0.7972,True,True,1.5458
deepdetect,iris,MMU-Iris_genuine_40,42,42,4644,4373,616,616,1.0000,True,1.0000,True,True,0.7682
loftr,iris,MMU-Iris_genuine_41,9,9,294,294,294,225,0.7653,True,0.7544,True,True,1.7870
orb,iris,MMU-Iris_genuine_41,9,9,160,111,17,15,0.8824,True,0.8792,True,True,0.7557
sift,iris,MMU-Iris_genuine_41,9,9,30,14,9,0,,False,,True,False,
superglue,iris,MMU-Iris_genuine_41,9,9,86,86,71,45,0.6338,True,0.5972,True,True,2.6885
sgmnet,iris,MMU-Iris_genuine_41,9,9,252,213,79,43,0.5443,True,0.5408,True,True,1.6304
aspanformer,iris,MMU-Iris_genuine_41,9,9,1749,1749,1749,1309,0.7484,True,0.7218,True,True,2.2236
deepdetect,iris,MMU-Iris_genuine_41,9,9,4592,4299,354,354,1.0000,True,1.0000,True,True,1.1259
loftr,iris,MMU-Iris_genuine_42,25,25,495,495,495,354,0.7152,True,0.7099,True,True,1.6471
orb,iris,MMU-Iris_genuine_42,25,25,58,46,19,14,0.7368,True,0.7290,True,True,1.6130
sift,iris,MMU-Iris_genuine_42,25,25,19,14,10,8,0.8000,True,0.7746,True,True,1.4568
superglue,iris,MMU-Iris_genuine_42,25,25,76,82,68,31,0.4559,False,0.4424,True,False,2.0988
sgmnet,iris,MMU-Iris_genuine_42,25,25,184,160,66,30,0.4545,True,0.4545,True,True,1.4240
aspanformer,iris,MMU-Iris_genuine_42,25,25,2068,2068,2068,1731,0.8370,True,0.8126,True,True,2.0916
deepdetect,iris,MMU-Iris_genuine_42,25,25,4385,4539,525,459,0.8743,True,0.8743,True,True,1.0008
loftr,iris,MMU-Iris_genuine_43,8,8,534,534,534,413,0.7734,True,0.7734,True,True,1.4421
orb,iris,MMU-Iris_genuine_43,8,8,39,22,1,0,,False,,True,False,
sift,iris,MMU-Iris_genuine_43,8,8,14,11,3,0,,False,,True,False,
superglue,iris,MMU-Iris_genuine_43,8,8,80,66,54,30,0.5556,True,0.5469,True,True,1.8128
sgmnet,iris,MMU-Iris_genuine_43,8,8,275,192,58,21,0.3621,False,0.3619,True,False,1.4624
aspanformer,iris,MMU-Iris_genuine_43,8,8,2270,2270,2270,1992,0.8775,True,0.8598,True,True,1.9074
deepdetect,iris,MMU-Iris_genuine_43,8,8,4083,3918,77,77,1.0000,True,1.0000,True,True,0.4639
loftr,iris,MMU-Iris_genuine_44,16,16,557,557,557,440,0.7899,True,0.7747,True,True,1.8899
orb,iris,MMU-Iris_genuine_44,16,16,46,59,3,0,,False,,True,False,
sift,iris,MMU-Iris_genuine_44,16,16,18,12,2,0,,False,,True,False,
superglue,iris,MMU-Iris_genuine_44,16,16,72,82,42,22,0.5238,True,0.5020,True,True,2.3438
sgmnet,iris,MMU-Iris_genuine_44,16,16,169,158,45,19,0.4222,True,0.4218,True,True,1.1898
aspanformer,iris,MMU-Iris_genuine_44,16,16,1544,1544,1544,1134,0.7345,True,0.7270,True,True,1.7039
deepdetect,iris,MMU-Iris_genuine_44,16,16,4077,3923,91,86,0.9451,True,0.9451,True,True,0.3559
loftr,iris,MMU-Iris_genuine_45,2,2,389,389,389,262,0.6735,True,0.6702,True,True,1.5986
orb,iris,MMU-Iris_genuine_45,2,2,80,163,2,0,,False,,True,False,
sift,iris,MMU-Iris_genuine_45,2,2,23,31,4,4,1.0000,True,0.9165,True,True,0.0000
superglue,iris,MMU-Iris_genuine_45,2,2,86,100,48,21,0.4375,False,0.4229,True,False,2.1680
sgmnet,iris,MMU-Iris_genuine_45,2,2,285,331,68,29,0.4265,True,0.4265,True,True,1.4765
aspanformer,iris,MMU-Iris_genuine_45,2,2,1979,1979,1979,1424,0.7196,True,0.6846,True,True,2.4945
deepdetect,iris,MMU-Iris_genuine_45,2,2,4967,4439,148,145,0.9797,True,0.9797,True,True,0.4536
loftr,iris,MMU-Iris_genuine_46,46,46,701,701,701,646,0.9215,True,0.9215,True,True,1.1368
orb,iris,MMU-Iris_genuine_46,46,46,126,108,27,0,,False,,True,False,
sift,iris,MMU-Iris_genuine_46,46,46,20,10,11,7,0.6364,True,0.6098,True,True,0.7686
superglue,iris,MMU-Iris_genuine_46,46,46,86,87,68,33,0.4853,True,0.4685,True,True,2.2028
sgmnet,iris,MMU-Iris_genuine_46,46,46,256,249,84,54,0.6429,True,0.6429,True,True,1.4061
aspanformer,iris,MMU-Iris_genuine_46,46,46,1805,1805,1805,1655,0.9169,True,0.9169,True,True,1.1543
deepdetect,iris,MMU-Iris_genuine_46,46,46,4688,4985,619,619,1.0000,True,1.0000,True,True,0.5049
loftr,iris,MMU-Iris_genuine_47,25,25,372,372,372,230,0.6183,True,0.6179,True,True,1.5115
orb,iris,MMU-Iris_genuine_47,25,25,56,58,12,10,0.8333,True,0.8186,True,True,1.3069
sift,iris,MMU-Iris_genuine_47,25,25,19,19,7,7,1.0000,True,0.9583,True,True,0.9676
superglue,iris,MMU-Iris_genuine_47,25,25,83,76,64,28,0.4375,False,0.4233,True,False,2.1603
sgmnet,iris,MMU-Iris_genuine_47,25,25,161,184,66,28,0.4242,True,0.4242,True,True,1.4233
aspanformer,iris,MMU-Iris_genuine_47,25,25,1687,1687,1687,1193,0.7072,True,0.7072,True,True,1.3455
deepdetect,iris,MMU-Iris_genuine_47,25,25,4190,4385,303,295,0.9736,True,0.9736,True,True,0.5079
loftr,iris,MMU-Iris_genuine_48,9,9,563,563,563,462,0.8206,True,0.8104,True,True,1.7506
orb,iris,MMU-Iris_genuine_48,9,9,137,186,14,0,,False,,True,False,
sift,iris,MMU-Iris_genuine_48,9,9,30,21,5,0,,False,,True,False,
superglue,iris,MMU-Iris_genuine_48,9,9,84,86,66,39,0.5909,True,0.5692,True,True,2.2488
sgmnet,iris,MMU-Iris_genuine_48,9,9,285,260,86,36,0.4186,True,0.4181,True,True,1.5233
aspanformer,iris,MMU-Iris_genuine_48,9,9,1905,1905,1905,1442,0.7570,True,0.7458,True,True,1.7981
deepdetect,iris,MMU-Iris_genuine_48,9,9,4915,4433,234,234,1.0000,True,1.0000,True,True,0.8162
loftr,iris,MMU-Iris_genuine_49,13,13,561,561,561,430,0.7665,True,0.7665,True,True,1.4501
orb,iris,MMU-Iris_genuine_49,13,13,132,125,41,38,0.9268,True,0.9152,True,True,1.7534
sift,iris,MMU-Iris_genuine_49,13,13,25,23,12,8,0.6667,True,0.6455,True,True,0.7242
superglue,iris,MMU-Iris_genuine_49,13,13,87,88,72,44,0.6111,True,0.5945,True,True,2.0514
sgmnet,iris,MMU-Iris_genuine_49,13,13,242,243,97,52,0.5361,True,0.5361,True,True,1.3883
aspanformer,iris,MMU-Iris_genuine_49,13,13,1991,1991,1991,1521,0.7639,True,0.7639,True,True,1.4592
deepdetect,iris,MMU-Iris_genuine_49,13,13,4075,4008,868,812,0.9355,True,0.9355,True,True,0.8854
loftr,iris,MMU-Iris_genuine_50,27,27,555,555,555,461,0.8306,True,0.8273,True,True,1.5801
orb,iris,MMU-Iris_genuine_50,27,27,31,27,4,0,,False,,True,False,
sift,iris,MMU-Iris_genuine_50,27,27,17,9,11,8,0.7273,True,0.7042,True,True,1.2847
superglue,iris,MMU-Iris_genuine_50,27,27,73,71,62,35,0.5645,True,0.5377,True,True,2.4732
sgmnet,iris,MMU-Iris_genuine_50,27,27,258,218,98,39,0.3980,False,0.3980,True,False,1.4990
aspanformer,iris,MMU-Iris_genuine_50,27,27,1886,1886,1886,1401,0.7428,True,0.7305,True,True,1.8350
deepdetect,iris,MMU-Iris_genuine_50,27,27,3938,3592,394,393,0.9975,True,0.9975,True,True,0.9519
loftr,iris,MMU-Iris_genuine_51,13,13,803,803,803,659,0.8207,True,0.8207,True,True,0.6262
orb,iris,MMU-Iris_genuine_51,13,13,123,121,52,47,0.9038,True,0.9038,True,True,1.4507
sift,iris,MMU-Iris_genuine_51,13,13,20,19,9,8,0.8889,True,0.8606,True,True,0.7588
superglue,iris,MMU-Iris_genuine_51,13,13,87,78,69,49,0.7101,True,0.6832,True,True,2.2724
sgmnet,iris,MMU-Iris_genuine_51,13,13,212,225,77,58,0.7532,True,0.7532,True,True,1.1196
aspanformer,iris,MMU-Iris_genuine_51,13,13,2916,2916,2916,2916,1.0000,True,1.0000,True,True,0.3346
deepdetect,iris,MMU-Iris_genuine_51,13,13,4017,3976,1289,1288,0.9992,True,0.9992,True,True,0.5573
loftr,iris,MMU-Iris_genuine_52,26,26,247,247,247,203,0.8219,True,0.8198,True,True,1.5509
orb,iris,MMU-Iris_genuine_52,26,26,58,53,8,0,,False,,True,False,
sift,iris,MMU-Iris_genuine_52,26,26,12,13,5,0,,False,,True,False,
superglue,iris,MMU-Iris_genuine_52,26,26,72,71,63,38,0.6032,True,0.5921,True,True,1.8698
sgmnet,iris,MMU-Iris_genuine_52,26,26,169,210,48,26,0.5417,True,0.5416,True,True,1.3422
aspanformer,iris,MMU-Iris_genuine_52,26,26,1503,1503,1503,1357,0.9029,True,0.9029,True,True,1.0632
deepdetect,iris,MMU-Iris_genuine_52,26,26,3742,3790,1108,1108,1.0000,True,1.0000,True,True,0.6521
loftr,iris,MMU-Iris_genuine_53,25,25,392,392,392,256,0.6531,True,0.6350,True,True,2.0609
orb,iris,MMU-Iris_genuine_53,25,25,57,43,5,0,,False,,True,False,
sift,iris,MMU-Iris_genuine_53,25,25,23,15,9,0,,False,,True,False,
superglue,iris,MMU-Iris_genuine_53,25,25,93,83,68,36,0.5294,True,0.5045,True,True,2.4657
sgmnet,iris,MMU-Iris_genuine_53,25,25,238,219,72,39,0.5417,True,0.5417,True,True,1.4531
aspanformer,iris,MMU-Iris_genuine_53,25,25,1343,1343,1343,839,0.6247,True,0.6148,True,True,1.8200
deepdetect,iris,MMU-Iris_genuine_53,25,25,4815,4080,648,595,0.9182,True,0.9182,True,True,1.0246
loftr,iris,MMU-Iris_genuine_54,37,37,725,725,725,632,0.8717,True,0.8520,True,True,1.9581
orb,iris,MMU-Iris_genuine_54,37,37,1,18,0,0,,False,,True,False,
sift,iris,MMU-Iris_genuine_54,37,37,5,6,3,0,,False,,True,False,
superglue,iris,MMU-Iris_genuine_54,37,37,79,86,69,40,0.5797,True,0.5594,True,True,2.2144
sgmnet,iris,MMU-Iris_genuine_54,37,37,207,241,73,32,0.4384,True,0.4384,True,True,1.3661
aspanformer,iris,MMU-Iris_genuine_54,37,37,2147,2147,2147,1926,0.8971,True,0.8804,True,True,1.8744
deepdetect,iris,MMU-Iris_genuine_54,37,37,4297,4590,357,353,0.9888,True,0.9888,True,True,0.7326
loftr,iris,MMU-Iris_genuine_55,21,21,644,644,644,460,0.7143,True,0.7067,True,True,1.7145
orb,iris,MMU-Iris_genuine_55,21,21,107,50,18,15,0.8333,True,0.8303,True,True,1.4957
sift,iris,MMU-Iris_genuine_55,21,21,21,27,2,0,,False,,True,False,
superglue,iris,MMU-Iris_genuine_55,21,21,89,82,51,30,0.5882,True,0.5720,True,True,2.0597
sgmnet,iris,MMU-Iris_genuine_55,21,21,223,237,83,46,0.5542,True,0.5542,True,True,1.4817
aspanformer,iris,MMU-Iris_genuine_55,21,21,1650,1650,1650,1387,0.8406,True,0.8406,True,True,1.2531
deepdetect,iris,MMU-Iris_genuine_55,21,21,4117,4292,651,650,0.9985,True,0.9985,True,True,0.6634
loftr,iris,MMU-Iris_genuine_56,6,6,696,696,696,449,0.6451,True,0.6260,True,True,2.1005
orb,iris,MMU-Iris_genuine_56,6,6,88,79,5,0,,False,,True,False,
sift,iris,MMU-Iris_genuine_56,6,6,17,22,9,7,0.7778,True,0.7453,True,True,1.2918
superglue,iris,MMU-Iris_genuine_56,6,6,90,88,74,43,0.5811,True,0.5596,True,True,2.2520
sgmnet,iris,MMU-Iris_genuine_56,6,6,169,225,54,19,0.3519,False,0.3515,True,False,1.4894
aspanformer,iris,MMU-Iris_genuine_56,6,6,1772,1772,1772,1039,0.5863,True,0.5601,True,True,2.4154
deepdetect,iris,MMU-Iris_genuine_56,6,6,4745,4025,66,63,0.9545,True,0.9545,True,True,1.0849
loftr,iris,MMU-Iris_genuine_57,11,11,823,823,823,676,0.8214,True,0.8058,True,True,1.8826
orb,iris,MMU-Iris_genuine_57,11,11,75,96,10,9,0.9000,True,0.8785,True,True,0.9173
sift,iris,MMU-Iris_genuine_57,11,11,15,22,4,4,1.0000,True,0.9165,True,True,0.0000
superglue,iris,MMU-Iris_genuine_57,11,11,94,88,68,41,0.6029,True,0.5852,True,True,2.0966
sgmnet,iris,MMU-Iris_genuine_57,11,11,269,330,119,63,0.5294,True,0.5292,True,True,1.5075
aspanformer,iris,MMU-Iris_genuine_57,11,11,2121,2121,2121,1512,0.7129,True,0.6907,True,True,2.1313
deepdetect,iris,MMU-Iris_genuine_57,11,11,4265,4391,490,483,0.9857,True,0.9857,True,True,0.6707
loftr,iris,MMU-Iris_genuine_58,44,44,497,497,497,463,0.9316,True,0.9130,True,True,1.9025
orb,iris,MMU-Iris_genuine_58,44,44,60,70,5,0,,False,,True,False,
sift,iris,MMU-Iris_genuine_58,44,44,15,14,10,0,,False,,True,False,
superglue,iris,MMU-Iris_genuine_58,44,44,91,88,68,47,0.6912,True,0.6698,True,True,2.1291
sgmnet,iris,MMU-Iris_genuine_58,44,44,248,269,79,55,0.6962,True,0.6944,True,True,1.5517
aspanformer,iris,MMU-Iris_genuine_58,44,44,2251,2251,2251,1913,0.8498,True,0.8376,True,True,1.7912
deepdetect,iris,MMU-Iris_genuine_58,44,44,4814,4327,332,330,0.9940,True,0.9940,True,True,0.8336
loftr,iris,MMU-Iris_genuine_59,30,30,483,483,483,315,0.6522,True,0.6276,True,True,2.2678
orb,iris,MMU-Iris_genuine_59,30,30,217,142,20,13,0.6500,True,0.6455,True,True,0.7681
sift,iris,MMU-Iris_genuine_59,30,30,39,32,6,0,,False,,True,False,
superglue,iris,MMU-Iris_genuine_59,30,30,89,90,61,27,0.4426,False,0.4305,True,False,2.0549
sgmnet,iris,MMU-Iris_genuine_59,30,30,221,256,73,28,0.3836,False,0.3835,True,False,1.3487
aspanformer,iris,MMU-Iris_genuine_59,30,30,1547,1547,1547,907,0.5863,True,0.5590,True,True,2.4533
deepdetect,iris,MMU-Iris_genuine_59,30,30,4766,4939,238,238,1.0000,True,1.0000,True,True,0.5742
loftr,iris,MMU-Iris_genuine_60,34,34,398,398,398,264,0.6633,True,0.6357,True,True,2.3515
orb,iris,MMU-Iris_genuine_60,34,34,68,63,1,0,,False,,True,False,
sift,iris,MMU-Iris_genuine_60,34,34,14,8,4,0,,False,,True,False,
superglue,iris,MMU-Iris_genuine_60,34,34,94,80,39,22,0.5641,True,0.5459,True,True,2.1482
sgmnet,iris,MMU-Iris_genuine_60,34,34,232,206,86,26,0.3023,False,0.3023,True,False,1.4426
aspanformer,iris,MMU-Iris_genuine_60,34,34,1339,1339,1339,885,0.6609,True,0.6391,True,True,2.1733
deepdetect,iris,MMU-Iris_genuine_60,34,34,4558,3545,27,27,1.0000,True,1.0000,True,True,0.5684
loftr,iris,MMU-Iris_genuine_61,15,15,553,553,553,373,0.6745,True,0.6657,True,True,1.7617
orb,iris,MMU-Iris_genuine_61,15,15,130,108,28,17,0.6071,True,0.5982,True,True,1.7581
sift,iris,MMU-Iris_genuine_61,15,15,34,14,11,8,0.7273,True,0.6950,True,True,1.7628
superglue,iris,MMU-Iris_genuine_61,15,15,94,77,71,43,0.6056,True,0.5765,True,True,2.4850
sgmnet,iris,MMU-Iris_genuine_61,15,15,254,229,95,43,0.4526,True,0.4497,True,True,1.6291
aspanformer,iris,MMU-Iris_genuine_61,15,15,1714,1714,1714,1272,0.7421,True,0.7163,True,True,2.2090
deepdetect,iris,MMU-Iris_genuine_61,15,15,4971,4707,90,90,1.0000,True,1.0000,True,True,0.7588
loftr,iris,MMU-Iris_genuine_62,27,27,579,579,579,438,0.7565,True,0.7357,True,True,2.0574
orb,iris,MMU-Iris_genuine_62,27,27,34,31,3,0,,False,,True,False,
sift,iris,MMU-Iris_genuine_62,27,27,12,17,6,4,0.6667,True,0.6110,True,True,0.0000
superglue,iris,MMU-Iris_genuine_62,27,27,74,73,60,32,0.5333,True,0.5145,True,True,2.2195
sgmnet,iris,MMU-Iris_genuine_62,27,27,212,258,92,40,0.4348,True,0.4332,True,True,1.5722
aspanformer,iris,MMU-Iris_genuine_62,27,27,1855,1855,1855,1363,0.7348,True,0.7246,True,True,1.7779
deepdetect,iris,MMU-Iris_genuine_62,27,27,3832,3938,170,170,1.0000,True,1.0000,True,True,0.9647
loftr,iris,MMU-Iris_genuine_63,13,13,685,685,685,440,0.6423,True,0.6247,True,True,2.0554
orb,iris,MMU-Iris_genuine_63,13,13,90,166,27,23,0.8519,True,0.8516,True,True,1.3943
sift,iris,MMU-Iris_genuine_63,13,13,25,31,8,8,1.0000,True,0.9682,True,True,0.9321
superglue,iris,MMU-Iris_genuine_63,13,13,91,89,69,44,0.6377,True,0.6205,True,True,2.0459
sgmnet,iris,MMU-Iris_genuine_63,13,13,231,238,80,48,0.6000,True,0.6000,True,True,1.3037
aspanformer,iris,MMU-Iris_genuine_63,13,13,1897,1897,1897,1514,0.7981,True,0.7957,True,True,1.5613
deepdetect,iris,MMU-Iris_genuine_63,13,13,4353,4256,575,573,0.9965,True,0.9965,True,True,0.6181
loftr,iris,MMU-Iris_genuine_64,35,35,366,366,366,273,0.7459,True,0.7459,True,True,1.4333
orb,iris,MMU-Iris_genuine_64,35,35,100,77,7,0,,False,,True,False,
sift,iris,MMU-Iris_genuine_64,35,35,13,11,4,0,,False,,True,False,
superglue,iris,MMU-Iris_genuine_64,35,35,74,85,57,28,0.4912,True,0.4742,True,True,2.2027
sgmnet,iris,MMU-Iris_genuine_64,35,35,287,274,98,39,0.3980,False,0.3980,True,False,1.4811
aspanformer,iris,MMU-Iris_genuine_64,35,35,1524,1524,1524,1030,0.6759,True,0.6515,True,True,2.2330
deepdetect,iris,MMU-Iris_genuine_64,35,35,3574,3607,119,117,0.9832,True,0.9832,True,True,0.5874
loftr,iris,MMU-Iris_genuine_65,23,23,525,525,525,445,0.8476,True,0.8476,True,True,1.4264
orb,iris,MMU-Iris_genuine_65,23,23,109,73,25,19,0.7600,True,0.7593,True,True,1.2557
sift,iris,MMU-Iris_genuine_65,23,23,41,23,17,14,0.8235,True,0.8194,True,True,1.0506
superglue,iris,MMU-Iris_genuine_65,23,23,95,91,74,43,0.5811,True,0.5630,True,True,2.1335
sgmnet,iris,MMU-Iris_genuine_65,23,23,219,208,61,38,0.6230,True,0.6229,True,True,1.3313
aspanformer,iris,MMU-Iris_genuine_65,23,23,2220,2220,2220,1796,0.8090,True,0.8015,True,True,1.6874
deepdetect,iris,MMU-Iris_genuine_65,23,23,4523,4705,666,666,1.0000,True,1.0000,True,True,0.5481
loftr,iris,MMU-Iris_genuine_66,39,39,685,685,685,488,0.7124,True,0.7104,True,True,1.5574
orb,iris,MMU-Iris_genuine_66,39,39,102,107,9,6,0.6667,True,0.6308,True,True,0.2343
sift,iris,MMU-Iris_genuine_66,39,39,23,28,4,4,1.0000,True,0.9165,True,True,0.0000
superglue,iris,MMU-Iris_genuine_66,39,39,113,104,85,43,0.5059,True,0.4785,True,True,2.6147
sgmnet,iris,MMU-Iris_genuine_66,39,39,320,286,74,37,0.5000,True,0.5000,True,True,1.1387
aspanformer,iris,MMU-Iris_genuine_66,39,39,1818,1818,1818,1250,0.6876,True,0.6608,True,True,2.2955
deepdetect,iris,MMU-Iris_genuine_66,39,39,5122,4825,81,69,0.8519,True,0.8519,True,True,1.1073
loftr,iris,MMU-Iris_genuine_67,38,38,283,283,283,190,0.6714,True,0.6644,True,True,1.7105
orb,iris,MMU-Iris_genuine_67,38,38,54,82,5,0,,False,,True,False,
sift,iris,MMU-Iris_genuine_67,38,38,18,22,3,0,,False,,True,False,
superglue,iris,MMU-Iris_genuine_67,38,38,99,94,72,45,0.6250,True,0.6035,True,True,2.2001
sgmnet,iris,MMU-Iris_genuine_67,38,38,221,211,67,26,0.3881,False,0.3833,True,False,1.7470
aspanformer,iris,MMU-Iris_genuine_67,38,38,2034,2034,2034,1577,0.7753,True,0.7547,True,True,2.0394
deepdetect,iris,MMU-Iris_genuine_67,38,38,4338,4632,126,126,1.0000,True,1.0000,True,True,0.7136
loftr,iris,MMU-Iris_genuine_68,26,26,652,652,652,490,0.7515,True,0.7143,True,True,2.5173
orb,iris,MMU-Iris_genuine_68,26,26,81,91,14,0,,False,,True,False,
sift,iris,MMU-Iris_genuine_68,26,26,16,22,5,5,1.0000,True,0.9322,True,True,0.0324
superglue,iris,MMU-Iris_genuine_68,26,26,85,95,71,40,0.5634,True,0.5292,True,True,2.7512
sgmnet,iris,MMU-Iris_genuine_68,26,26,257,305,83,38,0.4578,True,0.4578,True,True,1.4052
aspanformer,iris,MMU-Iris_genuine_68,26,26,1843,1843,1843,1231,0.6679,True,0.6470,True,True,2.1355
deepdetect,iris,MMU-Iris_genuine_68,26,26,4267,4961,272,253,0.9301,True,0.9301,True,True,1.0186
loftr,iris,MMU-Iris_genuine_69,36,36,571,571,571,444,0.7776,True,0.7720,True,True,1.6447
orb,iris,MMU-Iris_genuine_69,36,36,111,71,10,0,,False,,True,False,
sift,iris,MMU-Iris_genuine_69,36,36,17,23,5,4,0.8000,True,0.7332,True,True,0.0000
superglue,iris,MMU-Iris_genuine_69,36,36,88,99,75,44,0.5867,True,0.5536,True,True,2.6619
sgmnet,iris,MMU-Iris_genuine_69,36,36,219,259,76,40,0.5263,True,0.5237,True,True,1.6007
aspanformer,iris,MMU-Iris_genuine_69,36,36,1906,1906,1906,1471,0.7718,True,0.7625,True,True,1.7416
deepdetect,iris,MMU-Iris_genuine_69,36,36,3801,4415,289,289,1.0000,True,1.0000,True,True,0.2966
loftr,iris,MMU-Iris_genuine_70,18,18,601,601,601,366,0.6090,True,0.5962,True,True,1.9252
orb,iris,MMU-Iris_genuine_70,18,18,81,76,24,22,0.9167,True,0.9163,True,True,1.0306
sift,iris,MMU-Iris_genuine_70,18,18,28,19,11,9,0.8182,True,0.7987,True,True,1.0941
superglue,iris,MMU-Iris_genuine_70,18,18,86,82,67,37,0.5522,True,0.5247,True,True,2.5226
sgmnet,iris,MMU-Iris_genuine_70,18,18,286,221,98,68,0.6939,True,0.6939,True,True,1.3744
aspanformer,iris,MMU-Iris_genuine_70,18,18,2254,2254,2254,2080,0.9228,True,0.9228,True,True,1.2985
deepdetect,iris,MMU-Iris_genuine_70,18,18,3844,3879,831,830,0.9988,True,0.9988,True,True,0.4081
loftr,iris,MMU-Iris_genuine_71,43,43,187,187,187,134,0.7166,True,0.7083,True,True,1.7311
orb,iris,MMU-Iris_genuine_71,43,43,58,58,25,21,0.8400,True,0.8396,True,True,1.4108
sift,iris,MMU-Iris_genuine_71,43,43,15,7,3,0,,False,,True,False,
superglue,iris,MMU-Iris_genuine_71,43,43,54,57,49,32,0.6531,True,0.6385,True,True,1.9508
sgmnet,iris,MMU-Iris_genuine_71,43,43,143,130,45,32,0.7111,True,0.7111,True,True,1.3775
aspanformer,iris,MMU-Iris_genuine_71,43,43,1612,1612,1612,1164,0.7221,True,0.7072,True,True,1.9166
deepdetect,iris,MMU-Iris_genuine_71,43,43,3118,3071,745,745,1.0000,True,1.0000,True,True,0.5360
loftr,iris,MMU-Iris_genuine_72,12,12,603,603,603,417,0.6915,True,0.6892,True,True,1.5687
orb,iris,MMU-Iris_genuine_72,12,12,87,33,6,0,,False,,True,False,
sift,iris,MMU-Iris_genuine_72,12,12,23,10,4,0,,False,,True,False,
superglue,iris,MMU-Iris_genuine_72,12,12,95,82,55,32,0.5818,True,0.5651,True,True,2.0816
sgmnet,iris,MMU-Iris_genuine_72,12,12,279,281,85,42,0.4941,True,0.4941,True,True,1.4558
aspanformer,iris,MMU-Iris_genuine_72,12,12,1994,1994,1994,1922,0.9639,True,0.9639,True,True,0.8920
deepdetect,iris,MMU-Iris_genuine_72,12,12,4254,4499,404,404,1.0000,True,1.0000,True,True,0.4640
loftr,iris,MMU-Iris_genuine_73,11,11,847,847,847,610,0.7202,True,0.6982,True,True,2.1198
orb,iris,MMU-Iris_genuine_73,11,11,75,111,5,0,,False,,True,False,
sift,iris,MMU-Iris_genuine_73,11,11,15,21,4,0,,False,,True,False,
superglue,iris,MMU-Iris_genuine_73,11,11,94,92,75,41,0.5467,True,0.5227,True,True,2.3979
sgmnet,iris,MMU-Iris_genuine_73,11,11,269,301,101,50,0.4950,True,0.4947,True,True,1.5146
aspanformer,iris,MMU-Iris_genuine_73,11,11,2234,2234,2234,1636,0.7323,True,0.7184,True,True,1.8831
deepdetect,iris,MMU-Iris_genuine_73,11,11,4265,4564,343,343,1.0000,True,1.0000,True,True,0.3275
loftr,iris,MMU-Iris_genuine_74,40,40,613,613,613,464,0.7569,True,0.7569,True,True,1.4384
orb,iris,MMU-Iris_genuine_74,40,40,165,156,34,26,0.7647,True,0.7544,True,True,1.7698
sift,iris,MMU-Iris_genuine_74,40,40,34,26,7,6,0.8571,True,0.8110,True,True,1.0673
superglue,iris,MMU-Iris_genuine_74,40,40,103,91,42,25,0.5952,True,0.5810,True,True,1.9820
sgmnet,iris,MMU-Iris_genuine_74,40,40,294,241,85,49,0.5765,True,0.5759,True,True,1.5197
aspanformer,iris,MMU-Iris_genuine_74,40,40,1873,1873,1873,1355,0.7234,True,0.7099,True,True,1.8769
deepdetect,iris,MMU-Iris_genuine_74,40,40,4924,4641,796,796,1.0000,True,1.0000,True,True,0.7080
loftr,iris,MMU-Iris_genuine_75,2,2,470,470,470,330,0.7021,True,0.6876,True,True,1.9180
orb,iris,MMU-Iris_genuine_75,2,2,118,122,13,8,0.6154,True,0.5814,True,True,1.9893
sift,iris,MMU-Iris_genuine_75,2,2,44,23,1,0,,False,,True,False,
superglue,iris,MMU-Iris_genuine_75,2,2,106,102,70,39,0.5571,True,0.5304,True,True,2.4847
sgmnet,iris,MMU-Iris_genuine_75,2,2,314,277,96,31,0.3229,False,0.3219,True,False,1.5644
aspanformer,iris,MMU-Iris_genuine_75,2,2,1495,1495,1495,982,0.6569,True,0.6483,True,True,1.7618
deepdetect,iris,MMU-Iris_genuine_75,2,2,6433,5806,172,164,0.9535,True,0.9535,True,True,0.4342
loftr,iris,MMU-Iris_genuine_76,46,46,623,623,623,533,0.8555,True,0.8498,True,True,1.6339
orb,iris,MMU-Iris_genuine_76,46,46,105,77,15,15,1.0000,True,0.9854,True,True,1.7229
sift,iris,MMU-Iris_genuine_76,46,46,16,25,3,0,,False,,True,False,
superglue,iris,MMU-Iris_genuine_76,46,46,89,86,74,38,0.5135,True,0.4892,True,True,2.4701
sgmnet,iris,MMU-Iris_genuine_76,46,46,249,282,87,42,0.4828,True,0.4828,True,True,1.4556
aspanformer,iris,MMU-Iris_genuine_76,46,46,2182,2182,2182,2145,0.9830,True,0.9830,True,True,1.2746
deepdetect,iris,MMU-Iris_genuine_76,46,46,4586,4141,206,206,1.0000,True,1.0000,True,True,1.4612
loftr,iris,MMU-Iris_genuine_77,22,22,787,787,787,628,0.7980,True,0.7881,True,True,1.7492
orb,iris,MMU-Iris_genuine_77,22,22,163,107,41,33,0.8049,True,0.7848,True,True,2.0049
sift,iris,MMU-Iris_genuine_77,22,22,28,17,11,7,0.6364,True,0.6098,True,True,0.7632
superglue,iris,MMU-Iris_genuine_77,22,22,82,102,73,42,0.5753,True,0.5525,True,True,2.3115
sgmnet,iris,MMU-Iris_genuine_77,22,22,341,322,120,63,0.5250,True,0.5250,True,True,1.4021
aspanformer,iris,MMU-Iris_genuine_77,22,22,1796,1796,1796,1674,0.9321,True,0.9321,True,True,1.3937
deepdetect,iris,MMU-Iris_genuine_77,22,22,4573,4601,456,456,1.0000,True,1.0000,True,True,1.0153
loftr,iris,MMU-Iris_genuine_78,13,13,721,721,721,636,0.8821,True,0.8676,True,True,1.8314
orb,iris,MMU-Iris_genuine_78,13,13,90,157,15,12,0.8000,True,0.7924,True,True,1.2414
sift,iris,MMU-Iris_genuine_78,13,13,25,45,7,6,0.8571,True,0.8110,True,True,0.3977
superglue,iris,MMU-Iris_genuine_78,13,13,91,102,85,53,0.6235,True,0.6216,True,True,1.5628
sgmnet,iris,MMU-Iris_genuine_78,13,13,231,267,96,62,0.6458,True,0.6458,True,True,1.3091
aspanformer,iris,MMU-Iris_genuine_78,13,13,1699,1699,1699,1422,0.8370,True,0.8370,True,True,1.3715
deepdetect,iris,MMU-Iris_genuine_78,13,13,4353,4481,815,815,1.0000,True,1.0000,True,True,0.5980
loftr,iris,MMU-Iris_genuine_79,8,8,1119,1119,1119,1035,0.9249,True,0.9248,True,True,1.5022
orb,iris,MMU-Iris_genuine_79,8,8,69,82,12,10,0.8333,True,0.8153,True,True,1.5798
sift,iris,MMU-Iris_genuine_79,8,8,11,11,4,4,1.0000,True,0.9165,True,True,0.0000
superglue,iris,MMU-Iris_genuine_79,8,8,68,70,50,30,0.6000,True,0.5892,True,True,1.8621
sgmnet,iris,MMU-Iris_genuine_79,8,8,260,221,74,44,0.5946,True,0.5942,True,True,1.5148
aspanformer,iris,MMU-Iris_genuine_79,8,8,1906,1906,1906,1614,0.8468,True,0.8351,True,True,1.7790
deepdetect,iris,MMU-Iris_genuine_79,8,8,3956,4140,978,977,0.9990,True,0.9990,True,True,0.5706
loftr,iris,MMU-Iris_genuine_80,14,14,564,564,564,361,0.6401,True,0.6385,True,True,1.5497
orb,iris,MMU-Iris_genuine_80,14,14,113,119,1,0,,False,,True,False,
sift,iris,MMU-Iris_genuine_80,14,14,39,40,8,0,,False,,True,False,
superglue,iris,MMU-Iris_genuine_80,14,14,108,107,36,17,0.4722,True,0.4539,True,True,2.2557
sgmnet,iris,MMU-Iris_genuine_80,14,14,343,394,86,26,0.3023,False,0.3023,True,False,1.4764
aspanformer,iris,MMU-Iris_genuine_80,14,14,2138,2138,2138,1761,0.8237,True,0.8237,True,True,1.3997
deepdetect,iris,MMU-Iris_genuine_80,14,14,5516,4691,172,171,0.9942,True,0.9942,True,True,0.8700
loftr,iris,MMU-Iris_genuine_81,7,7,527,527,527,416,0.7894,True,0.7894,True,True,0.9564
orb,iris,MMU-Iris_genuine_81,7,7,65,63,12,9,0.7500,True,0.7321,True,True,1.3156
sift,iris,MMU-Iris_genuine_81,7,7,22,13,8,6,0.7500,True,0.7021,True,True,1.7146
superglue,iris,MMU-Iris_genuine_81,7,7,84,86,68,35,0.5147,True,0.4916,True,True,2.4204
sgmnet,iris,MMU-Iris_genuine_81,7,7,257,265,90,40,0.4444,True,0.4440,True,True,1.5221
aspanformer,iris,MMU-Iris_genuine_81,7,7,1367,1367,1367,751,0.5494,True,0.5477,True,True,1.5627
deepdetect,iris,MMU-Iris_genuine_81,7,7,3975,4532,68,66,0.9706,True,0.9706,True,True,0.3185
loftr,iris,MMU-Iris_genuine_82,7,7,676,676,676,529,0.7825,True,0.7531,True,True,2.2682
orb,iris,MMU-Iris_genuine_82,7,7,71,129,4,0,,False,,True,False,
sift,iris,MMU-Iris_genuine_82,7,7,26,23,10,7,0.7000,True,0.6708,True,True,1.0270
superglue,iris,MMU-Iris_genuine_82,7,7,90,101,80,38,0.4750,True,0.4579,True,True,2.2344
sgmnet,iris,MMU-Iris_genuine_82,7,7,234,253,81,49,0.6049,True,0.6005,True,True,1.6487
aspanformer,iris,MMU-Iris_genuine_82,7,7,2015,2015,2015,1486,0.7375,True,0.7136,True,True,2.1586
deepdetect,iris,MMU-Iris_genuine_82,7,7,4311,4640,151,123,0.8146,True,0.8146,True,True,0.6476
loftr,iris,MMU-Iris_genuine_83,30,30,232,232,232,116,0.5000,True,0.4870,True,True,2.0253
orb,iris,MMU-Iris_genuine_83,30,30,127,44,11,0,,False,,True,False,
sift,iris,MMU-Iris_genuine_83,30,30,22,17,3,0,,False,,True,False,
superglue,iris,MMU-Iris_genuine_83,30,30,88,85,12,6,0.5000,True,0.4731,True,True,1.4826
sgmnet,iris,MMU-Iris_genuine_83,30,30,278,264,74,40,0.5405,True,0.5405,True,True,1.4989
aspanformer,iris,MMU-Iris_genuine_83,30,30,1891,1891,1891,1553,0.8213,True,0.7935,True,True,2.1868
deepdetect,iris,MMU-Iris_genuine_83,30,30,4441,3843,84,81,0.9643,True,0.9643,True,True,0.7482
loftr,iris,MMU-Iris_genuine_84,39,39,962,962,962,675,0.7017,True,0.6836,True,True,2.0203
orb,iris,MMU-Iris_genuine_84,39,39,172,124,36,19,0.5278,True,0.5256,True,True,1.5633
sift,iris,MMU-Iris_genuine_84,39,39,30,36,7,6,0.8571,True,0.7978,True,True,1.8280
superglue,iris,MMU-Iris_genuine_84,39,39,104,101,87,45,0.5172,True,0.4960,True,True,2.3367
sgmnet,iris,MMU-Iris_genuine_84,39,39,246,301,92,48,0.5217,True,0.5217,True,True,1.3074
aspanformer,iris,MMU-Iris_genuine_84,39,39,1826,1826,1826,1286,0.7043,True,0.6802,True,True,2.1957
deepdetect,iris,MMU-Iris_genuine_84,39,39,4792,4858,403,402,0.9975,True,0.9975,True,True,0.6446
loftr,iris,MMU-Iris_genuine_85,26,26,486,486,486,315,0.6481,True,0.6243,True,True,2.2501
orb,iris,MMU-Iris_genuine_85,26,26,81,92,7,5,0.7143,True,0.6658,True,True,0.9832
sift,iris,MMU-Iris_genuine_85,26,26,16,26,10,9,0.9000,True,0.8785,True,True,1.3045
superglue,iris,MMU-Iris_genuine_85,26,26,85,98,64,27,0.4219,False,0.4071,True,False,2.2124
sgmnet,iris,MMU-Iris_genuine_85,26,26,257,274,98,36,0.3673,False,0.3673,True,False,1.4914
aspanformer,iris,MMU-Iris_genuine_85,26,26,1997,1997,1997,1212,0.6069,True,0.5848,True,True,2.2413
deepdetect,iris,MMU-Iris_genuine_85,26,26,4267,5009,263,251,0.9544,True,0.9544,True,True,0.9616
loftr,iris,MMU-Iris_genuine_86,17,17,380,380,380,252,0.6632,True,0.6527,True,True,1.8166
orb,iris,MMU-Iris_genuine_86,17,17,101,92,11,8,0.7273,True,0.7042,True,True,1.3431
sift,iris,MMU-Iris_genuine_86,17,17,27,21,9,7,0.7778,True,0.7453,True,True,0.7187
superglue,iris,MMU-Iris_genuine_86,17,17,91,84,41,23,0.5610,True,0.5540,True,True,1.7438
sgmnet,iris,MMU-Iris_genuine_86,17,17,287,267,110,50,0.4545,True,0.4545,True,True,1.4626
aspanformer,iris,MMU-Iris_genuine_86,17,17,1847,1847,1847,1549,0.8387,True,0.8387,True,True,1.3966
deepdetect,iris,MMU-Iris_genuine_86,17,17,4049,3652,582,570,0.9794,True,0.9794,True,True,0.6640
loftr,iris,MMU-Iris_genuine_87,26,26,551,551,551,400,0.7260,True,0.7205,True,True,1.6511
orb,iris,MMU-Iris_genuine_87,26,26,93,92,14,0,,False,,True,False,
sift,iris,MMU-Iris_genuine_87,26,26,26,26,9,6,0.6667,True,0.6308,True,True,0.4949
superglue,iris,MMU-Iris_genuine_87,26,26,87,98,69,43,0.6232,True,0.6000,True,True,2.2595
sgmnet,iris,MMU-Iris_genuine_87,26,26,265,274,85,44,0.5176,True,0.5176,True,True,1.2630
aspanformer,iris,MMU-Iris_genuine_87,26,26,1946,1946,1946,1566,0.8047,True,0.7913,True,True,1.8365
deepdetect,iris,MMU-Iris_genuine_87,26,26,4866,5009,630,585,0.9286,True,0.9286,True,True,0.5741
loftr,iris,MMU-Iris_genuine_88,26,26,552,552,552,397,0.7192,True,0.7150,True,True,1.6182
orb,iris,MMU-Iris_genuine_88,26,26,48,37,11,8,0.7273,True,0.7042,True,True,0.8803
sift,iris,MMU-Iris_genuine_88,26,26,8,7,5,5,1.0000,True,0.9322,True,True,0.4957
superglue,iris,MMU-Iris_genuine_88,26,26,66,79,53,28,0.5283,True,0.4985,True,True,2.6593
sgmnet,iris,MMU-Iris_genuine_88,26,26,177,193,53,27,0.5094,True,0.5094,True,True,1.3782
aspanformer,iris,MMU-Iris_genuine_88,26,26,1588,1588,1588,1214,0.7645,True,0.7645,True,True,1.4032
deepdetect,iris,MMU-Iris_genuine_88,26,26,3705,3662,196,194,0.9898,True,0.9898,True,True,0.9818
loftr,iris,MMU-Iris_genuine_89,19,19,561,561,561,453,0.8075,True,0.8075,True,True,1.4718
orb,iris,MMU-Iris_genuine_89,19,19,50,132,5,0,,False,,True,False,
sift,iris,MMU-Iris_genuine_89,19,19,10,20,6,6,1.0000,True,0.9462,True,True,0.6985
superglue,iris,MMU-Iris_genuine_89,19,19,82,84,66,36,0.5455,True,0.5223,True,True,2.3669
sgmnet,iris,MMU-Iris_genuine_89,19,19,163,201,51,23,0.4510,True,0.4509,True,True,1.4852
aspanformer,iris,MMU-Iris_genuine_89,19,19,1805,1805,1805,1315,0.7285,True,0.7150,True,True,1.8750
deepdetect,iris,MMU-Iris_genuine_89,19,19,3951,4339,242,242,1.0000,True,1.0000,True,True,0.4873
loftr,iris,MMU-Iris_genuine_90,41,41,734,734,734,600,0.8174,True,0.8046,True,True,1.8167
orb,iris,MMU-Iris_genuine_90,41,41,237,132,45,27,0.6000,True,0.6000,True,True,1.3216
sift,iris,MMU-Iris_genuine_90,41,41,35,36,13,9,0.6923,True,0.6758,True,True,0.8257
superglue,iris,MMU-Iris_genuine_90,41,41,94,90,72,59,0.8194,True,0.7753,True,True,2.6070
sgmnet,iris,MMU-Iris_genuine_90,41,41,321,400,104,61,0.5865,True,0.5854,True,True,1.5382
aspanformer,iris,MMU-Iris_genuine_90,41,41,1964,1964,1964,1366,0.6955,True,0.6747,True,True,2.1069
deepdetect,iris,MMU-Iris_genuine_90,41,41,3854,4146,657,657,1.0000,True,1.0000,True,True,0.5149
loftr,iris,MMU-Iris_genuine_91,21,21,562,562,562,402,0.7153,True,0.7084,True,True,1.6948
orb,iris,MMU-Iris_genuine_91,21,21,107,141,17,12,0.7059,True,0.6987,True,True,1.5148
sift,iris,MMU-Iris_genuine_91,21,21,21,31,6,0,,False,,True,False,
superglue,iris,MMU-Iris_genuine_91,21,21,89,95,67,39,0.5821,True,0.5516,True,True,2.5744
sgmnet,iris,MMU-Iris_genuine_91,21,21,223,260,76,52,0.6842,True,0.6842,True,True,1.3642
aspanformer,iris,MMU-Iris_genuine_91,21,21,1828,1828,1828,1291,0.7062,True,0.6829,True,True,2.1715
deepdetect,iris,MMU-Iris_genuine_91,21,21,4117,4646,362,362,1.0000,True,1.0000,True,True,0.9499
loftr,iris,MMU-Iris_genuine_92,8,8,833,833,833,691,0.8295,True,0.8281,True,True,1.5345
orb,iris,MMU-Iris_genuine_92,8,8,36,36,1,0,,False,,True,False,
sift,iris,MMU-Iris_genuine_92,8,8,17,9,5,0,,False,,True,False,
superglue,iris,MMU-Iris_genuine_92,8,8,80,66,56,30,0.5357,True,0.5196,True,True,2.1109
sgmnet,iris,MMU-Iris_genuine_92,8,8,228,200,71,26,0.3662,False,0.3662,True,False,1.4254
aspanformer,iris,MMU-Iris_genuine_92,8,8,1896,1896,1896,1597,0.8423,True,0.8423,True,True,1.3043
deepdetect,iris,MMU-Iris_genuine_92,8,8,4139,3901,271,271,1.0000,True,1.0000,True,True,0.7260
loftr,iris,MMU-Iris_genuine_93,41,41,548,548,548,400,0.7299,True,0.7271,True,True,1.5773
orb,iris,MMU-Iris_genuine_93,41,41,59,81,8,5,0.6250,True,0.5826,True,True,0.1662
sift,iris,MMU-Iris_genuine_93,41,41,24,40,9,0,,False,,True,False,
superglue,iris,MMU-Iris_genuine_93,41,41,82,80,50,30,0.6000,True,0.5728,True,True,2.4264
sgmnet,iris,MMU-Iris_genuine_93,41,41,322,368,123,67,0.5447,True,0.5424,True,True,1.5864
aspanformer,iris,MMU-Iris_genuine_93,41,41,1970,1970,1970,1877,0.9528,True,0.9377,True,True,1.8204
deepdetect,iris,MMU-Iris_genuine_93,41,41,4196,4299,518,489,0.9440,True,0.9440,True,True,0.5878
loftr,iris,MMU-Iris_genuine_94,40,40,406,406,406,248,0.6108,True,0.5851,True,True,2.3608
orb,iris,MMU-Iris_genuine_94,40,40,115,165,20,14,0.7000,True,0.6965,True,True,1.4541
sift,iris,MMU-Iris_genuine_94,40,40,37,34,7,0,,False,,True,False,
superglue,iris,MMU-Iris_genuine_94,40,40,102,93,75,44,0.5867,True,0.5622,True,True,2.3502
sgmnet,iris,MMU-Iris_genuine_94,40,40,271,249,95,53,0.5579,True,0.5579,True,True,1.4194
aspanformer,iris,MMU-Iris_genuine_94,40,40,1598,1598,1598,1098,0.6871,True,0.6871,True,True,0.8143
deepdetect,iris,MMU-Iris_genuine_94,40,40,4861,4432,461,435,0.9436,True,0.9436,True,True,0.8524
loftr,iris,MMU-Iris_genuine_95,12,12,575,575,575,437,0.7600,True,0.7499,True,True,1.7670
orb,iris,MMU-Iris_genuine_95,12,12,87,41,5,0,,False,,True,False,
sift,iris,MMU-Iris_genuine_95,12,12,23,12,5,4,0.8000,True,0.7332,True,True,0.0000
superglue,iris,MMU-Iris_genuine_95,12,12,95,86,47,25,0.5319,True,0.5188,True,True,1.9957
sgmnet,iris,MMU-Iris_genuine_95,12,12,279,252,84,43,0.5119,True,0.5119,True,True,1.4620
aspanformer,iris,MMU-Iris_genuine_95,12,12,1617,1617,1617,1350,0.8349,True,0.8059,True,True,2.2065
deepdetect,iris,MMU-Iris_genuine_95,12,12,4254,3963,360,357,0.9917,True,0.9917,True,True,0.4744
loftr,iris,MMU-Iris_genuine_96,38,38,428,428,428,316,0.7383,True,0.7382,True,True,1.5030
orb,iris,MMU-Iris_genuine_96,38,38,61,49,2,0,,False,,True,False,
sift,iris,MMU-Iris_genuine_96,38,38,13,16,3,0,,False,,True,False,
superglue,iris,MMU-Iris_genuine_96,38,38,99,98,68,45,0.6618,True,0.6371,True,True,2.2587
sgmnet,iris,MMU-Iris_genuine_96,38,38,271,227,77,27,0.3506,False,0.3506,True,False,1.4764
aspanformer,iris,MMU-Iris_genuine_96,38,38,1828,1828,1828,1414,0.7735,True,0.7575,True,True,1.9188
deepdetect,iris,MMU-Iris_genuine_96,38,38,4547,4014,237,237,1.0000,True,1.0000,True,True,1.0557
loftr,iris,MMU-Iris_genuine_97,5,5,379,379,379,151,0.3984,False,0.3915,True,False,1.8479
orb,iris,MMU-Iris_genuine_97,5,5,39,211,4,0,,False,,True,False,
sift,iris,MMU-Iris_genuine_97,5,5,10,51,1,0,,False,,True,False,
superglue,iris,MMU-Iris_genuine_97,5,5,95,107,19,13,0.6842,True,0.6703,True,True,1.7739
sgmnet,iris,MMU-Iris_genuine_97,5,5,339,269,83,20,0.2410,False,0.2388,True,False,1.6640
aspanformer,iris,MMU-Iris_genuine_97,5,5,1569,1569,1569,1089,0.6941,True,0.6941,True,True,1.2733
deepdetect,iris,MMU-Iris_genuine_97,5,5,4596,5907,10,9,0.9000,True,0.9000,True,True,1.0770
loftr,iris,MMU-Iris_genuine_98,17,17,455,455,455,360,0.7912,True,0.7912,True,True,1.1990
orb,iris,MMU-Iris_genuine_98,17,17,107,124,19,15,0.7895,True,0.7866,True,True,1.3504
sift,iris,MMU-Iris_genuine_98,17,17,18,24,3,0,,False,,True,False,
superglue,iris,MMU-Iris_genuine_98,17,17,85,77,48,20,0.4167,False,0.4003,True,False,2.2891
sgmnet,iris,MMU-Iris_genuine_98,17,17,293,270,74,27,0.3649,False,0.3648,True,False,1.3470
aspanformer,iris,MMU-Iris_genuine_98,17,17,2047,2047,2047,1540,0.7523,True,0.7508,True,True,1.5396
deepdetect,iris,MMU-Iris_genuine_98,17,17,4156,4430,356,355,0.9972,True,0.9972,True,True,0.5137
loftr,iris,MMU-Iris_genuine_99,34,34,409,409,409,259,0.6333,True,0.6228,True,True,1.8314
orb,iris,MMU-Iris_genuine_99,34,34,88,63,8,0,,False,,True,False,
sift,iris,MMU-Iris_genuine_99,34,34,29,8,7,0,,False,,True,False,
superglue,iris,MMU-Iris_genuine_99,34,34,80,80,34,19,0.5588,True,0.5471,True,True,1.9047
sgmnet,iris,MMU-Iris_genuine_99,34,34,193,206,23,9,0.3913,False,0.3820,True,False,0.3592
aspanformer,iris,MMU-Iris_genuine_99,34,34,1334,1334,1334,1034,0.7751,True,0.7478,True,True,2.2181
deepdetect,iris,MMU-Iris_genuine_99,34,34,4157,3545,22,22,1.0000,True,1.0000,True,True,0.2004
loftr,iris,MMU-Iris_genuine_100,44,44,433,433,433,320,0.7390,True,0.7390,True,True,1.4084
orb,iris,MMU-Iris_genuine_100,44,44,152,44,11,7,0.6364,True,0.6098,True,True,0.7048
sift,iris,MMU-Iris_genuine_100,44,44,42,17,16,10,0.6250,True,0.6140,True,True,0.6313
superglue,iris,MMU-Iris_genuine_100,44,44,113,97,78,44,0.5641,True,0.5448,True,True,2.1960
sgmnet,iris,MMU-Iris_genuine_100,44,44,381,253,93,64,0.6882,True,0.6882,True,True,1.3809
aspanformer,iris,MMU-Iris_genuine_100,44,44,1887,1887,1887,1128,0.5978,True,0.5978,True,True,0.8869
deepdetect,iris,MMU-Iris_genuine_100,44,44,5051,4776,41,41,1.0000,True,1.0000,True,True,1.0099
loftr,iris,MMU-Iris_genuine_101,9,9,371,371,371,277,0.7466,True,0.7415,True,True,1.6371
orb,iris,MMU-Iris_genuine_101,9,9,186,115,23,12,0.5217,True,0.5044,True,True,1.9862
sift,iris,MMU-Iris_genuine_101,9,9,21,21,4,0,,False,,True,False,
superglue,iris,MMU-Iris_genuine_101,9,9,86,83,64,35,0.5469,True,0.5352,True,True,1.9305
sgmnet,iris,MMU-Iris_genuine_101,9,9,260,223,83,45,0.5422,True,0.5422,True,True,1.4232
aspanformer,iris,MMU-Iris_genuine_101,9,9,2262,2262,2262,2047,0.9050,True,0.8735,True,True,2.2076
deepdetect,iris,MMU-Iris_genuine_101,9,9,4433,4471,431,429,0.9954,True,0.9954,True,True,0.9346
loftr,iris,MMU-Iris_genuine_102,17,17,508,508,508,400,0.7874,True,0.7874,True,True,0.7489
orb,iris,MMU-Iris_genuine_102,17,17,72,70,25,22,0.8800,True,0.8723,True,True,1.6698
sift,iris,MMU-Iris_genuine_102,17,17,11,21,7,5,0.7143,True,0.6658,True,True,1.0854
superglue,iris,MMU-Iris_genuine_102,17,17,87,90,64,37,0.5781,True,0.5546,True,True,2.3299
sgmnet,iris,MMU-Iris_genuine_102,17,17,261,297,113,78,0.6903,True,0.6903,True,True,1.3927
aspanformer,iris,MMU-Iris_genuine_102,17,17,2550,2550,2550,2445,0.9588,True,0.9588,True,True,0.8808
deepdetect,iris,MMU-Iris_genuine_102,17,17,3585,3525,974,974,1.0000,True,1.0000,True,True,0.4758
loftr,iris,MMU-Iris_genuine_103,30,30,236,236,236,185,0.7839,True,0.7687,True,True,1.8917
orb,iris,MMU-Iris_genuine_103,30,30,217,106,12,0,,False,,True,False,
sift,iris,MMU-Iris_genuine_103,30,30,39,25,2,0,,False,,True,False,
superglue,iris,MMU-Iris_genuine_103,30,30,89,108,63,31,0.4921,True,0.4712,True,True,2.3674
sgmnet,iris,MMU-Iris_genuine_103,30,30,221,298,67,37,0.5522,True,0.5522,True,True,1.1831
aspanformer,iris,MMU-Iris_genuine_103,30,30,794,794,794,486,0.6121,True,0.5916,True,True,2.1804
deepdetect,iris,MMU-Iris_genuine_103,30,30,4766,4306,203,196,0.9655,True,0.9655,True,True,0.5110
loftr,iris,MMU-Iris_genuine_104,27,27,453,453,453,276,0.6093,True,0.6070,True,True,1.5763
orb,iris,MMU-Iris_genuine_104,27,27,34,27,1,0,,False,,True,False,
sift,iris,MMU-Iris_genuine_104,27,27,12,9,7,0,,False,,True,False,
superglue,iris,MMU-Iris_genuine_104,27,27,74,71,64,33,0.5156,True,0.4997,True,True,2.1277
sgmnet,iris,MMU-Iris_genuine_104,27,27,212,218,77,28,0.3636,False,0.3603,True,False,1.6823
aspanformer,iris,MMU-Iris_genuine_104,27,27,1923,1923,1923,1787,0.9293,True,0.9293,True,True,0.8398
deepdetect,iris,MMU-Iris_genuine_104,27,27,3832,3592,219,219,1.0000,True,1.0000,True,True,0.5836
loftr,iris,MMU-Iris_genuine_105,21,21,640,640,640,463,0.7234,True,0.7160,True,True,1.7057
orb,iris,MMU-Iris_genuine_105,21,21,50,141,8,8,1.0000,True,0.9682,True,True,1.0957
sift,iris,MMU-Iris_genuine_105,21,21,27,31,2,0,,False,,True,False,
superglue,iris,MMU-Iris_genuine_105,21,21,82,95,55,28,0.5091,True,0.4830,True,True,2.5498
sgmnet,iris,MMU-Iris_genuine_105,21,21,237,260,89,53,0.5955,True,0.5955,True,True,1.4537
aspanformer,iris,MMU-Iris_genuine_105,21,21,2001,2001,2001,1505,0.7521,True,0.7412,True,True,1.7922
deepdetect,iris,MMU-Iris_genuine_105,21,21,4292,4646,357,357,1.0000,True,1.0000,True,True,0.6212
loftr,iris,MMU-Iris_genuine_106,39,39,1152,1152,1152,1051,0.9123,True,0.9123,True,True,1.0824
orb,iris,MMU-Iris_genuine_106,39,39,124,89,16,12,0.7500,True,0.7429,True,True,1.1676
sift,iris,MMU-Iris_genuine_106,39,39,36,31,15,12,0.8000,True,0.7811,True,True,1.7883
superglue,iris,MMU-Iris_genuine_106,39,39,101,82,75,36,0.4800,True,0.4633,True,True,2.2086
sgmnet,iris,MMU-Iris_genuine_106,39,39,301,279,98,74,0.7551,True,0.7551,True,True,1.3692
aspanformer,iris,MMU-Iris_genuine_106,39,39,2349,2349,2349,2199,0.9361,True,0.9361,True,True,1.1324
deepdetect,iris,MMU-Iris_genuine_106,39,39,4858,5036,664,664,1.0000,True,1.0000,True,True,0.3573
loftr,iris,MMU-Iris_genuine_107,42,42,981,981,981,699,0.7125,True,0.7125,True,True,1.2480
orb,iris,MMU-Iris_genuine_107,42,42,207,143,43,34,0.7907,True,0.7907,True,True,1.2832
sift,iris,MMU-Iris_genuine_107,42,42,45,32,12,9,0.7500,True,0.7190,True,True,1.8610
superglue,iris,MMU-Iris_genuine_107,42,42,135,118,102,57,0.5588,True,0.5407,True,True,2.1597
sgmnet,iris,MMU-Iris_genuine_107,42,42,449,372,162,89,0.5494,True,0.5494,True,True,1.3221
aspanformer,iris,MMU-Iris_genuine_107,42,42,2169,2169,2169,1856,0.8557,True,0.8360,True,True,1.9657
deepdetect,iris,MMU-Iris_genuine_107,42,42,5550,5406,1040,1017,0.9779,True,0.9779,True,True,0.6207
loftr,iris,MMU-Iris_genuine_108,35,35,674,674,674,525,0.7789,True,0.7719,True,True,1.6801
orb,iris,MMU-Iris_genuine_108,35,35,89,47,22,22,1.0000,True,0.9994,True,True,1.5059
sift,iris,MMU-Iris_genuine_108,35,35,16,13,6,6,1.0000,True,0.9462,True,True,0.8556
superglue,iris,MMU-Iris_genuine_108,35,35,79,70,63,42,0.6667,True,0.6354,True,True,2.4599
sgmnet,iris,MMU-Iris_genuine_108,35,35,318,255,136,99,0.7279,True,0.7279,True,True,1.3673
aspanformer,iris,MMU-Iris_genuine_108,35,35,1330,1330,1330,1033,0.7767,True,0.7767,True,True,1.2122
deepdetect,iris,MMU-Iris_genuine_108,35,35,4143,4084,800,800,1.0000,True,1.0000,True,True,0.8017
loftr,iris,MMU-Iris_genuine_109,2,2,335,335,335,173,0.5164,True,0.4965,True,True,2.2851
orb,iris,MMU-Iris_genuine_109,2,2,163,125,19,11,0.5789,True,0.5714,True,True,0.7392
sift,iris,MMU-Iris_genuine_109,2,2,31,18,2,0,,False,,True,False,
superglue,iris,MMU-Iris_genuine_109,2,2,100,98,1,0,,False,,True,False,
sgmnet,iris,MMU-Iris_genuine_109,2,2,331,427,71,22,0.3099,False,0.3097,True,False,1.1998
aspanformer,iris,MMU-Iris_genuine_109,2,2,1035,1035,1035,562,0.5430,True,0.5267,True,True,2.1085
deepdetect,iris,MMU-Iris_genuine_109,2,2,4439,4563,0,0,,False,,True,False,
loftr,iris,MMU-Iris_genuine_110,42,42,487,487,487,193,0.3963,False,0.3762,True,False,2.5395
orb,iris,MMU-Iris_genuine_110,42,42,83,143,6,0,,False,,True,False,
sift,iris,MMU-Iris_genuine_110,42,42,14,32,3,0,,False,,True,False,
superglue,iris,MMU-Iris_genuine_110,42,42,87,118,49,21,0.4286,False,0.4155,True,False,2.1107
sgmnet,iris,MMU-Iris_genuine_110,42,42,258,372,82,32,0.3902,False,0.3902,True,False,1.4557
aspanformer,iris,MMU-Iris_genuine_110,42,42,1171,1171,1171,667,0.5696,True,0.5391,True,True,2.6021
deepdetect,iris,MMU-Iris_genuine_110,42,42,3209,5406,10,10,1.0000,True,1.0000,True,True,0.7521
loftr,iris,MMU-Iris_genuine_111,24,24,536,536,536,346,0.6455,True,0.6400,True,True,1.6707
orb,iris,MMU-Iris_genuine_111,24,24,119,124,17,8,0.4706,True,0.4556,True,True,0.9560
sift,iris,MMU-Iris_genuine_111,24,24,46,35,11,6,0.5455,True,0.5161,True,True,0.5491
superglue,iris,MMU-Iris_genuine_111,24,24,93,82,17,12,0.7059,True,0.6822,True,True,1.9909
sgmnet,iris,MMU-Iris_genuine_111,24,24,342,305,109,47,0.4312,True,0.4312,True,True,1.2256
aspanformer,iris,MMU-Iris_genuine_111,24,24,1845,1845,1845,1016,0.5507,True,0.5507,True,True,1.3326
deepdetect,iris,MMU-Iris_genuine_111,24,24,4842,4521,366,364,0.9945,True,0.9945,True,True,0.3818
loftr,iris,MMU-Iris_genuine_112,46,46,584,584,584,471,0.8065,True,0.8065,True,True,0.9997
orb,iris,MMU-Iris_genuine_112,46,46,134,118,24,11,0.4583,False,0.4486,True,False,1.6667
sift,iris,MMU-Iris_genuine_112,46,46,30,26,10,6,0.6000,True,0.5677,True,True,0.9206
superglue,iris,MMU-Iris_genuine_112,46,46,96,94,64,34,0.5312,True,0.5125,True,True,2.2190
sgmnet,iris,MMU-Iris_genuine_112,46,46,271,327,91,39,0.4286,True,0.4286,True,True,1.3660
aspanformer,iris,MMU-Iris_genuine_112,46,46,2687,2687,2687,2532,0.9423,True,0.9423,True,True,0.9948
deepdetect,iris,MMU-Iris_genuine_112,46,46,4477,4885,165,164,0.9939,True,0.9939,True,True,0.5051
loftr,iris,MMU-Iris_genuine_113,11,11,448,448,448,335,0.7478,True,0.7376,True,True,1.7736
orb,iris,MMU-Iris_genuine_113,11,11,227,222,104,85,0.8173,True,0.8173,True,True,1.3879
sift,iris,MMU-Iris_genuine_113,11,11,46,63,20,19,0.9500,True,0.9491,True,True,0.9824
superglue,iris,MMU-Iris_genuine_113,11,11,93,90,77,39,0.5065,True,0.4867,True,True,2.2986
sgmnet,iris,MMU-Iris_genuine_113,11,11,213,238,76,41,0.5395,True,0.5395,True,True,1.3482
aspanformer,iris,MMU-Iris_genuine_113,11,11,2007,2007,2007,1769,0.8814,True,0.8695,True,True,1.7716
deepdetect,iris,MMU-Iris_genuine_113,11,11,5398,5497,1498,1498,1.0000,True,1.0000,True,True,0.4083
loftr,iris,MMU-Iris_genuine_114,2,2,347,347,347,253,0.7291,True,0.7196,True,True,1.7618
orb,iris,MMU-Iris_genuine_114,2,2,123,58,3,0,,False,,True,False,
sift,iris,MMU-Iris_genuine_114,2,2,39,16,8,5,0.6250,True,0.5826,True,True,0.3095
superglue,iris,MMU-Iris_genuine_114,2,2,107,87,62,31,0.5000,True,0.4854,True,True,2.0927
sgmnet,iris,MMU-Iris_genuine_114,2,2,256,273,67,27,0.4030,True,0.4024,True,True,1.5279
aspanformer,iris,MMU-Iris_genuine_114,2,2,1801,1801,1801,1459,0.8101,True,0.7818,True,True,2.2120
deepdetect,iris,MMU-Iris_genuine_114,2,2,6185,4226,419,403,0.9618,True,0.9618,True,True,0.4023
loftr,iris,MMU-Iris_genuine_115,9,9,347,347,347,274,0.7896,True,0.7854,True,True,1.6062
orb,iris,MMU-Iris_genuine_115,9,9,221,129,62,0,,False,,True,False,
sift,iris,MMU-Iris_genuine_115,9,9,23,27,5,4,0.8000,True,0.7332,True,True,0.0000
superglue,iris,MMU-Iris_genuine_115,9,9,79,86,62,33,0.5323,True,0.5050,True,True,2.5494
sgmnet,iris,MMU-Iris_genuine_115,9,9,220,259,90,49,0.5444,True,0.5444,True,True,1.3196
aspanformer,iris,MMU-Iris_genuine_115,9,9,1710,1710,1710,1452,0.8491,True,0.8491,True,True,1.1093
deepdetect,iris,MMU-Iris_genuine_115,9,9,4341,4617,770,770,1.0000,True,1.0000,True,True,1.0547
loftr,iris,MMU-Iris_genuine_116,24,24,540,540,540,453,0.8389,True,0.8317,True,True,1.6716
orb,iris,MMU-Iris_genuine_116,24,24,52,71,5,0,,False,,True,False,
sift,iris,MMU-Iris_genuine_116,24,24,19,23,10,0,,False,,True,False,
superglue,iris,MMU-Iris_genuine_116,24,24,86,87,17,10,0.5882,True,0.5697,True,True,1.7819
sgmnet,iris,MMU-Iris_genuine_116,24,24,338,308,121,70,0.5785,True,0.5785,True,True,1.4573
aspanformer,iris,MMU-Iris_genuine_116,24,24,2011,2011,2011,1227,0.6101,True,0.6101,True,True,0.5980
deepdetect,iris,MMU-Iris_genuine_116,24,24,4622,4285,637,630,0.9890,True,0.9890,True,True,0.4056
loftr,iris,MMU-Iris_genuine_117,28,28,555,555,555,515,0.9279,True,0.9176,True,True,1.7230
orb,iris,MMU-Iris_genuine_117,28,28,124,83,37,29,0.7838,True,0.7747,True,True,1.7322
sift,iris,MMU-Iris_genuine_117,28,28,35,28,16,15,0.9375,True,0.9341,True,True,1.2395
superglue,iris,MMU-Iris_genuine_117,28,28,91,83,70,47,0.6714,True,0.6499,True,True,2.1506
sgmnet,iris,MMU-Iris_genuine_117,28,28,225,263,87,67,0.7701,True,0.7701,True,True,1.2856
aspanformer,iris,MMU-Iris_genuine_117,28,28,1471,1471,1471,1166,0.7927,True,0.7914,True,True,1.5312
deepdetect,iris,MMU-Iris_genuine_117,28,28,4022,4257,941,941,1.0000,True,1.0000,True,True,0.5943
loftr,iris,MMU-Iris_genuine_118,21,21,665,665,665,522,0.7850,True,0.7688,True,True,1.9159
orb,iris,MMU-Iris_genuine_118,21,21,50,136,6,6,1.0000,True,0.9462,True,True,0.9169
sift,iris,MMU-Iris_genuine_118,21,21,27,41,5,5,1.0000,True,0.9322,True,True,0.4560
superglue,iris,MMU-Iris_genuine_118,21,21,82,97,68,35,0.5147,True,0.4910,True,True,2.4442
sgmnet,iris,MMU-Iris_genuine_118,21,21,237,258,96,60,0.6250,True,0.6250,True,True,1.2567
aspanformer,iris,MMU-Iris_genuine_118,21,21,2008,2008,2008,1607,0.8003,True,0.7837,True,True,1.9180
deepdetect,iris,MMU-Iris_genuine_118,21,21,4292,4737,487,487,1.0000,True,1.0000,True,True,0.7873
loftr,iris,MMU-Iris_genuine_119,12,12,744,744,744,579,0.7782,True,0.7735,True,True,1.6221
orb,iris,MMU-Iris_genuine_119,12,12,101,132,17,12,0.7059,True,0.6992,True,True,1.3115
sift,iris,MMU-Iris_genuine_119,12,12,33,40,20,9,0.4500,False,0.4393,True,False,1.4392
superglue,iris,MMU-Iris_genuine_119,12,12,116,98,58,35,0.6034,True,0.5752,True,True,2.4575
sgmnet,iris,MMU-Iris_genuine_119,12,12,375,295,112,65,0.5804,True,0.5804,True,True,1.3996
aspanformer,iris,MMU-Iris_genuine_119,12,12,1901,1901,1901,1466,0.7712,True,0.7427,True,True,2.2518
deepdetect,iris,MMU-Iris_genuine_119,12,12,5218,5009,399,390,0.9774,True,0.9774,True,True,0.5986
loftr,iris,MMU-Iris_genuine_120,19,19,635,635,635,441,0.6945,True,0.6780,True,True,1.9811
orb,iris,MMU-Iris_genuine_120,19,19,50,129,11,9,0.8182,True,0.7987,True,True,0.9615
sift,iris,MMU-Iris_genuine_120,19,19,10,33,2,0,,False,,True,False,
superglue,iris,MMU-Iris_genuine_120,19,19,82,99,65,48,0.7385,True,0.7018,True,True,2.5183
sgmnet,iris,MMU-Iris_genuine_120,19,19,163,248,52,18,0.3462,False,0.3457,True,False,1.4011
aspanformer,iris,MMU-Iris_genuine_120,19,19,1940,1940,1940,1385,0.7139,True,0.7115,True,True,1.5683
deepdetect,iris,MMU-Iris_genuine_120,19,19,3951,4506,82,82,1.0000,True,1.0000,True,True,0.7572
loftr,iris,MMU-Iris_genuine_121,36,36,264,264,264,141,0.5341,True,0.5093,True,True,2.4505
orb,iris,MMU-Iris_genuine_121,36,36,72,79,7,0,,False,,True,False,
sift,iris,MMU-Iris_genuine_121,36,36,7,12,1,0,,False,,True,False,
superglue,iris,MMU-Iris_genuine_121,36,36,67,50,43,26,0.6047,True,0.5844,True,True,2.1810
sgmnet,iris,MMU-Iris_genuine_121,36,36,158,143,44,20,0.4545,True,0.4542,True,True,1.3684
aspanformer,iris,MMU-Iris_genuine_121,36,36,1498,1498,1498,997,0.6656,True,0.6409,True,True,2.2546
deepdetect,iris,MMU-Iris_genuine_121,36,36,3365,3199,125,125,1.0000,True,1.0000,True,True,0.6642
loftr,iris,MMU-Iris_genuine_122,43,43,565,565,565,538,0.9522,True,0.9479,True,True,1.5902
orb,iris,MMU-Iris_genuine_122,43,43,99,109,22,16,0.7273,True,0.7254,True,True,1.4654
sift,iris,MMU-Iris_genuine_122,43,43,15,25,6,5,0.8333,True,0.7768,True,True,0.9676
superglue,iris,MMU-Iris_genuine_122,43,43,68,75,64,38,0.5938,True,0.5675,True,True,2.4029
sgmnet,iris,MMU-Iris_genuine_122,43,43,182,215,71,45,0.6338,True,0.6338,True,True,1.1070
aspanformer,iris,MMU-Iris_genuine_122,43,43,1874,1874,1874,1453,0.7753,True,0.7653,True,True,1.7620
deepdetect,iris,MMU-Iris_genuine_122,43,43,3084,3569,207,201,0.9710,True,0.9710,True,True,0.7981
loftr,iris,MMU-Iris_genuine_123,24,24,486,486,486,367,0.7551,True,0.7551,True,True,1.2911
orb,iris,MMU-Iris_genuine_123,24,24,52,73,4,0,,False,,True,False,
sift,iris,MMU-Iris_genuine_123,24,24,19,22,7,0,,False,,True,False,
superglue,iris,MMU-Iris_genuine_123,24,24,86,99,18,10,0.5556,True,0.5457,True,True,1.3900
sgmnet,iris,MMU-Iris_genuine_123,24,24,338,324,130,74,0.5692,True,0.5672,True,True,1.5711
aspanformer,iris,MMU-Iris_genuine_123,24,24,1769,1769,1769,1025,0.5794,True,0.5686,True,True,1.8778
deepdetect,iris,MMU-Iris_genuine_123,24,24,4622,4238,451,429,0.9512,True,0.9512,True,True,0.5663
loftr,iris,MMU-Iris_genuine_124,19,19,282,282,282,133,0.4716,True,0.4583,True,True,2.0735
orb,iris,MMU-Iris_genuine_124,19,19,132,131,14,7,0.5000,True,0.4791,True,True,1.1147
sift,iris,MMU-Iris_genuine_124,19,19,20,23,5,0,,False,,True,False,
superglue,iris,MMU-Iris_genuine_124,19,19,84,83,2,0,,False,,True,False,
sgmnet,iris,MMU-Iris_genuine_124,19,19,201,158,49,15,0.3061,False,0.3050,True,False,1.4820
aspanformer,iris,MMU-Iris_genuine_124,19,19,1983,1983,1983,1315,0.6631,True,0.6631,True,True,0.3954
deepdetect,iris,MMU-Iris_genuine_124,19,19,4339,4251,73,70,0.9589,True,0.9589,True,True,0.6261
loftr,iris,MMU-Iris_genuine_125,40,40,367,367,367,241,0.6567,True,0.6484,True,True,1.7538
orb,iris,MMU-Iris_genuine_125,40,40,77,165,12,11,0.9167,True,0.8977,True,True,1.6572
sift,iris,MMU-Iris_genuine_125,40,40,16,34,1,0,,False,,True,False,
superglue,iris,MMU-Iris_genuine_125,40,40,78,103,36,17,0.4722,True,0.4566,True,True,2.1375
sgmnet,iris,MMU-Iris_genuine_125,40,40,158,294,61,33,0.5410,True,0.5410,True,True,1.3891
aspanformer,iris,MMU-Iris_genuine_125,40,40,960,960,960,510,0.5312,True,0.5082,True,True,2.3854
deepdetect,iris,MMU-Iris_genuine_125,40,40,3544,4924,191,190,0.9948,True,0.9948,True,True,1.0920
loftr,iris,MMU-Iris_genuine_126,32,32,793,793,793,538,0.6784,True,0.6674,True,True,1.8277
orb,iris,MMU-Iris_genuine_126,32,32,80,180,3,0,,False,,True,False,
sift,iris,MMU-Iris_genuine_126,32,32,18,28,1,0,,False,,True,False,
superglue,iris,MMU-Iris_genuine_126,32,32,74,87,57,30,0.5263,True,0.5109,True,True,2.0958
sgmnet,iris,MMU-Iris_genuine_126,32,32,219,259,92,37,0.4022,True,0.4015,True,True,1.5320
aspanformer,iris,MMU-Iris_genuine_126,32,32,1418,1418,1418,682,0.4810,True,0.4707,True,True,1.9300
deepdetect,iris,MMU-Iris_genuine_126,32,32,3807,4662,319,306,0.9592,True,0.9592,True,True,0.5025
loftr,iris,MMU-Iris_genuine_127,28,28,726,726,726,540,0.7438,True,0.7334,True,True,1.7818
orb,iris,MMU-Iris_genuine_127,28,28,91,61,13,10,0.7692,True,0.7556,True,True,0.9981
sift,iris,MMU-Iris_genuine_127,28,28,31,21,12,9,0.7500,True,0.7179,True,True,1.8929
superglue,iris,MMU-Iris_genuine_127,28,28,105,79,70,41,0.5857,True,0.5711,True,True,2.0048
sgmnet,iris,MMU-Iris_genuine_127,28,28,310,246,103,54,0.5243,True,0.5243,True,True,1.3860
aspanformer,iris,MMU-Iris_genuine_127,28,28,1671,1671,1671,1017,0.6086,True,0.5861,True,True,2.2547
deepdetect,iris,MMU-Iris_genuine_127,28,28,4339,3585,437,424,0.9703,True,0.9703,True,True,0.5862
loftr,iris,MMU-Iris_genuine_128,39,39,535,535,535,335,0.6262,True,0.6094,True,True,2.0436
orb,iris,MMU-Iris_genuine_128,39,39,112,135,4,0,,False,,True,False,
sift,iris,MMU-Iris_genuine_128,39,39,28,18,10,5,0.5000,True,0.4661,True,True,0.9893
superglue,iris,MMU-Iris_genuine_128,39,39,87,107,72,37,0.5139,True,0.4965,True,True,2.1868
sgmnet,iris,MMU-Iris_genuine_128,39,39,246,279,72,33,0.4583,True,0.4583,True,True,1.2397
aspanformer,iris,MMU-Iris_genuine_128,39,39,1827,1827,1827,1288,0.7050,True,0.6832,True,True,2.1282
deepdetect,iris,MMU-Iris_genuine_128,39,39,4966,5246,45,45,1.0000,True,1.0000,True,True,0.7593
loftr,iris,MMU-Iris_genuine_129,30,30,404,404,404,274,0.6782,True,0.6666,True,True,1.8458
orb,iris,MMU-Iris_genuine_129,30,30,135,166,15,13,0.8667,True,0.8607,True,True,1.1332
sift,iris,MMU-Iris_genuine_129,30,30,27,24,8,5,0.6250,True,0.5826,True,True,1.4408
superglue,iris,MMU-Iris_genuine_129,30,30,85,87,68,32,0.4706,False,0.4474,True,False,2.5107
sgmnet,iris,MMU-Iris_genuine_129,30,30,243,240,79,39,0.4937,True,0.4925,True,True,1.5475
aspanformer,iris,MMU-Iris_genuine_129,30,30,2269,2269,2269,1701,0.7497,True,0.7484,True,True,1.5330
deepdetect,iris,MMU-Iris_genuine_129,30,30,4234,4446,83,80,0.9639,True,0.9639,True,True,0.5311
loftr,iris,MMU-Iris_genuine_130,16,16,433,433,433,295,0.6813,True,0.6756,True,True,1.6674
orb,iris,MMU-Iris_genuine_130,16,16,68,53,13,0,,False,,True,False,
sift,iris,MMU-Iris_genuine_130,16,16,26,11,6,0,,False,,True,False,
superglue,iris,MMU-Iris_genuine_130,16,16,87,79,57,30,0.5263,True,0.5144,True,True,1.9556
sgmnet,iris,MMU-Iris_genuine_130,16,16,172,143,42,15,0.3571,False,0.3559,True,False,1.1418
aspanformer,iris,MMU-Iris_genuine_130,16,16,1688,1688,1688,1052,0.6232,True,0.6078,True,True,2.0000
deepdetect,iris,MMU-Iris_genuine_130,16,16,4275,4479,88,88,1.0000,True,1.0000,True,True,0.3122
loftr,iris,MMU-Iris_genuine_131,21,21,590,590,590,445,0.7542,True,0.7537,True,True,1.5151
orb,iris,MMU-Iris_genuine_131,21,21,107,136,14,10,0.7143,True,0.7017,True,True,1.1891
sift,iris,MMU-Iris_genuine_131,21,21,21,41,3,0,,False,,True,False,
superglue,iris,MMU-Iris_genuine_131,21,21,89,97,70,35,0.5000,True,0.4768,True,True,2.4512
sgmnet,iris,MMU-Iris_genuine_131,21,21,223,258,81,44,0.5432,True,0.5432,True,True,1.4992
aspanformer,iris,MMU-Iris_genuine_131,21,21,1804,1804,1804,1255,0.6957,True,0.6957,True,True,1.1949
deepdetect,iris,MMU-Iris_genuine_131,21,21,4117,4737,934,934,1.0000,True,1.0000,True,True,0.6193
loftr,iris,MMU-Iris_genuine_132,9,9,553,553,553,440,0.7957,True,0.7957,True,True,1.4340
orb,iris,MMU-Iris_genuine_132,9,9,137,95,21,17,0.8095,True,0.8080,True,True,1.3460
sift,iris,MMU-Iris_genuine_132,9,9,30,15,3,0,,False,,True,False,
superglue,iris,MMU-Iris_genuine_132,9,9,84,84,72,46,0.6389,True,0.6057,True,True,2.5680
sgmnet,iris,MMU-Iris_genuine_132,9,9,285,220,91,44,0.4835,True,0.4800,True,True,1.6473
aspanformer,iris,MMU-Iris_genuine_132,9,9,1502,1502,1502,1070,0.7124,True,0.6919,True,True,2.0826
deepdetect,iris,MMU-Iris_genuine_132,9,9,4915,4144,432,408,0.9444,True,0.9444,True,True,0.6185
loftr,iris,MMU-Iris_genuine_133,20,20,270,270,270,196,0.7259,True,0.7259,True,True,1.1700
orb,iris,MMU-Iris_genuine_133,20,20,9,24,0,0,,False,,True,False,
sift,iris,MMU-Iris_genuine_133,20,20,6,1,0,0,,False,,True,False,
superglue,iris,MMU-Iris_genuine_133,20,20,77,78,62,32,0.5161,True,0.5085,True,True,1.7983
sgmnet,iris,MMU-Iris_genuine_133,20,20,178,185,42,17,0.4048,True,0.4011,True,True,1.6464
aspanformer,iris,MMU-Iris_genuine_133,20,20,1628,1628,1628,1438,0.8833,True,0.8502,True,True,2.2643
deepdetect,iris,MMU-Iris_genuine_133,20,20,3593,3356,21,21,1.0000,True,1.0000,True,True,0.3788
loftr,iris,MMU-Iris_genuine_134,45,45,695,695,695,433,0.6230,True,0.6022,True,True,2.1789
orb,iris,MMU-Iris_genuine_134,45,45,122,129,15,12,0.8000,True,0.7885,True,True,1.5984
sift,iris,MMU-Iris_genuine_134,45,45,14,16,4,0,,False,,True,False,
superglue,iris,MMU-Iris_genuine_134,45,45,96,97,80,38,0.4750,True,0.4610,True,True,2.0971
sgmnet,iris,MMU-Iris_genuine_134,45,45,411,338,153,51,0.3333,False,0.3302,True,False,1.6865
aspanformer,iris,MMU-Iris_genuine_134,45,45,2028,2028,2028,1617,0.7973,True,0.7816,True,True,1.8999
deepdetect,iris,MMU-Iris_genuine_134,45,45,3994,4328,278,243,0.8741,True,0.8741,True,True,1.3169
loftr,iris,MMU-Iris_genuine_135,8,8,776,776,776,536,0.6907,True,0.6907,True,True,1.0205
orb,iris,MMU-Iris_genuine_135,8,8,25,69,3,0,,False,,True,False,
sift,iris,MMU-Iris_genuine_135,8,8,13,11,2,0,,False,,True,False,
superglue,iris,MMU-Iris_genuine_135,8,8,72,68,45,21,0.4667,False,0.4488,True,False,2.2699
sgmnet,iris,MMU-Iris_genuine_135,8,8,208,260,53,19,0.3585,False,0.3581,True,False,1.2295
aspanformer,iris,MMU-Iris_genuine_135,8,8,2377,2377,2377,1803,0.7585,True,0.7532,True,True,1.6414
deepdetect,iris,MMU-Iris_genuine_135,8,8,3882,3956,134,133,0.9925,True,0.9925,True,True,0.4225
loftr,iris,MMU-Iris_genuine_136,34,34,394,394,394,195,0.4949,True,0.4854,True,True,1.8892
orb,iris,MMU-Iris_genuine_136,34,34,74,21,7,0,,False,,True,False,
sift,iris,MMU-Iris_genuine_136,34,34,21,18,3,0,,False,,True,False,
superglue,iris,MMU-Iris_genuine_136,34,34,90,74,57,22,0.3860,False,0.3714,True,False,2.2632
sgmnet,iris,MMU-Iris_genuine_136,34,34,231,259,28,0,,False,,True,False,
aspanformer,iris,MMU-Iris_genuine_136,34,34,2307,2307,2307,2008,0.8704,True,0.8704,True,True,1.4828
deepdetect,iris,MMU-Iris_genuine_136,34,34,4416,4070,47,45,0.9574,True,0.9574,True,True,0.3030
loftr,iris,MMU-Iris_genuine_137,21,21,437,437,437,351,0.8032,True,0.7935,True,True,1.7439
orb,iris,MMU-Iris_genuine_137,21,21,66,66,9,0,,False,,True,False,
sift,iris,MMU-Iris_genuine_137,21,21,14,22,5,0,,False,,True,False,
superglue,iris,MMU-Iris_genuine_137,21,21,73,83,38,25,0.6579,True,0.6364,True,True,2.1614
sgmnet,iris,MMU-Iris_genuine_137,21,21,192,188,64,37,0.5781,True,0.5781,True,True,1.2001
aspanformer,iris,MMU-Iris_genuine_137,21,21,1538,1538,1538,1054,0.6853,True,0.6546,True,True,2.4169
deepdetect,iris,MMU-Iris_genuine_137,21,21,3762,3859,492,488,0.9919,True,0.9919,True,True,0.6432
loftr,iris,MMU-Iris_genuine_138,36,36,356,356,356,234,0.6573,True,0.6548,True,True,1.5753
orb,iris,MMU-Iris_genuine_138,36,36,71,105,6,0,,False,,True,False,
sift,iris,MMU-Iris_genuine_138,36,36,23,19,4,0,,False,,True,False,
superglue,iris,MMU-Iris_genuine_138,36,36,99,76,32,18,0.5625,True,0.5484,True,True,1.9791
sgmnet,iris,MMU-Iris_genuine_138,36,36,259,237,69,42,0.6087,True,0.6087,True,True,1.2074
aspanformer,iris,MMU-Iris_genuine_138,36,36,949,949,949,559,0.5890,True,0.5548,True,True,2.6987
deepdetect,iris,MMU-Iris_genuine_138,36,36,4415,3117,289,244,0.8443,True,0.8443,True,True,0.8271
loftr,iris,MMU-Iris_genuine_139,29,29,631,631,631,571,0.9049,True,0.8981,True,True,1.6500
orb,iris,MMU-Iris_genuine_139,29,29,155,136,22,18,0.8182,True,0.7912,True,True,2.1438
sift,iris,MMU-Iris_genuine_139,29,29,24,26,8,5,0.6250,True,0.5826,True,True,0.6999
superglue,iris,MMU-Iris_genuine_139,29,29,102,91,72,45,0.6250,True,0.6099,True,True,1.9902
sgmnet,iris,MMU-Iris_genuine_139,29,29,301,302,111,67,0.6036,True,0.6036,True,True,1.4078
aspanformer,iris,MMU-Iris_genuine_139,29,29,2052,2052,2052,1950,0.9503,True,0.9411,True,True,1.6946
deepdetect,iris,MMU-Iris_genuine_139,29,29,4162,4418,399,396,0.9925,True,0.9925,True,True,0.9080
loftr,iris,MMU-Iris_genuine_140,36,36,650,650,650,506,0.7785,True,0.7785,True,True,1.2546
orb,iris,MMU-Iris_genuine_140,36,36,71,119,12,11,0.9167,True,0.9048,True,True,1.3768
sift,iris,MMU-Iris_genuine_140,36,36,23,30,5,0,,False,,True,False,
superglue,iris,MMU-Iris_genuine_140,36,36,99,72,34,22,0.6471,True,0.6468,True,True,1.4082
sgmnet,iris,MMU-Iris_genuine_140,36,36,259,233,78,33,0.4231,True,0.4231,True,True,1.4279
aspanformer,iris,MMU-Iris_genuine_140,36,36,1327,1327,1327,821,0.6187,True,0.5970,True,True,2.2123
deepdetect,iris,MMU-Iris_genuine_140,36,36,4415,4102,207,206,0.9952,True,0.9952,True,True,0.7216
loftr,iris,MMU-Iris_genuine_141,28,28,683,683,683,556,0.8141,True,0.8060,True,True,1.6990
orb,iris,MMU-Iris_genuine_141,28,28,43,78,21,21,1.0000,True,0.9995,True,True,1.1006
sift,iris,MMU-Iris_genuine_141,28,28,25,24,11,10,0.9091,True,0.8930,True,True,0.4041
superglue,iris,MMU-Iris_genuine_141,28,28,80,78,66,36,0.5455,True,0.5161,True,True,2.6066
sgmnet,iris,MMU-Iris_genuine_141,28,28,257,257,106,57,0.5377,True,0.5377,True,True,1.3491
aspanformer,iris,MMU-Iris_genuine_141,28,28,1556,1556,1556,1169,0.7513,True,0.7513,True,True,1.3462
deepdetect,iris,MMU-Iris_genuine_141,28,28,3527,4108,692,692,1.0000,True,1.0000,True,True,0.6980
loftr,iris,MMU-Iris_genuine_142,6,6,395,395,395,239,0.6051,True,0.5946,True,True,1.8505
orb,iris,MMU-Iris_genuine_142,6,6,98,51,13,0,,False,,True,False,
sift,iris,MMU-Iris_genuine_142,6,6,12,16,7,5,0.7143,True,0.6658,True,True,0.9690
superglue,iris,MMU-Iris_genuine_142,6,6,83,95,70,29,0.4143,False,0.3953,True,False,2.4383
sgmnet,iris,MMU-Iris_genuine_142,6,6,202,245,66,38,0.5758,True,0.5758,True,True,1.2487
aspanformer,iris,MMU-Iris_genuine_142,6,6,1646,1646,1646,993,0.6033,True,0.5788,True,True,2.3288
deepdetect,iris,MMU-Iris_genuine_142,6,6,5100,4343,244,238,0.9754,True,0.9754,True,True,0.9123
loftr,iris,MMU-Iris_genuine_143,46,46,573,573,573,356,0.6213,True,0.6190,True,True,1.5737
orb,iris,MMU-Iris_genuine_143,46,46,105,88,13,0,,False,,True,False,
sift,iris,MMU-Iris_genuine_143,46,46,16,13,3,0,,False,,True,False,
superglue,iris,MMU-Iris_genuine_143,46,46,89,85,69,35,0.5072,True,0.4873,True,True,2.3028
sgmnet,iris,MMU-Iris_genuine_143,46,46,249,250,87,43,0.4943,True,0.4901,True,True,1.6678
aspanformer,iris,MMU-Iris_genuine_143,46,46,1927,1927,1927,1407,0.7302,True,0.7078,True,True,2.1214
deepdetect,iris,MMU-Iris_genuine_143,46,46,4586,4275,255,250,0.9804,True,0.9804,True,True,0.9636
loftr,iris,MMU-Iris_genuine_144,16,16,573,573,573,376,0.6562,True,0.6405,True,True,1.9851
orb,iris,MMU-Iris_genuine_144,16,16,71,51,7,4,0.5714,True,0.5237,True,True,0.0000
sift,iris,MMU-Iris_genuine_144,16,16,17,2,1,0,,False,,True,False,
superglue,iris,MMU-Iris_genuine_144,16,16,71,81,56,22,0.3929,False,0.3765,True,False,2.3448
sgmnet,iris,MMU-Iris_genuine_144,16,16,122,140,34,11,0.3235,False,0.3193,True,False,1.2970
aspanformer,iris,MMU-Iris_genuine_144,16,16,1935,1935,1935,1706,0.8817,True,0.8495,True,True,2.2423
deepdetect,iris,MMU-Iris_genuine_144,16,16,4051,4350,116,116,1.0000,True,1.0000,True,True,0.4458
loftr,iris,MMU-Iris_genuine_145,33,33,510,510,510,340,0.6667,True,0.6611,True,True,1.6670
orb,iris,MMU-Iris_genuine_145,33,33,150,111,23,18,0.7826,True,0.7816,True,True,1.1280
sift,iris,MMU-Iris_genuine_145,33,33,29,24,14,10,0.7143,True,0.6949,True,True,1.6933
superglue,iris,MMU-Iris_genuine_145,33,33,99,83,74,44,0.5946,True,0.5748,True,True,2.1770
sgmnet,iris,MMU-Iris_genuine_145,33,33,229,187,76,39,0.5132,True,0.5132,True,True,1.3421
aspanformer,iris,MMU-Iris_genuine_145,33,33,2216,2216,2216,1571,0.7089,True,0.6907,True,True,2.0222
deepdetect,iris,MMU-Iris_genuine_145,33,33,4276,4259,658,655,0.9954,True,0.9954,True,True,0.6092
loftr,iris,MMU-Iris_genuine_146,32,32,539,539,539,354,0.6568,True,0.6337,True,True,2.2168
orb,iris,MMU-Iris_genuine_146,32,32,196,207,40,36,0.9000,True,0.8854,True,True,1.8271
sift,iris,MMU-Iris_genuine_146,32,32,64,53,15,13,0.8667,True,0.8607,True,True,0.9351
superglue,iris,MMU-Iris_genuine_146,32,32,97,96,76,35,0.4605,False,0.4410,True,False,2.3647
sgmnet,iris,MMU-Iris_genuine_146,32,32,230,244,90,46,0.5111,True,0.5111,True,True,1.3273
aspanformer,iris,MMU-Iris_genuine_146,32,32,1662,1662,1662,1211,0.7286,True,0.7286,True,True,1.3328
deepdetect,iris,MMU-Iris_genuine_146,32,32,4810,4526,667,667,1.0000,True,1.0000,True,True,1.8181
loftr,iris,MMU-Iris_genuine_147,13,13,691,691,691,565,0.8177,True,0.8035,True,True,1.8484
orb,iris,MMU-Iris_genuine_147,13,13,151,121,19,15,0.7895,True,0.7866,True,True,0.8621
sift,iris,MMU-Iris_genuine_147,13,13,27,19,10,4,0.4000,False,0.3666,True,False,0.0000
superglue,iris,MMU-Iris_genuine_147,13,13,88,78,69,33,0.4783,True,0.4596,True,True,2.2947
sgmnet,iris,MMU-Iris_genuine_147,13,13,263,225,83,45,0.5422,True,0.5422,True,True,1.3249
aspanformer,iris,MMU-Iris_genuine_147,13,13,2139,2139,2139,1975,0.9233,True,0.9233,True,True,1.4201
deepdetect,iris,MMU-Iris_genuine_147,13,13,4244,3976,315,310,0.9841,True,0.9841,True,True,0.7047
loftr,iris,MMU-Iris_genuine_148,11,11,832,832,832,675,0.8113,True,0.7946,True,True,1.9154
orb,iris,MMU-Iris_genuine_148,11,11,96,111,17,12,0.7059,True,0.6992,True,True,1.4866
sift,iris,MMU-Iris_genuine_148,11,11,22,21,3,0,,False,,True,False,
superglue,iris,MMU-Iris_genuine_148,11,11,88,92,66,29,0.4394,False,0.4265,True,False,2.0940
sgmnet,iris,MMU-Iris_genuine_148,11,11,330,301,113,60,0.5310,True,0.5310,True,True,1.4383
aspanformer,iris,MMU-Iris_genuine_148,11,11,1812,1812,1812,1194,0.6589,True,0.6550,True,True,1.6201
deepdetect,iris,MMU-Iris_genuine_148,11,11,4391,4564,516,516,1.0000,True,1.0000,True,True,0.8289
loftr,iris,MMU-Iris_genuine_149,14,14,464,464,464,324,0.6983,True,0.6983,True,True,0.8533
orb,iris,MMU-Iris_genuine_149,14,14,92,138,8,4,0.5000,True,0.4583,True,True,0.0000
sift,iris,MMU-Iris_genuine_149,14,14,26,44,2,0,,False,,True,False,
superglue,iris,MMU-Iris_genuine_149,14,14,109,95,57,31,0.5439,True,0.5139,True,True,2.6340
sgmnet,iris,MMU-Iris_genuine_149,14,14,323,336,117,67,0.5726,True,0.5726,True,True,1.4885
aspanformer,iris,MMU-Iris_genuine_149,14,14,1093,1093,1093,666,0.6093,True,0.5917,True,True,2.0881
deepdetect,iris,MMU-Iris_genuine_149,14,14,4852,5052,319,309,0.9687,True,0.9687,True,True,0.2825
loftr,iris,MMU-Iris_genuine_150,16,16,374,374,374,230,0.6150,True,0.5908,True,True,2.3033
orb,iris,MMU-Iris_genuine_150,16,16,41,59,11,9,0.8182,True,0.7987,True,True,1.2177
sift,iris,MMU-Iris_genuine_150,16,16,9,12,2,0,,False,,True,False,
superglue,iris,MMU-Iris_genuine_150,16,16,76,82,48,25,0.5208,True,0.5047,True,True,2.1282
sgmnet,iris,MMU-Iris_genuine_150,16,16,133,158,51,23,0.4510,True,0.4509,True,True,1.1841
aspanformer,iris,MMU-Iris_genuine_150,16,16,1448,1448,1448,1062,0.7334,True,0.7124,True,True,2.0825
deepdetect,iris,MMU-Iris_genuine_150,16,16,3813,3923,52,50,0.9615,True,0.9615,True,True,0.6750
loftr,iris,MMU-Iris_genuine_151,39,39,645,645,645,435,0.6744,True,0.6728,True,True,1.5491
orb,iris,MMU-Iris_genuine_151,39,39,102,96,8,0,,False,,True,False,
sift,iris,MMU-Iris_genuine_151,39,39,23,25,6,0,,False,,True,False,
superglue,iris,MMU-Iris_genuine_151,39,39,113,93,63,31,0.4921,True,0.4822,True,True,1.9043
sgmnet,iris,MMU-Iris_genuine_151,39,39,320,237,78,52,0.6667,True,0.6667,True,True,1.3208
aspanformer,iris,MMU-Iris_genuine_151,39,39,2115,2115,2115,1309,0.6189,True,0.6096,True,True,1.8043
deepdetect,iris,MMU-Iris_genuine_151,39,39,5122,4919,296,295,0.9966,True,0.9966,True,True,0.4639
loftr,iris,MMU-Iris_genuine_152,8,8,407,407,407,253,0.6216,True,0.6129,True,True,1.7830
orb,iris,MMU-Iris_genuine_152,8,8,68,39,5,0,,False,,True,False,
sift,iris,MMU-Iris_genuine_152,8,8,18,14,4,0,,False,,True,False,
superglue,iris,MMU-Iris_genuine_152,8,8,89,80,14,10,0.7143,True,0.6860,True,True,1.9515
sgmnet,iris,MMU-Iris_genuine_152,8,8,333,275,34,14,0.4118,True,0.4097,True,True,1.3740
aspanformer,iris,MMU-Iris_genuine_152,8,8,1245,1245,1245,863,0.6932,True,0.6919,True,True,1.5364
deepdetect,iris,MMU-Iris_genuine_152,8,8,4361,4083,36,36,1.0000,True,1.0000,True,True,0.3743
loftr,iris,MMU-Iris_genuine_153,41,41,663,663,663,529,0.7979,True,0.7972,True,True,1.5184
orb,iris,MMU-Iris_genuine_153,41,41,126,81,9,6,0.6667,True,0.5739,True,True,3.3924
sift,iris,MMU-Iris_genuine_153,41,41,53,40,10,6,0.6000,True,0.5677,True,True,1.1063
superglue,iris,MMU-Iris_genuine_153,41,41,92,80,48,25,0.5208,True,0.5062,True,True,2.0678
sgmnet,iris,MMU-Iris_genuine_153,41,41,367,368,123,69,0.5610,True,0.5610,True,True,1.4695
aspanformer,iris,MMU-Iris_genuine_153,41,41,1756,1756,1756,1330,0.7574,True,0.7322,True,True,2.1761
deepdetect,iris,MMU-Iris_genuine_153,41,41,4383,4299,407,407,1.0000,True,1.0000,True,True,0.6540
loftr,iris,MMU-Iris_genuine_154,7,7,693,693,693,519,0.7489,True,0.7297,True,True,2.0191
orb,iris,MMU-Iris_genuine_154,7,7,76,129,8,7,0.8750,True,0.8385,True,True,1.0026
sift,iris,MMU-Iris_genuine_154,7,7,21,23,7,6,0.8571,True,0.8110,True,True,1.4701
superglue,iris,MMU-Iris_genuine_154,7,7,90,101,79,49,0.6203,True,0.6010,True,True,2.1302
sgmnet,iris,MMU-Iris_genuine_154,7,7,219,253,77,40,0.5195,True,0.5195,True,True,1.4113
aspanformer,iris,MMU-Iris_genuine_154,7,7,1731,1731,1731,1070,0.6181,True,0.5901,True,True,2.4280
deepdetect,iris,MMU-Iris_genuine_154,7,7,3892,4640,182,180,0.9890,True,0.9890,True,True,0.8244
loftr,iris,MMU-Iris_genuine_155,37,37,656,656,656,377,0.5747,True,0.5576,True,True,2.1032
orb,iris,MMU-Iris_genuine_155,37,37,20,14,2,0,,False,,True,False,
sift,iris,MMU-Iris_genuine_155,37,37,5,5,3,0,,False,,True,False,
superglue,iris,MMU-Iris_genuine_155,37,37,86,84,66,28,0.4242,False,0.4027,True,False,2.5393
sgmnet,iris,MMU-Iris_genuine_155,37,37,315,287,82,32,0.3902,False,0.3875,True,False,1.6401
aspanformer,iris,MMU-Iris_genuine_155,37,37,1922,1922,1922,1505,0.7830,True,0.7826,True,True,1.5113
deepdetect,iris,MMU-Iris_genuine_155,37,37,5071,4763,111,89,0.8018,True,0.8018,True,True,0.9174
loftr,iris,MMU-Iris_genuine_156,12,12,711,711,711,502,0.7060,True,0.7038,True,True,1.5638
orb,iris,MMU-Iris_genuine_156,12,12,51,132,12,7,0.5833,True,0.5571,True,True,1.5697
sift,iris,MMU-Iris_genuine_156,12,12,14,40,7,5,0.7143,True,0.6658,True,True,0.2465
superglue,iris,MMU-Iris_genuine_156,12,12,83,98,44,24,0.5455,True,0.5195,True,True,2.4709
sgmnet,iris,MMU-Iris_genuine_156,12,12,274,295,100,55,0.5500,True,0.5474,True,True,1.5956
aspanformer,iris,MMU-Iris_genuine_156,12,12,1765,1765,1765,1350,0.7649,True,0.7620,True,True,1.5749
deepdetect,iris,MMU-Iris_genuine_156,12,12,4369,5009,400,400,1.0000,True,1.0000,True,True,0.4360
loftr,iris,MMU-Iris_genuine_157,27,27,291,291,291,159,0.5464,True,0.5464,True,True,1.2211
orb,iris,MMU-Iris_genuine_157,27,27,26,100,0,0,,False,,True,False,
sift,iris,MMU-Iris_genuine_157,27,27,14,14,6,0,,False,,True,False,
superglue,iris,MMU-Iris_genuine_157,27,27,75,79,47,20,0.4255,False,0.4057,True,False,2.4390
sgmnet,iris,MMU-Iris_genuine_157,27,27,206,187,49,10,0.2041,False,0.2005,True,False,1.0450
aspanformer,iris,MMU-Iris_genuine_157,27,27,1599,1599,1599,1277,0.7986,True,0.7986,True,True,1.2634
deepdetect,iris,MMU-Iris_genuine_157,27,27,3934,3766,12,12,1.0000,True,1.0000,True,True,0.5467
loftr,iris,MMU-Iris_genuine_158,27,27,558,558,558,503,0.9014,True,0.9014,True,True,0.9493
orb,iris,MMU-Iris_genuine_158,27,27,35,26,3,0,,False,,True,False,
sift,iris,MMU-Iris_genuine_158,27,27,15,14,8,7,0.8750,True,0.8385,True,True,1.0132
superglue,iris,MMU-Iris_genuine_158,27,27,81,75,60,30,0.5000,True,0.4762,True,True,2.4764
sgmnet,iris,MMU-Iris_genuine_158,27,27,212,206,77,30,0.3896,False,0.3896,True,False,1.4909
aspanformer,iris,MMU-Iris_genuine_158,27,27,2543,2543,2543,2282,0.8974,True,0.8974,True,True,1.4666
deepdetect,iris,MMU-Iris_genuine_158,27,27,4112,3934,189,189,1.0000,True,1.0000,True,True,0.8929
loftr,iris,MMU-Iris_genuine_159,44,44,523,523,523,497,0.9503,True,0.9444,True,True,1.6244
orb,iris,MMU-Iris_genuine_159,44,44,152,60,25,19,0.7600,True,0.7593,True,True,1.1927
sift,iris,MMU-Iris_genuine_159,44,44,42,15,10,8,0.8000,True,0.7746,True,True,1.3554
superglue,iris,MMU-Iris_genuine_159,44,44,113,91,81,52,0.6420,True,0.6154,True,True,2.3463
sgmnet,iris,MMU-Iris_genuine_159,44,44,381,248,115,57,0.4957,True,0.4904,True,True,1.7149
aspanformer,iris,MMU-Iris_genuine_159,44,44,1792,1792,1792,1359,0.7584,True,0.7381,True,True,2.0406
deepdetect,iris,MMU-Iris_genuine_159,44,44,5051,4814,643,643,1.0000,True,1.0000,True,True,0.9030
loftr,iris,MMU-Iris_genuine_160,30,30,252,252,252,149,0.5913,True,0.5799,True,True,1.8893
orb,iris,MMU-Iris_genuine_160,30,30,145,106,8,0,,False,,True,False,
sift,iris,MMU-Iris_genuine_160,30,30,24,25,3,0,,False,,True,False,
superglue,iris,MMU-Iris_genuine_160,30,30,92,108,73,26,0.3562,False,0.3402,True,False,2.4163
sgmnet,iris,MMU-Iris_genuine_160,30,30,248,298,53,22,0.4151,True,0.4143,True,True,1.5321
aspanformer,iris,MMU-Iris_genuine_160,30,30,1500,1500,1500,1170,0.7800,True,0.7527,True,True,2.2129
deepdetect,iris,MMU-Iris_genuine_160,30,30,5278,4306,395,373,0.9443,True,0.9443,True,True,0.6808
loftr,iris,MMU-Iris_genuine_161,34,34,531,531,531,402,0.7571,True,0.7536,True,True,1.5927
orb,iris,MMU-Iris_genuine_161,34,34,61,77,8,7,0.8750,True,0.8385,True,True,0.6984
sift,iris,MMU-Iris_genuine_161,34,34,11,19,4,4,1.0000,True,0.9165,True,True,0.0000
superglue,iris,MMU-Iris_genuine_161,34,34,83,86,52,36,0.6923,True,0.6610,True,True,2.4253
sgmnet,iris,MMU-Iris_genuine_161,34,34,208,214,75,38,0.5067,True,0.5064,True,True,1.5103
aspanformer,iris,MMU-Iris_genuine_161,34,34,1933,1933,1933,1749,0.9048,True,0.9045,True,True,1.5078
deepdetect,iris,MMU-Iris_genuine_161,34,34,4248,4025,398,398,1.0000,True,1.0000,True,True,0.4982
loftr,iris,MMU-Iris_genuine_162,20,20,439,439,439,379,0.8633,True,0.8346,True,True,2.1767
orb,iris,MMU-Iris_genuine_162,20,20,58,24,0,0,,False,,True,False,
sift,iris,MMU-Iris_genuine_162,20,20,9,1,0,0,,False,,True,False,
superglue,iris,MMU-Iris_genuine_162,20,20,73,78,56,29,0.5179,True,0.4930,True,True,2.4842
sgmnet,iris,MMU-Iris_genuine_162,20,20,170,185,69,30,0.4348,True,0.4348,True,True,1.4645
aspanformer,iris,MMU-Iris_genuine_162,20,20,1419,1419,1419,1258,0.8865,True,0.8865,True,True,1.4141
deepdetect,iris,MMU-Iris_genuine_162,20,20,3531,3356,103,102,0.9903,True,0.9903,True,True,1.2218
loftr,iris,MMU-Iris_genuine_163,35,35,472,472,472,367,0.7775,True,0.7775,True,True,0.7683
orb,iris,MMU-Iris_genuine_163,35,35,100,140,9,7,0.7778,True,0.7453,True,True,1.0358
sift,iris,MMU-Iris_genuine_163,35,35,13,13,1,0,,False,,True,False,
superglue,iris,MMU-Iris_genuine_163,35,35,74,90,62,34,0.5484,True,0.5163,True,True,2.7064
sgmnet,iris,MMU-Iris_genuine_163,35,35,287,279,86,31,0.3605,False,0.3605,True,False,1.3449
aspanformer,iris,MMU-Iris_genuine_163,35,35,1226,1226,1226,823,0.6713,True,0.6713,True,True,1.4733
deepdetect,iris,MMU-Iris_genuine_163,35,35,3574,3519,49,45,0.9184,True,0.9184,True,True,0.6111
loftr,iris,MMU-Iris_genuine_164,1,1,547,547,547,418,0.7642,True,0.7513,True,True,1.8386
orb,iris,MMU-Iris_genuine_164,1,1,78,55,3,0,,False,,True,False,
sift,iris,MMU-Iris_genuine_164,1,1,9,14,2,0,,False,,True,False,
superglue,iris,MMU-Iris_genuine_164,1,1,74,76,62,26,0.4194,False,0.3966,True,False,2.6136
sgmnet,iris,MMU-Iris_genuine_164,1,1,213,278,75,46,0.6133,True,0.6133,True,True,1.3150
aspanformer,iris,MMU-Iris_genuine_164,1,1,1606,1606,1606,1148,0.7148,True,0.6860,True,True,2.3243
deepdetect,iris,MMU-Iris_genuine_164,1,1,3561,3839,252,252,1.0000,True,1.0000,True,True,0.5425
loftr,iris,MMU-Iris_genuine_165,46,46,660,660,660,567,0.8591,True,0.8476,True,True,1.7693
orb,iris,MMU-Iris_genuine_165,46,46,118,86,21,16,0.7619,True,0.7511,True,True,1.7327
sift,iris,MMU-Iris_genuine_165,46,46,22,30,11,9,0.8182,True,0.7848,True,True,1.8503
superglue,iris,MMU-Iris_genuine_165,46,46,96,97,80,53,0.6625,True,0.6245,True,True,2.6808
sgmnet,iris,MMU-Iris_genuine_165,46,46,251,295,101,48,0.4752,True,0.4752,True,True,1.4278
aspanformer,iris,MMU-Iris_genuine_165,46,46,1856,1856,1856,1505,0.8109,True,0.8109,True,True,1.4882
deepdetect,iris,MMU-Iris_genuine_165,46,46,4591,4666,602,602,1.0000,True,1.0000,True,True,0.9174
loftr,iris,MMU-Iris_genuine_166,14,14,455,455,455,310,0.6813,True,0.6813,True,True,1.4476
orb,iris,MMU-Iris_genuine_166,14,14,127,138,6,0,,False,,True,False,
sift,iris,MMU-Iris_genuine_166,14,14,18,44,2,0,,False,,True,False,
superglue,iris,MMU-Iris_genuine_166,14,14,99,95,48,21,0.4375,False,0.4231,True,False,2.1618
sgmnet,iris,MMU-Iris_genuine_166,14,14,371,336,76,37,0.4868,True,0.4851,True,True,1.5708
aspanformer,iris,MMU-Iris_genuine_166,14,14,1984,1984,1984,1510,0.7611,True,0.7461,True,True,1.8975
deepdetect,iris,MMU-Iris_genuine_166,14,14,4843,5052,261,251,0.9617,True,0.9617,True,True,0.5213
loftr,iris,MMU-Iris_genuine_167,41,41,741,741,741,587,0.7922,True,0.7743,True,True,1.9568
orb,iris,MMU-Iris_genuine_167,41,41,85,81,5,0,,False,,True,False,
sift,iris,MMU-Iris_genuine_167,41,41,36,40,9,8,0.8889,True,0.8606,True,True,1.4975
superglue,iris,MMU-Iris_genuine_167,41,41,78,80,42,21,0.5000,True,0.4857,True,True,2.0713
sgmnet,iris,MMU-Iris_genuine_167,41,41,373,368,129,88,0.6822,True,0.6803,True,True,1.5557
aspanformer,iris,MMU-Iris_genuine_167,41,41,1735,1735,1735,1344,0.7746,True,0.7582,True,True,1.9298
deepdetect,iris,MMU-Iris_genuine_167,41,41,4284,4299,498,496,0.9960,True,0.9960,True,True,0.8703
loftr,iris,MMU-Iris_genuine_168,6,6,516,516,516,431,0.8353,True,0.8353,True,True,1.3110
orb,iris,MMU-Iris_genuine_168,6,6,52,29,9,0,,False,,True,False,
sift,iris,MMU-Iris_genuine_168,6,6,11,7,7,6,0.8571,True,0.8110,True,True,1.0793
superglue,iris,MMU-Iris_genuine_168,6,6,87,86,78,49,0.6282,True,0.6052,True,True,2.2463
sgmnet,iris,MMU-Iris_genuine_168,6,6,273,219,80,45,0.5625,True,0.5610,True,True,1.5549
aspanformer,iris,MMU-Iris_genuine_168,6,6,1612,1612,1612,1375,0.8530,True,0.8352,True,True,1.9202
deepdetect,iris,MMU-Iris_genuine_168,6,6,4497,4085,666,666,1.0000,True,1.0000,True,True,1.0237
loftr,iris,MMU-Iris_genuine_169,5,5,470,470,470,387,0.8234,True,0.8039,True,True,1.9804
orb,iris,MMU-Iris_genuine_169,5,5,225,250,38,27,0.7105,True,0.7105,True,True,1.0199
sift,iris,MMU-Iris_genuine_169,5,5,32,38,8,7,0.8750,True,0.8385,True,True,0.5623
superglue,iris,MMU-Iris_genuine_169,5,5,124,116,85,41,0.4824,True,0.4640,True,True,2.2758
sgmnet,iris,MMU-Iris_genuine_169,5,5,433,351,168,110,0.6548,True,0.6545,True,True,1.5094
aspanformer,iris,MMU-Iris_genuine_169,5,5,1770,1770,1770,969,0.5475,True,0.5295,True,True,2.1682
deepdetect,iris,MMU-Iris_genuine_169,5,5,5879,5137,19,19,1.0000,True,1.0000,True,True,0.6576
loftr,iris,MMU-Iris_genuine_170,39,39,682,682,682,441,0.6466,True,0.6384,True,True,1.7558
orb,iris,MMU-Iris_genuine_170,39,39,124,135,11,7,0.6364,True,0.6098,True,True,0.6751
sift,iris,MMU-Iris_genuine_170,39,39,36,18,10,5,0.5000,True,0.4661,True,True,0.3743
superglue,iris,MMU-Iris_genuine_170,39,39,101,107,84,44,0.5238,True,0.5001,True,True,2.4249
sgmnet,iris,MMU-Iris_genuine_170,39,39,301,279,86,27,0.3140,False,0.3139,True,False,1.1035
aspanformer,iris,MMU-Iris_genuine_170,39,39,1740,1740,1740,1575,0.9052,True,0.8794,True,True,2.0781
deepdetect,iris,MMU-Iris_genuine_170,39,39,4858,5246,149,149,1.0000,True,1.0000,True,True,1.0079
loftr,iris,MMU-Iris_genuine_171,7,7,714,714,714,451,0.6317,True,0.6266,True,True,1.6610
orb,iris,MMU-Iris_genuine_171,7,7,76,87,12,10,0.8333,True,0.8186,True,True,1.0926
sift,iris,MMU-Iris_genuine_171,7,7,21,19,12,10,0.8333,True,0.8186,True,True,1.2581
superglue,iris,MMU-Iris_genuine_171,7,7,90,92,79,46,0.5823,True,0.5606,True,True,2.2574
sgmnet,iris,MMU-Iris_genuine_171,7,7,219,260,98,41,0.4184,True,0.4166,True,True,1.5843
aspanformer,iris,MMU-Iris_genuine_171,7,7,2136,2136,2136,1400,0.6554,True,0.6421,True,True,1.9105
deepdetect,iris,MMU-Iris_genuine_171,7,7,3892,4272,243,241,0.9918,True,0.9918,True,True,0.7450
loftr,iris,MMU-Iris_genuine_172,9,9,395,395,395,313,0.7924,True,0.7924,True,True,1.4836
orb,iris,MMU-Iris_genuine_172,9,9,115,144,7,0,,False,,True,False,
sift,iris,MMU-Iris_genuine_172,9,9,21,22,2,0,,False,,True,False,
superglue,iris,MMU-Iris_genuine_172,9,9,83,92,62,38,0.6129,True,0.6018,True,True,1.8643
sgmnet,iris,MMU-Iris_genuine_172,9,9,223,243,79,41,0.5190,True,0.5190,True,True,1.4598
aspanformer,iris,MMU-Iris_genuine_172,9,9,1859,1859,1859,1360,0.7316,True,0.7174,True,True,1.8903
deepdetect,iris,MMU-Iris_genuine_172,9,9,4471,4684,470,470,1.0000,True,1.0000,True,True,0.4564
loftr,iris,MMU-Iris_genuine_173,6,6,451,451,451,289,0.6408,True,0.6277,True,True,1.9118
orb,iris,MMU-Iris_genuine_173,6,6,101,51,13,10,0.7692,True,0.7556,True,True,0.9790
sift,iris,MMU-Iris_genuine_173,6,6,21,16,9,5,0.5556,True,0.5179,True,True,0.5331
superglue,iris,MMU-Iris_genuine_173,6,6,94,95,74,34,0.4595,False,0.4304,True,False,2.8079
sgmnet,iris,MMU-Iris_genuine_173,6,6,276,245,52,21,0.4038,True,0.4035,True,True,1.5070
aspanformer,iris,MMU-Iris_genuine_173,6,6,1586,1586,1586,949,0.5984,True,0.5907,True,True,1.7588
deepdetect,iris,MMU-Iris_genuine_173,6,6,4388,4343,73,69,0.9452,True,0.9452,True,True,1.2221
loftr,iris,MMU-Iris_genuine_174,3,3,554,554,554,406,0.7329,True,0.7138,True,True,2.0269
orb,iris,MMU-Iris_genuine_174,3,3,48,73,5,0,,False,,True,False,
sift,iris,MMU-Iris_genuine_174,3,3,12,20,5,5,1.0000,True,0.9322,True,True,0.6265
superglue,iris,MMU-Iris_genuine_174,3,3,72,71,51,26,0.5098,True,0.4835,True,True,2.5582
sgmnet,iris,MMU-Iris_genuine_174,3,3,196,258,72,33,0.4583,True,0.4552,True,True,1.6351
aspanformer,iris,MMU-Iris_genuine_174,3,3,1537,1537,1537,1269,0.8256,True,0.7911,True,True,2.3551
deepdetect,iris,MMU-Iris_genuine_174,3,3,3070,4317,100,95,0.9500,True,0.9500,True,True,0.4782
loftr,iris,MMU-Iris_genuine_175,17,17,427,427,427,333,0.7799,True,0.7706,True,True,1.7390
orb,iris,MMU-Iris_genuine_175,17,17,26,72,2,0,,False,,True,False,
sift,iris,MMU-Iris_genuine_175,17,17,8,11,3,0,,False,,True,False,
superglue,iris,MMU-Iris_genuine_175,17,17,73,87,44,21,0.4773,True,0.4712,True,True,1.7445
sgmnet,iris,MMU-Iris_genuine_175,17,17,288,261,87,40,0.4598,True,0.4576,True,True,1.5957
aspanformer,iris,MMU-Iris_genuine_175,17,17,1635,1635,1635,1024,0.6263,True,0.6085,True,True,2.0750
deepdetect,iris,MMU-Iris_genuine_175,17,17,3983,3585,279,266,0.9534,True,0.9534,True,True,0.7942
loftr,iris,MMU-Iris_genuine_176,5,5,381,381,381,164,0.4304,False,0.4141,True,False,2.2760
orb,iris,MMU-Iris_genuine_176,5,5,39,186,3,0,,False,,True,False,
sift,iris,MMU-Iris_genuine_176,5,5,10,51,0,0,,False,,True,False,
superglue,iris,MMU-Iris_genuine_176,5,5,95,110,28,14,0.5000,True,0.4780,True,True,2.2992
sgmnet,iris,MMU-Iris_genuine_176,5,5,339,357,103,26,0.2524,False,0.2524,True,False,1.3842
aspanformer,iris,MMU-Iris_genuine_176,5,5,1728,1728,1728,1475,0.8536,True,0.8258,True,True,2.1625
deepdetect,iris,MMU-Iris_genuine_176,5,5,4596,6143,21,18,0.8571,True,0.8571,True,True,0.6436
loftr,iris,MMU-Iris_genuine_177,1,1,645,645,645,590,0.9147,True,0.9147,True,True,1.1723
orb,iris,MMU-Iris_genuine_177,1,1,41,26,2,0,,False,,True,False,
sift,iris,MMU-Iris_genuine_177,1,1,20,7,7,0,,False,,True,False,
superglue,iris,MMU-Iris_genuine_177,1,1,91,86,65,41,0.6308,True,0.6130,True,True,2.0712
sgmnet,iris,MMU-Iris_genuine_177,1,1,312,318,129,76,0.5891,True,0.5891,True,True,1.4986
aspanformer,iris,MMU-Iris_genuine_177,1,1,1764,1764,1764,1504,0.8526,True,0.8514,True,True,1.5282
deepdetect,iris,MMU-Iris_genuine_177,1,1,4472,4312,151,149,0.9868,True,0.9868,True,True,0.9600
loftr,iris,MMU-Iris_genuine_178,45,45,604,604,604,494,0.8179,True,0.8069,True,True,1.7704
orb,iris,MMU-Iris_genuine_178,45,45,66,129,9,9,1.0000,True,0.9382,True,True,2.2935
sift,iris,MMU-Iris_genuine_178,45,45,7,16,6,5,0.8333,True,0.7768,True,True,0.2229
superglue,iris,MMU-Iris_genuine_178,45,45,75,97,68,43,0.6324,True,0.6037,True,True,2.4262
sgmnet,iris,MMU-Iris_genuine_178,45,45,223,338,77,44,0.5714,True,0.5692,True,True,1.5776
aspanformer,iris,MMU-Iris_genuine_178,45,45,1796,1796,1796,1415,0.7879,True,0.7575,True,True,2.2872
deepdetect,iris,MMU-Iris_genuine_178,45,45,3434,4328,203,203,1.0000,True,1.0000,True,True,0.7790
loftr,iris,MMU-Iris_genuine_179,32,32,621,621,621,464,0.7472,True,0.7472,True,True,1.3802
orb,iris,MMU-Iris_genuine_179,32,32,80,171,6,0,,False,,True,False,
sift,iris,MMU-Iris_genuine_179,32,32,18,41,2,0,,False,,True,False,
superglue,iris,MMU-Iris_genuine_179,32,32,74,83,64,45,0.7031,True,0.6806,True,True,2.1511
sgmnet,iris,MMU-Iris_genuine_179,32,32,219,227,69,44,0.6377,True,0.6377,True,True,1.4492
aspanformer,iris,MMU-Iris_genuine_179,32,32,1650,1650,1650,1501,0.9097,True,0.8995,True,True,1.7262
deepdetect,iris,MMU-Iris_genuine_179,32,32,3807,4363,345,345,1.0000,True,1.0000,True,True,0.4532
loftr,iris,MMU-Iris_genuine_180,18,18,747,747,747,506,0.6774,True,0.6692,True,True,1.7440
orb,iris,MMU-Iris_genuine_180,18,18,33,39,2,0,,False,,True,False,
sift,iris,MMU-Iris_genuine_180,18,18,16,21,5,5,1.0000,True,0.9322,True,True,0.9224
superglue,iris,MMU-Iris_genuine_180,18,18,76,83,71,36,0.5070,True,0.4884,True,True,2.2508
sgmnet,iris,MMU-Iris_genuine_180,18,18,213,207,69,38,0.5507,True,0.5507,True,True,1.4617
aspanformer,iris,MMU-Iris_genuine_180,18,18,1480,1480,1480,1205,0.8142,True,0.7791,True,True,2.3802
deepdetect,iris,MMU-Iris_genuine_180,18,18,3958,3910,337,332,0.9852,True,0.9852,True,True,1.2720
loftr,iris,MMU-Iris_genuine_181,32,32,286,286,286,225,0.7867,True,0.7867,True,True,1.4436
orb,iris,MMU-Iris_genuine_181,32,32,171,126,17,0,,False,,True,False,
sift,iris,MMU-Iris_genuine_181,32,32,41,26,3,0,,False,,True,False,
superglue,iris,MMU-Iris_genuine_181,32,32,83,95,19,10,0.5263,True,0.5170,True,True,1.2887
sgmnet,iris,MMU-Iris_genuine_181,32,32,227,299,43,20,0.4651,True,0.4648,True,True,1.1140
aspanformer,iris,MMU-Iris_genuine_181,32,32,480,480,480,267,0.5563,True,0.5563,True,True,0.7388
deepdetect,iris,MMU-Iris_genuine_181,32,32,4363,4790,269,269,1.0000,True,1.0000,True,True,0.5686
loftr,iris,MMU-Iris_genuine_182,14,14,908,908,908,641,0.7059,True,0.6999,True,True,1.6719
orb,iris,MMU-Iris_genuine_182,14,14,120,119,21,16,0.7619,True,0.7488,True,True,1.7943
sift,iris,MMU-Iris_genuine_182,14,14,37,40,16,0,,False,,True,False,
superglue,iris,MMU-Iris_genuine_182,14,14,98,107,79,43,0.5443,True,0.5251,True,True,2.2178
sgmnet,iris,MMU-Iris_genuine_182,14,14,339,394,134,82,0.6119,True,0.6119,True,True,1.4434
aspanformer,iris,MMU-Iris_genuine_182,14,14,1984,1984,1984,1347,0.6789,True,0.6609,True,True,2.0374
deepdetect,iris,MMU-Iris_genuine_182,14,14,4439,4691,439,411,0.9362,True,0.9362,True,True,0.8171
loftr,iris,MMU-Iris_genuine_183,39,39,784,784,784,498,0.6352,True,0.6352,True,True,1.4797
orb,iris,MMU-Iris_genuine_183,39,39,102,94,22,17,0.7727,True,0.7713,True,True,1.2316
sift,iris,MMU-Iris_genuine_183,39,39,23,15,7,0,,False,,True,False,
superglue,iris,MMU-Iris_genuine_183,39,39,113,97,86,40,0.4651,False,0.4478,True,False,2.2581
sgmnet,iris,MMU-Iris_genuine_183,39,39,320,253,90,50,0.5556,True,0.5556,True,True,1.4994
aspanformer,iris,MMU-Iris_genuine_183,39,39,2159,2159,2159,1778,0.8235,True,0.7972,True,True,2.1502
deepdetect,iris,MMU-Iris_genuine_183,39,39,5122,4858,355,348,0.9803,True,0.9803,True,True,0.6366
loftr,iris,MMU-Iris_genuine_184,23,23,414,414,414,243,0.5870,True,0.5795,True,True,1.7559
orb,iris,MMU-Iris_genuine_184,23,23,73,96,1,0,,False,,True,False,
sift,iris,MMU-Iris_genuine_184,23,23,23,23,3,0,,False,,True,False,
superglue,iris,MMU-Iris_genuine_184,23,23,91,84,69,37,0.5362,True,0.5056,True,True,2.6782
sgmnet,iris,MMU-Iris_genuine_184,23,23,208,180,56,25,0.4464,True,0.4464,True,True,1.1020
aspanformer,iris,MMU-Iris_genuine_184,23,23,1665,1665,1665,1181,0.7093,True,0.6917,True,True,2.0029
deepdetect,iris,MMU-Iris_genuine_184,23,23,4705,4408,297,297,1.0000,True,1.0000,True,True,0.4984
loftr,iris,MMU-Iris_genuine_185,9,9,404,404,404,314,0.7772,True,0.7579,True,True,2.0029
orb,iris,MMU-Iris_genuine_185,9,9,95,144,7,0,,False,,True,False,
sift,iris,MMU-Iris_genuine_185,9,9,15,22,3,0,,False,,True,False,
superglue,iris,MMU-Iris_genuine_185,9,9,84,92,65,35,0.5385,True,0.5194,True,True,2.2199
sgmnet,iris,MMU-Iris_genuine_185,9,9,220,243,79,35,0.4430,True,0.4430,True,True,1.4810
aspanformer,iris,MMU-Iris_genuine_185,9,9,1671,1671,1671,1135,0.6792,True,0.6715,True,True,1.7285
deepdetect,iris,MMU-Iris_genuine_185,9,9,4144,4684,629,629,1.0000,True,1.0000,True,True,0.2865
loftr,iris,MMU-Iris_genuine_186,5,5,640,640,640,455,0.7109,True,0.7044,True,True,1.6858
orb,iris,MMU-Iris_genuine_186,5,5,225,285,34,30,0.8824,True,0.8823,True,True,1.3201
sift,iris,MMU-Iris_genuine_186,5,5,32,54,11,10,0.9091,True,0.8930,True,True,0.9380
superglue,iris,MMU-Iris_genuine_186,5,5,124,134,98,57,0.5816,True,0.5578,True,True,2.3374
sgmnet,iris,MMU-Iris_genuine_186,5,5,433,422,158,97,0.6139,True,0.6139,True,True,1.4868
aspanformer,iris,MMU-Iris_genuine_186,5,5,2166,2166,2166,1788,0.8255,True,0.8073,True,True,1.9465
deepdetect,iris,MMU-Iris_genuine_186,5,5,5879,5953,126,117,0.9286,True,0.9286,True,True,0.7047
loftr,iris,MMU-Iris_genuine_187,5,5,505,505,505,308,0.6099,True,0.6017,True,True,1.7702
orb,iris,MMU-Iris_genuine_187,5,5,187,250,38,34,0.8947,True,0.8947,True,True,1.4392
sift,iris,MMU-Iris_genuine_187,5,5,44,38,9,7,0.7778,True,0.7437,True,True,1.5435
superglue,iris,MMU-Iris_genuine_187,5,5,125,116,100,36,0.3600,False,0.3435,True,False,2.4394
sgmnet,iris,MMU-Iris_genuine_187,5,5,423,351,169,95,0.5621,True,0.5595,True,True,1.5952
aspanformer,iris,MMU-Iris_genuine_187,5,5,2015,2015,2015,1243,0.6169,True,0.6169,True,True,1.3146
deepdetect,iris,MMU-Iris_genuine_187,5,5,5268,5137,94,94,1.0000,True,1.0000,True,True,0.7280
loftr,iris,MMU-Iris_genuine_188,8,8,660,660,660,426,0.6455,True,0.6111,True,True,2.5949
orb,iris,MMU-Iris_genuine_188,8,8,25,36,3,0,,False,,True,False,
sift,iris,MMU-Iris_genuine_188,8,8,13,9,4,4,1.0000,True,0.9165,True,True,0.0000
superglue,iris,MMU-Iris_genuine_188,8,8,72,66,52,29,0.5577,True,0.5474,True,True,1.8719
sgmnet,iris,MMU-Iris_genuine_188,8,8,208,200,67,29,0.4328,True,0.4328,True,True,1.1909
aspanformer,iris,MMU-Iris_genuine_188,8,8,1851,1851,1851,1241,0.6704,True,0.6571,True,True,1.9032
deepdetect,iris,MMU-Iris_genuine_188,8,8,3882,3901,298,298,1.0000,True,1.0000,True,True,0.5567
loftr,iris,MMU-Iris_genuine_189,44,44,362,362,362,282,0.7790,True,0.7731,True,True,1.6517
orb,iris,MMU-Iris_genuine_189,44,44,70,44,13,9,0.6923,True,0.5964,True,True,3.9987
sift,iris,MMU-Iris_genuine_189,44,44,14,17,10,8,0.8000,True,0.7746,True,True,0.9321
superglue,iris,MMU-Iris_genuine_189,44,44,88,97,72,44,0.6111,True,0.5892,True,True,2.2299
sgmnet,iris,MMU-Iris_genuine_189,44,44,269,253,78,38,0.4872,True,0.4872,True,True,1.4976
aspanformer,iris,MMU-Iris_genuine_189,44,44,1620,1620,1620,1245,0.7685,True,0.7685,True,True,1.0280
deepdetect,iris,MMU-Iris_genuine_189,44,44,4327,4776,772,772,1.0000,True,1.0000,True,True,0.4828
loftr,iris,MMU-Iris_genuine_190,27,27,658,658,658,492,0.7477,True,0.7407,True,True,1.6897
orb,iris,MMU-Iris_genuine_190,27,27,59,31,5,0,,False,,True,False,
sift,iris,MMU-Iris_genuine_190,27,27,15,17,2,0,,False,,True,False,
superglue,iris,MMU-Iris_genuine_190,27,27,84,73,50,26,0.5200,True,0.5066,True,True,2.0192
sgmnet,iris,MMU-Iris_genuine_190,27,27,229,258,76,35,0.4605,True,0.4592,True,True,1.5578
aspanformer,iris,MMU-Iris_genuine_190,27,27,1768,1768,1768,1354,0.7658,True,0.7517,True,True,1.8733
deepdetect,iris,MMU-Iris_genuine_190,27,27,3518,3938,108,108,1.0000,True,1.0000,True,True,1.0394
loftr,iris,MMU-Iris_genuine_191,17,17,572,572,572,507,0.8864,True,0.8864,True,True,0.7837
orb,iris,MMU-Iris_genuine_191,17,17,101,70,25,21,0.8400,True,0.8396,True,True,0.9949
sift,iris,MMU-Iris_genuine_191,17,17,27,21,10,9,0.9000,True,0.8785,True,True,0.8657
superglue,iris,MMU-Iris_genuine_191,17,17,91,90,67,35,0.5224,True,0.5027,True,True,2.2667
sgmnet,iris,MMU-Iris_genuine_191,17,17,287,297,125,87,0.6960,True,0.6960,True,True,1.3836
aspanformer,iris,MMU-Iris_genuine_191,17,17,2243,2243,2243,1932,0.8613,True,0.8613,True,True,0.8725
deepdetect,iris,MMU-Iris_genuine_191,17,17,4049,3525,1151,1147,0.9965,True,0.9965,True,True,0.6964
loftr,iris,MMU-Iris_genuine_192,34,34,644,644,644,520,0.8075,True,0.8075,True,True,1.1553
orb,iris,MMU-Iris_genuine_192,34,34,74,28,3,0,,False,,True,False,
sift,iris,MMU-Iris_genuine_192,34,34,21,12,7,5,0.7143,True,0.6658,True,True,0.3924
superglue,iris,MMU-Iris_genuine_192,34,34,90,82,66,36,0.5455,True,0.5303,True,True,2.0630
sgmnet,iris,MMU-Iris_genuine_192,34,34,231,234,81,24,0.2963,False,0.2962,True,False,1.4966
aspanformer,iris,MMU-Iris_genuine_192,34,34,1698,1698,1698,1102,0.6490,True,0.6369,True,True,1.8756
deepdetect,iris,MMU-Iris_genuine_192,34,34,4416,4180,92,91,0.9891,True,0.9891,True,True,0.6971
loftr,iris,MMU-Iris_genuine_193,34,34,485,485,485,284,0.5856,True,0.5503,True,True,2.7415
orb,iris,MMU-Iris_genuine_193,34,34,61,63,4,0,,False,,True,False,
sift,iris,MMU-Iris_genuine_193,34,34,11,8,3,0,,False,,True,False,
superglue,iris,MMU-Iris_genuine_193,34,34,83,80,5,5,1.0000,True,0.9322,True,True,0.8384
sgmnet,iris,MMU-Iris_genuine_193,34,34,208,206,53,18,0.3396,False,0.3392,True,False,1.1953
aspanformer,iris,MMU-Iris_genuine_193,34,34,1265,1265,1265,984,0.7779,True,0.7538,True,True,2.1282
deepdetect,iris,MMU-Iris_genuine_193,34,34,4248,3545,8,8,1.0000,True,1.0000,True,True,0.1908
loftr,iris,MMU-Iris_genuine_194,1,1,836,836,836,758,0.9067,True,0.9067,True,True,1.1221
orb,iris,MMU-Iris_genuine_194,1,1,41,57,5,0,,False,,True,False,
sift,iris,MMU-Iris_genuine_194,1,1,20,10,8,6,0.7500,True,0.7097,True,True,0.9889
superglue,iris,MMU-Iris_genuine_194,1,1,91,82,62,41,0.6613,True,0.6394,True,True,2.1739
sgmnet,iris,MMU-Iris_genuine_194,1,1,312,329,127,73,0.5748,True,0.5748,True,True,1.4494
aspanformer,iris,MMU-Iris_genuine_194,1,1,1886,1886,1886,1498,0.7943,True,0.7943,True,True,1.3572
deepdetect,iris,MMU-Iris_genuine_194,1,1,4472,4627,329,329,1.0000,True,1.0000,True,True,0.4478
loftr,iris,MMU-Iris_genuine_195,37,37,508,508,508,269,0.5295,True,0.5232,True,True,1.7395
orb,iris,MMU-Iris_genuine_195,37,37,20,18,2,0,,False,,True,False,
sift,iris,MMU-Iris_genuine_195,37,37,5,6,1,0,,False,,True,False,
superglue,iris,MMU-Iris_genuine_195,37,37,86,86,72,37,0.5139,True,0.5020,True,True,1.9691
sgmnet,iris,MMU-Iris_genuine_195,37,37,315,241,80,26,0.3250,False,0.3229,True,False,1.6291
aspanformer,iris,MMU-Iris_genuine_195,37,37,1666,1666,1666,999,0.5996,True,0.5835,True,True,2.0442
deepdetect,iris,MMU-Iris_genuine_195,37,37,5071,4590,202,192,0.9505,True,0.9505,True,True,0.7073
loftr,iris,MMU-Iris_genuine_196,24,24,858,858,858,521,0.6072,True,0.6072,True,True,1.4592
orb,iris,MMU-Iris_genuine_196,24,24,119,100,18,11,0.6111,True,0.6032,True,True,1.4732
sift,iris,MMU-Iris_genuine_196,24,24,46,27,13,6,0.4615,False,0.4367,True,False,1.2566
superglue,iris,MMU-Iris_genuine_196,24,24,93,93,26,18,0.6923,True,0.6736,True,True,2.0218
sgmnet,iris,MMU-Iris_genuine_196,24,24,342,294,101,63,0.6238,True,0.6238,True,True,1.2082
aspanformer,iris,MMU-Iris_genuine_196,24,24,2086,2086,2086,1651,0.7915,True,0.7915,True,True,1.4217
deepdetect,iris,MMU-Iris_genuine_196,24,24,4842,4604,655,593,0.9053,True,0.9053,True,True,0.6903
loftr,iris,MMU-Iris_genuine_197,32,32,358,358,358,222,0.6201,True,0.6033,True,True,2.0512
orb,iris,MMU-Iris_genuine_197,32,32,166,196,47,38,0.8085,True,0.8085,True,True,1.4899
sift,iris,MMU-Iris_genuine_197,32,32,58,64,11,10,0.9091,True,0.8930,True,True,1.1123
superglue,iris,MMU-Iris_genuine_197,32,32,87,97,73,47,0.6438,True,0.6170,True,True,2.3525
sgmnet,iris,MMU-Iris_genuine_197,32,32,227,230,77,43,0.5584,True,0.5527,True,True,1.7071
aspanformer,iris,MMU-Iris_genuine_197,32,32,1358,1358,1358,1187,0.8741,True,0.8650,True,True,1.7086
deepdetect,iris,MMU-Iris_genuine_197,32,32,4420,4810,849,836,0.9847,True,0.9847,True,True,0.8183
loftr,iris,MMU-Iris_genuine_198,1,1,713,713,713,629,0.8822,True,0.8627,True,True,1.9456
orb,iris,MMU-Iris_genuine_198,1,1,37,61,0,0,,False,,True,False,
sift,iris,MMU-Iris_genuine_198,1,1,4,13,0,0,,False,,True,False,
superglue,iris,MMU-Iris_genuine_198,1,1,78,78,60,41,0.6833,True,0.6620,True,True,2.1355
sgmnet,iris,MMU-Iris_genuine_198,1,1,209,267,76,42,0.5526,True,0.5526,True,True,1.4690
aspanformer,iris,MMU-Iris_genuine_198,1,1,1974,1974,1974,1610,0.8156,True,0.8156,True,True,1.4487
deepdetect,iris,MMU-Iris_genuine_198,1,1,3776,4219,364,364,1.0000,True,1.0000,True,True,0.4377
loftr,iris,MMU-Iris_genuine_199,43,43,335,335,335,229,0.6836,True,0.6708,True,True,1.8785
orb,iris,MMU-Iris_genuine_199,43,43,58,63,9,8,0.8889,True,0.8606,True,True,0.5576
sift,iris,MMU-Iris_genuine_199,43,43,7,15,1,0,,False,,True,False,
superglue,iris,MMU-Iris_genuine_199,43,43,57,63,50,25,0.5000,True,0.4935,True,True,1.7605
sgmnet,iris,MMU-Iris_genuine_199,43,43,130,156,42,20,0.4762,True,0.4759,True,True,1.3726
aspanformer,iris,MMU-Iris_genuine_199,43,43,1182,1182,1182,728,0.6159,True,0.6080,True,True,1.7600
deepdetect,iris,MMU-Iris_genuine_199,43,43,3071,3557,48,48,1.0000,True,1.0000,True,True,0.8115
loftr,iris,MMU-Iris_genuine_200,26,26,477,477,477,297,0.6226,True,0.6018,True,True,2.1794
orb,iris,MMU-Iris_genuine_200,26,26,81,125,7,6,0.8571,True,0.8110,True,True,1.1513
sift,iris,MMU-Iris_genuine_200,26,26,16,16,9,0,,False,,True,False,
superglue,iris,MMU-Iris_genuine_200,26,26,85,100,65,29,0.4462,False,0.4247,True,False,2.4848
sgmnet,iris,MMU-Iris_genuine_200,26,26,257,265,79,25,0.3165,False,0.3164,True,False,1.4638
aspanformer,iris,MMU-Iris_genuine_200,26,26,1917,1917,1917,1280,0.6677,True,0.6436,True,True,2.2352
deepdetect,iris,MMU-Iris_genuine_200,26,26,4267,5070,173,150,0.8671,True,0.8671,True,True,1.1382
loftr,iris,MMU-Iris_genuine_201,23,23,947,947,947,789,0.8332,True,0.8332,True,True,1.2228
orb,iris,MMU-Iris_genuine_201,23,23,75,128,3,0,,False,,True,False,
sift,iris,MMU-Iris_genuine_201,23,23,24,35,7,6,0.8571,True,0.8110,True,True,0.6951
superglue,iris,MMU-Iris_genuine_201,23,23,85,87,66,36,0.5455,True,0.5205,True,True,2.4364
sgmnet,iris,MMU-Iris_genuine_201,23,23,227,192,67,30,0.4478,True,0.4478,True,True,1.3789
aspanformer,iris,MMU-Iris_genuine_201,23,23,2074,2074,2074,1688,0.8139,True,0.8139,True,True,0.6783
deepdetect,iris,MMU-Iris_genuine_201,23,23,4331,3872,810,787,0.9716,True,0.9716,True,True,0.7168
loftr,iris,MMU-Iris_genuine_202,20,20,356,356,356,277,0.7781,True,0.7781,True,True,1.1385
orb,iris,MMU-Iris_genuine_202,20,20,35,5,0,0,,False,,True,False,
sift,iris,MMU-Iris_genuine_202,20,20,9,2,2,0,,False,,True,False,
superglue,iris,MMU-Iris_genuine_202,20,20,61,66,50,31,0.6200,True,0.5893,True,True,2.5156
sgmnet,iris,MMU-Iris_genuine_202,20,20,178,169,78,31,0.3974,False,0.3974,True,False,1.4545
aspanformer,iris,MMU-Iris_genuine_202,20,20,1520,1520,1520,1266,0.8329,True,0.8327,True,True,1.5048
deepdetect,iris,MMU-Iris_genuine_202,20,20,3176,3064,81,80,0.9877,True,0.9877,True,True,0.8604
loftr,iris,MMU-Iris_genuine_203,11,11,708,708,708,541,0.7641,True,0.7611,True,True,1.5802
orb,iris,MMU-Iris_genuine_203,11,11,222,218,51,43,0.8431,True,0.8334,True,True,1.7326
sift,iris,MMU-Iris_genuine_203,11,11,63,51,14,13,0.9286,True,0.9222,True,True,0.7114
superglue,iris,MMU-Iris_genuine_203,11,11,90,101,76,45,0.5921,True,0.5762,True,True,2.0438
sgmnet,iris,MMU-Iris_genuine_203,11,11,238,241,104,46,0.4423,True,0.4423,True,True,1.4755
aspanformer,iris,MMU-Iris_genuine_203,11,11,2108,2108,2108,1945,0.9227,True,0.9078,True,True,1.8252
deepdetect,iris,MMU-Iris_genuine_203,11,11,5497,5733,590,589,0.9983,True,0.9983,True,True,0.6495
loftr,iris,MMU-Iris_genuine_204,20,20,286,286,286,213,0.7448,True,0.7397,True,True,1.6357
orb,iris,MMU-Iris_genuine_204,20,20,35,9,0,0,,False,,True,False,
sift,iris,MMU-Iris_genuine_204,20,20,9,3,3,0,,False,,True,False,
superglue,iris,MMU-Iris_genuine_204,20,20,61,60,46,22,0.4783,True,0.4631,True,True,2.1380
sgmnet,iris,MMU-Iris_genuine_204,20,20,178,131,57,22,0.3860,False,0.3858,True,False,1.1833
aspanformer,iris,MMU-Iris_genuine_204,20,20,1503,1503,1503,1137,0.7565,True,0.7410,True,True,1.9140
deepdetect,iris,MMU-Iris_genuine_204,20,20,3176,2881,41,39,0.9512,True,0.9512,True,True,1.1529
loftr,iris,MMU-Iris_genuine_205,45,45,749,749,749,529,0.7063,True,0.6810,True,True,2.2287
orb,iris,MMU-Iris_genuine_205,45,45,137,145,4,0,,False,,True,False,
sift,iris,MMU-Iris_genuine_205,45,45,32,26,2,0,,False,,True,False,
superglue,iris,MMU-Iris_genuine_205,45,45,96,101,39,22,0.5641,True,0.5463,True,True,2.1354
sgmnet,iris,MMU-Iris_genuine_205,45,45,380,385,88,33,0.3750,False,0.3704,True,False,1.7443
aspanformer,iris,MMU-Iris_genuine_205,45,45,2160,2160,2160,1623,0.7514,True,0.7446,True,True,1.6812
deepdetect,iris,MMU-Iris_genuine_205,45,45,3901,4405,153,153,1.0000,True,1.0000,True,True,0.7542
loftr,iris,MMU-Iris_genuine_206,6,6,526,526,526,405,0.7700,True,0.7700,True,True,1.3556
orb,iris,MMU-Iris_genuine_206,6,6,101,29,16,0,,False,,True,False,
sift,iris,MMU-Iris_genuine_206,6,6,21,7,6,0,,False,,True,False,
superglue,iris,MMU-Iris_genuine_206,6,6,94,86,74,44,0.5946,True,0.5615,True,True,2.6444
sgmnet,iris,MMU-Iris_genuine_206,6,6,276,219,60,31,0.5167,True,0.5167,True,True,1.4910
aspanformer,iris,MMU-Iris_genuine_206,6,6,1077,1077,1077,973,0.9034,True,0.9034,True,True,1.3084
deepdetect,iris,MMU-Iris_genuine_206,6,6,4388,4085,43,37,0.8605,True,0.8605,True,True,1.8957
loftr,iris,MMU-Iris_genuine_207,13,13,527,527,527,453,0.8596,True,0.8596,True,True,1.4741
orb,iris,MMU-Iris_genuine_207,13,13,157,173,46,44,0.9565,True,0.9565,True,True,1.3110
sift,iris,MMU-Iris_genuine_207,13,13,45,40,20,17,0.8500,True,0.8484,True,True,1.1617
superglue,iris,MMU-Iris_genuine_207,13,13,102,89,80,48,0.6000,True,0.5735,True,True,2.4043
sgmnet,iris,MMU-Iris_genuine_207,13,13,267,275,108,82,0.7593,True,0.7593,True,True,1.1435
aspanformer,iris,MMU-Iris_genuine_207,13,13,2362,2362,2362,1932,0.8180,True,0.8180,True,True,1.1989
deepdetect,iris,MMU-Iris_genuine_207,13,13,4481,4353,1532,1532,1.0000,True,1.0000,True,True,0.5841
loftr,iris,MMU-Iris_genuine_208,31,31,612,612,612,450,0.7353,True,0.7335,True,True,1.5479
orb,iris,MMU-Iris_genuine_208,31,31,27,15,5,0,,False,,True,False,
sift,iris,MMU-Iris_genuine_208,31,31,9,6,7,4,0.5714,True,0.5237,True,True,0.0000
superglue,iris,MMU-Iris_genuine_208,31,31,78,75,69,41,0.5942,True,0.5832,True,True,1.8745
sgmnet,iris,MMU-Iris_genuine_208,31,31,258,262,89,53,0.5955,True,0.5955,True,True,1.2657
aspanformer,iris,MMU-Iris_genuine_208,31,31,1724,1724,1724,1082,0.6276,True,0.6238,True,True,1.6226
deepdetect,iris,MMU-Iris_genuine_208,31,31,3622,3663,487,476,0.9774,True,0.9774,True,True,0.8718
loftr,iris,MMU-Iris_genuine_209,12,12,701,701,701,549,0.7832,True,0.7705,True,True,1.8267
orb,iris,MMU-Iris_genuine_209,12,12,87,100,10,0,,False,,True,False,
sift,iris,MMU-Iris_genuine_209,12,12,23,41,3,0,,False,,True,False,
superglue,iris,MMU-Iris_genuine_209,12,12,95,89,65,36,0.5538,True,0.5374,True,True,2.1018
sgmnet,iris,MMU-Iris_genuine_209,12,12,279,269,79,34,0.4304,True,0.4304,True,True,1.3895
aspanformer,iris,MMU-Iris_genuine_209,12,12,1986,1986,1986,1792,0.9023,True,0.8986,True,True,1.5830
deepdetect,iris,MMU-Iris_genuine_209,12,12,4254,4909,744,744,1.0000,True,1.0000,True,True,0.4484
loftr,iris,MMU-Iris_genuine_210,34,34,673,673,673,514,0.7637,True,0.7436,True,True,2.0358
orb,iris,MMU-Iris_genuine_210,34,34,88,68,15,12,0.8000,True,0.7842,True,True,1.7096
sift,iris,MMU-Iris_genuine_210,34,34,29,14,8,6,0.7500,True,0.7097,True,True,1.0079
superglue,iris,MMU-Iris_genuine_210,34,34,80,94,69,42,0.6087,True,0.5808,True,True,2.4384
sgmnet,iris,MMU-Iris_genuine_210,34,34,193,232,78,35,0.4487,True,0.4487,True,True,1.0954
aspanformer,iris,MMU-Iris_genuine_210,34,34,1860,1860,1860,1270,0.6828,True,0.6815,True,True,1.5386
deepdetect,iris,MMU-Iris_genuine_210,34,34,4157,4558,462,461,0.9978,True,0.9978,True,True,0.4722
loftr,iris,MMU-Iris_genuine_211,15,15,570,570,570,347,0.6088,True,0.6063,True,True,1.5802
orb,iris,MMU-Iris_genuine_211,15,15,130,144,9,0,,False,,True,False,
sift,iris,MMU-Iris_genuine_211,15,15,34,39,11,8,0.7273,True,0.7042,True,True,0.8136
superglue,iris,MMU-Iris_genuine_211,15,15,94,95,76,38,0.5000,True,0.4859,True,True,2.0718
sgmnet,iris,MMU-Iris_genuine_211,15,15,254,278,109,40,0.3670,False,0.3668,True,False,1.5083
aspanformer,iris,MMU-Iris_genuine_211,15,15,1856,1856,1856,1495,0.8055,True,0.7853,True,True,2.0068
deepdetect,iris,MMU-Iris_genuine_211,15,15,4971,5012,85,85,1.0000,True,1.0000,True,True,1.9514
loftr,iris,MMU-Iris_genuine_212,15,15,189,189,189,96,0.5079,True,0.4899,True,True,2.2244
orb,iris,MMU-Iris_genuine_212,15,15,99,73,1,0,,False,,True,False,
sift,iris,MMU-Iris_genuine_212,15,15,23,13,1,0,,False,,True,False,
superglue,iris,MMU-Iris_genuine_212,15,15,101,67,34,15,0.4412,False,0.4146,True,False,2.6713
sgmnet,iris,MMU-Iris_genuine_212,15,15,361,192,61,31,0.5082,True,0.5065,True,True,1.5684
aspanformer,iris,MMU-Iris_genuine_212,15,15,1003,1003,1003,543,0.5414,True,0.5135,True,True,2.5560
deepdetect,iris,MMU-Iris_genuine_212,15,15,4528,2858,12,11,0.9167,True,0.9167,True,True,0.2189
loftr,iris,MMU-Iris_genuine_213,40,40,387,387,387,311,0.8036,True,0.7978,True,True,1.6449
orb,iris,MMU-Iris_genuine_213,40,40,57,156,4,0,,False,,True,False,
sift,iris,MMU-Iris_genuine_213,40,40,24,26,2,0,,False,,True,False,
superglue,iris,MMU-Iris_genuine_213,40,40,81,91,27,16,0.5926,True,0.5784,True,True,1.9317
sgmnet,iris,MMU-Iris_genuine_213,40,40,218,241,62,39,0.6290,True,0.6290,True,True,1.4098
aspanformer,iris,MMU-Iris_genuine_213,40,40,1455,1455,1455,797,0.5478,True,0.5153,True,True,2.7211
deepdetect,iris,MMU-Iris_genuine_213,40,40,4293,4641,346,340,0.9827,True,0.9827,True,True,0.5843
loftr,iris,MMU-Iris_genuine_214,31,31,731,731,731,683,0.9343,True,0.9143,True,True,1.9345
orb,iris,MMU-Iris_genuine_214,31,31,32,44,3,0,,False,,True,False,
sift,iris,MMU-Iris_genuine_214,31,31,2,2,1,0,,False,,True,False,
superglue,iris,MMU-Iris_genuine_214,31,31,69,60,54,34,0.6296,True,0.6075,True,True,2.2158
sgmnet,iris,MMU-Iris_genuine_214,31,31,205,216,84,46,0.5476,True,0.5476,True,True,1.4005
aspanformer,iris,MMU-Iris_genuine_214,31,31,1127,1127,1127,1033,0.9166,True,0.9016,True,True,1.8288
deepdetect,iris,MMU-Iris_genuine_214,31,31,2897,2928,523,511,0.9771,True,0.9771,True,True,0.6009
loftr,iris,MMU-Iris_genuine_215,35,35,502,502,502,344,0.6853,True,0.6601,True,True,2.2471
orb,iris,MMU-Iris_genuine_215,35,35,99,77,10,7,0.7000,True,0.6682,True,True,1.5764
sift,iris,MMU-Iris_genuine_215,35,35,18,11,2,0,,False,,True,False,
superglue,iris,MMU-Iris_genuine_215,35,35,88,85,59,31,0.5254,True,0.5081,True,True,2.1697
sgmnet,iris,MMU-Iris_genuine_215,35,35,307,274,99,37,0.3737,False,0.3716,True,False,1.6125
aspanformer,iris,MMU-Iris_genuine_215,35,35,1961,1961,1961,1516,0.7731,True,0.7517,True,True,2.0613
deepdetect,iris,MMU-Iris_genuine_215,35,35,4455,3607,51,50,0.9804,True,0.9804,True,True,0.8490
loftr,iris,MMU-Iris_genuine_216,17,17,301,301,301,194,0.6445,True,0.6431,True,True,1.5448
orb,iris,MMU-Iris_genuine_216,17,17,70,92,7,0,,False,,True,False,
sift,iris,MMU-Iris_genuine_216,17,17,21,21,8,7,0.8750,True,0.8385,True,True,0.7773
superglue,iris,MMU-Iris_genuine_216,17,17,90,84,62,38,0.6129,True,0.5863,True,True,2.3882
sgmnet,iris,MMU-Iris_genuine_216,17,17,297,267,97,56,0.5773,True,0.5773,True,True,1.3502
aspanformer,iris,MMU-Iris_genuine_216,17,17,1679,1679,1679,1502,0.8946,True,0.8946,True,True,0.9718
deepdetect,iris,MMU-Iris_genuine_216,17,17,3525,3652,458,454,0.9913,True,0.9913,True,True,0.5435
loftr,iris,MMU-Iris_genuine_217,45,45,548,548,548,444,0.8102,True,0.8052,True,True,1.6254
orb,iris,MMU-Iris_genuine_217,45,45,100,112,24,20,0.8333,True,0.8328,True,True,1.3429
sift,iris,MMU-Iris_genuine_217,45,45,13,22,6,6,1.0000,True,0.9462,True,True,0.7721
superglue,iris,MMU-Iris_genuine_217,45,45,81,84,66,38,0.5758,True,0.5507,True,True,2.3888
sgmnet,iris,MMU-Iris_genuine_217,45,45,287,275,95,42,0.4421,True,0.4414,True,True,1.5314
aspanformer,iris,MMU-Iris_genuine_217,45,45,1879,1879,1879,1343,0.7147,True,0.6939,True,True,2.0916
deepdetect,iris,MMU-Iris_genuine_217,45,45,4128,4214,261,257,0.9847,True,0.9847,True,True,0.4076
loftr,iris,MMU-Iris_genuine_218,34,34,730,730,730,542,0.7425,True,0.7371,True,True,1.6439
orb,iris,MMU-Iris_genuine_218,34,34,61,88,8,7,0.8750,True,0.8385,True,True,1.0870
sift,iris,MMU-Iris_genuine_218,34,34,11,29,6,5,0.8333,True,0.7768,True,True,0.4691
superglue,iris,MMU-Iris_genuine_218,34,34,83,80,55,29,0.5273,True,0.5010,True,True,2.5223
sgmnet,iris,MMU-Iris_genuine_218,34,34,208,193,62,22,0.3548,False,0.3545,True,False,1.5117
aspanformer,iris,MMU-Iris_genuine_218,34,34,2302,2302,2302,2081,0.9040,True,0.8887,True,True,1.8416
deepdetect,iris,MMU-Iris_genuine_218,34,34,4248,4157,306,300,0.9804,True,0.9804,True,True,0.9091
loftr,iris,MMU-Iris_genuine_219,38,38,771,771,771,629,0.8158,True,0.8158,True,True,1.5016
orb,iris,MMU-Iris_genuine_219,38,38,61,69,6,5,0.8333,True,0.7768,True,True,0.0486
sift,iris,MMU-Iris_genuine_219,38,38,13,11,5,5,1.0000,True,0.9322,True,True,0.6803
superglue,iris,MMU-Iris_genuine_219,38,38,99,97,72,46,0.6389,True,0.6210,True,True,2.0687
sgmnet,iris,MMU-Iris_genuine_219,38,38,271,252,88,53,0.6023,True,0.6023,True,True,1.4462
aspanformer,iris,MMU-Iris_genuine_219,38,38,2032,2032,2032,1803,0.8873,True,0.8873,True,True,1.0468
deepdetect,iris,MMU-Iris_genuine_219,38,38,4547,4532,908,908,1.0000,True,1.0000,True,True,0.6587
loftr,iris,MMU-Iris_genuine_220,29,29,529,529,529,335,0.6333,True,0.6000,True,True,2.5779
orb,iris,MMU-Iris_genuine_220,29,29,103,136,16,11,0.6875,True,0.6786,True,True,1.1166
sift,iris,MMU-Iris_genuine_220,29,29,11,26,3,0,,False,,True,False,
superglue,iris,MMU-Iris_genuine_220,29,29,98,91,69,33,0.4783,True,0.4681,True,True,1.9296
sgmnet,iris,MMU-Iris_genuine_220,29,29,284,302,69,41,0.5942,True,0.5942,True,True,1.3837
aspanformer,iris,MMU-Iris_genuine_220,29,29,2082,2082,2082,1709,0.8208,True,0.8067,True,True,1.8475
deepdetect,iris,MMU-Iris_genuine_220,29,29,4720,4418,147,145,0.9864,True,0.9864,True,True,0.6083
loftr,iris,MMU-Iris_genuine_221,45,45,897,897,897,629,0.7012,True,0.7012,True,True,1.4644
orb,iris,MMU-Iris_genuine_221,45,45,127,145,24,0,,False,,True,False,
sift,iris,MMU-Iris_genuine_221,45,45,23,26,5,4,0.8000,True,0.7332,True,True,0.0000
superglue,iris,MMU-Iris_genuine_221,45,45,104,101,82,48,0.5854,True,0.5646,True,True,2.2239
sgmnet,iris,MMU-Iris_genuine_221,45,45,373,385,153,69,0.4510,True,0.4463,True,True,1.7076
aspanformer,iris,MMU-Iris_genuine_221,45,45,2284,2284,2284,2163,0.9470,True,0.9470,True,True,0.8812
deepdetect,iris,MMU-Iris_genuine_221,45,45,4713,4405,731,656,0.8974,True,0.8974,True,True,1.1285
loftr,iris,MMU-Iris_genuine_222,42,42,942,942,942,529,0.5616,True,0.5364,True,True,2.4185
orb,iris,MMU-Iris_genuine_222,42,42,143,109,17,14,0.8235,True,0.8194,True,True,0.9396
sift,iris,MMU-Iris_genuine_222,42,42,32,28,9,6,0.6667,True,0.6308,True,True,0.3908
superglue,iris,MMU-Iris_genuine_222,42,42,118,97,79,34,0.4304,False,0.4137,True,False,2.2913
sgmnet,iris,MMU-Iris_genuine_222,42,42,372,372,162,66,0.4074,True,0.4074,True,True,1.3989
aspanformer,iris,MMU-Iris_genuine_222,42,42,1856,1856,1856,1452,0.7823,True,0.7490,True,True,2.3710
deepdetect,iris,MMU-Iris_genuine_222,42,42,5406,4415,233,205,0.8798,True,0.8798,True,True,1.1314
loftr,iris,MMU-Iris_genuine_223,19,19,575,575,575,482,0.8383,True,0.8102,True,True,2.1815
orb,iris,MMU-Iris_genuine_223,19,19,198,93,31,14,0.4516,False,0.4407,True,False,1.8878
sift,iris,MMU-Iris_genuine_223,19,19,32,16,8,6,0.7500,True,0.7097,True,True,0.5634
superglue,iris,MMU-Iris_genuine_223,19,19,96,82,52,27,0.5192,True,0.4895,True,True,2.6766
sgmnet,iris,MMU-Iris_genuine_223,19,19,208,205,54,18,0.3333,False,0.3303,True,False,1.6581
aspanformer,iris,MMU-Iris_genuine_223,19,19,2240,2240,2240,1986,0.8866,True,0.8691,True,True,1.8988
deepdetect,iris,MMU-Iris_genuine_223,19,19,5119,4052,151,145,0.9603,True,0.9603,True,True,1.2483
loftr,iris,MMU-Iris_genuine_224,23,23,555,555,555,453,0.8162,True,0.8076,True,True,1.7113
orb,iris,MMU-Iris_genuine_224,23,23,152,136,57,51,0.8947,True,0.8947,True,True,1.4904
sift,iris,MMU-Iris_genuine_224,23,23,25,26,14,13,0.9286,True,0.9222,True,True,0.6003
superglue,iris,MMU-Iris_genuine_224,23,23,84,101,79,52,0.6582,True,0.6374,True,True,2.1424
sgmnet,iris,MMU-Iris_genuine_224,23,23,209,220,79,45,0.5696,True,0.5696,True,True,1.2936
aspanformer,iris,MMU-Iris_genuine_224,23,23,1513,1513,1513,1349,0.8916,True,0.8820,True,True,1.7175
deepdetect,iris,MMU-Iris_genuine_224,23,23,4259,4145,984,984,1.0000,True,1.0000,True,True,0.6180
loftr,iris,MMU-Iris_genuine_225,9,9,312,312,312,277,0.8878,True,0.8878,True,True,1.2675
orb,iris,MMU-Iris_genuine_225,9,9,111,129,19,0,,False,,True,False,
sift,iris,MMU-Iris_genuine_225,9,9,14,27,4,0,,False,,True,False,
superglue,iris,MMU-Iris_genuine_225,9,9,86,86,69,38,0.5507,True,0.5380,True,True,1.9677
sgmnet,iris,MMU-Iris_genuine_225,9,9,213,259,94,59,0.6277,True,0.6270,True,True,1.5222
aspanformer,iris,MMU-Iris_genuine_225,9,9,2016,2016,2016,1755,0.8705,True,0.8705,True,True,1.1917
deepdetect,iris,MMU-Iris_genuine_225,9,9,4299,4617,522,521,0.9981,True,0.9981,True,True,0.8206
loftr,iris,MMU-Iris_genuine_226,8,8,723,723,723,533,0.7372,True,0.7111,True,True,2.2208
orb,iris,MMU-Iris_genuine_226,8,8,36,69,7,0,,False,,True,False,
sift,iris,MMU-Iris_genuine_226,8,8,17,11,3,0,,False,,True,False,
superglue,iris,MMU-Iris_genuine_226,8,8,80,68,51,24,0.4706,False,0.4476,True,False,2.4982
sgmnet,iris,MMU-Iris_genuine_226,8,8,228,260,82,35,0.4268,True,0.4242,True,True,1.6226
aspanformer,iris,MMU-Iris_genuine_226,8,8,2102,2102,2102,1798,0.8554,True,0.8439,True,True,1.7707
deepdetect,iris,MMU-Iris_genuine_226,8,8,4139,3956,217,213,0.9816,True,0.9816,True,True,0.5355
loftr,iris,MMU-Iris_genuine_227,42,42,817,817,817,616,0.7540,True,0.7348,True,True,2.0160
orb,iris,MMU-Iris_genuine_227,42,42,109,70,3,0,,False,,True,False,
sift,iris,MMU-Iris_genuine_227,42,42,28,17,3,0,,False,,True,False,
superglue,iris,MMU-Iris_genuine_227,42,42,97,96,77,37,0.4805,True,0.4647,True,True,2.1683
sgmnet,iris,MMU-Iris_genuine_227,42,42,372,325,118,64,0.5424,True,0.5399,True,True,1.5907
aspanformer,iris,MMU-Iris_genuine_227,42,42,1968,1968,1968,1839,0.9345,True,0.9345,True,True,0.9466
deepdetect,iris,MMU-Iris_genuine_227,42,42,4415,4571,260,245,0.9423,True,0.9423,True,True,1.7748
loftr,iris,MMU-Iris_genuine_228,3,3,583,583,583,494,0.8473,True,0.8406,True,True,1.6592
orb,iris,MMU-Iris_genuine_228,3,3,56,94,7,0,,False,,True,False,
sift,iris,MMU-Iris_genuine_228,3,3,21,21,9,9,1.0000,True,0.9762,True,True,0.9999
superglue,iris,MMU-Iris_genuine_228,3,3,84,106,71,46,0.6479,True,0.6107,True,True,2.6819
sgmnet,iris,MMU-Iris_genuine_228,3,3,282,304,107,57,0.5327,True,0.5327,True,True,1.4327
aspanformer,iris,MMU-Iris_genuine_228,3,3,2079,2079,2079,1997,0.9606,True,0.9333,True,True,2.0765
deepdetect,iris,MMU-Iris_genuine_228,3,3,3645,4834,300,299,0.9967,True,0.9967,True,True,0.6190
loftr,iris,MMU-Iris_genuine_229,33,33,569,569,569,402,0.7065,True,0.7063,True,True,1.5058
orb,iris,MMU-Iris_genuine_229,33,33,151,192,40,29,0.7250,True,0.7216,True,True,1.5942
sift,iris,MMU-Iris_genuine_229,33,33,28,29,15,11,0.7333,True,0.7238,True,True,1.1789
superglue,iris,MMU-Iris_genuine_229,33,33,95,90,77,45,0.5844,True,0.5591,True,True,2.3872
sgmnet,iris,MMU-Iris_genuine_229,33,33,206,206,76,47,0.6184,True,0.6184,True,True,1.4017
aspanformer,iris,MMU-Iris_genuine_229,33,33,1609,1609,1609,1069,0.6644,True,0.6379,True,True,2.3136
deepdetect,iris,MMU-Iris_genuine_229,33,33,4349,4422,956,956,1.0000,True,1.0000,True,True,0.6421
loftr,iris,MMU-Iris_genuine_230,30,30,177,177,177,66,0.3729,False,0.3534,True,False,2.5712
orb,iris,MMU-Iris_genuine_230,30,30,76,135,5,0,,False,,True,False,
sift,iris,MMU-Iris_genuine_230,30,30,18,27,7,0,,False,,True,False,
superglue,iris,MMU-Iris_genuine_230,30,30,84,85,54,19,0.3519,False,0.3398,True,False,2.1787
sgmnet,iris,MMU-Iris_genuine_230,30,30,229,243,71,28,0.3944,False,0.3884,True,False,1.8055
aspanformer,iris,MMU-Iris_genuine_230,30,30,1610,1610,1610,950,0.5901,True,0.5691,True,True,2.2232
deepdetect,iris,MMU-Iris_genuine_230,30,30,4493,4234,94,93,0.9894,True,0.9894,True,True,0.2578
loftr,iris,MMU-Iris_genuine_231,15,15,570,570,570,340,0.5965,True,0.5686,True,True,2.4594
orb,iris,MMU-Iris_genuine_231,15,15,155,144,1,0,,False,,True,False,
sift,iris,MMU-Iris_genuine_231,15,15,18,39,3,0,,False,,True,False,
superglue,iris,MMU-Iris_genuine_231,15,15,84,95,37,18,0.4865,True,0.4688,True,True,2.2160
sgmnet,iris,MMU-Iris_genuine_231,15,15,267,278,53,13,0.2453,False,0.2436,True,False,1.2440
aspanformer,iris,MMU-Iris_genuine_231,15,15,1528,1528,1528,962,0.6296,True,0.6055,True,True,2.2788
deepdetect,iris,MMU-Iris_genuine_231,15,15,3810,5012,11,10,0.9091,True,0.9091,True,True,0.1481
loftr,iris,MMU-Iris_genuine_232,20,20,188,188,188,102,0.5426,True,0.5319,True,True,1.8962
orb,iris,MMU-Iris_genuine_232,20,20,9,69,1,0,,False,,True,False,
sift,iris,MMU-Iris_genuine_232,20,20,6,16,0,0,,False,,True,False,
superglue,iris,MMU-Iris_genuine_232,20,20,77,75,48,25,0.5208,True,0.4861,True,True,2.8771
sgmnet,iris,MMU-Iris_genuine_232,20,20,178,166,38,11,0.2895,False,0.2857,True,False,1.2038
aspanformer,iris,MMU-Iris_genuine_232,20,20,1381,1381,1381,1132,0.8197,True,0.7901,True,True,2.2359
deepdetect,iris,MMU-Iris_genuine_232,20,20,3593,3512,22,22,1.0000,True,1.0000,True,True,0.3710
loftr,iris,MMU-Iris_genuine_233,2,2,421,421,421,219,0.5202,True,0.5116,True,True,1.8318
orb,iris,MMU-Iris_genuine_233,2,2,118,123,10,0,,False,,True,False,
sift,iris,MMU-Iris_genuine_233,2,2,44,39,5,0,,False,,True,False,
superglue,iris,MMU-Iris_genuine_233,2,2,106,107,83,33,0.3976,False,0.3854,True,False,2.1208
sgmnet,iris,MMU-Iris_genuine_233,2,2,314,256,112,37,0.3304,False,0.3280,True,False,1.6447
aspanformer,iris,MMU-Iris_genuine_233,2,2,1274,1274,1274,780,0.6122,True,0.6022,True,True,1.8293
deepdetect,iris,MMU-Iris_genuine_233,2,2,6433,6185,170,161,0.9471,True,0.9471,True,True,0.7468
loftr,iris,MMU-Iris_genuine_234,44,44,382,382,382,307,0.8037,True,0.7991,True,True,1.6150
orb,iris,MMU-Iris_genuine_234,44,44,161,44,14,7,0.5000,True,0.4787,True,True,1.5166
sift,iris,MMU-Iris_genuine_234,44,44,28,17,12,7,0.5833,True,0.5590,True,True,0.5996
superglue,iris,MMU-Iris_genuine_234,44,44,108,97,71,39,0.5493,True,0.5249,True,True,2.4072
sgmnet,iris,MMU-Iris_genuine_234,44,44,401,253,101,61,0.6040,True,0.6040,True,True,1.3088
aspanformer,iris,MMU-Iris_genuine_234,44,44,1179,1179,1179,865,0.7337,True,0.7328,True,True,1.5250
deepdetect,iris,MMU-Iris_genuine_234,44,44,5910,4776,134,133,0.9925,True,0.9925,True,True,0.9565
loftr,iris,MMU-Iris_genuine_235,25,25,370,370,370,298,0.8054,True,0.7924,True,True,1.8264
orb,iris,MMU-Iris_genuine_235,25,25,56,46,6,0,,False,,True,False,
sift,iris,MMU-Iris_genuine_235,25,25,19,14,8,7,0.8750,True,0.8286,True,True,1.7385
superglue,iris,MMU-Iris_genuine_235,25,25,83,82,68,29,0.4265,False,0.4025,True,False,2.6563
sgmnet,iris,MMU-Iris_genuine_235,25,25,161,160,45,20,0.4444,True,0.4441,True,True,1.3041
aspanformer,iris,MMU-Iris_genuine_235,25,25,1319,1319,1319,702,0.5322,True,0.5111,True,True,2.3084
deepdetect,iris,MMU-Iris_genuine_235,25,25,4190,4539,159,147,0.9245,True,0.9245,True,True,0.6808
loftr,iris,MMU-Iris_genuine_236,10,10,366,366,366,310,0.8470,True,0.8335,True,True,1.8214
orb,iris,MMU-Iris_genuine_236,10,10,126,125,8,7,0.8750,True,0.8385,True,True,1.1238
sift,iris,MMU-Iris_genuine_236,10,10,29,18,6,0,,False,,True,False,
superglue,iris,MMU-Iris_genuine_236,10,10,92,94,71,39,0.5493,True,0.5212,True,True,2.5504
sgmnet,iris,MMU-Iris_genuine_236,10,10,255,292,95,59,0.6211,True,0.6211,True,True,1.4634
aspanformer,iris,MMU-Iris_genuine_236,10,10,1972,1972,1972,1605,0.8139,True,0.8139,True,True,1.4764
deepdetect,iris,MMU-Iris_genuine_236,10,10,4451,4956,42,36,0.8571,True,0.8571,True,True,0.4535
loftr,iris,MMU-Iris_genuine_237,37,37,605,605,605,320,0.5289,True,0.5093,True,True,2.2558
orb,iris,MMU-Iris_genuine_237,37,37,13,22,1,0,,False,,True,False,
sift,iris,MMU-Iris_genuine_237,37,37,3,9,1,0,,False,,True,False,
superglue,iris,MMU-Iris_genuine_237,37,37,82,79,53,22,0.4151,False,0.3948,True,False,2.4962
sgmnet,iris,MMU-Iris_genuine_237,37,37,295,318,101,31,0.3069,False,0.3054,True,False,1.6029
aspanformer,iris,MMU-Iris_genuine_237,37,37,1459,1459,1459,791,0.5422,True,0.5211,True,True,2.2928
deepdetect,iris,MMU-Iris_genuine_237,37,37,4693,4285,15,14,0.9333,True,0.9333,True,True,0.5198
loftr,iris,MMU-Iris_genuine_238,35,35,511,511,511,406,0.7945,True,0.7945,True,True,1.3645
orb,iris,MMU-Iris_genuine_238,35,35,66,77,14,10,0.7143,True,0.7017,True,True,0.7308
sift,iris,MMU-Iris_genuine_238,35,35,14,11,6,0,,False,,True,False,
superglue,iris,MMU-Iris_genuine_238,35,35,86,85,69,34,0.4928,True,0.4729,True,True,2.3242
sgmnet,iris,MMU-Iris_genuine_238,35,35,279,274,115,54,0.4696,True,0.4696,True,True,1.4826
aspanformer,iris,MMU-Iris_genuine_238,35,35,2306,2306,2306,2215,0.9605,True,0.9605,True,True,0.8331
deepdetect,iris,MMU-Iris_genuine_238,35,35,3594,3607,181,180,0.9945,True,0.9945,True,True,0.5166
loftr,iris,MMU-Iris_genuine_239,2,2,297,297,297,188,0.6330,True,0.6154,True,True,2.0642
orb,iris,MMU-Iris_genuine_239,2,2,123,206,8,0,,False,,True,False,
sift,iris,MMU-Iris_genuine_239,2,2,39,43,6,0,,False,,True,False,
superglue,iris,MMU-Iris_genuine_239,2,2,107,105,62,29,0.4677,False,0.4373,True,False,2.8437
sgmnet,iris,MMU-Iris_genuine_239,2,2,256,331,64,25,0.3906,False,0.3906,True,False,1.0338
aspanformer,iris,MMU-Iris_genuine_239,2,2,1429,1429,1429,1126,0.7880,True,0.7718,True,True,1.9138
deepdetect,iris,MMU-Iris_genuine_239,2,2,6185,6114,90,85,0.9444,True,0.9444,True,True,0.8273
loftr,iris,MMU-Iris_genuine_240,40,40,560,560,560,418,0.7464,True,0.7464,True,True,1.2179
orb,iris,MMU-Iris_genuine_240,40,40,115,143,20,18,0.9000,True,0.8988,True,True,1.0644
sift,iris,MMU-Iris_genuine_240,40,40,37,42,8,6,0.7500,True,0.7097,True,True,1.0326
superglue,iris,MMU-Iris_genuine_240,40,40,102,101,77,36,0.4675,True,0.4546,True,True,2.0605
sgmnet,iris,MMU-Iris_genuine_240,40,40,271,225,91,62,0.6813,True,0.6813,True,True,1.3104
aspanformer,iris,MMU-Iris_genuine_240,40,40,1234,1234,1234,682,0.5527,True,0.5445,True,True,1.7996
deepdetect,iris,MMU-Iris_genuine_240,40,40,4861,4232,585,585,1.0000,True,1.0000,True,True,1.0388
loftr,iris,MMU-Iris_genuine_241,8,8,557,557,557,404,0.7253,True,0.7113,True,True,1.8905
orb,iris,MMU-Iris_genuine_241,8,8,32,34,2,0,,False,,True,False,
sift,iris,MMU-Iris_genuine_241,8,8,16,8,4,0,,False,,True,False,
superglue,iris,MMU-Iris_genuine_241,8,8,85,78,45,28,0.6222,True,0.6002,True,True,2.2208
sgmnet,iris,MMU-Iris_genuine_241,8,8,272,259,103,36,0.3495,False,0.3489,True,False,1.5340
aspanformer,iris,MMU-Iris_genuine_241,8,8,2272,2272,2272,2221,0.9776,True,0.9776,True,True,1.0872
deepdetect,iris,MMU-Iris_genuine_241,8,8,4013,4201,257,257,1.0000,True,1.0000,True,True,0.5446
loftr,iris,MMU-Iris_genuine_242,1,1,517,517,517,354,0.6847,True,0.6560,True,True,2.3564
orb,iris,MMU-Iris_genuine_242,1,1,63,50,7,0,,False,,True,False,
sift,iris,MMU-Iris_genuine_242,1,1,21,16,7,7,1.0000,True,0.9583,True,True,1.3452
superglue,iris,MMU-Iris_genuine_242,1,1,98,92,60,28,0.4667,False,0.4473,True,False,2.3480
sgmnet,iris,MMU-Iris_genuine_242,1,1,369,356,124,75,0.6048,True,0.6048,True,True,1.4538
aspanformer,iris,MMU-Iris_genuine_242,1,1,1818,1818,1818,1266,0.6964,True,0.6964,True,True,1.1222
deepdetect,iris,MMU-Iris_genuine_242,1,1,5017,5054,448,448,1.0000,True,1.0000,True,True,0.9275
loftr,iris,MMU-Iris_genuine_243,12,12,709,709,709,582,0.8209,True,0.8209,True,True,1.2195
orb,iris,MMU-Iris_genuine_243,12,12,87,127,12,0,,False,,True,False,
sift,iris,MMU-Iris_genuine_243,12,12,23,37,4,4,1.0000,True,0.9165,True,True,0.0000
superglue,iris,MMU-Iris_genuine_243,12,12,95,98,62,30,0.4839,True,0.4731,True,True,1.9487
sgmnet,iris,MMU-Iris_genuine_243,12,12,279,285,97,44,0.4536,True,0.4498,True,True,1.6684
aspanformer,iris,MMU-Iris_genuine_243,12,12,2011,2011,2011,1522,0.7568,True,0.7447,True,True,1.8237
deepdetect,iris,MMU-Iris_genuine_243,12,12,4254,4976,657,657,1.0000,True,1.0000,True,True,0.4919
loftr,iris,MMU-Iris_genuine_244,39,39,778,778,778,471,0.6054,True,0.5914,True,True,1.9689
orb,iris,MMU-Iris_genuine_244,39,39,94,107,5,5,1.0000,True,0.9322,True,True,0.6682
sift,iris,MMU-Iris_genuine_244,39,39,15,28,5,4,0.8000,True,0.7332,True,True,0.0000
superglue,iris,MMU-Iris_genuine_244,39,39,97,104,74,41,0.5541,True,0.5320,True,True,2.3128
sgmnet,iris,MMU-Iris_genuine_244,39,39,253,286,79,38,0.4810,True,0.4810,True,True,1.3632
aspanformer,iris,MMU-Iris_genuine_244,39,39,1807,1807,1807,1271,0.7034,True,0.6890,True,True,1.9119
deepdetect,iris,MMU-Iris_genuine_244,39,39,4858,4825,185,179,0.9676,True,0.9676,True,True,0.8123
loftr,iris,MMU-Iris_genuine_245,12,12,678,678,678,528,0.7788,True,0.7683,True,True,1.7698
orb,iris,MMU-Iris_genuine_245,12,12,9,51,4,0,,False,,True,False,
sift,iris,MMU-Iris_genuine_245,12,12,12,14,7,5,0.7143,True,0.6658,True,True,1.0539
superglue,iris,MMU-Iris_genuine_245,12,12,80,83,55,31,0.5636,True,0.5391,True,True,2.3904
sgmnet,iris,MMU-Iris_genuine_245,12,12,313,274,117,70,0.5983,True,0.5983,True,True,1.4725
aspanformer,iris,MMU-Iris_genuine_245,12,12,1688,1688,1688,1230,0.7287,True,0.6988,True,True,2.3360
deepdetect,iris,MMU-Iris_genuine_245,12,12,4751,4369,439,435,0.9909,True,0.9909,True,True,0.5020
loftr,iris,MMU-Iris_genuine_246,46,46,692,692,692,596,0.8613,True,0.8613,True,True,0.9161
orb,iris,MMU-Iris_genuine_246,46,46,134,96,18,0,,False,,True,False,
sift,iris,MMU-Iris_genuine_246,46,46,30,30,10,9,0.9000,True,0.8785,True,True,1.4593
superglue,iris,MMU-Iris_genuine_246,46,46,96,104,66,44,0.6667,True,0.6403,True,True,2.3061
sgmnet,iris,MMU-Iris_genuine_246,46,46,271,289,104,43,0.4135,True,0.4129,True,True,1.5265
aspanformer,iris,MMU-Iris_genuine_246,46,46,2172,2172,2172,1703,0.7841,True,0.7841,True,True,0.8588
deepdetect,iris,MMU-Iris_genuine_246,46,46,4477,4743,222,222,1.0000,True,1.0000,True,True,0.5369
loftr,iris,MMU-Iris_genuine_247,12,12,747,747,747,465,0.6225,True,0.5945,True,True,2.4192
orb,iris,MMU-Iris_genuine_247,12,12,132,105,20,6,0.3000,False,0.2839,True,False,0.8327
sift,iris,MMU-Iris_genuine_247,12,12,40,41,9,7,0.7778,True,0.7453,True,True,0.8932
superglue,iris,MMU-Iris_genuine_247,12,12,98,112,55,25,0.4545,False,0.4299,True,False,2.6130
sgmnet,iris,MMU-Iris_genuine_247,12,12,295,371,100,45,0.4500,True,0.4493,True,True,1.5313
aspanformer,iris,MMU-Iris_genuine_247,12,12,1989,1989,1989,1576,0.7924,True,0.7534,True,True,2.5089
deepdetect,iris,MMU-Iris_genuine_247,12,12,5009,5175,142,124,0.8732,True,0.8732,True,True,0.9855
loftr,iris,MMU-Iris_genuine_248,46,46,610,610,610,484,0.7934,True,0.7934,True,True,1.4797
orb,iris,MMU-Iris_genuine_248,46,46,134,108,17,11,0.6471,True,0.6387,True,True,1.1820
sift,iris,MMU-Iris_genuine_248,46,46,30,10,14,8,0.5714,True,0.5533,True,True,1.1359
superglue,iris,MMU-Iris_genuine_248,46,46,96,87,61,30,0.4918,True,0.4643,True,True,2.6520
sgmnet,iris,MMU-Iris_genuine_248,46,46,271,249,71,37,0.5211,True,0.5203,True,True,1.5327
aspanformer,iris,MMU-Iris_genuine_248,46,46,2462,2462,2462,2320,0.9423,True,0.9423,True,True,1.3535
deepdetect,iris,MMU-Iris_genuine_248,46,46,4477,4985,251,250,0.9960,True,0.9960,True,True,0.5602
loftr,iris,MMU-Iris_genuine_249,24,24,689,689,689,507,0.7358,True,0.7235,True,True,1.8373
orb,iris,MMU-Iris_genuine_249,24,24,100,96,11,6,0.5455,True,0.5161,True,True,0.8982
sift,iris,MMU-Iris_genuine_249,24,24,27,34,7,6,0.8571,True,0.8110,True,True,1.3342
superglue,iris,MMU-Iris_genuine_249,24,24,93,100,29,16,0.5517,True,0.5370,True,True,1.9897
sgmnet,iris,MMU-Iris_genuine_249,24,24,294,357,94,36,0.3830,False,0.3830,True,False,1.3580
aspanformer,iris,MMU-Iris_genuine_249,24,24,1554,1554,1554,980,0.6306,True,0.6081,True,True,2.2262
deepdetect,iris,MMU-Iris_genuine_249,24,24,4604,4435,363,360,0.9917,True,0.9917,True,True,0.6838
loftr,iris,MMU-Iris_impostor_0,12,22,162,162,162,65,0.4012,False,0.3883,False,True,2.1568
orb,iris,MMU-Iris_impostor_0,12,22,51,71,2,0,,False,,False,True,
sift,iris,MMU-Iris_impostor_0,12,22,14,13,0,0,,False,,False,True,
superglue,iris,MMU-Iris_impostor_0,12,22,83,91,7,0,,False,,False,True,
sgmnet,iris,MMU-Iris_impostor_0,12,22,274,259,23,12,0.5217,True,0.5168,False,False,1.1199
aspanformer,iris,MMU-Iris_impostor_0,12,22,1001,1001,1001,676,0.6753,True,0.6656,False,False,1.7910
deepdetect,iris,MMU-Iris_impostor_0,12,22,4369,3869,1,0,,False,,False,True,
loftr,iris,MMU-Iris_impostor_1,38,35,78,78,78,27,0.3462,False,0.3365,False,True,2.0651
orb,iris,MMU-Iris_impostor_1,38,35,54,75,4,0,,False,,False,True,
sift,iris,MMU-Iris_impostor_1,38,35,18,17,3,0,,False,,False,True,
superglue,iris,MMU-Iris_impostor_1,38,35,99,77,5,5,1.0000,True,0.9322,False,False,1.0952
sgmnet,iris,MMU-Iris_impostor_1,38,35,221,306,30,11,0.3667,False,0.3619,False,True,0.9046
aspanformer,iris,MMU-Iris_impostor_1,38,35,332,332,332,197,0.5934,True,0.5929,False,False,1.5163
deepdetect,iris,MMU-Iris_impostor_1,38,35,4338,4129,0,0,,False,,False,True,
loftr,iris,MMU-Iris_impostor_2,43,35,56,56,56,18,0.3214,False,0.3190,False,True,1.6224
orb,iris,MMU-Iris_impostor_2,43,35,95,89,7,0,,False,,False,True,
sift,iris,MMU-Iris_impostor_2,43,35,16,16,2,0,,False,,False,True,
superglue,iris,MMU-Iris_impostor_2,43,35,69,79,0,0,,False,,False,True,
sgmnet,iris,MMU-Iris_impostor_2,43,35,174,318,26,0,,False,,False,True,
aspanformer,iris,MMU-Iris_impostor_2,43,35,257,257,257,132,0.5136,True,0.5136,False,False,1.2020
deepdetect,iris,MMU-Iris_impostor_2,43,35,3082,4143,0,0,,False,,False,True,
loftr,iris,MMU-Iris_impostor_3,27,26,137,137,137,50,0.3650,False,0.3637,False,True,1.5685
orb,iris,MMU-Iris_impostor_3,27,26,33,53,1,0,,False,,False,True,
sift,iris,MMU-Iris_impostor_3,27,26,15,13,2,0,,False,,False,True,
superglue,iris,MMU-Iris_impostor_3,27,26,84,71,10,0,,False,,False,True,
sgmnet,iris,MMU-Iris_impostor_3,27,26,268,210,23,6,0.2609,False,0.2468,False,True,0.4850
aspanformer,iris,MMU-Iris_impostor_3,27,26,1068,1068,1068,711,0.6657,True,0.6408,False,False,2.2632
deepdetect,iris,MMU-Iris_impostor_3,27,26,4001,3790,18,15,0.8333,True,0.8333,False,False,1.1556
loftr,iris,MMU-Iris_impostor_4,39,42,340,340,340,157,0.4618,False,0.4410,False,True,2.4203
orb,iris,MMU-Iris_impostor_4,39,42,102,109,1,0,,False,,False,True,
sift,iris,MMU-Iris_impostor_4,39,42,23,28,4,4,1.0000,True,0.9165,False,False,0.0000
superglue,iris,MMU-Iris_impostor_4,39,42,113,97,48,18,0.3750,False,0.3604,False,True,2.2692
sgmnet,iris,MMU-Iris_impostor_4,39,42,320,372,44,12,0.2727,False,0.2701,False,True,1.1113
aspanformer,iris,MMU-Iris_impostor_4,39,42,1753,1753,1753,1396,0.7963,True,0.7963,False,False,1.4039
deepdetect,iris,MMU-Iris_impostor_4,39,42,5122,4415,26,26,1.0000,True,1.0000,False,False,0.8503
loftr,iris,MMU-Iris_impostor_5,38,40,115,115,115,51,0.4435,False,0.4175,False,True,2.7060
orb,iris,MMU-Iris_impostor_5,38,40,69,115,0,0,,False,,False,True,
sift,iris,MMU-Iris_impostor_5,38,40,11,37,0,0,,False,,False,True,
superglue,iris,MMU-Iris_impostor_5,38,40,97,102,13,11,0.8462,True,0.8352,False,False,1.1063
sgmnet,iris,MMU-Iris_impostor_5,38,40,252,271,22,0,,False,,False,True,
aspanformer,iris,MMU-Iris_impostor_5,38,40,269,269,269,169,0.6283,True,0.6164,False,False,1.8818
deepdetect,iris,MMU-Iris_impostor_5,38,40,4532,4861,7,6,0.8571,True,0.8571,False,False,0.0292
loftr,iris,MMU-Iris_impostor_6,23,1,122,122,122,53,0.4344,False,0.4204,False,True,2.1553
orb,iris,MMU-Iris_impostor_6,23,1,76,50,2,0,,False,,False,True,
sift,iris,MMU-Iris_impostor_6,23,1,30,16,0,0,,False,,False,True,
superglue,iris,MMU-Iris_impostor_6,23,1,81,92,14,10,0.7143,True,0.7017,False,False,1.2997
sgmnet,iris,MMU-Iris_impostor_6,23,1,225,356,38,12,0.3158,False,0.3128,False,True,1.4082
aspanformer,iris,MMU-Iris_impostor_6,23,1,893,893,893,511,0.5722,True,0.5397,False,False,2.6689
deepdetect,iris,MMU-Iris_impostor_6,23,1,4437,5054,13,13,1.0000,True,1.0000,False,False,0.1339
loftr,iris,MMU-Iris_impostor_7,25,18,172,172,172,52,0.3023,False,0.2951,False,True,1.9828
orb,iris,MMU-Iris_impostor_7,25,18,56,38,0,0,,False,,False,True,
sift,iris,MMU-Iris_impostor_7,25,18,19,28,0,0,,False,,False,True,
superglue,iris,MMU-Iris_impostor_7,25,18,83,68,6,0,,False,,False,True,
sgmnet,iris,MMU-Iris_impostor_7,25,18,161,236,35,10,0.2857,False,0.2807,False,True,1.0237
aspanformer,iris,MMU-Iris_impostor_7,25,18,504,504,504,350,0.6944,True,0.6766,False,False,2.0203
deepdetect,iris,MMU-Iris_impostor_7,25,18,4190,3726,1,0,,False,,False,True,
loftr,iris,MMU-Iris_impostor_8,3,6,172,172,172,63,0.3663,False,0.3480,False,True,2.5253
orb,iris,MMU-Iris_impostor_8,3,6,94,89,5,0,,False,,False,True,
sift,iris,MMU-Iris_impostor_8,3,6,21,23,5,0,,False,,False,True,
superglue,iris,MMU-Iris_impostor_8,3,6,106,89,20,10,0.5000,True,0.4779,False,False,2.0471
sgmnet,iris,MMU-Iris_impostor_8,3,6,304,221,15,6,0.4000,False,0.3785,False,True,0.7238
aspanformer,iris,MMU-Iris_impostor_8,3,6,1069,1069,1069,707,0.6614,True,0.6323,False,False,2.3984
deepdetect,iris,MMU-Iris_impostor_8,3,6,4834,4102,3,0,,False,,False,True,
loftr,iris,MMU-Iris_impostor_9,26,21,183,183,183,88,0.4809,True,0.4763,False,False,1.6902
orb,iris,MMU-Iris_impostor_9,26,21,53,116,3,0,,False,,False,True,
sift,iris,MMU-Iris_impostor_9,26,21,13,25,0,0,,False,,False,True,
superglue,iris,MMU-Iris_impostor_9,26,21,71,90,51,20,0.3922,False,0.3726,False,True,2.5087
sgmnet,iris,MMU-Iris_impostor_9,26,21,210,252,19,0,,False,,False,True,
aspanformer,iris,MMU-Iris_impostor_9,26,21,1052,1052,1052,655,0.6226,True,0.6188,False,False,1.6231
deepdetect,iris,MMU-Iris_impostor_9,26,21,3790,4235,6,0,,False,,False,True,
loftr,iris,MMU-Iris_impostor_10,7,41,135,135,135,36,0.2667,False,0.2622,False,True,1.8348
orb,iris,MMU-Iris_impostor_10,7,41,86,59,4,0,,False,,False,True,
sift,iris,MMU-Iris_impostor_10,7,41,26,24,3,0,,False,,False,True,
superglue,iris,MMU-Iris_impostor_10,7,41,92,82,11,8,0.7273,True,0.6995,False,False,1.6322
sgmnet,iris,MMU-Iris_impostor_10,7,41,254,322,34,12,0.3529,False,0.3496,False,True,1.1145
aspanformer,iris,MMU-Iris_impostor_10,7,41,1195,1195,1195,987,0.8259,True,0.7992,False,False,2.1588
deepdetect,iris,MMU-Iris_impostor_10,7,41,3922,4196,7,7,1.0000,True,1.0000,False,False,0.0967
loftr,iris,MMU-Iris_impostor_11,8,28,193,193,193,55,0.2850,False,0.2726,False,True,2.3892
orb,iris,MMU-Iris_impostor_11,8,28,36,128,1,0,,False,,False,True,
sift,iris,MMU-Iris_impostor_11,8,28,9,25,0,0,,False,,False,True,
superglue,iris,MMU-Iris_impostor_11,8,28,66,93,1,0,,False,,False,True,
sgmnet,iris,MMU-Iris_impostor_11,8,28,200,232,23,6,0.2609,False,0.2468,False,True,0.7472
aspanformer,iris,MMU-Iris_impostor_11,8,28,407,407,407,188,0.4619,True,0.4468,False,False,2.1656
deepdetect,iris,MMU-Iris_impostor_11,8,28,3901,4326,5,0,,False,,False,True,
loftr,iris,MMU-Iris_impostor_12,37,41,247,247,247,109,0.4413,False,0.4348,False,True,1.7982
orb,iris,MMU-Iris_impostor_12,37,41,24,237,1,0,,False,,False,True,
sift,iris,MMU-Iris_impostor_12,37,41,11,35,0,0,,False,,False,True,
superglue,iris,MMU-Iris_impostor_12,37,41,82,94,35,19,0.5429,True,0.5274,False,False,2.0594
sgmnet,iris,MMU-Iris_impostor_12,37,41,292,321,19,6,0.3158,False,0.2988,False,True,0.9803
aspanformer,iris,MMU-Iris_impostor_12,37,41,1090,1090,1090,810,0.7431,True,0.7431,False,False,1.0496
deepdetect,iris,MMU-Iris_impostor_12,37,41,4466,3854,3,0,,False,,False,True,
loftr,iris,MMU-Iris_impostor_13,35,27,163,163,163,48,0.2945,False,0.2743,False,True,2.9178
orb,iris,MMU-Iris_impostor_13,35,27,59,27,1,0,,False,,False,True,
sift,iris,MMU-Iris_impostor_13,35,27,10,8,1,0,,False,,False,True,
superglue,iris,MMU-Iris_impostor_13,35,27,73,76,26,15,0.5769,True,0.5543,False,False,2.2290
sgmnet,iris,MMU-Iris_impostor_13,35,27,271,221,37,12,0.3243,False,0.3197,False,True,1.5969
aspanformer,iris,MMU-Iris_impostor_13,35,27,1388,1388,1388,1029,0.7414,True,0.7126,False,False,2.2924
deepdetect,iris,MMU-Iris_impostor_13,35,27,4014,3910,1,0,,False,,False,True,
loftr,iris,MMU-Iris_impostor_14,8,13,175,175,175,66,0.3771,False,0.3712,False,True,1.8199
orb,iris,MMU-Iris_impostor_14,8,13,25,132,3,0,,False,,False,True,
sift,iris,MMU-Iris_impostor_14,8,13,13,25,0,0,,False,,False,True,
superglue,iris,MMU-Iris_impostor_14,8,13,72,87,0,0,,False,,False,True,
sgmnet,iris,MMU-Iris_impostor_14,8,13,208,242,40,13,0.3250,False,0.3228,False,True,1.3047
aspanformer,iris,MMU-Iris_impostor_14,8,13,948,948,948,492,0.5190,True,0.5140,False,False,1.6944
deepdetect,iris,MMU-Iris_impostor_14,8,13,3882,4075,2,0,,False,,False,True,
loftr,iris,MMU-Iris_impostor_15,12,35,168,168,168,63,0.3750,False,0.3583,False,True,2.4113
orb,iris,MMU-Iris_impostor_15,12,35,9,66,2,0,,False,,False,True,
sift,iris,MMU-Iris_impostor_15,12,35,12,14,1,0,,False,,False,True,
superglue,iris,MMU-Iris_impostor_15,12,35,80,86,44,19,0.4318,False,0.4210,False,True,1.9866
sgmnet,iris,MMU-Iris_impostor_15,12,35,313,279,28,0,,False,,False,True,
aspanformer,iris,MMU-Iris_impostor_15,12,35,1019,1019,1019,505,0.4956,True,0.4809,False,False,2.1027
deepdetect,iris,MMU-Iris_impostor_15,12,35,4751,3594,0,0,,False,,False,True,
loftr,iris,MMU-Iris_impostor_16,30,42,138,138,138,72,0.5217,True,0.5121,False,False,1.8718
orb,iris,MMU-Iris_impostor_16,30,42,106,80,3,0,,False,,False,True,
sift,iris,MMU-Iris_impostor_16,30,42,25,15,0,0,,False,,False,True,
superglue,iris,MMU-Iris_impostor_16,30,42,108,93,39,20,0.5128,True,0.5029,False,False,1.8782
sgmnet,iris,MMU-Iris_impostor_16,30,42,298,264,37,9,0.2432,False,0.2374,False,True,0.8995
aspanformer,iris,MMU-Iris_impostor_16,30,42,1047,1047,1047,521,0.4976,True,0.4808,False,False,2.1869
deepdetect,iris,MMU-Iris_impostor_16,30,42,4306,4373,9,8,0.8889,True,0.8889,False,False,0.4773
loftr,iris,MMU-Iris_impostor_17,18,38,127,127,127,54,0.4252,False,0.4080,False,True,2.3272
orb,iris,MMU-Iris_impostor_17,18,38,75,84,0,0,,False,,False,True,
sift,iris,MMU-Iris_impostor_17,18,38,19,25,2,0,,False,,False,True,
superglue,iris,MMU-Iris_impostor_17,18,38,94,96,24,15,0.6250,True,0.6103,False,False,1.9049
sgmnet,iris,MMU-Iris_impostor_17,18,38,270,271,43,10,0.2326,False,0.2284,False,True,1.1908
aspanformer,iris,MMU-Iris_impostor_17,18,38,320,320,320,194,0.6062,True,0.5952,False,False,1.8677
deepdetect,iris,MMU-Iris_impostor_17,18,38,3689,4812,5,0,,False,,False,True,
loftr,iris,MMU-Iris_impostor_18,34,22,160,160,160,64,0.4000,False,0.3797,False,True,2.5407
orb,iris,MMU-Iris_impostor_18,34,22,88,149,6,0,,False,,False,True,
sift,iris,MMU-Iris_impostor_18,34,22,29,22,4,0,,False,,False,True,
superglue,iris,MMU-Iris_impostor_18,34,22,80,105,26,12,0.4615,False,0.4482,False,True,1.8943
sgmnet,iris,MMU-Iris_impostor_18,34,22,193,306,18,7,0.3889,False,0.3727,False,True,0.7579
aspanformer,iris,MMU-Iris_impostor_18,34,22,943,943,943,611,0.6479,True,0.6362,False,False,1.8643
deepdetect,iris,MMU-Iris_impostor_18,34,22,4157,4426,2,0,,False,,False,True,
loftr,iris,MMU-Iris_impostor_19,43,31,124,124,124,54,0.4355,False,0.4126,False,True,2.5817
orb,iris,MMU-Iris_impostor_19,43,31,95,29,1,0,,False,,False,True,
sift,iris,MMU-Iris_impostor_19,43,31,16,9,0,0,,False,,False,True,
superglue,iris,MMU-Iris_impostor_19,43,31,69,68,32,14,0.4375,False,0.4187,False,True,2.2792
sgmnet,iris,MMU-Iris_impostor_19,43,31,174,212,37,13,0.3514,False,0.3489,False,True,1.2973
aspanformer,iris,MMU-Iris_impostor_19,43,31,1205,1205,1205,772,0.6407,True,0.6220,False,False,2.0909
deepdetect,iris,MMU-Iris_impostor_19,43,31,3082,3274,0,0,,False,,False,True,
loftr,iris,MMU-Iris_impostor_20,31,7,173,173,173,49,0.2832,False,0.2707,False,True,2.4030
orb,iris,MMU-Iris_impostor_20,31,7,27,76,1,0,,False,,False,True,
sift,iris,MMU-Iris_impostor_20,31,7,9,21,2,0,,False,,False,True,
superglue,iris,MMU-Iris_impostor_20,31,7,78,90,8,6,0.7500,True,0.7090,False,False,1.5193
sgmnet,iris,MMU-Iris_impostor_20,31,7,258,219,27,7,0.2593,False,0.2484,False,True,1.0265
aspanformer,iris,MMU-Iris_impostor_20,31,7,729,729,729,453,0.6214,True,0.5972,False,False,2.2943
deepdetect,iris,MMU-Iris_impostor_20,31,7,3622,3892,7,0,,False,,False,True,
loftr,iris,MMU-Iris_impostor_21,29,22,247,247,247,99,0.4008,False,0.3827,False,True,2.4267
orb,iris,MMU-Iris_impostor_21,29,22,77,147,3,0,,False,,False,True,
sift,iris,MMU-Iris_impostor_21,29,22,17,23,2,0,,False,,False,True,
superglue,iris,MMU-Iris_impostor_21,29,22,107,107,17,11,0.6471,True,0.6296,False,False,1.7863
sgmnet,iris,MMU-Iris_impostor_21,29,22,355,338,40,10,0.2500,False,0.2456,False,True,1.1909
aspanformer,iris,MMU-Iris_impostor_21,29,22,1330,1330,1330,850,0.6391,True,0.6143,False,False,2.2913
deepdetect,iris,MMU-Iris_impostor_21,29,22,4047,4763,10,9,0.9000,True,0.9000,False,False,0.8285
loftr,iris,MMU-Iris_impostor_22,27,5,201,201,201,69,0.3433,False,0.3287,False,True,2.3665
orb,iris,MMU-Iris_impostor_22,27,5,26,193,2,0,,False,,False,True,
sift,iris,MMU-Iris_impostor_22,27,5,14,44,1,0,,False,,False,True,
superglue,iris,MMU-Iris_impostor_22,27,5,75,119,26,18,0.6923,True,0.6665,False,False,2.2336
sgmnet,iris,MMU-Iris_impostor_22,27,5,206,401,18,6,0.3333,False,0.3154,False,True,0.7042
aspanformer,iris,MMU-Iris_impostor_22,27,5,863,863,863,446,0.5168,True,0.4936,False,False,2.4182
deepdetect,iris,MMU-Iris_impostor_22,27,5,3934,6711,4,0,,False,,False,True,
loftr,iris,MMU-Iris_impostor_23,38,24,222,222,222,98,0.4414,False,0.4308,False,True,1.9891
orb,iris,MMU-Iris_impostor_23,38,24,61,52,1,0,,False,,False,True,
sift,iris,MMU-Iris_impostor_23,38,24,13,19,0,0,,False,,False,True,
superglue,iris,MMU-Iris_impostor_23,38,24,99,86,17,9,0.5294,True,0.5088,False,False,1.8111
sgmnet,iris,MMU-Iris_impostor_23,38,24,271,338,18,0,,False,,False,True,
aspanformer,iris,MMU-Iris_impostor_23,38,24,1121,1121,1121,524,0.4674,True,0.4527,False,False,2.1409
deepdetect,iris,MMU-Iris_impostor_23,38,24,4547,4622,5,5,1.0000,True,1.0000,False,False,0.0411
loftr,iris,MMU-Iris_impostor_24,29,31,111,111,111,37,0.3333,False,0.3207,False,True,2.2755
orb,iris,MMU-Iris_impostor_24,29,31,27,21,0,0,,False,,False,True,
sift,iris,MMU-Iris_impostor_24,29,31,12,1,0,0,,False,,False,True,
superglue,iris,MMU-Iris_impostor_24,29,31,91,60,5,5,1.0000,True,0.9322,False,False,1.0145
sgmnet,iris,MMU-Iris_impostor_24,29,31,288,217,37,11,0.2973,False,0.2934,False,True,1.1670
aspanformer,iris,MMU-Iris_impostor_24,29,31,217,217,217,124,0.5714,True,0.5690,False,False,1.5863
deepdetect,iris,MMU-Iris_impostor_24,29,31,3557,2826,1,0,,False,,False,True,
loftr,iris,MMU-Iris_impostor_25,19,10,34,34,34,12,0.3529,False,0.3452,False,True,1.7528
orb,iris,MMU-Iris_impostor_25,19,10,131,51,5,0,,False,,False,True,
sift,iris,MMU-Iris_impostor_25,19,10,23,18,1,0,,False,,False,True,
superglue,iris,MMU-Iris_impostor_25,19,10,83,88,9,7,0.7778,True,0.7453,False,False,1.0757
sgmnet,iris,MMU-Iris_impostor_25,19,10,158,208,20,9,0.4500,True,0.4393,False,False,1.4723
aspanformer,iris,MMU-Iris_impostor_25,19,10,399,399,399,200,0.5013,True,0.4917,False,False,1.8860
deepdetect,iris,MMU-Iris_impostor_25,19,10,4251,5343,3,0,,False,,False,True,
loftr,iris,MMU-Iris_impostor_26,29,6,208,208,208,80,0.3846,False,0.3753,False,True,1.9915
orb,iris,MMU-Iris_impostor_26,29,6,155,52,17,12,0.7059,True,0.6775,False,False,2.1288
sift,iris,MMU-Iris_impostor_26,29,6,24,11,3,0,,False,,False,True,
superglue,iris,MMU-Iris_impostor_26,29,6,102,87,2,0,,False,,False,True,
sgmnet,iris,MMU-Iris_impostor_26,29,6,301,273,45,15,0.3333,False,0.3298,False,True,1.6426
aspanformer,iris,MMU-Iris_impostor_26,29,6,616,616,616,412,0.6688,True,0.6644,False,False,1.6335
deepdetect,iris,MMU-Iris_impostor_26,29,6,4162,4497,1,0,,False,,False,True,
loftr,iris,MMU-Iris_impostor_27,1,33,145,145,145,36,0.2483,False,0.2390,False,True,2.2583
orb,iris,MMU-Iris_impostor_27,1,33,50,192,3,0,,False,,False,True,
sift,iris,MMU-Iris_impostor_27,1,33,16,29,0,0,,False,,False,True,
superglue,iris,MMU-Iris_impostor_27,1,33,92,90,0,0,,False,,False,True,
sgmnet,iris,MMU-Iris_impostor_27,1,33,356,206,18,7,0.3889,False,0.3727,False,True,1.1184
aspanformer,iris,MMU-Iris_impostor_27,1,33,483,483,483,305,0.6315,True,0.6224,False,False,1.7899
deepdetect,iris,MMU-Iris_impostor_27,1,33,5054,4422,0,0,,False,,False,True,
loftr,iris,MMU-Iris_impostor_28,2,15,186,186,186,77,0.4140,False,0.4019,False,True,2.0937
orb,iris,MMU-Iris_impostor_28,2,15,80,144,7,0,,False,,False,True,
sift,iris,MMU-Iris_impostor_28,2,15,23,39,0,0,,False,,False,True,
superglue,iris,MMU-Iris_impostor_28,2,15,86,95,17,9,0.5294,True,0.5168,False,False,0.7849
sgmnet,iris,MMU-Iris_impostor_28,2,15,285,278,32,9,0.2812,False,0.2745,False,True,0.8825
aspanformer,iris,MMU-Iris_impostor_28,2,15,511,511,511,215,0.4207,True,0.4093,False,False,2.0529
deepdetect,iris,MMU-Iris_impostor_28,2,15,4967,5012,0,0,,False,,False,True,
loftr,iris,MMU-Iris_impostor_29,37,46,171,171,171,53,0.3099,False,0.3001,False,True,2.1426
orb,iris,MMU-Iris_impostor_29,37,46,18,105,0,0,,False,,False,True,
sift,iris,MMU-Iris_impostor_29,37,46,6,16,0,0,,False,,False,True,
superglue,iris,MMU-Iris_impostor_29,37,46,86,89,59,31,0.5254,True,0.5014,False,False,2.4344
sgmnet,iris,MMU-Iris_impostor_29,37,46,241,249,33,9,0.2727,False,0.2662,False,True,1.0274
aspanformer,iris,MMU-Iris_impostor_29,37,46,1276,1276,1276,762,0.5972,True,0.5907,False,False,1.7178
deepdetect,iris,MMU-Iris_impostor_29,37,46,4590,4586,0,0,,False,,False,True,
loftr,iris,MMU-Iris_impostor_30,35,30,65,65,65,26,0.4000,False,0.3797,False,True,2.5413
orb,iris,MMU-Iris_impostor_30,35,30,99,166,2,0,,False,,False,True,
sift,iris,MMU-Iris_impostor_30,35,30,18,24,1,0,,False,,False,True,
superglue,iris,MMU-Iris_impostor_30,35,30,88,87,0,0,,False,,False,True,
sgmnet,iris,MMU-Iris_impostor_30,35,30,307,240,18,6,0.3333,False,0.3154,False,True,0.3545
aspanformer,iris,MMU-Iris_impostor_30,35,30,290,290,290,166,0.5724,True,0.5566,False,False,2.0602
deepdetect,iris,MMU-Iris_impostor_30,35,30,4455,4446,3,0,,False,,False,True,
loftr,iris,MMU-Iris_impostor_31,34,24,288,288,288,109,0.3785,False,0.3595,False,True,2.5266
orb,iris,MMU-Iris_impostor_31,34,24,21,96,2,0,,False,,False,True,
sift,iris,MMU-Iris_impostor_31,34,24,18,34,2,0,,False,,False,True,
superglue,iris,MMU-Iris_impostor_31,34,24,74,100,52,22,0.4231,False,0.3939,False,True,2.9208
sgmnet,iris,MMU-Iris_impostor_31,34,24,259,357,29,10,0.3448,False,0.3387,False,True,0.5874
aspanformer,iris,MMU-Iris_impostor_31,34,24,1325,1325,1325,812,0.6128,True,0.5958,False,False,2.0640
deepdetect,iris,MMU-Iris_impostor_31,34,24,4070,4435,20,17,0.8500,True,0.8500,False,False,0.2826
loftr,iris,MMU-Iris_impostor_32,33,38,110,110,110,40,0.3636,False,0.3487,False,True,2.3396
orb,iris,MMU-Iris_impostor_32,33,38,150,84,6,0,,False,,False,True,
sift,iris,MMU-Iris_impostor_32,33,38,29,10,1,0,,False,,False,True,
superglue,iris,MMU-Iris_impostor_32,33,38,99,94,0,0,,False,,False,True,
sgmnet,iris,MMU-Iris_impostor_32,33,38,229,301,27,7,0.2593,False,0.2484,False,True,0.7246
aspanformer,iris,MMU-Iris_impostor_32,33,38,839,839,839,547,0.6520,True,0.6507,False,False,1.5377
deepdetect,iris,MMU-Iris_impostor_32,33,38,4276,4519,2,0,,False,,False,True,
loftr,iris,MMU-Iris_impostor_33,9,7,176,176,176,79,0.4489,False,0.4319,False,True,2.2715
orb,iris,MMU-Iris_impostor_33,9,7,186,71,18,0,,False,,False,True,
sift,iris,MMU-Iris_impostor_33,9,7,21,26,0,0,,False,,False,True,
superglue,iris,MMU-Iris_impostor_33,9,7,86,90,34,17,0.5000,True,0.4958,False,False,1.6327
sgmnet,iris,MMU-Iris_impostor_33,9,7,260,234,30,10,0.3333,False,0.3274,False,True,0.9236
aspanformer,iris,MMU-Iris_impostor_33,9,7,1661,1661,1661,1308,0.7875,True,0.7672,False,False,2.0211
deepdetect,iris,MMU-Iris_impostor_33,9,7,4433,4311,23,22,0.9565,True,0.9565,False,False,1.3512
loftr,iris,MMU-Iris_impostor_34,31,38,73,73,73,26,0.3562,False,0.3410,False,True,2.3693
orb,iris,MMU-Iris_impostor_34,31,38,35,82,2,0,,False,,False,True,
sift,iris,MMU-Iris_impostor_34,31,38,14,22,1,0,,False,,False,True,
superglue,iris,MMU-Iris_impostor_34,31,38,83,94,3,0,,False,,False,True,
sgmnet,iris,MMU-Iris_impostor_34,31,38,262,211,28,8,0.2857,False,0.2766,False,True,0.7445
aspanformer,iris,MMU-Iris_impostor_34,31,38,90,90,90,43,0.4778,True,0.4596,False,False,2.2745
deepdetect,iris,MMU-Iris_impostor_34,31,38,3255,4632,0,0,,False,,False,True,
loftr,iris,MMU-Iris_impostor_35,28,14,348,348,348,99,0.2845,False,0.2682,False,True,2.6784
orb,iris,MMU-Iris_impostor_35,28,14,78,107,2,0,,False,,False,True,
sift,iris,MMU-Iris_impostor_35,28,14,24,25,2,0,,False,,False,True,
superglue,iris,MMU-Iris_impostor_35,28,14,78,108,44,19,0.4318,False,0.4258,False,True,1.7593
sgmnet,iris,MMU-Iris_impostor_35,28,14,257,393,45,10,0.2222,False,0.2183,False,True,1.1851
aspanformer,iris,MMU-Iris_impostor_35,28,14,1353,1353,1353,851,0.6290,True,0.5935,False,False,2.6609
deepdetect,iris,MMU-Iris_impostor_35,28,14,4108,4563,3,0,,False,,False,True,
loftr,iris,MMU-Iris_impostor_36,10,22,147,147,147,53,0.3605,False,0.3505,False,True,2.0661
orb,iris,MMU-Iris_impostor_36,10,22,125,88,5,0,,False,,False,True,
sift,iris,MMU-Iris_impostor_36,10,22,18,17,1,0,,False,,False,True,
superglue,iris,MMU-Iris_impostor_36,10,22,94,89,15,9,0.6000,True,0.5857,False,False,1.0394
sgmnet,iris,MMU-Iris_impostor_36,10,22,292,260,38,10,0.2632,False,0.2585,False,True,1.2638
aspanformer,iris,MMU-Iris_impostor_36,10,22,488,488,488,228,0.4672,True,0.4672,False,False,1.2916
deepdetect,iris,MMU-Iris_impostor_36,10,22,4956,4005,3,0,,False,,False,True,
loftr,iris,MMU-Iris_impostor_37,35,23,167,167,167,49,0.2934,False,0.2804,False,True,2.4101
orb,iris,MMU-Iris_impostor_37,35,23,89,75,4,0,,False,,False,True,
sift,iris,MMU-Iris_impostor_37,35,23,16,24,1,0,,False,,False,True,
superglue,iris,MMU-Iris_impostor_37,35,23,79,85,0,0,,False,,False,True,
sgmnet,iris,MMU-Iris_impostor_37,35,23,318,227,24,0,,False,,False,True,
aspanformer,iris,MMU-Iris_impostor_37,35,23,1336,1336,1336,919,0.6879,True,0.6589,False,False,2.3601
deepdetect,iris,MMU-Iris_impostor_37,35,23,4143,4331,2,0,,False,,False,True,
loftr,iris,MMU-Iris_impostor_38,5,41,196,196,196,65,0.3316,False,0.3254,False,True,1.8773
orb,iris,MMU-Iris_impostor_38,5,41,193,85,17,0,,False,,False,True,
sift,iris,MMU-Iris_impostor_38,5,41,44,36,0,0,,False,,False,True,
superglue,iris,MMU-Iris_impostor_38,5,41,119,78,15,9,0.6000,True,0.5857,False,False,1.2110
sgmnet,iris,MMU-Iris_impostor_38,5,41,401,373,41,10,0.2439,False,0.2396,False,True,0.7897
aspanformer,iris,MMU-Iris_impostor_38,5,41,515,515,515,296,0.5748,True,0.5584,False,False,2.0769
deepdetect,iris,MMU-Iris_impostor_38,5,41,6711,4284,45,41,0.9111,True,0.9111,False,False,0.8277
loftr,iris,MMU-Iris_impostor_39,29,12,186,186,186,95,0.5108,True,0.4898,False,False,2.3388
orb,iris,MMU-Iris_impostor_39,29,12,136,33,2,0,,False,,False,True,
sift,iris,MMU-Iris_impostor_39,29,12,26,10,7,6,0.8571,True,0.8110,False,False,1.1808
superglue,iris,MMU-Iris_impostor_39,29,12,91,82,7,0,,False,,False,True,
sgmnet,iris,MMU-Iris_impostor_39,29,12,302,281,21,0,,False,,False,True,
aspanformer,iris,MMU-Iris_impostor_39,29,12,1667,1667,1667,1276,0.7654,True,0.7654,False,False,1.2727
deepdetect,iris,MMU-Iris_impostor_39,29,12,4418,4499,9,0,,False,,False,True,
loftr,iris,MMU-Iris_impostor_40,22,8,153,153,153,59,0.3856,False,0.3807,False,True,1.7559
orb,iris,MMU-Iris_impostor_40,22,8,149,34,7,0,,False,,False,True,
sift,iris,MMU-Iris_impostor_40,22,8,22,8,3,0,,False,,False,True,
superglue,iris,MMU-Iris_impostor_40,22,8,105,78,26,14,0.5385,True,0.5260,False,False,1.8669
sgmnet,iris,MMU-Iris_impostor_40,22,8,306,259,19,6,0.3158,False,0.2988,False,True,0.5119
aspanformer,iris,MMU-Iris_impostor_40,22,8,772,772,772,594,0.7694,True,0.7428,False,False,2.2034
deepdetect,iris,MMU-Iris_impostor_40,22,8,4426,4201,4,0,,False,,False,True,
loftr,iris,MMU-Iris_impostor_41,23,14,153,153,153,51,0.3333,False,0.3302,False,True,1.6862
orb,iris,MMU-Iris_impostor_41,23,14,96,113,4,0,,False,,False,True,
sift,iris,MMU-Iris_impostor_41,23,14,23,39,0,0,,False,,False,True,
superglue,iris,MMU-Iris_impostor_41,23,14,84,108,0,0,,False,,False,True,
sgmnet,iris,MMU-Iris_impostor_41,23,14,180,343,12,6,0.5000,True,0.4731,False,False,0.7583
aspanformer,iris,MMU-Iris_impostor_41,23,14,490,490,490,218,0.4449,True,0.4311,False,False,2.1308
deepdetect,iris,MMU-Iris_impostor_41,23,14,4408,5516,13,12,0.9231,True,0.9231,False,False,0.4156
loftr,iris,MMU-Iris_impostor_42,13,37,129,129,129,39,0.3023,False,0.2911,False,True,2.2595
orb,iris,MMU-Iris_impostor_42,13,37,125,14,3,0,,False,,False,True,
sift,iris,MMU-Iris_impostor_42,13,37,23,5,1,0,,False,,False,True,
superglue,iris,MMU-Iris_impostor_42,13,37,88,84,26,12,0.4615,False,0.4448,False,True,2.0486
sgmnet,iris,MMU-Iris_impostor_42,13,37,243,287,32,9,0.2812,False,0.2745,False,True,0.5761
aspanformer,iris,MMU-Iris_impostor_42,13,37,977,977,977,729,0.7462,True,0.7194,False,False,2.2308
deepdetect,iris,MMU-Iris_impostor_42,13,37,4008,4763,1,0,,False,,False,True,
loftr,iris,MMU-Iris_impostor_43,46,6,185,185,185,67,0.3622,False,0.3490,False,True,2.2380
orb,iris,MMU-Iris_impostor_43,46,6,105,52,9,0,,False,,False,True,
sift,iris,MMU-Iris_impostor_43,46,6,16,11,3,0,,False,,False,True,
superglue,iris,MMU-Iris_impostor_43,46,6,89,87,55,23,0.4182,False,0.4020,False,True,2.2843
sgmnet,iris,MMU-Iris_impostor_43,46,6,249,273,47,12,0.2553,False,0.2529,False,True,1.1257
aspanformer,iris,MMU-Iris_impostor_43,46,6,1244,1244,1244,870,0.6994,True,0.6784,False,False,2.1092
deepdetect,iris,MMU-Iris_impostor_43,46,6,4586,4497,1,0,,False,,False,True,
loftr,iris,MMU-Iris_impostor_44,14,2,230,230,230,84,0.3652,False,0.3530,False,True,2.1820
orb,iris,MMU-Iris_impostor_44,14,2,182,122,13,0,,False,,False,True,
sift,iris,MMU-Iris_impostor_44,14,2,45,23,1,0,,False,,False,True,
superglue,iris,MMU-Iris_impostor_44,14,2,114,102,66,35,0.5303,True,0.5161,False,False,2.0441
sgmnet,iris,MMU-Iris_impostor_44,14,2,407,277,44,12,0.2727,False,0.2701,False,True,1.2224
aspanformer,iris,MMU-Iris_impostor_44,14,2,1914,1914,1914,1547,0.8083,True,0.8083,False,False,1.1784
deepdetect,iris,MMU-Iris_impostor_44,14,2,5936,5806,5,5,1.0000,True,1.0000,False,False,0.4222
loftr,iris,MMU-Iris_impostor_45,43,1,97,97,97,31,0.3196,False,0.3136,False,True,1.8800
orb,iris,MMU-Iris_impostor_45,43,1,102,37,2,0,,False,,False,True,
sift,iris,MMU-Iris_impostor_45,43,1,15,4,1,0,,False,,False,True,
superglue,iris,MMU-Iris_impostor_45,43,1,74,78,7,6,0.8571,True,0.8110,False,False,1.2724
sgmnet,iris,MMU-Iris_impostor_45,43,1,206,209,18,7,0.3889,False,0.3727,False,True,0.6552
aspanformer,iris,MMU-Iris_impostor_45,43,1,66,66,66,31,0.4697,True,0.4585,False,False,1.9842
deepdetect,iris,MMU-Iris_impostor_45,43,1,3684,3776,6,0,,False,,False,True,
loftr,iris,MMU-Iris_impostor_46,46,11,225,225,225,97,0.4311,False,0.4116,False,True,2.4247
orb,iris,MMU-Iris_impostor_46,46,11,118,96,3,0,,False,,False,True,
sift,iris,MMU-Iris_impostor_46,46,11,26,22,1,0,,False,,False,True,
superglue,iris,MMU-Iris_impostor_46,46,11,94,88,22,11,0.5000,True,0.4770,False,False,2.1802
sgmnet,iris,MMU-Iris_impostor_46,46,11,327,330,39,16,0.4103,True,0.4092,False,False,1.1255
aspanformer,iris,MMU-Iris_impostor_46,46,11,1503,1503,1503,1032,0.6866,True,0.6650,False,False,2.1414
deepdetect,iris,MMU-Iris_impostor_46,46,11,4885,4391,17,15,0.8824,True,0.8824,False,False,1.7736
loftr,iris,MMU-Iris_impostor_47,30,39,188,188,188,71,0.3777,False,0.3726,False,True,1.7671
orb,iris,MMU-Iris_impostor_47,30,39,166,102,9,0,,False,,False,True,
sift,iris,MMU-Iris_impostor_47,30,39,24,23,5,0,,False,,False,True,
superglue,iris,MMU-Iris_impostor_47,30,39,87,113,20,14,0.7000,True,0.6861,False,False,1.8011
sgmnet,iris,MMU-Iris_impostor_47,30,39,240,320,21,0,,False,,False,True,
aspanformer,iris,MMU-Iris_impostor_47,30,39,910,910,910,472,0.5187,True,0.4895,False,False,2.6594
deepdetect,iris,MMU-Iris_impostor_47,30,39,4446,5122,1,0,,False,,False,True,
loftr,iris,MMU-Iris_impostor_48,28,12,239,239,239,84,0.3515,False,0.3360,False,True,2.3997
orb,iris,MMU-Iris_impostor_48,28,12,43,101,0,0,,False,,False,True,
sift,iris,MMU-Iris_impostor_48,28,12,25,33,0,0,,False,,False,True,
superglue,iris,MMU-Iris_impostor_48,28,12,80,116,55,22,0.4000,False,0.3975,False,True,1.6166
sgmnet,iris,MMU-Iris_impostor_48,28,12,257,375,20,6,0.3000,False,0.2839,False,True,0.4209
aspanformer,iris,MMU-Iris_impostor_48,28,12,1109,1109,1109,501,0.4518,True,0.4303,False,False,2.4731
deepdetect,iris,MMU-Iris_impostor_48,28,12,3527,5218,5,0,,False,,False,True,
loftr,iris,MMU-Iris_impostor_49,41,42,172,172,172,68,0.3953,False,0.3816,False,True,2.2065
orb,iris,MMU-Iris_impostor_49,41,42,90,80,2,0,,False,,False,True,
sift,iris,MMU-Iris_impostor_49,41,42,24,15,0,0,,False,,False,True,
superglue,iris,MMU-Iris_impostor_49,41,42,87,93,26,14,0.5385,True,0.5269,False,False,1.8355
sgmnet,iris,MMU-Iris_impostor_49,41,42,295,264,34,10,0.2941,False,0.2889,False,True,0.6664
aspanformer,iris,MMU-Iris_impostor_49,41,42,825,825,825,499,0.6048,True,0.5843,False,False,2.1905
deepdetect,iris,MMU-Iris_impostor_49,41,42,4347,4373,5,5,1.0000,True,1.0000,False,False,0.2158
loftr,iris,MMU-Iris_impostor_50,20,15,97,97,97,35,0.3608,False,0.3414,False,True,2.6043
orb,iris,MMU-Iris_impostor_50,20,15,22,93,0,0,,False,,False,True,
sift,iris,MMU-Iris_impostor_50,20,15,6,11,1,0,,False,,False,True,
superglue,iris,MMU-Iris_impostor_50,20,15,77,56,4,4,1.0000,True,0.9165,False,False,0.0000
sgmnet,iris,MMU-Iris_impostor_50,20,15,188,186,31,11,0.3548,False,0.3502,False,True,1.3860
aspanformer,iris,MMU-Iris_impostor_50,20,15,427,427,427,208,0.4871,True,0.4769,False,False,1.9220
deepdetect,iris,MMU-Iris_impostor_50,20,15,3739,3168,3,0,,False,,False,True,
loftr,iris,MMU-Iris_impostor_51,45,40,230,230,230,75,0.3261,False,0.3100,False,True,2.5091
orb,iris,MMU-Iris_impostor_51,45,40,137,156,5,0,,False,,False,True,
sift,iris,MMU-Iris_impostor_51,45,40,32,26,1,0,,False,,False,True,
superglue,iris,MMU-Iris_impostor_51,45,40,96,91,12,7,0.5833,True,0.5590,False,False,0.6290
sgmnet,iris,MMU-Iris_impostor_51,45,40,380,241,11,5,0.4545,True,0.4237,False,False,0.1372
aspanformer,iris,MMU-Iris_impostor_51,45,40,1491,1491,1491,1117,0.7492,True,0.7373,False,False,1.8191
deepdetect,iris,MMU-Iris_impostor_51,45,40,3901,4641,9,8,0.8889,True,0.8889,False,False,0.2464
loftr,iris,MMU-Iris_impostor_52,10,37,211,211,211,92,0.4360,False,0.4110,False,True,2.6822
orb,iris,MMU-Iris_impostor_52,10,37,64,20,3,0,,False,,False,True,
sift,iris,MMU-Iris_impostor_52,10,37,17,5,2,0,,False,,False,True,
superglue,iris,MMU-Iris_impostor_52,10,37,89,86,57,21,0.3684,False,0.3476,False,True,2.6527
sgmnet,iris,MMU-Iris_impostor_52,10,37,220,315,47,12,0.2553,False,0.2529,False,True,1.2667
aspanformer,iris,MMU-Iris_impostor_52,10,37,1354,1354,1354,992,0.7326,True,0.7044,False,False,2.2856
deepdetect,iris,MMU-Iris_impostor_52,10,37,4616,5071,1,0,,False,,False,True,
loftr,iris,MMU-Iris_impostor_53,24,8,201,201,201,65,0.3234,False,0.3093,False,True,2.3915
orb,iris,MMU-Iris_impostor_53,24,8,50,68,2,0,,False,,False,True,
sift,iris,MMU-Iris_impostor_53,24,8,13,18,1,0,,False,,False,True,
superglue,iris,MMU-Iris_impostor_53,24,8,86,89,0,0,,False,,False,True,
sgmnet,iris,MMU-Iris_impostor_53,24,8,315,333,30,9,0.3000,False,0.2928,False,True,1.2698
aspanformer,iris,MMU-Iris_impostor_53,24,8,1267,1267,1267,728,0.5746,True,0.5486,False,False,2.4273
deepdetect,iris,MMU-Iris_impostor_53,24,8,4353,4361,28,25,0.8929,True,0.8929,False,False,0.6219
loftr,iris,MMU-Iris_impostor_54,22,7,177,177,177,47,0.2655,False,0.2578,False,True,2.0877
orb,iris,MMU-Iris_impostor_54,22,7,147,129,5,0,,False,,False,True,
sift,iris,MMU-Iris_impostor_54,22,7,38,23,6,0,,False,,False,True,
superglue,iris,MMU-Iris_impostor_54,22,7,101,101,1,0,,False,,False,True,
sgmnet,iris,MMU-Iris_impostor_54,22,7,369,253,17,7,0.4118,False,0.3946,False,True,0.5791
aspanformer,iris,MMU-Iris_impostor_54,22,7,696,696,696,473,0.6796,True,0.6570,False,False,2.1749
deepdetect,iris,MMU-Iris_impostor_54,22,7,4391,4640,1,0,,False,,False,True,
loftr,iris,MMU-Iris_impostor_55,6,41,131,131,131,37,0.2824,False,0.2685,False,True,2.5103
orb,iris,MMU-Iris_impostor_55,6,41,51,59,6,0,,False,,False,True,
sift,iris,MMU-Iris_impostor_55,6,41,16,24,2,0,,False,,False,True,
superglue,iris,MMU-Iris_impostor_55,6,41,95,82,4,0,,False,,False,True,
sgmnet,iris,MMU-Iris_impostor_55,6,41,245,322,35,9,0.2571,False,0.2510,False,True,0.8935
aspanformer,iris,MMU-Iris_impostor_55,6,41,444,444,444,251,0.5653,True,0.5442,False,False,2.2602
deepdetect,iris,MMU-Iris_impostor_55,6,41,4343,4196,2,0,,False,,False,True,
loftr,iris,MMU-Iris_impostor_56,31,8,129,129,129,49,0.3798,False,0.3641,False,True,2.3482
orb,iris,MMU-Iris_impostor_56,31,8,27,82,1,0,,False,,False,True,
sift,iris,MMU-Iris_impostor_56,31,8,9,11,1,0,,False,,False,True,
superglue,iris,MMU-Iris_impostor_56,31,8,78,70,8,7,0.8750,True,0.8385,False,False,0.9215
sgmnet,iris,MMU-Iris_impostor_56,31,8,258,221,43,10,0.2326,False,0.2284,False,True,0.8997
aspanformer,iris,MMU-Iris_impostor_56,31,8,829,829,829,542,0.6538,True,0.6323,False,False,2.1695
deepdetect,iris,MMU-Iris_impostor_56,31,8,3622,4140,4,0,,False,,False,True,
loftr,iris,MMU-Iris_impostor_57,24,5,231,231,231,71,0.3074,False,0.2906,False,True,2.6246
orb,iris,MMU-Iris_impostor_57,24,5,119,117,3,0,,False,,False,True,
sift,iris,MMU-Iris_impostor_57,24,5,46,37,0,0,,False,,False,True,
superglue,iris,MMU-Iris_impostor_57,24,5,93,116,15,11,0.7333,True,0.7141,False,False,1.7711
sgmnet,iris,MMU-Iris_impostor_57,24,5,342,358,40,8,0.2000,False,0.1936,False,True,0.9510
aspanformer,iris,MMU-Iris_impostor_57,24,5,1741,1741,1741,1218,0.6996,True,0.6924,False,False,1.7065
deepdetect,iris,MMU-Iris_impostor_57,24,5,4842,5626,18,17,0.9444,True,0.9444,False,False,0.3750
loftr,iris,MMU-Iris_impostor_58,15,12,281,281,281,96,0.3416,False,0.3254,False,True,2.4743
orb,iris,MMU-Iris_impostor_58,15,12,99,127,4,0,,False,,False,True,
sift,iris,MMU-Iris_impostor_58,15,12,23,37,1,0,,False,,False,True,
superglue,iris,MMU-Iris_impostor_58,15,12,101,98,24,13,0.5417,True,0.5174,False,False,2.2795
sgmnet,iris,MMU-Iris_impostor_58,15,12,361,285,43,10,0.2326,False,0.2284,False,True,1.1948
aspanformer,iris,MMU-Iris_impostor_58,15,12,909,909,909,553,0.6084,True,0.5975,False,False,1.8614
deepdetect,iris,MMU-Iris_impostor_58,15,12,4528,4976,3,0,,False,,False,True,
loftr,iris,MMU-Iris_impostor_59,45,16,150,150,150,42,0.2800,False,0.2690,False,True,2.3000
orb,iris,MMU-Iris_impostor_59,45,16,137,52,9,0,,False,,False,True,
sift,iris,MMU-Iris_impostor_59,45,16,32,17,0,0,,False,,False,True,
superglue,iris,MMU-Iris_impostor_59,45,16,96,83,0,0,,False,,False,True,
sgmnet,iris,MMU-Iris_impostor_59,45,16,380,185,18,7,0.3889,False,0.3727,False,True,0.8599
aspanformer,iris,MMU-Iris_impostor_59,45,16,265,265,265,146,0.5509,True,0.5442,False,False,1.7477
deepdetect,iris,MMU-Iris_impostor_59,45,16,3901,3753,7,0,,False,,False,True,
loftr,iris,MMU-Iris_impostor_60,17,9,101,101,101,50,0.4950,True,0.4689,False,False,2.5846
orb,iris,MMU-Iris_impostor_60,17,9,107,186,8,0,,False,,False,True,
sift,iris,MMU-Iris_impostor_60,17,9,18,21,1,0,,False,,False,True,
superglue,iris,MMU-Iris_impostor_60,17,9,85,86,1,0,,False,,False,True,
sgmnet,iris,MMU-Iris_impostor_60,17,9,293,260,35,0,,False,,False,True,
aspanformer,iris,MMU-Iris_impostor_60,17,9,179,179,179,98,0.5475,True,0.5349,False,False,1.9664
deepdetect,iris,MMU-Iris_impostor_60,17,9,4156,4433,30,28,0.9333,True,0.9333,False,False,0.5227
loftr,iris,MMU-Iris_impostor_61,28,23,385,385,385,162,0.4208,False,0.4176,False,True,1.6513
orb,iris,MMU-Iris_impostor_61,28,23,90,128,1,0,,False,,False,True,
sift,iris,MMU-Iris_impostor_61,28,23,21,35,2,0,,False,,False,True,
superglue,iris,MMU-Iris_impostor_61,28,23,85,87,34,14,0.4118,False,0.3942,False,True,2.2719
sgmnet,iris,MMU-Iris_impostor_61,28,23,238,192,28,9,0.3214,False,0.3138,False,True,1.1086
aspanformer,iris,MMU-Iris_impostor_61,28,23,1734,1734,1734,1168,0.6736,True,0.6624,False,False,1.8358
deepdetect,iris,MMU-Iris_impostor_61,28,23,4380,3872,8,8,1.0000,True,1.0000,False,False,0.0554
loftr,iris,MMU-Iris_impostor_62,22,12,135,135,135,52,0.3852,False,0.3653,False,True,2.5612
orb,iris,MMU-Iris_impostor_62,22,12,149,132,8,0,,False,,False,True,
sift,iris,MMU-Iris_impostor_62,22,12,22,40,1,0,,False,,False,True,
superglue,iris,MMU-Iris_impostor_62,22,12,105,98,24,11,0.4583,False,0.4367,False,True,2.2049
sgmnet,iris,MMU-Iris_impostor_62,22,12,306,295,19,7,0.3684,False,0.3530,False,True,0.6566
aspanformer,iris,MMU-Iris_impostor_62,22,12,742,742,742,503,0.6779,True,0.6633,False,False,1.9366
deepdetect,iris,MMU-Iris_impostor_62,22,12,4426,5009,2,0,,False,,False,True,
loftr,iris,MMU-Iris_impostor_63,37,31,227,227,227,64,0.2819,False,0.2645,False,True,2.7797
orb,iris,MMU-Iris_impostor_63,37,31,20,35,0,0,,False,,False,True,
sift,iris,MMU-Iris_impostor_63,37,31,5,14,0,0,,False,,False,True,
superglue,iris,MMU-Iris_impostor_63,37,31,86,83,38,17,0.4474,False,0.4363,False,True,1.9630
sgmnet,iris,MMU-Iris_impostor_63,37,31,315,262,36,10,0.2778,False,0.2729,False,True,1.1347
aspanformer,iris,MMU-Iris_impostor_63,37,31,1238,1238,1238,935,0.7553,True,0.7262,False,False,2.2858
deepdetect,iris,MMU-Iris_impostor_63,37,31,5071,3255,29,0,,False,,False,True,
loftr,iris,MMU-Iris_impostor_64,40,11,266,266,266,108,0.4060,False,0.3974,False,True,1.9304
orb,iris,MMU-Iris_impostor_64,40,11,165,222,6,0,,False,,False,True,
sift,iris,MMU-Iris_impostor_64,40,11,34,63,2,0,,False,,False,True,
superglue,iris,MMU-Iris_impostor_64,40,11,103,90,2,0,,False,,False,True,
sgmnet,iris,MMU-Iris_impostor_64,40,11,294,238,19,9,0.4737,True,0.4624,False,False,0.6791
aspanformer,iris,MMU-Iris_impostor_64,40,11,1428,1428,1428,1035,0.7248,True,0.7001,False,False,2.1930
deepdetect,iris,MMU-Iris_impostor_64,40,11,4924,5497,15,15,1.0000,True,1.0000,False,False,0.5298
loftr,iris,MMU-Iris_impostor_65,46,33,271,271,271,96,0.3542,False,0.3397,False,True,2.3393
orb,iris,MMU-Iris_impostor_65,46,33,134,184,5,0,,False,,False,True,
sift,iris,MMU-Iris_impostor_65,46,33,30,40,4,0,,False,,False,True,
superglue,iris,MMU-Iris_impostor_65,46,33,96,115,29,14,0.4828,True,0.4752,False,False,1.7168
sgmnet,iris,MMU-Iris_impostor_65,46,33,271,263,46,11,0.2391,False,0.2360,False,True,1.1498
aspanformer,iris,MMU-Iris_impostor_65,46,33,1759,1759,1759,1408,0.8005,True,0.8005,False,False,1.4103
deepdetect,iris,MMU-Iris_impostor_65,46,33,4477,4730,0,0,,False,,False,True,
loftr,iris,MMU-Iris_impostor_66,45,44,213,213,213,85,0.3991,False,0.3820,False,True,2.3725
orb,iris,MMU-Iris_impostor_66,45,44,159,92,2,0,,False,,False,True,
sift,iris,MMU-Iris_impostor_66,45,44,22,27,0,0,,False,,False,True,
superglue,iris,MMU-Iris_impostor_66,45,44,101,98,55,24,0.4364,False,0.4227,False,True,2.1320
sgmnet,iris,MMU-Iris_impostor_66,45,44,319,314,42,11,0.2619,False,0.2585,False,True,1.4867
aspanformer,iris,MMU-Iris_impostor_66,45,44,1838,1838,1838,1280,0.6964,True,0.6863,False,False,1.7922
deepdetect,iris,MMU-Iris_impostor_66,45,44,4272,5384,1,0,,False,,False,True,
loftr,iris,MMU-Iris_impostor_67,17,14,158,158,158,57,0.3608,False,0.3507,False,True,2.0658
orb,iris,MMU-Iris_impostor_67,17,14,72,120,2,0,,False,,False,True,
sift,iris,MMU-Iris_impostor_67,17,14,11,37,0,0,,False,,False,True,
superglue,iris,MMU-Iris_impostor_67,17,14,87,98,9,7,0.7778,True,0.7453,False,False,0.8270
sgmnet,iris,MMU-Iris_impostor_67,17,14,261,339,18,0,,False,,False,True,
aspanformer,iris,MMU-Iris_impostor_67,17,14,685,685,685,498,0.7270,True,0.7210,False,False,1.6646
deepdetect,iris,MMU-Iris_impostor_67,17,14,3585,4439,29,29,1.0000,True,1.0000,False,False,0.6548
loftr,iris,MMU-Iris_impostor_68,43,8,52,52,52,16,0.3077,False,0.2932,False,True,2.4138
orb,iris,MMU-Iris_impostor_68,43,8,95,36,10,0,,False,,False,True,
sift,iris,MMU-Iris_impostor_68,43,8,16,9,1,0,,False,,False,True,
superglue,iris,MMU-Iris_impostor_68,43,8,69,66,0,0,,False,,False,True,
sgmnet,iris,MMU-Iris_impostor_68,43,8,174,200,42,8,0.1905,False,0.1844,False,True,1.0701
aspanformer,iris,MMU-Iris_impostor_68,43,8,274,274,274,126,0.4599,True,0.4486,False,False,1.9969
deepdetect,iris,MMU-Iris_impostor_68,43,8,3082,3901,1,0,,False,,False,True,
loftr,iris,MMU-Iris_impostor_69,9,44,122,122,122,50,0.4098,False,0.3814,False,True,2.9391
orb,iris,MMU-Iris_impostor_69,9,44,95,95,11,0,,False,,False,True,
sift,iris,MMU-Iris_impostor_69,9,44,15,24,0,0,,False,,False,True,
superglue,iris,MMU-Iris_impostor_69,9,44,84,109,37,19,0.5135,True,0.4918,False,False,2.3444
sgmnet,iris,MMU-Iris_impostor_69,9,44,220,277,24,7,0.2917,False,0.2795,False,True,1.0939
aspanformer,iris,MMU-Iris_impostor_69,9,44,441,441,441,178,0.4036,False,0.3849,False,True,2.4490
deepdetect,iris,MMU-Iris_impostor_69,9,44,4144,6008,5,5,1.0000,True,1.0000,False,False,0.0000
loftr,iris,MMU-Iris_impostor_70,26,10,102,102,102,42,0.4118,False,0.4111,False,True,1.5342
orb,iris,MMU-Iris_impostor_70,26,10,37,132,1,0,,False,,False,True,
sift,iris,MMU-Iris_impostor_70,26,10,7,19,0,0,,False,,False,True,
superglue,iris,MMU-Iris_impostor_70,26,10,79,94,56,22,0.3929,False,0.3822,False,True,2.0408
sgmnet,iris,MMU-Iris_impostor_70,26,10,193,289,33,10,0.3030,False,0.2977,False,True,1.0118
aspanformer,iris,MMU-Iris_impostor_70,26,10,641,641,641,297,0.4633,True,0.4370,False,False,2.6704
deepdetect,iris,MMU-Iris_impostor_70,26,10,3662,5422,0,0,,False,,False,True,
loftr,iris,MMU-Iris_impostor_71,10,14,170,170,170,58,0.3412,False,0.3292,False,True,2.2154
orb,iris,MMU-Iris_impostor_71,10,14,125,119,4,0,,False,,False,True,
sift,iris,MMU-Iris_impostor_71,10,14,18,40,3,0,,False,,False,True,
superglue,iris,MMU-Iris_impostor_71,10,14,94,107,15,9,0.6000,True,0.5771,False,False,1.7953
sgmnet,iris,MMU-Iris_impostor_71,10,14,292,394,28,0,,False,,False,True,
aspanformer,iris,MMU-Iris_impostor_71,10,14,532,532,532,277,0.5207,True,0.5013,False,False,2.2594
deepdetect,iris,MMU-Iris_impostor_71,10,14,4956,4691,2,0,,False,,False,True,
loftr,iris,MMU-Iris_impostor_72,13,1,140,140,140,55,0.3929,False,0.3804,False,True,2.1424
orb,iris,MMU-Iris_impostor_72,13,1,123,78,8,0,,False,,False,True,
sift,iris,MMU-Iris_impostor_72,13,1,20,9,1,0,,False,,False,True,
superglue,iris,MMU-Iris_impostor_72,13,1,87,74,16,12,0.7500,True,0.7222,False,False,2.0653
sgmnet,iris,MMU-Iris_impostor_72,13,1,212,213,45,14,0.3111,False,0.3096,False,True,1.3283
aspanformer,iris,MMU-Iris_impostor_72,13,1,763,763,763,530,0.6946,True,0.6839,False,False,1.8113
deepdetect,iris,MMU-Iris_impostor_72,13,1,4017,3561,12,12,1.0000,True,1.0000,False,False,0.8397
loftr,iris,MMU-Iris_impostor_73,1,7,184,184,184,60,0.3261,False,0.3099,False,True,2.5152
orb,iris,MMU-Iris_impostor_73,1,7,93,129,5,0,,False,,False,True,
sift,iris,MMU-Iris_impostor_73,1,7,11,23,0,0,,False,,False,True,
superglue,iris,MMU-Iris_impostor_73,1,7,86,101,32,18,0.5625,True,0.5415,False,False,2.2326
sgmnet,iris,MMU-Iris_impostor_73,1,7,267,253,25,0,,False,,False,True,
aspanformer,iris,MMU-Iris_impostor_73,1,7,1602,1602,1602,1308,0.8165,True,0.8165,False,False,1.3706
deepdetect,iris,MMU-Iris_impostor_73,1,7,4417,4640,10,0,,False,,False,True,
loftr,iris,MMU-Iris_impostor_74,39,45,271,271,271,84,0.3100,False,0.2993,False,True,2.2010
orb,iris,MMU-Iris_impostor_74,39,45,89,137,7,0,,False,,False,True,
sift,iris,MMU-Iris_impostor_74,39,45,31,32,1,0,,False,,False,True,
superglue,iris,MMU-Iris_impostor_74,39,45,82,96,18,11,0.6111,True,0.6003,False,False,1.5963
sgmnet,iris,MMU-Iris_impostor_74,39,45,279,380,29,7,0.2414,False,0.2313,False,True,1.0457
aspanformer,iris,MMU-Iris_impostor_74,39,45,917,917,917,544,0.5932,True,0.5851,False,False,1.7755
deepdetect,iris,MMU-Iris_impostor_74,39,45,5036,3901,20,17,0.8500,True,0.8500,False,False,0.6300
loftr,iris,MMU-Iris_impostor_75,23,38,132,132,132,49,0.3712,False,0.3532,False,True,2.4929
orb,iris,MMU-Iris_impostor_75,23,38,62,61,5,0,,False,,False,True,
sift,iris,MMU-Iris_impostor_75,23,38,13,13,0,0,,False,,False,True,
superglue,iris,MMU-Iris_impostor_75,23,38,87,99,8,0,,False,,False,True,
sgmnet,iris,MMU-Iris_impostor_75,23,38,148,271,26,9,0.3462,False,0.3379,False,True,0.9467
aspanformer,iris,MMU-Iris_impostor_75,23,38,899,899,899,460,0.5117,True,0.4839,False,False,2.6146
deepdetect,iris,MMU-Iris_impostor_75,23,38,4190,4547,8,0,,False,,False,True,
loftr,iris,MMU-Iris_impostor_76,1,42,184,184,184,64,0.3478,False,0.3430,False,True,1.7786
orb,iris,MMU-Iris_impostor_76,1,42,55,152,3,0,,False,,False,True,
sift,iris,MMU-Iris_impostor_76,1,42,14,30,0,0,,False,,False,True,
superglue,iris,MMU-Iris_impostor_76,1,42,76,118,37,21,0.5676,True,0.5569,False,False,1.8698
sgmnet,iris,MMU-Iris_impostor_76,1,42,278,353,34,9,0.2647,False,0.2584,False,True,0.6691
aspanformer,iris,MMU-Iris_impostor_76,1,42,1872,1872,1872,1585,0.8467,True,0.8406,False,False,1.6450
deepdetect,iris,MMU-Iris_impostor_76,1,42,3839,4492,0,0,,False,,False,True,
loftr,iris,MMU-Iris_impostor_77,9,6,134,134,134,60,0.4478,False,0.4368,False,True,1.9979
orb,iris,MMU-Iris_impostor_77,9,6,186,98,13,0,,False,,False,True,
sift,iris,MMU-Iris_impostor_77,9,6,21,12,1,0,,False,,False,True,
superglue,iris,MMU-Iris_impostor_77,9,6,86,83,45,20,0.4444,False,0.4331,False,True,2.0031
sgmnet,iris,MMU-Iris_impostor_77,9,6,260,202,31,10,0.3226,False,0.3169,False,True,0.9777
aspanformer,iris,MMU-Iris_impostor_77,9,6,889,889,889,522,0.5872,True,0.5655,False,False,2.2509
deepdetect,iris,MMU-Iris_impostor_77,9,6,4433,5100,1,0,,False,,False,True,
loftr,iris,MMU-Iris_impostor_78,35,32,144,144,144,43,0.2986,False,0.2806,False,True,2.7442
orb,iris,MMU-Iris_impostor_78,35,32,59,180,1,0,,False,,False,True,
sift,iris,MMU-Iris_impostor_78,35,32,10,28,0,0,,False,,False,True,
superglue,iris,MMU-Iris_impostor_78,35,32,73,87,20,10,0.5000,True,0.4800,False,False,1.9586
sgmnet,iris,MMU-Iris_impostor_78,35,32,271,259,16,6,0.3750,False,0.3548,False,True,0.5556
aspanformer,iris,MMU-Iris_impostor_78,35,32,1181,1181,1181,766,0.6486,True,0.6438,False,False,1.6487
deepdetect,iris,MMU-Iris_impostor_78,35,32,4014,4662,1,0,,False,,False,True,
loftr,iris,MMU-Iris_impostor_79,45,21,123,123,123,36,0.2927,False,0.2854,False,True,2.0022
orb,iris,MMU-Iris_impostor_79,45,21,145,50,4,0,,False,,False,True,
sift,iris,MMU-Iris_impostor_79,45,21,26,27,0,0,,False,,False,True,
superglue,iris,MMU-Iris_impostor_79,45,21,101,82,1,0,,False,,False,True,
sgmnet,iris,MMU-Iris_impostor_79,45,21,385,237,21,8,0.3810,False,0.3688,False,True,1.1536
aspanformer,iris,MMU-Iris_impostor_79,45,21,676,676,676,311,0.4601,True,0.4452,False,False,2.1577
deepdetect,iris,MMU-Iris_impostor_79,45,21,4405,4292,3,0,,False,,False,True,
loftr,iris,MMU-Iris_impostor_80,13,20,35,35,35,12,0.3429,False,0.3229,False,True,2.5115
orb,iris,MMU-Iris_impostor_80,13,20,173,35,4,0,,False,,False,True,
sift,iris,MMU-Iris_impostor_80,13,20,40,9,0,0,,False,,False,True,
superglue,iris,MMU-Iris_impostor_80,13,20,89,61,18,9,0.5000,True,0.4881,False,False,1.1687
sgmnet,iris,MMU-Iris_impostor_80,13,20,275,178,21,9,0.4286,True,0.4184,False,False,1.0812
aspanformer,iris,MMU-Iris_impostor_80,13,20,259,259,259,118,0.4556,True,0.4346,False,False,2.4421
deepdetect,iris,MMU-Iris_impostor_80,13,20,4353,3176,2,0,,False,,False,True,
loftr,iris,MMU-Iris_impostor_81,16,10,128,128,128,46,0.3594,False,0.3458,False,True,2.2678
orb,iris,MMU-Iris_impostor_81,16,10,68,132,2,0,,False,,False,True,
sift,iris,MMU-Iris_impostor_81,16,10,26,19,2,0,,False,,False,True,
superglue,iris,MMU-Iris_impostor_81,16,10,87,94,26,15,0.5769,True,0.5708,False,False,1.6419
sgmnet,iris,MMU-Iris_impostor_81,16,10,172,289,28,0,,False,,False,True,
aspanformer,iris,MMU-Iris_impostor_81,16,10,813,813,813,446,0.5486,True,0.5277,False,False,2.2772
deepdetect,iris,MMU-Iris_impostor_81,16,10,4275,5422,1,0,,False,,False,True,
loftr,iris,MMU-Iris_impostor_82,45,34,165,165,165,64,0.3879,False,0.3844,False,True,1.6790
orb,iris,MMU-Iris_impostor_82,45,34,122,61,6,0,,False,,False,True,
sift,iris,MMU-Iris_impostor_82,45,34,14,11,3,0,,False,,False,True,
superglue,iris,MMU-Iris_impostor_82,45,34,96,83,1,0,,False,,False,True,
sgmnet,iris,MMU-Iris_impostor_82,45,34,411,208,17,9,0.5294,True,0.5168,False,False,1.3674
aspanformer,iris,MMU-Iris_impostor_82,45,34,1507,1507,1507,1060,0.7034,True,0.6753,False,False,2.3145
deepdetect,iris,MMU-Iris_impostor_82,45,34,3994,4248,18,0,,False,,False,True,
loftr,iris,MMU-Iris_impostor_83,44,29,160,160,160,51,0.3187,False,0.3102,False,True,2.0434
orb,iris,MMU-Iris_impostor_83,44,29,161,75,15,0,,False,,False,True,
sift,iris,MMU-Iris_impostor_83,44,29,28,21,0,0,,False,,False,True,
superglue,iris,MMU-Iris_impostor_83,44,29,108,90,32,17,0.5312,True,0.5168,False,False,2.0152
sgmnet,iris,MMU-Iris_impostor_83,44,29,401,308,27,9,0.3333,False,0.3254,False,True,1.4277
aspanformer,iris,MMU-Iris_impostor_83,44,29,638,638,638,331,0.5188,True,0.5040,False,False,2.0793
deepdetect,iris,MMU-Iris_impostor_83,44,29,5910,3864,28,26,0.9286,True,0.9286,False,False,0.3449
loftr,iris,MMU-Iris_impostor_84,43,6,108,108,108,34,0.3148,False,0.2967,False,True,2.6835
orb,iris,MMU-Iris_impostor_84,43,6,67,101,6,0,,False,,False,True,
sift,iris,MMU-Iris_impostor_84,43,6,7,28,0,0,,False,,False,True,
superglue,iris,MMU-Iris_impostor_84,43,6,55,97,13,9,0.6923,True,0.6581,False,False,2.0297
sgmnet,iris,MMU-Iris_impostor_84,43,6,117,213,7,4,0.5714,True,0.5237,False,False,0.0000
aspanformer,iris,MMU-Iris_impostor_84,43,6,605,605,605,353,0.5835,True,0.5701,False,False,1.9638
deepdetect,iris,MMU-Iris_impostor_84,43,6,3598,4273,0,0,,False,,False,True,
loftr,iris,MMU-Iris_impostor_85,39,8,265,265,265,84,0.3170,False,0.3101,False,True,1.9411
orb,iris,MMU-Iris_impostor_85,39,8,94,68,7,0,,False,,False,True,
sift,iris,MMU-Iris_impostor_85,39,8,15,18,1,0,,False,,False,True,
superglue,iris,MMU-Iris_impostor_85,39,8,97,89,18,10,0.5556,True,0.5292,False,False,2.1157
sgmnet,iris,MMU-Iris_impostor_85,39,8,253,333,27,9,0.3333,False,0.3254,False,True,1.0718
aspanformer,iris,MMU-Iris_impostor_85,39,8,1449,1449,1449,972,0.6708,True,0.6554,False,False,1.9660
deepdetect,iris,MMU-Iris_impostor_85,39,8,4858,4361,33,0,,False,,False,True,
loftr,iris,MMU-Iris_impostor_86,20,33,192,192,192,56,0.2917,False,0.2827,False,True,2.1229
orb,iris,MMU-Iris_impostor_86,20,33,24,94,1,0,,False,,False,True,
sift,iris,MMU-Iris_impostor_86,20,33,1,20,0,0,,False,,False,True,
superglue,iris,MMU-Iris_impostor_86,20,33,78,97,40,21,0.5250,True,0.5073,False,False,2.1777
sgmnet,iris,MMU-Iris_impostor_86,20,33,185,234,18,0,,False,,False,True,
aspanformer,iris,MMU-Iris_impostor_86,20,33,707,707,707,337,0.4767,True,0.4574,False,False,2.3232
deepdetect,iris,MMU-Iris_impostor_86,20,33,3356,5051,1,0,,False,,False,True,
loftr,iris,MMU-Iris_impostor_87,12,7,217,217,217,77,0.3548,False,0.3450,False,True,2.0605
orb,iris,MMU-Iris_impostor_87,12,7,9,65,1,0,,False,,False,True,
sift,iris,MMU-Iris_impostor_87,12,7,12,22,3,0,,False,,False,True,
superglue,iris,MMU-Iris_impostor_87,12,7,80,84,27,12,0.4444,False,0.4171,False,True,2.5811
sgmnet,iris,MMU-Iris_impostor_87,12,7,313,257,22,0,,False,,False,True,
aspanformer,iris,MMU-Iris_impostor_87,12,7,1453,1453,1453,946,0.6511,True,0.6290,False,False,2.1893
deepdetect,iris,MMU-Iris_impostor_87,12,7,4751,3975,6,6,1.0000,True,1.0000,False,False,0.3458
loftr,iris,MMU-Iris_impostor_88,22,7,249,249,249,72,0.2892,False,0.2792,False,True,2.2031
orb,iris,MMU-Iris_impostor_88,22,7,149,88,12,0,,False,,False,True,
sift,iris,MMU-Iris_impostor_88,22,7,22,26,4,0,,False,,False,True,
superglue,iris,MMU-Iris_impostor_88,22,7,105,102,19,10,0.5263,True,0.5052,False,False,1.9607
sgmnet,iris,MMU-Iris_impostor_88,22,7,306,327,20,8,0.4000,False,0.3873,False,True,0.9878
aspanformer,iris,MMU-Iris_impostor_88,22,7,835,835,835,483,0.5784,True,0.5518,False,False,2.4435
deepdetect,iris,MMU-Iris_impostor_88,22,7,4426,3824,5,0,,False,,False,True,
loftr,iris,MMU-Iris_impostor_89,36,30,70,70,70,0,,False,,False,True,
orb,iris,MMU-Iris_impostor_89,36,30,88,135,2,0,,False,,False,True,
sift,iris,MMU-Iris_impostor_89,36,30,23,27,2,0,,False,,False,True,
superglue,iris,MMU-Iris_impostor_89,36,30,72,85,0,0,,False,,False,True,
sgmnet,iris,MMU-Iris_impostor_89,36,30,199,243,45,18,0.4000,False,0.3995,False,True,1.2198
aspanformer,iris,MMU-Iris_impostor_89,36,30,709,709,709,378,0.5331,True,0.5010,False,False,2.7427
deepdetect,iris,MMU-Iris_impostor_89,36,30,3957,4234,10,9,0.9000,True,0.9000,False,False,0.6783
loftr,iris,MMU-Iris_impostor_90,18,33,175,175,175,60,0.3429,False,0.3257,False,True,2.5285
orb,iris,MMU-Iris_impostor_90,18,33,35,151,1,0,,False,,False,True,
sift,iris,MMU-Iris_impostor_90,18,33,17,28,1,0,,False,,False,True,
superglue,iris,MMU-Iris_impostor_90,18,33,75,95,42,20,0.4762,True,0.4634,False,False,2.0296
sgmnet,iris,MMU-Iris_impostor_90,18,33,240,206,37,0,,False,,False,True,
aspanformer,iris,MMU-Iris_impostor_90,18,33,1274,1274,1274,877,0.6884,True,0.6681,False,False,2.0995
deepdetect,iris,MMU-Iris_impostor_90,18,33,3980,4349,0,0,,False,,False,True,
loftr,iris,MMU-Iris_impostor_91,1,42,373,373,373,161,0.4316,False,0.4052,False,True,2.7629
orb,iris,MMU-Iris_impostor_91,1,42,93,89,8,0,,False,,False,True,
sift,iris,MMU-Iris_impostor_91,1,42,11,18,0,0,,False,,False,True,
superglue,iris,MMU-Iris_impostor_91,1,42,86,91,59,31,0.5254,True,0.5004,False,False,2.4764
sgmnet,iris,MMU-Iris_impostor_91,1,42,267,305,55,16,0.2909,False,0.2902,False,True,1.4369
aspanformer,iris,MMU-Iris_impostor_91,1,42,1650,1650,1650,1445,0.8758,True,0.8602,False,False,1.8585
deepdetect,iris,MMU-Iris_impostor_91,1,42,4417,4644,8,8,1.0000,True,1.0000,False,False,0.7467
loftr,iris,MMU-Iris_impostor_92,44,6,96,96,96,33,0.3438,False,0.3287,False,True,2.3927
orb,iris,MMU-Iris_impostor_92,44,6,137,29,10,0,,False,,False,True,
sift,iris,MMU-Iris_impostor_92,44,6,42,7,2,0,,False,,False,True,
superglue,iris,MMU-Iris_impostor_92,44,6,117,86,19,0,,False,,False,True,
sgmnet,iris,MMU-Iris_impostor_92,44,6,374,219,10,5,0.5000,True,0.4661,False,False,0.4352
aspanformer,iris,MMU-Iris_impostor_92,44,6,261,261,261,122,0.4674,True,0.4438,False,False,2.5384
deepdetect,iris,MMU-Iris_impostor_92,44,6,6232,4085,5,0,,False,,False,True,
loftr,iris,MMU-Iris_impostor_93,24,14,237,237,237,118,0.4979,True,0.4869,False,False,1.9480
orb,iris,MMU-Iris_impostor_93,24,14,73,113,4,0,,False,,False,True,
sift,iris,MMU-Iris_impostor_93,24,14,22,39,2,0,,False,,False,True,
superglue,iris,MMU-Iris_impostor_93,24,14,99,108,13,9,0.6923,True,0.6758,False,False,1.4150
sgmnet,iris,MMU-Iris_impostor_93,24,14,324,343,39,12,0.3077,False,0.3048,False,True,0.7615
aspanformer,iris,MMU-Iris_impostor_93,24,14,1711,1711,1711,1383,0.8083,True,0.7896,False,False,1.9687
deepdetect,iris,MMU-Iris_impostor_93,24,14,4238,5516,11,11,1.0000,True,1.0000,False,False,0.2085
loftr,iris,MMU-Iris_impostor_94,5,44,172,172,172,65,0.3779,False,0.3597,False,True,2.4850
orb,iris,MMU-Iris_impostor_94,5,44,186,82,4,0,,False,,False,True,
sift,iris,MMU-Iris_impostor_94,5,44,51,29,0,0,,False,,False,True,
superglue,iris,MMU-Iris_impostor_94,5,44,110,108,58,23,0.3966,False,0.3798,False,True,2.3561
sgmnet,iris,MMU-Iris_impostor_94,5,44,357,306,31,8,0.2581,False,0.2499,False,True,1.0212
aspanformer,iris,MMU-Iris_impostor_94,5,44,866,866,866,472,0.5450,True,0.5341,False,False,1.9063
deepdetect,iris,MMU-Iris_impostor_94,5,44,6143,5047,20,20,1.0000,True,1.0000,False,False,0.4775
loftr,iris,MMU-Iris_impostor_95,15,24,194,194,194,56,0.2887,False,0.2887,False,True,1.1231
orb,iris,MMU-Iris_impostor_95,15,24,103,109,3,0,,False,,False,True,
sift,iris,MMU-Iris_impostor_95,15,24,20,39,2,0,,False,,False,True,
superglue,iris,MMU-Iris_impostor_95,15,24,81,105,13,8,0.6154,True,0.5958,False,False,1.2227
sgmnet,iris,MMU-Iris_impostor_95,15,24,280,327,30,8,0.2667,False,0.2582,False,True,0.8829
aspanformer,iris,MMU-Iris_impostor_95,15,24,242,242,242,136,0.5620,True,0.5566,False,False,1.6937
deepdetect,iris,MMU-Iris_impostor_95,15,24,4096,4676,2,0,,False,,False,True,
loftr,iris,MMU-Iris_impostor_96,34,21,217,217,217,97,0.4470,False,0.4347,False,True,2.0564
orb,iris,MMU-Iris_impostor_96,34,21,68,116,4,0,,False,,False,True,
sift,iris,MMU-Iris_impostor_96,34,21,14,25,0,0,,False,,False,True,
superglue,iris,MMU-Iris_impostor_96,34,21,94,90,17,10,0.5882,True,0.5736,False,False,1.6463
sgmnet,iris,MMU-Iris_impostor_96,34,21,232,252,30,7,0.2333,False,0.2236,False,True,0.8172
aspanformer,iris,MMU-Iris_impostor_96,34,21,1524,1524,1524,1086,0.7126,True,0.6953,False,False,1.9914
deepdetect,iris,MMU-Iris_impostor_96,34,21,4558,4235,18,18,1.0000,True,1.0000,False,False,0.8310
loftr,iris,MMU-Iris_impostor_97,26,45,279,279,279,72,0.2581,False,0.2466,False,True,2.4103
orb,iris,MMU-Iris_impostor_97,26,45,81,145,5,0,,False,,False,True,
sift,iris,MMU-Iris_impostor_97,26,45,16,26,4,0,,False,,False,True,
superglue,iris,MMU-Iris_impostor_97,26,45,85,101,17,10,0.5882,True,0.5650,False,False,1.9495
sgmnet,iris,MMU-Iris_impostor_97,26,45,257,385,38,0,,False,,False,True,
aspanformer,iris,MMU-Iris_impostor_97,26,45,1495,1495,1495,926,0.6194,True,0.6014,False,False,2.0911
deepdetect,iris,MMU-Iris_impostor_97,26,45,4267,4405,23,16,0.6957,True,0.6957,False,False,1.1475
loftr,iris,MMU-Iris_impostor_98,36,15,126,126,126,51,0.4048,False,0.3904,False,True,2.2218
orb,iris,MMU-Iris_impostor_98,36,15,111,73,12,0,,False,,False,True,
sift,iris,MMU-Iris_impostor_98,36,15,17,13,1,0,,False,,False,True,
superglue,iris,MMU-Iris_impostor_98,36,15,88,67,10,7,0.7000,True,0.6591,False,False,1.8521
sgmnet,iris,MMU-Iris_impostor_98,36,15,219,192,45,12,0.2667,False,0.2641,False,True,1.0794
aspanformer,iris,MMU-Iris_impostor_98,36,15,813,813,813,562,0.6913,True,0.6653,False,False,2.2652
deepdetect,iris,MMU-Iris_impostor_98,36,15,3801,2858,1,0,,False,,False,True,
loftr,iris,MMU-Iris_impostor_99,40,33,153,153,153,56,0.3660,False,0.3438,False,True,2.7536
orb,iris,MMU-Iris_impostor_99,40,33,165,184,9,0,,False,,False,True,
sift,iris,MMU-Iris_impostor_99,40,33,34,40,3,0,,False,,False,True,
superglue,iris,MMU-Iris_impostor_99,40,33,93,115,0,0,,False,,False,True,
sgmnet,iris,MMU-Iris_impostor_99,40,33,249,263,49,13,0.2653,False,0.2635,False,True,1.2570
aspanformer,iris,MMU-Iris_impostor_99,40,33,995,995,995,611,0.6141,True,0.5829,False,False,2.5427
deepdetect,iris,MMU-Iris_impostor_99,40,33,4432,4730,5,5,1.0000,True,1.0000,False,False,0.7123
loftr,iris,MMU-Iris_impostor_100,14,32,262,262,262,109,0.4160,False,0.3960,False,True,2.4853
orb,iris,MMU-Iris_impostor_100,14,32,107,207,9,0,,False,,False,True,
sift,iris,MMU-Iris_impostor_100,14,32,25,53,3,0,,False,,False,True,
superglue,iris,MMU-Iris_impostor_100,14,32,108,96,45,20,0.4444,False,0.4323,False,True,2.0400
sgmnet,iris,MMU-Iris_impostor_100,14,32,393,244,22,8,0.3636,False,0.3521,False,True,1.1945
aspanformer,iris,MMU-Iris_impostor_100,14,32,549,549,549,248,0.4517,True,0.4392,False,False,2.0645
deepdetect,iris,MMU-Iris_impostor_100,14,32,4563,4526,10,10,1.0000,True,1.0000,False,False,0.6805
loftr,iris,MMU-Iris_impostor_101,18,12,262,262,262,110,0.4198,False,0.4094,False,True,2.0044
orb,iris,MMU-Iris_impostor_101,18,12,88,100,6,0,,False,,False,True,
sift,iris,MMU-Iris_impostor_101,18,12,32,41,1,0,,False,,False,True,
superglue,iris,MMU-Iris_impostor_101,18,12,90,89,40,21,0.5250,True,0.5122,False,False,1.9849
sgmnet,iris,MMU-Iris_impostor_101,18,12,283,269,21,7,0.3333,False,0.3194,False,True,0.4010
aspanformer,iris,MMU-Iris_impostor_101,18,12,1459,1459,1459,1016,0.6964,True,0.6703,False,False,2.2640
deepdetect,iris,MMU-Iris_impostor_101,18,12,4055,4909,18,15,0.8333,True,0.8333,False,False,0.6637
loftr,iris,MMU-Iris_impostor_102,14,29,203,203,203,89,0.4384,False,0.4381,False,True,1.5144
orb,iris,MMU-Iris_impostor_102,14,29,113,51,5,0,,False,,False,True,
sift,iris,MMU-Iris_impostor_102,14,29,39,16,0,0,,False,,False,True,
superglue,iris,MMU-Iris_impostor_102,14,29,108,76,16,11,0.6875,True,0.6541,False,False,2.2332
sgmnet,iris,MMU-Iris_impostor_102,14,29,343,263,27,11,0.4074,True,0.4021,False,False,1.4426
aspanformer,iris,MMU-Iris_impostor_102,14,29,557,557,557,279,0.5009,True,0.4803,False,False,2.3409
deepdetect,iris,MMU-Iris_impostor_102,14,29,5516,3476,1,0,,False,,False,True,
loftr,iris,MMU-Iris_impostor_103,23,30,90,90,90,52,0.5778,True,0.5644,False,False,1.9671
orb,iris,MMU-Iris_impostor_103,23,30,96,166,1,0,,False,,False,True,
sift,iris,MMU-Iris_impostor_103,23,30,23,24,2,0,,False,,False,True,
superglue,iris,MMU-Iris_impostor_103,23,30,84,87,7,5,0.7143,True,0.6658,False,False,0.2677
sgmnet,iris,MMU-Iris_impostor_103,23,30,180,240,37,10,0.2703,False,0.2655,False,True,0.8570
aspanformer,iris,MMU-Iris_impostor_103,23,30,684,684,684,315,0.4605,True,0.4363,False,False,2.5815
deepdetect,iris,MMU-Iris_impostor_103,23,30,4408,4446,16,16,1.0000,True,1.0000,False,False,0.4906
loftr,iris,MMU-Iris_impostor_104,19,13,157,157,157,54,0.3439,False,0.3270,False,True,2.5103
orb,iris,MMU-Iris_impostor_104,19,13,129,132,7,0,,False,,False,True,
sift,iris,MMU-Iris_impostor_104,19,13,33,25,0,0,,False,,False,True,
superglue,iris,MMU-Iris_impostor_104,19,13,99,87,0,0,,False,,False,True,
sgmnet,iris,MMU-Iris_impostor_104,19,13,248,242,37,12,0.3243,False,0.3212,False,True,1.4440
aspanformer,iris,MMU-Iris_impostor_104,19,13,1130,1130,1130,804,0.7115,True,0.6886,False,False,2.1530
deepdetect,iris,MMU-Iris_impostor_104,19,13,4506,4075,2,0,,False,,False,True,
loftr,iris,MMU-Iris_impostor_105,20,45,56,56,56,19,0.3393,False,0.3269,False,True,2.2244
orb,iris,MMU-Iris_impostor_105,20,45,9,129,0,0,,False,,False,True,
sift,iris,MMU-Iris_impostor_105,20,45,3,16,0,0,,False,,False,True,
superglue,iris,MMU-Iris_impostor_105,20,45,60,97,0,0,,False,,False,True,
sgmnet,iris,MMU-Iris_impostor_105,20,45,131,338,17,6,0.3529,False,0.3340,False,True,0.1881
aspanformer,iris,MMU-Iris_impostor_105,20,45,151,151,151,78,0.5166,True,0.4968,False,False,2.2809
deepdetect,iris,MMU-Iris_impostor_105,20,45,2881,4328,0,0,,False,,False,True,
loftr,iris,MMU-Iris_impostor_106,33,25,93,93,93,34,0.3656,False,0.3577,False,True,1.9380
orb,iris,MMU-Iris_impostor_106,33,25,115,43,3,0,,False,,False,True,
sift,iris,MMU-Iris_impostor_106,33,25,28,15,2,0,,False,,False,True,
superglue,iris,MMU-Iris_impostor_106,33,25,116,83,31,21,0.6774,True,0.6576,False,False,2.0835
sgmnet,iris,MMU-Iris_impostor_106,33,25,239,219,39,13,0.3333,False,0.3310,False,True,1.1310
aspanformer,iris,MMU-Iris_impostor_106,33,25,399,399,399,211,0.5288,True,0.5048,False,False,2.4315
deepdetect,iris,MMU-Iris_impostor_106,33,25,5480,4080,12,12,1.0000,True,1.0000,False,False,0.8296
loftr,iris,MMU-Iris_impostor_107,40,32,171,171,171,58,0.3392,False,0.3311,False,True,1.9821
orb,iris,MMU-Iris_impostor_107,40,32,156,80,8,0,,False,,False,True,
sift,iris,MMU-Iris_impostor_107,40,32,26,18,0,0,,False,,False,True,
superglue,iris,MMU-Iris_impostor_107,40,32,91,74,0,0,,False,,False,True,
sgmnet,iris,MMU-Iris_impostor_107,40,32,241,219,23,0,,False,,False,True,
aspanformer,iris,MMU-Iris_impostor_107,40,32,1113,1113,1113,803,0.7215,True,0.7052,False,False,1.9549
deepdetect,iris,MMU-Iris_impostor_107,40,32,4641,3807,1,0,,False,,False,True,
loftr,iris,MMU-Iris_impostor_108,1,46,203,203,203,75,0.3695,False,0.3557,False,True,2.2580
orb,iris,MMU-Iris_impostor_108,1,46,61,86,6,0,,False,,False,True,
sift,iris,MMU-Iris_impostor_108,1,46,13,30,0,0,,False,,False,True,
superglue,iris,MMU-Iris_impostor_108,1,46,78,97,3,0,,False,,False,True,
sgmnet,iris,MMU-Iris_impostor_108,1,46,267,295,49,10,0.2041,False,0.2005,False,True,0.9588
aspanformer,iris,MMU-Iris_impostor_108,1,46,1526,1526,1526,1013,0.6638,True,0.6350,False,False,2.3893
deepdetect,iris,MMU-Iris_impostor_108,1,46,4219,4666,0,0,,False,,False,True,
loftr,iris,MMU-Iris_impostor_109,3,19,182,182,182,57,0.3132,False,0.3077,False,True,1.8525
orb,iris,MMU-Iris_impostor_109,3,19,44,129,3,0,,False,,False,True,
sift,iris,MMU-Iris_impostor_109,3,19,9,33,0,0,,False,,False,True,
superglue,iris,MMU-Iris_impostor_109,3,19,78,99,11,8,0.7273,True,0.7042,False,False,1.4040
sgmnet,iris,MMU-Iris_impostor_109,3,19,257,248,33,13,0.3939,False,0.3912,False,True,1.4386
aspanformer,iris,MMU-Iris_impostor_109,3,19,993,993,993,824,0.8298,True,0.7927,False,False,2.4160
deepdetect,iris,MMU-Iris_impostor_109,3,19,3858,4506,0,0,,False,,False,True,
loftr,iris,MMU-Iris_impostor_110,6,42,218,218,218,54,0.2477,False,0.2407,False,True,2.0758
orb,iris,MMU-Iris_impostor_110,6,42,88,109,1,0,,False,,False,True,
sift,iris,MMU-Iris_impostor_110,6,42,17,28,2,0,,False,,False,True,
superglue,iris,MMU-Iris_impostor_110,6,42,90,97,0,0,,False,,False,True,
sgmnet,iris,MMU-Iris_impostor_110,6,42,169,372,24,6,0.2500,False,0.2366,False,True,0.9360
aspanformer,iris,MMU-Iris_impostor_110,6,42,1164,1164,1164,747,0.6418,True,0.6147,False,False,2.3617
deepdetect,iris,MMU-Iris_impostor_110,6,42,4745,4415,1,0,,False,,False,True,
loftr,iris,MMU-Iris_impostor_111,38,19,113,113,113,51,0.4513,False,0.4421,False,True,1.9148
orb,iris,MMU-Iris_impostor_111,38,19,61,147,3,0,,False,,False,True,
sift,iris,MMU-Iris_impostor_111,38,19,13,30,1,0,,False,,False,True,
superglue,iris,MMU-Iris_impostor_111,38,19,99,96,0,0,,False,,False,True,
sgmnet,iris,MMU-Iris_impostor_111,38,19,271,180,31,10,0.3226,False,0.3169,False,True,0.9899
aspanformer,iris,MMU-Iris_impostor_111,38,19,1204,1204,1204,787,0.6537,True,0.6261,False,False,2.3599
deepdetect,iris,MMU-Iris_impostor_111,38,19,4547,3940,4,0,,False,,False,True,
loftr,iris,MMU-Iris_impostor_112,35,2,191,191,191,75,0.3927,False,0.3849,False,True,1.8992
orb,iris,MMU-Iris_impostor_112,35,2,77,173,6,0,,False,,False,True,
sift,iris,MMU-Iris_impostor_112,35,2,11,44,0,0,,False,,False,True,
superglue,iris,MMU-Iris_impostor_112,35,2,85,109,20,10,0.5000,True,0.4810,False,False,1.9186
sgmnet,iris,MMU-Iris_impostor_112,35,2,274,363,44,13,0.2955,False,0.2934,False,True,1.3927
aspanformer,iris,MMU-Iris_impostor_112,35,2,500,500,500,246,0.4920,True,0.4815,False,False,1.9319
deepdetect,iris,MMU-Iris_impostor_112,35,2,3607,4440,1,0,,False,,False,True,
loftr,iris,MMU-Iris_impostor_113,19,3,193,193,193,68,0.3523,False,0.3411,False,True,2.1486
orb,iris,MMU-Iris_impostor_113,19,3,129,62,2,0,,False,,False,True,
sift,iris,MMU-Iris_impostor_113,19,3,33,14,0,0,,False,,False,True,
superglue,iris,MMU-Iris_impostor_113,19,3,99,86,11,9,0.8182,True,0.7789,False,False,2.0013
sgmnet,iris,MMU-Iris_impostor_113,19,3,248,245,31,8,0.2581,False,0.2499,False,True,1.1532
aspanformer,iris,MMU-Iris_impostor_113,19,3,957,957,957,752,0.7858,True,0.7829,False,False,1.5730
deepdetect,iris,MMU-Iris_impostor_113,19,3,4506,4065,10,10,1.0000,True,1.0000,False,False,0.5070
loftr,iris,MMU-Iris_impostor_114,46,5,160,160,160,51,0.3187,False,0.3094,False,True,2.0930
orb,iris,MMU-Iris_impostor_114,46,5,96,75,7,0,,False,,False,True,
sift,iris,MMU-Iris_impostor_114,46,5,30,10,1,0,,False,,False,True,
superglue,iris,MMU-Iris_impostor_114,46,5,104,89,0,0,,False,,False,True,
sgmnet,iris,MMU-Iris_impostor_114,46,5,289,383,19,0,,False,,False,True,
aspanformer,iris,MMU-Iris_impostor_114,46,5,795,795,795,525,0.6604,True,0.6416,False,False,2.0760
deepdetect,iris,MMU-Iris_impostor_114,46,5,4743,4284,0,0,,False,,False,True,
loftr,iris,MMU-Iris_impostor_115,24,17,194,194,194,82,0.4227,False,0.4048,False,True,2.3643
orb,iris,MMU-Iris_impostor_115,24,17,96,129,3,0,,False,,False,True,
sift,iris,MMU-Iris_impostor_115,24,17,34,30,0,0,,False,,False,True,
superglue,iris,MMU-Iris_impostor_115,24,17,100,90,0,0,,False,,False,True,
sgmnet,iris,MMU-Iris_impostor_115,24,17,357,314,39,9,0.2308,False,0.2253,False,True,0.5388
aspanformer,iris,MMU-Iris_impostor_115,24,17,895,895,895,649,0.7251,True,0.7215,False,False,1.5994
deepdetect,iris,MMU-Iris_impostor_115,24,17,4435,4562,12,12,1.0000,True,1.0000,False,False,0.2808
loftr,iris,MMU-Iris_impostor_116,41,38,180,180,180,70,0.3889,False,0.3801,False,True,1.9557
orb,iris,MMU-Iris_impostor_116,41,38,237,49,4,0,,False,,False,True,
sift,iris,MMU-Iris_impostor_116,41,38,35,16,1,0,,False,,False,True,
superglue,iris,MMU-Iris_impostor_116,41,38,94,98,1,0,,False,,False,True,
sgmnet,iris,MMU-Iris_impostor_116,41,38,321,227,27,9,0.3333,False,0.3254,False,True,1.0202
aspanformer,iris,MMU-Iris_impostor_116,41,38,1047,1047,1047,672,0.6418,True,0.6269,False,False,1.9714
deepdetect,iris,MMU-Iris_impostor_116,41,38,3854,4014,1,0,,False,,False,True,
loftr,iris,MMU-Iris_impostor_117,19,35,94,94,94,32,0.3404,False,0.3330,False,True,1.9416
orb,iris,MMU-Iris_impostor_117,19,35,147,77,12,0,,False,,False,True,
sift,iris,MMU-Iris_impostor_117,19,35,30,11,0,0,,False,,False,True,
superglue,iris,MMU-Iris_impostor_117,19,35,96,85,0,0,,False,,False,True,
sgmnet,iris,MMU-Iris_impostor_117,19,35,180,274,18,5,0.2778,False,0.2589,False,True,0.4623
aspanformer,iris,MMU-Iris_impostor_117,19,35,1040,1040,1040,634,0.6096,True,0.6096,False,False,1.4069
deepdetect,iris,MMU-Iris_impostor_117,19,35,3940,3607,1,0,,False,,False,True,
loftr,iris,MMU-Iris_impostor_118,3,8,180,180,180,68,0.3778,False,0.3655,False,True,2.1584
orb,iris,MMU-Iris_impostor_118,3,8,44,25,2,0,,False,,False,True,
sift,iris,MMU-Iris_impostor_118,3,8,9,13,0,0,,False,,False,True,
superglue,iris,MMU-Iris_impostor_118,3,8,78,72,17,13,0.7647,True,0.7560,False,False,1.5918
sgmnet,iris,MMU-Iris_impostor_118,3,8,257,208,9,5,0.5556,True,0.5179,False,False,0.0000
aspanformer,iris,MMU-Iris_impostor_118,3,8,519,519,519,269,0.5183,True,0.5183,False,False,1.2652
deepdetect,iris,MMU-Iris_impostor_118,3,8,3858,3882,2,0,,False,,False,True,
loftr,iris,MMU-Iris_impostor_119,22,46,126,126,126,36,0.2857,False,0.2808,False,True,1.8459
orb,iris,MMU-Iris_impostor_119,22,46,163,86,13,0,,False,,False,True,
sift,iris,MMU-Iris_impostor_119,22,46,27,30,1,0,,False,,False,True,
superglue,iris,MMU-Iris_impostor_119,22,46,112,97,0,0,,False,,False,True,
sgmnet,iris,MMU-Iris_impostor_119,22,46,336,295,45,9,0.2000,False,0.1952,False,True,1.2701
aspanformer,iris,MMU-Iris_impostor_119,22,46,815,815,815,518,0.6356,True,0.6356,False,False,1.3910
deepdetect,iris,MMU-Iris_impostor_119,22,46,4725,4666,3,0,,False,,False,True,
loftr,iris,MMU-Iris_impostor_120,37,26,212,212,212,77,0.3632,False,0.3550,False,True,1.9591
orb,iris,MMU-Iris_impostor_120,37,26,18,91,0,0,,False,,False,True,
sift,iris,MMU-Iris_impostor_120,37,26,6,22,1,0,,False,,False,True,
superglue,iris,MMU-Iris_impostor_120,37,26,86,95,66,32,0.4848,True,0.4722,False,False,2.0287
sgmnet,iris,MMU-Iris_impostor_120,37,26,241,305,16,5,0.3125,False,0.2913,False,True,0.0000
aspanformer,iris,MMU-Iris_impostor_120,37,26,677,677,677,338,0.4993,True,0.4798,False,False,2.2951
deepdetect,iris,MMU-Iris_impostor_120,37,26,4590,4961,0,0,,False,,False,True,
loftr,iris,MMU-Iris_impostor_121,22,14,223,223,223,59,0.2646,False,0.2524,False,True,2.4419
orb,iris,MMU-Iris_impostor_121,22,14,147,114,14,0,,False,,False,True,
sift,iris,MMU-Iris_impostor_121,22,14,38,29,3,0,,False,,False,True,
superglue,iris,MMU-Iris_impostor_121,22,14,101,110,4,4,1.0000,True,0.9165,False,False,0.0000
sgmnet,iris,MMU-Iris_impostor_121,22,14,369,407,37,9,0.2432,False,0.2374,False,True,0.9479
aspanformer,iris,MMU-Iris_impostor_121,22,14,639,639,639,459,0.7183,True,0.7067,False,False,1.8264
deepdetect,iris,MMU-Iris_impostor_121,22,14,4391,5052,2,0,,False,,False,True,
loftr,iris,MMU-Iris_impostor_122,32,9,60,60,60,20,0.3333,False,0.3252,False,True,1.9773
orb,iris,MMU-Iris_impostor_122,32,9,191,129,17,0,,False,,False,True,
sift,iris,MMU-Iris_impostor_122,32,9,62,27,0,0,,False,,False,True,
superglue,iris,MMU-Iris_impostor_122,32,9,96,86,6,0,,False,,False,True,
sgmnet,iris,MMU-Iris_impostor_122,32,9,214,259,21,8,0.3810,False,0.3688,False,True,1.0861
aspanformer,iris,MMU-Iris_impostor_122,32,9,465,465,465,225,0.4839,True,0.4672,False,False,2.2011
deepdetect,iris,MMU-Iris_impostor_122,32,9,4528,4617,0,0,,False,,False,True,
loftr,iris,MMU-Iris_impostor_123,11,7,209,209,209,93,0.4450,False,0.4221,False,True,2.5539
orb,iris,MMU-Iris_impostor_123,11,7,222,76,8,0,,False,,False,True,
sift,iris,MMU-Iris_impostor_123,11,7,63,21,0,0,,False,,False,True,
superglue,iris,MMU-Iris_impostor_123,11,7,90,90,38,17,0.4474,False,0.4248,False,True,2.4982
sgmnet,iris,MMU-Iris_impostor_123,11,7,238,219,30,14,0.4667,True,0.4643,False,False,0.9867
aspanformer,iris,MMU-Iris_impostor_123,11,7,1795,1795,1795,1510,0.8412,True,0.8107,False,False,2.2402
deepdetect,iris,MMU-Iris_impostor_123,11,7,5497,3892,10,0,,False,,False,True,
loftr,iris,MMU-Iris_impostor_124,13,2,161,161,161,48,0.2981,False,0.2767,False,True,2.9937
orb,iris,MMU-Iris_impostor_124,13,2,123,122,10,0,,False,,False,True,
sift,iris,MMU-Iris_impostor_124,13,2,20,23,0,0,,False,,False,True,
superglue,iris,MMU-Iris_impostor_124,13,2,87,102,27,15,0.5556,True,0.5379,False,False,2.0730
sgmnet,iris,MMU-Iris_impostor_124,13,2,212,277,23,9,0.3913,False,0.3820,False,True,0.6538
aspanformer,iris,MMU-Iris_impostor_124,13,2,257,257,257,104,0.4047,False,0.3882,False,True,2.3328
deepdetect,iris,MMU-Iris_impostor_124,13,2,4017,5806,4,4,1.0000,True,1.0000,False,False,0.0000
loftr,iris,MMU-Iris_impostor_125,32,23,196,196,196,68,0.3469,False,0.3330,False,True,2.3173
orb,iris,MMU-Iris_impostor_125,32,23,88,152,3,0,,False,,False,True,
sift,iris,MMU-Iris_impostor_125,32,23,12,25,1,0,,False,,False,True,
superglue,iris,MMU-Iris_impostor_125,32,23,79,84,18,13,0.7222,True,0.7145,False,False,1.5771
sgmnet,iris,MMU-Iris_impostor_125,32,23,214,209,50,18,0.3600,False,0.3566,False,True,1.6641
aspanformer,iris,MMU-Iris_impostor_125,32,23,796,796,796,466,0.5854,True,0.5848,False,False,1.5199
deepdetect,iris,MMU-Iris_impostor_125,32,23,3909,4259,1,0,,False,,False,True,
loftr,iris,MMU-Iris_impostor_126,45,36,49,49,49,14,0.2857,False,0.2766,False,True,2.0501
orb,iris,MMU-Iris_impostor_126,45,36,137,105,1,0,,False,,False,True,
sift,iris,MMU-Iris_impostor_126,45,36,32,19,0,0,,False,,False,True,
superglue,iris,MMU-Iris_impostor_126,45,36,96,76,0,0,,False,,False,True,
sgmnet,iris,MMU-Iris_impostor_126,45,36,380,237,26,9,0.3462,False,0.3379,False,True,1.0044
aspanformer,iris,MMU-Iris_impostor_126,45,36,158,158,158,77,0.4873,True,0.4708,False,False,2.1928
deepdetect,iris,MMU-Iris_impostor_126,45,36,3901,3117,1,0,,False,,False,True,
loftr,iris,MMU-Iris_impostor_127,40,17,191,191,191,77,0.4031,False,0.3930,False,True,2.0087
orb,iris,MMU-Iris_impostor_127,40,17,156,129,9,0,,False,,False,True,
sift,iris,MMU-Iris_impostor_127,40,17,26,30,3,0,,False,,False,True,
superglue,iris,MMU-Iris_impostor_127,40,17,91,90,11,8,0.7273,True,0.6851,False,False,2.0485
sgmnet,iris,MMU-Iris_impostor_127,40,17,241,314,20,0,,False,,False,True,
aspanformer,iris,MMU-Iris_impostor_127,40,17,789,789,789,479,0.6071,True,0.6071,False,False,1.4748
deepdetect,iris,MMU-Iris_impostor_127,40,17,4641,4562,41,39,0.9512,True,0.9512,False,False,0.5412
loftr,iris,MMU-Iris_impostor_128,2,12,230,230,230,79,0.3435,False,0.3262,False,True,2.5343
orb,iris,MMU-Iris_impostor_128,2,12,125,132,7,0,,False,,False,True,
sift,iris,MMU-Iris_impostor_128,2,12,18,40,1,0,,False,,False,True,
superglue,iris,MMU-Iris_impostor_128,2,12,98,98,0,0,,False,,False,True,
sgmnet,iris,MMU-Iris_impostor_128,2,12,427,295,23,8,0.3478,False,0.3368,False,True,0.8261
aspanformer,iris,MMU-Iris_impostor_128,2,12,932,932,932,621,0.6663,True,0.6453,False,False,2.1408
deepdetect,iris,MMU-Iris_impostor_128,2,12,4563,5009,4,0,,False,,False,True,
loftr,iris,MMU-Iris_impostor_129,14,36,215,215,215,76,0.3535,False,0.3440,False,True,2.0416
orb,iris,MMU-Iris_impostor_129,14,36,92,71,10,5,0.5000,True,0.4661,False,False,0.7003
sift,iris,MMU-Iris_impostor_129,14,36,26,23,5,4,0.8000,True,0.7332,False,False,0.0000
superglue,iris,MMU-Iris_impostor_129,14,36,109,99,6,6,1.0000,True,0.9462,False,False,0.7923
sgmnet,iris,MMU-Iris_impostor_129,14,36,323,259,29,9,0.3103,False,0.3029,False,True,0.8953
aspanformer,iris,MMU-Iris_impostor_129,14,36,967,967,967,604,0.6246,True,0.6246,False,False,1.3448
deepdetect,iris,MMU-Iris_impostor_129,14,36,4852,4415,9,8,0.8889,True,0.8889,False,False,0.2057
loftr,iris,MMU-Iris_impostor_130,42,36,239,239,239,103,0.4310,False,0.4194,False,True,2.0416
orb,iris,MMU-Iris_impostor_130,42,36,89,111,10,0,,False,,False,True,
sift,iris,MMU-Iris_impostor_130,42,36,18,17,1,0,,False,,False,True,
superglue,iris,MMU-Iris_impostor_130,42,36,91,88,19,12,0.6316,True,0.6027,False,False,2.2467
sgmnet,iris,MMU-Iris_impostor_130,42,36,305,219,27,11,0.4074,True,0.4021,False,False,1.3513
aspanformer,iris,MMU-Iris_impostor_130,42,36,1190,1190,1190,655,0.5504,True,0.5398,False,False,1.8908
deepdetect,iris,MMU-Iris_impostor_130,42,36,4644,3801,2,0,,False,,False,True,
loftr,iris,MMU-Iris_impostor_131,5,9,136,136,136,58,0.4265,False,0.4143,False,True,2.0806
orb,iris,MMU-Iris_impostor_131,5,9,211,144,11,0,,False,,False,True,
sift,iris,MMU-Iris_impostor_131,5,9,51,22,5,0,,False,,False,True,
superglue,iris,MMU-Iris_impostor_131,5,9,107,92,47,23,0.4894,True,0.4727,False,False,2.1857
sgmnet,iris,MMU-Iris_impostor_131,5,9,269,243,19,6,0.3158,False,0.2988,False,True,0.2239
aspanformer,iris,MMU-Iris_impostor_131,5,9,1141,1141,1141,636,0.5574,True,0.5345,False,False,2.3398
deepdetect,iris,MMU-Iris_impostor_131,5,9,5907,4684,6,6,1.0000,True,1.0000,False,False,0.2915
loftr,iris,MMU-Iris_impostor_132,38,27,155,155,155,63,0.4065,False,0.3884,False,True,2.4073
orb,iris,MMU-Iris_impostor_132,38,27,84,59,3,0,,False,,False,True,
sift,iris,MMU-Iris_impostor_132,38,27,10,15,1,0,,False,,False,True,
superglue,iris,MMU-Iris_impostor_132,38,27,94,84,19,10,0.5263,True,0.5118,False,False,1.7028
sgmnet,iris,MMU-Iris_impostor_132,38,27,301,229,36,11,0.3056,False,0.3016,False,True,1.1172
aspanformer,iris,MMU-Iris_impostor_132,38,27,1094,1094,1094,535,0.4890,True,0.4683,False,False,2.3648
deepdetect,iris,MMU-Iris_impostor_132,38,27,4519,3518,22,20,0.9091,True,0.9091,False,False,0.3405
loftr,iris,MMU-Iris_impostor_133,43,9,55,55,55,19,0.3455,False,0.3348,False,True,2.1056
orb,iris,MMU-Iris_impostor_133,43,9,58,160,2,0,,False,,False,True,
sift,iris,MMU-Iris_impostor_133,43,9,15,30,0,0,,False,,False,True,
superglue,iris,MMU-Iris_impostor_133,43,9,54,86,0,0,,False,,False,True,
sgmnet,iris,MMU-Iris_impostor_133,43,9,143,252,16,0,,False,,False,True,
aspanformer,iris,MMU-Iris_impostor_133,43,9,292,292,292,143,0.4897,True,0.4797,False,False,1.9138
deepdetect,iris,MMU-Iris_impostor_133,43,9,3118,4592,2,0,,False,,False,True,
loftr,iris,MMU-Iris_impostor_134,1,29,253,253,253,111,0.4387,False,0.4387,False,True,1.4477
orb,iris,MMU-Iris_impostor_134,1,29,37,160,0,0,,False,,False,True,
sift,iris,MMU-Iris_impostor_134,1,29,4,27,1,0,,False,,False,True,
superglue,iris,MMU-Iris_impostor_134,1,29,78,94,33,17,0.5152,True,0.5124,False,False,1.5703
sgmnet,iris,MMU-Iris_impostor_134,1,29,209,345,16,0,,False,,False,True,
aspanformer,iris,MMU-Iris_impostor_134,1,29,1588,1588,1588,1270,0.7997,True,0.7784,False,False,2.0415
deepdetect,iris,MMU-Iris_impostor_134,1,29,3776,4710,1,0,,False,,False,True,
loftr,iris,MMU-Iris_impostor_135,46,6,262,262,262,114,0.4351,False,0.4239,False,True,2.0206
orb,iris,MMU-Iris_impostor_135,46,6,134,89,3,0,,False,,False,True,
sift,iris,MMU-Iris_impostor_135,46,6,30,23,8,0,,False,,False,True,
superglue,iris,MMU-Iris_impostor_135,46,6,96,89,47,18,0.3830,False,0.3592,False,True,2.7555
sgmnet,iris,MMU-Iris_impostor_135,46,6,271,221,17,0,,False,,False,True,
aspanformer,iris,MMU-Iris_impostor_135,46,6,1429,1429,1429,845,0.5913,True,0.5731,False,False,2.1252
deepdetect,iris,MMU-Iris_impostor_135,46,6,4477,4102,7,0,,False,,False,True,
loftr,iris,MMU-Iris_impostor_136,13,7,215,215,215,94,0.4372,False,0.4134,False,True,2.6184
orb,iris,MMU-Iris_impostor_136,13,7,90,66,8,0,,False,,False,True,
sift,iris,MMU-Iris_impostor_136,13,7,25,14,3,0,,False,,False,True,
superglue,iris,MMU-Iris_impostor_136,13,7,91,84,34,17,0.5000,True,0.4856,False,False,2.0491
sgmnet,iris,MMU-Iris_impostor_136,13,7,231,259,37,11,0.2973,False,0.2934,False,True,1.3697
aspanformer,iris,MMU-Iris_impostor_136,13,7,1009,1009,1009,776,0.7691,True,0.7424,False,False,2.2048
deepdetect,iris,MMU-Iris_impostor_136,13,7,4353,4028,0,0,,False,,False,True,
loftr,iris,MMU-Iris_impostor_137,2,43,57,57,57,17,0.2982,False,0.2829,False,True,2.5194
orb,iris,MMU-Iris_impostor_137,2,43,123,102,6,0,,False,,False,True,
sift,iris,MMU-Iris_impostor_137,2,43,39,15,4,0,,False,,False,True,
superglue,iris,MMU-Iris_impostor_137,2,43,107,74,6,5,0.8333,True,0.7768,False,False,0.9972
sgmnet,iris,MMU-Iris_impostor_137,2,43,256,206,24,8,0.3333,False,0.3227,False,True,0.6740
aspanformer,iris,MMU-Iris_impostor_137,2,43,120,120,120,52,0.4333,True,0.4297,False,False,1.6707
deepdetect,iris,MMU-Iris_impostor_137,2,43,6185,3684,12,12,1.0000,True,1.0000,False,False,0.5273
loftr,iris,MMU-Iris_impostor_138,28,12,180,180,180,78,0.4333,False,0.4161,False,True,2.3106
orb,iris,MMU-Iris_impostor_138,28,12,124,41,10,0,,False,,False,True,
sift,iris,MMU-Iris_impostor_138,28,12,35,12,2,0,,False,,False,True,
superglue,iris,MMU-Iris_impostor_138,28,12,91,86,10,8,0.8000,True,0.7740,False,False,1.5145
sgmnet,iris,MMU-Iris_impostor_138,28,12,225,252,27,8,0.2963,False,0.2869,False,True,0.9764
aspanformer,iris,MMU-Iris_impostor_138,28,12,1681,1681,1681,1208,0.7186,True,0.7009,False,False,1.9995
deepdetect,iris,MMU-Iris_impostor_138,28,12,4022,3963,1,0,,False,,False,True,
loftr,iris,MMU-Iris_impostor_139,22,21,117,117,117,33,0.2821,False,0.2701,False,True,2.3684
orb,iris,MMU-Iris_impostor_139,22,21,147,107,4,0,,False,,False,True,
sift,iris,MMU-Iris_impostor_139,22,21,38,21,5,0,,False,,False,True,
superglue,iris,MMU-Iris_impostor_139,22,21,101,89,0,0,,False,,False,True,
sgmnet,iris,MMU-Iris_impostor_139,22,21,369,223,23,7,0.3043,False,0.2916,False,True,0.8615
aspanformer,iris,MMU-Iris_impostor_139,22,21,1516,1516,1516,1376,0.9077,True,0.9077,False,False,1.0864
deepdetect,iris,MMU-Iris_impostor_139,22,21,4391,4117,0,0,,False,,False,True,
loftr,iris,MMU-Iris_impostor_140,19,41,119,119,119,36,0.3025,False,0.2906,False,True,2.3014
orb,iris,MMU-Iris_impostor_140,19,41,132,90,4,0,,False,,False,True,
sift,iris,MMU-Iris_impostor_140,19,41,20,24,0,0,,False,,False,True,
superglue,iris,MMU-Iris_impostor_140,19,41,84,87,1,0,,False,,False,True,
sgmnet,iris,MMU-Iris_impostor_140,19,41,201,295,25,9,0.3600,False,0.3514,False,True,0.3486
aspanformer,iris,MMU-Iris_impostor_140,19,41,834,834,834,496,0.5947,True,0.5646,False,False,2.5409
deepdetect,iris,MMU-Iris_impostor_140,19,41,4339,4347,3,0,,False,,False,True,
loftr,iris,MMU-Iris_impostor_141,22,2,127,127,127,36,0.2835,False,0.2731,False,True,2.2449
orb,iris,MMU-Iris_impostor_141,22,2,139,122,8,0,,False,,False,True,
sift,iris,MMU-Iris_impostor_141,22,2,23,23,1,0,,False,,False,True,
superglue,iris,MMU-Iris_impostor_141,22,2,112,102,1,0,,False,,False,True,
sgmnet,iris,MMU-Iris_impostor_141,22,2,360,277,16,6,0.3750,False,0.3548,False,True,0.4571
aspanformer,iris,MMU-Iris_impostor_141,22,2,108,108,108,44,0.4074,False,0.3972,False,True,2.0088
deepdetect,iris,MMU-Iris_impostor_141,22,2,4532,5806,2,0,,False,,False,True,
loftr,iris,MMU-Iris_impostor_142,13,7,176,176,176,58,0.3295,False,0.3152,False,True,2.3908
orb,iris,MMU-Iris_impostor_142,13,7,121,87,11,0,,False,,False,True,
sift,iris,MMU-Iris_impostor_142,13,7,19,19,1,0,,False,,False,True,
superglue,iris,MMU-Iris_impostor_142,13,7,78,92,46,20,0.4348,False,0.4113,False,True,2.5974
sgmnet,iris,MMU-Iris_impostor_142,13,7,225,260,49,9,0.1837,False,0.1793,False,True,1.2105
aspanformer,iris,MMU-Iris_impostor_142,13,7,870,870,870,480,0.5517,True,0.5318,False,False,2.2345
deepdetect,iris,MMU-Iris_impostor_142,13,7,3976,4272,1,0,,False,,False,True,
loftr,iris,MMU-Iris_impostor_143,35,11,158,158,158,51,0.3228,False,0.3076,False,True,2.4625
orb,iris,MMU-Iris_impostor_143,35,11,140,96,3,0,,False,,False,True,
sift,iris,MMU-Iris_impostor_143,35,11,13,22,0,0,,False,,False,True,
superglue,iris,MMU-Iris_impostor_143,35,11,90,88,0,0,,False,,False,True,
sgmnet,iris,MMU-Iris_impostor_143,35,11,279,330,38,10,0.2632,False,0.2585,False,True,1.0176
aspanformer,iris,MMU-Iris_impostor_143,35,11,1515,1515,1515,1291,0.8521,True,0.8288,False,False,2.0552
deepdetect,iris,MMU-Iris_impostor_143,35,11,3519,4391,0,0,,False,,False,True,
loftr,iris,MMU-Iris_impostor_144,33,11,204,204,204,71,0.3480,False,0.3377,False,True,2.1048
orb,iris,MMU-Iris_impostor_144,33,11,158,190,5,0,,False,,False,True,
sift,iris,MMU-Iris_impostor_144,33,11,27,43,3,0,,False,,False,True,
superglue,iris,MMU-Iris_impostor_144,33,11,114,96,9,7,0.7778,True,0.7453,False,False,0.9037
sgmnet,iris,MMU-Iris_impostor_144,33,11,226,281,33,10,0.3030,False,0.2977,False,True,0.7740
aspanformer,iris,MMU-Iris_impostor_144,33,11,1395,1395,1395,916,0.6566,True,0.6401,False,False,2.0099
deepdetect,iris,MMU-Iris_impostor_144,33,11,5228,6165,3,0,,False,,False,True,
loftr,iris,MMU-Iris_impostor_145,28,23,325,325,325,208,0.6400,True,0.6234,False,False,2.0242
orb,iris,MMU-Iris_impostor_145,28,23,61,109,3,0,,False,,False,True,
sift,iris,MMU-Iris_impostor_145,28,23,21,41,3,0,,False,,False,True,
superglue,iris,MMU-Iris_impostor_145,28,23,79,95,47,28,0.5957,True,0.5704,False,False,2.3694
sgmnet,iris,MMU-Iris_impostor_145,28,23,246,219,72,19,0.2639,False,0.2636,False,True,1.4323
aspanformer,iris,MMU-Iris_impostor_145,28,23,1957,1957,1957,1451,0.7414,True,0.7402,False,False,1.5341
deepdetect,iris,MMU-Iris_impostor_145,28,23,3585,4523,2,0,,False,,False,True,
loftr,iris,MMU-Iris_impostor_146,25,18,109,109,109,34,0.3119,False,0.2968,False,True,2.4918
orb,iris,MMU-Iris_impostor_146,25,18,43,81,3,0,,False,,False,True,
sift,iris,MMU-Iris_impostor_146,25,18,15,28,1,0,,False,,False,True,
superglue,iris,MMU-Iris_impostor_146,25,18,83,86,0,0,,False,,False,True,
sgmnet,iris,MMU-Iris_impostor_146,25,18,219,286,26,9,0.3462,False,0.3379,False,True,1.1773
aspanformer,iris,MMU-Iris_impostor_146,25,18,369,369,369,196,0.5312,True,0.5230,False,False,1.8085
deepdetect,iris,MMU-Iris_impostor_146,25,18,4080,3844,3,0,,False,,False,True,
loftr,iris,MMU-Iris_impostor_147,13,23,227,227,227,80,0.3524,False,0.3305,False,True,2.7840
orb,iris,MMU-Iris_impostor_147,13,23,157,76,8,0,,False,,False,True,
sift,iris,MMU-Iris_impostor_147,13,23,45,30,1,0,,False,,False,True,
superglue,iris,MMU-Iris_impostor_147,13,23,102,81,34,16,0.4706,True,0.4568,False,False,2.0445
sgmnet,iris,MMU-Iris_impostor_147,13,23,267,225,42,12,0.2857,False,0.2830,False,True,0.6412
aspanformer,iris,MMU-Iris_impostor_147,13,23,1167,1167,1167,778,0.6667,True,0.6367,False,False,2.4196
deepdetect,iris,MMU-Iris_impostor_147,13,23,4481,4437,14,14,1.0000,True,1.0000,False,False,1.4939
loftr,iris,MMU-Iris_impostor_148,21,40,325,325,325,168,0.5169,True,0.5169,False,False,1.3662
orb,iris,MMU-Iris_impostor_148,21,40,66,165,1,0,,False,,False,True,
sift,iris,MMU-Iris_impostor_148,21,40,22,34,2,0,,False,,False,True,
superglue,iris,MMU-Iris_impostor_148,21,40,83,93,18,13,0.7222,True,0.7050,False,False,1.8454
sgmnet,iris,MMU-Iris_impostor_148,21,40,188,249,37,12,0.3243,False,0.3212,False,True,0.9402
aspanformer,iris,MMU-Iris_impostor_148,21,40,1689,1689,1689,1205,0.7134,True,0.6870,False,False,2.2565
deepdetect,iris,MMU-Iris_impostor_148,21,40,3859,4432,5,5,1.0000,True,1.0000,False,False,0.0497
loftr,iris,MMU-Iris_impostor_149,34,9,49,49,49,23,0.4694,True,0.4530,False,False,2.2036
orb,iris,MMU-Iris_impostor_149,34,9,63,90,4,0,,False,,False,True,
sift,iris,MMU-Iris_impostor_149,34,9,8,22,0,0,,False,,False,True,
superglue,iris,MMU-Iris_impostor_149,34,9,80,98,9,8,0.8889,True,0.8606,False,False,1.4555
sgmnet,iris,MMU-Iris_impostor_149,34,9,206,224,49,11,0.2245,False,0.2216,False,True,0.9511
aspanformer,iris,MMU-Iris_impostor_149,34,9,906,906,906,513,0.5662,True,0.5584,False,False,1.7778
deepdetect,iris,MMU-Iris_impostor_149,34,9,3545,4031,1,0,,False,,False,True,
loftr,iris,MMU-Iris_impostor_150,28,45,174,174,174,41,0.2356,False,0.2188,False,True,2.9862
orb,iris,MMU-Iris_impostor_150,28,45,128,145,3,0,,False,,False,True,
sift,iris,MMU-Iris_impostor_150,28,45,25,26,2,0,,False,,False,True,
superglue,iris,MMU-Iris_impostor_150,28,45,93,101,1,0,,False,,False,True,
sgmnet,iris,MMU-Iris_impostor_150,28,45,232,385,25,8,0.3200,False,0.3098,False,True,0.5867
aspanformer,iris,MMU-Iris_impostor_150,28,45,369,369,369,168,0.4553,True,0.4278,False,False,2.7443
deepdetect,iris,MMU-Iris_impostor_150,28,45,4326,4405,0,0,,False,,False,True,
loftr,iris,MMU-Iris_impostor_151,23,6,236,236,236,82,0.3475,False,0.3328,False,True,2.3650
orb,iris,MMU-Iris_impostor_151,23,6,128,29,2,0,,False,,False,True,
sift,iris,MMU-Iris_impostor_151,23,6,35,7,2,0,,False,,False,True,
superglue,iris,MMU-Iris_impostor_151,23,6,87,86,53,22,0.4151,False,0.3994,False,True,2.2642
sgmnet,iris,MMU-Iris_impostor_151,23,6,192,219,37,11,0.2973,False,0.2934,False,True,0.9195
aspanformer,iris,MMU-Iris_impostor_151,23,6,1228,1228,1228,706,0.5749,True,0.5694,False,False,1.6912
deepdetect,iris,MMU-Iris_impostor_151,23,6,3872,4085,4,0,,False,,False,True,
loftr,iris,MMU-Iris_impostor_152,12,32,130,130,130,38,0.2923,False,0.2764,False,True,2.6197
orb,iris,MMU-Iris_impostor_152,12,32,105,191,6,0,,False,,False,True,
sift,iris,MMU-Iris_impostor_152,12,32,41,62,2,0,,False,,False,True,
superglue,iris,MMU-Iris_impostor_152,12,32,112,96,0,0,,False,,False,True,
sgmnet,iris,MMU-Iris_impostor_152,12,32,371,214,8,6,0.7500,True,0.7097,False,False,0.4419
aspanformer,iris,MMU-Iris_impostor_152,12,32,600,600,600,337,0.5617,True,0.5433,False,False,2.1636
deepdetect,iris,MMU-Iris_impostor_152,12,32,5175,4528,14,14,1.0000,True,1.0000,False,False,0.2929
loftr,iris,MMU-Iris_impostor_153,39,22,245,245,245,81,0.3306,False,0.3127,False,True,2.6167
orb,iris,MMU-Iris_impostor_153,39,22,124,107,14,0,,False,,False,True,
sift,iris,MMU-Iris_impostor_153,39,22,36,17,4,0,,False,,False,True,
superglue,iris,MMU-Iris_impostor_153,39,22,101,102,19,10,0.5263,True,0.5048,False,False,1.9782
sgmnet,iris,MMU-Iris_impostor_153,39,22,301,322,49,15,0.3061,False,0.3050,False,True,1.2221
aspanformer,iris,MMU-Iris_impostor_153,39,22,814,814,814,621,0.7629,True,0.7587,False,False,1.6097
deepdetect,iris,MMU-Iris_impostor_153,39,22,4858,4601,7,7,1.0000,True,1.0000,False,False,0.1409
loftr,iris,MMU-Iris_impostor_154,1,18,240,240,240,89,0.3708,False,0.3630,False,True,1.9284
orb,iris,MMU-Iris_impostor_154,1,18,55,88,5,0,,False,,False,True,
sift,iris,MMU-Iris_impostor_154,1,18,14,32,0,0,,False,,False,True,
superglue,iris,MMU-Iris_impostor_154,1,18,76,90,47,20,0.4255,False,0.4043,False,True,2.5095
sgmnet,iris,MMU-Iris_impostor_154,1,18,278,283,36,14,0.3889,False,0.3870,False,True,0.9054
aspanformer,iris,MMU-Iris_impostor_154,1,18,1717,1717,1717,1164,0.6779,True,0.6723,False,False,1.6658
deepdetect,iris,MMU-Iris_impostor_154,1,18,3839,4055,11,11,1.0000,True,1.0000,False,False,1.2035
loftr,iris,MMU-Iris_impostor_155,28,7,149,149,149,58,0.3893,False,0.3711,False,True,2.4548
orb,iris,MMU-Iris_impostor_155,28,7,61,63,2,0,,False,,False,True,
sift,iris,MMU-Iris_impostor_155,28,7,21,13,1,0,,False,,False,True,
superglue,iris,MMU-Iris_impostor_155,28,7,79,86,48,22,0.4583,False,0.4420,False,True,2.2191
sgmnet,iris,MMU-Iris_impostor_155,28,7,246,265,31,8,0.2581,False,0.2499,False,True,0.8642
aspanformer,iris,MMU-Iris_impostor_155,28,7,1364,1364,1364,891,0.6532,True,0.6223,False,False,2.4710
deepdetect,iris,MMU-Iris_impostor_155,28,7,3585,4532,0,0,,False,,False,True,
loftr,iris,MMU-Iris_impostor_156,16,37,171,171,171,48,0.2807,False,0.2691,False,True,2.3422
orb,iris,MMU-Iris_impostor_156,16,37,68,23,3,0,,False,,False,True,
sift,iris,MMU-Iris_impostor_156,16,37,26,13,2,0,,False,,False,True,
superglue,iris,MMU-Iris_impostor_156,16,37,87,84,5,0,,False,,False,True,
sgmnet,iris,MMU-Iris_impostor_156,16,37,172,325,12,0,,False,,False,True,
aspanformer,iris,MMU-Iris_impostor_156,16,37,877,877,877,443,0.5051,True,0.4821,False,False,2.4320
deepdetect,iris,MMU-Iris_impostor_156,16,37,4275,4358,0,0,,False,,False,True,
loftr,iris,MMU-Iris_impostor_157,14,18,216,216,216,61,0.2824,False,0.2650,False,True,2.7730
orb,iris,MMU-Iris_impostor_157,14,18,127,76,7,0,,False,,False,True,
sift,iris,MMU-Iris_impostor_157,14,18,18,19,0,0,,False,,False,True,
superglue,iris,MMU-Iris_impostor_157,14,18,99,82,2,0,,False,,False,True,
sgmnet,iris,MMU-Iris_impostor_157,14,18,371,221,30,10,0.3333,False,0.3274,False,True,1.2980
aspanformer,iris,MMU-Iris_impostor_157,14,18,903,903,903,565,0.6257,True,0.6080,False,False,2.0737
deepdetect,iris,MMU-Iris_impostor_157,14,18,4843,3879,32,27,0.8438,True,0.8438,False,False,0.6653
loftr,iris,MMU-Iris_impostor_158,45,2,106,106,106,33,0.3113,False,0.2989,False,True,2.3114
orb,iris,MMU-Iris_impostor_158,45,2,145,123,7,0,,False,,False,True,
sift,iris,MMU-Iris_impostor_158,45,2,26,39,0,0,,False,,False,True,
superglue,iris,MMU-Iris_impostor_158,45,2,101,107,14,9,0.6429,True,0.6275,False,False,1.4797
sgmnet,iris,MMU-Iris_impostor_158,45,2,385,256,13,6,0.4615,True,0.4367,False,False,1.1480
aspanformer,iris,MMU-Iris_impostor_158,45,2,1246,1246,1246,799,0.6413,True,0.6296,False,False,1.8677
deepdetect,iris,MMU-Iris_impostor_158,45,2,4405,6185,2,0,,False,,False,True,
loftr,iris,MMU-Iris_impostor_159,11,7,231,231,231,85,0.3680,False,0.3568,False,True,2.1175
orb,iris,MMU-Iris_impostor_159,11,7,218,129,8,0,,False,,False,True,
sift,iris,MMU-Iris_impostor_159,11,7,51,23,2,0,,False,,False,True,
superglue,iris,MMU-Iris_impostor_159,11,7,101,101,56,25,0.4464,False,0.4291,False,True,2.2879
sgmnet,iris,MMU-Iris_impostor_159,11,7,241,253,33,10,0.3030,False,0.2977,False,True,1.2235
aspanformer,iris,MMU-Iris_impostor_159,11,7,1175,1175,1175,830,0.7064,True,0.6753,False,False,2.3992
deepdetect,iris,MMU-Iris_impostor_159,11,7,5733,4640,12,10,0.8333,True,0.8333,False,False,0.7534
loftr,iris,MMU-Iris_impostor_160,28,3,313,313,313,137,0.4377,False,0.4270,False,True,1.9971
orb,iris,MMU-Iris_impostor_160,28,3,61,48,7,0,,False,,False,True,
sift,iris,MMU-Iris_impostor_160,28,3,21,12,2,0,,False,,False,True,
superglue,iris,MMU-Iris_impostor_160,28,3,79,72,21,14,0.6667,True,0.6556,False,False,1.7360
sgmnet,iris,MMU-Iris_impostor_160,28,3,246,196,43,11,0.2558,False,0.2525,False,True,1.2289
aspanformer,iris,MMU-Iris_impostor_160,28,3,1733,1733,1733,1331,0.7680,True,0.7465,False,False,2.0686
deepdetect,iris,MMU-Iris_impostor_160,28,3,3585,3070,4,0,,False,,False,True,
loftr,iris,MMU-Iris_impostor_161,24,21,189,189,189,92,0.4868,True,0.4734,False,False,2.0591
orb,iris,MMU-Iris_impostor_161,24,21,69,51,4,0,,False,,False,True,
sift,iris,MMU-Iris_impostor_161,24,21,25,21,1,0,,False,,False,True,
superglue,iris,MMU-Iris_impostor_161,24,21,89,83,10,0,,False,,False,True,
sgmnet,iris,MMU-Iris_impostor_161,24,21,327,230,15,0,,False,,False,True,
aspanformer,iris,MMU-Iris_impostor_161,24,21,1429,1429,1429,917,0.6417,True,0.6313,False,False,1.8284
deepdetect,iris,MMU-Iris_impostor_161,24,21,4270,4148,14,0,,False,,False,True,
loftr,iris,MMU-Iris_impostor_162,14,34,205,205,205,82,0.4000,False,0.3817,False,True,2.4363
orb,iris,MMU-Iris_impostor_162,14,34,119,88,3,0,,False,,False,True,
sift,iris,MMU-Iris_impostor_162,14,34,40,29,1,0,,False,,False,True,
superglue,iris,MMU-Iris_impostor_162,14,34,107,80,39,23,0.5897,True,0.5728,False,False,2.0792
sgmnet,iris,MMU-Iris_impostor_162,14,34,394,193,21,9,0.4286,True,0.4184,False,False,1.0111
aspanformer,iris,MMU-Iris_impostor_162,14,34,1129,1129,1129,639,0.5660,True,0.5558,False,False,1.8620
deepdetect,iris,MMU-Iris_impostor_162,14,34,4691,4157,3,0,,False,,False,True,
loftr,iris,MMU-Iris_impostor_163,38,39,115,115,115,35,0.3043,False,0.2919,False,True,2.3354
orb,iris,MMU-Iris_impostor_163,38,39,82,172,2,0,,False,,False,True,
sift,iris,MMU-Iris_impostor_163,38,39,22,30,1,0,,False,,False,True,
superglue,iris,MMU-Iris_impostor_163,38,39,94,104,43,21,0.4884,True,0.4640,False,False,2.5127
sgmnet,iris,MMU-Iris_impostor_163,38,39,211,246,50,12,0.2400,False,0.2377,False,True,1.2853
aspanformer,iris,MMU-Iris_impostor_163,38,39,606,606,606,387,0.6386,True,0.6386,False,False,1.3339
deepdetect,iris,MMU-Iris_impostor_163,38,39,4632,4792,2,0,,False,,False,True,
loftr,iris,MMU-Iris_impostor_164,1,21,246,246,246,90,0.3659,False,0.3521,False,True,2.2640
orb,iris,MMU-Iris_impostor_164,1,21,63,122,2,0,,False,,False,True,
sift,iris,MMU-Iris_impostor_164,1,21,21,40,1,0,,False,,False,True,
superglue,iris,MMU-Iris_impostor_164,1,21,98,94,21,12,0.5714,True,0.5615,False,False,1.6607
sgmnet,iris,MMU-Iris_impostor_164,1,21,369,273,19,8,0.4211,True,0.4077,False,False,1.1093
aspanformer,iris,MMU-Iris_impostor_164,1,21,1355,1355,1355,720,0.5314,True,0.5138,False,False,2.1737
deepdetect,iris,MMU-Iris_impostor_164,1,21,5017,4443,5,4,0.8000,True,0.8000,False,False,0.0000
loftr,iris,MMU-Iris_impostor_165,17,20,71,71,71,22,0.3099,False,0.2920,False,True,2.6820
orb,iris,MMU-Iris_impostor_165,17,20,107,24,2,0,,False,,False,True,
sift,iris,MMU-Iris_impostor_165,17,20,18,1,0,0,,False,,False,True,
superglue,iris,MMU-Iris_impostor_165,17,20,85,78,0,0,,False,,False,True,
sgmnet,iris,MMU-Iris_impostor_165,17,20,293,185,28,10,0.3571,False,0.3508,False,True,1.1989
aspanformer,iris,MMU-Iris_impostor_165,17,20,137,137,137,86,0.6277,True,0.6124,False,False,1.9940
deepdetect,iris,MMU-Iris_impostor_165,17,20,4156,3356,0,0,,False,,False,True,
loftr,iris,MMU-Iris_impostor_166,19,34,255,255,255,98,0.3843,False,0.3843,False,True,0.4630
orb,iris,MMU-Iris_impostor_166,19,34,93,77,6,0,,False,,False,True,
sift,iris,MMU-Iris_impostor_166,19,34,16,19,3,0,,False,,False,True,
superglue,iris,MMU-Iris_impostor_166,19,34,82,86,10,8,0.8000,True,0.7682,False,False,1.6654
sgmnet,iris,MMU-Iris_impostor_166,19,34,205,214,84,16,0.1905,False,0.1900,False,True,1.1725
aspanformer,iris,MMU-Iris_impostor_166,19,34,1349,1349,1349,918,0.6805,True,0.6805,False,False,1.2944
deepdetect,iris,MMU-Iris_impostor_166,19,34,4052,4025,1,0,,False,,False,True,
loftr,iris,MMU-Iris_impostor_167,1,41,141,141,141,53,0.3759,False,0.3629,False,True,2.2020
orb,iris,MMU-Iris_impostor_167,1,41,78,59,3,0,,False,,False,True,
sift,iris,MMU-Iris_impostor_167,1,41,9,24,1,0,,False,,False,True,
superglue,iris,MMU-Iris_impostor_167,1,41,74,82,2,0,,False,,False,True,
sgmnet,iris,MMU-Iris_impostor_167,1,41,213,322,31,7,0.2258,False,0.2164,False,True,0.7450
aspanformer,iris,MMU-Iris_impostor_167,1,41,751,751,751,440,0.5859,True,0.5552,False,False,2.5742
deepdetect,iris,MMU-Iris_impostor_167,1,41,3561,4196,6,6,1.0000,True,1.0000,False,False,0.0742
loftr,iris,MMU-Iris_impostor_168,42,37,278,278,278,88,0.3165,False,0.3040,False,True,2.3073
orb,iris,MMU-Iris_impostor_168,42,37,83,13,4,0,,False,,False,True,
sift,iris,MMU-Iris_impostor_168,42,37,14,3,1,0,,False,,False,True,
superglue,iris,MMU-Iris_impostor_168,42,37,87,82,8,8,1.0000,True,0.9682,False,False,1.0253
sgmnet,iris,MMU-Iris_impostor_168,42,37,258,295,36,9,0.2500,False,0.2440,False,True,1.3203
aspanformer,iris,MMU-Iris_impostor_168,42,37,634,634,634,351,0.5536,True,0.5291,False,False,2.4051
deepdetect,iris,MMU-Iris_impostor_168,42,37,3209,4693,3,0,,False,,False,True,
loftr,iris,MMU-Iris_impostor_169,33,11,202,202,202,84,0.4158,False,0.3925,False,True,2.6563
orb,iris,MMU-Iris_impostor_169,33,11,94,227,6,0,,False,,False,True,
sift,iris,MMU-Iris_impostor_169,33,11,20,46,2,0,,False,,False,True,
superglue,iris,MMU-Iris_impostor_169,33,11,97,93,26,18,0.6923,True,0.6699,False,False,2.1316
sgmnet,iris,MMU-Iris_impostor_169,33,11,234,213,39,13,0.3333,False,0.3310,False,True,1.3694
aspanformer,iris,MMU-Iris_impostor_169,33,11,1309,1309,1309,853,0.6516,True,0.6297,False,False,2.1856
deepdetect,iris,MMU-Iris_impostor_169,33,11,5051,5398,4,0,,False,,False,True,
loftr,iris,MMU-Iris_impostor_170,13,36,82,82,82,31,0.3780,False,0.3634,False,True,2.2880
orb,iris,MMU-Iris_impostor_170,13,36,157,108,8,0,,False,,False,True,
sift,iris,MMU-Iris_impostor_170,13,36,45,17,5,0,,False,,False,True,
superglue,iris,MMU-Iris_impostor_170,13,36,102,50,14,8,0.5714,True,0.5533,False,False,1.4772
sgmnet,iris,MMU-Iris_impostor_170,13,36,267,171,6,0,,False,,False,True,
aspanformer,iris,MMU-Iris_impostor_170,13,36,462,462,462,231,0.5000,True,0.4876,False,False,2.0026
deepdetect,iris,MMU-Iris_impostor_170,13,36,4481,3323,10,10,1.0000,True,1.0000,False,False,0.5970
loftr,iris,MMU-Iris_impostor_171,3,27,164,164,164,49,0.2988,False,0.2862,False,True,2.3618
orb,iris,MMU-Iris_impostor_171,3,27,88,26,3,0,,False,,False,True,
sift,iris,MMU-Iris_impostor_171,3,27,20,14,1,0,,False,,False,True,
superglue,iris,MMU-Iris_impostor_171,3,27,92,75,25,16,0.6400,True,0.6124,False,False,2.3309
sgmnet,iris,MMU-Iris_impostor_171,3,27,260,206,20,8,0.4000,False,0.3873,False,True,1.3252
aspanformer,iris,MMU-Iris_impostor_171,3,27,1358,1358,1358,921,0.6782,True,0.6572,False,False,2.1303
deepdetect,iris,MMU-Iris_impostor_171,3,27,4610,3934,10,10,1.0000,True,1.0000,False,False,0.2729
loftr,iris,MMU-Iris_impostor_172,28,7,288,288,288,155,0.5382,True,0.5232,False,False,2.0669
orb,iris,MMU-Iris_impostor_172,28,7,38,65,6,0,,False,,False,True,
sift,iris,MMU-Iris_impostor_172,28,7,18,16,4,0,,False,,False,True,
superglue,iris,MMU-Iris_impostor_172,28,7,78,79,44,24,0.5455,True,0.5276,False,False,2.1627
sgmnet,iris,MMU-Iris_impostor_172,28,7,257,240,81,25,0.3086,False,0.3076,False,True,1.5668
aspanformer,iris,MMU-Iris_impostor_172,28,7,1893,1893,1893,1514,0.7998,True,0.7998,False,False,1.2781
deepdetect,iris,MMU-Iris_impostor_172,28,7,3723,3526,6,0,,False,,False,True,
loftr,iris,MMU-Iris_impostor_173,24,6,150,150,150,50,0.3333,False,0.3196,False,True,2.3401
orb,iris,MMU-Iris_impostor_173,24,6,69,88,8,6,0.7500,True,0.7097,False,False,1.2911
sift,iris,MMU-Iris_impostor_173,24,6,25,17,3,0,,False,,False,True,
superglue,iris,MMU-Iris_impostor_173,24,6,89,90,6,6,1.0000,True,0.9462,False,False,1.2130
sgmnet,iris,MMU-Iris_impostor_173,24,6,327,169,17,10,0.5882,True,0.5778,False,False,1.2931
aspanformer,iris,MMU-Iris_impostor_173,24,6,1037,1037,1037,628,0.6056,True,0.5831,False,False,2.2582
deepdetect,iris,MMU-Iris_impostor_173,24,6,4270,4745,18,18,1.0000,True,1.0000,False,False,0.1593
loftr,iris,MMU-Iris_impostor_174,6,30,167,167,167,57,0.3413,False,0.3255,False,True,2.4489
orb,iris,MMU-Iris_impostor_174,6,30,51,142,2,0,,False,,False,True,
sift,iris,MMU-Iris_impostor_174,6,30,16,32,0,0,,False,,False,True,
superglue,iris,MMU-Iris_impostor_174,6,30,95,90,26,14,0.5385,True,0.5256,False,False,1.8845
sgmnet,iris,MMU-Iris_impostor_174,6,30,245,256,21,6,0.2857,False,0.2703,False,True,0.4324
aspanformer,iris,MMU-Iris_impostor_174,6,30,1163,1163,1163,657,0.5649,True,0.5469,False,False,2.1470
deepdetect,iris,MMU-Iris_impostor_174,6,30,4343,4939,4,0,,False,,False,True,
loftr,iris,MMU-Iris_impostor_175,45,46,199,199,199,55,0.2764,False,0.2707,False,True,1.9191
orb,iris,MMU-Iris_impostor_175,45,46,66,118,6,0,,False,,False,True,
sift,iris,MMU-Iris_impostor_175,45,46,7,26,2,0,,False,,False,True,
superglue,iris,MMU-Iris_impostor_175,45,46,75,94,25,12,0.4800,True,0.4681,False,False,1.8108
sgmnet,iris,MMU-Iris_impostor_175,45,46,223,327,22,9,0.4091,False,0.3993,False,True,0.7553
aspanformer,iris,MMU-Iris_impostor_175,45,46,1154,1154,1154,754,0.6534,True,0.6257,False,False,2.3642
deepdetect,iris,MMU-Iris_impostor_175,45,46,3434,4885,3,0,,False,,False,True,
loftr,iris,MMU-Iris_impostor_176,7,35,230,230,230,88,0.3826,False,0.3774,False,True,1.7749
orb,iris,MMU-Iris_impostor_176,7,35,76,47,8,0,,False,,False,True,
sift,iris,MMU-Iris_impostor_176,7,35,21,13,2,0,,False,,False,True,
superglue,iris,MMU-Iris_impostor_176,7,35,90,70,4,4,1.0000,True,0.9165,False,False,0.0000
sgmnet,iris,MMU-Iris_impostor_176,7,35,219,255,59,19,0.3220,False,0.3217,False,True,1.3562
aspanformer,iris,MMU-Iris_impostor_176,7,35,1055,1055,1055,771,0.7308,True,0.7238,False,False,1.6930
deepdetect,iris,MMU-Iris_impostor_176,7,35,3892,4084,1,0,,False,,False,True,
loftr,iris,MMU-Iris_impostor_177,40,8,226,226,226,82,0.3628,False,0.3557,False,True,1.8960
orb,iris,MMU-Iris_impostor_177,40,8,57,25,0,0,,False,,False,True,
sift,iris,MMU-Iris_impostor_177,40,8,24,13,1,0,,False,,False,True,
superglue,iris,MMU-Iris_impostor_177,40,8,81,72,19,12,0.6316,True,0.6023,False,False,2.2601
sgmnet,iris,MMU-Iris_impostor_177,40,8,218,208,37,12,0.3243,False,0.3212,False,True,1.0777
aspanformer,iris,MMU-Iris_impostor_177,40,8,1326,1326,1326,799,0.6026,True,0.5792,False,False,2.2917
deepdetect,iris,MMU-Iris_impostor_177,40,8,4293,3882,3,0,,False,,False,True,
loftr,iris,MMU-Iris_impostor_178,16,8,293,293,293,142,0.4846,True,0.4747,False,False,1.9161
orb,iris,MMU-Iris_impostor_178,16,8,46,82,3,0,,False,,False,True,
sift,iris,MMU-Iris_impostor_178,16,8,18,11,2,0,,False,,False,True,
superglue,iris,MMU-Iris_impostor_178,16,8,72,70,4,0,,False,,False,True,
sgmnet,iris,MMU-Iris_impostor_178,16,8,169,221,23,0,,False,,False,True,
aspanformer,iris,MMU-Iris_impostor_178,16,8,1732,1732,1732,1532,0.8845,True,0.8512,False,False,2.2671
deepdetect,iris,MMU-Iris_impostor_178,16,8,4077,4140,5,5,1.0000,True,1.0000,False,False,0.8691
loftr,iris,MMU-Iris_impostor_179,20,35,90,90,90,33,0.3667,False,0.3541,False,True,2.1946
orb,iris,MMU-Iris_impostor_179,20,35,35,77,4,0,,False,,False,True,
sift,iris,MMU-Iris_impostor_179,20,35,9,11,2,0,,False,,False,True,
superglue,iris,MMU-Iris_impostor_179,20,35,61,85,0,0,,False,,False,True,
sgmnet,iris,MMU-Iris_impostor_179,20,35,178,274,20,6,0.3000,False,0.2839,False,True,0.2073
aspanformer,iris,MMU-Iris_impostor_179,20,35,449,449,449,261,0.5813,True,0.5646,False,False,2.0823
deepdetect,iris,MMU-Iris_impostor_179,20,35,3176,3607,0,0,,False,,False,True,
loftr,iris,MMU-Iris_impostor_180,14,44,153,153,153,64,0.4183,False,0.4127,False,True,1.7689
orb,iris,MMU-Iris_impostor_180,14,44,113,44,6,0,,False,,False,True,
sift,iris,MMU-Iris_impostor_180,14,44,39,17,2,0,,False,,False,True,
superglue,iris,MMU-Iris_impostor_180,14,44,108,97,46,24,0.5217,True,0.4998,False,False,2.3568
sgmnet,iris,MMU-Iris_impostor_180,14,44,343,253,18,6,0.3333,False,0.3154,False,True,0.6281
aspanformer,iris,MMU-Iris_impostor_180,14,44,1081,1081,1081,744,0.6883,True,0.6883,False,False,0.7300
deepdetect,iris,MMU-Iris_impostor_180,14,44,5516,4776,3,0,,False,,False,True,
loftr,iris,MMU-Iris_impostor_181,30,38,106,106,106,56,0.5283,True,0.5283,False,False,1.4182
orb,iris,MMU-Iris_impostor_181,30,38,145,95,8,0,,False,,False,True,
sift,iris,MMU-Iris_impostor_181,30,38,24,20,3,0,,False,,False,True,
superglue,iris,MMU-Iris_impostor_181,30,38,92,93,23,13,0.5652,True,0.5427,False,False,2.1731
sgmnet,iris,MMU-Iris_impostor_181,30,38,248,221,13,0,,False,,False,True,
aspanformer,iris,MMU-Iris_impostor_181,30,38,1388,1388,1388,1064,0.7666,True,0.7415,False,False,2.1646
deepdetect,iris,MMU-Iris_impostor_181,30,38,5278,4243,4,0,,False,,False,True,
loftr,iris,MMU-Iris_impostor_182,10,38,165,165,165,75,0.4545,False,0.4406,False,True,2.1215
orb,iris,MMU-Iris_impostor_182,10,38,119,54,3,0,,False,,False,True,
sift,iris,MMU-Iris_impostor_182,10,38,25,18,6,0,,False,,False,True,
superglue,iris,MMU-Iris_impostor_182,10,38,103,99,40,21,0.5250,True,0.5085,False,False,2.1295
sgmnet,iris,MMU-Iris_impostor_182,10,38,250,221,47,11,0.2340,False,0.2310,False,True,1.4615
aspanformer,iris,MMU-Iris_impostor_182,10,38,1548,1548,1548,988,0.6382,True,0.6343,False,False,1.6254
deepdetect,iris,MMU-Iris_impostor_182,10,38,5193,4338,3,0,,False,,False,True,
loftr,iris,MMU-Iris_impostor_183,27,37,219,219,219,89,0.4064,False,0.3853,False,True,2.5674
orb,iris,MMU-Iris_impostor_183,27,37,59,9,0,0,,False,,False,True,
sift,iris,MMU-Iris_impostor_183,27,37,15,4,4,0,,False,,False,True,
superglue,iris,MMU-Iris_impostor_183,27,37,84,73,13,0,,False,,False,True,
sgmnet,iris,MMU-Iris_impostor_183,27,37,229,270,22,0,,False,,False,True,
aspanformer,iris,MMU-Iris_impostor_183,27,37,1249,1249,1249,928,0.7430,True,0.7208,False,False,2.1071
deepdetect,iris,MMU-Iris_impostor_183,27,37,3518,4286,0,0,,False,,False,True,
loftr,iris,MMU-Iris_impostor_184,46,18,181,181,181,61,0.3370,False,0.3170,False,True,2.7240
orb,iris,MMU-Iris_impostor_184,46,18,77,75,6,0,,False,,False,True,
sift,iris,MMU-Iris_impostor_184,46,18,25,19,2,0,,False,,False,True,
superglue,iris,MMU-Iris_impostor_184,46,18,86,94,47,22,0.4681,False,0.4486,False,True,2.3439
sgmnet,iris,MMU-Iris_impostor_184,46,18,282,270,49,11,0.2245,False,0.2215,False,True,1.5098
aspanformer,iris,MMU-Iris_impostor_184,46,18,1214,1214,1214,733,0.6038,True,0.5796,False,False,2.3162
deepdetect,iris,MMU-Iris_impostor_184,46,18,4141,3689,15,0,,False,,False,True,
loftr,iris,MMU-Iris_impostor_185,44,24,164,164,164,66,0.4024,False,0.3850,False,True,2.3848
orb,iris,MMU-Iris_impostor_185,44,24,161,52,12,0,,False,,False,True,
sift,iris,MMU-Iris_impostor_185,44,24,28,19,2,0,,False,,False,True,
superglue,iris,MMU-Iris_impostor_185,44,24,108,86,29,15,0.5172,True,0.4957,False,False,2.2789
sgmnet,iris,MMU-Iris_impostor_185,44,24,401,338,51,12,0.2353,False,0.2331,False,True,1.2945
aspanformer,iris,MMU-Iris_impostor_185,44,24,1347,1347,1347,890,0.6607,True,0.6537,False,False,1.7136
deepdetect,iris,MMU-Iris_impostor_185,44,24,5910,4622,10,10,1.0000,True,1.0000,False,False,0.2503
loftr,iris,MMU-Iris_impostor_186,21,44,144,144,144,49,0.3403,False,0.3302,False,True,2.1026
orb,iris,MMU-Iris_impostor_186,21,44,108,38,7,0,,False,,False,True,
sift,iris,MMU-Iris_impostor_186,21,44,27,22,0,0,,False,,False,True,
superglue,iris,MMU-Iris_impostor_186,21,44,103,92,15,11,0.7333,True,0.6985,False,False,2.2105
sgmnet,iris,MMU-Iris_impostor_186,21,44,247,285,40,15,0.3750,False,0.3737,False,True,1.3111
aspanformer,iris,MMU-Iris_impostor_186,21,44,512,512,512,276,0.5391,True,0.5202,False,False,2.2137
deepdetect,iris,MMU-Iris_impostor_186,21,44,4361,5845,8,8,1.0000,True,1.0000,False,False,0.2164
loftr,iris,MMU-Iris_impostor_187,33,2,129,129,129,49,0.3798,False,0.3670,False,True,2.1853
orb,iris,MMU-Iris_impostor_187,33,2,97,123,5,0,,False,,False,True,
sift,iris,MMU-Iris_impostor_187,33,2,18,39,0,0,,False,,False,True,
superglue,iris,MMU-Iris_impostor_187,33,2,91,107,15,11,0.7333,True,0.7106,False,False,1.8695
sgmnet,iris,MMU-Iris_impostor_187,33,2,207,256,39,12,0.3077,False,0.3048,False,True,1.1418
aspanformer,iris,MMU-Iris_impostor_187,33,2,1097,1097,1097,675,0.6153,True,0.5977,False,False,2.0795
deepdetect,iris,MMU-Iris_impostor_187,33,2,4937,6185,14,11,0.7857,True,0.7857,False,False,0.8386
loftr,iris,MMU-Iris_impostor_188,43,12,87,87,87,29,0.3333,False,0.3183,False,True,2.4199
orb,iris,MMU-Iris_impostor_188,43,12,95,41,5,0,,False,,False,True,
sift,iris,MMU-Iris_impostor_188,43,12,16,12,0,0,,False,,False,True,
superglue,iris,MMU-Iris_impostor_188,43,12,69,86,3,0,,False,,False,True,
sgmnet,iris,MMU-Iris_impostor_188,43,12,174,252,49,13,0.2653,False,0.2635,False,True,1.3140
aspanformer,iris,MMU-Iris_impostor_188,43,12,165,165,165,83,0.5030,True,0.4960,False,False,1.7806
deepdetect,iris,MMU-Iris_impostor_188,43,12,3082,3963,0,0,,False,,False,True,
loftr,iris,MMU-Iris_impostor_189,33,37,168,168,168,67,0.3988,False,0.3874,False,True,2.0800
orb,iris,MMU-Iris_impostor_189,33,37,151,24,3,0,,False,,False,True,
sift,iris,MMU-Iris_impostor_189,33,37,28,11,2,0,,False,,False,True,
superglue,iris,MMU-Iris_impostor_189,33,37,95,82,29,12,0.4138,False,0.4030,False,True,1.8362
sgmnet,iris,MMU-Iris_impostor_189,33,37,206,292,38,10,0.2632,False,0.2585,False,True,1.1698
aspanformer,iris,MMU-Iris_impostor_189,33,37,805,805,805,547,0.6795,True,0.6795,False,False,1.3035
deepdetect,iris,MMU-Iris_impostor_189,33,37,4349,4466,1,0,,False,,False,True,
loftr,iris,MMU-Iris_impostor_190,14,18,209,209,209,63,0.3014,False,0.2901,False,True,2.2697
orb,iris,MMU-Iris_impostor_190,14,18,114,81,11,0,,False,,False,True,
sift,iris,MMU-Iris_impostor_190,14,18,29,28,0,0,,False,,False,True,
superglue,iris,MMU-Iris_impostor_190,14,18,110,86,1,0,,False,,False,True,
sgmnet,iris,MMU-Iris_impostor_190,14,18,407,286,38,11,0.2895,False,0.2857,False,True,1.2304
aspanformer,iris,MMU-Iris_impostor_190,14,18,719,719,719,421,0.5855,True,0.5821,False,False,1.6170
deepdetect,iris,MMU-Iris_impostor_190,14,18,5052,3844,30,25,0.8333,True,0.8333,False,False,0.0978
loftr,iris,MMU-Iris_impostor_191,31,42,133,133,133,43,0.3233,False,0.3127,False,True,2.1695
orb,iris,MMU-Iris_impostor_191,31,42,27,80,0,0,,False,,False,True,
sift,iris,MMU-Iris_impostor_191,31,42,9,15,1,0,,False,,False,True,
superglue,iris,MMU-Iris_impostor_191,31,42,78,93,21,13,0.6190,True,0.6102,False,False,1.6509
sgmnet,iris,MMU-Iris_impostor_191,31,42,258,264,34,10,0.2941,False,0.2889,False,True,1.0658
aspanformer,iris,MMU-Iris_impostor_191,31,42,404,404,404,248,0.6139,True,0.6049,False,False,1.7938
deepdetect,iris,MMU-Iris_impostor_191,31,42,3622,4373,1,0,,False,,False,True,
loftr,iris,MMU-Iris_impostor_192,3,35,209,209,209,73,0.3493,False,0.3347,False,True,2.3503
orb,iris,MMU-Iris_impostor_192,3,35,56,77,9,0,,False,,False,True,
sift,iris,MMU-Iris_impostor_192,3,35,21,11,6,0,,False,,False,True,
superglue,iris,MMU-Iris_impostor_192,3,35,84,85,44,20,0.4545,False,0.4421,False,True,2.0402
sgmnet,iris,MMU-Iris_impostor_192,3,35,282,274,39,10,0.2564,False,0.2519,False,True,0.8025
aspanformer,iris,MMU-Iris_impostor_192,3,35,1394,1394,1394,924,0.6628,True,0.6472,False,False,1.9770
deepdetect,iris,MMU-Iris_impostor_192,3,35,3645,3607,0,0,,False,,False,True,
loftr,iris,MMU-Iris_impostor_193,9,8,105,105,105,35,0.3333,False,0.3308,False,True,1.6541
orb,iris,MMU-Iris_impostor_193,9,8,137,36,6,0,,False,,False,True,
sift,iris,MMU-Iris_impostor_193,9,8,30,9,4,0,,False,,False,True,
superglue,iris,MMU-Iris_impostor_193,9,8,84,66,21,10,0.4762,True,0.4678,False,False,1.2751
sgmnet,iris,MMU-Iris_impostor_193,9,8,285,200,12,0,,False,,False,True,
aspanformer,iris,MMU-Iris_impostor_193,9,8,769,769,769,491,0.6385,True,0.6139,False,False,2.2844
deepdetect,iris,MMU-Iris_impostor_193,9,8,4915,3901,5,5,1.0000,True,1.0000,False,False,0.0108
loftr,iris,MMU-Iris_impostor_194,23,14,231,231,231,94,0.4069,False,0.3874,False,True,2.4816
orb,iris,MMU-Iris_impostor_194,23,14,76,107,1,0,,False,,False,True,
sift,iris,MMU-Iris_impostor_194,23,14,30,25,2,0,,False,,False,True,
superglue,iris,MMU-Iris_impostor_194,23,14,81,108,48,21,0.4375,False,0.4221,False,True,2.2066
sgmnet,iris,MMU-Iris_impostor_194,23,14,225,393,37,11,0.2973,False,0.2934,False,True,1.1013
aspanformer,iris,MMU-Iris_impostor_194,23,14,1284,1284,1284,679,0.5288,True,0.5073,False,False,2.3297
deepdetect,iris,MMU-Iris_impostor_194,23,14,4437,4563,11,10,0.9091,True,0.9091,False,False,0.6575
loftr,iris,MMU-Iris_impostor_195,19,29,133,133,133,44,0.3308,False,0.3123,False,True,2.6503
orb,iris,MMU-Iris_impostor_195,19,29,147,75,6,0,,False,,False,True,
sift,iris,MMU-Iris_impostor_195,19,29,30,21,0,0,,False,,False,True,
superglue,iris,MMU-Iris_impostor_195,19,29,96,90,0,0,,False,,False,True,
sgmnet,iris,MMU-Iris_impostor_195,19,29,180,308,23,8,0.3478,False,0.3368,False,True,1.0000
aspanformer,iris,MMU-Iris_impostor_195,19,29,1200,1200,1200,810,0.6750,True,0.6539,False,False,2.1354
deepdetect,iris,MMU-Iris_impostor_195,19,29,3940,3864,5,0,,False,,False,True,
loftr,iris,MMU-Iris_impostor_196,10,32,135,135,135,56,0.4148,False,0.4065,False,True,1.9067
orb,iris,MMU-Iris_impostor_196,10,32,132,107,4,0,,False,,False,True,
sift,iris,MMU-Iris_impostor_196,10,32,19,28,1,0,,False,,False,True,
superglue,iris,MMU-Iris_impostor_196,10,32,94,81,17,12,0.7059,True,0.6854,False,False,1.8974
sgmnet,iris,MMU-Iris_impostor_196,10,32,289,231,20,7,0.3500,False,0.3354,False,True,0.8880
aspanformer,iris,MMU-Iris_impostor_196,10,32,375,375,375,137,0.3653,False,0.3456,False,True,2.6113
deepdetect,iris,MMU-Iris_impostor_196,10,32,5422,4249,13,13,1.0000,True,1.0000,False,False,0.6766
loftr,iris,MMU-Iris_impostor_197,41,39,163,163,163,72,0.4417,False,0.4305,False,True,2.0164
orb,iris,MMU-Iris_impostor_197,41,39,90,172,7,0,,False,,False,True,
sift,iris,MMU-Iris_impostor_197,41,39,24,30,1,0,,False,,False,True,
superglue,iris,MMU-Iris_impostor_197,41,39,87,104,46,24,0.5217,True,0.5104,False,False,1.9361
sgmnet,iris,MMU-Iris_impostor_197,41,39,295,246,28,9,0.3214,False,0.3138,False,True,0.7384
aspanformer,iris,MMU-Iris_impostor_197,41,39,1117,1117,1117,671,0.6007,True,0.5725,False,False,2.4635
deepdetect,iris,MMU-Iris_impostor_197,41,39,4347,4792,2,0,,False,,False,True,
loftr,iris,MMU-Iris_impostor_198,5,8,105,105,105,44,0.4190,False,0.4022,False,True,2.3216
orb,iris,MMU-Iris_impostor_198,5,8,39,69,2,0,,False,,False,True,
sift,iris,MMU-Iris_impostor_198,5,8,10,11,1,0,,False,,False,True,
superglue,iris,MMU-Iris_impostor_198,5,8,95,68,0,0,,False,,False,True,
sgmnet,iris,MMU-Iris_impostor_198,5,8,339,260,33,10,0.3030,False,0.2977,False,True,1.0794
aspanformer,iris,MMU-Iris_impostor_198,5,8,227,227,227,84,0.3700,False,0.3605,False,True,2.0218
deepdetect,iris,MMU-Iris_impostor_198,5,8,4596,3956,10,10,1.0000,True,1.0000,False,False,0.2149
loftr,iris,MMU-Iris_impostor_199,39,25,114,114,114,46,0.4035,False,0.3912,False,True,2.1184
orb,iris,MMU-Iris_impostor_199,39,25,89,63,4,0,,False,,False,True,
sift,iris,MMU-Iris_impostor_199,39,25,31,18,2,0,,False,,False,True,
superglue,iris,MMU-Iris_impostor_199,39,25,82,86,16,10,0.6250,True,0.6063,False,False,1.7504
sgmnet,iris,MMU-Iris_impostor_199,39,25,279,226,24,7,0.2917,False,0.2795,False,True,0.8624
aspanformer,iris,MMU-Iris_impostor_199,39,25,246,246,246,171,0.6951,True,0.6723,False,False,2.1681
deepdetect,iris,MMU-Iris_impostor_199,39,25,5036,4072,5,0,,False,,False,True,
loftr,iris,MMU-Iris_impostor_200,39,9,218,218,218,120,0.5505,True,0.5505,False,False,0.5179
orb,iris,MMU-Iris_impostor_200,39,9,112,137,6,0,,False,,False,True,
sift,iris,MMU-Iris_impostor_200,39,9,28,30,1,0,,False,,False,True,
superglue,iris,MMU-Iris_impostor_200,39,9,87,84,66,28,0.4242,False,0.3982,False,True,2.7673
sgmnet,iris,MMU-Iris_impostor_200,39,9,246,285,43,12,0.2791,False,0.2764,False,True,1.3507
aspanformer,iris,MMU-Iris_impostor_200,39,9,2027,2027,2027,1627,0.8027,True,0.8027,False,False,1.4893
deepdetect,iris,MMU-Iris_impostor_200,39,9,4966,4915,6,0,,False,,False,True,
loftr,iris,MMU-Iris_impostor_201,2,31,84,84,84,33,0.3929,False,0.3848,False,True,1.9140
orb,iris,MMU-Iris_impostor_201,2,31,206,15,5,0,,False,,False,True,
sift,iris,MMU-Iris_impostor_201,2,31,43,6,2,0,,False,,False,True,
superglue,iris,MMU-Iris_impostor_201,2,31,105,75,24,17,0.7083,True,0.6924,False,False,1.9164
sgmnet,iris,MMU-Iris_impostor_201,2,31,331,262,29,11,0.3793,False,0.3744,False,True,1.1425
aspanformer,iris,MMU-Iris_impostor_201,2,31,88,88,88,57,0.6477,True,0.6345,False,False,1.9130
deepdetect,iris,MMU-Iris_impostor_201,2,31,6114,3663,3,0,,False,,False,True,
loftr,iris,MMU-Iris_impostor_202,25,18,142,142,142,34,0.2394,False,0.2312,False,True,2.1957
orb,iris,MMU-Iris_impostor_202,25,18,45,35,3,0,,False,,False,True,
sift,iris,MMU-Iris_impostor_202,25,18,12,17,2,0,,False,,False,True,
superglue,iris,MMU-Iris_impostor_202,25,18,75,75,5,5,1.0000,True,0.9322,False,False,0.9090
sgmnet,iris,MMU-Iris_impostor_202,25,18,189,240,25,7,0.2800,False,0.2683,False,True,0.7781
aspanformer,iris,MMU-Iris_impostor_202,25,18,553,553,553,309,0.5588,True,0.5457,False,False,1.9723
deepdetect,iris,MMU-Iris_impostor_202,25,18,3983,3980,7,7,1.0000,True,1.0000,False,False,0.2694
loftr,iris,MMU-Iris_impostor_203,26,7,282,282,282,142,0.5035,True,0.5035,False,False,1.3639
orb,iris,MMU-Iris_impostor_203,26,7,37,65,2,0,,False,,False,True,
sift,iris,MMU-Iris_impostor_203,26,7,7,22,1,0,,False,,False,True,
superglue,iris,MMU-Iris_impostor_203,26,7,79,84,56,26,0.4643,False,0.4476,False,True,2.2288
sgmnet,iris,MMU-Iris_impostor_203,26,7,193,257,27,7,0.2593,False,0.2484,False,True,0.7230
aspanformer,iris,MMU-Iris_impostor_203,26,7,1331,1331,1331,839,0.6304,True,0.6304,False,False,1.0389
deepdetect,iris,MMU-Iris_impostor_203,26,7,3662,3975,6,6,1.0000,True,1.0000,False,False,0.3171
loftr,iris,MMU-Iris_impostor_204,8,36,210,210,210,57,0.2714,False,0.2543,False,True,2.8066
orb,iris,MMU-Iris_impostor_204,8,36,69,111,4,0,,False,,False,True,
sift,iris,MMU-Iris_impostor_204,8,36,11,17,0,0,,False,,False,True,
superglue,iris,MMU-Iris_impostor_204,8,36,68,88,16,10,0.6250,True,0.6102,False,False,1.6227
sgmnet,iris,MMU-Iris_impostor_204,8,36,260,219,8,0,,False,,False,True,
aspanformer,iris,MMU-Iris_impostor_204,8,36,892,892,892,598,0.6704,True,0.6542,False,False,1.9903
deepdetect,iris,MMU-Iris_impostor_204,8,36,3956,3801,0,0,,False,,False,True,
loftr,iris,MMU-Iris_impostor_205,3,27,223,223,223,104,0.4664,False,0.4468,False,True,2.3575
orb,iris,MMU-Iris_impostor_205,3,27,48,33,1,0,,False,,False,True,
sift,iris,MMU-Iris_impostor_205,3,27,12,15,2,0,,False,,False,True,
superglue,iris,MMU-Iris_impostor_205,3,27,72,84,44,26,0.5909,True,0.5707,False,False,2.1943
sgmnet,iris,MMU-Iris_impostor_205,3,27,196,268,30,9,0.3000,False,0.2928,False,True,0.8657
aspanformer,iris,MMU-Iris_impostor_205,3,27,1803,1803,1803,1108,0.6145,True,0.5904,False,False,2.2998
deepdetect,iris,MMU-Iris_impostor_205,3,27,3070,4001,3,0,,False,,False,True,
loftr,iris,MMU-Iris_impostor_206,46,12,140,140,140,42,0.3000,False,0.2852,False,True,2.5118
orb,iris,MMU-Iris_impostor_206,46,12,105,41,11,0,,False,,False,True,
sift,iris,MMU-Iris_impostor_206,46,12,16,12,2,0,,False,,False,True,
superglue,iris,MMU-Iris_impostor_206,46,12,89,86,42,21,0.5000,True,0.4838,False,False,2.1484
sgmnet,iris,MMU-Iris_impostor_206,46,12,249,252,47,13,0.2766,False,0.2747,False,True,0.7996
aspanformer,iris,MMU-Iris_impostor_206,46,12,1226,1226,1226,823,0.6713,True,0.6408,False,False,2.4296
deepdetect,iris,MMU-Iris_impostor_206,46,12,4586,3963,6,0,,False,,False,True,
loftr,iris,MMU-Iris_impostor_207,10,31,62,62,62,18,0.2903,False,0.2899,False,True,1.4088
orb,iris,MMU-Iris_impostor_207,10,31,125,21,11,0,,False,,False,True,
sift,iris,MMU-Iris_impostor_207,10,31,18,1,0,0,,False,,False,True,
superglue,iris,MMU-Iris_impostor_207,10,31,94,60,4,0,,False,,False,True,
sgmnet,iris,MMU-Iris_impostor_207,10,31,292,217,18,10,0.5556,True,0.5457,False,False,1.1474
aspanformer,iris,MMU-Iris_impostor_207,10,31,94,94,94,33,0.3511,False,0.3401,False,True,2.1324
deepdetect,iris,MMU-Iris_impostor_207,10,31,4956,2826,5,5,1.0000,True,1.0000,False,False,0.3189
loftr,iris,MMU-Iris_impostor_208,17,5,220,220,220,75,0.3409,False,0.3208,False,True,2.7171
orb,iris,MMU-Iris_impostor_208,17,5,82,186,4,0,,False,,False,True,
sift,iris,MMU-Iris_impostor_208,17,5,24,51,0,0,,False,,False,True,
superglue,iris,MMU-Iris_impostor_208,17,5,86,110,11,9,0.8182,True,0.7987,False,False,0.7756
sgmnet,iris,MMU-Iris_impostor_208,17,5,297,357,46,10,0.2174,False,0.2135,False,True,1.2208
aspanformer,iris,MMU-Iris_impostor_208,17,5,1212,1212,1212,853,0.7038,True,0.6881,False,False,1.9514
deepdetect,iris,MMU-Iris_impostor_208,17,5,4448,6143,4,0,,False,,False,True,
loftr,iris,MMU-Iris_impostor_209,2,21,105,105,105,47,0.4476,False,0.4273,False,True,2.4299
orb,iris,MMU-Iris_impostor_209,2,21,125,66,2,0,,False,,False,True,
sift,iris,MMU-Iris_impostor_209,2,21,18,14,2,0,,False,,False,True,
superglue,iris,MMU-Iris_impostor_209,2,21,98,73,0,0,,False,,False,True,
sgmnet,iris,MMU-Iris_impostor_209,2,21,427,192,18,7,0.3889,False,0.3727,False,True,0.9053
aspanformer,iris,MMU-Iris_impostor_209,2,21,164,164,164,76,0.4634,True,0.4431,False,False,2.3951
deepdetect,iris,MMU-Iris_impostor_209,2,21,4563,3762,2,0,,False,,False,True,
loftr,iris,MMU-Iris_impostor_210,21,22,120,120,120,32,0.2667,False,0.2568,False,True,2.2514
orb,iris,MMU-Iris_impostor_210,21,22,50,163,3,0,,False,,False,True,
sift,iris,MMU-Iris_impostor_210,21,22,27,28,1,0,,False,,False,True,
superglue,iris,MMU-Iris_impostor_210,21,22,82,82,0,0,,False,,False,True,
sgmnet,iris,MMU-Iris_impostor_210,21,22,237,341,15,6,0.4000,False,0.3785,False,True,0.7534
aspanformer,iris,MMU-Iris_impostor_210,21,22,670,670,670,440,0.6567,True,0.6321,False,False,2.2653
deepdetect,iris,MMU-Iris_impostor_210,21,22,4292,4573,1,0,,False,,False,True,
loftr,iris,MMU-Iris_impostor_211,35,1,146,146,146,49,0.3356,False,0.3356,False,True,1.4231
orb,iris,MMU-Iris_impostor_211,35,1,66,57,4,0,,False,,False,True,
sift,iris,MMU-Iris_impostor_211,35,1,14,10,0,0,,False,,False,True,
superglue,iris,MMU-Iris_impostor_211,35,1,86,82,30,17,0.5667,True,0.5415,False,False,2.3728
sgmnet,iris,MMU-Iris_impostor_211,35,1,279,329,44,8,0.1818,False,0.1760,False,True,1.0135
aspanformer,iris,MMU-Iris_impostor_211,35,1,1002,1002,1002,622,0.6208,True,0.5980,False,False,2.2454
deepdetect,iris,MMU-Iris_impostor_211,35,1,3594,4627,4,0,,False,,False,True,
loftr,iris,MMU-Iris_impostor_212,37,22,206,206,206,65,0.3155,False,0.3122,False,True,1.7130
orb,iris,MMU-Iris_impostor_212,37,22,14,163,1,0,,False,,False,True,
sift,iris,MMU-Iris_impostor_212,37,22,5,28,0,0,,False,,False,True,
superglue,iris,MMU-Iris_impostor_212,37,22,84,82,2,0,,False,,False,True,
sgmnet,iris,MMU-Iris_impostor_212,37,22,287,341,52,8,0.1538,False,0.1490,False,True,1.2477
aspanformer,iris,MMU-Iris_impostor_212,37,22,342,342,342,214,0.6257,True,0.6199,False,False,1.6869
deepdetect,iris,MMU-Iris_impostor_212,37,22,4763,4573,1,0,,False,,False,True,
loftr,iris,MMU-Iris_impostor_213,1,2,201,201,201,83,0.4129,False,0.3928,False,True,2.4999
orb,iris,MMU-Iris_impostor_213,1,2,37,206,0,0,,False,,False,True,
sift,iris,MMU-Iris_impostor_213,1,2,4,43,0,0,,False,,False,True,
superglue,iris,MMU-Iris_impostor_213,1,2,78,105,58,29,0.5000,True,0.4853,False,False,2.0975
sgmnet,iris,MMU-Iris_impostor_213,1,2,209,331,20,6,0.3000,False,0.2839,False,True,0.4397
aspanformer,iris,MMU-Iris_impostor_213,1,2,811,811,811,491,0.6054,True,0.5849,False,False,2.1915
deepdetect,iris,MMU-Iris_impostor_213,1,2,3776,6114,0,0,,False,,False,True,
loftr,iris,MMU-Iris_impostor_214,29,18,227,227,227,83,0.3656,False,0.3607,False,True,1.7719
orb,iris,MMU-Iris_impostor_214,29,18,77,33,2,0,,False,,False,True,
sift,iris,MMU-Iris_impostor_214,29,18,17,16,2,0,,False,,False,True,
superglue,iris,MMU-Iris_impostor_214,29,18,107,76,2,0,,False,,False,True,
sgmnet,iris,MMU-Iris_impostor_214,29,18,355,213,16,0,,False,,False,True,
aspanformer,iris,MMU-Iris_impostor_214,29,18,1243,1243,1243,771,0.6203,True,0.5976,False,False,2.2442
deepdetect,iris,MMU-Iris_impostor_214,29,18,4047,3958,21,21,1.0000,True,1.0000,False,False,0.2243
loftr,iris,MMU-Iris_impostor_215,8,6,107,107,107,33,0.3084,False,0.2900,False,True,2.7318
orb,iris,MMU-Iris_impostor_215,8,6,68,118,3,0,,False,,False,True,
sift,iris,MMU-Iris_impostor_215,8,6,18,28,3,0,,False,,False,True,
superglue,iris,MMU-Iris_impostor_215,8,6,89,74,0,0,,False,,False,True,
sgmnet,iris,MMU-Iris_impostor_215,8,6,333,170,19,8,0.4211,True,0.4077,False,False,1.4112
aspanformer,iris,MMU-Iris_impostor_215,8,6,783,783,783,436,0.5568,True,0.5391,False,False,2.1465
deepdetect,iris,MMU-Iris_impostor_215,8,6,4361,4412,1,0,,False,,False,True,
loftr,iris,MMU-Iris_impostor_216,24,43,57,57,57,29,0.5088,True,0.4985,False,False,1.9057
orb,iris,MMU-Iris_impostor_216,24,43,52,63,0,0,,False,,False,True,
sift,iris,MMU-Iris_impostor_216,24,43,19,15,9,0,,False,,False,True,
superglue,iris,MMU-Iris_impostor_216,24,43,86,63,2,0,,False,,False,True,
sgmnet,iris,MMU-Iris_impostor_216,24,43,338,156,15,9,0.6000,True,0.5857,False,False,0.7103
aspanformer,iris,MMU-Iris_impostor_216,24,43,441,441,441,203,0.4603,True,0.4380,False,False,2.4959
deepdetect,iris,MMU-Iris_impostor_216,24,43,4622,3557,23,20,0.8696,True,0.8696,False,False,1.0403
loftr,iris,MMU-Iris_impostor_217,34,1,139,139,139,58,0.4173,False,0.4153,False,True,1.5952
orb,iris,MMU-Iris_impostor_217,34,1,63,63,7,0,,False,,False,True,
sift,iris,MMU-Iris_impostor_217,34,1,8,21,1,0,,False,,False,True,
superglue,iris,MMU-Iris_impostor_217,34,1,80,98,25,11,0.4400,False,0.4310,False,True,1.6511
sgmnet,iris,MMU-Iris_impostor_217,34,1,206,369,29,0,,False,,False,True,
aspanformer,iris,MMU-Iris_impostor_217,34,1,1092,1092,1092,565,0.5174,True,0.4942,False,False,2.4177
deepdetect,iris,MMU-Iris_impostor_217,34,1,3545,5017,2,0,,False,,False,True,
loftr,iris,MMU-Iris_impostor_218,13,42,202,202,202,81,0.4010,False,0.3842,False,True,2.3556
orb,iris,MMU-Iris_impostor_218,13,42,132,64,5,0,,False,,False,True,
sift,iris,MMU-Iris_impostor_218,13,42,25,18,2,0,,False,,False,True,
superglue,iris,MMU-Iris_impostor_218,13,42,87,91,47,20,0.4255,False,0.4126,False,True,2.1038
sgmnet,iris,MMU-Iris_impostor_218,13,42,242,276,20,8,0.4000,False,0.3873,False,True,0.8497
aspanformer,iris,MMU-Iris_impostor_218,13,42,1255,1255,1255,739,0.5888,True,0.5825,False,False,1.7169
deepdetect,iris,MMU-Iris_impostor_218,13,42,4075,4607,10,8,0.8000,True,0.8000,False,False,0.5833
loftr,iris,MMU-Iris_impostor_219,44,33,84,84,84,23,0.2738,False,0.2702,False,True,1.7630
orb,iris,MMU-Iris_impostor_219,44,33,60,184,3,0,,False,,False,True,
sift,iris,MMU-Iris_impostor_219,44,33,15,40,0,0,,False,,False,True,
superglue,iris,MMU-Iris_impostor_219,44,33,91,115,5,0,,False,,False,True,
sgmnet,iris,MMU-Iris_impostor_219,44,33,248,263,20,8,0.4000,False,0.3873,False,True,1.1873
aspanformer,iris,MMU-Iris_impostor_219,44,33,304,304,304,138,0.4539,True,0.4435,False,False,1.9642
deepdetect,iris,MMU-Iris_impostor_219,44,33,4814,4730,11,11,1.0000,True,1.0000,False,False,0.5080
loftr,iris,MMU-Iris_impostor_220,29,46,203,203,203,74,0.3645,False,0.3505,False,True,2.2867
orb,iris,MMU-Iris_impostor_220,29,46,155,86,22,0,,False,,False,True,
sift,iris,MMU-Iris_impostor_220,29,46,24,30,3,0,,False,,False,True,
superglue,iris,MMU-Iris_impostor_220,29,46,102,97,2,0,,False,,False,True,
sgmnet,iris,MMU-Iris_impostor_220,29,46,301,295,47,12,0.2553,False,0.2526,False,True,1.5248
aspanformer,iris,MMU-Iris_impostor_220,29,46,1198,1198,1198,603,0.5033,True,0.4796,False,False,2.4674
deepdetect,iris,MMU-Iris_impostor_220,29,46,4162,4666,6,6,1.0000,True,1.0000,False,False,0.1761
loftr,iris,MMU-Iris_impostor_221,21,5,219,219,219,67,0.3059,False,0.2947,False,True,2.2495
orb,iris,MMU-Iris_impostor_221,21,5,122,225,2,0,,False,,False,True,
sift,iris,MMU-Iris_impostor_221,21,5,40,32,0,0,,False,,False,True,
superglue,iris,MMU-Iris_impostor_221,21,5,94,124,13,10,0.7692,True,0.7556,False,False,1.3697
sgmnet,iris,MMU-Iris_impostor_221,21,5,273,433,63,25,0.3968,False,0.3936,False,True,1.6588
aspanformer,iris,MMU-Iris_impostor_221,21,5,877,877,877,505,0.5758,True,0.5434,False,False,2.6593
deepdetect,iris,MMU-Iris_impostor_221,21,5,4443,5879,13,13,1.0000,True,1.0000,False,False,0.2464
loftr,iris,MMU-Iris_impostor_222,22,14,217,217,217,63,0.2903,False,0.2747,False,True,2.6027
orb,iris,MMU-Iris_impostor_222,22,14,147,113,5,0,,False,,False,True,
sift,iris,MMU-Iris_impostor_222,22,14,23,39,0,0,,False,,False,True,
superglue,iris,MMU-Iris_impostor_222,22,14,107,108,18,10,0.5556,True,0.5299,False,False,2.0900
sgmnet,iris,MMU-Iris_impostor_222,22,14,338,343,23,9,0.3913,False,0.3820,False,True,1.0172
aspanformer,iris,MMU-Iris_impostor_222,22,14,743,743,743,345,0.4643,True,0.4523,False,False,2.0245
deepdetect,iris,MMU-Iris_impostor_222,22,14,4763,5516,1,0,,False,,False,True,
loftr,iris,MMU-Iris_impostor_223,45,35,200,200,200,93,0.4650,True,0.4554,False,False,1.9153
orb,iris,MMU-Iris_impostor_223,45,35,129,66,20,9,0.4500,False,0.4393,False,True,1.1159
sift,iris,MMU-Iris_impostor_223,45,35,16,14,3,0,,False,,False,True,
superglue,iris,MMU-Iris_impostor_223,45,35,97,86,34,16,0.4706,False,0.4431,False,True,2.6511
sgmnet,iris,MMU-Iris_impostor_223,45,35,338,279,39,10,0.2564,False,0.2519,False,True,1.0681
aspanformer,iris,MMU-Iris_impostor_223,45,35,832,832,832,430,0.5168,True,0.4931,False,False,2.4413
deepdetect,iris,MMU-Iris_impostor_223,45,35,4328,3594,5,0,,False,,False,True,
loftr,iris,MMU-Iris_impostor_224,41,38,199,199,199,79,0.3970,False,0.3806,False,True,2.3439
orb,iris,MMU-Iris_impostor_224,41,38,132,69,2,0,,False,,False,True,
sift,iris,MMU-Iris_impostor_224,41,38,36,11,0,0,,False,,False,True,
superglue,iris,MMU-Iris_impostor_224,41,38,90,97,9,0,,False,,False,True,
sgmnet,iris,MMU-Iris_impostor_224,41,38,400,252,17,7,0.4118,False,0.3946,False,True,0.6415
aspanformer,iris,MMU-Iris_impostor_224,41,38,1222,1222,1222,916,0.7496,True,0.7374,False,False,1.8282
deepdetect,iris,MMU-Iris_impostor_224,41,38,4146,4532,5,0,,False,,False,True,
loftr,iris,MMU-Iris_impostor_225,16,32,359,359,359,169,0.4708,True,0.4555,False,False,2.1589
orb,iris,MMU-Iris_impostor_225,16,32,46,171,1,0,,False,,False,True,
sift,iris,MMU-Iris_impostor_225,16,32,18,41,1,0,,False,,False,True,
superglue,iris,MMU-Iris_impostor_225,16,32,72,83,53,22,0.4151,False,0.4002,False,True,2.2220
sgmnet,iris,MMU-Iris_impostor_225,16,32,169,227,14,6,0.4286,True,0.4055,False,False,0.5016
aspanformer,iris,MMU-Iris_impostor_225,16,32,1194,1194,1194,794,0.6650,True,0.6424,False,False,2.1915
deepdetect,iris,MMU-Iris_impostor_225,16,32,4077,4363,3,0,,False,,False,True,
loftr,iris,MMU-Iris_impostor_226,28,8,208,208,208,72,0.3462,False,0.3312,False,True,2.3815
orb,iris,MMU-Iris_impostor_226,28,8,128,36,9,0,,False,,False,True,
sift,iris,MMU-Iris_impostor_226,28,8,25,17,1,0,,False,,False,True,
superglue,iris,MMU-Iris_impostor_226,28,8,93,80,15,10,0.6667,True,0.6540,False,False,1.5284
sgmnet,iris,MMU-Iris_impostor_226,28,8,232,228,17,8,0.4706,True,0.4556,False,False,0.1893
aspanformer,iris,MMU-Iris_impostor_226,28,8,974,974,974,588,0.6037,True,0.5880,False,False,2.0284
deepdetect,iris,MMU-Iris_impostor_226,28,8,4326,4139,2,0,,False,,False,True,
loftr,iris,MMU-Iris_impostor_227,34,7,196,196,196,53,0.2704,False,0.2595,False,True,2.3246
orb,iris,MMU-Iris_impostor_227,34,7,29,76,0,0,,False,,False,True,
sift,iris,MMU-Iris_impostor_227,34,7,12,21,3,0,,False,,False,True,
superglue,iris,MMU-Iris_impostor_227,34,7,73,90,42,16,0.3810,False,0.3632,False,True,2.4045
sgmnet,iris,MMU-Iris_impostor_227,34,7,219,219,45,13,0.2889,False,0.2869,False,True,1.4446
aspanformer,iris,MMU-Iris_impostor_227,34,7,1527,1527,1527,1129,0.7394,True,0.7237,False,False,1.9287
deepdetect,iris,MMU-Iris_impostor_227,34,7,3919,3892,5,0,,False,,False,True,
loftr,iris,MMU-Iris_impostor_228,5,20,110,110,110,47,0.4273,False,0.4140,False,True,2.1327
orb,iris,MMU-Iris_impostor_228,5,20,193,58,6,0,,False,,False,True,
sift,iris,MMU-Iris_impostor_228,5,20,44,9,4,0,,False,,False,True,
superglue,iris,MMU-Iris_impostor_228,5,20,119,73,21,13,0.6190,True,0.6117,False,False,1.5990
sgmnet,iris,MMU-Iris_impostor_228,5,20,401,170,5,4,0.8000,True,0.7332,False,False,0.0000
aspanformer,iris,MMU-Iris_impostor_228,5,20,286,286,286,115,0.4021,False,0.3840,False,True,2.4214
deepdetect,iris,MMU-Iris_impostor_228,5,20,6711,3531,8,0,,False,,False,True,
loftr,iris,MMU-Iris_impostor_229,25,15,158,158,158,43,0.2722,False,0.2611,False,True,2.3296
orb,iris,MMU-Iris_impostor_229,25,15,86,103,2,0,,False,,False,True,
sift,iris,MMU-Iris_impostor_229,25,15,21,20,1,0,,False,,False,True,
superglue,iris,MMU-Iris_impostor_229,25,15,82,81,19,10,0.5263,True,0.4997,False,False,2.1813
sgmnet,iris,MMU-Iris_impostor_229,25,15,198,280,37,10,0.2703,False,0.2655,False,True,0.9574
aspanformer,iris,MMU-Iris_impostor_229,25,15,759,759,759,557,0.7339,True,0.6960,False,False,2.5586
deepdetect,iris,MMU-Iris_impostor_229,25,15,4482,4096,0,0,,False,,False,True,
loftr,iris,MMU-Iris_impostor_230,25,45,103,103,103,27,0.2621,False,0.2538,False,True,2.1441
orb,iris,MMU-Iris_impostor_230,25,45,43,137,0,0,,False,,False,True,
sift,iris,MMU-Iris_impostor_230,25,45,15,32,2,0,,False,,False,True,
superglue,iris,MMU-Iris_impostor_230,25,45,83,96,0,0,,False,,False,True,
sgmnet,iris,MMU-Iris_impostor_230,25,45,219,380,8,6,0.7500,True,0.7097,False,False,0.8165
aspanformer,iris,MMU-Iris_impostor_230,25,45,116,116,116,56,0.4828,True,0.4768,False,False,1.7495
deepdetect,iris,MMU-Iris_impostor_230,25,45,4080,3901,1,0,,False,,False,True,
loftr,iris,MMU-Iris_impostor_231,9,45,179,179,179,42,0.2346,False,0.2281,False,True,2.0659
orb,iris,MMU-Iris_impostor_231,9,45,115,127,4,0,,False,,False,True,
sift,iris,MMU-Iris_impostor_231,9,45,21,23,1,0,,False,,False,True,
superglue,iris,MMU-Iris_impostor_231,9,45,83,104,0,0,,False,,False,True,
sgmnet,iris,MMU-Iris_impostor_231,9,45,223,373,23,7,0.3043,False,0.2916,False,True,0.8111
aspanformer,iris,MMU-Iris_impostor_231,9,45,469,469,469,252,0.5373,True,0.5087,False,False,2.5929
deepdetect,iris,MMU-Iris_impostor_231,9,45,4471,4713,29,27,0.9310,True,0.9310,False,False,1.7369
loftr,iris,MMU-Iris_impostor_232,41,17,91,91,91,35,0.3846,False,0.3759,False,True,1.9570
orb,iris,MMU-Iris_impostor_232,41,17,196,70,6,4,0.6667,True,0.6110,False,False,0.0000
sift,iris,MMU-Iris_impostor_232,41,17,41,21,7,0,,False,,False,True,
superglue,iris,MMU-Iris_impostor_232,41,17,88,90,20,11,0.5500,True,0.5283,False,False,2.0433
sgmnet,iris,MMU-Iris_impostor_232,41,17,358,297,35,13,0.3714,False,0.3689,False,True,1.2774
aspanformer,iris,MMU-Iris_impostor_232,41,17,462,462,462,234,0.5065,True,0.4889,False,False,2.2080
deepdetect,iris,MMU-Iris_impostor_232,41,17,4389,3525,38,38,1.0000,True,1.0000,False,False,0.3994
loftr,iris,MMU-Iris_impostor_233,27,9,128,128,128,56,0.4375,False,0.4345,False,True,1.6380
orb,iris,MMU-Iris_impostor_233,27,9,27,137,3,0,,False,,False,True,
sift,iris,MMU-Iris_impostor_233,27,9,8,30,0,0,,False,,False,True,
superglue,iris,MMU-Iris_impostor_233,27,9,76,84,63,32,0.5079,True,0.4903,False,False,2.2082
sgmnet,iris,MMU-Iris_impostor_233,27,9,221,285,15,6,0.4000,False,0.3785,False,True,0.7460
aspanformer,iris,MMU-Iris_impostor_233,27,9,1219,1219,1219,801,0.6571,True,0.6419,False,False,1.9678
deepdetect,iris,MMU-Iris_impostor_233,27,9,3910,4915,3,0,,False,,False,True,
loftr,iris,MMU-Iris_impostor_234,37,21,279,279,279,127,0.4552,False,0.4483,False,True,1.8049
orb,iris,MMU-Iris_impostor_234,37,21,18,50,1,0,,False,,False,True,
sift,iris,MMU-Iris_impostor_234,37,21,6,27,1,0,,False,,False,True,
superglue,iris,MMU-Iris_impostor_234,37,21,86,82,56,20,0.3571,False,0.3386,False,True,2.5540
sgmnet,iris,MMU-Iris_impostor_234,37,21,241,237,36,12,0.3333,False,0.3302,False,True,1.2147
aspanformer,iris,MMU-Iris_impostor_234,37,21,2040,2040,2040,1790,0.8775,True,0.8738,False,False,1.5842
deepdetect,iris,MMU-Iris_impostor_234,37,21,4590,4292,13,0,,False,,False,True,
loftr,iris,MMU-Iris_impostor_235,20,40,177,177,177,57,0.3220,False,0.3103,False,True,2.2451
orb,iris,MMU-Iris_impostor_235,20,40,24,118,1,0,,False,,False,True,
sift,iris,MMU-Iris_impostor_235,20,40,1,34,0,0,,False,,False,True,
superglue,iris,MMU-Iris_impostor_235,20,40,78,91,46,21,0.4565,False,0.4324,False,True,2.5772
sgmnet,iris,MMU-Iris_impostor_235,20,40,185,268,15,9,0.6000,True,0.5857,False,False,0.8827
aspanformer,iris,MMU-Iris_impostor_235,20,40,860,860,860,572,0.6651,True,0.6241,False,False,2.7745
deepdetect,iris,MMU-Iris_impostor_235,20,40,3356,4971,1,0,,False,,False,True,
loftr,iris,MMU-Iris_impostor_236,1,7,237,237,237,85,0.3586,False,0.3521,False,True,1.8677
orb,iris,MMU-Iris_impostor_236,1,7,50,65,0,0,,False,,False,True,
sift,iris,MMU-Iris_impostor_236,1,7,16,16,3,0,,False,,False,True,
superglue,iris,MMU-Iris_impostor_236,1,7,92,79,52,19,0.3654,False,0.3562,False,True,1.9915
sgmnet,iris,MMU-Iris_impostor_236,1,7,356,240,26,9,0.3462,False,0.3379,False,True,1.2065
aspanformer,iris,MMU-Iris_impostor_236,1,7,1216,1216,1216,684,0.5625,True,0.5401,False,False,2.3113
deepdetect,iris,MMU-Iris_impostor_236,1,7,5054,3526,0,0,,False,,False,True,
loftr,iris,MMU-Iris_impostor_237,36,38,159,159,159,56,0.3522,False,0.3379,False,True,2.3314
orb,iris,MMU-Iris_impostor_237,36,38,111,54,4,0,,False,,False,True,
sift,iris,MMU-Iris_impostor_237,36,38,17,18,0,0,,False,,False,True,
superglue,iris,MMU-Iris_impostor_237,36,38,88,99,24,11,0.4583,True,0.4524,False,False,1.2622
sgmnet,iris,MMU-Iris_impostor_237,36,38,219,221,33,9,0.2727,False,0.2662,False,True,1.2337
aspanformer,iris,MMU-Iris_impostor_237,36,38,557,557,557,253,0.4542,True,0.4374,False,False,2.2541
deepdetect,iris,MMU-Iris_impostor_237,36,38,3801,4338,4,0,,False,,False,True,
loftr,iris,MMU-Iris_impostor_238,2,35,121,121,121,41,0.3388,False,0.3233,False,True,2.4386
orb,iris,MMU-Iris_impostor_238,2,35,118,47,7,0,,False,,False,True,
sift,iris,MMU-Iris_impostor_238,2,35,44,13,3,0,,False,,False,True,
superglue,iris,MMU-Iris_impostor_238,2,35,106,70,32,15,0.4688,True,0.4575,False,False,1.9159
sgmnet,iris,MMU-Iris_impostor_238,2,35,314,255,39,10,0.2564,False,0.2519,False,True,1.1754
aspanformer,iris,MMU-Iris_impostor_238,2,35,699,699,699,348,0.4979,True,0.4707,False,False,2.6198
deepdetect,iris,MMU-Iris_impostor_238,2,35,6433,4084,5,0,,False,,False,True,
loftr,iris,MMU-Iris_impostor_239,25,11,157,157,157,41,0.2611,False,0.2525,False,True,2.1756
orb,iris,MMU-Iris_impostor_239,25,11,83,96,6,0,,False,,False,True,
sift,iris,MMU-Iris_impostor_239,25,11,20,22,2,0,,False,,False,True,
superglue,iris,MMU-Iris_impostor_239,25,11,73,88,0,0,,False,,False,True,
sgmnet,iris,MMU-Iris_impostor_239,25,11,151,330,21,8,0.3810,False,0.3688,False,True,1.2345
aspanformer,iris,MMU-Iris_impostor_239,25,11,144,144,144,71,0.4931,True,0.4797,False,False,2.0500
deepdetect,iris,MMU-Iris_impostor_239,25,11,4712,4391,2,0,,False,,False,True,
loftr,iris,MMU-Iris_impostor_240,7,26,192,192,192,75,0.3906,False,0.3728,False,True,2.4331
orb,iris,MMU-Iris_impostor_240,7,26,65,38,3,0,,False,,False,True,
sift,iris,MMU-Iris_impostor_240,7,26,16,6,2,0,,False,,False,True,
superglue,iris,MMU-Iris_impostor_240,7,26,79,72,47,21,0.4468,False,0.4276,False,True,2.3689
sgmnet,iris,MMU-Iris_impostor_240,7,26,240,194,34,8,0.2353,False,0.2278,False,True,1.2112
aspanformer,iris,MMU-Iris_impostor_240,7,26,1363,1363,1363,1028,0.7542,True,0.7398,False,False,1.8866
deepdetect,iris,MMU-Iris_impostor_240,7,26,3526,4006,4,4,1.0000,True,1.0000,False,False,0.0000
loftr,iris,MMU-Iris_impostor_241,39,10,210,210,210,67,0.3190,False,0.3095,False,True,2.1067
orb,iris,MMU-Iris_impostor_241,39,10,102,132,5,0,,False,,False,True,
sift,iris,MMU-Iris_impostor_241,39,10,23,19,0,0,,False,,False,True,
superglue,iris,MMU-Iris_impostor_241,39,10,113,94,53,22,0.4151,False,0.3906,False,True,2.7103
sgmnet,iris,MMU-Iris_impostor_241,39,10,320,289,32,11,0.3438,False,0.3393,False,True,1.1431
aspanformer,iris,MMU-Iris_impostor_241,39,10,1728,1728,1728,1378,0.7975,True,0.7650,False,False,2.3310
deepdetect,iris,MMU-Iris_impostor_241,39,10,5122,5422,7,0,,False,,False,True,
loftr,iris,MMU-Iris_impostor_242,20,29,81,81,81,27,0.3333,False,0.3232,False,True,2.1133
orb,iris,MMU-Iris_impostor_242,20,29,22,103,1,0,,False,,False,True,
sift,iris,MMU-Iris_impostor_242,20,29,6,11,1,0,,False,,False,True,
superglue,iris,MMU-Iris_impostor_242,20,29,77,98,0,0,,False,,False,True,
sgmnet,iris,MMU-Iris_impostor_242,20,29,188,284,10,6,0.6000,True,0.5677,False,False,0.7175
aspanformer,iris,MMU-Iris_impostor_242,20,29,310,310,310,164,0.5290,True,0.5235,False,False,1.7102
deepdetect,iris,MMU-Iris_impostor_242,20,29,3739,4720,1,0,,False,,False,True,
loftr,iris,MMU-Iris_impostor_243,10,46,170,170,170,60,0.3529,False,0.3431,False,True,2.0676
orb,iris,MMU-Iris_impostor_243,10,46,109,77,5,0,,False,,False,True,
sift,iris,MMU-Iris_impostor_243,10,46,21,25,2,0,,False,,False,True,
superglue,iris,MMU-Iris_impostor_243,10,46,94,86,68,34,0.5000,True,0.4641,False,False,2.9914
sgmnet,iris,MMU-Iris_impostor_243,10,46,238,282,29,0,,False,,False,True,
aspanformer,iris,MMU-Iris_impostor_243,10,46,1401,1401,1401,989,0.7059,True,0.6857,False,False,2.0821
deepdetect,iris,MMU-Iris_impostor_243,10,46,5677,4141,14,14,1.0000,True,1.0000,False,False,2.4115
loftr,iris,MMU-Iris_impostor_244,12,32,219,219,219,76,0.3470,False,0.3293,False,True,2.5470
orb,iris,MMU-Iris_impostor_244,12,32,101,196,9,0,,False,,False,True,
sift,iris,MMU-Iris_impostor_244,12,32,33,64,9,0,,False,,False,True,
superglue,iris,MMU-Iris_impostor_244,12,32,116,97,1,0,,False,,False,True,
sgmnet,iris,MMU-Iris_impostor_244,12,32,375,230,9,5,0.5556,True,0.5179,False,False,0.6811
aspanformer,iris,MMU-Iris_impostor_244,12,32,1052,1052,1052,564,0.5361,True,0.5130,False,False,2.3823
deepdetect,iris,MMU-Iris_impostor_244,12,32,5218,4810,9,8,0.8889,True,0.8889,False,False,0.2286
loftr,iris,MMU-Iris_impostor_245,26,11,170,170,170,86,0.5059,True,0.4967,False,False,1.8645
orb,iris,MMU-Iris_impostor_245,26,11,58,70,7,4,0.5714,True,0.5237,False,False,0.0000
sift,iris,MMU-Iris_impostor_245,26,11,12,15,3,0,,False,,False,True,
superglue,iris,MMU-Iris_impostor_245,26,11,72,74,41,18,0.4390,False,0.4348,False,True,1.6654
sgmnet,iris,MMU-Iris_impostor_245,26,11,169,251,19,8,0.4211,True,0.4077,False,False,0.7670
aspanformer,iris,MMU-Iris_impostor_245,26,11,1470,1470,1470,959,0.6524,True,0.6298,False,False,2.2055
deepdetect,iris,MMU-Iris_impostor_245,26,11,3742,4169,3,0,,False,,False,True,
loftr,iris,MMU-Iris_impostor_246,26,13,144,144,144,66,0.4583,False,0.4388,False,True,2.3696
orb,iris,MMU-Iris_impostor_246,26,13,48,291,3,0,,False,,False,True,
sift,iris,MMU-Iris_impostor_246,26,13,8,36,0,0,,False,,False,True,
superglue,iris,MMU-Iris_impostor_246,26,13,66,95,40,18,0.4500,False,0.4362,False,True,2.0963
sgmnet,iris,MMU-Iris_impostor_246,26,13,177,210,22,8,0.3636,False,0.3521,False,True,1.2216
aspanformer,iris,MMU-Iris_impostor_246,26,13,1600,1600,1600,1257,0.7856,True,0.7856,False,False,1.4798
deepdetect,iris,MMU-Iris_impostor_246,26,13,3705,4496,9,0,,False,,False,True,
loftr,iris,MMU-Iris_impostor_247,15,40,228,228,228,85,0.3728,False,0.3552,False,True,2.4668
orb,iris,MMU-Iris_impostor_247,15,40,99,77,6,0,,False,,False,True,
sift,iris,MMU-Iris_impostor_247,15,40,23,16,1,0,,False,,False,True,
superglue,iris,MMU-Iris_impostor_247,15,40,101,78,34,16,0.4706,True,0.4526,False,False,2.2295
sgmnet,iris,MMU-Iris_impostor_247,15,40,361,158,19,8,0.4211,False,0.3996,False,True,1.8991
aspanformer,iris,MMU-Iris_impostor_247,15,40,923,923,923,533,0.5775,True,0.5497,False,False,2.4841
deepdetect,iris,MMU-Iris_impostor_247,15,40,4528,3544,0,0,,False,,False,True,
loftr,iris,MMU-Iris_impostor_248,45,16,170,170,170,64,0.3765,False,0.3526,False,True,2.8096
orb,iris,MMU-Iris_impostor_248,45,16,231,46,12,0,,False,,False,True,
sift,iris,MMU-Iris_impostor_248,45,16,39,18,0,0,,False,,False,True,
superglue,iris,MMU-Iris_impostor_248,45,16,94,72,3,0,,False,,False,True,
sgmnet,iris,MMU-Iris_impostor_248,45,16,334,169,25,11,0.4400,True,0.4343,False,False,1.4706
aspanformer,iris,MMU-Iris_impostor_248,45,16,639,639,639,350,0.5477,True,0.5241,False,False,2.3812
deepdetect,iris,MMU-Iris_impostor_248,45,16,4552,4077,6,0,,False,,False,True,
loftr,iris,MMU-Iris_impostor_249,32,37,276,276,276,89,0.3225,False,0.3066,False,True,2.5101
orb,iris,MMU-Iris_impostor_249,32,37,180,11,0,0,,False,,False,True,
sift,iris,MMU-Iris_impostor_249,32,37,28,4,0,0,,False,,False,True,
superglue,iris,MMU-Iris_impostor_249,32,37,87,75,55,22,0.4000,False,0.3780,False,True,2.6217
sgmnet,iris,MMU-Iris_impostor_249,32,37,259,254,34,11,0.3235,False,0.3193,False,True,1.2129
aspanformer,iris,MMU-Iris_impostor_249,32,37,1034,1034,1034,654,0.6325,True,0.6118,False,False,2.1657
deepdetect,iris,MMU-Iris_impostor_249,32,37,4662,4565,2,0,,False,,False,True,
